arrival_frame,arrival_seconds,target_frame,service_start_seconds,queue_wait_ms,lookahead_wait_ms,decode_resize_ms,encoder_ms,phase_head_ms,feature_cast_ms,projection_search_ms,score_alarm_ms,service_ms,emitted_seconds,target_latency_ms,phase,feature_raw,time_raw,score,inference_valid,alarm,label,shared_metric_valid
0,0.0,,1.9817000065813772e-05,0.019817000065813772,0,2.2899109999343636,0.27698899975803215,0.0,0.0,0.0,0.0,2.5685020000310033,0.002588319000096817,,,,,,0,0,,0
1,0.03333333333333333,,0.033398577999832924,0.06524466649959065,0,3.1291219997910957,0.28855099981228705,0.0,0.0,0.0,0.0,3.420136999920942,0.036818714999753865,,,,,,0,0,,0
2,0.06666666666666667,,0.06673900599980698,0.0723393331403116,0,3.2789679999041255,0.31725500002721674,0.0,0.0,0.0,0.0,3.5994499999105756,0.07033845599971755,,,,,,0,0,,0
3,0.1,,0.10006876399984321,0.06876399984320769,0,2.4614979997750197,0.32445899978483794,0.0,0.0,0.0,0.0,2.7896239998881356,0.10285838799973135,,,,,,0,0,,0
4,0.13333333333333333,,0.13339917299981607,0.06583966648274209,0,2.864526999928785,0.33716300004016375,0.0,0.0,0.0,0.0,3.205337000053987,0.13660450999987006,,,,,,0,0,,0
5,0.16666666666666666,,0.16673873899981118,0.07207233314451833,0,3.012839999882999,0.32195499989029486,0.0,0.0,0.0,0.0,3.338892000101623,0.1700776309999128,,,,,,0,0,,0
6,0.2,,0.2000719829998161,0.07198299981608924,0,2.8285079997658613,0.3092900001320231,0.0,0.0,0.0,0.0,3.141045000120357,0.20321302799993646,,,,,,0,0,,0
7,0.23333333333333334,,0.2333988949999366,0.06556166660326435,0,2.87306299969714,0.3266329999860318,0.0,0.0,0.0,0.0,3.20326400014892,0.23660215900008552,,,,,,0,0,,0
8,0.26666666666666666,,0.26673263099974065,0.06596433307398675,0,2.7692449998539814,0.328616999922815,0.0,0.0,0.0,0.0,3.100998000263644,0.2698336290000043,,,,,,0,0,,0
9,0.3,,0.30006522399980895,0.06522399980896099,0,2.601163999770506,0.28528399980132235,0.0,0.0,0.0,0.0,2.8897050001432945,0.30295492899995224,,,,,,0,0,,0
10,0.3333333333333333,,0.3333960840000145,0.06275066668121054,0,2.598199000203749,0.2783509999062517,0.0,0.0,0.0,0.0,2.879294999729609,0.33627537899974413,,,,,,0,0,,0
11,0.36666666666666664,,0.3667350689997875,0.06840233312083166,0,2.801285999794345,0.3027779998774349,0.0,0.0,0.0,0.0,3.1075709998731327,0.3698426399996606,,,,,,0,0,,0
12,0.4,,0.40006446600000345,0.06446600000342695,0,2.800996000132727,0.31270699992091977,0.0,0.0,0.0,0.0,3.1171689997790963,0.40318163499978255,,,,,,0,0,,0
13,0.43333333333333335,,0.43340042599993467,0.06709266660132052,0,3.066240999942238,0.3159530001539679,0.0,0.0,0.0,0.0,3.3859519999168697,0.43678637799985154,,,,,,0,0,,0
14,0.4666666666666667,,0.46673801799988723,0.07135133322055953,0,2.6045210001939267,0.3107830002591072,0.0,0.0,0.0,0.0,2.9187609998189146,0.46965677899970615,,,,,,0,0,,0
15,0.5,15,0.5000661330000185,0.06613300001845346,0,2.757993000159331,47.30960699998832,0.6048739996913355,0.1681310000094527,1.2596339997799078,0.04379300025902921,52.155756000047404,0.5522218890000659,52.22188900006586,0.8259460413590738,0.49020397663116455,nan,nan,0,0,0,0
16,0.5333333333333333,16,0.5522274599998127,18.894126666479384,0,2.3949309997988166,47.73694300001807,0.5020479998165683,0.17359200001010322,0.9378600002492021,0.03981600002589403,51.79745199984609,0.6040249119996588,70.69157866632547,0.8254794008801167,0.4851827323436737,nan,nan,0,0,0,0
17,0.5666666666666667,17,0.6040306529998816,37.36398633321492,0,2.021597999828373,50.27432500037321,0.5130389999976614,0.18448199989506975,0.9648109999034205,0.04207999973004917,54.012098999919544,0.6580427519998011,91.37608533313445,0.8247938313781137,0.470702201128006,nan,nan,0,0,0,0
18,0.6,18,0.6580481920000238,58.04819200002387,0,2.0092350000595616,51.21168400000897,0.5147930000930501,0.17281000009461422,0.9529789999760396,0.04019600009996793,54.912807999699,0.7129609999997228,112.96099999972287,0.8247144924597628,0.47765880823135376,nan,nan,0,0,0,0
19,0.6333333333333333,19,0.7129664599997341,79.63312666640077,0,2.016428999922937,51.53608399996301,0.5040220003138529,0.18310899986317963,1.0127929999725893,0.09029300008478458,55.35434100011116,0.7683208009998452,134.98746766651192,0.8248346248952353,0.49180537462234497,0.011221327446542285,0.41121351447293353,1,0,0,1
20,0.6666666666666666,20,0.768328334999751,101.66166833308432,0,2.126558999862027,51.01617099990108,0.7138319997466169,0.3006239999194804,1.295432000006258,0.0723580001249502,55.544754000038665,0.8238730889997896,157.206422333123,0.8250577442989037,0.4931241273880005,0.01072035392691429,0.215461959271863,1,0,0,1
21,0.7,21,0.8238804630000232,123.8804630000232,0,2.294840000104159,50.869271000010485,0.5840750000061234,0.16737999976612628,1.0674670002117637,0.07457199990312802,55.07166100005634,0.8789521240000795,178.95212400007955,0.8242987339760759,0.5105274319648743,0.011373950104438792,0.564952340523633,1,0,0,1
22,0.7333333333333333,22,0.8789581749997524,145.6248416664191,0,2.610803000152373,52.25484599986885,0.5990829999973357,0.1958039997589367,1.3226450000729528,0.07013399999777903,57.06744000008257,0.9360256149998349,202.69228166650166,0.8243050770091576,0.5301952362060547,0.011243832720847675,0.6092040298617465,1,0,0,1
23,0.7666666666666667,23,0.9360316459997193,169.36497933305262,0,2.4199780000344617,52.67700100012007,0.44975799983149045,0.1911350000227685,0.8842980000736134,0.06356099993354292,56.69553999996424,0.9927271859996836,226.06051933301686,0.8237227971809955,0.5318019986152649,0.011723758686358422,0.810854383643832,1,0,0,1
24,0.8,24,0.9927326669999275,192.7326669999274,0,2.192454000123689,50.75040400015496,0.4431760003171803,0.11940800004595076,0.8905800000320596,0.060555999880307354,54.46594399973037,1.0471986109996578,247.19861099965777,0.8231663538023168,0.5282768607139587,0.012002245136477137,0.9059319388861387,1,0,0,1
25,0.8333333333333334,25,1.047204463000071,213.8711296667376,0,2.1706620000259136,51.89086100017448,0.5640770000354678,0.18358000033913413,0.9882560002552054,0.06801000017730985,55.876606999845535,1.1030810699999165,269.74773666658314,0.8233362066869381,0.5231890678405762,0.011359544627709196,0.6214411072491821,1,0,0,1
26,0.8666666666666667,26,1.1030867810000018,236.4201143333351,0,2.2588010001527437,51.656752999861055,0.5182290001357615,0.18019300023297546,0.9635490000619029,0.06681799959551427,55.655655000009574,1.1587424360000114,292.0757693333447,0.822776710292271,0.5245099663734436,0.011678409200091867,0.7566650508400778,1,0,0,1
27,0.9,27,1.1587483969997265,258.74839699972654,0,2.184698999826651,51.07487300028879,0.530793000052654,0.1857849997577432,0.9823750001487497,0.07050500016703154,55.04022100012662,1.2137886179998532,313.78861799985316,0.8220867034590518,0.5243923664093018,0.011986324354089396,0.8803903348500174,1,0,0,1
28,0.9333333333333333,28,1.2137944189998962,280.4610856665628,0,2.10691099982796,52.22783299996081,0.5456610001601803,0.18373000011706608,0.9501439999439754,0.06655700008195709,56.092149000050995,1.2698865679999471,336.5532346666138,0.8213540925577195,0.5354678630828857,0.012309911824935717,1.0655204047664362,1,0,0,1
29,0.9666666666666667,29,1.2698920479997469,303.2253813330802,0,2.0593199997165357,51.59308200018131,0.510002999817516,0.1813860003494483,0.9615560002202983,0.06890199983899947,55.385520000072574,1.3252775679998194,358.61090133315275,0.8209368583254131,0.5598509907722473,0.012274080746092826,1.1710377723577752,1,0,0,1
30,1.0,30,1.3252831589998095,325.28315899980953,0,1.9792569996752718,51.17660799987789,0.47319300028902944,0.1509779999651073,0.9220000001732842,0.06494400031442638,54.77761000020109,1.3800607690000106,380.0607690000106,0.8208038348704249,0.5352126955986023,0.0118072671106998,0.8613493963899514,1,0,0,1
31,1.0333333333333334,31,1.3800668710000537,346.7335376667202,0,1.9409940000514325,52.19980099991517,0.41422000003876747,0.09339799998997478,0.8409749998463667,0.06249899979593465,55.56073399975503,1.4356276049998087,402.29427166647525,0.8203664918874006,0.5110354423522949,0.0117513912382625,0.7198233938744293,1,0,0,1
32,1.0666666666666667,32,1.4356327850000525,368.9661183333859,0,1.9228500000281201,54.21136899985868,0.42419999999765423,0.19436100001257728,0.8631969999441935,0.06130700012363377,57.6866019996487,1.4933193869997012,426.6527203330346,0.8196240965776714,0.5152738094329834,0.012063733655078908,0.8667703788395422,1,0,0,1
33,1.1,33,1.4933256790000087,393.32567900000856,0,1.9455930000731314,50.99025200024698,0.3692949999276607,0.06855100036773365,0.8027519997995114,0.05771999985881848,54.24223799991523,1.547567916999924,447.5679169999238,0.8185739426626392,0.5110335946083069,0.012681388575099158,1.0952500320650278,1,0,0,1
34,1.1333333333333333,34,1.5475732770000832,414.23994366674987,0,1.8838649998542678,52.96194499987905,0.41080399978454807,0.10660399993867031,0.8543510002709809,0.0629599999228958,56.28908499966201,1.6038623619997452,470.5290286664119,0.8185785944080388,0.508911669254303,0.012086007914006026,0.844456172801066,1,0,0,1
35,1.1666666666666667,35,1.6038673610000842,437.20069433341746,0,1.9555419999051082,51.847959000042465,0.5084809999971185,0.1942699996106967,0.9383609999531473,0.06498499988083495,55.51980599966555,1.6593871669997498,492.720500333083,0.8178015797392109,0.5120365023612976,0.012306712467237475,0.9489299917902139,1,0,0,1
36,1.2,36,1.659392366999782,459.39236699978215,0,1.9674849995681143,51.373473000239755,0.5377160000534786,0.17637699966144282,0.9897280001496256,0.07663600035812124,55.13277799991556,1.7145251449996977,514.5251449996977,0.8174882830609864,0.5047430396080017,0.011978781108414473,0.780656592412464,1,0,0,1
37,1.2333333333333334,37,1.7145307159998993,481.1973826665659,0,2.1792890001961496,52.32810500001506,0.529900999936217,0.17258900015804102,0.9715739997773198,0.07022399995548767,56.26285400012421,1.7707935700000235,537.4602366666901,0.8170354918882331,0.5017259120941162,0.011897618901996539,0.7330453770679446,1,0,0,1
38,1.2666666666666666,38,1.7707989209998232,504.13225433315654,0,2.12308199979816,52.77383600014218,0.6333090000225639,0.20296699995014933,1.3164429997232219,0.08009300017874921,57.142021999879944,1.8279409429997031,561.2742763330365,0.8165415267245946,0.49769869446754456,0.012006971372033555,0.7573737204630159,1,0,0,1
39,1.3,39,1.827948177000053,527.948177000053,0,13.09021200040661,50.33674500009511,0.7962599997881625,0.2845630001502286,1.7661799997767957,0.09527200018055737,66.38915999974415,1.8943373369997971,594.3373369997971,0.8161565426754067,0.5068838596343994,0.011882688500360346,0.7523987867477786,1,0,0,1
40,1.3333333333333333,40,1.8943461740000203,561.012840666687,0,12.67863600014607,49.19273199993768,0.5090820000077656,0.18352000006416347,1.0470679999343702,0.06014500013407087,63.683244999992894,1.9580294190000131,624.6960856666799,0.8157011570359748,0.5186594724655151,0.011926814873841236,0.8281567381447292,1,0,0,1
41,1.3666666666666667,41,1.958034779999707,591.3681133330404,0,2.147428000171203,50.27199100004509,0.485536999804026,0.1600450000296405,0.9431299999960174,0.0654450000183715,54.08387500028766,2.0121186549999948,645.451988333328,0.8152602720057891,0.5147851705551147,0.011920918397774018,0.8067120551381278,1,0,0,1
42,1.4,42,2.0121243359999426,612.1243359999427,0,2.4010130000533536,51.294983999923716,0.503741000102309,0.16629799984002602,1.0245250000480155,0.07102499967004405,55.47216600007232,2.067596502000015,667.596502000015,0.8155611320020587,0.5138682723045349,0.011176253430893408,0.5015823795135936,1,0,0,1
43,1.4333333333333333,43,2.067602523000005,634.2691896666717,0,2.306961999693158,51.54770599983749,0.6526359998133557,0.13556900012190454,0.9432000001652341,0.06608599960600259,55.661686999883386,2.1232642099998884,689.930876666555,0.815246916794952,0.5121057629585266,0.01124536995736617,0.5208116184985385,1,0,0,1
44,1.4666666666666666,44,2.1232700420000583,656.6033753333918,0,2.3670470000070054,51.61414299982425,0.5091620000712282,0.1642330003051029,0.9570960000928608,0.06535500006066286,55.68773599998167,2.17895777800004,712.2911113333735,0.8151087286673095,0.5138561129570007,0.011156151614894923,0.49340753447919494,1,0,0,1
45,1.5,45,2.1789633789999243,678.9633789999243,0,2.3662359999434557,51.30907000011575,0.5092920000606682,0.16601699962848215,1.2959830000909278,0.08711599957678118,55.74649899972428,2.2347098779996486,734.7098779996486,0.81467790572521,0.5020655393600464,0.011438867464828119,0.5495206970107179,1,0,0,1
46,1.5333333333333334,46,2.2347174229998927,701.3840896665592,0,2.260614000078931,53.304289000152494,0.4781719999300549,0.1864350001596904,0.9123310001086793,0.06404200030374341,57.21578300017427,2.291933206000067,758.5998726667335,0.8149827858041998,0.48878994584083557,0.010988395815693587,0.3023420259611968,1,0,0,1
47,1.5666666666666667,47,2.2919391769996764,725.2725103330098,0,2.154952000182675,50.900170000204525,0.5426359998637054,0.15800099981788662,0.9872239998003352,0.07068500008244882,54.825542000344285,2.3467647190000207,780.0980523333541,0.8146848983560955,0.4980831444263458,0.01114169671433319,0.4099580090945017,1,0,0,1
48,1.6,48,2.346770018999905,746.7700189999049,0,2.212373000020307,51.994599000408925,0.8850190001794545,0.29427100025714026,1.3604870000563096,0.06465299975388916,56.827332000011666,2.4035973509999167,803.5973509999166,0.8150383497349872,0.49085772037506104,0.010647740725727307,0.17499601395614828,1,0,0,1
49,1.6333333333333333,49,2.403603562999706,770.2702296663726,0,2.356426999995165,51.79279399999359,0.6826720000390196,0.19486100018184516,1.155656000264571,0.07926199987196014,56.27496800025256,2.4598785309999585,826.5451976666252,0.8150311072363896,0.47998592257499695,0.010637388491244355,0.11731993855340216,1,0,0,1
50,1.6666666666666667,50,2.459885073999885,793.2184073332185,0,2.307432999714365,51.57295399976647,0.6699089999528951,0.23394599975290475,1.3011430000915425,0.08052300017880043,56.181068000114465,2.5160661419999997,849.3994753333329,0.8148298554811915,0.4788160026073456,0.010926940624237387,0.22845399602703034,1,0,0,1
51,1.7,51,2.516072704999715,816.0727049997149,0,5.9488530000635365,50.86429199991471,0.6139219999568013,0.18195700022261008,1.0895989998971345,0.09262699995815638,58.80682900033207,2.574879534000047,874.879534000047,0.8148047234448181,0.48867958784103394,0.010913840079858635,0.27170117235066166,1,0,0,1
52,1.7333333333333334,52,2.5748867879997306,841.5534546663972,0,2.4278939999931026,52.26865199983877,0.5180590001145902,0.17074600009436836,0.9838780001700798,0.06728900007146876,56.448429000283795,2.6313352170000144,898.001883666681,0.8148378123315807,0.49196749925613403,0.010910707465276732,0.2866153967212022,1,0,0,1
53,1.7666666666666666,53,2.631341338999846,864.6746723331793,0,2.3000199998932658,51.444098000047234,0.7248729998536874,0.21651399993061204,1.0950299997602997,0.0778489998083387,55.871407999802614,2.6872127469996485,920.5460803329819,0.8142649338436418,0.4901832938194275,0.011433451602363955,0.4888652960623449,1,0,0,1
54,1.8,54,2.6872192789996916,887.2192789996916,0,2.451238000048761,54.85980699995707,0.5350310002540937,0.1890399998956127,1.2734600004478125,0.0711960001353873,59.39171600039117,2.7466109950000828,946.6109950000828,0.814090059121517,0.5116422176361084,0.011416782976301866,0.5877293106984078,1,0,0,1
55,1.8333333333333333,55,2.74661643599984,913.2831026665069,0,2.1864430000277935,52.56555899995874,0.6919809998180426,0.28641700009757187,1.068029000180104,0.08276800008388818,56.894820000252366,2.8035112560000925,970.1779226667593,0.8145730491850085,0.4928303360939026,0.010748843822891742,0.22551754108087274,1,0,0,1
56,1.8666666666666667,56,2.803517026999998,936.8503603333313,0,2.4463579998155183,53.12681000032171,0.6790359998376516,0.1785200001904741,1.0857020001822093,0.07318999996641651,57.60188099975494,2.861118907999753,994.4522413330862,0.8140638188268207,0.4873810410499573,0.011200155616127173,0.38089569549088886,1,0,0,1
57,1.9,57,2.8611249589998806,961.1249589998807,0,2.270894000048429,52.84832899997127,0.5705180001314147,0.2153209998141392,1.2365600000521226,0.09602399995856103,57.250820999797725,2.9183757799996783,1018.3757799996785,0.814038100713962,0.4717649221420288,0.011032375352795838,0.23632122362857666,1,0,0,1
58,1.9333333333333333,58,2.918382952999764,985.0496196664304,0,2.345576000152505,52.58554700003515,0.5202129996177973,0.3803159997914918,1.0105789997396641,0.0680099997225625,56.92162200011808,2.975304574999882,1041.9712416665486,0.8139637026597168,0.47456371784210205,0.011050065124621013,0.25723455664818345,1,0,0,1
59,1.9666666666666666,59,2.9753105059999143,1008.6438393332478,0,2.4868759996934386,52.286176000052365,0.5474340000546363,0.17472300032750354,0.9964919995582022,0.06780900002922863,56.56972099995983,3.031880226999874,1065.2135603332076,0.8137173778397686,0.47490936517715454,0.011264800829119216,0.34562322110498567,1,0,0,1
60,2.0,60,3.0318856469998536,1031.8856469998536,0,2.3344249998444866,51.67954799981089,0.5179889999453735,0.17071599995688302,0.9676770000623947,0.06568500020875945,55.74677000004158,3.087632416999895,1087.6324169998952,0.8140726639333133,0.48001039028167725,0.010695596899264505,0.1409388087398015,1,0,0,1
61,2.033333333333333,61,3.087638398999843,1054.3050656665098,0,2.434125000036147,51.71607700003733,0.4767099999298807,0.3896229995916656,0.9162289998130291,0.06436300009227125,56.00786800005153,3.1436462669998946,1110.3129336665613,0.8134316277198324,0.482361376285553,0.01133884438936867,0.4121834311921962,1,0,0,1
62,2.066666666666667,62,3.1436518169998635,1076.9851503331965,0,2.2013500001776265,52.46739100039122,0.4319039999245433,0.11154300000271178,0.8818730002531083,0.06270899984883727,56.165970000165544,3.199817787000029,1133.151120333362,0.8129337783897419,0.4767972528934479,0.01168507547092671,0.5245759396463981,1,0,0,1
63,2.1,63,3.1998229969999556,1099.8229969999556,0,2.168578999771853,52.04069699993852,0.47115999996094615,0.13580999984696973,1.1405469999772322,0.06381200000760145,56.030641999768704,3.2558536389997244,1155.8536389997244,0.8127020604122838,0.4783227741718292,0.011659312380891108,0.5216821387164687,1,0,0,1
64,2.1333333333333333,64,3.255859239000074,1122.5259056667408,0,2.1531289999074943,52.615423999668565,0.6609420001950639,0.20032200018249569,1.22773299972323,0.08184699981939048,56.95193099973039,3.3128111699998044,1179.4778366664711,0.8125659852537699,0.4690985679626465,0.01154155818253378,0.42875568939184455,1,0,0,1
65,2.1666666666666665,65,3.312817983000059,1146.1513163333925,0,2.7078980001533637,52.434538999932556,0.3960559997722157,0.07952199985084007,0.8404340001106902,0.06170699998619966,56.52939299989157,3.3693473759999506,1202.680709333284,0.8122420950323357,0.4698156416416168,0.011488778734082113,0.4109773731409808,1,0,1,1
66,2.2,66,3.36935206499993,1169.3520649999298,0,2.0416669999576698,52.642436000041926,0.47735099997225916,0.13185199986764928,0.9665140000834072,0.06895100023029954,56.33867000005921,3.425690734999989,1225.690734999989,0.8114336274297508,0.4716387689113617,0.011999863164792852,0.6262709267473708,1,0,1,1
67,2.2333333333333334,67,3.4256961549999687,1192.3628216666352,0,2.0362160003060126,52.56000800000038,0.4944239999531419,0.15038699984870618,0.9398940001119627,0.06424299999707728,56.255430999954115,3.481951585999923,1248.6182526665893,0.8111892273410571,0.4681030809879303,0.011869225513488714,0.5561350139200917,1,0,1,1
68,2.2666666666666666,68,3.4819565259999763,1215.2898593333098,0,2.4070629997368087,53.53256499984127,0.43291600013617426,0.1001910000013595,1.150375999714015,0.06255900007090531,57.69431699991401,3.5396508429998903,1272.9841763332238,0.8110712559726769,0.4702147841453552,0.011608988614062267,0.46146962259032076,1,0,1,1
69,2.3,69,3.53965577200006,1239.6557720000603,0,2.3004700001365563,54.44885300039459,0.4952049998792063,0.1513789998170978,0.9435710003344866,0.0642120003249147,58.41496199991525,3.5980707339999753,1298.0707339999756,0.810533162359411,0.4656536281108856,0.011773399907054984,0.5053976103438153,1,0,1,1
70,2.3333333333333335,70,3.598076053999648,1264.7427206663147,0,2.279769999859127,50.88488100000177,0.5001839999749791,0.13659099977303413,0.9826149998843903,0.06719800012433552,54.86150100023224,3.6529375549998804,1319.604221666547,0.810925762514026,0.461502343416214,0.010953566584208742,0.15400734236013042,1,0,1,1
71,2.3666666666666667,71,3.652949437999723,1286.2827713330564,0,2.3676280002291605,51.52520299998287,0.5467829996632645,0.18366000040259678,0.9918729997480114,0.07650600036868127,55.703327000173886,3.708652764999897,1341.9860983332303,0.8106430721321819,0.45253443717956543,0.011109290737121698,0.1727440469137173,1,0,1,1
72,2.4,72,3.7086595579999084,1308.6595579999084,0,2.438624000205891,52.62370999980703,0.3903649999301706,0.08718599974599783,0.8300539998344902,0.057749999996303814,56.437237999944045,3.7650967959998525,1365.0967959998525,0.8100079810648068,0.44675734639167786,0.011607843002278025,0.3455799801580126,1,0,1,1
73,2.433333333333333,73,3.765102165999906,1331.768832666573,0,2.233221999631496,51.08283900017341,0.37021599973741104,0.2769990001070255,0.955414000145538,0.06596599996555597,54.99279100013155,3.8200949570000375,1386.7616236667045,0.8098880674164681,0.460833340883255,0.011461937923649114,0.3559425941832603,1,0,1,1
74,2.466666666666667,74,3.8201006979998056,1353.4340313331388,0,2.325788999769429,52.146970000194415,0.48870299997361144,0.16555599995626835,0.9278709999307466,0.06452300021919655,56.1299420000978,3.8762306399999034,1409.5639733332366,0.8100361024195514,0.4566497504711151,0.011152629184830155,0.21048983124677895,1,0,1,1
75,2.5,75,3.876236320999851,1376.2363209998512,0,2.2085750001679116,52.954361000047356,0.5234189998191141,0.17113700005211285,0.9758829996826535,0.07327000002987916,56.91947800005437,3.9331557989999055,1433.1557989999055,0.8102187460721179,0.4469926953315735,0.010747570508645006,-0.0005500624755602479,1,0,1,1
76,2.533333333333333,76,3.933162651999737,1399.8293186664039,0,2.4245569998129213,52.694714999688586,0.6144529997982318,0.17737899997882778,0.9514759999547096,0.06736900013493141,56.942482000067685,3.990105133999805,1456.7718006664716,0.8099551619063287,0.4487609267234802,0.010905073159418195,0.07173399480114788,1,0,1,1
77,2.566666666666667,77,3.9901117770000383,1423.4451103333713,0,2.318404000106966,51.22528099991541,0.49064599988923874,0.1503769999544602,0.9354950002489204,0.06231899988051737,55.19463599966912,4.045306412999707,1478.6397463330404,0.8095182695705183,0.4316104054450989,0.011328760705609016,0.1583820664309413,1,0,1,1
78,2.6,78,4.045312485000068,1445.3124850000677,0,2.1909910001340904,51.99042100002771,0.4241589999764983,0.09819699971558293,0.8726050000404939,0.06703799999741022,55.6526299997131,4.100965114999781,1500.9651149997808,0.8097162425117969,0.43463483452796936,0.011038338302843016,0.05602217985033339,1,0,1,1
79,2.6333333333333333,79,4.1009710559997075,1467.6377226663742,0,2.102561999890895,52.87211499990008,0.49687899991113227,0.21087200002511963,0.9293240000260994,0.06404199984899606,56.687075000354525,4.157658131000062,1524.3247976667287,0.8099500237184227,0.43389615416526794,0.010724592119278516,-0.07427056858256201,1,0,1,1
80,2.6666666666666665,80,4.157663500999661,1490.9968343329942,0,1.9662219997371722,51.81239100011226,0.49505500010127435,0.1654949996918731,0.9419779999007005,0.06571599988092203,55.45856000026106,4.213122060999922,1546.4553943332553,0.8096599892242851,0.4386882483959198,0.010947446024992404,0.03927503679419507,1,0,1,1
81,2.7,81,4.213134464999712,1513.1344649997116,0,2.0169800000076066,53.10444799988545,0.5162550000932242,0.17657699982009945,0.970271999904071,0.07090500002959743,56.867509000312566,4.270001974000024,1570.0019740000241,0.8103554607430614,0.43412742018699646,0.010178181335705146,-0.2937161452893134,1,0,1,1
82,2.7333333333333334,82,4.270008326999687,1536.6749936663532,0,2.150955000161048,51.82144899981722,0.506447000134358,0.19437099990682327,1.0166399997615372,0.06873099982840358,55.76946300016061,4.325777789999847,1592.4444566665138,0.810341435947808,0.4334757626056671,0.010401503924094287,-0.20676843922088753,1,0,1,1
83,2.7666666666666666,83,4.3257836009997845,1559.116934333118,0,2.0811019999200653,51.27782199997455,0.4986210001334257,0.1629309999771067,0.9379799998896488,0.06564499972228077,55.033950000051846,4.380817550999836,1614.1508843331699,0.8097851947282253,0.42955249547958374,0.01111404350267984,0.061575329287002795,1,0,1,1
84,2.8,84,4.38082285199971,1580.8228519997103,0,2.096410000376636,52.32522100004644,0.4996339998797339,0.1633020001463592,0.919173999591294,0.06334099998639431,56.07785200027138,4.4369007039999815,1636.9007039999817,0.80968599038845,0.4296394884586334,0.011172040594905765,0.08541656074836879,1,0,1,1
85,2.8333333333333335,85,4.436906213999919,1603.5728806665852,0,2.0886569996036997,51.403492000190454,0.700727000094048,0.7446310000887024,1.368411999919772,0.08834899972498533,56.40954599994075,4.493315759999859,1659.982426666526,0.8098230773968779,0.4370388686656952,0.011041453877519154,0.06910946946659843,1,0,1,1
86,2.8666666666666667,86,4.493323333999797,1626.6566673331301,0,3.7221440002213058,54.4658249996246,0.7014090001575823,0.1754750001055072,1.6271350000351958,0.11583100013012881,60.82354899990605,4.554146882999703,1687.4802163330362,0.8090922634512236,0.4433108866214752,0.011639171986627485,0.341268333185112,1,0,1,1
87,2.9,87,4.554156501999842,1654.1565019998416,0,7.886761999998271,50.974403000054735,0.37502599980143714,0.07845999971323181,0.8223390000239306,0.06329100006041699,60.2099980001185,4.61436649999996,1714.36649999996,0.8091552533567337,0.44902893900871277,0.01126388895697137,0.21790512370590331,1,0,1,1
88,2.933333333333333,88,4.614371719999781,1681.0383866664479,0,2.2061500003474066,52.959180000016204,0.4849649999414396,0.16596699970250484,1.0267289999319473,0.0662160000501899,56.9195690000015,4.671291288999782,1737.9579556664494,0.8096768641238352,0.4564802646636963,0.010584792846996906,-0.019577127172082112,1,0,1,1
89,2.966666666666667,89,4.671297299999878,1704.6306333332116,0,2.165682999930141,53.421051999976044,0.4910870002277079,0.1634820000617765,0.9286529998462356,0.06860099983896362,57.24891799991383,4.728546217999792,1761.8795513331254,0.8098307351653773,0.47329699993133545,0.01042864023930113,0.00013498626955990578,1,0,1,1
90,3.0,90,4.728552008999941,1728.5520089999409,0,2.32732099993882,52.11935799979983,0.5250120002529002,0.17459399987274082,1.4556580003954878,0.09711500024423003,56.713785999818356,4.785265794999759,1785.2657949997592,0.8088737713713333,0.4656921625137329,0.011387518475469961,0.34980863330259093,1,0,1,1
91,3.033333333333333,91,4.785287004999645,1751.9536716663122,0,2.3574489996462944,53.840192000279785,0.4961669997101126,0.18309000006411225,0.970242000221333,0.0659960001030413,57.92412600021635,4.843211130999862,1809.8777976665285,0.8087148086040759,0.4517856538295746,0.011491858222754843,0.32350027237975726,1,0,1,1
92,3.066666666666667,92,4.843216630999905,1776.5499643332378,0,2.1579679996648338,52.85978099982458,0.5015669999011152,0.1639130000512523,0.9284920001846331,0.05907300010221661,56.68044300000474,4.8998970739999095,1833.2304073332425,0.8085049262660857,0.43820756673812866,0.011591629372580521,0.2969636555016998,1,0,1,1
93,3.1,93,4.899903336000079,1799.9033360000794,0,2.220547999968403,52.79711100001805,0.5942539996794949,0.10002099998018821,0.9312780002801446,0.05797000039819977,56.71019900000829,4.956613535000088,1856.6135350000877,0.808285733576041,0.4439077079296112,0.011517837598187815,0.2952229702473868,1,0,1,1
94,3.1333333333333333,94,4.956618584999887,1823.2852516665541,0,2.0406739999998535,52.809394000178145,0.4882819998783816,0.16694899977665045,0.9470869999859133,0.06667800016657566,56.52934299996559,5.013147927999853,1879.8145946665197,0.8081307153437544,0.43364712595939636,0.011286605433140452,0.1513862767377511,1,0,1,1
95,3.1666666666666665,95,5.013153638999938,1846.4869723332718,0,2.1953599998596474,53.68560699980662,0.49893200002770755,0.17281000009461422,0.937428999804979,0.06430300027204794,57.565642000099615,5.070719281000038,1904.0526143333714,0.8076543719555686,0.43778032064437866,0.01157718481443152,0.289030099936344,1,0,1,1
96,3.2,96,5.070724941999742,1870.7249419997422,0,2.1789980000903597,53.00935600007506,0.6582769997294236,0.2102909998029645,1.0357569999541738,0.06792999965909985,57.17307200029609,5.1278980140000385,1927.8980140000383,0.807284174226454,0.43728500604629517,0.011682273381419202,0.32901658274396317,1,0,1,1
97,3.2333333333333334,97,5.127903875999891,1894.5705426665577,0,2.1252050000839517,53.186204000212456,0.6485579997388413,0.21242599996185163,1.1268100001871062,0.09276700029658969,57.40594600001714,5.185309821999908,1951.9764886665748,0.8066116441599279,0.4339776039123535,0.012049615438037405,0.46103615935688363,1,0,1,1
98,3.2666666666666666,98,5.185318057999666,1918.6513913329995,0,2.521791999697598,54.09571900008814,0.5208739999034151,0.37910299988652696,1.0376710001764877,0.06779000023016124,58.633869999994204,5.24395192799966,1977.2852613329937,0.8064864886046027,0.4302974343299866,0.01175624863933434,0.3244962718434787,1,0,1,1
99,3.3,99,5.24395751899965,1943.9575189996506,0,2.1173610002733767,52.376940000158356,0.5197420000513375,0.19082500011791126,1.2851129999944533,0.08431100013694959,56.58622300006755,5.300543741999718,2000.5437419997181,0.806844408537235,0.42656826972961426,0.010987272021914081,-0.004286244483930501,1,0,1,1
100,3.3333333333333335,100,5.300549944000068,1967.2166106667341,0,2.5125249999291555,54.44444500017198,0.5605799997283611,0.2517709999665385,1.0453640002197062,0.07101599976522266,58.89802399997279,5.35944796800004,2026.114634666707,0.8065172874325309,0.42549625039100647,0.011111902272034825,0.04075133295879399,1,0,1,1
101,3.3666666666666667,101,5.359454450999692,1992.7877843330255,0,2.2311279999485123,52.65443999996933,0.5164049998711562,0.2071150001938804,1.0574080001788388,0.06755899994459469,56.74568700032978,5.416200138000022,2049.5334713333555,0.8062296541752754,0.4133446514606476,0.011207813830809606,0.019675946007269032,1,0,1,1
102,3.4,102,5.416205939000065,2016.205939000065,0,2.27340900028139,53.27773800036084,0.4940329999953974,0.18506299966247752,0.9582889997545863,0.059994999901391566,57.2678039998209,5.473473742999886,2073.473742999886,0.8055190678370818,0.4216374158859253,0.011822902672840009,0.3087907963494106,1,0,1,1
103,3.433333333333333,103,5.473479182999654,2040.1458496663208,0,2.1132229999238916,53.63420899993798,0.5095619999337941,0.16682800014677923,1.03186900014407,0.10511000027690898,57.573146000322595,5.5310523289999765,2097.7189956666434,0.8050681102928186,0.43377554416656494,0.012032005025223065,0.45293263844579396,1,0,1,1
104,3.466666666666667,104,5.531059602999903,2064.3929363332363,0,2.2739100004400825,52.30716599999141,0.5530849998649501,0.4099820002920751,1.020417000290763,0.06445300004997989,56.64300199987338,5.587702604999777,2121.0359383331097,0.8046753402821685,0.4400422275066376,0.01198070047476902,0.4630577316507814,1,0,1,1
105,3.5,105,5.587708134999957,2087.708134999957,0,2.443733999825781,51.076757999908295,0.5126689998178335,0.16490399957547197,0.9863020000011602,0.06689700012429967,55.261685000004945,5.642969819999962,2142.969819999962,0.8043929228773405,0.44712111353874207,0.011802631092006334,0.4260050447751339,1,0,1,1
106,3.533333333333333,106,5.642975650999688,2109.6423176663548,0,2.1136739997018594,54.07508999996935,0.5281369999465824,0.19117500005449983,0.9821840003496618,0.06670699985988904,57.967760000337876,5.700943411000026,2167.6100776666926,0.8043491526689922,0.44995030760765076,0.011387218475870965,0.27222647860657273,1,0,1,1
107,3.566666666666667,107,5.700948980999783,2134.282314333116,0,2.030034999734198,52.805097000145906,0.5373260000851587,0.20421999988684547,0.9725459999572195,0.06653699983871775,56.62794299996676,5.75757692399975,2190.910257333083,0.8040310016610184,0.4464079737663269,0.011412890691822393,0.2651594515890853,1,0,1,1
108,3.6,108,5.757582373999867,2157.582373999867,0,2.044612000190682,51.03994800037981,0.4637449997062504,0.1542439999866474,0.9002980000332172,0.05805000000691507,54.670095999881596,5.812252469999748,2212.2524699997484,0.8041104267550907,0.4397132396697998,0.011074188439800021,0.09548405913999912,1,0,1,1
109,3.6333333333333333,109,5.812259283000003,2178.9259496666696,0,1.9537189996299276,51.30244900010439,0.49014499973054626,0.17752900021150708,0.946916999964742,0.07105599979695398,54.95181399965077,5.867211096999654,2233.8777636663203,0.8039842719748533,0.4478762149810791,0.011059114838267943,0.12956651905774777,1,0,1,1
110,3.6666666666666665,110,5.867216818000088,2200.5501513334216,0,2.329966000161221,53.091383000264614,0.7801189999554481,0.3445870001996809,1.1533210004017747,0.06847099984952365,57.77978999958577,5.924996607999674,2258.3299413330074,0.8036839887855327,0.46524563431739807,0.011257235301966768,0.2950166696097765,1,0,1,1
111,3.7,111,5.925009121999665,2225.009121999665,0,2.3785799999131996,51.074994999908085,0.492600000143284,0.16822099996716133,0.9307870000156981,0.06460299982791184,55.122219000168116,5.980131340999833,2280.131340999833,0.8033242299084088,0.46131810545921326,0.011450703208225811,0.3537925743900501,1,0,1,1
112,3.7333333333333334,112,5.980136921999929,2246.8035886665953,0,1.904844999899069,52.79482800006008,0.4806980000466865,0.15362299973276095,0.913823999781016,0.0642830000288086,56.323150000025635,6.036460071999954,2303.126738666621,0.8033450025716314,0.44809046387672424,0.01125323760685077,0.20898726111224847,1,0,1,1
113,3.7666666666666666,113,6.036466363999807,2269.7996973331406,0,2.0846789998358872,51.91211300007126,0.4813289997400716,0.1963639997484279,0.9204369998769835,0.0671480001983582,55.67260999987411,6.092138973999681,2325.4723073330147,0.8031294371089654,0.4388948678970337,0.011277447023651944,0.1735116654805973,1,0,1,1
114,3.8,114,6.092144884999925,2292.144884999925,0,2.005987999837089,52.470949000053224,0.5549190000238013,0.18835899982150295,0.977244999830873,0.06826000026194379,56.27831499987224,6.148423199999797,2348.4231999997974,0.8027580641371725,0.43124815821647644,0.011435111278972877,0.19953280097747256,1,0,1,1
115,3.8333333333333335,115,6.148429361999661,2315.096028666327,0,4.616239999904792,52.95965100003741,0.6784150000385125,0.1749240000208374,1.0560559999248653,0.06942200025150669,59.56940600026428,6.207998767999925,2374.6654346665914,0.8020620447353127,0.4286218583583832,0.011899649518742651,0.37414154268231714,1,0,1,1
116,3.8666666666666667,116,6.208004658999926,2341.337992333259,0,2.2663960003228567,51.365729000281135,0.5015769997953612,0.16433400014648214,0.9426490000805643,0.06659700011368841,55.317511999874114,6.2633221709998,2396.655504333133,0.8022633462170817,0.4303661584854126,0.011382801743699635,0.17407561579179026,1,0,1,1
117,3.9,117,6.263327570999991,2363.3275709999907,0,2.223313000285998,51.01982999985921,0.4584749999594351,0.14196099982655142,1.4551069998560706,0.06911199989190209,55.37741599982837,6.318704986999819,2418.704986999819,0.8022836023790179,0.4386832118034363,0.01109213149312608,0.09765912412482057,1,0,1,1
118,3.933333333333333,118,6.318710537999777,2385.3772046664444,0,1.9472769999993034,51.78760400031024,0.4966479996255657,0.16682800014677923,0.9447430002182955,0.06696800028294092,55.422442000235606,6.374132980000013,2440.79964666668,0.8020534702268197,0.43497809767723083,0.011110804962837319,0.08696574082610764,1,0,1,1
119,3.966666666666667,119,6.374139101999845,2407.4724353331776,0,1.9464249999145977,52.0210509998833,0.5360430000109773,0.17474299966124818,0.9597119997124537,0.06408199988072738,55.71369800009052,6.429852799999935,2463.186133333268,0.8016261214759941,0.433582067489624,0.01136200523607473,0.18150470348456707,1,0,1,1
120,4.0,120,6.429858721000073,2429.8587210000733,0,1.9757310001295991,51.907353999922634,0.5588070002886525,0.1932489999489917,0.963387999945553,0.07590499990328681,55.68641599984403,6.485545136999917,2485.5451369999173,0.8018285584360764,0.4322563707828522,0.01105058746116281,0.04926338804093372,1,0,1,1
121,4.033333333333333,121,6.485557029999654,2452.2236966663213,0,2.110006999828329,51.75595399987287,0.49201899992112885,0.16770000001997687,0.9257560000150988,0.06379199976436212,55.52709100038555,6.54108412100004,2507.750787666707,0.8016827745246412,0.42903682589530945,0.011087674427346629,0.048392793880593185,1,0,1,1
122,4.066666666666666,122,6.5410896319999665,2474.4229653333,0,1.9270080001660972,52.162269999826094,0.514160999955493,0.17205800031661056,1.0762440001599316,0.07054499974401551,55.934760000127426,6.597024392000094,2530.3577253334274,0.8020375825472875,0.4277631938457489,0.010582659441106153,-0.16174664771996602,1,0,1,1
123,4.1,123,6.59703046300001,2497.0304630000105,0,2.3301070000343316,51.32965100028741,0.7085419997565623,0.18408100004307926,1.241489000221918,0.08797800001048017,55.89697799996429,6.652927440999974,2552.927440999975,0.8015670177532892,0.4253367781639099,0.011049252315221421,0.014675111949011665,1,0,1,1
124,4.133333333333334,124,6.652934875000028,2519.601541666694,0,2.2970239997448516,51.53655599997364,0.6604400000469468,0.2173650000258931,1.1874759998136142,0.05980500009172829,55.96987699982492,6.708904751999853,2575.571418666519,0.8013810779337802,0.4289659261703491,0.01122041620405418,0.10163117371345196,1,0,1,1
125,4.166666666666667,125,6.708910252999885,2542.2435863332184,0,1.9368359999134555,56.089935999807494,0.5549799998334493,0.36327299994809437,1.191314000152488,0.06729799997629016,60.216029999992315,6.769126282999878,2602.4596163332108,0.8014814170882376,0.43807581067085266,0.011008206924022747,0.06079031145385923,1,0,1,1
126,4.2,126,6.7691339680000056,2569.1339680000056,0,2.368380000007164,55.41355500008649,0.5015070000808919,0.18163599997933488,0.9741489998305042,0.06892200008223881,59.52089399988836,6.828654861999894,2628.654861999894,0.8008366249828758,0.4305582642555237,0.011602659670283684,0.2637765652408096,1,0,1,1
127,4.233333333333333,127,6.82866117399999,2595.3278406666564,0,2.0953690000169445,53.48122699979285,0.8115789996736567,0.21609199984595762,1.3351980001061747,0.09140499969362281,58.046699999977136,6.886707873999967,2653.3745406666335,0.8006306453054348,0.4312592148780823,0.011508399956621708,0.22917351618241352,1,0,1,1
128,4.266666666666667,128,6.886715267999989,2620.0486013333225,0,2.3127439999370836,54.677320000337204,1.2015329998575908,0.3691849997267127,1.0828169997694204,0.07654599994566524,59.74190599999929,6.946457173999988,2679.790507333322,0.8010759995695534,0.4243025779724121,0.010828952580539487,-0.07934789284662759,1,0,1,1
129,4.3,129,6.94646505899982,2646.46505899982,0,2.4787110000943358,55.819438999606064,0.5474449999383069,0.182999000116979,1.4944019999347802,0.06960300015634857,60.60597500027143,7.0070710340000915,2707.0710340000915,0.8009912635197257,0.42245715856552124,0.010837419039310521,-0.08501078871558734,1,0,1,1
130,4.333333333333333,130,7.00707713499969,2673.7438016663573,0,2.295470999797544,53.49390099991069,0.5067870001767005,0.16691800010448787,0.9309970000686008,0.06619599980695057,57.4769230001948,7.064554057999885,2731.220724666552,0.8003487818070159,0.4269293546676636,0.01135736235989241,0.14689434873843643,1,0,1,1
131,4.366666666666666,131,7.064565729999686,2697.8990633330195,0,2.0301240001572296,54.47776900018653,0.6172180001158267,0.18707699973674607,1.87975800008644,0.07825900001989794,59.284293000018806,7.123850022999704,2757.1833563330383,0.8004811085885406,0.4315289556980133,0.01110307478440268,0.06687288763928115,1,0,1,1
132,4.4,132,7.123856424999758,2723.8564249997576,0,2.4763159999565687,53.66387600042799,0.513400000272668,0.16977399991446873,1.0702419999688573,0.0897909999366675,57.99682499991832,7.181853249999676,2781.853249999676,0.8006211139059669,0.43409284949302673,0.010925685287752819,0.00787771651627878,1,0,1,1
133,4.433333333333334,133,7.181860583999878,2748.5272506665447,0,2.2640309998678276,54.611695000403415,0.5266650000521622,0.24259300016638008,0.9750819999680971,0.06554499987032614,58.69659100017088,7.240557175000049,2807.2238416667155,0.7997432941293233,0.4322575628757477,0.01168978364849977,0.30730987189800785,1,0,1,1
134,4.466666666666667,134,7.240562665999732,2773.8959993330654,0,2.185991000260401,54.473912000048585,0.49615700027061393,0.15763100009280606,0.9385409998685645,0.06578599959539133,58.32779699994717,7.29889046299968,2832.2237963330126,0.7993743407205239,0.4368514120578766,0.01174674470969856,0.3529097784764643,1,0,1,1
135,4.5,135,7.298896223999691,2798.896223999691,0,2.2267089998422307,54.39361899971118,0.6151340003270889,0.33439800017731613,1.1282529999334656,0.0698740000188991,58.780521000244335,7.357676744999935,2857.676744999935,0.799454707413779,0.4323401153087616,0.011422767744820518,0.1999229721665024,1,0,1,1
136,4.533333333333333,136,7.35768264599983,2824.349312666497,0,2.238041000055091,53.75830599996334,0.5157750001671957,0.17104599965023226,1.0548840000410564,0.07754799980830285,57.82800299994051,7.415510648999771,2882.1773156664376,0.7993500320632464,0.4325416088104248,0.011270842801662719,0.1395830481908602,1,0,1,1
137,4.566666666666666,137,7.415516601000036,2848.849934333369,0,2.337220000299567,54.414888999872346,0.5183489997762081,0.2040399999714282,0.9927340001922857,0.07129599998734193,58.54959999987841,7.474066200999914,2907.3995343332476,0.799202793901024,0.42936474084854126,0.011100310503204987,0.05510749392281784,1,0,1,1
138,4.6,138,7.474072141999841,2874.0721419998413,0,2.199576999828423,54.24793099973613,0.47193099999276455,0.14708100025018211,0.9210570001414453,0.0635010001133196,58.06151000024329,7.532133652000084,2932.1336520000846,0.7995728035621951,0.4293694496154785,0.010595175784959089,-0.14878994310902027,1,0,1,1
139,4.633333333333334,139,7.532138610999937,2898.8052776666027,0,2.185691999784467,53.956034000293585,0.4311529996812169,0.11057099982281215,1.6308629997183743,0.07197700006145169,58.396238000113954,7.590534849000051,2957.2015156667167,0.799135754069738,0.42571672797203064,0.011081840987833914,0.02970063355401284,1,0,1,1
140,4.666666666666667,140,7.590541190999829,2923.8745243331623,0,2.0152659999439493,53.79681999966124,0.40211699979408877,0.07789899973431602,0.8457640001324762,0.06059599991203868,57.2066370000357,7.647747827999865,2981.081161333198,0.7997451977517605,0.42883792519569397,0.010392658969801245,-0.23316054360966465,1,0,1,1
141,4.7,141,7.647752928000045,2947.7529280000454,0,1.9943160000366333,54.55921499969918,0.43976900042252964,0.11920800034204149,1.2055809997946199,0.0618079998275789,58.38878399981695,7.706141711999862,3006.1417119998623,0.800014227916607,0.4259333610534668,0.010222420227083175,-0.3161776636010143,1,0,1,1
142,4.733333333333333,142,7.706147382999916,2972.8140496665824,0,2.0366470002954884,54.453753999951005,0.44206299980942276,0.12328500042713131,0.887192999925901,0.06418300017685397,58.016772999962996,7.764164155999879,3030.8308226665454,0.8000340770581243,0.4246257245540619,0.01040542958946162,-0.2487321047134844,1,0,1,1
143,4.766666666666667,143,7.764169936999679,2997.503270333012,0,1.9949580000684364,55.482097000094655,0.46962599981270614,0.1463389999116771,1.44624999984444,0.06557500000781147,59.61593600022752,7.823785872999906,3057.1192063332396,0.7999040374159929,0.42127037048339844,0.01065078760557537,-0.16619289248038913,1,0,1,1
144,4.8,144,7.823791403000087,3023.7914030000866,0,2.2069220003686496,53.55715199993938,0.4497080003602605,0.13396600024861982,0.8963400000538968,0.06224900016604806,57.31671799958349,7.88110812099967,3081.10812099967,0.7997621351117727,0.4212128818035126,0.01098476074635927,-0.03165232675057075,1,0,1,1
145,4.833333333333333,145,7.881113440999798,3047.7801076664646,0,2.0034439999108145,54.49959099996704,0.5139200002304278,0.18275899992659106,1.1448149998614099,0.07950199960760074,58.43643400021392,7.9395498750000115,3106.2165416666785,0.7993872664617685,0.4290473461151123,0.011363863736366588,0.15994093917268215,1,0,1,1
146,4.866666666666666,146,7.939555325999663,3072.888659332997,0,2.1638500002154615,54.9238809999224,0.47870299977148534,0.15369400034614955,0.9182920002785977,0.06365099989125156,58.71298200008823,7.998268307999751,3131.6016413330854,0.7992904630056675,0.43628036975860596,0.011303926828757922,0.17133626564536908,1,0,1,1
147,4.9,147,7.998273617999985,3098.2736179999843,0,2.2830580001027556,54.15995299972565,0.45939699975861004,0.1416909999534255,1.5157620000536554,0.06408300032489933,58.63478299988856,8.056908400999873,3156.908400999873,0.7991757827957121,0.4315151274204254,0.011232703525599137,0.11913538091319999,1,0,1,1
148,4.933333333333334,148,8.056913701999747,3123.5803686664135,0,2.1849400000064634,53.978316000211635,0.4254820000824111,0.11247500015088008,0.8586789999753819,0.06008399986967561,57.638381000288064,8.114552083000035,3181.2187496667016,0.7993744343235479,0.43277454376220703,0.01085198834269311,-0.02836040326455634,1,0,1,1
149,4.966666666666667,149,8.114559255999666,3147.892589332999,0,2.016206999996939,54.51874800019141,0.4649880002034479,0.13734200001636054,1.1044480002055934,0.06398200002877275,58.31655600013619,8.172875811999802,3206.209145333135,0.7996039482263475,0.43349987268447876,0.010525549242837336,-0.15657326489578866,1,0,1,1
150,5.0,150,8.17288162299974,3172.881622999739,0,1.9924720004382834,54.49793800016778,0.43481000011524884,0.1255389997822931,0.8779160002632125,0.06258000030356925,58.00193599998238,8.230883558999722,3230.8835589997216,0.799501646315385,0.4363471269607544,0.010682021594944587,-0.07939557972896183,1,0,1,1
151,5.033333333333333,151,8.230895280999903,3197.5619476665697,0,1.920765999784635,54.194318000099884,0.4928410003230965,0.15859199993428774,0.9314680000898079,0.06388100018739351,57.77262799983873,8.288667908999741,3255.3345756664085,0.7995369836038027,0.43724703788757324,0.010699480133956309,-0.06791944881307735,1,0,1,1
152,5.066666666666666,152,8.288673409999774,3222.0067433331074,0,1.9697389998327708,54.31734300009339,0.44469900012700236,0.12328499997238396,0.8811819998300052,0.06966299997657188,57.81576000026689,8.34648917000004,3279.8225033333742,0.7993506690059765,0.4351907968521118,0.010976094933805088,0.033630539867991686,1,0,1,1
153,5.1,153,8.346494519999851,3246.4945199998515,0,1.8944160001410637,54.22855400001936,0.4296900001463655,0.11765399995056214,0.8774040002208494,0.061857999753556214,57.6195359999474,8.404114055999798,3304.114055999799,0.7992094489490472,0.42710426449775696,0.011111373661341524,0.04845050051516274,1,0,1,1
154,5.133333333333334,154,8.404119475999778,3270.786142666444,0,2.128302000073745,54.59219900012613,0.5016770001020632,0.18279899995832238,0.9134630004155042,0.06700800031467224,58.39577799997642,8.462515253999754,3329.1819206664204,0.7989456617005462,0.426683634519577,0.01127653609051752,0.11305603162964792,1,0,1,1
155,5.166666666666667,155,8.462520883999787,3295.85421733312,0,2.161595999950805,55.350314999941475,0.6439489998228964,0.19754699997065472,1.226459999998042,0.0649940002404037,59.657454999978654,8.522178338999765,3355.5116723330984,0.7990963572988259,0.43367546796798706,0.01098684433852807,0.03051353753177942,1,0,1,1
156,5.2,156,8.522184831999766,3322.184831999766,0,1.9497910002428398,54.87398499963092,0.5019380000703677,0.1679500001046108,0.9168200003841775,0.05893300021853065,58.48025800014511,8.580665089999911,3380.6650899999113,0.7992695506752463,0.43031877279281616,0.010703494385863467,-0.10039087182771705,1,0,1,1
157,5.233333333333333,157,8.580670229999669,3347.336896666335,0,1.9555819999368396,54.389350999827,0.4870500001743494,0.16787100003057276,0.9345240000584454,0.060476000271592056,58.00541200005682,8.638675641999725,3405.342308666392,0.7989960319044986,0.43133723735809326,0.010956733573928575,0.006852211338128907,1,0,1,1
158,5.266666666666667,158,8.638681773999906,3372.0151073332395,0,1.9082320000052277,54.76208200025212,0.4987419997632969,0.178671000412578,0.9481589995630202,0.06691699991279165,58.37336400009008,8.697055137999996,3430.3884713333296,0.800025141148607,0.42964887619018555,0.009874270068683057,-0.43844135319743244,1,0,1,1
159,5.3,159,8.697059977999743,3397.059977999743,0,1.9593089996305935,55.63949700035664,0.4753870002787153,0.14550800005963538,1.220769999690674,0.06456300025092787,59.51499299999341,8.756574970999736,3456.5749709997363,0.7991159895654472,0.43390873074531555,0.011053291513858123,0.05848578016338543,1,0,1,1
160,5.333333333333333,160,8.756580601999758,3423.247268666425,0,1.9451419998404162,55.346356999962154,0.4830220000258123,0.1498859996900137,0.9871030001704639,0.06377199997587013,58.984970999972575,8.81556557299973,3482.2322396663976,0.7999472375674171,0.43090367317199707,0.010226951578543454,-0.2898909307937621,1,0,1,1
161,5.366666666666666,161,8.815576864999912,3448.9101983332457,0,2.3348859999714477,55.89322100013305,0.7831249999981083,0.4653890000554384,0.9724960000312421,0.06322099989120034,60.52212499980669,8.876098989999718,3509.4323233330524,0.7998933274272596,0.43222811818122864,0.010450283441743709,-0.1932156598581353,1,0,1,1
162,5.4,162,8.876104650999878,3476.1046509998773,0,2.2212100002434454,54.90357300004689,0.6907179999871005,0.1806949999263452,1.4458989999184269,0.09523200014882605,59.549419000177295,8.935654070000055,3535.6540700000546,0.8000480873345639,0.43713393807411194,0.010519847415129659,-0.1409928981979705,1,0,1,1
163,5.433333333333334,163,8.935661784999866,3502.328451666532,0,2.246847999685997,56.4598930000102,0.5164560002413054,0.18868000006477814,1.0011400004259485,0.06819000009272713,60.49251900003583,8.996154303999901,3562.820970666568,0.8003217620898582,0.4301925301551819,0.010251909206324607,-0.2833149750180564,1,0,1,1
164,5.466666666666667,164,8.996159512999839,3529.4928463331717,0,2.4052899998423527,54.346047999842995,0.5206239998187812,0.18265800008521182,1.1538220001057198,0.08116500021060347,58.70263299993894,9.054862145999778,3588.1954793331106,0.8006985768643695,0.4329395890235901,0.010176537562916012,-0.30022469736043433,1,0,1,1
165,5.5,165,9.054868127999725,3554.8681279997254,0,2.4550850002924562,54.13227000008192,0.500244999784627,0.19384000006539281,0.9647010001572198,0.06526500010295422,58.321615000295424,9.11318974300002,3613.189743000021,0.8003046184431941,0.43765461444854736,0.010758330808329504,-0.04215613240483954,1,0,1,1
166,5.533333333333333,166,9.113195204000021,3579.8618706666884,0,2.024503999564331,54.48678699985976,0.4937430003337795,0.16267099999822676,0.9279910000259406,0.06461299972215784,58.17012599982263,9.171365329999844,3638.031996666511,0.800115059221244,0.44313010573387146,0.011050712784263207,0.10282043759518217,1,0,1,1
167,5.566666666666666,167,9.171370399999887,3604.7037333332205,0,2.151936999780446,55.38602299975537,0.44028000002072076,0.11749399982363684,0.9040960003403598,0.06349099976432626,59.072299000035855,9.230442698999923,3663.7760323332564,0.8004614206941485,0.4362849295139313,0.010721094283028788,-0.06392816715020876,1,0,1,1
168,5.6,168,9.230447707999701,3630.447707999702,0,1.954070000010688,55.50081299998055,0.45912700034023146,0.1328240000475489,1.2277139999241626,0.0649139997221937,59.348356000100466,9.289796063999802,3689.7960639998023,0.7999871901660109,0.4333091974258423,0.011230239462238924,0.12696874140887848,1,0,1,1
169,5.633333333333334,169,9.289801693999834,3656.4683606665003,0,1.997843000026478,54.743215999678796,0.48718900006861077,0.15913400011413614,0.9352349998152931,0.0667680001242843,58.40073699982895,9.348202430999663,3714.8690976663293,0.8001987354141684,0.43251630663871765,0.010840847539491806,-0.034128604336254274,1,0,1,1
170,5.666666666666667,170,9.348207670999727,3681.5410043330603,0,2.088196000386233,54.51107300041258,0.464726999780396,0.14055800011192332,1.610983999853488,0.0660759997117566,58.89194500014128,9.407099615999869,3740.4329493332016,0.8005625210809091,0.4333042800426483,0.010450591115494713,-0.18779597679177706,1,0,1,1
171,5.7,171,9.407111197999711,3707.1111979997113,0,2.029452999977366,54.83842800003913,0.5128390002937522,0.17035500013662386,0.9497830001237162,0.06682800039925496,58.57866600035777,9.465689864000069,3765.689864000069,0.8003234726391657,0.43208739161491394,0.010801505022154358,-0.05212156604572334,1,0,1,1
172,5.733333333333333,172,9.46569575600006,3732.3624226667257,0,2.3517380000157573,55.10905500023,0.7167580001805618,0.48338299984607147,0.9439420000489918,0.06662800024059834,59.68401599966455,9.525379771999724,3792.0464386663903,0.8005667127584145,0.4300684928894043,0.010523777889159848,-0.17417316491049198,1,0,1,1
173,5.766666666666667,173,9.525386523999714,3758.7198573330475,0,2.326580000044487,53.966204000062135,0.5221469996286032,0.1722090000839671,1.0541619999457907,0.09301699992647627,58.148125000116124,9.58353464899983,3816.8679823331636,0.8006189441566245,0.43355852365493774,0.010616427139050762,-0.1195976638671584,1,0,1,1
174,5.8,174,9.583542343999852,3783.542343999852,0,2.508135999960359,54.19998900015344,0.7719640002505912,0.2455989997542929,1.6862679999576358,0.10047100022347877,59.528750000026776,9.643071093999879,3843.071093999879,0.8005355574002777,0.4306381344795227,0.010804866081011562,-0.05789609060798302,1,0,1,1
175,5.833333333333333,175,9.64307855800007,3809.745224666737,0,28.579132999766443,51.13530099970376,0.8748399995965883,0.3317030000289378,1.0918839998339536,0.06841000003987574,82.09726199993383,9.725175820000004,3891.842486666671,0.8006132176366644,0.43061670660972595,0.01072046492446705,-0.09207389709401848,1,0,1,1
176,5.866666666666666,176,9.72518178099972,3858.515114333053,0,2.5169239997921977,49.84188200023709,0.6696080004076066,0.27592700007517124,1.577300999997533,0.0917349998417194,54.98751300001459,9.780169293999734,3913.5026273330677,0.8000937661851435,0.4334026277065277,0.0113123526253626,0.16057719799445458,1,0,1,1
177,5.9,177,9.780175675999999,3880.1756759999985,0,2.849628999683773,52.83050700018066,0.45184200007497566,0.12894599967694376,0.895678999768279,0.0648340001134784,57.232377999753226,9.837408053999752,3937.4080539997517,0.8000286950977997,0.43425530195236206,0.011259187069388617,0.14331026245570036,1,0,1,1
178,5.933333333333334,178,9.837413944999753,3904.0806116664194,0,2.4510279999958584,54.46877299982589,0.47686000016256,0.13865400023860275,0.916478999897663,0.06498399989141035,58.52706800033047,9.895941013000083,3962.60767966675,0.7999084632258571,0.43082520365715027,0.01123185667662508,0.11539859952320951,1,0,1,1
179,5.966666666666667,179,9.895946473000095,3929.2798063334276,0,2.3094580001270515,53.07825899990348,0.6767510003555799,0.20301799986555125,0.9686280000096303,0.06587500001842272,57.31166899977325,9.953258141999868,3986.591475333201,0.800687004727983,0.4355766475200653,0.010296541630893948,-0.23880340573621123,1,0,1,1
180,6.0,180,9.95326394299991,3953.263942999911,0,2.200329000061174,53.82206900003439,0.4538759999377362,0.2695339999263524,0.9181020000141871,0.06343099994410295,57.736198999919,10.01100014199983,4011.00014199983,0.8005577466199405,0.4318712055683136,0.010444246511766155,-0.19740900344146078,1,0,1,1
181,6.033333333333333,181,10.011006072999862,3977.672739666529,0,2.3464579999199486,54.54505799980325,0.4783630001838901,0.18198800034952,0.9008990000438644,0.06917200016687275,58.53133600021465,10.069537409000077,4036.204075666744,0.8009254591348497,0.43291833996772766,0.010192529105556215,-0.2938735440870361,1,0,1,1
182,6.066666666666666,182,10.069542578999972,4002.875912333305,0,2.102362000186986,55.24027499996009,0.5490670000654063,0.2569200000834826,1.0672970001905924,0.06982300010349718,59.297778999734874,10.128840357999707,4062.17369133304,0.8006876620360024,0.4317607581615448,0.01065451721366601,-0.11306714871136622,1,0,1,1
183,6.1,183,10.128846849999718,4028.8468499997184,0,2.1730270000261953,53.64456899997094,0.6206550001479627,0.2382339998803218,1.2134860003243375,0.06592599993382464,57.967840999936016,10.186814690999654,4086.8146909996544,0.8007886952658341,0.42935627698898315,0.010748283686370659,-0.08704579248571105,1,0,1,1
184,6.133333333333334,184,10.186820431999877,4053.487098666543,0,2.0945379997101554,54.438194000340445,0.4201820001981105,0.2766269999483484,0.8884849999049038,0.062137999975675484,58.18867300013153,10.245009105000008,4111.675771666674,0.8007095737620871,0.4307079315185547,0.01085282782458042,-0.03819070031005833,1,0,1,1
185,6.166666666666667,185,10.245015015999797,4078.3483493331305,0,2.1118499998920015,54.11962699963624,0.4823710000891879,0.14723100002811407,0.9270190003007883,0.06339099991237163,57.86144800003967,10.302876463999837,4136.20979733317,0.8005912726468594,0.4266091287136078,0.011009085725344765,0.0047209042707243645,1,0,1,1
186,6.2,186,10.302882144999785,4102.882144999785,0,2.135254999757308,54.97068100021352,0.45322500000111177,0.2716989997679775,0.8807610001895227,0.06164800015540095,58.783867999864015,10.361666012999649,4161.666012999649,0.8006414230893598,0.4296554625034332,0.010875388660846731,-0.03426188348378923,1,0,1,1
187,6.233333333333333,187,10.36167158399985,4128.3382506665175,0,2.2578590001103294,53.92491499969765,0.6492789998446824,0.20955999980287743,1.1153880000165373,0.06812999981775647,58.23706499995751,10.419908648999808,4186.575315666475,0.8007845996917695,0.42660972476005554,0.010720652321776387,-0.11171542688460297,1,0,1,1
188,6.266666666666667,188,10.41991439000003,4153.247723333364,0,2.158860000236018,54.602258000159054,0.4809179999938351,0.2674200000001292,0.9267680002267298,0.06306100021902239,58.50969499988423,10.478424084999915,4211.757418333248,0.8007676493763153,0.4331310987472534,0.010736578743714482,-0.07319623545305178,1,0,1,1
189,6.3,189,10.478429394999694,4178.429394999694,0,2.032069000051706,54.42723300029684,0.5094719999760855,0.16622700013613212,0.9740890000102809,0.06410300011339132,58.18313200006742,10.536612526999761,4236.612526999761,0.8002172378821941,0.43076300621032715,0.011301509141392697,0.1432109300277965,1,0,1,1
190,6.333333333333333,190,10.536617686999762,4203.284353666429,0,2.0053980001648597,55.257368000184215,0.5814800001644471,0.2154320000045118,1.044713999817759,0.0694130003466853,59.18529500013392,10.595802981999896,4262.4696486665625,0.800039075367792,0.4359935224056244,0.011386162964628556,0.203123131187851,1,0,1,1
191,6.366666666666666,191,10.595814984999834,4229.1483183331675,0,2.131236999957764,53.91003700015062,0.7679659997847921,0.19740700008696876,0.9549220003464143,0.065063999954873,58.03959800005032,10.653854582999884,4287.187916333218,0.8003772164209688,0.4380631148815155,0.010897434981059724,0.016009705432712722,1,0,1,1
192,6.4,192,10.653859742999884,4253.8597429998845,0,2.1241640001790074,54.26224899974841,0.48947400000542984,0.2632219998304208,0.9361460001855448,0.06499399978565634,58.14994799993656,10.712009690999821,4312.009690999821,0.8005326175671861,0.43188607692718506,0.01064018801714229,-0.11823512386794653,1,0,1,1
193,6.433333333333334,193,10.712014630999874,4278.681297666541,0,2.1027829998274683,54.24303199970382,0.4778819998136896,0.16218999962802627,0.9203969998452521,0.06418300017685397,57.98010399985287,10.769994734999727,4336.661401666393,0.7998306137287821,0.43600988388061523,0.011283433903264008,0.1617323824595062,1,0,1,1
194,6.466666666666667,194,10.770000115999665,4303.333449332998,0,1.988154000173381,55.82923900010428,0.5022589998588955,0.16870199988261447,0.9592209999027546,0.0753029999032151,59.534350000376435,10.829534466000041,4362.867799333374,0.8004553280001647,0.437387079000473,0.010562063593528327,-0.12270478520544476,1,0,1,1
195,6.5,195,10.829540086999714,4329.540086999714,0,2.0519069998954365,53.748378999898705,0.4696260002674535,0.25986600030591944,0.9223299998666334,0.06527400000777561,57.52663900011612,10.88706672599983,4387.06672599983,0.799913134241387,0.4362015426158905,0.011208320510399251,0.1323525409029033,1,0,1,1
196,6.533333333333333,196,10.887072236999757,4353.7389036664235,0,2.0461949998207274,55.074769999919226,0.5127979998178489,0.26792099970407435,0.9900290001496614,0.06674699989162036,58.968972000002395,10.946041208999759,4412.707875666426,0.7996017572370784,0.43350088596343994,0.011403676969812405,0.19792792399053977,1,0,1,1
197,6.566666666666666,197,10.94604647899996,4379.3798123332945,0,2.0515449996310053,54.74410899978466,0.43364800012568594,0.1218319998770312,0.8830649999254092,0.06323099978544633,58.3066979997966,11.004353176999757,4437.686510333091,0.7993046329225982,0.43172013759613037,0.011468086201765627,0.21516710053996227,1,0,1,1
198,6.6,198,11.0043586769998,4404.3586769998,0,2.1083239998915815,53.953469000134646,0.44723399969370803,0.27290099978927174,0.9046659997693496,0.06354100014505093,57.7596140001333,11.062118290999933,4462.118290999933,0.7993080943337498,0.43310701847076416,0.011333129589068076,0.16751015827503188,1,0,1,1
199,6.633333333333334,199,11.062123360999976,4428.790027666642,0,1.9981630002803286,54.3306289996508,0.5101240003568819,0.44176300025355886,0.9475289998590597,0.066836999849329,58.30619600010323,11.12042955700008,4487.096223666746,0.7996323784121895,0.43428754806518555,0.010722037094024701,-0.0733760862849123,1,0,1,1
200,6.666666666666667,200,11.120435108000038,4453.768441333371,0,2.058699000372144,56.167494999954215,0.7038539997665794,0.2093089997288189,1.017972999761696,0.06498399989141035,60.233054000036645,11.180668162000075,4514.001495333408,0.7997144598868906,0.44196221232414246,0.0105697666620242,-0.09708220336172514,1,0,1,1
201,6.7,201,11.180681757999992,4480.6817579999915,0,2.1068920000288927,54.15103599989379,0.5335480000212556,0.17327999967164942,1.0463069997967978,0.07378999998763902,58.096195999951306,11.238777953999943,4538.777953999943,0.7995577904728891,0.43424421548843384,0.010754611738478755,-0.06043907612517149,1,0,1,1
202,6.733333333333333,202,11.238783514999795,4505.450181666462,0,2.238962999854266,54.32832599990434,0.4901259999314789,0.18685699978959747,0.9228610001628113,0.05856200004927814,58.23510100026397,11.29701861600006,4563.685282666726,0.7995680206024215,0.4346580505371094,0.010807670996519088,-0.03698293218950021,1,0,1,1
203,6.766666666666667,203,11.297024167000018,4530.357500333351,0,2.0708619999822986,53.88003000007302,0.5266650000521622,0.25318300004073535,0.9552329997859488,0.0662160000501899,57.76272000002791,11.354786887000046,4588.120220333379,0.7991254063595432,0.428678959608078,0.011315266806565284,0.13850985595086496,1,0,1,1
204,6.8,204,11.354792778000046,4554.792778000046,0,2.2924459999558167,54.174011000213795,0.5690660000254866,0.20495099988693255,1.0242949997518735,0.07095499995557475,58.3481179996852,11.413140895999732,4613.140895999732,0.7992341025314693,0.43221545219421387,0.011079827621477613,0.06086616051965118,1,0,1,1
205,6.833333333333333,205,11.41314694699986,4579.813613666526,0,2.1227519996500632,54.236681000020326,0.5380160000640899,0.18552399978943868,0.9913619996950729,0.07215699997686897,58.157123000000865,11.47130406999986,4637.970736666527,0.7991628354371556,0.4445747435092926,0.011031005376936,0.10197328449141389,1,0,1,1
206,6.866666666666666,206,11.471310551999977,4604.643885333311,0,2.1656330000041635,54.608729999927164,0.5083299997750146,0.16461399991385406,0.9517769999547454,0.06883100013510557,58.47927800004982,11.529789830000027,4663.123163333361,0.7994110749902625,0.4355514645576477,0.010684027064895692,-0.08250120163535211,1,0,1,1
207,6.9,207,11.52979593100008,4629.795931000081,0,2.117180000368535,53.84506299969871,0.5313840001690551,0.4153029999542923,0.9709930000099121,0.06702700011373963,57.960737999565026,11.587756668999646,4687.756668999646,0.7994382850345303,0.43578797578811646,0.010617580617588197,-0.10816153040001526,1,0,1,1
208,6.933333333333334,208,11.587762549999752,4654.429216666418,0,2.342060000046331,53.90544800002317,0.8354249998774321,0.2585439997346839,1.6576740003984014,0.09659400029704557,59.11112400008278,11.646873673999835,4713.540340666501,0.7993983220883851,0.42823371291160583,0.010735763232480135,-0.09762405149328772,1,0,1,1
209,6.966666666666667,209,11.646882269999878,4680.215603333211,0,3.021205000095506,54.370595999898796,0.5270060000839294,0.176036000084423,1.1174530000062077,0.07447200005117338,59.30010400015817,11.706182374000036,4739.515707333369,0.799060160813455,0.4342403709888458,0.011114979396639225,0.08502080448611818,1,0,1,1
210,7.0,210,11.70618810499991,4706.18810499991,0,2.2656749997622683,54.22299400015618,0.5056549998698756,0.16727899992474704,0.945144000070286,0.06685800008199294,58.184865999919566,11.76437297099983,4764.37297099983,0.7991191796153484,0.43902355432510376,0.011030291938820665,0.07436950058633321,1,0,1,1
211,7.033333333333333,211,11.764385213999958,4731.051880666625,0,2.1036849998381513,54.56426499995359,0.5541880000237143,0.17501399997854605,1.0358969998378598,0.07003399969107704,58.51386399990588,11.822899077999864,4789.565744666531,0.7991245218133058,0.43895214796066284,0.010951975897134682,0.04240229802498781,1,0,1,1
212,7.066666666666666,212,11.822904888999801,4756.238222333135,0,2.2342540000863664,54.233424000358355,0.506317000144918,0.1671290001468151,1.0104889997819555,0.07069499997669482,58.23273700025311,11.881137626000054,4814.470959333388,0.7996845155352372,0.4359643757343292,0.010313541369897185,-0.23003279106697527,1,0,1,1
213,7.1,213,11.881144137999854,4781.144137999854,0,2.1777059996566095,54.48962299988125,0.5215449996285315,0.16519500013600918,1.2838000002375338,0.0682299996697111,58.717573000194534,11.939861711000049,4839.861711000049,0.7996767369933819,0.4448571801185608,0.010392868273465507,-0.15424999841501746,1,0,1,1
214,7.133333333333334,214,11.93986723099988,4806.533897666546,0,2.200038999944809,54.79132899972683,0.5234489999565994,0.1700550001260126,0.9621260001040355,0.06454300000768853,58.72254199994131,11.998589772999821,4865.2564396664875,0.7989207459809429,0.44442859292030334,0.011303003330886303,0.21105846759399843,1,0,1,1
215,7.166666666666667,215,11.998595052999917,4831.92838633325,0,2.2665359997517953,54.469505000270146,0.7665930002076493,0.1976570001716027,1.4116140000624,0.06841999993412173,59.192789000007906,12.057787841999925,4891.121175333258,0.7988921850270804,0.4471011757850647,0.011281955876147422,0.21571270065608497,1,0,1,1
216,7.2,216,12.057794184999693,4857.794184999693,0,2.396944000338408,53.676430999985314,0.45689199987464235,0.13753300027019577,0.9103570000661421,0.06354100014505093,57.650786000067455,12.11544497099976,4915.444970999761,0.7988583144697485,0.4396938383579254,0.011257742236922892,0.16948843101251254,1,0,1,1
217,7.233333333333333,217,12.11545020099993,4882.1168676665975,0,2.207944000019779,54.432224000265705,0.6482879998657154,0.1650240001254133,1.1217210003451328,0.06644700033575646,58.65281900014452,12.174103020000075,4940.769686666742,0.7984930549911307,0.4424996078014374,0.011416451449168592,0.24736499184636537,1,0,1,1
218,7.266666666666667,218,12.174108239999896,4907.441573333229,0,2.225988000191137,54.570917999626545,0.5268660002002434,0.1722389997667051,0.9701610001684458,0.0659960001030413,58.54313899999397,12.23265137899989,4965.984712333223,0.7988331424963159,0.442067414522171,0.010780443443420558,-0.011515267779547415,1,0,1,1
219,7.3,219,12.232657059999838,4932.657059999838,0,2.4205800000345334,54.413678999935655,0.6255739999687648,0.3420930001993838,1.041026999700989,0.06593599982807063,58.92101100016589,12.291578071000004,4991.578071000004,0.7984541804153291,0.43740126490592957,0.011137504653250564,0.10966797991932745,1,0,1,1
220,7.333333333333333,220,12.291583590999835,4958.250257666502,0,2.072836000024836,53.8049570000112,0.5095719998280401,0.17861100013760733,0.9625470001992653,0.06856100026197964,57.60937800005195,12.349192968999887,5015.859635666554,0.7985126614411651,0.4375973045825958,0.010969522474476807,0.04281898567547594,1,0,1,1
221,7.366666666666666,221,12.349198970000089,4982.5323033334225,0,2.435358000184351,54.39197699979559,0.5309440002747579,0.20592299961208482,1.1881770001309633,0.06515399991258164,58.8281439995626,12.408027113999651,5041.360447332985,0.7985070574718122,0.43479952216148376,0.010888713186683836,-0.0035704252096921225,1,0,1,1
222,7.4,222,12.408032914999694,5008.032914999694,0,2.1479390002241416,54.55078099976163,0.8335510001415969,0.28305000023465254,1.5440769998349424,0.12093999976059422,59.497501000350894,12.467530416000045,5067.530416000045,0.7983900700897923,0.4308972954750061,0.01100920118887403,0.02586832601108671,1,0,1,1
223,7.433333333333334,223,12.467540404999909,5034.207071666575,0,2.6788820000547275,56.71772699997746,0.5124879999129917,0.2615789999254048,0.9426589999748103,0.06618699990212917,61.19213600004514,12.528732540999954,5095.39920766662,0.7982995646419399,0.4360449016094208,0.010988938535095645,0.043018242528642656,1,0,1,1
224,7.466666666666667,224,12.528738270999838,5062.071604333171,0,2.10922499991284,54.08154499991724,0.5008450002605969,0.17181800012622261,0.9337520000372024,0.06332100019790232,57.871899000019766,12.586610169999858,5119.943503333191,0.7982344847151756,0.43392568826675415,0.011015364518512628,0.04325826618548011,1,0,1,1
225,7.5,225,12.586616381999647,5086.616381999647,0,2.095078999900579,55.90936300040994,0.4600480001499818,0.14014699991093948,0.9029839998220268,0.06504399971163366,59.582634000435064,12.646199016000082,5146.199016000082,0.7981010218909259,0.4359843134880066,0.011079283161264893,0.07919182428288574,1,0,1,1
226,7.533333333333333,226,12.646205066999755,5112.871733666422,0,1.993273999687517,54.619821999949636,0.5039819998273742,0.26247100004184176,0.9456749999117164,0.0640520001979894,58.40072799992413,12.70460579499968,5171.272461666346,0.7981635361671575,0.43954145908355713,0.010915259989811722,0.030480078850234706,1,0,1,1
227,7.566666666666666,227,12.70461119599986,5137.944529333194,0,2.325237000150082,55.45282100001714,0.5482269998537959,0.193298999874969,1.493680999828939,0.06602600024052663,60.09073299992451,12.764701928999784,5198.035262333118,0.7986807920346713,0.4343075454235077,0.010341370641639182,-0.2269510150976201,1,0,1,1
228,7.6,228,12.764707549999912,5164.707549999912,0,2.2058290001041314,55.06591399989702,0.48563700011072797,0.1511989999016805,1.5101220001270121,0.06384200014508679,59.492951999800425,12.824200501999712,5224.200501999712,0.7984838559554205,0.44019797444343567,0.01063361356907292,-0.07998879158292425,1,0,1,1
229,7.633333333333334,229,12.824206032999882,5190.872699666548,0,2.134553000360029,54.2381939999359,0.4856969999309513,0.1623899997866829,0.9354859998893517,0.06657699987044907,58.03305600011299,12.882239088999995,5248.905755666661,0.7989736836572103,0.43603551387786865,0.010206128677344307,-0.2730447606782906,1,0,1,1
230,7.666666666666667,230,12.88224449900008,5215.577832333413,0,2.1134429998710402,56.09054899969124,0.5043030000706494,0.5551790000026813,1.1207689999537251,0.06441300001824857,60.46096000000034,12.94270545900008,5276.038792333414,0.7994558574169891,0.4396006464958191,0.009942120359136643,-0.36208075710931786,1,0,1,1
231,7.7,231,12.94271793300004,5242.71793300004,0,1.9203550000383984,54.92960400033553,0.5081190001874347,0.16635800011499668,1.1362179998286592,0.08544300044377451,58.757488999617635,13.001475421999658,5301.475421999658,0.7984344847306457,0.44432950019836426,0.01128657335793793,0.20393815542618593,1,0,1,1
232,7.733333333333333,232,13.00148913799967,5268.155804666337,0,2.2271510001701245,55.130095000095025,0.5070180000075197,1.1672269997689,0.9308160001637589,0.06974300004003453,60.044224000193935,13.061533361999864,5328.200028666531,0.7983285118912296,0.4395850598812103,0.011330969371347678,0.1985146279631954,1,0,1,1
233,7.766666666666667,233,13.061541156999738,5294.874490333071,0,2.0327299998825765,54.402666999976645,0.6611819999307045,0.19529299970599823,0.9857309996732511,0.06521499972222955,58.357025000077556,13.119898181999815,5353.231515333148,0.7981503353121413,0.4307388961315155,0.011470309934388197,0.2112364102136468,1,0,1,1
234,7.8,234,13.119903571999657,5319.903571999657,0,2.0422279999365855,55.19321599967952,0.47619899987694225,0.2665480001269316,0.9052769996742427,0.06410300011339132,58.95860300006461,13.178862174999722,5378.862174999722,0.7987438475740793,0.44030988216400146,0.010670960586182894,-0.06436130418158677,1,0,1,1
235,7.833333333333333,235,13.178867754999828,5345.534421666495,0,2.225196999916079,55.567861999861634,0.4867190000368282,0.16465499993500998,0.9380300002703734,0.06442299991249456,59.45762500005003,13.238325379999878,5404.992046666545,0.7982837632354328,0.44304123520851135,0.010953042464101982,0.06295406409683567,1,0,1,1
236,7.866666666666666,236,13.238330800999847,5371.664134333181,0,2.295239999966725,55.49758799998017,0.4378050002742384,0.11536000010892167,0.8814120001261472,0.060955999742873246,59.29759999980888,13.297628400999656,5430.96173433299,0.7983958038020598,0.4530458450317383,0.010803321523671812,0.051742143321931215,1,0,1,1
237,7.9,237,13.297633449999921,5397.633449999921,0,2.195670999753929,54.90290199986703,0.4550779999590304,0.13146099990990479,1.069340999947599,0.0673190002089541,58.83361499991224,13.356467064999833,5456.467064999833,0.7985323114483093,0.44171252846717834,0.010683636855129859,-0.05234194093699003,1,0,1,1
238,7.933333333333334,238,13.35647264499994,5423.139311666606,0,2.204969000104029,54.761012000199116,0.4529039997578366,0.13583999998445506,0.8966519999376033,0.06322100034594769,58.52498600006584,13.414997631000006,5481.664297666672,0.7985010655257874,0.437125027179718,0.010810376811693757,-0.023751339049160207,1,0,1,1
239,7.966666666666667,239,13.415002579999964,5448.335913333297,0,2.2446940001827898,54.52414999990651,0.5106749999868043,0.18551399989519268,1.6721409997444425,0.07056499998725485,59.220944000117015,13.474223524000081,5507.556857333414,0.7985025592487708,0.44223806262016296,0.010748187576637348,-0.023697106530920997,1,0,1,1
240,8.0,240,13.474229415000082,5474.229415000082,0,2.294780000283936,55.49309900015942,0.5306520001795434,0.22231399998418055,1.0452449996591895,0.07523400017817039,59.67529099962121,13.533904705999703,5533.904705999703,0.798534968589983,0.4434919059276581,0.010770477238759658,-0.008529075673317128,1,0,1,1
241,8.033333333333333,241,13.533917820999704,5500.584487666371,0,2.291253000294091,54.442022999865,0.5127189997438109,0.5803269996249583,0.8921530002226064,0.06324000014501507,58.792666000044846,13.59271048699975,5559.377153666416,0.7989078235678382,0.44186684489250183,0.010432413457885238,-0.15300034751201008,1,0,1,1
242,8.066666666666666,242,13.592716097999983,5526.0494313333165,0,1.9411949997447664,53.7318979995689,0.4083089997948264,0.10560100008660811,0.8580680000704888,0.06316000008155243,57.11801999996169,13.649834117999944,5583.167451333278,0.7985714724483144,0.43700334429740906,0.010862642607291258,-0.0032506388341968263,1,0,1,1
243,8.1,243,13.649839577999956,5549.8395779999555,0,2.290451000135363,54.17034499987494,0.5117069999869273,0.20958000004611677,1.3528320000659733,0.08212700004150975,58.62928499982445,13.70846886299978,5608.46886299978,0.7990242178935001,0.43232688307762146,0.010427498892737315,-0.20192768647093812,1,0,1,1
244,8.133333333333333,244,13.708475144999738,5575.141811666405,0,2.298125999914191,54.75456900012432,0.5204330000196933,0.17062599999917438,1.036357999964821,0.09332900026493007,58.887828000024456,13.767362972999763,5634.02963966643,0.7990778944084507,0.428498238325119,0.010504237038969057,-0.18978847968592166,1,0,1,1
245,8.166666666666666,245,13.767370506999669,5600.7038403330025,0,2.87691099993026,54.6299520001412,0.45589000001200475,0.5574540000452544,1.1074029998781043,0.06282999993345584,59.701030000269384,13.827071536999938,5660.404870333272,0.7988170822079037,0.43796709179878235,0.010900780694132951,0.016887853312585133,1,0,1,1
246,8.2,246,13.827076676999695,5627.076676999696,0,1.972604999991745,53.99291599997014,0.5015669999011152,0.13469699979395955,1.3666889999512932,0.0755239998397883,58.05487800034825,13.885131555000044,5685.1315550000445,0.7989668800130851,0.43664616346359253,0.010728297548967904,-0.05924271497023194,1,0,1,1
247,8.233333333333333,247,13.885137766999833,5651.804433666501,0,1.9505430000208435,54.6110850000332,0.44492000006357557,0.4487369997150381,1.0626179996506835,0.06229900009202538,58.5896990000947,13.943727465999928,5710.394132666595,0.7990020813627313,0.433363676071167,0.010791948090514404,-0.049699435150717036,1,0,1,1
248,8.266666666666667,248,13.943733196999801,5677.066530333133,0,1.922198000102071,54.77032900034828,0.46264299999165814,0.12111100022593746,0.8820240000204649,0.06492400007118704,58.23398000029556,14.001967177000097,5735.300510333429,0.7988528866425125,0.43382513523101807,0.010935608678041005,0.010566401136138279,1,0,1,1
249,8.3,249,14.001972526999907,5701.972526999906,0,2.0145949997640855,55.26547399995252,0.558525000087684,0.5567519997384807,0.9742189999997208,0.06696699983876897,59.448668000186444,14.061421195000094,5761.421195000093,0.7990443347210808,0.4344654679298401,0.010687908657988167,-0.08627809056940149,1,0,1,1
250,8.333333333333334,250,14.061426865999692,5728.093532666358,0,1.981953000267822,54.94020400010413,0.685759000134567,0.2065040002889873,1.147298999967461,0.06734899989169207,59.04252300024382,14.120469388999936,5787.136055666602,0.7986364539751317,0.43994855880737305,0.011152602532231555,0.12829741097716604,1,0,1,1
251,8.366666666666667,251,14.120489987999918,5753.8233213332505,0,2.406371999768453,54.400784999870666,0.4719610001302499,0.13525799977287534,0.9331410001323093,0.06639699995503179,58.42354200012778,14.178913530000045,5812.246863333378,0.7986242053930626,0.4405100643634796,0.011082244604812365,0.10265723699169557,1,0,1,1
252,8.4,252,14.178918809999686,5778.918809999686,0,1.995769000131986,54.25960499997018,0.48489499977222295,0.15134899967961246,0.9243039999091707,0.06841100002930034,57.894683000085934,14.236813492999772,5836.813492999772,0.7989990865142749,0.44432199001312256,0.010612894491182863,-0.06805992006525516,1,0,1,1
253,8.433333333333334,253,14.236819092999667,5803.485759666333,0,2.1618450000460143,55.306514000221796,0.42100399969058344,0.2765580002233037,0.8772040000621928,0.061637999806407606,59.11234700033674,14.295931440000004,5862.59810666667,0.7988256307160978,0.4547474980354309,0.010822900257300518,0.06801932461234954,1,0,1,1
254,8.466666666666667,254,14.295936579999761,5829.269913333094,0,1.9878739999512618,54.148172000168415,0.4689249999501044,0.25974500022130087,0.9254659998987336,0.07545399967057165,57.87584700010484,14.353812426999866,5887.145760333199,0.798591650223532,0.4549301266670227,0.011002204748620605,0.14130240093369592,1,0,1,1
255,8.5,255,14.353819008999835,5853.819008999835,0,2.030224999998609,54.71250999971744,0.48201999970842735,0.2670499998203013,0.9326500003226101,0.06435300019802526,58.49836500010497,14.41231737399994,5912.31737399994,0.7988109730818908,0.44733282923698425,0.010771680952361869,0.01085691399552595,1,0,1,1
256,8.533333333333333,256,14.412322773999676,5878.989440666343,0,2.0225600001140265,54.44649099990784,0.46092999991742545,0.13229300020611845,0.8940370003074349,0.0625000002401066,58.028398000260495,14.470351171999937,5937.017838666604,0.7985996433935183,0.44188782572746277,0.01102970256294137,0.0882258108278611,1,0,1,1
257,8.566666666666666,257,14.470356141999673,5903.689475333007,0,1.9362849998287857,55.93973199984248,0.43200399977649795,0.10714499967434676,0.8699700001670863,0.061658000049646944,59.35547100034455,14.529711613000018,5963.044946333352,0.7985258804192866,0.441763699054718,0.0110036047569839,0.07707945335625853,1,0,1,1
258,8.6,258,14.529716661999828,5929.716661999828,0,2.132379999693512,53.97911000000022,0.45213299972601817,0.2685019999262295,0.8772250002948567,0.06860100029371097,57.78739800007315,14.587504059999901,5987.504059999901,0.7982283046681984,0.4414697289466858,0.011226242933869347,0.16551094062714458,1,0,1,1
259,8.633333333333333,259,14.587510031999955,5954.176698666622,0,2.114174999860552,54.687932999968325,0.4193099998701655,0.1036680000652268,0.8622459999969578,0.060725999901478644,58.25660299979063,14.645766634999745,6012.433301666412,0.7973337151991723,0.44254228472709656,0.012029996014062051,0.49526016609939444,1,0,1,1
260,8.666666666666666,260,14.645771493999746,5979.10482733308,0,1.913621999847237,54.626705999908154,0.4394190000311937,0.11668299976008711,0.885280000147759,0.06314999973255908,58.053296000252885,14.703824789999999,6037.158123333333,0.7981821126739448,0.4380854666233063,0.010812284068609936,-0.01825534751572281,1,0,0,1
261,8.7,261,14.703830570999799,6003.830570999799,0,2.0119199998589465,55.31942800007528,0.4938329998367408,0.2679919998627156,0.9376299999530602,0.06813000027250382,59.10889999995561,14.762939470999754,6062.939470999755,0.797792353846103,0.45575186610221863,0.011097660216558315,0.18388088131509644,1,0,0,1
262,8.733333333333333,262,14.762944970999797,6029.611637666465,0,2.0582580000336748,54.209850000006554,0.5117159998917487,0.25218100017809775,0.9493919997112243,0.06463299996539718,58.056923000094685,14.821001893999892,6087.66856066656,0.797454119968954,0.4464716911315918,0.011252512450411457,0.20072901331843873,1,0,0,1
263,8.766666666666667,263,14.821007503999681,6054.340837333013,0,2.1236130000943376,54.21288599973195,0.5112659996484581,0.26487499962968286,0.958950000040204,0.0658349999866914,58.148167000126705,14.879155670999808,6112.48900433314,0.7971719239416406,0.45276886224746704,0.011341162302913745,0.26750308916650456,1,0,0,1
264,8.8,264,14.879161682999893,6079.161682999892,0,2.023591999659402,54.75778599975456,0.5915389997426246,0.18872000009650947,1.1144569998577936,0.07783799992466811,58.765323999978136,14.937927006999871,6137.92700699987,0.7975686003922576,0.45855429768562317,0.010904038037913795,0.119506424106062,1,0,0,1
265,8.833333333333334,265,14.937933328999861,6104.599995666527,0,2.367478999985906,54.920036000112304,0.5149530002199754,0.16271100002995809,0.9576980000929325,0.06554499987032614,58.99910100015404,14.996932430000015,6163.599096666681,0.7967699206104147,0.4525519907474518,0.011549339749334898,0.35047622438393916,1,0,0,1
266,8.866666666666667,266,14.996937839999646,6130.271173332979,0,2.046676000190928,53.92821299983552,0.5293500003062945,0.16411400019933353,1.158760999715014,0.06771000016669859,57.90743700026724,15.054845276999913,6188.178610333246,0.7969580456303802,0.45648321509361267,0.011105606420447368,0.1906874816498753,1,0,0,1
267,8.9,267,15.054851057999713,6154.851057999713,0,2.028422000421415,54.06515399999989,0.45610999995915336,0.2701659996091621,0.9032240000124148,0.06665699993391172,57.80004200005351,15.112651099999766,6212.651099999766,0.796619619213651,0.45643478631973267,0.01132001425253313,0.277004652660568,1,0,0,1
268,8.933333333333334,268,15.112656730999788,6179.323397666454,0,1.9852189998346148,55.55109999977503,0.7161569997151673,0.22260500008997042,1.4452479999818024,0.08665499990456738,60.021492000032595,15.17267822299982,6239.344889666487,0.7952964530796606,0.4520002603530884,0.012505104204526142,0.7335991209612455,1,0,0,1
269,8.966666666666667,269,15.172689594000076,6206.022927333409,0,2.9194819999247557,54.666661999817734,0.4468730003281962,0.12599999990925426,0.9085950000553566,0.06626700042033917,59.14438799982236,15.231833981999898,6265.167315333231,0.7956812816839482,0.44529250264167786,0.011552238772089198,0.3159247371995091,1,0,0,1
270,9.0,270,15.231839853999645,6231.839853999645,0,2.2722759999851405,53.9077640000869,0.5341599999155733,0.17794899986256496,1.0076240000671532,0.06636600028286921,57.97822200020164,15.289818075999847,6289.818075999847,0.7956789193884952,0.4431932270526886,0.011282441335925604,0.19667881023409883,1,0,0,1
271,9.033333333333333,271,15.289831411999785,6256.498078666452,0,2.4392450000050303,54.13087999977506,0.44875599996885285,0.1351480000266747,0.9025019999171491,0.06397200013452675,58.13082300028327,15.347962235000068,6314.628901666735,0.7954607154728114,0.454679012298584,0.011180863691138195,0.21219055015809385,1,0,0,1
272,9.066666666666666,272,15.347967355000037,6281.300688333371,0,2.1763740001006227,54.767093999998906,0.5398100001912098,0.1745729996400769,0.9614649998184177,0.0681699998494878,58.69836700003361,15.40666572200007,6339.999055333405,0.7952435426442159,0.4725313186645508,0.011108310584523752,0.27074714646779285,1,0,0,1
273,9.1,273,15.406671552999796,6306.671552999796,0,2.221479999661824,54.67069999986052,0.5108950003887003,0.1660369998717215,0.9558339997965959,0.0663760001771152,58.60268400010682,15.465274236999903,6365.274236999903,0.7942644962678703,0.4811573028564453,0.012074129352008196,0.703089762488349,1,0,0,1
274,9.133333333333333,274,15.465280098999756,6331.946765666423,0,2.154300999791303,54.88217399988571,0.5005849998269696,0.17116699973485083,1.876340999842796,0.06960199971217662,59.66538200027571,15.524945481000032,6391.612147666699,0.7940516521005753,0.48945415019989014,0.011932777165283771,0.6868528720727607,1,0,0,1
275,9.166666666666666,275,15.524950971999715,6358.284305333049,0,1.9477969999570632,54.33819600011702,0.5050539998592285,0.16148800023074728,0.9342529997411475,0.0654450000183715,57.96340400002009,15.582914375999735,6416.247709333069,0.7937956271065243,0.4832178056240082,0.011781985337354757,0.5952916705631158,1,0,0,1
276,9.2,276,15.582920486999683,6382.920486999684,0,2.2869640001772495,54.97305700009747,0.7536989996879129,0.21558099979301915,1.0450539998601016,0.06460299982791184,59.350632000132464,15.642271118999815,6442.271118999816,0.7932804328126526,0.47666436433792114,0.011880907539654685,0.6029785569819389,1,0,0,1
277,9.233333333333333,277,15.642276730000049,6408.943396666717,0,1.9394109999666398,54.84340000020893,0.4983409999113064,0.16522499981874716,1.0045570002148452,0.08641500016892678,58.550303999709286,15.700827033999758,6467.493700666426,0.7927286754335472,0.4749622046947479,0.01194188746086925,0.6192200482910417,1,0,0,1
278,9.266666666666667,278,15.700835169999664,6434.168503332996,0,2.0286720000513014,55.26592599971991,0.4737240001304599,0.58949600042979,0.9182429998872976,0.06376200008162414,59.35096200028056,15.760186131999944,6493.5194653332765,0.7926213898766298,0.46178242564201355,0.011665217809205881,0.442675934595426,1,0,0,1
279,9.3,279,15.760191642999871,6460.19164299987,0,1.9152149998262757,54.40012399958505,0.5039020002186589,0.1519799998277449,1.0191450001002522,0.07267799992405344,58.073633999811136,15.818265276999682,6518.265276999681,0.7923367217430737,0.4603089988231659,0.011592320386775608,0.40599727316318024,1,0,0,1
280,9.333333333333334,280,15.818271048000042,6484.937714666708,0,2.037850000306207,54.93823099959627,0.4692860002251109,0.5725930000153312,0.9167299999717216,0.06397200013452675,59.009391000017786,15.87728043900006,6543.947105666726,0.7924078050457912,0.4648967683315277,0.01115651074319541,0.25263795243283577,1,0,0,1
281,9.366666666666667,281,15.877293543999713,6510.626877333046,0,1.9401029999244201,56.042638000235456,0.5075680001027649,0.16178899977603578,0.9703519999675336,0.06524499985971488,59.6995880000577,15.93699313199977,6570.326465333103,0.792071320145277,0.476835697889328,0.011274838701994257,0.3591543828203027,1,0,0,1
282,9.4,282,15.936999322999782,6536.999322999782,0,1.9144230000165408,55.88369499992041,0.45242399983180803,0.15730099994470947,0.9047160001500743,0.0636610002402449,59.386129999893456,15.996385452999675,6596.385452999675,0.7922546043131202,0.47074925899505615,0.010927215712083528,0.18887097081596121,1,0,0,1
283,9.433333333333334,283,15.996391253999718,6563.057920666384,0,1.905496999825118,53.87758700044287,0.5193209999561077,0.2467509998496098,1.1278320002929831,0.06572600022991537,57.75522700014335,16.05414648099986,6620.813147666528,0.792140491857602,0.4769892394542694,0.010949631776724318,0.22862534680237878,1,0,0,1
284,9.466666666666667,284,16.054152171999704,6587.485505333037,0,1.917669999784266,52.85174899972844,0.43319700034771813,0.11450800002421602,0.87904800011529,0.062479000007442664,56.26811900037865,16.110420291000082,6643.753624333415,0.7921329898513082,0.4730793535709381,0.010908076311650257,0.19261019247989863,1,0,0,1
285,9.5,285,16.11042535999968,6610.425359999681,0,1.9003170000360114,53.888657999777934,0.4334370000833587,0.10743500024545938,0.9209979998558993,0.06675699978586636,57.32661900037783,16.16775197900006,6667.751979000059,0.7913880948308492,0.48385170102119446,0.011584267533488547,0.5185930980303826,1,0,0,1
286,9.533333333333333,286,16.167758070999753,6634.42473766642,0,1.978406000034738,54.873718000180816,0.5268750001050648,0.42978000010407413,0.9453439997741953,0.0654450000183715,58.83088000018688,16.22658895099994,6693.255617666607,0.79089762839355,0.4745509624481201,0.011903927642180685,0.6018722383376486,1,0,0,1
287,9.566666666666666,287,16.226594781999665,6659.928115332999,0,2.125445999809017,54.31103399996573,0.5223469997872598,0.1714479999463947,1.1330419997648278,0.0816460001260566,58.35896899998261,16.284953750999648,6718.287084332982,0.7904522062153617,0.45711392164230347,0.012010105840476466,0.5589333397836663,1,0,0,1
288,9.6,288,16.284959472000082,6684.959472000082,0,2.3131749999265594,54.94927199970334,0.5062659997747687,0.16755999968154356,1.052429000083066,0.07780899977660738,59.07935400000497,16.344038826000087,6744.038826000087,0.790640536526721,0.44757622480392456,0.011399704118557154,0.26558471179564025,1,0,0,1
289,9.633333333333333,289,16.344045638999887,6710.712305666554,0,2.194117999806622,54.86533100020097,0.7180210000115039,0.18651600021257764,1.2947210002494103,0.07191800023065298,59.34171499984586,16.403387353999733,6770.0540206664,0.7906139051240082,0.44579771161079407,0.011053222190123092,0.11695997873864783,1,0,0,1
290,9.666666666666666,290,16.40339351600005,6736.726849333385,0,2.075842000067496,55.77405599979102,0.5083900000499852,0.27017499996873084,0.9756120002748503,0.06706800013489556,59.683577999749104,16.4630770939998,6796.410427333134,0.7905527833304296,0.4552361071109772,0.010920796556991498,0.10994392107054947,1,0,0,1
291,9.7,291,16.463088896000045,6763.088896000046,0,1.9856690000779054,55.8416449998731,0.5631750000247848,0.19565399998100474,1.068909999958123,0.07052399996609893,59.73858299967105,16.522827478999716,6822.827478999717,0.7909475527057552,0.4654609262943268,0.010439815915885699,-0.03391246120772326,1,0,0,1
292,9.733333333333333,292,16.52283295899997,6789.499625666638,0,2.133601999958046,55.50633499979085,0.48254000012093456,0.1670189999458671,0.9462660000281176,0.06532499992317753,59.31196799974714,16.582144926999717,6848.811593666385,0.7907090007193064,0.45733511447906494,0.01080220452493292,0.0723974515970103,1,0,0,1
293,9.766666666666667,293,16.58215006699993,6815.483400333262,0,2.1178319998398365,54.58918400017865,0.49527500004842295,0.15931400002955343,1.8772929997794563,0.06561500003954279,59.31596599975819,16.641466032999688,6874.79936633302,0.7902241142362836,0.4465932548046112,0.011304207056102085,0.2221960716261802,1,0,0,1
294,9.8,294,16.641471333000027,6841.471333000026,0,1.9389210001463653,55.348593999951845,0.46419599993896554,0.14726099971085205,0.9796700001061254,0.08532299989383318,58.97474499988675,16.700446077999914,6900.446077999913,0.7898836192330445,0.4541841447353363,0.011547254337410003,0.3576657035722484,1,0,0,1
295,9.833333333333334,295,16.700452901000062,6867.1195676667285,0,2.321882000160258,56.24647800004823,0.465579000319849,0.45035999983156216,1.3415700000223296,0.06596599996555597,60.902092999640445,16.761354993999703,6928.021660666369,0.7897830400904116,0.4543660283088684,0.011480542455696692,0.33162941347392466,1,0,0,1
296,9.866666666666667,296,16.761360223999873,6894.693557333206,0,1.9144439997944573,55.16701699980331,0.478433999887784,0.2656769997884112,0.976303000243206,0.0675490000503487,58.8788619998013,16.820239085999674,6953.572419333007,0.7894111656963546,0.45196953415870667,0.011561288695917722,0.3524338623621992,1,0,0,1
297,9.9,297,16.82024546799994,6920.245467999939,0,1.9680060004247935,55.56759199998851,0.45513899976867833,0.28471399991758517,0.8887060002962244,0.0616479997006536,59.23477099986485,16.879480238999804,6979.480238999804,0.7892314776899292,0.43760427832603455,0.011416517946605205,0.22330335747357105,1,0,0,1
298,9.933333333333334,298,16.879492090999975,6946.158757666641,0,1.9043249999413092,55.49949199985349,0.4801059999408608,0.2641849996507517,0.9272889997191669,0.06423200011340668,59.15000999993936,16.938642100999914,7005.30876766658,0.7890093400246725,0.4377295672893524,0.0113904964752733,0.21341511706308078,1,0,0,1
299,9.966666666666667,299,16.938647430999936,6971.980764333269,0,1.9455830001788854,55.60447200014096,0.4515519999586104,0.12669099987761,0.885309999830497,0.06423300010283128,59.08690900014335,16.99773434000008,7031.067673333412,0.7891905865924989,0.43493449687957764,0.01099068010535393,0.03825733092444665,1,0,0,1
300,10.0,300,16.997740170999805,6997.740170999805,0,1.929202000155783,54.68794299986257,0.6596589996661351,0.25317300014648936,1.2395059998198121,0.0708859997757827,58.85307200014722,17.056593242999952,7056.593242999952,0.7892125579269496,0.43703821301460266,0.010820595396425055,-0.020053329499155097,1,0,0,1
301,10.033333333333333,301,17.05659976600009,7023.266432666757,0,2.216980999946827,55.63622299996496,0.488172000132181,0.17147699963970808,1.0001189998547488,0.06612700008190586,59.58953799972733,17.116189303999818,7082.855970666485,0.7895272089784995,0.4357464611530304,0.01045629240252386,-0.17347713670815676,1,0,0,1
302,10.066666666666666,302,17.11619426299967,7049.527596333004,0,2.299228000083531,56.21516800010795,0.6487880000349833,0.40475200012224377,1.1877169999934267,0.07614500009367475,60.8431210002891,17.17703738399996,7110.370717333293,0.7893186224536495,0.43847984075546265,0.010738811749516443,-0.045975192041300746,1,0,0,1
303,10.1,303,17.17704350599979,7077.043505999791,0,2.3449049999726412,54.33702399977847,0.6472149998444365,0.2278150000165624,1.310051000018575,0.07309000011446187,58.95336399998996,17.23599686999978,7135.996869999781,0.7898802914207991,0.4299491047859192,0.010254463389611092,-0.28348168751807595,1,0,0,1
304,10.133333333333333,304,17.23600259099976,7102.669257666427,0,2.1684379998987424,56.352169000092545,0.4967180002495297,0.27500499982124893,0.949471999774687,0.06448299973271787,60.31623500030037,17.29631882600006,7162.985492666728,0.7898981367684368,0.4216085970401764,0.010409044249048434,-0.26211928161348313,1,0,0,1
305,10.166666666666666,305,17.29632447599988,7129.6578093332155,0,2.083866999782913,54.7605119995751,0.7853689999137714,0.299191000067367,1.160003999757464,0.10449000001244713,59.211347000200476,17.355535823000082,7188.869156333416,0.7900026673551321,0.41082563996315,0.010475908372724892,-0.28818630237479936,1,0,0,1
306,10.2,306,17.355543296999713,7155.543296999714,0,2.878072999919823,55.224987999736186,0.5116059996908007,0.16902300012588967,0.9641999999985273,0.06787999973312253,59.82704200005173,17.415370338999764,7215.370338999765,0.7902646697635703,0.40315067768096924,0.010332770558444844,-0.38373662845255807,1,0,0,1
307,10.233333333333333,307,17.41537603000006,7182.042696666729,0,2.328203000161011,54.71218000002409,0.5094220000501082,0.17589600020073703,1.2919050000164134,0.06726899982822943,59.09614599977431,17.474472175999836,7241.1388426665035,0.790302953289064,0.3915182054042816,0.010530998860431441,-0.36095273779161274,1,0,0,1
308,10.266666666666667,308,17.474477686999762,7207.811020333094,0,2.2829969998383604,56.04906100006701,0.6388990000232297,0.19380999992790748,1.1954819997299637,0.07992300015757792,60.45382799993604,17.5349315149997,7268.26484833303,0.7905317994085979,0.39532631635665894,0.010407818207963777,-0.39194161568027175,1,0,0,1
309,10.3,309,17.53494037199971,7234.940371999709,0,2.6308110000172746,55.03001600027346,0.5237300001681433,0.46308399987537996,1.1375710000720574,0.06752899980710936,59.86344100028873,17.594803813,7294.803812999998,0.7907742332375217,0.4020891487598419,0.010323800039080185,-0.3925814588189106,1,0,0,1
310,10.333333333333334,310,17.59480943399967,7261.4761006663375,0,2.160402999834332,54.05386299980819,0.7505230000788288,0.2104519999193144,1.2801329999092559,0.0656849997540121,58.53286100000332,17.653342294999675,7320.008961666341,0.7913145535389033,0.39532390236854553,0.009976371208295955,-0.5661267020557128,1,0,0,1
311,10.366666666666667,311,17.653354559000036,7286.687892333369,0,2.100609000081022,55.62458099984724,0.5498989999068726,0.277299999652314,1.1985979999735719,0.07489300014640321,59.8388039998099,17.713193362999846,7346.526696333179,0.791251078996832,0.3807964324951172,0.010302316694200543,-0.5060293934857703,1,0,0,1
312,10.4,312,17.71319877299993,7313.198772999931,0,2.8037819997734914,54.48818200011374,0.4992730000594747,0.16544599975532037,1.039013000081468,0.06789000008211588,59.073844000067766,17.772272617,7372.272616999999,0.7918824817328799,0.37244197726249695,0.009907945385094659,-0.7063451336196562,1,0,0,1
313,10.433333333333334,313,17.772277916999883,7338.944583666549,0,2.3725070000182313,55.40561299994806,0.5092719998174289,0.16483499985042727,0.9462660000281176,0.06464399984906777,59.473426999829826,17.831751343999713,7398.418010666379,0.7922793758164116,0.37344083189964294,0.00984872188263345,-0.7253383240453537,1,0,0,1
314,10.466666666666667,314,17.831756353999936,7365.089687333269,0,2.4155299997801194,54.70310300006531,0.631365000117512,0.2101510003740259,2.162285999929736,0.08355999989362317,60.21827799986568,17.8919746319998,7425.307965333134,0.7927896521365045,0.37029674649238586,0.009714731207262996,-0.7949008765570966,1,0,0,1
315,10.5,315,17.89198059299997,7391.980592999971,0,2.391213000009884,54.06521499980954,0.45954699999128934,0.14603799991164124,0.907091000044602,0.07377100018857163,58.05268599988267,17.950033278999854,7450.033278999854,0.7934801408415921,0.3794950842857361,0.009393017151575707,-0.879513070174897,1,0,0,1
316,10.533333333333333,316,17.950039990999812,7416.706657666479,0,2.5157310001304722,54.6360140001525,0.6265560000429105,0.20630400013033068,0.9759119998307142,0.06585599976460799,59.038397000222176,18.009078388000034,7475.745054666701,0.7937339129866273,0.3809203505516052,0.009696510467730547,-0.7499808704236477,1,0,0,1
317,10.566666666666666,317,18.00908361799975,7442.4169513330835,0,2.203755999744317,54.75145500031431,0.5015880001337791,0.1634720001675305,1.1750530002245796,0.09269700012737303,58.89931100000467,18.067982928999754,7501.316262333088,0.7944618744765003,0.3638472855091095,0.009431406791294429,-0.9410135693784778,1,0,0,1
318,10.6,318,18.067990242999713,7467.990242999713,0,2.45352299998558,54.84138600013466,0.5010259997106914,0.524570999914431,1.0321089998797106,0.0822070001049724,59.44516299996394,18.127435405999677,7527.435405999677,0.7952480145844689,0.3731144070625305,0.009190891348347975,-0.9925077845672075,1,0,0,1
319,10.633333333333333,319,18.12744270999974,7494.109376666408,0,2.174901000216778,54.063240999767004,0.5871210000805149,0.17557499995746184,1.3552559998970537,0.10478000012881239,58.47292699991158,18.185915636999653,7552.58230366632,0.7954183479992776,0.356162965297699,0.009635148545530416,-0.8965762257688021,1,0,0,1
320,10.666666666666666,320,18.18592188899993,7519.255222333262,0,2.371155000219005,55.089970999688376,0.7601399997838598,0.315662000048178,1.1909029999515042,0.07575400013593026,59.81488799989165,18.24573677699982,7579.070110333154,0.7956044233093912,0.35597100853919983,0.009933625024838168,-0.77702718011471,1,0,0,1
321,10.7,321,18.24575069399998,7545.750693999981,0,2.529107000100339,55.551352000293264,0.5326159998730873,0.16603700032646884,1.1780980003095465,0.06824000001870445,60.0371030000133,18.305787796999994,7605.7877969999945,0.7960928842329567,0.3548152446746826,0.009912791681963663,-0.7911246813173461,1,0,0,1
322,10.733333333333333,322,18.305793376999645,7572.460043666313,0,2.1244639997348713,55.11995799997749,0.5322759998307447,0.1793619999261864,0.9955499999705353,0.06489399993370171,59.028158000273834,18.36482153499992,7631.488201666587,0.7962385754768793,0.3565828800201416,0.010174852877155145,-0.6766337442096945,1,0,0,1
323,10.766666666666667,323,18.364826844999698,7598.16017833303,0,2.2027740001249185,55.06119599976955,0.5083200003355159,0.16551599992453703,1.2448659999790834,0.06547499970110948,59.258547000354156,18.424085392000052,7657.418725333384,0.7961733544259617,0.3504500687122345,0.010487714151175283,-0.5805108228215096,1,0,0,1
324,10.8,324,18.424091042999862,7624.091042999861,0,2.231078000022535,55.35152999982529,0.5084409999653872,0.17166700035886606,0.9705130000838835,0.06755899994459469,59.31223900006444,18.483403281999927,7683.403281999926,0.7961936754108205,0.34461548924446106,0.010656144772987493,-0.5412263929919394,1,0,0,1
325,10.833333333333334,325,18.483408681999663,7650.075348666329,0,3.870746999837138,55.43328700014172,0.5110749998493702,0.48890300013226806,0.9528589998808457,0.06488400003945571,61.33329700014656,18.54474197899981,7711.408645666475,0.7964281753435787,0.34276673197746277,0.010568957865586683,-0.5855205459971584,1,0,0,1
326,10.866666666666667,326,18.544747659999757,7678.08099333309,0,2.17479100001583,54.81436499985648,0.5490080002346076,0.24538899970139028,0.9838880000643258,0.06823100011388306,58.84888500031593,18.603596545000073,7736.929878333406,0.7967555463855027,0.3373405933380127,0.010325409601318149,-0.7105403169678264,1,0,0,1
327,10.9,327,18.603602496999883,7703.602496999883,0,2.2475990003840707,56.36361200004103,0.4924390000269341,0.1687220001258538,0.9238430002369569,0.06501400002889568,60.27241099991443,18.663874907999798,7763.874907999798,0.7973701201456156,0.33702224493026733,0.009840078568361145,-0.9080327650749227,1,0,0,1
328,10.933333333333334,328,18.663880057999904,7730.54672466657,0,2.089248000174848,54.255889000160096,0.4890529999102,0.25893400015775114,0.9331910000582866,0.06721899990225211,58.10375300006854,18.721983810999973,7788.650477666639,0.797048112412413,0.33504781126976013,0.010461277731477182,-0.6669730730175781,1,0,0,1
329,10.966666666666667,329,18.72198956200009,7755.322895333423,0,2.162878000035562,54.55403799987835,0.5363330001273425,0.17776000004232628,0.9808919999159116,0.07655700028408319,58.50057999987257,18.780490141999962,7813.823475333295,0.7971504505235466,0.33472415804862976,0.010572548870741723,-0.6236460184300022,1,0,0,1
330,11.0,330,18.780496273999688,7780.496273999688,0,2.2328719996949076,55.57753099992624,0.4810380000890291,0.14816300017628237,1.070973999958369,0.06767900003978866,59.589058000256045,18.840085331999944,7840.085331999944,0.7973399194186792,0.333611398935318,0.010563648770601099,-0.6327145096078596,1,0,0,1
331,11.033333333333333,331,18.840097805999903,7806.76447266657,0,2.1452739997585013,55.417365999801405,0.5267860001367808,0.17403199990440044,0.9909810000863217,0.06589600025108666,59.332216999791854,18.899430022999695,7866.096689666362,0.7971851397897756,0.3365517854690552,0.010864521657798866,-0.4967847032064505,1,0,0,1
332,11.066666666666666,332,18.89943543399977,7832.768767333104,0,2.2156089999043616,55.08181599998352,0.6628850001106912,0.34704199970292393,1.0869650000131514,0.06762900011381134,59.473537000030774,18.9589089709998,7892.242304333135,0.7980790638209994,0.3387633264064789,0.009924352537615068,-0.8654443930146671,1,0,0,1
333,11.1,333,18.958915342999717,7858.915342999717,0,2.258932000131608,54.70982600036223,0.5567430002884066,0.17575500032762648,1.3583029999608698,0.09419999969395576,59.16782400026932,19.018083166999986,7918.083166999986,0.7981361786445788,0.3418045938014984,0.010124975566182255,-0.7694885972944365,1,0,0,1
334,11.133333333333333,334,19.018090540999765,7884.757207666432,0,2.6657579996935965,55.89425600010145,0.4971789999217435,0.17979399990508682,0.9435209999537619,0.0671480001983582,60.26021900015621,19.07835075999992,7945.017426666588,0.7982850462930711,0.3371652364730835,0.01022253994794798,-0.7529312117173081,1,0,0,1
335,11.166666666666666,335,19.07835635099991,7911.689684333245,0,2.066312999886577,54.724844000247685,0.7145039999159053,0.21340700004657265,0.9894089998851996,0.06843099981779233,58.789621999949304,19.13714597299986,7970.4793063331945,0.798876461673212,0.3376282751560211,0.009867406286404985,-0.8940185917429233,1,0,0,1
336,11.2,336,19.13715205399967,7937.152053999672,0,2.0845789999839326,56.28838800021185,0.5139609997968364,0.19978099999207188,0.9497319997535669,0.06576499981747475,60.113058000297315,19.197265111999968,7997.265111999969,0.7989488714013638,0.33855706453323364,0.010217827029112288,-0.747985018549372,1,0,0,1
337,11.233333333333333,337,19.197270471999673,7963.937138666341,0,2.166884999951435,54.87432000018089,0.4949650001435657,0.15380400009235018,0.9316880000369565,0.06296000037764315,58.69515200038222,19.255965624000055,8022.632290666723,0.7989457081714267,0.3372627794742584,0.010438442154140505,-0.665292484371678,1,0,0,1
338,11.266666666666667,338,19.255971425000098,7989.30475833343,0,2.141827999821544,54.98000099987621,0.5831429998579551,0.22158300043884083,0.9525790001134737,0.06580600029337802,58.956310999747075,19.314927735999845,8048.261069333177,0.7993866295392316,0.3396478295326233,0.010199903168047676,-0.7498534661055061,1,0,0,1
339,11.3,339,19.314933006000047,8014.933006000046,0,2.249733000098786,57.280612000340625,0.6423960003303364,0.6568239996340708,1.5039499999147665,0.07773800007271348,62.422295000033046,19.37735530100008,8077.355301000079,0.799546054326161,0.3415907025337219,0.010315874192658371,-0.6934761789098254,1,0,0,1
340,11.333333333333334,340,19.37736089200007,8044.027558666736,0,2.2433310000451456,54.929524999806745,0.5055149999861897,0.16378300006181234,0.977364999926067,0.06488400003945571,58.89508299969748,19.436255974999767,8102.922641666433,0.7991956135921667,0.3426162004470825,0.010833713089889875,-0.47938077751321806,1,0,0,1
341,11.366666666666667,341,19.436261595999895,8069.594929333228,0,2.070752000236098,54.25526800036096,0.5851070000062464,0.5743860001530265,1.1432020000938792,0.07066500029395684,58.71173400009866,19.494973329999993,8128.3066633333265,0.7991142232557203,0.34876516461372375,0.010976788974036984,-0.3913644410469238,1,0,0,1
342,11.4,342,19.49497916099972,8094.979160999719,0,2.2431310003412364,53.2427859998279,0.5313840001690551,0.20025200001327903,1.2024050001855358,0.06827000015618978,57.52051000035863,19.552499671000078,8152.499671000078,0.7997824260095692,0.343681663274765,0.010350714991261563,-0.6691221017489368,1,0,0,1
343,11.433333333333334,343,19.55250556200008,8119.172228666745,0,1.940021999871533,54.21253699978479,0.4078280003341206,0.32046099977378617,0.8526870001333009,0.06169799962663092,57.80530399988493,19.610310865999963,8176.9775326666295,0.7995352192847976,0.34456193447113037,0.010696870833617485,-0.5250489933147288,1,0,0,1
344,11.466666666666667,344,19.6103159459999,8143.649279333234,0,1.8964289997711603,54.2720499997813,0.5041220001658075,0.1501960000496183,1.213166000070487,0.08937000029618503,58.13790799993512,19.668453853999836,8201.78718733317,0.7998819196590581,0.3377593159675598,0.010347461699016215,-0.6995775734629932,1,0,0,1
345,11.5,345,19.6684608569999,8168.4608569999,0,2.0123499998589978,53.82893499972852,0.7078610001371999,0.3630930000326771,1.0861529999601771,0.06985299978623516,58.078274999843416,19.726539131999743,8226.539131999743,0.8005793252884363,0.34165894985198975,0.009821632586360797,-0.8926634612220771,1,0,0,1
346,11.533333333333333,346,19.726544672999808,8193.211339666474,0,1.9929329996557499,53.467213999738306,0.42907899978672503,0.10982899993905448,0.9175119998872105,0.07045499978630687,56.995548000031704,19.78354022099984,8250.206887666505,0.8012117887031827,0.3413410782814026,0.009555444679793475,-1.001686471211852,1,0,0,1
347,11.566666666666666,347,19.783545691999734,8216.879025333068,0,2.3648629999115656,54.35576000036235,0.496015999942756,0.21895800000493182,0.8662129998810997,0.062118999721860746,58.37272600001597,19.84191841799975,8275.251751333084,0.8014090121401646,0.34122782945632935,0.009715561916214928,-0.9376051292496363,1,0,0,1
348,11.6,348,19.84192340799973,8241.92340799973,0,2.1348539999053173,54.23052100013592,0.5187199999454606,0.1757249997353938,0.9950789999493281,0.06818000019848114,58.135564000167506,19.900058971999897,8300.058971999897,0.8022145268166903,0.33906713128089905,0.009378495453530984,-1.084309501338084,1,0,0,1
349,11.633333333333333,349,19.900064712999665,8266.731379666333,0,2.4616780001451843,56.248322000101325,0.6137010000202281,0.5628339999930176,0.9393029999955615,0.06471400001828442,60.90296500042314,19.960967678000088,8327.634344666756,0.8017405400486174,0.33966997265815735,0.010435634011011892,-0.6545810281772435,1,0,0,1
350,11.666666666666666,350,19.960973278999973,8294.306612333306,0,2.1830170003340754,56.229545999940456,0.5018980000386364,0.18660600017028628,0.9481399997639528,0.06538500019814819,60.12640399967495,20.021099682999647,8354.433016332981,0.8017927044832451,0.3393637537956238,0.01067377326642941,-0.5599520979407908,1,0,0,1
351,11.7,351,20.021117566999692,8321.117566999692,0,2.2448649997386383,55.74508099971354,0.5338989999472687,0.18021400001089205,0.9389320002810564,0.0654549999126175,59.719657000187,20.08083722399988,8380.837223999879,0.8015649158745528,0.3408128023147583,0.011046790820137355,-0.40223625157247994,1,0,0,1
352,11.733333333333333,352,20.0808428549999,8347.509521666569,0,2.253280999866547,54.568405999816605,0.5455919999803882,0.18835899982150295,0.9876439999061404,0.07012400010353304,58.626371000173094,20.139469226000074,8406.135892666742,0.8019747196732427,0.3287089467048645,0.010675962955044478,-0.6114973079832071,1,0,0,1
353,11.766666666666667,353,20.139476609999747,8372.809943333079,0,2.054461000170704,54.2471230000956,0.5713609998565516,0.18715699980020872,1.0184329998992325,0.07327899993470055,58.16512999990664,20.197641739999654,8430.975073332986,0.8024487977361616,0.3342737555503845,0.010141933106263719,-0.7996999588380529,1,0,0,1
354,11.8,354,20.197647310999855,8397.647310999855,0,2.1847500001968,53.52193899989288,0.5154030000085186,0.18993199955730233,0.9317479998571798,0.06461399971158244,57.42015900023034,20.255067470000085,8455.067470000085,0.8028136560138751,0.34046584367752075,0.00995413925043629,-0.8450420437584968,1,0,0,1
355,11.833333333333334,355,20.255073250999885,8421.739917666551,0,2.1387719998529064,54.13904700026251,0.4916990001220256,0.17967299982046825,0.9284309999202378,0.06455299990193453,57.95323599977564,20.31302648699966,8479.693153666327,0.8032239655040148,0.33097708225250244,0.009799067642954136,-0.9543351613815703,1,0,0,1
356,11.866666666666667,356,20.313031697000042,8446.365030333374,0,2.018773000145302,54.242072999841184,0.500104999900941,0.1697539996712294,0.94311100019695,0.06366099978549755,57.9498600000079,20.37098155700005,8504.314890333382,0.8033397918915955,0.32897040247917175,0.010098003662738837,-0.8435303204659492,1,0,0,1
357,11.9,357,20.37098673699984,8470.98673699984,0,6.191166000007797,56.31328600020424,0.4978809997737699,0.1551660002405697,1.0722669999267964,0.08205599988286849,64.32411500009039,20.43531085199993,8535.31085199993,0.803739423471312,0.3345309793949127,0.010039640137610585,-0.8397294459019594,1,0,0,1
358,11.933333333333334,358,20.435317805000068,8501.984471666734,0,2.1457249999912165,53.19021600007545,0.7305450003514125,0.20723499983432703,1.448745000288909,0.08558299987271312,57.821705999685946,20.493139510999754,8559.80617766642,0.8040639383289,0.3298683166503906,0.01003778171381018,-0.8634232776242288,1,0,0,1
359,11.966666666666667,359,20.493146393999723,8526.479727333057,0,2.4428220003755996,54.74584399962623,0.5377570000746346,0.15532599991274765,1.0918040002252383,0.07192700013547437,59.05816500035144,20.552204559000074,8585.537892333408,0.8043062148540197,0.331449955701828,0.010108075767446746,-0.8272631038066127,1,0,0,1
360,12.0,360,20.552210700999694,8552.210700999694,0,2.193455999986327,55.3621510002813,0.4851250000683649,0.7933349997983896,0.9342829998786328,0.0621090002823621,59.84233100025449,20.61205303199995,8612.053031999949,0.8042098567796268,0.33087730407714844,0.010474996179340869,-0.6819568389291226,1,0,0,1
361,12.033333333333333,361,20.61206577699977,8578.732443666437,0,1.9491699999889534,54.9213399999644,0.4772610000145505,0.15067799995449604,0.9061600003406056,0.06469400022979244,58.48821700010376,20.670553993999874,8637.22066066654,0.8045288686811798,0.3294970691204071,0.010373500499795636,-0.7297219179820363,1,0,0,1
362,12.066666666666666,362,20.670559344999674,8603.892678333008,0,1.90967400021691,54.570109999986016,0.5718920001527295,0.7713320001130342,1.0179519999837794,0.07908099996711826,58.931914000368124,20.729491259000042,8662.824592333376,0.8047990809272446,0.3234706521034241,0.010300649556197757,-0.7887857441341086,1,0,0,1
363,12.1,363,20.729497320000064,8629.497320000064,0,2.1558240000558726,54.92104899985861,0.5467030000545492,0.18303900014871033,0.9945989995685522,0.07209799969132291,58.88566599969636,20.78838298599976,8688.38298599976,0.8050470849899194,0.3256644606590271,0.010236431143109133,-0.8039153400557039,1,0,0,1
364,12.133333333333333,364,20.78838868699995,8655.05535366662,0,2.231980000033218,55.713953000122274,0.6714619999002025,0.2067549999082985,1.0854209999706654,0.07900099990365561,60.00238699971305,20.848391073999665,8715.057740666332,0.8051526775953748,0.315948486328125,0.010316056071628672,-0.8195805726264414,1,0,0,1
365,12.166666666666666,365,20.848397415999898,8681.730749333232,0,2.143642000191903,54.49645899989264,0.48886300010053674,0.1692630003162776,1.3096999996378145,0.08998200019050273,58.70950999997149,20.90710692599987,8740.440259333203,0.8061188709502848,0.31616881489753723,0.009585567920655687,-1.113391172316188,1,0,0,1
366,12.2,366,20.907114610999997,8707.114610999997,0,2.481717000136996,55.48955499989461,0.5412629998318153,0.17606599976716097,1.0175520001212135,0.07075499979691813,59.788839999782795,20.96690345099978,8766.90345099978,0.8062961310497949,0.3178884983062744,0.0098058083884218,-1.0160190316518323,1,0,0,1
367,12.233333333333333,367,20.966909492000013,8733.576158666681,0,2.6026880000245,54.75594400013506,0.7913599997664278,0.24804299982861266,0.973888000316947,0.06869099979667226,59.452247000081115,21.026361739000095,8793.028405666762,0.8068878787085805,0.31648150086402893,0.00958832326027382,-1.1107402183024755,1,0,0,1
368,12.266666666666667,368,21.026367259999915,8759.700593333248,0,2.170642999772099,54.90610100014237,0.6175389999043546,0.193389000287425,1.080722000097012,0.07230800019897288,59.05193299986422,21.08541919299978,8818.752526333112,0.8074727108285363,0.3179769217967987,0.009463689569983232,-1.1536957495913678,1,0,0,1
369,12.3,369,21.08542504399975,8785.425043999749,0,2.1701929999835556,55.442875000153435,0.5051339999226911,0.7723740000074031,0.9387820000483771,0.06528400035676896,59.90478100011387,21.145329824999862,8845.329824999862,0.8076906793052152,0.31878694891929626,0.009825729401594742,-1.0035559967987924,1,0,0,1
370,12.333333333333334,370,21.145335044999683,8812.00171166635,0,2.1269599997140176,54.64565299962487,0.6601000000046042,0.25763199982975493,1.2758349998875929,0.06787900019844528,59.04605100022309,21.204381095999906,8871.047762666572,0.8082413208771467,0.31757164001464844,0.009668039918395828,-1.0731947082604139,1,0,0,1
371,12.366666666666667,371,21.204394281000077,8837.72761433341,0,2.063679000002594,55.9463859999596,0.5084009999336558,0.1870370001597621,1.0453849999976228,0.06625600008192123,59.82712299964987,21.264221403999727,8897.55473733306,0.8083170131647062,0.31898990273475647,0.010078645087674344,-0.9004563988927102,1,0,0,1
372,12.4,372,21.264227054000003,8864.227054000003,0,2.470595999966463,55.57860399994752,0.5109349999656843,0.16804000006231945,1.1579199999687262,0.06906199996592477,59.96596899967699,21.32419302299968,8924.19302299968,0.8091967909377736,0.316047728061676,0.009556150928638298,-1.1258625120851358,1,0,0,1
373,12.433333333333334,373,21.32419874299967,8890.865409666336,0,2.3303670000132115,55.34168200028944,0.645330999759608,0.3372930000296037,1.3804349996462406,0.09297699989474495,60.14343700007885,21.38434217999975,8951.008846666415,0.8097339534612371,0.3155864477157593,0.009450008432484149,-1.1709815842085884,1,0,0,1
374,12.466666666666667,374,21.38434917299992,8917.682506333253,0,2.7240790000178094,56.640862000222114,0.5151440000190632,0.19211600010748953,0.9906410000439791,0.07967199962877203,61.15507799995612,21.445504250999875,8978.837584333209,0.8100450394956318,0.31495004892349243,0.009649740937094954,-1.0934820045441875,1,0,0,1
375,12.5,375,21.445510302000002,8945.510302000002,0,2.424146000066685,56.93571499978134,0.543487999948411,0.1721690000522358,0.9890279998217011,0.06773899986001197,61.14346599997589,21.50665376799998,9006.653767999978,0.8099839604810277,0.3241961896419525,0.010161749606320276,-0.8412888702209858,1,0,0,1
376,12.533333333333333,376,21.506659178000064,8973.32584466673,0,2.4209009998230613,57.28794700007711,0.5095830001664581,0.17049600000973442,1.3439750000543427,0.106554000012693,61.851997999838204,21.5685111759999,9035.177842666568,0.8104499926799192,0.3270285427570343,0.010112454236509145,-0.8472520105759419,1,0,0,1
377,12.566666666666666,377,21.568519621999712,9001.852955333046,0,2.6266429999850516,55.48902400005318,0.5359729998417606,0.26644800027497695,1.3034479998168536,0.07423100032610819,60.307470000225294,21.628827091999938,9062.160425333272,0.8104962512125796,0.32546859979629517,0.010379496139385165,-0.7471244201135492,1,0,0,1
378,12.6,378,21.628832772999885,9028.832772999885,0,2.4164619999282877,54.28848199971981,0.8360159999938332,0.27153900009579957,1.049242000135564,0.06687800032523228,58.94427800012636,21.687777051000012,9087.777051000012,0.8112589321076794,0.32604652643203735,0.009807389682121005,-0.9752374092937555,1,0,0,1
379,12.633333333333333,379,21.687782700999833,9054.4493676665,0,2.100077999784844,55.62645600002725,0.48859299977266346,0.16148799977599992,0.9333319999313971,0.06610600030398928,59.38621199993577,21.74716891299977,9113.835579666436,0.8116728515593873,0.32150202989578247,0.009696943383425034,-1.0421862151395973,1,0,0,1
380,12.666666666666666,380,21.747174403999907,9080.50773733324,0,2.0335710000836116,55.791940999824874,0.5175879996386357,0.17636599977777223,0.9534999999232241,0.07139600029404392,59.555123999871284,21.806729527999778,9140.062861333112,0.8118105147742662,0.3210638761520386,0.009981502938135968,-0.9294668322583399,1,0,0,1
381,12.7,381,21.806735318999927,9106.735318999927,0,2.120887999808474,55.83716799992544,0.5008249995626102,0.15273200006049592,1.0841090002031706,0.08377999984077178,59.792365999783215,21.86652768499971,9166.52768499971,0.8118525297161123,0.32327917218208313,0.010279618519876639,-0.7982180951172607,1,0,0,1
382,12.733333333333333,382,21.866535830999965,9133.202497666633,0,2.543834999869432,58.80793799997264,0.6262259998948139,0.21612199998344295,1.1931170001844293,0.0814949999039527,63.482829999884416,21.93001866099985,9196.685327666517,0.812484100688001,0.32598876953125,0.009987117173871109,-0.9029664362346866,1,0,0,1
383,12.766666666666667,383,21.930025735000072,9163.359068333404,0,9.185089999846241,57.22910499980571,0.6738559995937976,0.2225749999524851,1.3748740002483828,0.08366000020032516,68.78474899986031,21.998810483999932,9232.143817333264,0.812734868270452,0.3199322521686554,0.010042641736500497,-0.9103537644868402,1,0,0,1
384,12.8,384,21.99881709600004,9198.817096000039,0,8.185120999769424,54.17939400012983,0.5209649998505483,0.19686599989654496,0.9373689999847556,0.060215000303287525,64.09426699974574,22.062911362999785,9262.911362999785,0.8128779658675243,0.32324057817459106,0.010165048317194482,-0.8446594789839346,1,0,0,1
385,12.833333333333334,385,22.062917275000018,9229.583941666684,0,2.130005000253732,54.319450999628316,0.47248200007743435,0.25490600000921404,0.9386920000906684,0.06033499994373415,58.185960999708186,22.121103235999726,9287.769902666392,0.8129780884300333,0.32348179817199707,0.010331788527999965,-0.776160235129925,1,0,0,1
386,12.866666666666667,386,22.121108886000002,9254.442219333334,0,2.0125619998907496,56.067988999984664,0.5107950000819983,0.16733899974497035,0.9778970002116694,0.06858100005047163,59.81640299978608,22.180925288999788,9314.25862233312,0.8136533013053329,0.32719874382019043,0.00993796533118061,-0.9168548852141547,1,0,0,1
387,12.9,387,22.180930568999884,9280.930568999884,0,2.10154100022919,55.04103799967197,0.5082500001662993,0.16686800017851056,1.0063499998977932,0.06398200002877275,58.89886099976138,22.239829429999645,9339.829429999645,0.8141905793195272,0.3266294300556183,0.009692987471319227,-1.0185527682241382,1,0,0,1
388,12.933333333333334,388,22.239835331999984,9306.50199866665,0,2.1469070002240187,55.68566900001315,0.47115899997152155,0.14676000000690692,0.9142940002675459,0.06694800003970158,59.44275899992135,22.299278090999906,9365.944757666572,0.8145952239718164,0.3291504383087158,0.00965227058129884,-1.022584851633831,1,0,0,1
389,12.966666666666667,389,22.299283230999663,9332.616564332997,0,2.321490999747766,54.94933299996774,0.9074219997273758,0.14252200026021455,1.050745000156894,0.06396200024028076,59.44626700011213,22.358729497999775,9392.062831333109,0.8148863412282429,0.3331451416015625,0.009790467850945374,-0.9471384751104448,1,0,0,1
390,13.0,390,22.35873509899966,9358.73509899966,0,2.233321999938198,54.39017600019724,0.5194109999138163,0.2614599998196354,0.9967229998437688,0.0710250001247914,58.484170000156155,22.417219268999816,9417.219268999816,0.8152609840423611,0.3317570984363556,0.009892888236379523,-0.9126219803371471,1,0,0,1
391,13.033333333333333,391,22.417232994999722,9383.899661666388,0,2.418125000076543,54.935276999913185,0.5761390002589906,0.31962999992174446,0.8943670000007842,0.06469399977504509,59.218802000032156,22.476451796999754,9443.11846366642,0.8153242199829098,0.3358977735042572,0.010231572980087901,-0.7555214305279266,1,0,0,1
392,13.066666666666666,392,22.476456986999892,9409.790320333226,0,2.20281400015665,56.85601300001508,0.515964999976859,0.18023399979938404,0.9503040000709007,0.06538500019814819,60.783239000102185,22.537240225999994,9470.573559333328,0.8149631435848624,0.3340573012828827,0.010876059543980944,-0.5044015348968869,1,0,0,1
393,13.1,393,22.537246246999985,9437.246246999985,0,2.1869140000490006,55.98242600035519,0.5063869998593873,0.18675600040296558,0.9684480000942131,0.0679290001244226,59.910673000104,22.59715692000009,9497.156920000089,0.8150927583366592,0.3397285044193268,0.010838424695445721,-0.49168822793059724,1,0,0,1
394,13.133333333333333,394,22.597162279999793,9463.828946666461,0,2.1540610000556626,55.29462300000887,0.46902499980205903,0.1394159999108524,0.9101870000449708,0.06361200030369218,59.040642000127264,22.65620292199992,9522.869588666588,0.8153496785636359,0.3407818377017975,0.01063310874557303,-0.5693902070496679,1,0,0,1
395,13.166666666666666,395,22.656208422999953,9489.541756333287,0,2.1779570001854154,54.45136300022568,0.6612919996769051,0.20511200000328245,1.2290460003896442,0.09380899973621126,58.83284599985927,22.715041268999812,9548.374602333146,0.8154218842879527,0.341010183095932,0.010583076651574964,-0.5884643170986446,1,0,0,1
396,13.2,396,22.715049103999718,9515.049103999718,0,8.930904999942868,57.11694100000386,0.6411330000446469,0.1536030003990163,1.0773060002975399,0.06659700011368841,67.9978870002742,22.783046990999992,9583.046990999992,0.8153618679691812,0.33908507227897644,0.010667509046607189,-0.5638522451530671,1,0,0,1
397,13.233333333333333,397,22.78305241199996,9549.719078666629,0,2.25607599986688,50.48048500020741,0.40039400028035743,0.08734700031709508,0.8637580003778567,0.06367099967974355,54.16119899973637,22.837213610999697,9603.880277666365,0.8156769521961408,0.3389199376106262,0.010452105915727296,-0.6516220967952937,1,0,0,1
398,13.266666666666667,398,22.837219041000026,9570.552374333358,0,2.1545419999711157,51.91905999981827,0.47619799988751765,0.21904799996264046,0.9224999998878047,0.06545500036736485,55.76671399967381,22.8929857549997,9626.319088333032,0.8158253589280914,0.34760257601737976,0.010449747648647097,-0.6098494041875426,1,0,0,1
399,13.3,399,22.89299109600006,9592.99109600006,0,2.0321780002632295,51.62813500010088,0.41590399996493943,0.07007300018813112,0.852346999636211,0.06209899993336876,55.068640999706986,22.948059736999767,9648.059736999767,0.8158318040769786,0.35611703991889954,0.0105622225908737,-0.5225466002692035,1,0,0,1
400,13.333333333333334,400,22.948064766999778,9614.731433666444,0,2.0200549997753114,53.62899399960952,0.505395000345743,0.16781000022092485,0.9557949997542892,0.06654699973296374,57.35496500028603,23.005419732000064,9672.08639866673,0.8161660249800828,0.3596387803554535,0.010330481635025986,-0.5987699282329293,1,0,0,1
401,13.366666666666667,401,23.005441233000056,9638.774566333388,0,2.2230930003388494,54.764741999861144,0.5119469997225679,0.18683700000110548,1.0105790001944115,0.06619599980695057,58.77365299966186,23.064214885999718,9697.54821933305,0.8168945750345163,0.35658174753189087,0.009802970833317888,-0.8267664206823073,1,0,0,1
402,13.4,402,23.064221048000036,9664.221048000036,0,2.208846000030462,54.519102000085695,0.5284789999677741,0.2564289998190361,0.9854009999799018,0.067618999764818,58.57697700002973,23.122798025000066,9722.798025000066,0.8170484848514786,0.3583247661590576,0.009953466725949496,-0.7574350246782549,1,0,0,0
403,13.433333333333334,403,23.122803616000056,9689.470282666722,0,2.4017240002649487,54.347865999716305,0.6430569997064595,0.2224049999313138,1.2891400001535658,0.08306900008392404,58.99981399988974,23.181803429999945,9748.470096666611,0.8176065647528409,0.36484435200691223,0.009701168305434056,-0.8272057913031385,1,0,0,0
404,13.466666666666667,404,23.18181019299982,9715.143526333153,0,2.847776000180602,54.03814500004955,0.4980310000064492,0.15956400011418737,0.9337830001641123,0.0646630001028825,58.55276100010087,23.24036295399992,9773.696287333254,0.8182371730749436,0.3685225248336792,0.009514250152296906,-0.8845645981089758,1,0,0,0
405,13.5,405,23.240368093999678,9740.368093999678,0,2.161525000246911,52.32330200033175,0.4926609999529319,0.1531519997115538,0.9235729999090836,0.07614500009367475,56.14072800017311,23.29650882199985,9796.50882199985,0.8186357322815545,0.36425530910491943,0.009633477969401179,-0.8574305818405896,1,0,0,0
406,13.533333333333333,406,23.296514341999682,9763.181008666348,0,2.2516770000038377,51.87041799990766,0.49883199972100556,0.14937600008124718,0.9883160000754287,0.07145600011426723,55.839442999968014,23.35235378499965,9819.020451666316,0.8189319023873055,0.3796348571777344,0.009772597175409715,-0.725590545174859,1,0,0,0
407,13.566666666666666,407,23.352359716999672,9785.693050333006,0,2.280421999785176,52.16926799994326,0.48835200004759827,0.12800400008927681,0.9396639998158207,0.0646729999971285,56.08214600033534,23.408441863000007,9841.775196333341,0.8192061487903435,0.37752678990364075,0.009969205156328466,-0.6565939701523805,1,0,0,0
408,13.6,408,23.40844732300002,9808.447323000019,0,2.210118000220973,52.60045099976196,0.5078089998278301,0.1547650003885792,0.9440409999115218,0.06636699981754646,56.49397199977102,23.46494129499979,9864.94129499979,0.8194477520708556,0.3787723481655121,0.010127497885191968,-0.5865628829309935,1,0,0,0
