sequence,frame,valid,relative_phase,predicted_phase,feature_raw,time_raw,P3
03,15,0,0.02727272727272727,0.848596558193226,1.3112592697143555,nan,nan
03,16,0,0.02909090909090909,0.8499389872235575,1.3390833139419556,nan,nan
03,17,0,0.03090909090909091,0.8540764960034538,1.3427399396896362,nan,nan
03,18,0,0.03272727272727273,0.865497957726454,1.3489887714385986,nan,nan
03,19,1,0.034545454545454546,0.891270095834025,1.3196978569030762,0.03249811387417724,60.253009840696876
03,20,1,0.03636363636363636,0.9431149855103534,0.44077861309051514,0.073674619140306,30.78591758490866
03,21,1,0.038181818181818185,0.01533243271640246,0.6540670990943909,0.12259806677465608,56.1869733435808
03,22,1,0.04,0.06532821055517361,0.38136035203933716,0.13227986043519002,46.08556859390342
03,23,1,0.04181818181818182,0.0846098606820735,0.3923652768135071,0.10160394735491003,37.11181253092082
03,24,1,0.04363636363636364,0.08685663343140283,0.3908132314682007,0.055515778892227204,22.76060883729736
03,25,1,0.045454545454545456,0.08442022327037799,0.39730727672576904,0.021003669841205108,12.381824146931173
03,26,1,0.04727272727272727,0.08151422652300883,0.3927535116672516,0.007731409880300721,8.05174355836112
03,27,1,0.04909090909090909,0.07841492563680032,0.37817731499671936,0.010179792513090343,8.109950862244032
03,28,1,0.05090909090909091,0.0794251585773601,0.3768409192562103,0.0076208258112122635,7.253065660367392
03,29,1,0.05272727272727273,0.08280801273014933,0.3890211284160614,0.003721384264076572,6.630266106178253
03,30,1,0.05454545454545454,0.08912357909606228,0.381059855222702,0.004338516056057741,6.438983532124275
03,31,1,0.056363636363636366,0.10524713810549552,0.37946179509162903,0.018559736922227635,10.767495409699263
03,32,1,0.05818181818181818,0.12388223156456475,0.3616214394569397,0.03048677726412309,13.605082269437148
03,33,1,0.06,0.1429659219437667,0.2744191586971283,0.03845619939652388,11.884658767082882
03,34,1,0.06181818181818182,0.16310221221325674,0.2719995379447937,0.04355301236260957,13.347253156696704
03,35,1,0.06363636363636363,0.1822707524432837,0.27271905541419983,0.044226894313337886,13.590565085258559
03,36,1,0.06545454545454546,0.19891255088093845,0.2581676244735718,0.04161278916654561,12.081764791006375
03,37,1,0.06727272727272728,0.21091713721595892,0.2542070746421814,0.034859795672472646,9.799642482026751
03,38,1,0.06909090909090909,0.2204432627707907,0.2593822479248047,0.027398117409256392,7.736861765299846
03,39,1,0.07090909090909091,0.2280896204149461,0.25859665870666504,0.02070921241402833,5.6271134545688675
03,40,1,0.07272727272727272,0.23204731383659444,0.2555026710033417,0.013212188842761026,3.1561429876917195
03,41,1,0.07454545454545454,0.23487285820532322,0.2511447072029114,0.007754042472575813,1.2560317301662134
03,42,1,0.07636363636363637,0.23666119878326392,0.25126394629478455,0.003553452803175412,-0.039448921218327715
03,43,1,0.07818181818181819,0.23705086207883377,0.2546260356903076,0.0011964029977769497,-0.6080769308090941
03,44,1,0.08,0.23628371885890376,0.25347498059272766,0.003118821540274931,-0.06786830720949272
03,45,1,0.08181818181818182,0.23797382215460097,0.2576916217803955,0.002487819500155074,-0.06077007116954991
03,46,1,0.08363636363636363,0.23901724002692842,0.25751692056655884,0.0022196426151470817,-0.15223516393744776
03,47,1,0.08545454545454545,0.238649273531342,0.25793060660362244,0.0031766194216495836,0.1640787382818402
03,48,1,0.08727272727272728,0.2388069316823979,0.25782981514930725,0.0034185641337207847,0.23418359201716907
03,49,1,0.0890909090909091,0.23945705071317186,0.25484731793403625,0.0033992483088203396,0.08492445910127033
03,50,1,0.09090909090909091,0.23954342085563307,0.25032100081443787,0.0036836853060018423,-0.04440505078233237
03,51,1,0.09272727272727273,0.24048022732851673,0.2495848536491394,0.0028784240402943296,-0.3292129738704735
03,52,1,0.09454545454545454,0.2411177911539767,0.25409597158432007,0.0026985986641280425,-0.1682082701447501
03,53,1,0.09636363636363636,0.2420535554933372,0.2566821575164795,0.00234054919266226,-0.15488320939380762
03,54,1,0.09818181818181818,0.24314000795163965,0.2545931339263916,0.001903222929401165,-0.3907072129482996
03,55,1,0.1,0.24388727742974725,0.2557317018508911,0.0020551002252951634,-0.288964986515342
03,56,1,0.10181818181818182,0.24483109250708543,0.25785595178604126,0.0019630476732646496,-0.2154334298662025
03,57,1,0.10363636363636364,0.2456666295546687,0.2564626932144165,0.0020558359639585733,-0.2536211010653249
03,58,1,0.10545454545454545,0.24712184379627358,0.25471365451812744,0.0015038902376865605,-0.5086180801591598
03,59,1,0.10727272727272727,0.2480717889657176,0.2562803030014038,0.0015494040294010015,-0.41925938288657805
03,60,1,0.10909090909090909,0.24998807866392764,0.2579061686992645,0.0007884906296536056,-0.5768613932354703
03,61,1,0.11090909090909092,0.25102870558179535,0.2638508081436157,0.0009278618365263657,-0.24811505426034364
03,62,1,0.11272727272727273,0.2531101904765682,0.26215648651123047,0.0003787419612866729,-0.49960813052461034
03,63,1,0.11454545454545455,0.25491324038259594,0.26200637221336365,0.00020317573198962385,-0.5612042677883377
03,64,1,0.11636363636363636,0.2563442057785346,0.2705109417438507,0.00027139096532675705,-0.1315237093443843
03,65,1,0.11818181818181818,0.2580727351385528,0.2700839638710022,0.00016262987470858092,-0.18572594943279458
03,66,1,0.12,0.26003743838171384,0.2711613178253174,0.0001828632644760975,-0.12770345624204849
03,67,1,0.12181818181818181,0.26130514088935114,0.26677224040031433,0.00028124620417301234,-0.30807374576183943
03,68,1,0.12363636363636364,0.26210449661313157,0.26581454277038574,0.0010798656070813862,-0.10669359892220834
03,69,1,0.12545454545454546,0.26311697518156535,0.2677256762981415,0.00150745974729684,0.11757007096496017
03,70,1,0.12727272727272726,0.26356378382128276,0.2683655619621277,0.002321711118332641,0.40053855121846826
03,71,1,0.1290909090909091,0.2645333359649002,0.27013257145881653,0.0022337453346073666,0.45817464217372694
03,72,1,0.13090909090909092,0.26509658724069746,0.2689180076122284,0.0024775428276973977,0.4753490947806858
03,73,1,0.13272727272727272,0.2661043882260185,0.27095818519592285,0.0022177644992677926,0.49288581499872947
03,74,1,0.13454545454545455,0.26701948077781473,0.26433324813842773,0.002049525208584856,0.12251635590247943
03,75,1,0.13636363636363635,0.26818577914618486,0.26289650797843933,0.0017471510793477408,-0.04016883973323861
03,76,1,0.13818181818181818,0.26865369602467665,0.2647458612918854,0.0021923449961771136,0.18657883002075487
03,77,1,0.14,0.2695498060781389,0.26299235224723816,0.002185512138709671,0.1002256883885253
03,78,1,0.14181818181818182,0.26987776129751306,0.2597866356372833,0.0027189113823655898,0.11145686163773695
03,79,1,0.14363636363636365,0.27027384035990903,0.2638247311115265,0.0030374024498941877,0.4041006623470608
03,80,1,0.14545454545454545,0.27076780614703355,0.26467207074165344,0.003065451966200715,0.4534947210602336
03,81,1,0.14727272727272728,0.2710911755382205,0.25995245575904846,0.003270610105603021,0.29032134346448013
03,82,1,0.14909090909090908,0.2714835274175035,0.25500500202178955,0.0032636005913404416,0.05048008150478578
03,83,1,0.1509090909090909,0.2723380007553649,0.25587090849876404,0.0028105687834765903,-0.04825758669549296
03,84,1,0.15272727272727274,0.27324871102845616,0.2592295706272125,0.002415898609249333,-0.00916759183471444
03,85,1,0.15454545454545454,0.27466001306332,0.26410025358200073,0.0016248227947411476,-0.020235700001384735
03,86,1,0.15636363636363637,0.27619180856516556,0.266618549823761,0.00098523667417043,-0.09738305933588892
03,87,1,0.15818181818181817,0.2776956049745065,0.2620348036289215,0.0006585105517449996,-0.4187902451063365
03,88,1,0.16,0.27900292840940266,0.2621591091156006,0.0006905881716342698,-0.4028821297719202
03,89,1,0.1618181818181818,0.28049000033774374,0.2567841708660126,0.0006420705885298183,-0.6761171281650821
03,90,1,0.16363636363636364,0.2809781489971266,0.2564581334590912,0.0016114187477529063,-0.3915064313721254
03,91,1,0.16545454545454547,0.2816125907930329,0.2586476802825928,0.0021735620598368355,-0.1121890659163236
03,92,1,0.16727272727272727,0.28276449901779027,0.2593638002872467,0.0020009002897111317,-0.1312726033667155
03,93,1,0.1690909090909091,0.2844861808813435,0.26364877820014954,0.001231555575396416,-0.1637457002366496
03,94,1,0.1709090909090909,0.2865274025202792,0.26188287138938904,0.0005328078420263734,-0.46502758553057794
03,95,1,0.17272727272727273,0.2889289718551919,0.2604956328868866,0.0008368213789055734,-0.4374952124750713
03,96,1,0.17454545454545456,0.2911731681446679,0.26159775257110596,0.001251922402841844,-0.255965598206524
03,97,1,0.17636363636363636,0.29311276497274175,0.2605592906475067,0.00108935194919625,-0.3562112478498049
03,98,1,0.1781818181818182,0.2954743353736266,0.26149389147758484,0.001294276327231515,-0.2478350691734998
03,99,1,0.18,0.29704678315792793,0.26492562890052795,0.0006926634406803121,-0.2693388766018532
03,100,1,0.18181818181818182,0.2988872350396727,0.26361554861068726,0.0004409899542567442,-0.4102340362782247
03,101,1,0.18363636363636363,0.30102746263586033,0.2638688385486603,0.0006527008266932599,-0.3324850028557156
03,102,1,0.18545454545454546,0.3031891787869053,0.2629067599773407,0.0008357425619586035,-0.32200164733454195
03,103,1,0.18727272727272729,0.304983423923552,0.26346489787101746,0.0007012768452855212,-0.3368425425014769
03,104,1,0.1890909090909091,0.3071981046643213,0.2648332715034485,0.0009317973946488101,-0.19969954379080973
03,105,1,0.19090909090909092,0.3087934504650398,0.26515141129493713,0.0005006493234809049,-0.31797240414363404
03,106,1,0.19272727272727272,0.31175506863380426,0.2620425820350647,0.0014695470006747657,-0.16718334457373038
03,107,1,0.19454545454545455,0.3136585886767469,0.2709053158760071,0.0012315945818926876,0.18486203424974912
03,108,1,0.19636363636363635,0.3162648181356787,0.27138060331344604,0.0016690328525257158,0.3431987214661721
03,109,1,0.19818181818181818,0.31787219127335026,0.2704750895500183,0.001054937488157136,0.10947172509289821
03,110,1,0.2,0.31894048215104526,0.267721563577652,0.0004830451553495145,-0.19995848020078294
03,111,1,0.2018181818181818,0.31958309431468673,0.2672230005264282,0.0013454079176934298,0.043223619677626945
03,112,1,0.20363636363636364,0.32071117965500395,0.27257293462753296,0.0016984489868611275,0.40958911514185037
03,113,1,0.20545454545454545,0.32192597105165566,0.26620665192604065,0.0015952479700407796,0.07179189497208754
03,114,1,0.20727272727272728,0.3227681801435724,0.26689013838768005,0.001766483822700381,0.15766919958553754
03,115,1,0.20909090909090908,0.32445230399844505,0.2629210650920868,0.0010392844659595103,-0.2582636535530094
03,116,1,0.2109090909090909,0.325336533273509,0.2652285099029541,0.0013723576118351722,-0.044241239980187
03,117,1,0.21272727272727274,0.3255274490960582,0.26967716217041016,0.0023377801939121912,0.46852399092541386
03,118,1,0.21454545454545454,0.32565880321399715,0.2717139720916748,0.0031067955870739,0.8045864281429296
03,119,1,0.21636363636363637,0.32589367233160493,0.2676753103733063,0.0035945822370722787,0.7616745573743712
03,120,1,0.21818181818181817,0.3261824176136186,0.26518818736076355,0.003666179038348581,0.6643744596361236
03,121,1,0.22,0.32637439348424246,0.27467063069343567,0.003685674252752112,1.1259390324846081
03,122,1,0.22181818181818183,0.3259520326195623,0.27143970131874084,0.004319771214478381,1.1671519564424495
03,123,1,0.22363636363636363,0.32643816405072873,0.27015531063079834,0.00390694713470323,0.9775715793196991
03,124,1,0.22545454545454546,0.3259305811338255,0.2676563858985901,0.004550652981387392,1.0569256833073015
03,125,1,0.22727272727272727,0.3266155135537748,0.2722885310649872,0.0038027614414897644,1.0477756080185159
03,126,1,0.2290909090909091,0.32712866497035664,0.26941582560539246,0.003349890042291097,0.769489049102134
03,127,1,0.2309090909090909,0.32796115521785907,0.26766374707221985,0.0028115578824872024,0.518563088643653
03,128,1,0.23272727272727273,0.32797228160336456,0.2683948874473572,0.0031811792887643394,0.6681831516849202
03,129,1,0.23454545454545456,0.3281450892595468,0.27277299761772156,0.0035187967499668723,0.9830856109237216
03,130,1,0.23636363636363636,0.32819886965224004,0.26861387491226196,0.0038474102837166165,0.885080177327298
03,131,1,0.2381818181818182,0.32812699354610214,0.2654106020927429,0.004186837560325342,0.8363424161347894
03,132,1,0.24,0.32892374956020753,0.26261386275291443,0.0034315411282807174,0.46802354803109664
03,133,1,0.24181818181818182,0.3297395254396329,0.2630771994590759,0.0028536322380660773,0.31126395620907815
03,134,1,0.24363636363636362,0.3311028030145468,0.26222190260887146,0.0018889637081736955,-0.0286470678369101
03,135,1,0.24545454545454545,0.33270314117625704,0.26595965027809143,0.0010146088870401516,-0.11993725398881366
03,136,1,0.24727272727272728,0.33351454244555784,0.2693932354450226,0.001347244525278084,0.1480481099172222
03,137,1,0.24909090909090909,0.3352328860346534,0.2699398696422577,0.0007868745174329463,0.0007230195260408689
03,138,1,0.2509090909090909,0.33651737031450435,0.263386607170105,0.0008654550264243377,-0.2897463706554903
03,139,1,0.25272727272727274,0.3374501506680376,0.26278939843177795,0.0012863164978804287,-0.18806611939605633
03,140,1,0.2545454545454545,0.33861120291247626,0.2619096636772156,0.0013120166263868738,-0.2223664759542347
03,141,1,0.25636363636363635,0.33923357439396873,0.25814545154571533,0.001963810261624054,-0.2012899717035929
03,142,1,0.2581818181818182,0.3403443187273055,0.2595938444137573,0.0018532380181161424,-0.16596261447180016
03,143,1,0.26,0.34105362526182953,0.26686251163482666,0.0021006685867923525,0.25986182807630603
03,144,1,0.26181818181818184,0.3431563353175156,0.2603239417076111,0.0011012857727623294,-0.3638204198160213
03,145,1,0.2636363636363636,0.34493455940087875,0.2604001760482788,0.0005397760047522023,-0.5340960349599543
03,146,1,0.26545454545454544,0.34705470953574885,0.260771244764328,0.00047840802000984853,-0.5352801695017313
03,147,1,0.2672727272727273,0.3491171602798634,0.25714337825775146,0.0008228707276953085,-0.6028551028311109
03,148,1,0.2690909090909091,0.35110582966688797,0.256033331155777,0.0007956563602114342,-0.6646106212409365
03,149,1,0.27090909090909093,0.353032969182497,0.2567492723464966,0.0007354222884774065,-0.6488762320925955
03,150,1,0.2727272727272727,0.35441177130033136,0.2567605674266815,0.00029393938917323043,-0.7850909566689039
03,151,1,0.27454545454545454,0.35519179018678576,0.25730448961257935,0.0009696245937840675,-0.5496558312531608
03,152,1,0.27636363636363637,0.3569592216320621,0.25918224453926086,0.0007556699132414648,-0.5257270018540556
03,153,1,0.2781818181818182,0.35865993894429543,0.2592637836933136,0.0005212250352650667,-0.5944335042614927
03,154,1,0.28,0.3601488439931623,0.25720682740211487,0.0004013186958812131,-0.7303904593440217
03,155,1,0.2818181818181818,0.36193312947951145,0.25687190890312195,9.454769127941875e-05,-0.8415074324368269
03,156,1,0.28363636363636363,0.3642114816602884,0.25599488615989685,0.0005417159748556788,-0.7451201096581697
03,157,1,0.28545454545454546,0.36671660165868164,0.259449303150177,0.0012337709661923556,-0.36479735231717747
03,158,1,0.2872727272727273,0.3688685137018027,0.26084110140800476,0.0013715173307168437,-0.25526754647270045
03,159,1,0.28909090909090907,0.37028701340701775,0.25934335589408875,0.0007497461907992928,-0.5198223796323005
03,160,1,0.2909090909090909,0.3717043528167925,0.25881829857826233,0.0004118818030421277,-0.6497051397044458
03,161,1,0.2927272727272727,0.3736692353796241,0.260976105928421,0.0001836431583365773,-0.6167476334803341
03,162,1,0.29454545454545455,0.3753240438129828,0.2609498202800751,0.0001647698153265136,-0.6238567254889394
03,163,1,0.2963636363636364,0.37668192448979615,0.2594742178916931,0.00030871903748304504,-0.650152072630107
03,164,1,0.29818181818181816,0.3782155734971628,0.26105815172195435,0.0003737978008109421,-0.5539024028936427
03,165,1,0.3,0.37994415840286383,0.2598011791706085,0.0002884140834180606,-0.64073505952384
03,166,1,0.3018181818181818,0.381539445907509,0.26174572110176086,0.00024646131636725684,-0.5603171507675596
03,167,1,0.30363636363636365,0.3827475172207095,0.2634733319282532,0.0005922405267983088,-0.3702133554164914
03,168,1,0.3054545454545455,0.38440698781188476,0.26286581158638,0.00044916811835139954,-0.4437171986380308
03,169,1,0.30727272727272725,0.3854144325890087,0.2591743767261505,0.0009895769199079075,-0.4536480290788516
03,170,1,0.3090909090909091,0.38712411569225713,0.25671592354774475,0.0006534074801849656,-0.6758838425606852
03,171,1,0.3109090909090909,0.38862761590198663,0.25873929262161255,0.0005401295996532873,-0.6137734155310848
03,172,1,0.31272727272727274,0.3897772789705072,0.25527840852737427,0.0008604912014520005,-0.680792461718265
03,173,1,0.3145454545454546,0.3902635673154686,0.2574087679386139,0.0017167756461461837,-0.31320284562283895
03,174,1,0.31636363636363635,0.39133176508580236,0.25599509477615356,0.001860861557427389,-0.33648084266287503
03,175,1,0.3181818181818182,0.3932143672262549,0.2553498446941376,0.0011225764009524476,-0.5961751119712209
03,176,1,0.32,0.39505546713728795,0.25772929191589355,0.0005714713627495545,-0.6525839987262304
03,177,1,0.32181818181818184,0.39610366524699925,0.2592092454433441,0.0006071086173790751,-0.570449462866627
03,178,1,0.3236363636363636,0.3978187400872452,0.25938907265663147,0.0003606992455037441,-0.6381405396994877
03,179,1,0.32545454545454544,0.39941695191967036,0.2590920329093933,0.0003755901779513448,-0.6477972484270884
03,180,1,0.32727272727272727,0.40061975038208913,0.2604137063026428,0.0007234378888864456,-0.4765534609246721
03,181,1,0.3290909090909091,0.40191567929221056,0.26111677289009094,0.0008185797899652891,-0.4133070300028982
03,182,1,0.33090909090909093,0.40395251462806153,0.26063451170921326,0.00040426919870766985,-0.5648145100353621
03,183,1,0.3327272727272727,0.4057652988028264,0.2607628405094147,0.0002660048711055153,-0.6014796239850384
03,184,1,0.33454545454545453,0.4072395182056345,0.26241737604141235,0.00018350489664432695,-0.5475535183580885
03,185,1,0.33636363636363636,0.4087702994398842,0.2659609615802765,0.0002241598007708044,-0.36473018687958164
03,186,1,0.3381818181818182,0.40956382906327465,0.2647823691368103,0.0011125608790018716,-0.14615006996636584
03,187,1,0.34,0.4103681688486401,0.2634069621562958,0.0017110497024397254,-0.026830268820195985
03,188,1,0.3418181818181818,0.4115611080993521,0.26687803864479065,0.0016688279631811454,0.1268372700977735
03,189,1,0.34363636363636363,0.41306778329608274,0.26629436016082764,0.0012425502398798628,-0.033249215497562074
03,190,1,0.34545454545454546,0.4141986126579837,0.27017131447792053,0.0011860918420285738,0.13550616049275566
03,191,1,0.3472727272727273,0.4148467249389638,0.2661449611186981,0.0016966754597257262,0.10024734281296185
03,192,1,0.3490909090909091,0.41528824565243344,0.26763901114463806,0.0023747937688370236,0.38207920560866304
03,193,1,0.3509090909090909,0.4160131417557679,0.2643153965473175,0.002581682053772837,0.28650401092544153
03,194,1,0.3527272727272727,0.4164032168428544,0.26776671409606934,0.002927946581607681,0.5595630133719616
03,195,1,0.35454545454545455,0.416623146377536,0.2695949077606201,0.003259168093143737,0.7499891805772403
03,196,1,0.3563636363636364,0.4173420510489168,0.2705828845500946,0.002984368781406026,0.7123263735773768
03,197,1,0.35818181818181816,0.41853451389626894,0.2723022997379303,0.0023053572831747016,0.5845889701434087
03,198,1,0.36,0.4193383438530943,0.2662813365459442,0.002131870361474596,0.24160816607857358
03,199,1,0.3618181818181818,0.4203676614957693,0.2676711976528168,0.0018363344713595731,0.21682788458302918
03,200,1,0.36363636363636365,0.42140056147274113,0.26436907052993774,0.001739563273946131,0.028220896692505312
03,201,1,0.3654545454545455,0.42311740696548383,0.26306912302970886,0.0010468716988958583,-0.24880083912183534
03,202,1,0.36727272727272725,0.4253591086148382,0.2648060619831085,0.0004948020969296314,-0.33637386880635767
03,203,1,0.3690909090909091,0.4273008763052212,0.26378703117370605,0.0004952094948382069,-0.3852007278116882
03,204,1,0.3709090909090909,0.42891395396862,0.2671968638896942,0.0004173410588095603,-0.2455174788688544
03,205,1,0.37272727272727274,0.43023768959288805,0.2687872648239136,0.0003441846189898211,-0.191777995768319
03,206,1,0.37454545454545457,0.43206963609580146,0.26582071185112,0.000194830014587001,-0.38055305384818
03,207,1,0.37636363636363634,0.43423714770245825,0.26148778200149536,0.00036212653865071,-0.5368788476071804
03,208,1,0.3781818181818182,0.43618885603819274,0.2620393931865692,0.0005797670250759624,-0.44296200219192394
03,209,1,0.38,0.43800984134927073,0.2758990228176117,0.0005820268187607514,0.2235385385333747
03,210,1,0.38181818181818183,0.44001618794655906,0.27609220147132874,0.0006453354769534026,0.2524296208894818
03,211,1,0.3836363636363636,0.4418560496416803,0.2774505615234375,0.0004985592093852254,0.27221705367243376
03,212,1,0.38545454545454544,0.4435235410816512,0.2753826379776001,0.0002764758792001596,0.10408207019259019
03,213,1,0.38727272727272727,0.4450694361145965,0.27107474207878113,0.00016066270749170205,-0.13873947943727288
03,214,1,0.3890909090909091,0.4462610435375374,0.27193140983581543,0.0005997423317591776,0.038426714914170046
03,215,1,0.39090909090909093,0.4471738070085682,0.2768789231777191,0.001248192758473059,0.4769687848742147
03,216,1,0.3927272727272727,0.44751332149875345,0.27653926610946655,0.0022381176100097367,0.7672992122028283
03,217,1,0.39454545454545453,0.44773671189529396,0.274448961019516,0.0030121723177447975,0.9066608512113099
03,218,1,0.39636363636363636,0.4477135157077905,0.27570825815200806,0.0037021874504226267,1.180900714000412
03,219,1,0.3981818181818182,0.4479155166010251,0.2730822265148163,0.0038633045997512757,1.1046581568795237
03,220,1,0.4,0.4485758443838559,0.27307042479515076,0.0033884042150347394,0.9569822172478498
03,221,1,0.4018181818181818,0.44893072815287965,0.2733200490474701,0.003299151167286617,0.9413261280530679
03,222,1,0.4036363636363636,0.44953562703621675,0.2768915295600891,0.0029927563483459086,1.0179845619237418
03,223,1,0.40545454545454546,0.4498744200262728,0.2776908874511719,0.0031094911903964285,1.0925455200634568
03,224,1,0.4072727272727273,0.45057083694905914,0.27639085054397583,0.002902800123922038,0.9660669524369205
03,225,1,0.4090909090909091,0.4507628355124993,0.27485519647598267,0.0032095497017826254,0.9873171521729325
03,226,1,0.4109090909090909,0.4510920149850408,0.27515044808387756,0.0033383970691460304,1.0414135034684664
03,227,1,0.4127272727272727,0.45160877835157326,0.275988906621933,0.0032107306898196564,1.0421451047906338
03,228,1,0.41454545454545455,0.4525747521105001,0.27582722902297974,0.002678346512217893,0.8694626554177181
03,229,1,0.4163636363636364,0.45292157896044855,0.2777257561683655,0.0028324984526296604,1.0084170535334651
03,230,1,0.41818181818181815,0.4536405384498017,0.2778969705104828,0.0026532248252638824,0.9611087376310814
03,231,1,0.42,0.45463722996729605,0.27747005224227905,0.002293664173959724,0.8292196528137254
03,232,1,0.4218181818181818,0.45563337453751906,0.2772955000400543,0.002054632507667369,0.7467899779593976
03,233,1,0.42363636363636364,0.456412002488586,0.27723705768585205,0.002040660163355206,0.7396542882530437
03,234,1,0.4254545454545455,0.45704653011464813,0.27922406792640686,0.002278738419327424,0.9088570084847039
03,235,1,0.42727272727272725,0.45750504370499745,0.2791210114955902,0.0026717227451897464,1.0256403123792202
03,236,1,0.4290909090909091,0.45815374253349644,0.2769407033920288,0.002739977351116101,0.942043941361679
03,237,1,0.4309090909090909,0.458505902841704,0.27663230895996094,0.0030179090419028987,1.0133234075813657
03,238,1,0.43272727272727274,0.45873006036528785,0.2769281566143036,0.0033172266065985153,1.1202546245668539
03,239,1,0.43454545454545457,0.4591058214935967,0.2760572135448456,0.0033623480409496072,1.0923927117345429
03,240,1,0.43636363636363634,0.4593817571686604,0.2750696539878845,0.0034866068130357127,1.0834429023548873
03,241,1,0.4381818181818182,0.4600067076702659,0.27716007828712463,0.003168659970221187,1.0853746652311687
03,242,1,0.44,0.4604433089734987,0.27685967087745667,0.0031072598741288694,1.0519236495281616
03,243,1,0.44181818181818183,0.46068903733723415,0.2760228216648102,0.0032898436624461554,1.0682810207947844
03,244,1,0.44363636363636366,0.4609276777752595,0.2925552427768707,0.0034470071853301572,1.9111636002808914
03,245,1,0.44545454545454544,0.462573806603204,0.3045399785041809,0.002187358509035441,2.0966974003378365
03,246,1,0.44727272727272727,0.4649178433691766,0.3195388913154602,0.001105508352337315,2.482105083622033
03,247,1,0.4490909090909091,0.4679162181676421,0.3382120728492737,0.001394644723248668,3.468708291080848
03,248,1,0.4509090909090909,0.4717091430243462,0.3481614291667938,0.003380774372350777,4.56190347091746
03,249,1,0.4527272727272727,0.47593044692871045,0.35719287395477295,0.004906711964443351,5.46845041805112
03,250,1,0.45454545454545453,0.4807905445280118,0.36607593297958374,0.006427649482368082,6.366320221698995
03,251,1,0.45636363636363636,0.486125032266617,0.3765718638896942,0.00779396193126451,7.293772602871076
03,252,1,0.4581818181818182,0.49191758224474835,0.3612701892852783,0.009034308384652091,6.942917693918937
03,253,1,0.46,0.49938605510370915,0.35123324394226074,0.0114506714385124,7.209266720789986
03,254,1,0.4618181818181818,0.5065418796618509,0.34470996260643005,0.012742593952904514,7.296092259883505
03,255,1,0.4636363636363636,0.5123388623557712,0.3505292534828186,0.012101742863364946,7.377129006199835
03,256,1,0.46545454545454545,0.517943219095151,0.2906060814857483,0.011152642080456172,4.204488177423016
03,257,1,0.4672727272727273,0.5229846198518496,0.27931827306747437,0.0096876336245542,3.208422043022706
03,258,1,0.4690909090909091,0.5279050117962629,0.27905383706092834,0.008708384381932372,2.8923786484880343
03,259,1,0.4709090909090909,0.5326905370826494,0.2809852063655853,0.008153126634715803,2.8131582415598926
03,260,1,0.4727272727272727,0.5376013212313557,0.27825018763542175,0.007975992101702646,2.6269004836679284
03,261,1,0.47454545454545455,0.5434999343849788,0.27776625752449036,0.008960079721274506,2.9084920130360725
03,262,1,0.4763636363636364,0.5513878467442954,0.2776915431022644,0.011719163447308846,3.7595789938261537
03,263,1,0.4781818181818182,0.5620809655310153,0.2754003703594208,0.01654157349702058,5.143342601649485
03,264,1,0.48,0.5741587290878407,0.26069578528404236,0.02127172994175454,5.902203056374371
03,265,1,0.4818181818181818,0.5861342798467659,0.2556731402873993,0.024107928736558495,6.539484982317283
03,266,1,0.48363636363636364,0.5965344022241843,0.26090532541275024,0.0238494647485301,6.710769182488474
03,267,1,0.48545454545454547,0.6041588711538327,0.2623796761035919,0.020187294808206288,5.647171786740084
03,268,1,0.48727272727272725,0.6088350875707934,0.2643652856349945,0.014344034819462627,3.9325025117106263
03,269,1,0.4890909090909091,0.6119255249941392,0.26362648606300354,0.008765382622070257,2.1689228416884587
03,270,1,0.4909090909090909,0.6140326471509727,0.2642570734024048,0.00442469349206044,0.8546084205574499
03,271,1,0.49272727272727274,0.6147627212800202,0.263852059841156,0.0015432604858515047,-0.057424042353719576
03,272,1,0.49454545454545457,0.6150269563897417,0.2608133554458618,0.0016065210324145585,-0.1838037757595009
03,273,1,0.49636363636363634,0.615221664084044,0.2590615749359131,0.0029597805428493314,0.15123937337800203
03,274,1,0.49818181818181817,0.6153381503769,0.26473209261894226,0.0036673290224695384,0.6428204257797728
03,275,1,0.5,0.6155989685913581,0.26482921838760376,0.00373288661449324,0.6677938869721386
03,276,1,0.5018181818181818,0.6160371005421243,0.26710599660873413,0.0035038164915614663,0.7062090503718129
03,277,1,0.5036363636363637,0.6161495018433975,0.2675422728061676,0.0036439512283840277,0.7705765265454392
03,278,1,0.5054545454545455,0.6162533291987791,0.2585524320602417,0.003772083312840778,0.3784062411141215
03,279,1,0.5072727272727273,0.6166154754225128,0.2616209387779236,0.003638731794576787,0.4845056950764856
03,280,1,0.509090909090909,0.6169122387318768,0.2588330805301666,0.003596095193001457,0.3373727592404687
03,281,1,0.5109090909090909,0.617314023080026,0.2573927640914917,0.003413095392290387,0.21149412448578583
03,282,1,0.5127272727272727,0.6173733136541314,0.2589567303657532,0.003644935127342168,0.35844180846853924
03,283,1,0.5145454545454545,0.6181443943833549,0.2569226622581482,0.003153850511956756,0.10860517893955196
03,284,1,0.5163636363636364,0.6188024773902663,0.25682711601257324,0.00287799724525588,0.01856470070305355
03,285,1,0.5181818181818182,0.6200082265204567,0.2599518597126007,0.002144807779662793,-0.058444958371192235
03,286,1,0.52,0.6208130709890138,0.2608833611011505,0.0020135141712133587,-0.05436728639313264
03,287,1,0.5218181818181818,0.621282756912102,0.2600407004356384,0.0024037675818458105,0.02604033762096636
03,288,1,0.5236363636363637,0.6217548942076523,0.26029103994369507,0.0027162209184822973,0.13485443941451283
03,289,1,0.5254545454545455,0.6223104442363765,0.2605132460594177,0.002898775094104593,0.2020784269593698
03,290,1,0.5272727272727272,0.6231306195897601,0.2629657983779907,0.0026541541697008997,0.2441204315665712
03,291,1,0.5290909090909091,0.6237995276914476,0.25802773237228394,0.0025646332181999566,-0.02082926733901061
03,292,1,0.5309090909090909,0.6244056113622806,0.25463512539863586,0.0025877422422034436,-0.1766477316440182
03,293,1,0.5327272727272727,0.6252480884815923,0.2581408619880676,0.002407944411548778,-0.06393184868704066
03,294,1,0.5345454545454545,0.6260676231668986,0.25562945008277893,0.0023228207875464636,-0.2109457479443078
03,295,1,0.5363636363636364,0.6265140823280783,0.25554510951042175,0.002610612520651383,-0.1258486674742536
03,296,1,0.5381818181818182,0.6273558768443901,0.25363945960998535,0.002447456663497204,-0.2679343608290051
03,297,1,0.54,0.6283939839996551,0.25427913665771484,0.0021469158787596077,-0.33030297101588063
03,298,1,0.5418181818181819,0.6293626051471652,0.2600320875644684,0.0019647686107651264,-0.11036130007028498
03,299,1,0.5436363636363636,0.6301689754501323,0.2634020149707794,0.0019821438028647543,0.05690838358726999
03,300,1,0.5454545454545454,0.6315379299866564,0.2614682912826538,0.00152691254685418,-0.17700158876105876
03,301,1,0.5472727272727272,0.6316750940053254,0.2614905834197998,0.0024352618137517146,0.10544694311176145
03,302,1,0.5490909090909091,0.6326472678532711,0.260348916053772,0.002283365467223618,0.00354992182441409
03,303,1,0.5509090909090909,0.6331756722438735,0.2607237994670868,0.002576126753147655,0.11224699883993278
03,304,1,0.5527272727272727,0.6340967217422487,0.26200342178344727,0.0024067514532077217,0.12125150240184358
03,305,1,0.5545454545454546,0.6349773353544631,0.25627005100250244,0.0021658357798914497,-0.2288009734070478
03,306,1,0.5563636363636364,0.6361362541165743,0.2594131827354431,0.0018324773550647145,-0.18107238344433185
03,307,1,0.5581818181818182,0.636859184877836,0.2638321816921234,0.0019817931596287797,0.07746447574150703
03,308,1,0.56,0.637912628480638,0.2698010206222534,0.0018492277153173853,0.3231360251153555
03,309,1,0.5618181818181818,0.6386227192444702,0.26507502794265747,0.0020931136360824876,0.1716529023264973
03,310,1,0.5636363636363636,0.6396893895318416,0.25984305143356323,0.0019377893212128728,-0.1277997002615665
03,311,1,0.5654545454545454,0.6407407515237156,0.26400119066238403,0.0017747111831557683,0.021436076348462285
03,312,1,0.5672727272727273,0.6410360259421202,0.25452518463134766,0.0024498284262210613,-0.2246504618703697
03,313,1,0.5690909090909091,0.6415999438259058,0.2625008523464203,0.0026667599078059757,0.2256898193783496
03,314,1,0.5709090909090909,0.6425908879236175,0.26363101601600647,0.002420121955453146,0.20358099646039196
03,315,1,0.5727272727272728,0.6434608519849019,0.2596031129360199,0.002275532492112752,-0.034704000697089996
03,316,1,0.5745454545454546,0.6443754055652116,0.25905942916870117,0.0020410040270996566,-0.13347137951474022
03,317,1,0.5763636363636364,0.6463152191956076,0.26059988141059875,0.0010570456830394882,-0.3642687659682274
03,318,1,0.5781818181818181,0.6477699607953991,0.25861355662345886,0.0006601125451104628,-0.5826467357319951
03,319,1,0.58,0.650011735008744,0.2569531500339508,0.0004070376769079255,-0.740805267822139
03,320,1,0.5818181818181818,0.6521894041198073,0.261635959148407,0.0008268418053918714,-0.3858066154952755
03,321,1,0.5836363636363636,0.6538824702907693,0.26100510358810425,0.000568771686858903,-0.4960540798387129
03,322,1,0.5854545454545454,0.6550324831125822,0.2608024775981903,0.00041106703432424493,-0.5546398708392398
03,323,1,0.5872727272727273,0.6562726036313016,0.2572103440761566,0.000750901674848996,-0.6219318607028803
03,324,1,0.5890909090909091,0.6575476767729658,0.2552441358566284,0.0010410456888241982,-0.6265088571971034
03,325,1,0.5909090909090909,0.659338374968805,0.25589728355407715,0.0006363683195592342,-0.7204885468685917
03,326,1,0.5927272727272728,0.6605031345857214,0.2557581067085266,0.0007891322088671037,-0.6798530584819489
03,327,1,0.5945454545454546,0.6618862049383682,0.2544476091861725,0.0007737247245050582,-0.7475805865693927
03,328,1,0.5963636363636363,0.6642932709954359,0.256660521030426,0.0003219709236902242,-0.7812137937698782
03,329,1,0.5981818181818181,0.6659839271960777,0.25911930203437805,0.0003105766100378048,-0.666626401916192
03,330,1,0.6,0.6669619568667786,0.2600550949573517,0.0004491597352970655,-0.5787433615401352
03,331,1,0.6018181818181818,0.6680364512445811,0.26505380868911743,0.0009893709277588748,-0.1712707482057644
03,332,1,0.6036363636363636,0.6689694309922452,0.2604714632034302,0.0015939527566480472,-0.20412113358962197
03,333,1,0.6054545454545455,0.6688855888073999,0.26147061586380005,0.002846834940695613,0.23197995809831498
03,334,1,0.6072727272727273,0.6687655472494864,0.26278239488601685,0.003692291901439619,0.5568919126211457
03,335,1,0.6090909090909091,0.6688013708320455,0.25867873430252075,0.00410736591455753,0.48833351505103983
03,336,1,0.610909090909091,0.669298042619179,0.260464608669281,0.003801924024290097,0.4795086881085313
03,337,1,0.6127272727272727,0.6701393814254936,0.2569953203201294,0.003042738124709026,0.07767651279107587
03,338,1,0.6145454545454545,0.6716203445018403,0.2567242980003357,0.001875223202885733,-0.2970019858399631
03,339,1,0.6163636363636363,0.6740118908159476,0.2629224359989166,0.0007827147502426198,-0.3376749149143765
03,340,1,0.6181818181818182,0.6755970254545034,0.25865182280540466,0.0003875518769481944,-0.665239078133724
03,341,1,0.62,0.6779039615526236,0.25607720017433167,0.0008173188300024792,-0.6557928619707001
03,342,1,0.6218181818181818,0.6802028873136448,0.2602788209915161,0.0011750995592411783,-0.34312280890541497
03,343,1,0.6236363636363637,0.6824756566231995,0.26213428378105164,0.001302233165844836,-0.21460659091728893
03,344,1,0.6254545454545455,0.6837144696783808,0.25939029455184937,0.0006545946762574515,-0.5470424066122257
03,345,1,0.6272727272727273,0.6863131174706287,0.2573750615119934,0.0009943915054916996,-0.5385936394330013
03,346,1,0.6290909090909091,0.6892116697671001,0.25863778591156006,0.0017906548224618079,-0.2312768345535909
03,347,1,0.6309090909090909,0.6915568410415398,0.25931134819984436,0.001883630483537636,-0.1701187880254509
03,348,1,0.6327272727272727,0.6938306542894771,0.2634584903717041,0.0018871476268898634,0.03019460962084597
03,349,1,0.6345454545454545,0.6965392045812749,0.2656679153442383,0.002066651765913625,0.19193748154220525
03,350,1,0.6363636363636364,0.7001923948410242,0.26782742142677307,0.0031633202480013793,0.6353905809252051
03,351,1,0.6381818181818182,0.702587759605378,0.2628478407859802,0.0028135037438741083,0.2878153034870926
03,352,1,0.64,0.7046858769057274,0.2582574486732483,0.0021538914032639255,-0.13702868199382143
03,353,1,0.6418181818181818,0.7073895437226697,0.25715774297714233,0.0021437525661436984,-0.19299795634760408
03,354,1,0.6436363636363637,0.7090955049359347,0.2589411735534668,0.0011371289940599449,-0.4191439105416412
03,355,1,0.6454545454545455,0.7111290535713513,0.2613157033920288,0.0009449001057489482,-0.36462063290735247
03,356,1,0.6472727272727272,0.7139611765382337,0.2664288878440857,0.0016416995811380352,0.0968570788322951
03,357,1,0.649090909090909,0.7152629317557204,0.26270347833633423,0.000822648716389822,-0.3358231174455335
03,358,1,0.6509090909090909,0.7166955818743717,0.26111745834350586,0.0005520945773970935,-0.4958227245560226
03,359,1,0.6527272727272727,0.7185187766277149,0.25959154963493347,0.0003498682120577913,-0.6317688894121612
03,360,1,0.6545454545454545,0.7209995716793847,0.2583935260772705,0.000645472807199633,-0.5977516719796402
03,361,1,0.6563636363636364,0.7225661272265176,0.2574673891067505,0.0005180482301133147,-0.6817142891276826
03,362,1,0.6581818181818182,0.7240711229620762,0.2568025290966034,0.00039004223168397285,-0.7533055700067426
03,363,1,0.66,0.7253327421282427,0.2554023563861847,0.0004620366805795005,-0.7982666576652975
03,364,1,0.6618181818181819,0.726347778989521,0.2571028172969818,0.0011390941827092039,-0.5068476596046965
03,365,1,0.6636363636363637,0.7282812596285535,0.2606526017189026,0.0006605092560920358,-0.484570486462806
03,366,1,0.6654545454545454,0.7302281577374077,0.25703710317611694,0.0003914994873310658,-0.741585492020063
03,367,1,0.6672727272727272,0.7326975656755912,0.2566743493080139,0.0009055988814850991,-0.5997601648909726
03,368,1,0.6690909090909091,0.734805520050035,0.2594953179359436,0.0011723473690917596,-0.3816139275048128
03,369,1,0.6709090909090909,0.73624561751875,0.2570692300796509,0.0006268572729557263,-0.6671358143873721
03,370,1,0.6727272727272727,0.7385173919364193,0.2584473490715027,0.0007786945177984795,-0.5538982391248047
03,371,1,0.6745454545454546,0.7404026285840408,0.26273611187934875,0.000591622615667099,-0.40581996047314245
03,372,1,0.6763636363636364,0.7417764443948736,0.26167184114456177,0.000269427868648852,-0.556751952510342
03,373,1,0.6781818181818182,0.7434427379501248,0.25906282663345337,0.0002402393087184905,-0.6911276681577532
03,374,1,0.68,0.7456023928615158,0.2514374256134033,0.00032310997197624984,-1.0317723973586808
03,375,1,0.6818181818181818,0.7474108111992626,0.25418567657470703,0.0003602780784489457,-0.8882361150544824
03,376,1,0.6836363636363636,0.7487399126690047,0.2579854428768158,0.00025071255967503076,-0.7396396546909536
03,377,1,0.6854545454545454,0.7498469193698882,0.2602987587451935,0.0006965264732636133,-0.49041170681910917
03,378,1,0.6872727272727273,0.7516828966270374,0.25032663345336914,0.0005306867649949267,-1.0208328914335052
03,379,1,0.6890909090909091,0.7539970076622389,0.25086820125579834,0.00043487802981751714,-1.0244950941309026
03,380,1,0.6909090909090909,0.7563348201426892,0.24906238913536072,0.0010236538874719824,-0.9288602237234727
03,381,1,0.6927272727272727,0.7585079026922825,0.24778293073177338,0.0012980095686442438,-0.9053372779185196
03,382,1,0.6945454545454546,0.7598404176588792,0.24709734320640564,0.0006479176559789954,-1.1396498559985329
03,383,1,0.6963636363636364,0.7609729517653181,0.24906161427497864,0.0005339537598789333,-1.0805909343346791
03,384,1,0.6981818181818182,0.7627955000575564,0.2476542592048645,0.00042538289189491673,-1.1818304327202371
03,385,1,0.7,0.7643771667151538,0.24843750894069672,0.0004008231071780426,-1.1518118623776843
03,386,1,0.7018181818181818,0.7654175572660086,0.2497500330209732,0.0008234339563931592,-0.9578483605683443
03,387,1,0.7036363636363636,0.7666630861207182,0.24980387091636658,0.0009721900034658659,-0.9091821696953388
03,388,1,0.7054545454545454,0.7670965500031225,0.24835331737995148,0.0019612597099116103,-0.6724828166136494
03,389,1,0.7072727272727273,0.7681291214677168,0.251552551984787,0.002003950731708797,-0.505570980178433
03,390,1,0.7090909090909091,0.768861658748754,0.2503938376903534,0.002209402138812393,-0.4975919747908128
03,391,1,0.7109090909090909,0.7693937928251764,0.2484593540430069,0.002538293433076365,-0.48864228752455147
03,392,1,0.7127272727272728,0.7697922613394852,0.24858465790748596,0.0028225015948821087,-0.3945842076602251
03,393,1,0.7145454545454546,0.7709973432082214,0.24606677889823914,0.0022913475602365386,-0.680074780245782
03,394,1,0.7163636363636363,0.7714744793947841,0.24711613357067108,0.002531266808800047,-0.5553456649054167
03,395,1,0.7181818181818181,0.7714859932077861,0.2507321834564209,0.0031729581573055484,-0.18285930166625552
03,396,1,0.72,0.7715084581130299,0.2514107823371887,0.0036735433477141518,0.004805133958839636
03,397,1,0.7218181818181818,0.7714070969249419,0.2484782189130783,0.004203953729188347,0.028232415151559498
03,398,1,0.7236363636363636,0.7716144854436963,0.24606843292713165,0.004099003639614117,-0.12004109977774036
03,399,1,0.7254545454545455,0.7725193809978381,0.2462409883737564,0.0032291095977003016,-0.3812171770774546
03,400,1,0.7272727272727273,0.7727257014383759,0.24517104029655457,0.003281136104675496,-0.4165000882569685
03,401,1,0.7290909090909091,0.7734570633667983,0.2482469379901886,0.0028540850075896174,-0.4010243463583437
03,402,1,0.730909090909091,0.7738083883838895,0.24930059909820557,0.0030152516009624864,-0.3004834166839649
03,403,1,0.7327272727272728,0.7745924380783813,0.2533271908760071,0.002779677641519056,-0.18002392120988409
03,404,1,0.7345454545454545,0.7758380742771688,0.25054460763931274,0.0020523057128673684,-0.5390126256620366
03,405,1,0.7363636363636363,0.7771514064481811,0.25052499771118164,0.0015170667515532078,-0.705754629923423
03,406,1,0.7381818181818182,0.7781893210890214,0.25105226039886475,0.0014027378810586733,-0.715840981211579
03,407,1,0.74,0.7799972218870035,0.2495429962873459,0.000745124223715611,-0.9920520236269663
03,408,1,0.7418181818181818,0.7814740875866233,0.24647635221481323,0.0005644005118952844,-1.195352491408757
03,409,1,0.7436363636363637,0.7828046986091421,0.2513866722583771,0.0006427928167400554,-0.9351829762735481
03,410,1,0.7454545454545455,0.7843561377266406,0.24683138728141785,0.0005046767394818618,-1.1967975393091854
03,411,1,0.7472727272727273,0.7863447139683909,0.24742098152637482,0.00027541115373095964,-1.2394932849442668
03,412,1,0.7490909090909091,0.7882372513989158,0.24567489326000214,0.0002618635854353203,-1.327569944337552
03,413,1,0.7509090909090909,0.789925105794066,0.25110533833503723,0.00024989243217865976,-1.070405944505198
03,414,1,0.7527272727272727,0.7914109012813966,0.25001657009124756,0.00018117915261971803,-1.1439942911724708
03,415,1,0.7545454545454545,0.7928442877961105,0.24927076697349548,0.0003796874877567013,-1.1183302542228453
03,416,1,0.7563636363636363,0.7947822878194889,0.2555997967720032,0.00018668449836242295,-0.8740771780305273
03,417,1,0.7581818181818182,0.7964607843044318,0.2549179196357727,0.00013479892639928594,-0.9229062606090287
03,418,1,0.76,0.798082182498179,0.2519609034061432,0.00010912302248215538,-1.0729114662469654
03,419,1,0.7618181818181818,0.7998746654351149,0.25476571917533875,8.829815347939868e-05,-0.9446222511002109
03,420,1,0.7636363636363637,0.8013855626881444,0.2554081678390503,0.00015889949933407972,-0.8918897165327994
03,421,1,0.7654545454545455,0.8026936331290515,0.250370055437088,0.0005016477755908788,-1.0277423028248291
03,422,1,0.7672727272727272,0.8045351372572713,0.24974727630615234,0.00029021148300092524,-1.1231561123441862
03,423,1,0.769090909090909,0.8056148202558225,0.2514535188674927,0.0007519115447478674,-0.8981702396392234
03,424,1,0.7709090909090909,0.8066348763880622,0.257328599691391,0.001166894117685129,-0.48738980175568336
03,425,1,0.7727272727272727,0.8080202254289066,0.25573989748954773,0.0010938735018201518,-0.5863286712499292
03,426,1,0.7745454545454545,0.8091256787147995,0.2537727355957031,0.0013200682908910844,-0.6107609122383825
03,427,1,0.7763636363636364,0.8103891260395486,0.25253432989120483,0.0012042563305239718,-0.7061273386650787
03,428,1,0.7781818181818182,0.8121939718400253,0.2521933317184448,0.0006465134415821707,-0.8952794606735586
03,429,1,0.78,0.8134050227736918,0.2571030557155609,0.0007717099053031073,-0.6206401426790858
03,430,1,0.7818181818181819,0.8148677245692867,0.25518739223480225,0.0006552074459044587,-0.7487551415651682
03,431,1,0.7836363636363637,0.8159559852451456,0.2534390091896057,0.0010024582336673905,-0.7251782115098719
03,432,1,0.7854545454545454,0.8169064969165005,0.2543691396713257,0.0014436613637116725,-0.5438251587004842
03,433,1,0.7872727272727272,0.8177938073955535,0.24943409860134125,0.001734482153777488,-0.6908117974816426
03,434,1,0.7890909090909091,0.8184429062703932,0.25159239768981934,0.002182579434403269,-0.4483233615673601
03,435,1,0.7909090909090909,0.818858133094618,0.25246134400367737,0.002661148035455101,-0.25833489354554984
03,436,1,0.7927272727272727,0.8186832204769752,0.2570641040802002,0.0035615976154659986,0.24170693311280436
03,437,1,0.7945454545454546,0.8190442999350659,0.2517271339893341,0.003644699047493942,0.011067255710645763
03,438,1,0.7963636363636364,0.8196610807128004,0.2538614869117737,0.0033405414046375082,0.019380753211529933
03,439,1,0.7981818181818182,0.8203352114609258,0.25017839670181274,0.002970954267113928,-0.27203693992095584
03,440,1,0.8,0.8211030089865223,0.24805593490600586,0.002572426333094362,-0.49744879063082964
03,441,1,0.8018181818181818,0.8219778483238531,0.24734047055244446,0.0023025341231503616,-0.6154228702610044
03,442,1,0.8036363636363636,0.8231624132469841,0.24732480943202972,0.0018513562972161546,-0.7559357186242227
03,443,1,0.8054545454545454,0.8237819224687046,0.2501666843891144,0.0021071802090415915,-0.5401692507258211
03,444,1,0.8072727272727273,0.8241762945419265,0.25188034772872925,0.002574485887764393,-0.3130904510171463
03,445,1,0.8090909090909091,0.8250410273962714,0.25095435976982117,0.002478074422270592,-0.3874390365893452
03,446,1,0.8109090909090909,0.8260297630972494,0.2509751617908478,0.002255133489397142,-0.4554997249738297
03,447,1,0.8127272727272727,0.8273795731068583,0.2487938404083252,0.0016221609423545825,-0.7563625886446105
03,448,1,0.8145454545454546,0.8281521860990155,0.24861589074134827,0.0017489606097357436,-0.7256325897962216
03,449,1,0.8163636363636364,0.8288238264641539,0.2501794993877411,0.002071293133869655,-0.5506703048178332
03,450,1,0.8181818181818182,0.8297635276001071,0.24986250698566437,0.002077291764887067,-0.5640400674207905
03,451,1,0.82,0.8307537073869539,0.24710404872894287,0.0020205531037546954,-0.7141290302526787
03,452,1,0.8218181818181818,0.8323152677226703,0.24649767577648163,0.0013025263380621755,-0.9656802837600804
03,453,1,0.8236363636363636,0.8337159410219258,0.24665617942810059,0.0009426234447203352,-1.0695523943790466
03,454,1,0.8254545454545454,0.8349419241420181,0.2486514449119568,0.0009396689640710653,-0.9746173591877171
03,455,1,0.8272727272727273,0.8362693831502517,0.2518133819103241,0.0009068090913152016,-0.8329005149641694
03,456,1,0.8290909090909091,0.8375430081448226,0.24599361419677734,0.0010121030375687002,-1.0798586966789874
03,457,1,0.8309090909090909,0.8394793340222404,0.2470490038394928,0.0005019787697629299,-1.187179237323829
03,458,1,0.8327272727272728,0.8410003490763478,0.2498319149017334,0.0003334230581529023,-1.1057046040652554
03,459,1,0.8345454545454546,0.8426702429364876,0.2503187358379364,0.00016418592703044738,-1.1347425587693207
03,460,1,0.8363636363636363,0.8448107469165462,0.2480681836605072,0.00039303119839674387,-1.171967505301272
03,461,1,0.8381818181818181,0.8463260755148532,0.248073011636734,0.00018265723925429001,-1.2369027204566587
03,462,1,0.84,0.8483126176526827,0.24840964376926422,0.00036628186844915426,-1.1638502474226482
03,463,1,0.8418181818181818,0.8499614654520908,0.24988210201263428,0.00021153505870444712,-1.1410506897532091
03,464,1,0.8436363636363636,0.8517407730316269,0.24955564737319946,0.00014356447440875945,-1.1777883119256272
03,465,1,0.8454545454545455,0.8549987240931033,0.2480122596025467,0.0016690090071150143,-0.7793967869469445
03,466,1,0.8472727272727273,0.8580166086032556,0.24627645313739777,0.0025187313727047644,-0.5995660172479905
03,467,1,0.8490909090909091,0.8605091893436142,0.24290040135383606,0.0025853143754201845,-0.741122336832245
03,468,1,0.850909090909091,0.8641275829070829,0.24734149873256683,0.0035667769660080576,-0.22375135075723712
03,469,1,0.8527272727272728,0.8676090864214643,0.24755549430847168,0.003951578011525415,-0.0942721556338394
03,470,1,0.8545454545454545,0.8710244332222505,0.2462242841720581,0.004214334230221424,-0.07682844670419575
03,471,1,0.8563636363636363,0.8742535056432893,0.2473672777414322,0.004191450496511441,-0.029009012775998988
03,472,1,0.8581818181818182,0.8780132615077824,0.24553821980953217,0.0045151272860857305,-0.016610083753135774
03,473,1,0.86,0.8800038156544125,0.24378558993339539,0.0030342617825410544,-0.5595293107246379
03,474,1,0.8618181818181818,0.8828720786771389,0.24591310322284698,0.0028038424970303465,-0.5287025890318697
03,475,1,0.8636363636363636,0.8867108654043011,0.2464856505393982,0.0036807178604704575,-0.2295700485606117
03,476,1,0.8654545454545455,0.8914659061610202,0.24631936848163605,0.005321418676936569,0.27067875944253805
03,477,1,0.8672727272727273,0.8960009641183533,0.24512425065040588,0.006493315470960227,0.5762829504196934
03,478,1,0.8690909090909091,0.8999633085808233,0.2432670146226883,0.006456372817445056,0.47561982998213304
03,479,1,0.8709090909090909,0.9045589017047752,0.24288365244865417,0.006779158465475816,0.5571922587976664
03,480,1,0.8727272727272727,0.9095091630730816,0.24288959801197052,0.007267410758663757,0.7087228710394579
03,481,1,0.8745454545454545,0.9129850506643553,0.24430730938911438,0.006232484121922106,0.4562408037032054
03,482,1,0.8763636363636363,0.9165301554732429,0.24425362050533295,0.0055315672943091875,0.23653996500594132
03,483,1,0.8781818181818182,0.9201473681443377,0.24551713466644287,0.005007068242299113,0.13476463491735458
03,484,1,0.88,0.9226525537502356,0.24890831112861633,0.0036151372383063218,-0.1335030303700243
03,485,1,0.8818181818181818,0.9258927156036308,0.24979627132415771,0.00356945142241309,-0.10499846195101892
03,486,1,0.8836363636363637,0.9285119211053187,0.24581988155841827,0.002961740689282023,-0.4842690236941293
03,487,1,0.8854545454545455,0.9316972977548544,0.24352149665355682,0.0031516759307988595,-0.5358448857026834
03,488,1,0.8872727272727273,0.9340331031943034,0.2423863261938095,0.002599998967618684,-0.7612690926345484
03,489,1,0.889090909090909,0.9366962716745577,0.24350599944591522,0.0024180300868559945,-0.7638494463981311
03,490,1,0.8909090909090909,0.9390330453007837,0.27446696162223816,0.0020539146953502518,0.6106879184312473
03,491,1,0.8927272727272727,0.9408882296378025,0.2735728919506073,0.0012788179835028068,0.3276375984459866
03,492,1,0.8945454545454545,0.9421412867006035,0.27012622356414795,0.0006001821481613094,-0.04815609825050965
03,493,1,0.8963636363636364,0.9438369927967623,0.26880133152008057,0.0002719725274118377,-0.21347125175391696
03,494,1,0.8981818181818182,0.9456359957003457,0.26933038234710693,0.00018354172957506037,-0.21544930565913617
03,495,1,0.9,0.9473338905519896,0.2715345323085785,0.00013653745138257026,-0.12412492540453879
03,496,1,0.9018181818181819,0.9488786818451606,0.2702603340148926,0.00010284176543958075,-0.19577378245495963
03,497,1,0.9036363636363637,0.9504716880960147,0.2700052857398987,0.00019418430072472455,-0.1797310003937203
03,498,1,0.9054545454545454,0.9517003037512257,0.272605299949646,0.0006242424703267901,0.07838897602165906
03,499,1,0.9072727272727272,0.953214109309106,0.2739194333553314,0.0006265139251665097,0.14222204457489007
03,500,1,0.9090909090909091,0.9546267485593429,0.27003443241119385,0.0006839293642086785,-0.026623421194477026
03,501,1,0.9109090909090909,0.9557595831002462,0.2727169692516327,0.000988111501850979,0.1964684650626501
03,502,1,0.9127272727272727,0.9568731603763212,0.27040717005729675,0.0011965079768338927,0.15006297538802604
03,503,1,0.9145454545454546,0.9577421155437538,0.2709070146083832,0.00162076696567519,0.30549683652943527
03,504,1,0.9163636363636364,0.9588675596572659,0.27076616883277893,0.001627324410825014,0.3007620563140284
03,505,1,0.9181818181818182,0.9601195578808676,0.2703922390937805,0.0014355289617040846,0.22338679001870063
03,506,1,0.92,0.961130090484632,0.27063754200935364,0.0015149900530949268,0.25978537028724624
03,507,1,0.9218181818181819,0.9619550326828379,0.27648109197616577,0.001754280381966804,0.6146272464738205
03,508,1,0.9236363636363636,0.9627800766626421,0.2773239314556122,0.0019824656869336255,0.7258008098928348
03,509,1,0.9254545454545454,0.9632747682732055,0.2717289328575134,0.0024659033277143073,0.606777136551218
03,510,1,0.9272727272727272,0.9639736861356613,0.2720523178577423,0.0025557880633429887,0.6501556022471178
03,511,1,0.9290909090909091,0.9643310561082271,0.27250388264656067,0.002909317003534433,0.7813602455184543
03,512,1,0.9309090909090909,0.9647677901423677,0.2675897181034088,0.0030665888257411667,0.5940072783484363
03,513,1,0.9327272727272727,0.9649473600303315,0.2666782736778259,0.0033839473077087053,0.6485300854157251
03,514,1,0.9345454545454546,0.9656066651327312,0.2712777853012085,0.0031427901445905838,0.7947824871193845
03,515,1,0.9363636363636364,0.9658690390749897,0.27241355180740356,0.003288660951599591,0.894529517905493
03,516,1,0.9381818181818182,0.9660680538670402,0.26947021484375,0.0034741419012396953,0.8105911095977549
03,517,1,0.94,0.9663515558063478,0.2730032205581665,0.003515705893100228,0.9931878049806769
03,518,1,0.9418181818181818,0.9666721862010785,0.27493351697921753,0.0035461244423735535,1.0953397024586482
03,519,1,0.9436363636363636,0.9670519126703019,0.27319395542144775,0.0034327782402370373,0.9766621435281682
03,520,1,0.9454545454545454,0.9673228701560712,0.27207663655281067,0.003457539153295762,0.9306575827529178
03,521,1,0.9472727272727273,0.9674033584783394,0.27194467186927795,0.003690754903285369,0.9965609565596133
03,522,1,0.9490909090909091,0.9678894917963251,0.27363914251327515,0.0034675722532975114,1.0088264909158942
03,523,1,0.9509090909090909,0.9682345916360796,0.27296075224876404,0.003426798812354652,0.9636070975297342
03,524,1,0.9527272727272728,0.9686772801509534,0.27283355593681335,0.0032797800389252497,0.9119550054176737
03,525,1,0.9545454545454546,0.9691932959923525,0.2716296911239624,0.0031023666962467656,0.7991657390506473
03,526,1,0.9563636363636364,0.9696654033052869,0.2730415165424347,0.0030777437618155924,0.8593607941978729
03,527,1,0.9581818181818181,0.9701491178293115,0.2772963345050812,0.003038007115031537,1.0514481667229445
03,528,1,0.96,0.9704275174747636,0.27873852849006653,0.003238239017887322,1.182754952485616
03,529,1,0.9618181818181818,0.9708283942325038,0.274766743183136,0.003274921591099726,1.003318085765771
03,530,1,0.9636363636363636,0.971077873016656,0.27345025539398193,0.00343421736698528,0.9894202924560973
03,531,1,0.9654545454545455,0.9715581573635853,0.273197740316391,0.0033070504478982955,0.9378975037980434
03,532,1,0.9672727272727273,0.9718638609439362,0.2764240503311157,0.003353606751115888,1.1073073524672765
03,533,1,0.9690909090909091,0.9721325633846626,0.276354044675827,0.003443990177682614,1.1319422660048488
03,534,1,0.9709090909090909,0.972342388019058,0.2726347744464874,0.0035602078313268655,0.9892733628959673
03,535,1,0.9727272727272728,0.9725441500135857,0.2770216464996338,0.003674574587399658,1.2354407819079434
03,536,1,0.9745454545454545,0.9727561162090615,0.2780081629753113,0.003709106554423956,1.2935287913829325
03,537,1,0.9763636363636363,0.9730013358601504,0.2770500183105469,0.003686950719616487,1.240637461982319
03,538,1,0.9781818181818182,0.9730749386378067,0.2741806209087372,0.0038305410608320974,1.1472746494871155
03,539,1,0.98,0.9733431897754738,0.2746325433254242,0.0037454275778521103,1.1426190346092442
03,540,1,0.9818181818181818,0.9731468877872075,0.27276572585105896,0.004141489506590506,1.175626647393193
03,541,1,0.9836363636363636,0.9733157228258271,0.27504074573516846,0.004070347362507347,1.262878395209238
03,542,1,0.9854545454545455,0.9732925344560633,0.2765979766845703,0.00417213247369032,1.3692157458445227
03,543,0,0.9872727272727273,0.9732853144070192,0.27987223863601685,0.0042337514772986685,1.5455950942855592
03,544,0,0.9890909090909091,0.9734753993639661,0.2785356342792511,0.004029197678238049,1.4180219261099776
03,545,0,0.990909090909091,0.9733835534776822,0.2780700623989105,0.004203171458711562,1.4495479237643762
03,546,0,0.9927272727272727,0.9734743665181618,0.2780560255050659,0.00412931608119581,1.4259955663247523
03,547,0,0.9945454545454545,0.9735452676549762,0.278181791305542,0.004103872959906012,1.4241557416625974
03,548,0,0.9963636363636363,0.973285997317487,0.2762243449687958,0.004428131609384449,1.4305672823100002
03,549,0,0.9981818181818182,0.9732839079546953,0.26882535219192505,0.004382870460556342,1.0611077920849223
05,15,0,0.024916943521594685,0.9977557448907339,0.36626407504081726,nan,nan
05,16,0,0.026578073089700997,0.010014705829178298,0.33809950947761536,nan,nan
05,17,0,0.02823920265780731,0.022418468242659088,0.34229451417922974,nan,nan
05,18,0,0.029900332225913623,0.033429312765141495,0.3427810072898865,nan,nan
05,19,1,0.03156146179401993,0.04156551777299579,0.35455358028411865,0.021416477667892717,10.455860872981582
05,20,1,0.03322259136212625,0.04680261694947283,0.352294921875,0.015701133623804306,8.576926171454367
05,21,1,0.03488372093023256,0.04999175883805924,0.3297812342643738,0.00969329773231707,5.634358716001628
05,22,1,0.036544850498338874,0.05212180610327936,0.3350207209587097,0.004930022348687125,4.410546724277617
05,23,1,0.03820598006644518,0.05325533900548497,0.33777737617492676,0.0017385646854475184,3.554361406793752
05,24,1,0.03986710963455149,0.05403548766824701,0.33599698543548584,0.0009727243498491776,3.231600581202812
05,25,1,0.04152823920265781,0.054254278942726275,0.340717077255249,0.002341301134216255,3.88228977206086
05,26,1,0.04318936877076412,0.05467861598497,0.32701683044433594,0.002982594118139269,3.422797930270594
05,27,1,0.044850498338870434,0.05532887994665499,0.325610488653183,0.002971532626876926,3.3518124048066684
05,28,1,0.046511627906976744,0.056855156481069466,0.3345825970172882,0.001963641327754966,3.470609490412687
05,29,1,0.04817275747508306,0.05943282224555505,0.3010612428188324,0.0008850074942629134,1.5261561501111789
05,30,1,0.04983388704318937,0.06250490720460772,0.2615640163421631,0.0016865563668704685,-0.12295050217712081
05,31,1,0.05149501661129568,0.06594226515015662,0.26475903391838074,0.0031673415075099257,0.4892344627022065
05,32,1,0.053156146179401995,0.06940043513275704,0.2643193304538727,0.003972165189234917,0.7174203360914223
05,33,1,0.054817275747508304,0.0737294605734725,0.26186081767082214,0.005164870967028513,0.9687784590217634
05,34,1,0.05647840531561462,0.07886996433371066,0.2623826265335083,0.006731215145287335,1.4790490406523358
05,35,1,0.05813953488372093,0.0842524731134299,0.2627567648887634,0.008022459642730835,1.8970085918590662
05,36,1,0.059800664451827246,0.0896729387460776,0.26088276505470276,0.00886537328456023,2.068091586886423
05,37,1,0.061461794019933555,0.09511109656235531,0.2624574899673462,0.009235405197507747,2.2583636343319164
05,38,1,0.06312292358803986,0.10054484489289293,0.26076602935791016,0.009323744530824725,2.204472538028991
05,39,1,0.06478405315614617,0.10552997340363443,0.2583840787410736,0.008890152901770655,1.9557335305511199
05,40,1,0.0664451827242525,0.10937068849571106,0.25873202085494995,0.007411492921296127,1.5144065458031744
05,41,1,0.0681063122923588,0.11254019780413459,0.257524311542511,0.005656564792311287,0.9127688066708493
05,42,1,0.06976744186046512,0.11503775264385226,0.259491503238678,0.003796844321584154,0.4311883021878325
05,43,1,0.07142857142857142,0.1173993281237977,0.2576123774051666,0.002535192863789738,-0.04990212129653421
05,44,1,0.07308970099667775,0.11815049726644912,0.25865286588668823,0.000933755747681108,-0.4959924242935877
05,45,1,0.07475083056478406,0.11820171607803136,0.2556018531322479,0.0018247100547019322,-0.3665702980148046
05,46,1,0.07641196013289037,0.11835530973742776,0.2544742226600647,0.0030864959637797325,-0.029879310546609972
05,47,1,0.07807308970099668,0.11866931872334956,0.2540963590145111,0.0036018762512517884,0.11161694031615066
05,48,1,0.07973421926910298,0.11897049484130875,0.2568231523036957,0.003618197783180553,0.24766481676879565
05,49,1,0.08139534883720931,0.11922299831017011,0.2585527002811432,0.0035706937080341324,0.3160350471424636
05,50,1,0.08305647840531562,0.11950193049594508,0.2543340027332306,0.0035470820802938215,0.10605958161943951
05,51,1,0.08471760797342193,0.1198336142580624,0.252444863319397,0.0035020535078058453,0.0013590996169164926
05,52,1,0.08637873754152824,0.12012630217785139,0.2525305449962616,0.0035004394716950534,0.004975171043305304
05,53,1,0.08803986710963455,0.12044032968112618,0.2553696036338806,0.003475363802555935,0.13359261150248547
05,54,1,0.08970099667774087,0.1207504169281638,0.25509870052337646,0.003469609398257316,0.11879620935967711
05,55,1,0.09136212624584718,0.12095948345184905,0.2570756673812866,0.0035726644826267625,0.24569058330173538
05,56,1,0.09302325581395349,0.12150367086570178,0.2582104206085205,0.0033099443672206675,0.21882049601623962
05,57,1,0.0946843853820598,0.12199526502370021,0.2564252018928528,0.0031626923811848996,0.08744668929882754
05,58,1,0.09634551495016612,0.1228250999274845,0.25277912616729736,0.0027215913130441017,-0.22434560668707304
05,59,1,0.09800664451827243,0.12335494204943122,0.25697627663612366,0.0027104199409275376,-0.026179902272200406
05,60,1,0.09966777408637874,0.12391558552837224,0.2584605813026428,0.002748641111382054,0.05696407200423667
05,61,1,0.10132890365448505,0.12461461325923902,0.2585487365722656,0.0026525920461829156,0.03144601066360361
05,62,1,0.10299003322259136,0.12526328567524397,0.2636176347732544,0.002658756689062668,0.2768596095523836
05,63,1,0.10465116279069768,0.1258926616204213,0.26530104875564575,0.002638927180825217,0.3515863148496656
05,64,1,0.10631229235880399,0.12626913890497546,0.2649170160293579,0.0028968797890185517,0.41304332233734464
05,65,1,0.1079734219269103,0.12668940122016165,0.2628735601902008,0.003065005817983151,0.3669581581566443
05,66,1,0.10963455149501661,0.12732311613107866,0.26250705122947693,0.0029499878972967953,0.3137226079768971
05,67,1,0.11129568106312292,0.12785775741890687,0.2610349655151367,0.0029303042234272592,0.236907943428966
05,68,1,0.11295681063122924,0.12876375053541045,0.2606864273548126,0.002515585056545049,0.0916977984670355
05,69,1,0.11461794019933555,0.12927931319020053,0.26352542638778687,0.0026236753093637367,0.26156293269873077
05,70,1,0.11627906976744186,0.12996972559102546,0.2632599174976349,0.002580740901048555,0.23550848274884836
05,71,1,0.11794019933554817,0.13059472479863285,0.2630167603492737,0.0026173940584278566,0.23518147503548825
05,72,1,0.11960132890365449,0.1312043346940799,0.2598888874053955,0.002692026007912284,0.10804068609079512
05,73,1,0.1212624584717608,0.13217907699335033,0.2570781111717224,0.0023274297483092277,-0.13992604074310777
05,74,1,0.12292358803986711,0.13289460583258458,0.25629013776779175,0.0023368418598624253,-0.17486379683863806
05,75,1,0.12458471760797342,0.13333596867250175,0.261410653591156,0.002626699080335042,0.1609083687768359
05,76,1,0.12624584717607973,0.1338798220091381,0.25932571291923523,0.002768156712165919,0.10456930215042592
05,77,1,0.12790697674418605,0.13464276057837532,0.2626363933086395,0.002674089971693232,0.23447167005981714
05,78,1,0.12956810631229235,0.13513309464472537,0.26186197996139526,0.00279967680159947,0.23617254729284684
05,79,1,0.13122923588039867,0.13595029159069177,0.2693161368370056,0.0025421020586682153,0.5144731523806402
05,80,1,0.132890365448505,0.13662812240251593,0.2655525207519531,0.0025178519763916097,0.3261614995252581
05,81,1,0.1345514950166113,0.13731701488129908,0.26392292976379395,0.002516034595952914,0.2473148724505303
05,82,1,0.1362126245847176,0.13784889481371396,0.26300713419914246,0.002652718239268952,0.24566135099193473
05,83,1,0.1378737541528239,0.1381852744975576,0.262516587972641,0.0029952885976724398,0.32821345478274905
05,84,1,0.13953488372093023,0.13877624320628965,0.26349690556526184,0.002963065615656889,0.3653251221338083
05,85,1,0.14119601328903655,0.13907798061274437,0.2611100971698761,0.0031983584101455843,0.323551822071792
05,86,1,0.14285714285714285,0.13985887478097928,0.25989529490470886,0.002857705674771992,0.1596707736227419
05,87,1,0.14451827242524917,0.14091528691902716,0.26332715153694153,0.0023037885285404503,0.15294731261584926
05,88,1,0.1461794019933555,0.14202898049803395,0.2601177990436554,0.0018725980549010191,-0.13479531972856965
05,89,1,0.1478405315614618,0.14264818789441494,0.2601791024208069,0.002066574981456114,-0.07176250901268008
05,90,1,0.14950166112956811,0.14285787448340406,0.26299190521240234,0.002749440212884634,0.27489115193345437
05,91,1,0.1511627906976744,0.14418737546235322,0.2668812870979309,0.0021696891595417035,0.28214415250943814
05,92,1,0.15282392026578073,0.14479924697402752,0.2622136175632477,0.0023758397836989176,0.12177361410435951
05,93,1,0.15448504983388706,0.1463590957827431,0.25980475544929504,0.0015085575939816787,-0.2626016995187195
05,94,1,0.15614617940199335,0.1479384461443455,0.25741493701934814,0.0008569342044613281,-0.5792579558520615
05,95,1,0.15780730897009967,0.14933582503740173,0.25994259119033813,0.0007296982266405005,-0.49724603132320344
05,96,1,0.15946843853820597,0.15078057416997545,0.2596301734447479,0.0005720614878288887,-0.5610850533889487
05,97,1,0.1611295681063123,0.15292432416032095,0.26290470361709595,0.0002430785491977901,-0.5056888487077176
05,98,1,0.16279069767441862,0.15524019664187516,0.26287782192230225,0.0007509220906893721,-0.34966647573344894
05,99,1,0.1644518272425249,0.15825141272284773,0.26588869094848633,0.001936700547279525,0.1622885409348456
05,100,1,0.16611295681063123,0.16053388902253682,0.2646143138408661,0.0019902799256071423,0.11766612633288473
05,101,1,0.16777408637873753,0.1632743981275244,0.26506173610687256,0.002292460317454349,0.23276562439917084
05,102,1,0.16943521594684385,0.16580094030561127,0.2603965401649475,0.0022314840037403593,-0.010233494459222461
05,103,1,0.17109634551495018,0.16841033336968209,0.2604358494281769,0.0022006911518771665,-0.017883766845931612
05,104,1,0.17275747508305647,0.1703844450376023,0.2601650059223175,0.0016350726580887775,-0.20610535134050884
05,105,1,0.1744186046511628,0.1734530206255169,0.2613026797771454,0.0022410092422370086,0.036247016491648666
05,106,1,0.1760797342192691,0.17655437118194084,0.26859211921691895,0.0027977041741628194,0.5588695722912475
05,107,1,0.1777408637873754,0.17900515897491162,0.2625778615474701,0.0025601342480512223,0.19636002203720498
05,108,1,0.17940199335548174,0.18297709759251485,0.2645381689071655,0.0038833664643470726,0.7004260675642072
05,109,1,0.18106312292358803,0.18611747421866148,0.26841747760772705,0.0038755799517655857,0.8843715437352009
05,110,1,0.18272425249169436,0.18892973344625838,0.2581076920032501,0.0035217257810763025,0.27948866312708975
05,111,1,0.18438538205980065,0.19222315127106893,0.2563319206237793,0.0037213030398074846,0.256005338117893
05,112,1,0.18604651162790697,0.19572667205311692,0.25737464427948,0.003920325747816129,0.3677474626810855
05,113,1,0.1877076411960133,0.19917014989678666,0.25719693303108215,0.004176409976335378,0.4385371501530744
05,114,1,0.1893687707641196,0.20231041391768587,0.2588486075401306,0.004053505077703258,0.47980965821284616
05,115,1,0.19102990033222592,0.2048375652532616,0.2578805088996887,0.003235486295422153,0.17990718344220868
05,116,1,0.19269102990033224,0.20844031579850195,0.259921133518219,0.003684633345114276,0.417067859324996
05,117,1,0.19435215946843853,0.21212078533836248,0.25671258568763733,0.004186691948628597,0.4184546928865179
05,118,1,0.19601328903654486,0.21560412688169273,0.25944721698760986,0.004432374631564857,0.6259278705188172
05,119,1,0.19767441860465115,0.2189625648811832,0.26075875759124756,0.004467384390053631,0.6997776665981343
05,120,1,0.19933554817275748,0.22270932742881444,0.26119938492774963,0.00468289703070447,0.7877038378999472
05,121,1,0.2009966777408638,0.22541502203178967,0.25954654812812805,0.003821338726101588,0.441420180422845
05,122,1,0.2026578073089701,0.22934992023395845,0.2593059837818146,0.004432677754913584,0.6192370891088645
05,123,1,0.20431893687707642,0.23212081706932647,0.26101839542388916,0.003767126252215132,0.49533272095444975
05,124,1,0.2059800664451827,0.23500530052889174,0.26336371898651123,0.0033620466647446123,0.4825186023475432
05,125,1,0.20764119601328904,0.2380028532658496,0.2590475380420685,0.0032856061266831726,0.25149543538787966
05,126,1,0.20930232558139536,0.24045273389536148,0.25486618280410767,0.0025885289476800643,-0.16530430566330587
05,127,1,0.21096345514950166,0.24331362834159745,0.25153103470802307,0.00267371997856526,-0.2991314856766464
05,128,1,0.21262458471760798,0.2459090241841625,0.2525537610054016,0.0024709130030625536,-0.31282403607898746
05,129,1,0.21428571428571427,0.24842559001162218,0.2536805272102356,0.0022615479167045326,-0.32355012368702424
05,130,1,0.2159468438538206,0.25076108494380084,0.26434949040412903,0.001991358662440058,0.10527847393736509
05,131,1,0.21760797342192692,0.25338543870330016,0.2619725465774536,0.002038624659829553,0.005734349122693915
05,132,1,0.21926910299003322,0.25510463473923467,0.26266583800315857,0.0012398681053383664,-0.20839005021355447
05,133,1,0.22093023255813954,0.2571547326696101,0.2683892846107483,0.0009910633969457527,-0.01051408147617977
05,134,1,0.22259136212624583,0.25884167120096335,0.26795294880867004,0.000501143432760369,-0.1832367327925481
05,135,1,0.22425249169435216,0.2601386311693826,0.26286283135414124,0.00022747033206936714,-0.5125352716983895
05,136,1,0.22591362126245848,0.2617113991567872,0.2644668221473694,0.00034300046118533763,-0.3996938640669262
05,137,1,0.22757475083056478,0.2633960138691099,0.2645150423049927,0.0003100768532508113,-0.4075761077241056
05,138,1,0.2292358803986711,0.2643998205283925,0.26467761397361755,0.000866590493843149,-0.22737616992724713
05,139,1,0.23089700996677742,0.2656553108705085,0.2656812369823456,0.0010006374835844368,-0.1376398010876197
05,140,1,0.23255813953488372,0.26694198004567904,0.2630475163459778,0.0010931382336953777,-0.23550690170162356
05,141,1,0.23421926910299004,0.2670653053086993,0.2663714587688446,0.002277458192898001,0.29103600174986255
05,142,1,0.23588039867109634,0.26888828376921775,0.2629997432231903,0.0014343953879011563,-0.132091280470576
05,143,1,0.23754152823920266,0.27043086996822435,0.26010653376579285,0.0009513322034766669,-0.4207152801618549
05,144,1,0.23920265780730898,0.2724609100126236,0.26066645979881287,0.00052093882156127,-0.5271392313018763
05,145,1,0.24086378737541528,0.2739344713807357,0.2655486762523651,0.00011435819159445173,-0.4185489336304451
05,146,1,0.2425249169435216,0.27548108675739974,0.26628294587135315,0.00019202919847545626,-0.35921547129910125
05,147,1,0.2441860465116279,0.2758252444135984,0.2690707743167877,0.0014960722893222912,0.17865954787725577
05,148,1,0.24584717607973422,0.27712429079843354,0.2653362452983856,0.0015456195158307252,0.014605257461666188
05,149,1,0.24750830564784054,0.2774778637817553,0.26146528124809265,0.00235789172896138,0.08026467053267536
05,150,1,0.24916943521594684,0.2779888563697911,0.2620420753955841,0.0027327472411805154,0.2240914790078387
05,151,1,0.25083056478405313,0.278987885509786,0.2588118314743042,0.002360660504283506,-0.04634629996620196
05,152,1,0.25249169435215946,0.2804471950846548,0.25510111451148987,0.0016920112034615065,-0.4317310739338818
05,153,1,0.2541528239202658,0.2810342200646444,0.2589346468448639,0.0019357122950272743,-0.1720817993411797
05,154,1,0.2558139534883721,0.2826221535196898,0.25903433561325073,0.0012368679107041692,-0.3837725767054073
05,155,1,0.2574750830564784,0.28435616630034866,0.26218193769454956,0.0006792893732144269,-0.40528547885232247
05,156,1,0.2591362126245847,0.28542434177153747,0.2628971040248871,0.0009350741439718302,-0.29169575080760063
05,157,1,0.260797342192691,0.2868766238216014,0.25649407505989075,0.0007270787656285404,-0.6637201710581377
05,158,1,0.26245847176079734,0.28801374120321904,0.25821131467819214,0.0010505623232501139,-0.48102107894116947
05,159,1,0.26411960132890366,0.2890829834366936,0.2601570785045624,0.0013292170106579283,-0.30123050376975624
05,160,1,0.26578073089701,0.28929106234415825,0.26211708784103394,0.0023028423872795013,0.09452417208122449
05,161,1,0.26744186046511625,0.289857929160092,0.2677345871925354,0.0027026557145009445,0.4882317461489698
05,162,1,0.2691029900332226,0.29086055906717107,0.26932772994041443,0.0024453521420445146,0.48506003196891123
05,163,1,0.2707641196013289,0.2925876876050055,0.2688077986240387,0.0014445959044803404,0.1500807577937275
05,164,1,0.2724252491694352,0.2939982744651319,0.2688024342060089,0.0008955172521496623,-0.02026400373745363
05,165,1,0.27408637873754155,0.29591204125696646,0.26553913950920105,0.00026654045184084784,-0.37186585526292126
05,166,1,0.2757475083056478,0.2979215640201413,0.2608885169029236,0.0003374412483977252,-0.5733135636446048
05,167,1,0.27740863787375414,0.29974415186591713,0.26261600852012634,0.00039477785593099006,-0.4725658174019037
05,168,1,0.27906976744186046,0.30148694144047333,0.264421284198761,0.0003484513652592514,-0.4001929379889287
05,169,1,0.2807308970099668,0.30370158958431503,0.26632821559906006,0.0006909327652656183,-0.20249634683583456
05,170,1,0.2823920265780731,0.3061885626062499,0.2692298889160156,0.0012305187053632937,0.10404319453421784
05,171,1,0.2840531561461794,0.30783587682878105,0.26962336897850037,0.0008363226047367376,0.0008361357908027167
05,172,1,0.2857142857142857,0.30993767306503267,0.26828959584236145,0.0008899482769029588,-0.04662525475958057
05,173,1,0.287375415282392,0.31219411054730273,0.2654096782207489,0.0010337028530331815,-0.1404425716689174
05,174,1,0.28903654485049834,0.3138571346469486,0.2689377963542938,0.0005909810967441906,-0.10809695508451184
05,175,1,0.29069767441860467,0.3154522579955618,0.27073347568511963,0.00037163095583943523,-0.08978228369857022
05,176,1,0.292358803986711,0.317515284642035,0.2688654065132141,0.00041050840514868074,-0.16747916520895256
05,177,1,0.29401993355481726,0.3192377462852678,0.26924917101860046,0.00023856715413088207,-0.20230548142449106
05,178,1,0.2956810631229236,0.3205045374961931,0.2664068043231964,0.0002555505694350357,-0.3335885593878646
05,179,1,0.2973421926910299,0.3220572696183826,0.26737573742866516,0.00036466915955670083,-0.25324067670710354
05,180,1,0.29900332225913623,0.32316478741314336,0.26385271549224854,0.0009084042705011385,-0.2540507610655244
05,181,1,0.30066445182724255,0.32466011312692306,0.267874538898468,0.0008254542494985239,-0.0865423023616611
05,182,1,0.3023255813953488,0.3262256622951743,0.26907941699028015,0.0006154967916611065,-0.09369948333687728
05,183,1,0.30398671096345514,0.32688919502487396,0.26772812008857727,0.0013822452617067316,0.0789000121959397
05,184,1,0.30564784053156147,0.3275566390166054,0.27052199840545654,0.0019227826215981337,0.38055592633664004
05,185,1,0.3073089700996678,0.328466344539256,0.2664477825164795,0.0021110399998130625,0.24315145546405706
05,186,1,0.3089700996677741,0.3291479811055715,0.2644767463207245,0.0023809612865808173,0.23207817243229512
05,187,1,0.3106312292358804,0.3300396708165987,0.26672640442848206,0.0022198512781529,0.2902423938597777
05,188,1,0.3122923588039867,0.33028884332970154,0.2678939700126648,0.0027582977129812104,0.5131244291113561
05,189,1,0.313953488372093,0.33107894394265747,0.26594287157058716,0.0026512481782993303,0.38623539049726663
05,190,1,0.31561461794019935,0.3322049114206547,0.26831504702568054,0.002178430551152454,0.35372812054312147
05,191,1,0.31727574750830567,0.33276484787732163,0.26629990339279175,0.002382726673256357,0.3202073836085214
05,192,1,0.31893687707641194,0.3333670110455409,0.26674288511276245,0.002461857770217806,0.3660000025562872
05,193,1,0.32059800664451826,0.3341522948678965,0.26526615023612976,0.0024461158768220737,0.2901830355668191
05,194,1,0.3222591362126246,0.33428682089450396,0.2681316137313843,0.0030799275815243544,0.6241712369380168
05,195,1,0.3239202657807309,0.33477638666547005,0.2611192464828491,0.003110839179020596,0.29688067688321135
05,196,1,0.32558139534883723,0.3351561708743746,0.2707042098045349,0.0032339396671530896,0.7954638017919273
05,197,1,0.3272425249169435,0.3350106469394769,0.2686472535133362,0.0038267535592592674,0.8802848519276181
05,198,1,0.3289036544850498,0.33440197961242907,0.26783448457717896,0.004650008904202184,1.0962586344965417
05,199,1,0.33056478405315615,0.33515460752774556,0.26812708377838135,0.00392617066836694,0.8860927521659192
05,200,1,0.33222591362126247,0.3358562079489211,0.2680562734603882,0.003319125462760324,0.6946478553736267
05,201,1,0.3338870431893688,0.336498203965463,0.2673010528087616,0.0028521387148550837,0.5137103250898405
05,202,1,0.33554817275747506,0.3374049866800936,0.26669546961784363,0.0023172452567209335,0.31892587095161123
05,203,1,0.3372093023255814,0.3391860563708833,0.264457643032074,0.0013285657436072585,-0.0948381147939691
05,204,1,0.3388704318936877,0.34026353046388635,0.26576682925224304,0.0012173154506287687,-0.06640812153886966
05,205,1,0.34053156146179403,0.34124581598123477,0.2674758732318878,0.0013368605620216346,0.052723632800335984
05,206,1,0.34219269102990035,0.34149224040978604,0.2674354910850525,0.0022773391374133634,0.34211400022530897
05,207,1,0.3438538205980066,0.34270751519461795,0.26734310388565063,0.002083877785004533,0.27774766718267674
05,208,1,0.34551495016611294,0.3435739003175086,0.2666325271129608,0.0020978573680475055,0.24794281251311368
05,209,1,0.34717607973421927,0.34466953288859287,0.2691592276096344,0.0018298172603688368,0.28629229323278454
05,210,1,0.3488372093023256,0.34636758430189807,0.2645445466041565,0.000987824345920786,-0.19621418971011506
05,211,1,0.3504983388704319,0.34830858518501534,0.2620425522327423,0.0005088674496788577,-0.4647726733610592
05,212,1,0.3521594684385382,0.3504933924186335,0.2663125693798065,0.0005190095722048938,-0.25650429712062034
05,213,1,0.3538205980066445,0.3524299375001303,0.26673540472984314,0.0007256816284204449,-0.17217136341593575
05,214,1,0.3554817275747508,0.35504601852627293,0.262613981962204,0.001401661501678737,-0.16076271827083444
05,215,1,0.35714285714285715,0.3570172292990579,0.26185372471809387,0.001203263718369969,-0.25874190236665934
05,216,1,0.3588039867109635,0.3598237432795207,0.26209259033203125,0.001832616670322208,-0.052313595504607846
05,217,1,0.36046511627906974,0.3619399061532395,0.2613694369792938,0.001616191828819209,-0.15409455960499513
05,218,1,0.36212624584717606,0.3635756428226145,0.2625780403614044,0.0009054644348643379,-0.31619534293362395
05,219,1,0.3637873754152824,0.36522241966088753,0.2631721496582031,0.0004708512300489069,-0.4222843363389889
05,220,1,0.3654485049833887,0.36750998883801406,0.26426470279693604,0.000625078685773618,-0.3220246022424964
05,221,1,0.36710963455149503,0.3696697233751225,0.26452234387397766,0.0008632518332587336,-0.23586937599048585
05,222,1,0.3687707641196013,0.3717618379707517,0.2649027109146118,0.0010229121234171922,-0.1681393169262796
05,223,1,0.3704318936877076,0.37326701459021605,0.26420319080352783,0.0005778480807500139,-0.3396101027046532
05,224,1,0.37209302325581395,0.3752999079361642,0.26257646083831787,0.0005032845694632316,-0.44085372164644626
05,225,1,0.37375415282392027,0.3770701428336333,0.26415789127349854,0.00032603969239484835,-0.4197884502905552
05,226,1,0.3754152823920266,0.3786787357148196,0.2662941515445709,0.00013750668293750973,-0.37556650081877424
05,227,1,0.3770764119601329,0.3800763170608743,0.26565825939178467,0.0002561808777980988,-0.36935254005760354
05,228,1,0.3787375415282392,0.38118022058417705,0.2644956111907959,0.0008455374753706823,-0.2426409263932252
05,229,1,0.3803986710963455,0.3833294152471592,0.26192688941955566,0.00039212187124787045,-0.5064930389131214
05,230,1,0.38205980066445183,0.38465767153402836,0.2611013650894165,0.00044391539655972247,-0.5301062871353511
05,231,1,0.38372093023255816,0.38616282231230764,0.26372262835502625,0.00039256596742694324,-0.4200902568820148
05,232,1,0.3853820598006645,0.38647307290809657,0.26336443424224854,0.0016039416844963617,-0.062051909682187115
05,233,1,0.38704318936877075,0.3877768777958754,0.263725608587265,0.0016233498776974265,-0.03868947365809386
05,234,1,0.38870431893687707,0.38843607805823455,0.26147404313087463,0.0020760152525173426,-0.006630764577413802
05,235,1,0.3903654485049834,0.3891168579164912,0.26022616028785706,0.0023398370253122237,0.015145965546092516
05,236,1,0.3920265780730897,0.3899399076845381,0.264325886964798,0.0022552961583111753,0.18590401362656095
05,237,1,0.39368770764119604,0.39033395503604623,0.2655150294303894,0.0027279575009134405,0.3894444529765475
05,238,1,0.3953488372093023,0.39119460687046465,0.2634979784488678,0.0025065749765377666,0.22397041576542193
05,239,1,0.39700996677740863,0.39243883536773283,0.2621307373046875,0.0019519786823270924,-0.013506513298495764
05,240,1,0.39867109634551495,0.3932907366198864,0.2572181224822998,0.0019305717929839362,-0.25613400199690606
05,241,1,0.4003322259136213,0.39439023677218005,0.2588181495666504,0.001668778874527337,-0.2603656569038566
05,242,1,0.4019933554817276,0.39559807264521124,0.260293185710907,0.0014750134355295975,-0.24952898724172853
05,243,1,0.40365448504983387,0.39747630257141764,0.26187971234321594,0.0007878684814780725,-0.3861696880243483
05,244,1,0.4053156146179402,0.39885645775243506,0.26461437344551086,0.0005768615729136328,-0.3201629542801401
05,245,1,0.4069767441860465,0.40014780362921787,0.2591593265533447,0.0006769459792680276,-0.5512141202280335
05,246,1,0.40863787375415284,0.4020900147942727,0.25721150636672974,0.0002963356763650795,-0.76268607975568
05,247,1,0.41029900332225916,0.40351453949592797,0.26163432002067566,0.0003725873640827037,-0.5265989009535808
05,248,1,0.4119601328903654,0.40531670573912587,0.26210758090019226,0.00016992879002543945,-0.5666411625494289
05,249,1,0.41362126245847175,0.4060981870273426,0.2605275511741638,0.0009135610604683475,-0.4121903882012452
05,250,1,0.4152823920265781,0.4078340978170741,0.25938108563423157,0.0006843050804988218,-0.5382814563055787
05,251,1,0.4169435215946844,0.41054118065964934,0.2612267732620239,0.0006058159666068442,-0.47393018902278505
05,252,1,0.4186046511627907,0.4128662927134393,0.2625272572040558,0.0011742677294664227,-0.23536821604782285
05,253,1,0.420265780730897,0.4150528434613405,0.26205989718437195,0.0014734217337893773,-0.16515127610149777
05,254,1,0.4219269102990033,0.41699235329404,0.26134902238845825,0.001174267457989332,-0.29196933379415424
05,255,1,0.42358803986710963,0.4190928677189715,0.26372960209846497,0.000985218013679302,-0.23617053696774998
05,256,1,0.42524916943521596,0.4217761594441766,0.2659376263618469,0.001530587974053933,0.038838613661808685
05,257,1,0.4269102990033223,0.423801418283572,0.26532647013664246,0.0013283801307649844,-0.05315816557230388
05,258,1,0.42857142857142855,0.425587176929078,0.26261529326438904,0.0009269950707130726,-0.3077362521321883
05,259,1,0.43023255813953487,0.4264963131940919,0.2629205286502838,0.0006187115720527801,-0.3885694976871604
05,260,1,0.4318936877076412,0.42840034992946846,0.26087847352027893,0.00036252113948933705,-0.5660270854164634
05,261,1,0.4335548172757475,0.42955842674511185,0.25594809651374817,0.000757370012115609,-0.6805650845807241
05,262,1,0.43521594684385384,0.43020729864392965,0.2605774402618408,0.0015477502286827972,-0.21334218881307954
05,263,1,0.4368770764119601,0.43139440572322074,0.2630677819252014,0.0015156735781046305,-0.10364538809381571
05,264,1,0.43853820598006643,0.4329994561057078,0.2606006860733032,0.0011351463278997265,-0.34003702108326
05,265,1,0.44019933554817275,0.43477374528697904,0.26149219274520874,0.0005488818466890213,-0.47881612018096953
05,266,1,0.4418604651162791,0.43616183530529845,0.26137134432792664,0.00042637330783572454,-0.5225707775456296
05,267,1,0.4435215946843854,0.4370281710528934,0.26583585143089294,0.001048671725583027,-0.11533282557649044
05,268,1,0.44518272425249167,0.4377454376544599,0.2759367823600769,0.0017398464564346728,0.5840080740230692
05,269,1,0.446843853820598,0.43906230816601366,0.2756059169769287,0.001609471332068917,0.5277276278681614
05,270,1,0.4485049833887043,0.43984487055166827,0.27195367217063904,0.0018990496661729795,0.4419801601557396
05,271,1,0.45016611295681064,0.44008256436168214,0.27721911668777466,0.002582114667751505,0.9065177666696498
05,272,1,0.45182724252491696,0.440445614235884,0.2750968337059021,0.0029826631207468686,0.9286428950210248
05,273,1,0.45348837209302323,0.4408685664713188,0.2734091281890869,0.0032347550306681006,0.925657516586778
05,274,1,0.45514950166112955,0.44180620469522935,0.27453944087028503,0.0027486813830838053,0.8293863071690648
05,275,1,0.4568106312292359,0.4427107169656773,0.2703535556793213,0.0023345026485261256,0.5000018713301126
05,276,1,0.4584717607973422,0.44329619933010866,0.2714722454547882,0.0024060584350935766,0.5759081317149094
05,277,1,0.4601328903654485,0.44396554763862883,0.268146812915802,0.00244935640012957,0.42957053960164426
05,278,1,0.46179401993355484,0.444938767265394,0.26980212330818176,0.0022503820651919183,0.44745382510899195
05,279,1,0.4634551495016611,0.4457418714864835,0.26572147011756897,0.002230418486643614,0.24523989969795962
05,280,1,0.46511627906976744,0.4459659842177175,0.2655446529388428,0.002764094385611109,0.4020615867418663
05,281,1,0.46677740863787376,0.4464639737777762,0.26987653970718384,0.002933551047454618,0.6626526729272446
05,282,1,0.4684385382059801,0.4470779752926203,0.2691052258014679,0.0029441560673973844,0.6288847447865217
05,283,1,0.4700996677740864,0.4477883430305708,0.2706371247768402,0.002768590336253417,0.6480907281494064
05,284,1,0.4717607973421927,0.4481953890051476,0.26792043447494507,0.0028731622476984454,0.5499771219941056
05,285,1,0.473421926910299,0.44893542247115553,0.2701815664768219,0.0026904799785480316,0.602010137365417
05,286,1,0.4750830564784053,0.4499460769326576,0.26944565773010254,0.0022976876903908084,0.44498340679822407
05,287,1,0.47674418604651164,0.45130269463291584,0.2655963599681854,0.0016580954001419613,0.06194230750980802
05,288,1,0.47840531561461797,0.4522640455516739,0.26976025104522705,0.0015753323819701782,0.2363334598199705
05,289,1,0.48006644518272423,0.45333191180954907,0.2719237804412842,0.0015246302607265384,0.3245610013517125
05,290,1,0.48172757475083056,0.453940086224894,0.27187860012054443,0.0020155781799799533,0.4744706044502747
05,291,1,0.4833887043189369,0.4548272747368943,0.26927173137664795,0.002126891991038731,0.38372112409474635
05,292,1,0.4850498338870432,0.4556106526912287,0.2739273011684418,0.002224659062699018,0.6376544177402905
05,293,1,0.4867109634551495,0.45655681913137897,0.2700292766094208,0.0021151444074374182,0.4164736913656269
05,294,1,0.4883720930232558,0.45716616968769375,0.27209120988845825,0.0023120206815801393,0.5765125670513723
05,295,1,0.4900332225913621,0.457655817892021,0.27787432074546814,0.002628893342952814,0.9524835516971697
05,296,1,0.49169435215946844,0.4580277323953116,0.2763122618198395,0.0029641146284439136,0.9812849200119771
05,297,1,0.49335548172757476,0.4581798531633478,0.27288180589675903,0.0034162637864284125,0.9565511912055079
05,298,1,0.4950166112956811,0.4587770923142437,0.27230027318000793,0.0032247831435247166,0.8693004356322744
05,299,1,0.49667774086378735,0.4590995490160223,0.27467912435531616,0.0033050570983836226,1.0084439983206686
05,300,1,0.4983388704318937,0.45972312728383086,0.2753726840019226,0.003042411611575384,0.9604026008182388
05,301,1,0.5,0.46019757122302907,0.28660690784454346,0.0029918163945070065,1.4844088960037634
05,302,1,0.5016611295681063,0.46085242444216434,0.2958616316318512,0.0028413926902920317,1.8823986223340954
05,303,1,0.5033222591362126,0.46287097675099736,0.3083888292312622,0.0015020531332206833,2.0693059671975242
05,304,1,0.5049833887043189,0.46621852387883583,0.33850064873695374,0.00121090422169299,3.425654192460244
05,305,1,0.5066445182724253,0.47006457347377056,0.3559574484825134,0.0032852172268390115,4.906814637365356
05,306,1,0.5083056478405316,0.4747178429946885,0.36880895495414734,0.005471736185071614,6.201499963055567
05,307,1,0.5099667774086378,0.4796114080174122,0.37228432297706604,0.0068989465696642615,6.810556886768486
05,308,1,0.5116279069767442,0.4855834879371175,0.3684384524822235,0.008685918672765814,7.179352716277055
05,309,1,0.5132890365448505,0.49154192792008367,0.3744174540042877,0.009803117641161608,7.812649635632688
05,310,1,0.5149501661129569,0.49693270008449475,0.3767660856246948,0.009824551193994403,7.932114605326781
05,311,1,0.5166112956810631,0.5022104147229227,0.3654797077178955,0.00954855155997082,7.304434216825918
05,312,1,0.5182724252491694,0.5072872713544998,0.3474389314651489,0.008975656515170278,6.260311634850005
05,313,1,0.5199335548172758,0.5133667474769354,0.3403647243976593,0.009629186783260342,6.122917775847808
05,314,1,0.521594684385382,0.5190581670388528,0.3394134044647217,0.009864401455964717,6.1500794765494655
05,315,1,0.5232558139534884,0.5233866639634663,0.34249523282051086,0.00866153164198878,5.925516216248774
05,316,1,0.5249169435215947,0.527132206503403,0.3126000165939331,0.007113011871789516,4.0097026547884616
05,317,1,0.526578073089701,0.5302818350795137,0.27737662196159363,0.005301406660674397,1.7564341019528134
05,318,1,0.5282392026578073,0.5332125009590994,0.27896055579185486,0.004003300639615638,1.430412585684753
05,319,1,0.5299003322259136,0.5363500176640006,0.2784533202648163,0.0036022338644551137,1.281807879031756
05,320,1,0.53156146179402,0.540027954076841,0.27824804186820984,0.004039331852161971,1.4073455643146058
05,321,1,0.5332225913621262,0.5452828717136673,0.2758117616176605,0.006070312595628747,1.9194425713251988
05,322,1,0.5348837209302325,0.5523444302587701,0.27845054864883423,0.009381611982193156,3.0719418201985995
05,323,1,0.5365448504983389,0.5621726025260434,0.27868035435676575,0.014426801924548772,4.645820416380785
05,324,1,0.5382059800664452,0.5739904714713877,0.2661273777484894,0.019789024654382384,5.703835629733058
05,325,1,0.5398671096345515,0.5864972098641039,0.260674387216568,0.02380513369846192,6.685942833482631
05,326,1,0.5415282392026578,0.5980803917163375,0.26471325755119324,0.025084731013086378,7.276343931552226
05,327,1,0.5431893687707641,0.6062161127771979,0.2654406726360321,0.02178646170955488,6.2895894314513745
05,328,1,0.5448504983388704,0.6116693068472976,0.2636990249156952,0.016228778216865955,4.484329536009677
05,329,1,0.5465116279069767,0.6149233396425264,0.261104553937912,0.010063102168117328,2.4497642904231176
05,330,1,0.5481727574750831,0.6173277519012617,0.2591547966003418,0.005360981982246922,0.899533286323034
05,331,1,0.5498338870431894,0.6184298664926065,0.26796209812164307,0.0019490956663232627,0.26573222884531866
05,332,1,0.5514950166112956,0.6187678320098273,0.2657219469547272,0.001217893226995551,-0.06838523834470067
05,333,1,0.553156146179402,0.6188203598666318,0.2659703195095062,0.0027863198180985856,0.4293948453810126
05,334,1,0.5548172757475083,0.6185123995390363,0.2624397873878479,0.004068535201720418,0.6569816251489332
05,335,1,0.5564784053156147,0.618670453134545,0.2650292217731476,0.004206643515655266,0.8241566015473397
05,336,1,0.5581395348837209,0.6187605321416527,0.26395928859710693,0.004176711169032248,0.7634861663181307
05,337,1,0.5598006644518272,0.618876658890155,0.26118341088294983,0.0040587594534863426,0.5935985402583626
05,338,1,0.5614617940199336,0.6187382097176211,0.2640284299850464,0.004211283381901064,0.777517007719911
05,339,1,0.5631229235880398,0.6184777612539997,0.26269349455833435,0.004528184390168654,0.811554087624595
05,340,1,0.5647840531561462,0.6180440804285106,0.26001784205436707,0.004913692245521422,0.8024368884729621
05,341,1,0.5664451827242525,0.6180163232496219,0.25999486446380615,0.00476233649612458,0.7544478859446064
05,342,1,0.5681063122923588,0.6182575299259216,0.25868096947669983,0.004306045909691513,0.5499856185276151
05,343,1,0.5697674418604651,0.6184210129097767,0.2648916244506836,0.004022392977911614,0.7604716433717048
05,344,1,0.5714285714285714,0.6191756482312507,0.2664492428302765,0.003253570570381852,0.5971411525671083
05,345,1,0.5730897009966778,0.6190486172942803,0.2711401879787445,0.0036634934580373076,0.9494697571479798
05,346,1,0.574750830564784,0.6195866302627124,0.2623773515224457,0.0033835540007697714,0.4417969406924886
05,347,1,0.5764119601328903,0.6201282777473485,0.2597135007381439,0.0031741816003314372,0.24897174481566003
05,348,1,0.5780730897009967,0.6208197502382437,0.25929972529411316,0.002909525318829197,0.1471123741076714
05,349,1,0.579734219269103,0.6215041283900721,0.25991764664649963,0.0026361726687490084,0.09212066287754828
05,350,1,0.5813953488372093,0.62235499803748,0.26887354254722595,0.002399180795289073,0.44893898529148296
05,351,1,0.5830564784053156,0.6229390828510154,0.2665630578994751,0.0025071879254455077,0.37140314875261343
05,352,1,0.584717607973422,0.6231275730603525,0.2679207921028137,0.003021398992025153,0.5959133194239492
05,353,1,0.5863787375415282,0.6233473367532949,0.2677149176597595,0.003378591004609953,0.6966700477460754
05,354,1,0.5880398671096345,0.6244423538036057,0.2663739323616028,0.0027443760451048727,0.4357910949092018
05,355,1,0.5897009966777409,0.6254138672249316,0.25996628403663635,0.002294701565310352,-0.011319714604043532
05,356,1,0.5913621262458472,0.6261506119751284,0.2585793733596802,0.002176652908592607,-0.11451300484499553
05,357,1,0.5930232558139535,0.6265979630596601,0.25656819343566895,0.0024850615527549514,-0.1155925897196125
05,358,1,0.5946843853820598,0.6266374889667098,0.2549361288547516,0.0032581922222965506,0.04549615415761238
05,359,1,0.5963455149501661,0.6273708517921337,0.2516476809978485,0.003073613187648665,-0.1696537662060567
05,360,1,0.5980066445182725,0.6278780175204486,0.2523542046546936,0.003055693601134295,-0.14126410598231742
05,361,1,0.5996677740863787,0.6291369181700519,0.25755587220191956,0.0022286443378610066,-0.14757552585364106
05,362,1,0.6013289036544851,0.6297941318637152,0.2545359134674072,0.002206169421795622,-0.2996128524209024
05,363,1,0.6029900332225914,0.6301429636602401,0.2541748285293579,0.0026464983495220907,-0.18055909042391127
05,364,1,0.6046511627906976,0.6304066924946065,0.25447186827659607,0.0030757974821823838,-0.03330646091369177
05,365,1,0.606312292358804,0.6309588208872707,0.2530137002468109,0.0031558378330575777,-0.07856121251434811
05,366,1,0.6079734219269103,0.6314137030170941,0.2501843273639679,0.00315643138253892,-0.2142971406971596
05,367,1,0.6096345514950167,0.6317580961510634,0.25845780968666077,0.0032169310369143545,0.20189221599338994
05,368,1,0.6112956810631229,0.6327551176914865,0.2559398114681244,0.0026236926191970256,-0.10283584580858462
05,369,1,0.6129568106312292,0.6334852380426004,0.254896879196167,0.0024806785673031784,-0.19723829602305384
05,370,1,0.6146179401993356,0.6342029487832528,0.25625401735305786,0.002394572115483178,-0.1587159869868858
05,371,1,0.6162790697674418,0.63477794341373,0.2571758031845093,0.002516888926545684,-0.0765446165834684
05,372,1,0.6179401993355482,0.6365784210080478,0.25761350989341736,0.0015227155104184055,-0.3634809227841279
05,373,1,0.6196013289036545,0.6383704021657779,0.2528529763221741,0.0007807484702887897,-0.8220091668784502
05,374,1,0.6212624584717608,0.6404125465778433,0.25831738114356995,0.0004764224032109489,-0.6537760118548233
05,375,1,0.6229235880398671,0.6425482238720104,0.25774770975112915,0.0007689134074857618,-0.5905379765519518
05,376,1,0.6245847176079734,0.6443346961608234,0.2621312737464905,0.0006128155817286663,-0.4283107774677354
05,377,1,0.6262458471760798,0.6458147657438931,0.25810492038726807,0.00032719995303319633,-0.710206737757212
05,378,1,0.627906976744186,0.6478562621141416,0.25570037961006165,0.00033422185232419137,-0.8235429266136431
05,379,1,0.6295681063122923,0.649623753324565,0.2523430287837982,0.00024078417867302697,-1.013770177764562
05,380,1,0.6312292358803987,0.6522615015118499,0.25426366925239563,0.0011096500028192745,-0.6523579061325775
05,381,1,0.632890365448505,0.6543024060323624,0.25435376167297363,0.001168853185575176,-0.6296907122265297
05,382,1,0.6345514950166113,0.6568473274447753,0.25631752610206604,0.0015918645258706354,-0.40431832020641123
05,383,1,0.6362126245847176,0.6583137436130868,0.2560373842716217,0.0009262027120029757,-0.6239768164693646
05,384,1,0.6378737541528239,0.6601058166003045,0.25929200649261475,0.0004986380681163656,-0.6000744360440184
05,385,1,0.6395348837209303,0.6615548930319356,0.25626522302627563,0.0003125703251182142,-0.8031154570310824
05,386,1,0.6411960132890365,0.6631778740475214,0.2575733959674835,0.00027205329817904685,-0.7528232297761985
05,387,1,0.6428571428571429,0.6651245196115168,0.255121648311615,0.0001292934134286156,-0.9148248037656284
05,388,1,0.6445182724252492,0.6659056074936116,0.2581077516078949,0.0008296505023828326,-0.5544275678261883
05,389,1,0.6461794019933554,0.6667576891504988,0.2643093466758728,0.0014275165688223835,-0.07131028874101226
05,390,1,0.6478405315614618,0.6670885452950057,0.26677772402763367,0.0023973594539562926,0.3476941015263594
05,391,1,0.6495016611295681,0.6679589756655371,0.25430092215538025,0.0025045968952960174,-0.21845824541959794
05,392,1,0.6511627906976745,0.6681314189490288,0.25265365839004517,0.0030407676253093475,-0.1315022873873279
05,393,1,0.6528239202657807,0.6682471522222212,0.25073182582855225,0.003481487215971289,-0.0873040156485978
05,394,1,0.654485049833887,0.6686102724524751,0.25084903836250305,0.0034907327536480167,-0.07880928868597986
05,395,1,0.6561461794019934,0.6697977510798748,0.2513870894908905,0.00268368591561559,-0.30295931734397424
05,396,1,0.6578073089700996,0.6702011923197566,0.2523762285709381,0.002739938529318241,-0.23801695714059112
05,397,1,0.659468438538206,0.6705141414537639,0.248172789812088,0.0029444327379929292,-0.37659949234422774
05,398,1,0.6611295681063123,0.6721936008890272,0.24964962899684906,0.0018317206106152218,-0.6503365934887536
05,399,1,0.6627906976744186,0.6738237354264139,0.24578185379505157,0.0010974181823665708,-1.0636035088164244
05,400,1,0.6644518272425249,0.6754970616178564,0.2582297623157501,0.000430588077558901,-0.6721831315211301
05,401,1,0.6661129568106312,0.6776460636858737,0.26142656803131104,0.0003944466659334245,-0.5298077506972352
05,402,1,0.6677740863787376,0.6797121449220269,0.26129046082496643,0.0006775473440592384,-0.44865061854386634
05,403,1,0.6694352159468439,0.681668847090988,0.26211515069007874,0.000754613504770364,-0.38516083454685696
05,404,1,0.6710963455149501,0.6835653505791397,0.2620449960231781,0.0006898390767785934,-0.4085960360515071
05,405,1,0.6727574750830565,0.6858004240050504,0.25894996523857117,0.0009078402623684379,-0.48974790722775
05,406,1,0.6744186046511628,0.6875586332413903,0.2608167827129364,0.000627459418914218,-0.4869212078621407
05,407,1,0.6760797342192691,0.6888519746077817,0.26198017597198486,0.00033342202480831013,-0.5221165557484974
05,408,1,0.6777408637873754,0.6909116807503237,0.2617373466491699,0.0002443720836115788,-0.5613666274547926
05,409,1,0.6794019933554817,0.6929455956126317,0.2622945308685303,0.00042043528832029335,-0.4800613762728653
05,410,1,0.6810631229235881,0.6952703498380977,0.25964343547821045,0.0009588966118909259,-0.440618772086208
05,411,1,0.6827242524916943,0.696524451414991,0.26101258397102356,0.0005069146857957272,-0.5148560577648217
05,412,1,0.6843853820598007,0.6981274407102245,0.25690871477127075,0.00028658835326335547,-0.7802512466668339
05,413,1,0.686046511627907,0.7004520760121145,0.26083287596702576,0.0004906344449533817,-0.5285321213711912
05,414,1,0.6877076411960132,0.7019662343987846,0.2605946958065033,0.0002676334312491645,-0.6090526244336439
05,415,1,0.6893687707641196,0.7045468771970127,0.2603706121444702,0.001034844389809204,-0.3821598483690296
05,416,1,0.6910299003322259,0.7068230805742244,0.2618716061115265,0.0013054413215154558,-0.2262315370781577
05,417,1,0.6926910299003323,0.7093658731215045,0.2606845498085022,0.0016743239027955503,-0.16898828155304718
05,418,1,0.6943521594684385,0.7115817985587749,0.2599262297153473,0.0016618000627185003,-0.20929658546707292
05,419,1,0.6960132890365448,0.7134391484515745,0.25743797421455383,0.0011152589155205405,-0.49813051597976
05,420,1,0.6976744186046512,0.7163875652342915,0.25868257880210876,0.0018406078845970408,-0.2136511699791732
05,421,1,0.6993355481727574,0.7192621023614347,0.26217570900917053,0.0023240238467235174,0.10390160583291966
05,422,1,0.7009966777408638,0.7220189504077595,0.26098015904426575,0.0026068145830657596,0.13406832685914458
05,423,1,0.7026578073089701,0.7248680522639865,0.25596490502357483,0.0028466284770465988,-0.032571959254966976
05,424,1,0.7043189368770764,0.7273446803212315,0.25267907977104187,0.0024660305811885063,-0.30831628660030774
05,425,1,0.7059800664451827,0.729973371344187,0.2538661062717438,0.0023554428324091114,-0.28554946947881366
05,426,1,0.707641196013289,0.7325944368926347,0.2561298608779907,0.0022986911351686855,-0.1943811908975296
05,427,1,0.7093023255813954,0.7357139518896527,0.25971153378486633,0.0027743345109679084,0.12501737405027008
05,428,1,0.7109634551495017,0.7382356492438159,0.2579237222671509,0.002584556958714552,-0.019654052510460568
05,429,1,0.7126245847176079,0.7404208493886602,0.2548913359642029,0.0020470148729126846,-0.33183977318530117
05,430,1,0.7142857142857143,0.7431433153342406,0.25223594903945923,0.0021576113073748637,-0.42514223106065174
05,431,1,0.7159468438538206,0.7450989565477839,0.2552439868450165,0.0014760329105166902,-0.4917708422502871
05,432,1,0.717607973421927,0.7471178390509888,0.25826573371887207,0.0011486642491888143,-0.44801800232733224
05,433,1,0.7192691029900332,0.7482926035120687,0.25626495480537415,0.000465364849698046,-0.7557974696359595
05,434,1,0.7209302325581395,0.750125825565217,0.24967481195926666,0.0001952191881158528,-1.15606279997237
05,435,1,0.7225913621262459,0.7522623754654587,0.2504343092441559,0.0003590871232692206,-1.0688163695355537
05,436,1,0.7242524916943521,0.7529715071106096,0.24775494635105133,0.0007226359609986288,-1.084914015053008
05,437,1,0.7259136212624585,0.7542024648229553,0.24693073332309723,0.0009550952635580967,-1.052499771920707
05,438,1,0.7275747508305648,0.7558612787853334,0.24845090508460999,0.0007737466289016326,-1.0356485094479835
05,439,1,0.729235880398671,0.757296203753141,0.243166983127594,0.0007726849661231094,-1.2898108595782902
05,440,1,0.7308970099667774,0.7590514413295608,0.24585950374603271,0.0003046268151987954,-1.3054547855279814
05,441,1,0.7325581395348837,0.7599516141359852,0.24454814195632935,0.0008957152099372689,-1.1853507445904035
05,442,1,0.7342192691029901,0.7613321594040687,0.24560117721557617,0.0009524572701112443,-1.117187271152724
05,443,1,0.7358803986710963,0.7625491423720298,0.24934972822666168,0.0011031944568340602,-0.8904176545982099
05,444,1,0.7375415282392026,0.7643842625129564,0.24823173880577087,0.0006499726064579339,-1.0845182492926022
05,445,1,0.739202657807309,0.7656047763113256,0.2441481500864029,0.0006940004681092892,-1.2670506860604036
05,446,1,0.7408637873754153,0.7662059752888877,0.24664092063903809,0.0015060920343823326,-0.8957408039769246
05,447,1,0.7425249169435216,0.76656323326603,0.24923141300678253,0.002367288028444702,-0.5045254930516063
05,448,1,0.7441860465116279,0.7667410940302368,0.24910230934619904,0.0031929499877379904,-0.25496373137606226
05,449,1,0.7458471760797342,0.7671121073315779,0.24493718147277832,0.003411144565717049,-0.3874619184648192
05,450,1,0.7475083056478405,0.7672668232720711,0.24743478000164032,0.0036332613802868992,-0.19867547487873194
05,451,1,0.7491694352159468,0.7665239652767951,0.2526716887950897,0.004641331371358708,0.3651674927147667
05,452,1,0.7508305647840532,0.7674287614907297,0.2543821632862091,0.0037267181601153983,0.1640186891970662
05,453,1,0.7524916943521595,0.7676079599096296,0.2551705539226532,0.0037194366063387097,0.1996364675325648
05,454,1,0.7541528239202658,0.7678611433203958,0.25038573145866394,0.0035902163400854544,-0.07024917145102816
05,455,1,0.7558139534883721,0.7680746204139924,0.25087758898735046,0.003525319258569985,-0.06672395323070157
05,456,1,0.7574750830564784,0.7684442597560041,0.2509470283985138,0.003543343700857697,-0.05780476689941799
05,457,1,0.7591362126245847,0.7699041781905689,0.24736693501472473,0.0023372998326114548,-0.6033822397823249
05,458,1,0.760797342192691,0.7710382644353423,0.24824483692646027,0.0017772681580728745,-0.7346888086062812
05,459,1,0.7624584717607974,0.7710626653456614,0.2514485716819763,0.002547147526490422,-0.34230102413080715
05,460,1,0.7641196013289037,0.7719870853303319,0.24319526553153992,0.0023697387747371335,-0.7937358520583427
05,461,1,0.7657807308970099,0.7723905867802887,0.24573206901550293,0.00285194371836227,-0.5224990374960693
05,462,1,0.7674418604651163,0.773098510243411,0.24435770511627197,0.0027656224026699084,-0.6152614763522624
05,463,1,0.7691029900332226,0.7747114397385979,0.24565422534942627,0.0016677543595002165,-0.8930626667030414
05,464,1,0.770764119601329,0.7764511877843283,0.24536533653736115,0.0008611775002341739,-1.156792346315259
05,465,1,0.7724252491694352,0.7780916734728524,0.2500820457935333,0.00031573983697901094,-1.0991663043585742
05,466,1,0.7740863787375415,0.7804099216427265,0.2499401569366455,0.0005772366597542167,-1.0249791016170247
05,467,1,0.7757475083056479,0.7828472239056395,0.24707257747650146,0.0011866860728384065,-0.9739462940641774
05,468,1,0.7774086378737541,0.7843731740974513,0.24779142439365387,0.0007646115616188651,-1.070158949372674
05,469,1,0.7790697674418605,0.7863689773138289,0.248082235455513,0.0006939968609866299,-1.0780629062982092
05,470,1,0.7807308970099668,0.7887675880229758,0.2501583695411682,0.0010232816098893049,-0.8763259162200796
05,471,1,0.782392026578073,0.7907895052327384,0.2495780736207962,0.0009557822245896253,-0.9251118166167097
05,472,1,0.7840531561461794,0.7925923452468404,0.24839861690998077,0.0007730519069169395,-1.038375575418954
05,473,1,0.7857142857142857,0.7937357879937483,0.25170186161994934,0.0004261177349422139,-0.9871606774425912
05,474,1,0.7873754152823921,0.7951448362864474,0.2499774545431137,0.0005709525108032065,-1.025133996869615
05,475,1,0.7890365448504983,0.7974539933765529,0.2486514002084732,0.00032309941911571954,-1.1656130946365926
05,476,1,0.7906976744186046,0.7989203753009668,0.2531062662601471,0.00029142858579939135,-0.9614171121306607
05,477,1,0.792358803986711,0.8008590160306911,0.2540692090988159,0.0003007856180873692,-0.9122599449993007
05,478,1,0.7940199335548173,0.8025001334481041,0.2561093270778656,0.0002130530203224649,-0.8414318058129121
05,479,1,0.7956810631229236,0.8041958121845784,0.24983565509319305,7.307866557608228e-05,-1.1861713222909893
05,480,1,0.7973421926910299,0.8057349448591395,0.2505013644695282,0.00014007059566688892,-1.133439452004811
05,481,1,0.7990033222591362,0.8072457641470776,0.2521962523460388,0.00032119465672554744,-0.9959125450522527
05,482,1,0.8006644518272426,0.8079509660952378,0.2535346448421478,0.0012126797376620247,-0.6554640659222781
05,483,1,0.8023255813953488,0.809126811756422,0.25345686078071594,0.0013995422382612078,-0.6013166767417648
05,484,1,0.8039867109634552,0.810492937358605,0.25828686356544495,0.0012661665290391467,-0.4106044888470841
05,485,1,0.8056478405315615,0.8116073121749143,0.2591311037540436,0.0013412898375961147,-0.3467773636470185
05,486,1,0.8073089700996677,0.812561326193325,0.25003713369369507,0.0014776628261446313,-0.7413971311847214
05,487,1,0.8089700996677741,0.8132601000142722,0.250876784324646,0.0019314790297192564,-0.5604834973814534
05,488,1,0.8106312292358804,0.8136783161771545,0.2508090138435364,0.002546584931299516,-0.3731989147815509
05,489,1,0.8122923588039868,0.8142437156472744,0.25215208530426025,0.002777530165816987,-0.2371398491250015
05,490,1,0.813953488372093,0.8150273318252902,0.25029969215393066,0.002653014855891188,-0.36469754037089885
05,491,1,0.8156146179401993,0.8155909217780444,0.24941430985927582,0.002705926311128303,-0.39083999671652725
05,492,1,0.8172757475083057,0.8163103117844417,0.25076889991760254,0.002569241745674038,-0.3681075824836305
05,493,1,0.8189368770764119,0.8172818641301438,0.24976438283920288,0.0022556883017937224,-0.5134922779736507
05,494,1,0.8205980066445183,0.8184432178167755,0.24629706144332886,0.0018538717358793522,-0.804528336991548
05,495,1,0.8222591362126246,0.8196708575210833,0.2460302859544754,0.0014802035294429628,-0.9330944192850148
05,496,1,0.8239202657807309,0.8208172930826738,0.24446836113929749,0.0013537519036121316,-1.047298157622376
05,497,1,0.8255813953488372,0.8221141999347414,0.24553543329238892,0.001183590376102538,-1.0487478655559785
05,498,1,0.8272425249169435,0.8234526453888974,0.24801526963710785,0.0010532288730959894,-0.9700012419834332
05,499,1,0.8289036544850499,0.8244909773865812,0.24837875366210938,0.0012672537684426822,-0.8862418019347265
05,500,1,0.8305647840531561,0.8259941757050029,0.24999743700027466,0.0009690854163954421,-0.9008451816795753
05,501,1,0.8322259136212624,0.8262877187555365,0.24318107962608337,0.00196976302144407,-0.9183170630943864
05,502,1,0.8338870431893688,0.8273018839444699,0.24582690000534058,0.001998977537709461,-0.7821651957951415
05,503,1,0.8355481727574751,0.8286645782506847,0.24444368481636047,0.0015985928703877595,-0.9726396539072135
05,504,1,0.8372093023255814,0.8299671158094089,0.244512677192688,0.001339455527689536,-1.0495978273020614
05,505,1,0.8388704318936877,0.8317398230554385,0.24299271404743195,0.0005974404961412396,-1.3524676937833986
05,506,1,0.840531561461794,0.8328121734598799,0.24226711690425873,0.0008506589782954643,-1.308885525944791
05,507,1,0.8421926910299004,0.834424264811871,0.24300795793533325,0.0006161400051568222,-1.345942883366247
05,508,1,0.8438538205980066,0.8364160559160955,0.24199995398521423,0.00031541801754404535,-1.487520308061208
05,509,1,0.845514950166113,0.8376198813881619,0.24037189781665802,0.00047268009583419253,-1.5170154595396637
05,510,1,0.8471760797342193,0.8386348212319968,0.23956601321697235,0.0009277548351801101,-1.4147615749451246
05,511,1,0.8488372093023255,0.8401125358917942,0.2436462640762329,0.0009057021184119429,-1.225582285817489
05,512,1,0.8504983388704319,0.8424437238978723,0.24393464624881744,0.0005199379143865209,-1.3312261925192734
05,513,1,0.8521594684385382,0.8437221021195586,0.2481924444437027,0.00033211090068483264,-1.1848693274421733
05,514,1,0.8538205980066446,0.8460167468152734,0.24747522175312042,0.0005439688567930434,-1.1536970329552612
05,515,1,0.8554817275747508,0.8477870911024891,0.24637921154499054,0.000468831748189581,-1.2296231726254359
05,516,1,0.8571428571428571,0.8488868491798809,0.24462778866291046,0.0003857332033485433,-1.3395007759218758
05,517,1,0.8588039867109635,0.8515119595803612,0.24187734723091125,0.0006642801028858403,-1.385343842462103
05,518,1,0.8604651162790697,0.8546918002332506,0.24565336108207703,0.001896656390574637,-0.8221976335873343
05,519,1,0.8621262458471761,0.8571984597911495,0.2514877915382385,0.0022345525939791843,-0.43724889187286664
05,520,1,0.8637873754152824,0.8605542242940448,0.25233519077301025,0.003237474924709395,-0.08586745219412945
05,521,1,0.8654485049833887,0.8636875403319245,0.24745601415634155,0.0034539471840481077,-0.2532012319335278
05,522,1,0.867109634551495,0.8674810859113347,0.24768832325935364,0.004203597575567415,-0.009823580719309999
05,523,1,0.8687707641196013,0.8714533042657397,0.24985665082931519,0.004978494510451499,0.33437872587976436
05,524,1,0.8704318936877077,0.8756944762826148,0.2493123561143875,0.005655955408678954,0.5180872271093667
05,525,1,0.872093023255814,0.8801500412512361,0.24574239552021027,0.006326457380157786,0.5542905959788212
05,526,1,0.8737541528239202,0.8844640542847955,0.24955539405345917,0.006524845183889278,0.7989168387137536
05,527,1,0.8754152823920266,0.8885899587696693,0.24915580451488495,0.0064050075753978985,0.7425991503276612
05,528,1,0.8770764119601329,0.8919721179282845,0.24885788559913635,0.005503003108030686,0.4488752443836018
05,529,1,0.8787375415282392,0.8961750153578258,0.2469269335269928,0.0056364901261546484,0.39746456943342123
05,530,1,0.8803986710963455,0.9003653771628143,0.247052863240242,0.0058206084044956485,0.46054805945183586
05,531,1,0.8820598006644518,0.9051139232537085,0.2460588961839676,0.0065938237758852,0.6523165060773787
05,532,1,0.8837209302325582,0.9098143443248171,0.24643830955028534,0.00716325372598396,0.8469343283651688
05,533,1,0.8853820598006644,0.9145783653030092,0.248444065451622,0.007466718105042859,1.0372921047267067
05,534,1,0.8870431893687708,0.9185490819516251,0.2449169009923935,0.006836597267362949,0.6726598696301904
05,535,1,0.8887043189368771,0.92243835220559,0.24500438570976257,0.00617994132412515,0.4734514578361221
05,536,1,0.8903654485049833,0.9262606064738459,0.24718151986598969,0.00567108835441067,0.4204120298837605
05,537,1,0.8920265780730897,0.9298568905408442,0.24864321947097778,0.005155806884151777,0.3310126115582137
05,538,1,0.893687707641196,0.9328380472185117,0.24459002912044525,0.0043173322523605406,-0.12343065991640267
05,539,1,0.8953488372093024,0.9350220094028865,0.24597720801830292,0.002929053120013665,-0.486836809913177
05,540,1,0.8970099667774086,0.9366876462198033,0.24300292134284973,0.00146485366378291,-1.0832804021379152
05,541,1,0.8986710963455149,0.9389011000193765,0.27463364601135254,0.0010554695006902547,0.3094087536059415
05,542,1,0.9003322259136213,0.9409403542472347,0.2750511169433594,0.0008336713589152789,0.26075757977126834
05,543,1,0.9019933554817275,0.9426628657719263,0.2763513922691345,0.0005306061264261486,0.22934135106001924
05,544,1,0.9036544850498339,0.9444626611394039,0.2793423533439636,0.00042018740164385786,0.3388194505934903
05,545,1,0.9053156146179402,0.9458383432031164,0.27989622950553894,0.00022092011787382723,0.3037003672366102
05,546,1,0.9069767441860465,0.9474648838520089,0.2781698703765869,0.0002556544115863024,0.2315276542751189
05,547,1,0.9086378737541528,0.9489691463542658,0.27665024995803833,0.00038252431052297915,0.19782710220951139
05,548,1,0.9102990033222591,0.9503692517551551,0.2813444137573242,0.0005589890552185494,0.47799243731812074
05,549,1,0.9119601328903655,0.9515519614774768,0.28031668066978455,0.0008529269868346334,0.5196739321537781
05,550,1,0.9136212624584718,0.9525949308190149,0.2799796462059021,0.0012383622138865836,0.622878732645803
05,551,1,0.915282392026578,0.9534874496800455,0.2801841199398041,0.0016283550946075021,0.7535087745490755
05,552,1,0.9169435215946844,0.9543203052815602,0.28075164556503296,0.001925075324537744,0.8726865145740563
05,553,1,0.9186046511627907,0.9551632927582563,0.28075915575027466,0.002069851229442936,0.9178942548458162
05,554,1,0.920265780730897,0.955892449747344,0.27702152729034424,0.0022435270605501035,0.7921421551696395
05,555,1,0.9219269102990033,0.9570652866131464,0.27938389778137207,0.0018950699268299887,0.7976867821973972
05,556,1,0.9235880398671097,0.9579896677673152,0.28323233127593994,0.001865148005936389,0.9732922055033484
05,557,1,0.925249169435216,0.958871229911806,0.27924954891204834,0.0019009264828843842,0.7930469927260774
05,558,1,0.9269102990033222,0.9597912220972354,0.27834850549697876,0.0019079185858423154,0.7519278429602211
05,559,1,0.9285714285714286,0.96080440844851,0.27366533875465393,0.0018694253220406121,0.5150299597712424
05,560,1,0.9302325581395349,0.9615763313012387,0.27655720710754395,0.002032282928152872,0.7044000547892043
05,561,1,0.9318936877076412,0.9626008551080599,0.2789805233478546,0.001904425004812459,0.7812070472789143
05,562,1,0.9335548172757475,0.9631800135183082,0.2805769145488739,0.0022576728936277036,0.9673207625040655
05,563,1,0.9352159468438538,0.963684346724315,0.2787323594093323,0.002600537542889041,0.9849190108461896
05,564,1,0.9368770764119602,0.9640592649369953,0.2752577066421509,0.0029456038991599754,0.9248912788981665
05,565,1,0.9385382059800664,0.9641934765273756,0.2764471173286438,0.003432125717718852,1.1327381368294893
05,566,1,0.9401993355481728,0.9647847593053438,0.2790992856025696,0.0032389982945796193,1.2003205053623933
05,567,1,0.9418604651162791,0.9653107051669121,0.2789275050163269,0.003114238879770236,1.1534218760779422
05,568,1,0.9435215946843853,0.965907935822882,0.27785757184028625,0.002923597834449553,1.0429690096056787
05,569,1,0.9451827242524917,0.9661166708246346,0.27700552344322205,0.003177030554168668,1.0805429698729943
05,570,1,0.946843853820598,0.9665829051556566,0.27702051401138306,0.00319159479746141,1.085774637620703
05,571,1,0.9485049833887044,0.966648270302858,0.27411216497421265,0.003575766112838151,1.0650649494952855
05,572,1,0.9501661129568106,0.967055389807173,0.27297917008399963,0.003503037892509707,0.9881083053933282
05,573,1,0.9518272425249169,0.9672751240600607,0.2771448493003845,0.0035701671356947614,1.2090172016407976
05,574,1,0.9534883720930233,0.9674936004596673,0.2721461057662964,0.003641304044944686,0.9909193079327118
05,575,1,0.9551495016611296,0.9676997416955941,0.2762205898761749,0.0036628366350204707,1.1933229076111007
05,576,1,0.9568106312292359,0.9679143579505993,0.27841654419898987,0.0037110882281993092,1.3137608109556915
05,577,1,0.9584717607973422,0.968453811226366,0.27805036306381226,0.0033863769882892403,1.195584704149657
05,578,1,0.9601328903654485,0.9687902249963893,0.2767639756202698,0.0033446350098422107,1.1208578095900399
05,579,1,0.9617940199335548,0.9691449331746562,0.2754973769187927,0.0033140829657558476,1.0505478281564924
05,580,1,0.9634551495016611,0.9694763729242325,0.28075793385505676,0.0033439410859450887,1.3125079742313543
05,581,1,0.9651162790697675,0.9699710716760913,0.27812832593917847,0.0032397460774945697,1.1539083688663423
05,582,1,0.9667774086378738,0.9703227879132854,0.27547550201416016,0.0032673449527318033,1.035019036752423
05,583,1,0.96843853820598,0.9705626751039678,0.2752031981945038,0.0034105984912734684,1.0663132562814925
05,584,1,0.9700996677740864,0.9708379972839092,0.2789526581764221,0.003489711793659937,1.2709397428404592
05,585,1,0.9717607973421927,0.9710896277179656,0.2762323319911957,0.0035784874495227033,1.1677582966948556
05,586,1,0.973421926910299,0.9710945288342262,0.27410340309143066,0.003853225343730658,1.1505920627613504
05,587,1,0.9750830564784053,0.9714551942646832,0.2746325731277466,0.0036854951435088697,1.1240553088468146
05,588,1,0.9767441860465116,0.9718371539388808,0.2788793742656708,0.0035266652594900957,1.2788662743729224
05,589,1,0.978405315614618,0.9719774780224861,0.2788088023662567,0.0036361303396276897,1.309384874126619
05,590,1,0.9800664451827242,0.9722030659580944,0.27892476320266724,0.0036325049801495964,1.3138324773947876
05,591,1,0.9817275747508306,0.9722256907573006,0.2816842198371887,0.003887014461910408,1.5252324961639396
05,592,1,0.9833887043189369,0.9722908267281489,0.2797898054122925,0.004014502614216419,1.4737187900212432
05,593,1,0.9850498338870431,0.9722242934244404,0.27705276012420654,0.004194454115241985,1.3979775475909628
05,594,1,0.9867109634551495,0.9721767204394873,0.28002601861953735,0.004303730950683609,1.5746599161043253
05,595,0,0.9883720930232558,0.9722058443651137,0.2818526327610016,0.004268020645405478,1.6513464262929314
05,596,0,0.9900332225913622,0.9721480956857392,0.2802591621875763,0.004320807726733227,1.5911497034283184
05,597,0,0.9916943521594684,0.9721575336817743,0.2773113250732422,0.00427568697009577,1.4355620563961147
05,598,0,0.9933554817275747,0.9721364212393956,0.2773747146129608,0.0042801094768079185,1.439977167928783
05,599,0,0.9950166112956811,0.9720088174110997,0.27715060114860535,0.004397638505080891,1.4656177630714589
05,600,0,0.9966777408637874,0.9719854897142501,0.2794574499130249,0.004371709463426925,1.5684041110492999
05,601,0,0.9983388704318937,0.972050258776494,0.2777617275714874,0.00426628890831081,1.4542876499744466
12,15,0,0.025423728813559324,0.9832333108946534,0.3483816981315613,nan,nan
12,16,0,0.02711864406779661,0.9889171625199225,0.34745046496391296,nan,nan
12,17,0,0.0288135593220339,0.9973568525200345,0.36058712005615234,nan,nan
12,18,0,0.030508474576271188,0.008490398457093259,0.33147090673446655,nan,nan
12,19,1,0.03220338983050847,0.021011331177644917,0.3139697015285492,0.022267417906544115,8.769852576394374
12,20,1,0.03389830508474576,0.03130478843693915,0.314654141664505,0.023116370095090502,9.065710608748093
12,21,1,0.03559322033898305,0.03898769647604623,0.3198395371437073,0.020202371654943416,8.412147177409743
12,22,1,0.03728813559322034,0.043730304453569034,0.3248303234577179,0.014537268643463259,6.89703046032864
12,23,1,0.03898305084745763,0.04655630044544886,0.329484224319458,0.008553288136224147,5.266952075012207
12,24,1,0.04067796610169491,0.04828238406975996,0.3261652886867523,0.0038931294435843155,3.6639456668334027
12,25,1,0.0423728813559322,0.04937507207589509,0.3267258405685425,0.0013323780271284219,2.8976347803742826
12,26,1,0.04406779661016949,0.05033127022586994,0.32212769985198975,0.0008992272084731734,2.542569120553174
12,27,1,0.04576271186440678,0.05099172693225874,0.31667467951774597,0.001889011945159601,2.5872161055682885
12,28,1,0.04745762711864407,0.05143589814420482,0.3122442066669464,0.0025536973549159948,2.5802796785426176
12,29,1,0.04915254237288136,0.052499593346703045,0.33460545539855957,0.002278380671028939,3.5692037947553996
12,30,1,0.05084745762711865,0.054223989669968074,0.3085276782512665,0.001348416392463493,2.0283843489006554
12,31,1,0.05254237288135593,0.056537625074835125,0.29319703578948975,0.0006279775456282745,1.0687490841995806
12,32,1,0.05423728813559322,0.05932574509689289,0.2935485243797302,0.001406986364790237,1.326946284614934
12,33,1,0.05593220338983051,0.06270393936498452,0.2573755979537964,0.0028127188947098384,0.02469198502041886
12,34,1,0.0576271186440678,0.06657627303159483,0.25482097268104553,0.0041339660567498,0.3112509982113596
12,35,1,0.059322033898305086,0.07137594892251307,0.2538485825061798,0.005845571107261345,0.7947391786315232
12,36,1,0.061016949152542375,0.07736058652812164,0.2557714581489563,0.008120627750950444,1.5918519100426038
12,37,1,0.06271186440677966,0.08386155182120769,0.25839871168136597,0.010112882686229297,2.3351991849514904
12,38,1,0.06440677966101695,0.09097179208007063,0.25991955399513245,0.011933719831036456,2.9722959820287915
12,39,1,0.06610169491525424,0.09842328670155306,0.2608667016029358,0.013286334690399927,3.436792814521911
12,40,1,0.06779661016949153,0.1049963609312634,0.26264718174934387,0.013097574475350272,3.4638531185024193
12,41,1,0.06949152542372881,0.11001900208941144,0.26413625478744507,0.011211272032712867,2.9510701009312554
12,42,1,0.0711864406779661,0.11347667964821102,0.26868483424186707,0.008129587024461522,2.214970813822205
12,43,1,0.07288135593220339,0.11659649028857991,0.26319628953933716,0.005623175772795292,1.1749011957234394
12,44,1,0.07457627118644068,0.11896196151233697,0.26024582982063293,0.003445346099795672,0.35854233321284484
12,45,1,0.07627118644067797,0.12018062159895361,0.2603917717933655,0.0014121724324705808,-0.26425916550220097
12,46,1,0.07796610169491526,0.1199008101594199,0.25882455706596375,0.0016476102757753284,-0.2666152050797337
12,47,1,0.07966101694915254,0.11996982272076086,0.2603188455104828,0.003184630342236609,0.281288492530237
12,48,1,0.08135593220338982,0.1199760262449763,0.264132022857666,0.0040217599260664195,0.7237851647905755
12,49,1,0.08305084745762711,0.1198560926983014,0.2642993927001953,0.004395209655901138,0.8475082380709187
12,50,1,0.0847457627118644,0.11975268434938229,0.2678716480731964,0.004417485779657214,1.0260156749029576
12,51,1,0.08644067796610169,0.11982049475149494,0.26007360219955444,0.0043126439250351385,0.6189299337167168
12,52,1,0.08813559322033898,0.11982605900529936,0.2599834203720093,0.004269747678914264,0.6013098138857403
12,53,1,0.08983050847457627,0.1196421491972796,0.26675260066986084,0.004416165677014765,0.9718490101603813
12,54,1,0.09152542372881356,0.119620957538331,0.26067978143692017,0.004383871460707902,0.6701141007610958
12,55,1,0.09322033898305085,0.11982041385493163,0.2570655047893524,0.004151483441344488,0.42450204404438663
12,56,1,0.09491525423728814,0.12020731051175589,0.2577359080314636,0.003764566560379394,0.3368529237666389
12,57,1,0.09661016949152543,0.1205216864925055,0.2577439248561859,0.0035455034562438966,0.26937927709653986
12,58,1,0.09830508474576272,0.12077717046261502,0.25658684968948364,0.0035099038099408605,0.20276709297123624
12,59,1,0.1,0.12091938032992088,0.25703200697898865,0.003656747173706025,0.26963932525147627
12,60,1,0.1016949152542373,0.12148217200437302,0.2536616921424866,0.003368697118001156,0.018504586637575038
12,61,1,0.10338983050847457,0.1222264435692468,0.2558772563934326,0.002943140926281661,-0.006886017940435973
12,62,1,0.10508474576271186,0.12279349970032763,0.2559289038181305,0.0028022740643861444,-0.04804099836168066
12,63,1,0.10677966101694915,0.12326962206060639,0.2617073953151703,0.002830234013535564,0.23821213027645605
12,64,1,0.10847457627118644,0.12398770052114243,0.2608663737773895,0.0026997159856708853,0.1573801073456826
12,65,1,0.11016949152542373,0.1248316679982245,0.2562616169452667,0.0024821306377812036,-0.13122807267130196
12,66,1,0.11186440677966102,0.12569501970878838,0.25773659348487854,0.002270085034461732,-0.1260568784573512
12,67,1,0.1135593220338983,0.12651400773259433,0.2563600242137909,0.0021764770127709766,-0.2211824500271833
12,68,1,0.1152542372881356,0.1272334656314014,0.2549141049385071,0.002268115531960895,-0.2622560428931737
12,69,1,0.11694915254237288,0.1286977961209229,0.2525102496147156,0.0016152263200041195,-0.5799787267570262
12,70,1,0.11864406779661017,0.12964685993526517,0.24938835203647614,0.001632694536336481,-0.7245399681409401
12,71,1,0.12033898305084746,0.13051468167725747,0.2528699040412903,0.001752832850963353,-0.5200752291390492
12,72,1,0.12203389830508475,0.1312740389630371,0.25923967361450195,0.0019936440513494847,-0.13948325602956196
12,73,1,0.12372881355932204,0.13201963972932115,0.25876352190971375,0.002258186617974377,-0.08041017837507876
12,74,1,0.12542372881355932,0.1330742210834944,0.25732162594795227,0.0020340661659006987,-0.21910255839584444
12,75,1,0.1271186440677966,0.13413493304878887,0.26113858819007874,0.0018301944876635435,-0.09889306661531373
12,76,1,0.1288135593220339,0.13511601937297188,0.25694602727890015,0.0017541710063633687,-0.3238484797023368
12,77,1,0.13050847457627118,0.13565837076126205,0.2572350800037384,0.0021723147205568883,-0.18043513047331333
12,78,1,0.13220338983050847,0.13646241396312958,0.2581730782985687,0.0022779542766745587,-0.10265101402569829
12,79,1,0.13389830508474576,0.13746723344745565,0.25863656401634216,0.0021201830122573196,-0.1292582055938055
12,80,1,0.13559322033898305,0.13812202857089298,0.2574065327644348,0.0022984629884866704,-0.13312202712962956
12,81,1,0.13728813559322034,0.13896285320675653,0.2582830786705017,0.002209140652103413,-0.11868299079082596
12,82,1,0.13898305084745763,0.13990001517075398,0.2568536102771759,0.00209809929947956,-0.2217500649484227
12,83,1,0.14067796610169492,0.14078301592271444,0.26385000348091125,0.0020744988494251927,0.10703788091405274
12,84,1,0.1423728813559322,0.14151250983772817,0.25999507308006287,0.0021739505532261828,-0.047341536192468746
12,85,1,0.1440677966101695,0.14170963360474637,0.2575507164001465,0.0028244471029167818,0.036737497016404164
12,86,1,0.14576271186440679,0.14246728318616997,0.2562766671180725,0.002753492620990632,-0.046445788823173434
12,87,1,0.14745762711864407,0.14327130370653532,0.2512410581111908,0.0025912891044792986,-0.3385960817644038
12,88,1,0.14915254237288136,0.14382683514238867,0.24966785311698914,0.002657829614581152,-0.39355889595748456
12,89,1,0.15084745762711865,0.14491691371451182,0.24693726003170013,0.0021463323686231207,-0.6831789595329025
12,90,1,0.15254237288135594,0.14554099141717625,0.257913202047348,0.0023240746934000567,-0.10084853292806392
12,91,1,0.15423728813559323,0.1463011346833759,0.2574695944786072,0.002332358484951962,-0.11959287136965499
12,92,1,0.15593220338983052,0.1471206094328244,0.2536049783229828,0.002270341479713599,-0.32445543911574803
12,93,1,0.1576271186440678,0.14829046103763624,0.25496992468833923,0.0019239334475107273,-0.36619116363495
12,94,1,0.15932203389830507,0.14911799725087801,0.2551577389240265,0.0019397840650500642,-0.35225876966468683
12,95,1,0.16101694915254236,0.15012055020438952,0.25617286562919617,0.0018314825699640037,-0.3370416107914371
12,96,1,0.16271186440677965,0.15120888788931017,0.25513699650764465,0.0016979987652967366,-0.4281525887010299
12,97,1,0.16440677966101694,0.15219162183357732,0.2592672109603882,0.0017373344351510212,-0.21755694147630383
12,98,1,0.16610169491525423,0.1530534973061214,0.2568230926990509,0.0018507491615922678,-0.29983728085381744
12,99,1,0.16779661016949152,0.15436860848310238,0.2582896649837494,0.0015195129984220835,-0.33199125277940045
12,100,1,0.1694915254237288,0.15585503966020361,0.25548693537712097,0.001095096390999072,-0.5981018655850847
12,101,1,0.1711864406779661,0.15754123995652183,0.253925085067749,0.0005704340374041871,-0.835655012707725
12,102,1,0.17288135593220338,0.1591903270619757,0.2519468367099762,0.00025875146268651724,-1.0272370935961685
12,103,1,0.17457627118644067,0.16040415354514714,0.2567765712738037,0.0005791324184786106,-0.6959784422851607
12,104,1,0.17627118644067796,0.16208215805346005,0.256661593914032,0.00041001417567689154,-0.7538892611601394
12,105,1,0.17796610169491525,0.16336756121167328,0.2557791769504547,0.0006813906157777538,-0.7122157790931523
12,106,1,0.17966101694915254,0.16464075174165568,0.25837165117263794,0.000864780399583197,-0.5308680167268098
12,107,1,0.18135593220338983,0.16563265357912593,0.26259076595306396,0.0012354847320329865,-0.21335425370981856
12,108,1,0.18305084745762712,0.1669821509426442,0.26001790165901184,0.00119311237700938,-0.3500772742707561
12,109,1,0.1847457627118644,0.1687868003755731,0.26188191771507263,0.0006668894482060275,-0.4235391920492018
12,110,1,0.1864406779661017,0.17021375075034026,0.2583381235599518,0.0005413205825843414,-0.6326761833084547
12,111,1,0.188135593220339,0.1717734840757286,0.25538814067840576,0.00037483700936715044,-0.8259612418717229
12,112,1,0.18983050847457628,0.17405057010354114,0.25332576036453247,0.00036704139429473263,-0.9274504325628361
12,113,1,0.19152542372881357,0.17764030204982323,0.25590798258781433,0.002189668550352587,-0.23881168753955162
12,114,1,0.19322033898305085,0.18049175746190171,0.25709259510040283,0.0028277485438685094,0.015752562403288206
12,115,1,0.19491525423728814,0.18318233173429666,0.259941965341568,0.002948821138373149,0.19013743300413238
12,116,1,0.19661016949152543,0.18659382645031186,0.2606413662433624,0.003508103939746278,0.39698382210313143
12,117,1,0.19830508474576272,0.18981615976658156,0.25810346007347107,0.003594623169323337,0.3018666529403627
12,118,1,0.2,0.19320042870324272,0.25406208634376526,0.003934927676794915,0.2131392344713594
12,119,1,0.2016949152542373,0.19663845540762104,0.25448521971702576,0.004195786570837979,0.3142718396743163
12,120,1,0.2033898305084746,0.20083650602576558,0.2585502564907074,0.0050298062706514,0.7679042036763897
12,121,1,0.20508474576271185,0.20411681333500786,0.2573070228099823,0.004749443686030237,0.621333309578201
12,122,1,0.20677966101694914,0.20855340267399758,0.253338098526001,0.005610869632913391,0.6975130862962803
12,123,1,0.20847457627118643,0.21316629538721713,0.25400471687316895,0.006385518853444223,0.96949828998118
12,124,1,0.21016949152542372,0.21720801260654315,0.25795629620552063,0.00629527607787121,1.131373242004857
12,125,1,0.211864406779661,0.220986847155424,0.2538588047027588,0.005981233981557711,0.8372542744349625
12,126,1,0.2135593220338983,0.22549851596712608,0.25198227167129517,0.006275394338155755,0.8382293048397269
12,127,1,0.21525423728813559,0.22998823863871462,0.2545871138572693,0.006528838686462158,1.04187188048521
12,128,1,0.21694915254237288,0.23250197534893807,0.2541772425174713,0.00483708958381125,0.4981322000977164
12,129,1,0.21864406779661016,0.23437001767741694,0.2511328458786011,0.0028816412266913626,-0.25385264124132767
12,130,1,0.22033898305084745,0.23681308751968685,0.2500894367694855,0.001978918438463052,-0.5836115441208075
12,131,1,0.22203389830508474,0.23896028385770463,0.24952256679534912,0.00129747188834063,-0.8219337358213177
12,132,1,0.22372881355932203,0.24038807580341845,0.25009238719940186,0.0006172529910850086,-1.0052703527282696
12,133,1,0.22542372881355932,0.2426787115318398,0.252728670835495,0.000801363144108237,-0.8215948895244166
12,134,1,0.2271186440677966,0.24438215620003703,0.25681978464126587,0.00042763434869970255,-0.7408317942963212
12,135,1,0.2288135593220339,0.24706653417672636,0.2538868486881256,0.0012197451553015003,-0.6363559606295639
12,136,1,0.2305084745762712,0.24931352119371897,0.2545022964477539,0.0014401695925386603,-0.5385101010252271
12,137,1,0.23220338983050848,0.2517120767807504,0.26329147815704346,0.0016073638319949856,-0.0644965631855409
12,138,1,0.23389830508474577,0.253261733159193,0.2626286745071411,0.000972747143623641,-0.29292089920525183
12,139,1,0.23559322033898306,0.2550335608890561,0.26289230585098267,0.0004876632034011525,-0.430519894830594
12,140,1,0.23728813559322035,0.2569098396520525,0.26694971323013306,0.00033513447319800775,-0.2828552891944457
12,141,1,0.23898305084745763,0.2587656438404761,0.2645905315876007,0.00029185904703822433,-0.4095929857200349
12,142,1,0.24067796610169492,0.2604309267757866,0.26184770464897156,0.00021000518439704275,-0.5667109268853181
12,143,1,0.2423728813559322,0.26044526295954995,0.26337629556655884,0.001584212002967782,-0.06759373175111855
12,144,1,0.2440677966101695,0.2618857916692313,0.26755958795547485,0.0014966088109098375,0.1062301055151447
12,145,1,0.2457627118644068,0.2631187883149686,0.2658730745315552,0.001507600169467287,0.028616729644011546
12,146,1,0.24745762711864408,0.2647570625733587,0.26059332489967346,0.0009576120297003099,-0.3953851088701474
12,147,1,0.24915254237288137,0.26638963903896085,0.25583162903785706,0.0004065695134911495,-0.7948268574800377
12,148,1,0.25084745762711863,0.26808684364916024,0.25778090953826904,0.0001954589231445025,-0.7665810140277204
12,149,1,0.25254237288135595,0.26941466727392044,0.2639315128326416,0.0004178982933665409,-0.4022085419609186
12,150,1,0.2542372881355932,0.27075828036427013,0.26356616616249084,0.0006482549427547934,-0.3484022262552623
12,151,1,0.2559322033898305,0.2710389071785554,0.2650989592075348,0.0018679325761974275,0.10304861925643385
12,152,1,0.2576271186440678,0.27132309595850057,0.2646445631980896,0.0027460608311508806,0.3532360995678939
12,153,1,0.2593220338983051,0.2722884573179741,0.2641657292842865,0.002589762549012402,0.28181724904888683
12,154,1,0.26101694915254237,0.27334028709403274,0.2639620006084442,0.0022563802839671455,0.16875916278278466
12,155,1,0.2627118644067797,0.2742077143422569,0.269823282957077,0.0020344547181837137,0.3815829020507545
12,156,1,0.26440677966101694,0.27511994789358374,0.26942509412765503,0.0019144229577821737,0.32527236003541016
12,157,1,0.26610169491525426,0.27548599169742477,0.26684483885765076,0.0024975921377119615,0.38196710997157457
12,158,1,0.2677966101694915,0.2761060071292847,0.26760333776474,0.0026769603007147248,0.4739670559163582
12,159,1,0.26949152542372884,0.2781124129665169,0.2648921608924866,0.0015162909562766403,-0.015813094923172483
12,160,1,0.2711864406779661,0.27997575515338685,0.2641039490699768,0.0007946727430716678,-0.27721219273248077
12,161,1,0.27288135593220336,0.2809082388842889,0.2648262679576874,0.0007562850255392483,-0.2544041223796094
12,162,1,0.2745762711864407,0.2818703724776084,0.2652832567691803,0.001149713228935827,-0.11057939565370806
12,163,1,0.27627118644067794,0.28278632477369386,0.26401591300964355,0.0016748522699312363,-0.00878978684683343
12,164,1,0.27796610169491526,0.2835126013356383,0.261576384305954,0.002117053659781031,0.010997976955333832
12,165,1,0.2796610169491525,0.28535531407050363,0.2599329948425293,0.0012310124032763005,-0.3424158794000268
12,166,1,0.28135593220338984,0.28752804565962603,0.26498422026634216,0.0006449883305600209,-0.2812924445284041
12,167,1,0.2830508474576271,0.28976809526862973,0.2652144730091095,0.0007280416355893838,-0.2445041038409694
12,168,1,0.2847457627118644,0.29167385887722463,0.26300767064094543,0.0008883626204503459,-0.3008539996019309
12,169,1,0.2864406779661017,0.29382756189654535,0.2616863250732422,0.0010017512543744733,-0.3292057239545901
12,170,1,0.288135593220339,0.2957991999399236,0.25776004791259766,0.0008553273412422857,-0.5631769839055347
12,171,1,0.28983050847457625,0.298267409990626,0.2636010944843292,0.0012557488218703072,-0.15854207418221122
12,172,1,0.29152542372881357,0.30037505458388225,0.2668653428554535,0.0012385647346274797,-0.00705445171813357
12,173,1,0.29322033898305083,0.30298897753470294,0.26350513100624084,0.0016771887587837663,-0.032603391967503684
12,174,1,0.29491525423728815,0.3053598850405647,0.2636125981807709,0.00175774235510613,-0.0024878575958874882
12,175,1,0.2966101694915254,0.307504735199768,0.2628340423107147,0.0015124212391491709,-0.11588143892789905
12,176,1,0.2983050847457627,0.30944394675718184,0.2669689357280731,0.0011423014942774767,-0.031897253153761185
12,177,1,0.3,0.31212675365725234,0.2679463028907776,0.0015578853510230927,0.14378896091966178
12,178,1,0.3016949152542373,0.3142380328035376,0.2672972083091736,0.0013847204666710255,0.058966249806364196
12,179,1,0.30338983050847457,0.316478634569517,0.26605847477912903,0.0014057852919071977,0.00598413938119563
12,180,1,0.3050847457627119,0.31925166048798925,0.2646142542362213,0.0019353363679421708,0.10064350050617978
12,181,1,0.30677966101694915,0.32069824596993407,0.26418057084083557,0.0010555971108477157,-0.19270532123991005
12,182,1,0.30847457627118646,0.32214136003955934,0.2657012343406677,0.0006105169019472049,-0.2575260698057086
12,183,1,0.3101694915254237,0.3234499771985358,0.2650929093360901,0.0005270658173584718,-0.31259978276828954
12,184,1,0.31186440677966104,0.32445932405457395,0.26854583621025085,0.0011704690426055254,0.052580625073425535
12,185,1,0.3135593220338983,0.32529078890054625,0.26688313484191895,0.0016409200882794173,0.11843711559236303
12,186,1,0.3152542372881356,0.32598823499181223,0.2656382918357849,0.002091609729666476,0.19824558403939002
12,187,1,0.3169491525423729,0.32659435883329946,0.26777392625808716,0.0024472046262424985,0.41099094620835797
12,188,1,0.31864406779661014,0.3270877499997384,0.2642662227153778,0.0027399088684944718,0.3331553797995853
12,189,1,0.32033898305084746,0.3276994785253902,0.26585933566093445,0.0027852868291337197,0.42374332300163187
12,190,1,0.3220338983050847,0.3280410762727222,0.26734697818756104,0.0030458614880127122,0.5759256659853941
12,191,1,0.32372881355932204,0.32878385444727515,0.2674180269241333,0.00281629363368731,0.5082259625331873
12,192,1,0.3254237288135593,0.3300970959378571,0.26497456431388855,0.0020504260465992897,0.15360349186691397
12,193,1,0.3271186440677966,0.3303888344484633,0.2642044723033905,0.0025110240205227386,0.25928773290627916
12,194,1,0.3288135593220339,0.3318066697374542,0.2682824730873108,0.0017655277123001124,0.2242591707651251
12,195,1,0.3305084745762712,0.33274953586688377,0.26957836747169495,0.001764059949053558,0.28605776734270444
12,196,1,0.33220338983050846,0.3333815924758175,0.26787853240966797,0.0021234236950219854,0.31571909446249913
12,197,1,0.3338983050847458,0.333923569094631,0.2659474015235901,0.0024025712106985776,0.3094208077839493
12,198,1,0.33559322033898303,0.3347053544970189,0.2666560411453247,0.0025044694698525705,0.3750278651372061
12,199,1,0.33728813559322035,0.3353629229866708,0.26561394333839417,0.0025715721700918116,0.3457529726554673
12,200,1,0.3389830508474576,0.3367656662088498,0.26801058650016785,0.001822175727859603,0.2287458037429441
12,201,1,0.34067796610169493,0.33808492527914613,0.2691231966018677,0.0013489350908213616,0.13559944047640207
12,202,1,0.3423728813559322,0.33957945517150817,0.2673513889312744,0.0008947442445881181,-0.09020998845182548
12,203,1,0.3440677966101695,0.33995221568240286,0.2641558051109314,0.0017405089023157395,0.018268798897197763
12,204,1,0.34576271186440677,0.3410555589343501,0.2625688314437866,0.0017844888243015323,-0.04434399730670126
12,205,1,0.3474576271186441,0.3420400774955112,0.26046398282051086,0.001872443444515497,-0.1182129460702681
12,206,1,0.34915254237288135,0.343546568942188,0.2605983018875122,0.0013547400519299691,-0.2721284198469184
12,207,1,0.35084745762711866,0.3446273373012723,0.26187750697135925,0.0012657501355155965,-0.2382431306308486
12,208,1,0.3525423728813559,0.3453649490452085,0.262064665555954,0.0016969187962967858,-0.09568994449030854
12,209,1,0.35423728813559324,0.34664056367309826,0.2611716389656067,0.0014986516961215824,-0.20000673248300688
12,210,1,0.3559322033898305,0.3473513865844825,0.2575336694717407,0.0019379503291341738,-0.23868985543400328
12,211,1,0.3576271186440678,0.34900463772080215,0.2588023543357849,0.0012359036033881433,-0.3952153998125707
12,212,1,0.3593220338983051,0.3498198875280516,0.2620030641555786,0.0015149789010211068,-0.15500838336281603
12,213,1,0.3610169491525424,0.3504802238322975,0.26325923204421997,0.0019683772174860104,0.04578480818748297
12,214,1,0.36271186440677966,0.35172389934622117,0.2636616826057434,0.0016846167433621374,-0.022781881937475476
12,215,1,0.3644067796610169,0.3532475067836219,0.2600558400154114,0.001254137496396095,-0.3293511232206492
12,216,1,0.36610169491525424,0.35401059789342465,0.26415812969207764,0.0015517636522982426,-0.040086791919595216
12,217,1,0.3677966101694915,0.3557156568506006,0.2583651840686798,0.0008980153304185514,-0.5208835669006964
12,218,1,0.3694915254237288,0.3573834280188288,0.2586781978607178,0.0005354693728131676,-0.6181519266680684
12,219,1,0.3711864406779661,0.359647009487624,0.2589670717716217,0.0005090643143690145,-0.6124542043922617
12,220,1,0.3728813559322034,0.36159173028639036,0.25751248002052307,0.0006580750505960198,-0.6361723292021
12,221,1,0.37457627118644066,0.3626754424831154,0.2568465769290924,0.00033712085687627664,-0.7675829179440921
12,222,1,0.376271186440678,0.36431956094840856,0.2571878731250763,0.0003218045200059559,-0.7559319574890759
12,223,1,0.37796610169491524,0.3659794277799834,0.25546395778656006,0.0003234901945760748,-0.8382246821681618
12,224,1,0.37966101694915255,0.3679979032818824,0.25774073600769043,0.00030437997502697726,-0.734770634509895
12,225,1,0.3813559322033898,0.3703292141179311,0.2527927756309509,0.0008416483214088566,-0.8060363059386695
12,226,1,0.38305084745762713,0.37202406906185964,0.2535100281238556,0.0006245293193040722,-0.8388368730769729
12,227,1,0.3847457627118644,0.3729804142211616,0.25607141852378845,0.0004516289944766137,-0.7693496581083754
12,228,1,0.3864406779661017,0.37514138092450683,0.2625109851360321,0.000343741419186694,-0.4934204799262666
12,229,1,0.38813559322033897,0.3772586903817931,0.2607935070991516,0.0003954386272534261,-0.5599119854617446
12,230,1,0.3898305084745763,0.37839476326699917,0.26031526923179626,0.00036134277251985197,-0.5934477865716461
12,231,1,0.39152542372881355,0.37992566383395715,0.26009491086006165,0.00033966960569078205,-0.610747203221739
12,232,1,0.39322033898305087,0.3819122533458587,0.25842130184173584,0.00021770392060583915,-0.7289265196864729
12,233,1,0.3949152542372881,0.3833373740855037,0.25981801748275757,0.0002880130513265338,-0.64005039349911
12,234,1,0.39661016949152544,0.38513585656768123,0.26285815238952637,0.00010989110798422538,-0.5491823387651747
12,235,1,0.3983050847457627,0.3865175821647242,0.2622793912887573,0.00030468696670089997,-0.5166438039441
12,236,1,0.4,0.3885785687072534,0.26208314299583435,0.00017074805097911608,-0.5675613501996737
12,237,1,0.4016949152542373,0.39113270455754373,0.2604887783527374,0.0009958770030781671,-0.3885541348860697
12,238,1,0.4033898305084746,0.39316382112070947,0.2606942355632782,0.0010781609482339426,-0.35319526596167794
12,239,1,0.40508474576271186,0.39502495078640604,0.2600418031215668,0.0009322994756734826,-0.4297205974993619
12,240,1,0.4067796610169492,0.3971604708767496,0.2615082561969757,0.0009409774105965785,-0.3565857454387425
12,241,1,0.40847457627118644,0.3984479568929983,0.25908711552619934,0.0002881413109818474,-0.6751223448084565
12,242,1,0.4101694915254237,0.4003154516068375,0.2613067030906677,0.00024197201867281646,-0.5827977080091115
12,243,1,0.411864406779661,0.40167235839637155,0.2635902464389801,0.00030933131755116357,-0.45223317144724473
12,244,1,0.4135593220338983,0.4035206038321637,0.26089006662368774,0.00019816406751149284,-0.6163827471481729
12,245,1,0.4152542372881356,0.40533222452925327,0.2579357922077179,0.00013695251668268077,-0.7772640497268555
12,246,1,0.41694915254237286,0.4071308265490863,0.2613804042339325,0.00017618478475493586,-0.5996359782692161
12,247,1,0.4186440677966102,0.4092426872347803,0.25628989934921265,0.0005842017348867535,-0.7177872843397829
12,248,1,0.42033898305084744,0.4108120628507849,0.25745874643325806,0.0003252037679218376,-0.741866539377021
12,249,1,0.42203389830508475,0.412179320009741,0.2607831656932831,0.00022257445611405843,-0.6139565836748105
12,250,1,0.423728813559322,0.4138294248116785,0.2630622684955597,0.00025628152259450805,-0.4940297545105473
12,251,1,0.42542372881355933,0.41547826409869026,0.266588419675827,0.00028209180123080376,-0.31664234110300055
12,252,1,0.4271186440677966,0.4164299900873158,0.2628113329410553,0.0008892600285827101,-0.3100078465011967
12,253,1,0.4288135593220339,0.41753030846605516,0.26470834016799927,0.0011934234589761495,-0.12465768647960107
12,254,1,0.43050847457627117,0.4187889769424858,0.26373106241226196,0.0012725020966240386,-0.14710893530093483
12,255,1,0.4322033898305085,0.41937716935131686,0.26942580938339233,0.0019241977204947514,0.3283346299467802
12,256,1,0.43389830508474575,0.4199439294975666,0.2652713358402252,0.002332163887401666,0.2551334525947512
12,257,1,0.43559322033898307,0.42131807698836365,0.2609866261482239,0.0018365012491673317,-0.1042395131666373
12,258,1,0.43728813559322033,0.4224691064784927,0.2595115005970001,0.001632413889615424,-0.23832259073415818
12,259,1,0.43898305084745765,0.42425105720335987,0.26023969054222107,0.0008125744765485567,-0.45730130311554607
12,260,1,0.4406779661016949,0.4253658402224995,0.2594324052333832,0.0008741844926210706,-0.4769975340393774
12,261,1,0.4423728813559322,0.4271552636597985,0.2602875828742981,0.0004860540205698329,-0.5561462383860072
12,262,1,0.4440677966101695,0.428849432514425,0.26190024614334106,0.00024936982648030394,-0.5519929833313977
12,263,1,0.4457627118644068,0.4290666975371912,0.25607064366340637,0.0015831830360043975,-0.4188675149299442
12,264,1,0.44745762711864406,0.4302279450885232,0.2538366913795471,0.001625845568130212,-0.512968498688517
12,265,1,0.4491525423728814,0.4316241445783305,0.25186827778816223,0.0014451722948288382,-0.6634956239864016
12,266,1,0.45084745762711864,0.4321586747932913,0.25592750310897827,0.002027862309501015,-0.28799635916010646
12,267,1,0.45254237288135596,0.4332692949418595,0.25863319635391235,0.0017445527306493725,-0.24577826982421064
12,268,1,0.4542372881355932,0.43436590006417425,0.25925594568252563,0.001698596959501768,-0.23009774730812874
12,269,1,0.4559322033898305,0.43551084211552316,0.2611622214317322,0.0015881436520655701,-0.17273738505961003
12,270,1,0.4576271186440678,0.43686739294885796,0.25368309020996094,0.0012032672030289227,-0.6512486258113269
12,271,1,0.45932203389830506,0.43858847450657223,0.27056005597114563,0.0006710095284284914,-0.005375228381716668
12,272,1,0.4610169491525424,0.4397870485710751,0.2691589891910553,0.000790586010881682,-0.03563986909432365
12,273,1,0.46271186440677964,0.4407024958132284,0.26591482758522034,0.0012304258954535952,-0.05523725549019337
12,274,1,0.46440677966101696,0.4419244549601393,0.26800593733787537,0.001306380172968984,0.06874544474378969
12,275,1,0.4661016949152542,0.4426353730518781,0.268593966960907,0.001859727584050468,0.2684030921307288
12,276,1,0.46779661016949153,0.4439416027158975,0.26635459065437317,0.001565222556357564,0.06959778394725019
12,277,1,0.4694915254237288,0.44473410919160916,0.27054712176322937,0.0018113546168515172,0.34724597990496253
12,278,1,0.4711864406779661,0.44562694294445704,0.2675846219062805,0.001926424208598886,0.24057581456989435
12,279,1,0.4728813559322034,0.4470095028269982,0.2723175883293152,0.0014694863221371302,0.32639724131891223
12,280,1,0.4745762711864407,0.44859306472846244,0.27039286494255066,0.0009794568644529034,0.08214025954241438
12,281,1,0.47627118644067795,0.449186302727718,0.2720615565776825,0.0015490843683386036,0.33875471001565216
12,282,1,0.47796610169491527,0.45030422324753955,0.272659569978714,0.0015442122325442387,0.3659733476971233
12,283,1,0.47966101694915253,0.45080184945570956,0.2706388235092163,0.00221590610014487,0.4769683772662115
12,284,1,0.48135593220338985,0.4517782501902156,0.27319905161857605,0.0021875920228166413,0.59118796701168
12,285,1,0.4830508474576271,0.45269654108894897,0.2731551229953766,0.002065597489521608,0.5512876698535586
12,286,1,0.4847457627118644,0.45397296722875513,0.27479371428489685,0.0016667309400231912,0.5064475538223704
12,287,1,0.4864406779661017,0.4550553777012695,0.2711191773414612,0.001501506462812623,0.27874578649435866
12,288,1,0.488135593220339,0.45575371233227857,0.26922205090522766,0.0018665538931936388,0.30069008910566936
12,289,1,0.48983050847457626,0.45671430027067045,0.27038896083831787,0.0018998314903175152,0.36705542719317785
12,290,1,0.4915254237288136,0.4570722595396011,0.2704015076160431,0.002546312016817197,0.5679172162641224
12,291,1,0.49322033898305084,0.45806585252173776,0.2700716555118561,0.002327542112392016,0.4843035621392651
12,292,1,0.49491525423728816,0.4586064874098329,0.272654265165329,0.002539525929413965,0.674034961942336
12,293,1,0.4966101694915254,0.45915496000962835,0.2747887969017029,0.002704247099007061,0.8276007570551495
12,294,1,0.49830508474576274,0.4596225725360287,0.27265673875808716,0.002846799507346247,0.7693373486095807
12,295,1,0.5,0.46006003950540103,0.2735639214515686,0.003046910787080791,0.8749054474066245
12,296,1,0.5016949152542373,0.4604512233618987,0.27224087715148926,0.0031542736764989133,0.8446055343823751
12,297,1,0.5033898305084745,0.4611197948825096,0.27271243929862976,0.002946886143904469,0.8030167870647654
12,298,1,0.5050847457627119,0.4617761537815085,0.26833242177963257,0.002781735963125852,0.5414475659925433
12,299,1,0.5067796610169492,0.4626047020470825,0.27179837226867676,0.0024915830089218705,0.6180676718403673
12,300,1,0.5084745762711864,0.463097359032397,0.2742585241794586,0.0026350916590276875,0.7807049201213498
12,301,1,0.5101694915254237,0.46356000149081705,0.27318188548088074,0.0028339831182322296,0.7905946791976057
12,302,1,0.511864406779661,0.4636522368163265,0.2749725580215454,0.0033517994447996176,1.0370194999386517
12,303,1,0.5135593220338983,0.4637942280751436,0.273522287607193,0.003678828944687061,1.068653504632783
12,304,1,0.5152542372881356,0.46455297955263924,0.27566346526145935,0.003217458974206654,1.0285954873796155
12,305,1,0.5169491525423728,0.46475882885720926,0.27312377095222473,0.0033755147996972087,0.9555521748065663
12,306,1,0.5186440677966102,0.4650990557175268,0.2954448163509369,0.003334994780977722,2.015277490776904
12,307,1,0.5203389830508475,0.4660942756612409,0.2906821072101593,0.0027014795625637123,1.5902396516209105
12,308,1,0.5220338983050847,0.46795717842570705,0.3122516870498657,0.0014961436422199726,2.253042603527904
12,309,1,0.523728813559322,0.4706103746805917,0.3402697443962097,0.0008583706688444849,3.401435840153591
12,310,1,0.5254237288135594,0.47392064692252817,0.3415583372116089,0.0022359436280866684,3.890066527947325
12,311,1,0.5271186440677966,0.4777714249497185,0.3576733469963074,0.0038813238540266874,5.173899239732258
12,312,1,0.5288135593220339,0.48192678598293226,0.37885281443595886,0.005117397565120986,6.574232512852307
12,313,1,0.5305084745762711,0.4863254810002069,0.3750784397125244,0.006023690693089402,6.673656647031873
12,314,1,0.5322033898305085,0.4914040410921344,0.3696705102920532,0.007173474205113063,6.770032266853221
12,315,1,0.5338983050847458,0.49720901156669706,0.34731727838516235,0.008607596137274144,6.140454191216084
12,316,1,0.535593220338983,0.5029885638499724,0.32647794485092163,0.009527751766304838,5.424391662342304
12,317,1,0.5372881355932203,0.5094232514136742,0.3065100610256195,0.010696994863246613,4.827351922811676
12,318,1,0.5389830508474577,0.5144710183492451,0.34130656719207764,0.009970319195450756,6.273834756572027
12,319,1,0.5406779661016949,0.5197008746017933,0.31642818450927734,0.009433431133721205,4.912395309521394
12,320,1,0.5423728813559322,0.5240933797005385,0.2691759467124939,0.008202970473692379,2.2612951401701484
12,321,1,0.5440677966101695,0.5286226621578618,0.27220383286476135,0.007456048968374164,2.1753788087569674
12,322,1,0.5457627118644067,0.5327789612224598,0.26939305663108826,0.00681249534692528,1.8409999847660887
12,323,1,0.5474576271186441,0.5373546901777166,0.2640569508075714,0.006811238583878427,1.5842703463853929
12,324,1,0.5491525423728814,0.5429471403762003,0.2683287560939789,0.007990234888381227,2.1546983836692055
12,325,1,0.5508474576271186,0.5511293481919575,0.26696160435676575,0.011459002535222957,3.1635356281959366
12,326,1,0.5525423728813559,0.5619544196805504,0.26677486300468445,0.01665740251529195,4.764863371996027
12,327,1,0.5542372881355933,0.57423773627865,0.2566439211368561,0.02164685449886898,5.823757831688189
12,328,1,0.5559322033898305,0.5859129390514972,0.25258803367614746,0.0241012957464828,6.389225350939901
12,329,1,0.5576271186440678,0.5956785757274534,0.25668591260910034,0.02312548275361477,6.283806945925588
12,330,1,0.559322033898305,0.6028136404148452,0.25749915838241577,0.019123240557132562,5.083107293909658
12,331,1,0.5610169491525424,0.6074509873350649,0.25937026739120483,0.01354578229377852,3.445274447010375
12,332,1,0.5627118644067797,0.6101553024553299,0.2544184625148773,0.007946784649939849,1.4730045190774599
12,333,1,0.5644067796610169,0.6117396985288028,0.25058606266975403,0.0035272882703531227,-0.08011860224785305
12,334,1,0.5661016949152542,0.6124744887599886,0.2562917470932007,0.0012447390307287953,-0.5130851254442457
12,335,1,0.5677966101694916,0.6126173479438447,0.2533293664455414,0.002082253499126706,-0.3959591738494047
12,336,1,0.5694915254237288,0.6126129833303655,0.25392022728919983,0.0033782082648008568,0.033870565204888015
12,337,1,0.5711864406779661,0.6126484874731897,0.25154387950897217,0.0039571243407356006,0.09904331837054792
12,338,1,0.5728813559322034,0.6129829165162346,0.2489064484834671,0.0038498925337873842,-0.06087280346250423
12,339,1,0.5745762711864407,0.6131829968478654,0.2546215355396271,0.0037769191412181254,0.1910685180210825
12,340,1,0.576271186440678,0.6133427951504855,0.25368744134902954,0.003758533064603152,0.14050029640106737
12,341,1,0.5779661016949152,0.6131291613778493,0.2528524398803711,0.00415461979226932,0.22308283498935938
12,342,1,0.5796610169491525,0.6131589421962449,0.25436967611312866,0.004245007450038684,0.32396831813448557
12,343,1,0.5813559322033899,0.6131729500647269,0.25375330448150635,0.004275006001559211,0.3036511348805308
12,344,1,0.5830508474576271,0.61340715146516,0.2575186789035797,0.0040382929053415385,0.4112091833726369
12,345,1,0.5847457627118644,0.6134649066406997,0.25591975450515747,0.0039966268084704205,0.3214918817729552
12,346,1,0.5864406779661017,0.6135086314882954,0.2525692582130432,0.0040368382765873945,0.17299415769253573
12,347,1,0.588135593220339,0.61363715743138,0.2544752359390259,0.0039957346565153585,0.2518225254334977
12,348,1,0.5898305084745763,0.6138746266890976,0.25145575404167175,0.0038743172404610156,0.06915887349599936
12,349,1,0.5915254237288136,0.6140955810598482,0.26069507002830505,0.003770231675694889,0.48076250523466385
12,350,1,0.5932203389830508,0.61437030312841,0.26108041405677795,0.00365317821192017,0.46301455406582576
12,351,1,0.5949152542372881,0.6149739719425008,0.2585402727127075,0.0032649273078580333,0.2207213586494199
12,352,1,0.5966101694915255,0.6155204815498425,0.2592288553714752,0.003052621328296522,0.18803444687768459
12,353,1,0.5983050847457627,0.6161327506558907,0.257315456867218,0.00285181593743457,0.03391389436071229
12,354,1,0.6,0.6167574601117392,0.2537718415260315,0.0027363988805967233,-0.17206980017691897
12,355,1,0.6016949152542372,0.616980264578973,0.25877660512924194,0.003110383659195125,0.18420179847401533
12,356,1,0.6033898305084746,0.6177741347347385,0.2520214319229126,0.0028180866625476964,-0.2308531763012729
12,357,1,0.6050847457627119,0.6184885494135833,0.2494857758283615,0.0026670852799268886,-0.39943856763142893
12,358,1,0.6067796610169491,0.6195102512134549,0.2504380941390991,0.002234333169478452,-0.4877431078707823
12,359,1,0.6084745762711864,0.620432517539949,0.25473788380622864,0.0020002646184133378,-0.3536931752137054
12,360,1,0.6101694915254238,0.6210463328151171,0.2614271640777588,0.0022495125834891983,0.04486116189855661
12,361,1,0.611864406779661,0.6223139437784648,0.2633422613143921,0.001799951140236138,-0.0023995910750213775
12,362,1,0.6135593220338983,0.6236585186652771,0.260622501373291,0.0014117248446442344,-0.2533138325947131
12,363,1,0.6152542372881356,0.6246924742586497,0.2574096620082855,0.0014148361142271738,-0.4066911362956198
12,364,1,0.6169491525423729,0.6255205689164878,0.2606092095375061,0.0016517306360642903,-0.1796062144972393
12,365,1,0.6186440677966102,0.6272514857623795,0.25896334648132324,0.001055934803826093,-0.44323012036303044
12,366,1,0.6203389830508474,0.6285827057845904,0.26148512959480286,0.0009425382892829947,-0.3572132101234673
12,367,1,0.6220338983050847,0.629985843173404,0.26245686411857605,0.00077044768029773,-0.3638403951061415
12,368,1,0.6237288135593221,0.6306809357814596,0.2649071216583252,0.0013986973009307447,-0.051521162467844966
12,369,1,0.6254237288135593,0.6316015836960429,0.2629518508911133,0.0017681411025903416,-0.031008190402760073
12,370,1,0.6271186440677966,0.6322923847365721,0.2639162242412567,0.0021648645454769733,0.138211461071889
12,371,1,0.6288135593220339,0.6336670995492029,0.2591804265975952,0.0017175694708416612,-0.2278485173937868
12,372,1,0.6305084745762712,0.6352229171537089,0.25257623195648193,0.0010820659602853045,-0.7419650931639914
12,373,1,0.6322033898305085,0.6368667597224007,0.2539713680744171,0.0005737187346558803,-0.8324141362731542
12,374,1,0.6338983050847458,0.6384082691351892,0.26032060384750366,0.00034850332845680506,-0.5971687682535051
12,375,1,0.635593220338983,0.6399242615251559,0.26178568601608276,0.00036148203814438836,-0.5227675300591321
12,376,1,0.6372881355932203,0.6414591388684688,0.26219019293785095,0.0003908951888197276,-0.49422423046495473
12,377,1,0.6389830508474577,0.6430305918579473,0.25568243861198425,0.0003784976280312313,-0.8106895676059744
12,378,1,0.6406779661016949,0.6454900264592351,0.2539856433868408,0.0005399789393699517,-0.8421798797340323
12,379,1,0.6423728813559322,0.6473956762452335,0.2554953992366791,0.0006751893943568577,-0.7277690719404195
12,380,1,0.6440677966101694,0.6498566051267447,0.25821834802627563,0.0012682645958486238,-0.41324598165442283
12,381,1,0.6457627118644068,0.6516152275834637,0.2581869661808014,0.000927520487998641,-0.5203051903273556
12,382,1,0.6474576271186441,0.6533957902774855,0.2571627199649811,0.0005619242506413725,-0.682758848914568
12,383,1,0.6491525423728813,0.6546018744918898,0.2556072771549225,0.0004159458743051768,-0.8026999640128842
12,384,1,0.6508474576271186,0.6567544845300122,0.25837475061416626,0.00016107372994799871,-0.7487050142717963
12,385,1,0.652542372881356,0.6590768656930877,0.2542373836040497,0.0007405392991999949,-0.7679593664110438
12,386,1,0.6542372881355932,0.6611442813153867,0.2508769631385803,0.0009425453940930651,-0.8668150191253651
12,387,1,0.6559322033898305,0.6625305152162473,0.254631906747818,0.0005474360196830217,-0.8088241718745734
12,388,1,0.6576271186440678,0.6627327623522092,0.25568369030952454,0.001388256509649093,-0.49783832847953574
12,389,1,0.6593220338983051,0.6635630957453829,0.2593386769294739,0.002052492572024738,-0.11649785609997977
12,390,1,0.6610169491525424,0.6644878541166281,0.2555291950702667,0.0022492917138532565,-0.2385388452604298
12,391,1,0.6627118644067796,0.6652716091366472,0.2549040913581848,0.0023014298941445733,-0.25241735637793616
12,392,1,0.6644067796610169,0.6662401543137775,0.25270622968673706,0.0020181581971142493,-0.44574862194840686
12,393,1,0.6661016949152543,0.6678657755544245,0.253991961479187,0.0012693849468592856,-0.6159296392500402
12,394,1,0.6677966101694915,0.6681507908951971,0.2571931481361389,0.0020600395583470644,-0.21722875451354912
12,395,1,0.6694915254237288,0.6682934438757429,0.25273075699806213,0.0028331207724435915,-0.19212093465324775
12,396,1,0.6711864406779661,0.6682109144154351,0.25413790345191956,0.003671108917525244,0.13505875967212388
12,397,1,0.6728813559322034,0.6682166717808397,0.2522664964199066,0.00415804157753512,0.19599475089560026
12,398,1,0.6745762711864407,0.6685140551782545,0.2517610192298889,0.003948382236724101,0.10676643354345505
12,399,1,0.676271186440678,0.6692685246095001,0.2534494400024414,0.0032847288762427474,-0.017702444207109036
12,400,1,0.6779661016949152,0.6703452481953988,0.2559899389743805,0.002451775473783462,-0.15368222925680342
12,401,1,0.6796610169491526,0.6706456796335518,0.2562113404273987,0.002684927480621312,-0.07082330179236485
12,402,1,0.6813559322033899,0.671696018367704,0.25713345408439636,0.002241840709647185,-0.16378018690418322
12,403,1,0.6830508474576271,0.6731736755534924,0.25721994042396545,0.0015596743212211595,-0.3709388822208993
12,404,1,0.6847457627118644,0.6754416946693089,0.2609357535839081,0.0007281013462084991,-0.4500303247675102
12,405,1,0.6864406779661016,0.6770012162061083,0.2545412480831146,0.0003044200954160913,-0.8884578946095922
12,406,1,0.688135593220339,0.6777542583080658,0.2582058906555176,0.000818375064262482,-0.5532058530844159
12,407,1,0.6898305084745763,0.6795685958746494,0.25305816531181335,0.0005768698314261813,-0.8753072282486785
12,408,1,0.6915254237288135,0.6823134632090835,0.2508888244628906,0.0006275397713755138,-0.9638239139731128
12,409,1,0.6932203389830508,0.6836318959503389,0.255325049161911,0.0004979563081191628,-0.7908536515891487
12,410,1,0.6949152542372882,0.685586470163436,0.2552356421947479,0.0005862240468204289,-0.7678061272159274
12,411,1,0.6966101694915254,0.6882599070967521,0.26007068157196045,0.001240318624200305,-0.33291879810364844
12,412,1,0.6983050847457627,0.6902901553698584,0.2584249973297119,0.001097739091780887,-0.4561421534281569
12,413,1,0.7,0.692917410171586,0.261886328458786,0.0017308208533148139,-0.09375527532624547
12,414,1,0.7016949152542373,0.6951134633449269,0.2597731351852417,0.0016054954713438496,-0.23409243642617744
12,415,1,0.7033898305084746,0.6981892713798914,0.26047810912132263,0.0022995552109356786,0.014771273361295828
12,416,1,0.7050847457627119,0.7001501062409661,0.2589520812034607,0.0017780490012255356,-0.22008333487805726
12,417,1,0.7067796610169491,0.70270376108074,0.2656288146972656,0.0018667161232224904,0.1281254439394367
12,418,1,0.7084745762711865,0.7050957121906912,0.25689896941185,0.0018120795058852845,-0.30817087809321686
12,419,1,0.7101694915254237,0.7074043302106214,0.25752270221710205,0.0016251353143743996,-0.3361168282249069
12,420,1,0.711864406779661,0.7098328644119425,0.2616351544857025,0.001749904808012943,-0.0999097808591882
12,421,1,0.7135593220338983,0.7130428359057166,0.2632492184638977,0.0025391867590429506,0.22212236518988135
12,422,1,0.7152542372881356,0.7172827909312045,0.25868159532546997,0.004194373078286696,0.5154230006901176
12,423,1,0.7169491525423729,0.7200526646801573,0.25956135988235474,0.003917477142111143,0.47191233616788125
12,424,1,0.7186440677966102,0.7227807443943088,0.25581303238868713,0.003483473238878749,0.1574064592871416
12,425,1,0.7203389830508474,0.7247999257385537,0.25983181595802307,0.0022656845875319975,-0.02676793971668788
12,426,1,0.7220338983050848,0.7270643993364168,0.2597677409648895,0.00159088572718581,-0.23887720147547237
12,427,1,0.7237288135593221,0.729103268149176,0.26640066504478455,0.0011843524386420234,-0.04617027559619594
12,428,1,0.7254237288135593,0.7321432698864145,0.26306068897247314,0.0019617033086258406,0.03417966516238162
12,429,1,0.7271186440677966,0.7347586975157745,0.25602981448173523,0.002236499564959372,-0.21845226940653123
12,430,1,0.7288135593220338,0.7375850127838106,0.26032984256744385,0.002573121888690284,0.09239095520737794
12,431,1,0.7305084745762712,0.7388981031347999,0.2617824375629425,0.0014484101369714219,-0.1862279097196501
12,432,1,0.7322033898305085,0.7407569846024071,0.2584697902202606,0.0007780385590040701,-0.5530233874944687
12,433,1,0.7338983050847457,0.7424867878384621,0.25891661643981934,0.00033840793266838815,-0.6677419262895826
12,434,1,0.735593220338983,0.744592438717709,0.259128212928772,0.00041623445466416724,-0.6334689011387745
12,435,1,0.7372881355932204,0.745859874550074,0.25844696164131165,0.0001582418354710728,-0.7461133109252286
12,436,1,0.7389830508474576,0.7468773589444878,0.25247353315353394,0.0007911446558501056,-0.8370167696592967
12,437,1,0.7406779661016949,0.7474022662348214,0.25665441155433655,0.0017963309510366666,-0.32479755405909794
12,438,1,0.7423728813559322,0.7478412438062634,0.2607068717479706,0.002586222978684537,0.11456129964154446
12,439,1,0.7440677966101695,0.7488363402082154,0.2611270844936371,0.002403327848871083,0.07809275217861969
12,440,1,0.7457627118644068,0.7493039060185147,0.2616318166255951,0.002679878453107175,0.18800605862990144
12,441,1,0.747457627118644,0.7500817473514697,0.25442275404930115,0.002508673888658901,-0.2113426600111688
12,442,1,0.7491525423728813,0.7511082733229983,0.24938593804836273,0.002152018196292337,-0.5637860202248179
12,443,1,0.7508474576271187,0.752179024038482,0.2500367760658264,0.0018980248599923966,-0.6111995548441301
12,444,1,0.752542372881356,0.7527661936124447,0.252234548330307,0.0021465262435963906,-0.4286433188548897
12,445,1,0.7542372881355932,0.7529825769944616,0.24598795175552368,0.002795714760061978,-0.5276246661445273
12,446,1,0.7559322033898305,0.75270569817493,0.2514897286891937,0.0037978009903414807,0.04708868130424548
12,447,1,0.7576271186440678,0.7530617630697931,0.2512912154197693,0.0038410923084613454,0.05096260430666466
12,448,1,0.7593220338983051,0.7538083544782543,0.2490493655204773,0.0033151856578278894,-0.2196423777894888
12,449,1,0.7610169491525424,0.7543865129229358,0.24812474846839905,0.002997567429598851,-0.3624479093087263
12,450,1,0.7627118644067796,0.754285021525087,0.24943864345550537,0.003450042809566166,-0.15916747122081615
12,451,1,0.764406779661017,0.7552469672754323,0.25217005610466003,0.0028829278967601613,-0.20362769589988206
12,452,1,0.7661016949152543,0.7564661144253064,0.2534898519515991,0.002210081798295809,-0.34865250457902314
12,453,1,0.7677966101694915,0.756773096793437,0.24939356744289398,0.002567539416928293,-0.43470428619527524
12,454,1,0.7694915254237288,0.7573664300080032,0.24910736083984375,0.0025708521699873577,-0.44742713409014745
12,455,1,0.7711864406779662,0.757807596057928,0.25157490372657776,0.0029000382407915627,-0.22691788661700407
12,456,1,0.7728813559322034,0.7587656201417836,0.247096449136734,0.0025821713525599078,-0.5405226775253009
12,457,1,0.7745762711864407,0.7596743344604131,0.2465888410806656,0.0022483334630497166,-0.6683199146152181
12,458,1,0.7762711864406779,0.7607718747084737,0.24963583052158356,0.0018761026317331165,-0.6372513210499783
12,459,1,0.7779661016949152,0.7620794317956409,0.2467484027147293,0.0014199067196836324,-0.917274952540225
12,460,1,0.7796610169491526,0.7638073544233993,0.24767951667308807,0.0007750079055976424,-1.0723144105276996
12,461,1,0.7813559322033898,0.7657673484153942,0.24410000443458557,0.00033764860673161717,-1.379749992988399
12,462,1,0.7830508474576271,0.7678886129025787,0.247810497879982,0.0005376283936768101,-1.1395548301110339
12,463,1,0.7847457627118644,0.7701504625519988,0.24826814234256744,0.0010202934945706798,-0.9680558608171633
12,464,1,0.7864406779661017,0.7721426201393438,0.2465725988149643,0.0009946933928261358,-1.0574379002089498
12,465,1,0.788135593220339,0.7747284077446591,0.2454596757888794,0.0014966645691553825,-0.9554067643634371
12,466,1,0.7898305084745763,0.7772188316056037,0.24336105585098267,0.0017468235977837043,-0.9787307398793866
12,467,1,0.7915254237288135,0.7789774746695048,0.24439392983913422,0.0011729119859286274,-1.10689219200725
12,468,1,0.7932203389830509,0.7812507105100327,0.24617448449134827,0.0012393947970799745,-1.0007621568345406
12,469,1,0.7949152542372881,0.7838203122666227,0.2480490654706955,0.0015319739609977855,-0.8200777641622915
12,470,1,0.7966101694915254,0.7862356854374472,0.2500472366809845,0.0016743710013312884,-0.6799778740492666
12,471,1,0.7983050847457627,0.7884089225576275,0.2506890892982483,0.00159339466355078,-0.6742279067476907
12,472,1,0.8,0.7905441758537594,0.24708159267902374,0.0013707859876519578,-0.9164849299419535
12,473,1,0.8016949152542373,0.7930540760693335,0.2521626949310303,0.001557319867294472,-0.6146124234696706
12,474,1,0.8033898305084746,0.795319200342135,0.2512039244174957,0.0015140031894182292,-0.6740887724651834
12,475,1,0.8050847457627118,0.7967163596366023,0.2500592768192291,0.0007906005451148766,-0.9531633912989135
12,476,1,0.8067796610169492,0.7980360089287598,0.24872197210788727,0.000467257018832926,-1.1175674740097636
12,477,1,0.8084745762711865,0.7991724003794253,0.24980591237545013,0.0008534930379572469,-0.9458526360619929
12,478,1,0.8101694915254237,0.8006146290337891,0.2516855001449585,0.0009408454611163508,-0.8285004243762597
12,479,1,0.811864406779661,0.8019495527087959,0.2528344690799713,0.0009297789590231187,-0.7767333392095639
12,480,1,0.8135593220338984,0.802634546152896,0.2504041790962219,0.0015530837829714084,-0.7004016879613367
12,481,1,0.8152542372881356,0.8033543445882212,0.24864821135997772,0.0019829196536802363,-0.6516068918937891
12,482,1,0.8169491525423729,0.8041964207379161,0.25025132298469543,0.0021863295561843233,-0.5115853664295597
12,483,1,0.8186440677966101,0.8058342259714903,0.246458038687706,0.001443972248641805,-0.9237689699130501
12,484,1,0.8203389830508474,0.8064620110012288,0.2472645342350006,0.0017873555345769444,-0.7786566649968716
12,485,1,0.8220338983050848,0.8076537674765744,0.2519000172615051,0.0015524652713146282,-0.6287349530402847
12,486,1,0.823728813559322,0.8082977962780443,0.254469096660614,0.001983292191932955,-0.3718629144839819
12,487,1,0.8254237288135593,0.8096771193617787,0.2543133795261383,0.0016293129932306739,-0.4889948553903099
12,488,1,0.8271186440677966,0.8104578601409635,0.25133275985717773,0.0018092955616178675,-0.576427504824931
12,489,1,0.8288135593220339,0.8106094760624729,0.24921584129333496,0.0026566419250421847,-0.41564092793335466
12,490,1,0.8305084745762712,0.8114664972880034,0.24996991455554962,0.002538547845986382,-0.41599790392003066
12,491,1,0.8322033898305085,0.8126861050775349,0.24354875087738037,0.0021111153089445767,-0.8568681305605669
12,492,1,0.8338983050847457,0.8138312182685213,0.2500719130039215,0.0017182485468972154,-0.6652005873827274
12,493,1,0.8355932203389831,0.8152418409761788,0.2522757649421692,0.0011509653711292023,-0.7350563390829343
12,494,1,0.8372881355932204,0.8164416039257424,0.252972275018692,0.001109293649992087,-0.7145053736964895
12,495,1,0.8389830508474576,0.8175739064652994,0.2548162043094635,0.0012207677698698616,-0.5913940213505714
12,496,1,0.8406779661016949,0.81887074428222,0.25086018443107605,0.001145880299890394,-0.80463437754796
12,497,1,0.8423728813559322,0.8200157122856753,0.24822662770748138,0.001260793799859732,-0.8955508486255396
12,498,1,0.8440677966101695,0.8214132761852153,0.24704581499099731,0.001056697727693805,-1.0154981779394627
12,499,1,0.8457627118644068,0.8222078790968894,0.24664054811000824,0.0015050128808879338,-0.8960929871870142
12,500,1,0.847457627118644,0.8236392199748146,0.2508837878704071,0.0012321651608602647,-0.7767721966563512
12,501,1,0.8491525423728814,0.824178835468416,0.2506210207939148,0.00188466859040755,-0.5872704624000613
12,502,1,0.8508474576271187,0.8248758242825808,0.24873638153076172,0.002228460571927925,-0.5713105508847419
12,503,1,0.8525423728813559,0.8250661525325634,0.24571827054023743,0.0029037693462866266,-0.5071079729810346
12,504,1,0.8542372881355932,0.8255277654363602,0.24875880777835846,0.0031567248014083716,-0.2826865560095558
12,505,1,0.8559322033898306,0.8262853264573007,0.24582603573799133,0.002871300145854282,-0.5119889810324942
12,506,1,0.8576271186440678,0.8271228545494334,0.2477485090494156,0.0025603948009427936,-0.5159441572103747
12,507,1,0.8593220338983051,0.8282279197131938,0.2461894005537033,0.002017087203895528,-0.7591412927712712
12,508,1,0.8610169491525423,0.8294570615237646,0.24697181582450867,0.001578387188482232,-0.8574502492723652
12,509,1,0.8627118644067797,0.8302826668978291,0.24640294909477234,0.0017351058362688344,-0.8362315063379913
12,510,1,0.864406779661017,0.8316279398305763,0.24460743367671967,0.0013891680136538399,-1.0296464924881783
12,511,1,0.8661016949152542,0.8338089217979836,0.2463957816362381,0.0006413864964081979,-1.1753752049487853
12,512,1,0.8677966101694915,0.8355463235745124,0.24726147949695587,0.0003586486019651415,-1.221371269657514
12,513,1,0.8694915254237288,0.8371668889946675,0.24710004031658173,0.00016336679175270525,-1.289618699546565
12,514,1,0.8711864406779661,0.8393038081418951,0.2487209588289261,0.0005218074192852707,-1.1007181758368998
12,515,1,0.8728813559322034,0.8416377251984526,0.24850063025951385,0.0009367573980130617,-0.9827642304685289
12,516,1,0.8745762711864407,0.8438097667351503,0.24813802540302277,0.0011515980845935147,-0.9336325518231914
12,517,1,0.8762711864406779,0.8467461530824274,0.25234290957450867,0.0020221236417111554,-0.46197373033380307
12,518,1,0.8779661016949153,0.8498127988076951,0.25001758337020874,0.0026939533450388974,-0.36556828029893884
12,519,1,0.8796610169491526,0.8531228042817814,0.24970178306102753,0.003376711152675223,-0.1692423592353201
12,520,1,0.8813559322033898,0.8570792962304924,0.24960000813007355,0.004461933330553959,0.16203572348952056
12,521,1,0.8830508474576271,0.8610857893925863,0.2507064640522003,0.005151044118812327,0.42865313477690903
12,522,1,0.8847457627118644,0.8653531305056613,0.2554941773414612,0.005833476154347634,0.8700450146273417
12,523,1,0.8864406779661017,0.8696477895998146,0.2569594085216522,0.006243052324009358,1.0673066601963157
12,524,1,0.888135593220339,0.87402142641186,0.25809988379478455,0.006485442806546461,1.1971786129824888
12,525,1,0.8898305084745762,0.8785407772945671,0.24625268578529358,0.006769261143911727,0.7159708371375
12,526,1,0.8915254237288136,0.8842060530125585,0.2496528923511505,0.00807078988640787,1.2824849258306708
12,527,1,0.8932203389830509,0.8882938030031804,0.2521595358848572,0.007445309250305466,1.209147213305888
12,528,1,0.8949152542372881,0.8927775351083926,0.24650387465953827,0.007267538004676262,0.8823879449637023
12,529,1,0.8966101694915254,0.8977932486041469,0.2406027764081955,0.007594224326297345,0.7001030381627291
12,530,1,0.8983050847457628,0.9020515034895162,0.2438126802444458,0.007039361384271759,0.6824242449442667
12,531,1,0.9,0.9067173758123545,0.24662001430988312,0.007243871087870541,0.8806359027380362
12,532,1,0.9016949152542373,0.9106864000305933,0.2460007667541504,0.006607002103815885,0.6536062615556621
12,533,1,0.9033898305084745,0.9144622659457008,0.2454635351896286,0.005905651788373196,0.41054231273210817
12,534,1,0.9050847457627119,0.917696490251209,0.24556435644626617,0.004972621758492958,0.12636269195523708
12,535,1,0.9067796610169492,0.9210615039822967,0.24264021217823029,0.004426388799157422,-0.183315362479597
12,536,1,0.9084745762711864,0.9241705361225125,0.243732288479805,0.003949388896887713,-0.2786126462007279
12,537,1,0.9101694915254237,0.9273523347959274,0.24429522454738617,0.0037601535473227436,-0.3101889287987133
12,538,1,0.911864406779661,0.9297462858852479,0.24443024396896362,0.002931587424086597,-0.5603661215798533
12,539,1,0.9135593220338983,0.9319027897813159,0.2500728964805603,0.0020756424116449134,-0.554444117213141
12,540,1,0.9152542372881356,0.9342767860745791,0.24446283280849457,0.0017393172551532898,-0.9281278786648122
12,541,1,0.9169491525423729,0.9361206432705852,0.24514488875865936,0.0010566119631427572,-1.106843035968276
12,542,1,0.9186440677966101,0.9372284370471833,0.24541381001472473,0.0004892955503801748,-1.2696609086563413
12,543,1,0.9203389830508475,0.9391589786035547,0.27452555298805237,0.0003165506291662735,0.07532258151492444
12,544,1,0.9220338983050848,0.9410590492896641,0.26962342858314514,0.0002002962928765291,-0.19618167489533828
12,545,1,0.923728813559322,0.9428062441183093,0.2685684561729431,0.0002227702070654393,-0.23989962347374927
12,546,1,0.9254237288135593,0.9445735061112854,0.2680718004703522,0.00026584667343272476,-0.250414671303805
12,547,1,0.9271186440677966,0.9458455106240367,0.27207496762275696,0.0002984160798415891,-0.048018201695296414
12,548,1,0.9288135593220339,0.9471781552339505,0.2723124325275421,0.000637404475048191,0.06839713426413258
12,549,1,0.9305084745762712,0.9483490647084326,0.2727895677089691,0.0009962714866377387,0.20248371386585112
12,550,1,0.9322033898305084,0.9499280054637816,0.2733677327632904,0.0008030358788195402,0.17039986165032162
12,551,1,0.9338983050847458,0.9512915916785452,0.27186352014541626,0.0007780745021800805,0.09040699386985085
12,552,1,0.9355932203389831,0.9523295316596091,0.2711063325405121,0.0011016547847432657,0.15426743511163105
12,553,1,0.9372881355932203,0.9533569848784426,0.2742873430252075,0.0013620456723244401,0.3877402838073387
12,554,1,0.9389830508474576,0.9544145941093005,0.27325621247291565,0.0015564164839689688,0.39841584894675786
12,555,1,0.940677966101695,0.9551307280097621,0.27392029762268066,0.001961929744887141,0.5559328090393234
12,556,1,0.9423728813559322,0.9562191337683871,0.2754802107810974,0.0018333080690663573,0.5910263329542665
12,557,1,0.9440677966101695,0.957304852668781,0.2725261151790619,0.001719989695866968,0.4140125880560216
12,558,1,0.9457627118644067,0.958451036628615,0.27546149492263794,0.0015607726836175551,0.5057044712158709
12,559,1,0.9474576271186441,0.9591312005280365,0.2744348645210266,0.0018897194140246754,0.5582835475412778
12,560,1,0.9491525423728814,0.9599488229134497,0.2738300561904907,0.002072215158180001,0.5857606203155774
12,561,1,0.9508474576271186,0.9603927833555052,0.2738215923309326,0.0025606770023902537,0.7366639328250314
12,562,1,0.9525423728813559,0.9609373116532487,0.27360445261001587,0.0027881313763277616,0.7966909060284049
12,563,1,0.9542372881355933,0.9614993552596215,0.2720312774181366,0.0028476565261133947,0.7395563885376503
12,564,1,0.9559322033898305,0.9620533651075097,0.27044999599456787,0.002885685361121425,0.6753735840945725
12,565,1,0.9576271186440678,0.9631198062725416,0.2693556547164917,0.002345379744604569,0.4554332443457587
12,566,1,0.9593220338983051,0.9636574605780613,0.2745828628540039,0.002489481168343898,0.7511802860238712
12,567,1,0.9610169491525423,0.9643223912645549,0.2746434509754181,0.0025045877130535233,0.7587703950210163
12,568,1,0.9627118644067797,0.9651619247090595,0.2729569673538208,0.002370813269782267,0.6363146207444319
12,569,1,0.964406779661017,0.9655381232355793,0.26867976784706116,0.0027717546436498864,0.5550417735543135
12,570,1,0.9661016949152542,0.9660679820760412,0.27383100986480713,0.0028464750439474596,0.8256474618682444
12,571,1,0.9677966101694915,0.9665425699981822,0.27432921528816223,0.002974517496301359,0.8892441420002182
12,572,1,0.9694915254237289,0.9666626887156,0.27323824167251587,0.0034094434622904,0.9715612333890804
12,573,1,0.9711864406779661,0.9669663830296561,0.27258169651031494,0.0034809401498694533,0.9621689598656165
12,574,1,0.9728813559322034,0.9671796740016062,0.27477404475212097,0.0036247141264385426,1.1120234202518677
12,575,1,0.9745762711864406,0.9674373695695396,0.2796241343021393,0.0036449415398963777,1.351281903376302
12,576,1,0.976271186440678,0.9680873748330411,0.280051052570343,0.003218636169234278,1.2397347490739117
12,577,1,0.9779661016949153,0.9683653081359528,0.280998170375824,0.0032968743956828406,1.3094688978939257
12,578,1,0.9796610169491525,0.968852670424958,0.2783835828304291,0.0031592433832517575,1.1412334456539877
12,579,1,0.9813559322033898,0.9693111618596921,0.27578866481781006,0.003119001054355629,1.004110804224126
12,580,1,0.9830508474576272,0.9695774691730258,0.2772747576236725,0.0033211418135600953,1.1381177412538417
12,581,1,0.9847457627118644,0.9697748419683048,0.27749648690223694,0.0034962926032772886,1.2030254891714898
12,582,1,0.9864406779661017,0.9698767842841174,0.2749803066253662,0.0037467337455526647,1.1597297892036522
12,583,0,0.988135593220339,0.9699811778630457,0.2800629138946533,0.0038983686314141715,1.4508639993144752
12,584,0,0.9898305084745763,0.9702426392428327,0.2817695140838623,0.003804411252465571,1.5037420920403273
12,585,0,0.9915254237288136,0.9704981969664369,0.28085747361183167,0.00371514604631311,1.432277210868417
12,586,0,0.9932203389830508,0.9706234662911439,0.27989375591278076,0.003770715471139123,1.403194966812744
12,587,0,0.9949152542372881,0.9707755727980265,0.2790684401988983,0.0038052794660131824,1.3742545810448736
12,588,0,0.9966101694915255,0.9711317850342586,0.2751559615135193,0.003647665963526324,1.137480005795203
12,589,0,0.9983050847457627,0.9714674674912949,0.2738390266895294,0.0035342699543464847,1.0390895162250604
15,15,0,0.024509803921568627,0.012903944841644649,0.34085696935653687,nan,nan
15,16,0,0.026143790849673203,0.02508832335559039,0.32888558506965637,nan,nan
15,17,0,0.027777777777777776,0.03413891818291145,0.32687851786613464,nan,nan
15,18,0,0.029411764705882353,0.04014005639095287,0.34040048718452454,nan,nan
15,19,1,0.03104575163398693,0.043770041101565,0.3461616039276123,0.01145774823561528,6.967823184305192
15,20,1,0.032679738562091505,0.04591707128227161,0.3403087556362152,0.0058882543513418106,4.9614075001209
15,21,1,0.03431372549019608,0.04727408579621335,0.3439532220363617,0.002208471061277366,3.9966038912480424
15,22,1,0.03594771241830065,0.04826714248228285,0.34194546937942505,0.0009206106407678082,3.5012156833169406
15,23,1,0.03758169934640523,0.04900071879997163,0.34426218271255493,0.0015508485387864413,3.8077355121411736
15,24,1,0.0392156862745098,0.04954376909616741,0.33990493416786194,0.0023154676671923047,3.8352729758458675
15,25,1,0.04084967320261438,0.050095473049521645,0.33201006054878235,0.002670438167312066,3.565970950151509
15,26,1,0.042483660130718956,0.05066936805649892,0.3364488184452057,0.0028018899736618353,3.819923308761875
15,27,1,0.04411764705882353,0.05154011503565738,0.332717627286911,0.0025316993880574058,3.556984784760458
15,28,1,0.0457516339869281,0.05297900698675963,0.3376568853855133,0.0017276564958765995,3.545194159692667
15,29,1,0.04738562091503268,0.05464072365008307,0.29968956112861633,0.0009247493052011601,1.4725728990293674
15,30,1,0.049019607843137254,0.056544612913373815,0.29510748386383057,0.00034523098309836647,1.0729389226241448
15,31,1,0.05065359477124183,0.05942654212507183,0.29664093255996704,0.0012559453054284807,1.4287142812446676
15,32,1,0.05228758169934641,0.06302126601503588,0.2734653949737549,0.00287906242303891,0.8181782777702884
15,33,1,0.05392156862745098,0.06728741145090779,0.26842328906059265,0.004634643101841763,1.1197842831093752
15,34,1,0.05555555555555555,0.0728973034221782,0.27051544189453125,0.00708286312290597,1.9786693880276893
15,35,1,0.05718954248366013,0.07979823519098497,0.26939475536346436,0.009895622264511668,2.796136014657019
15,36,1,0.058823529411764705,0.08773251196978324,0.26553255319595337,0.01273697577683165,3.490761035009304
15,37,1,0.06045751633986928,0.0964065440924914,0.26753151416778564,0.01523319641085298,4.3600383705542844
15,38,1,0.06209150326797386,0.10452492557574282,0.2691079080104828,0.016071794733708497,4.695537526713829
15,39,1,0.06372549019607843,0.1110033397792812,0.27194744348526,0.014643303398855707,4.38944444345288
15,40,1,0.06535947712418301,0.11553886142104342,0.2727288603782654,0.011377548893543877,3.415356175440088
15,41,1,0.06699346405228758,0.1187421319405862,0.26940247416496277,0.007629232050271646,2.0944513841796706
15,42,1,0.06862745098039216,0.12157990531279221,0.26722294092178345,0.004883108460453934,1.1390875977469648
15,43,1,0.07026143790849673,0.1236397631808485,0.27082303166389465,0.002679221394247878,0.6293378303008006
15,44,1,0.0718954248366013,0.12347691338349746,0.27093589305877686,0.001216174496182102,0.18155427569722607
15,45,1,0.07352941176470588,0.12324931634308926,0.26703941822052,0.0028548442845166984,0.5019798022212791
15,46,1,0.07516339869281045,0.1230306601660228,0.2660609185695648,0.00420029656220894,0.8717520349304088
15,47,1,0.07679738562091504,0.1229317767424262,0.26761868596076965,0.0046618686991131714,1.0895657056727386
15,48,1,0.0784313725490196,0.12298044146585274,0.2706502676010132,0.0044362073660810675,1.1652966841005603
15,49,1,0.08006535947712418,0.12301748127315401,0.2710527181625366,0.004275049579368586,1.134708397794013
15,50,1,0.08169934640522876,0.12328804193354401,0.2688666582107544,0.003946530151494808,0.9279277686892475
15,51,1,0.08333333333333333,0.12313810433562067,0.2683935761451721,0.00416081319129845,0.9715795091833901
15,52,1,0.08496732026143791,0.12331218481692757,0.2695050835609436,0.004038314608290171,0.9870288803653853
15,53,1,0.08660130718954248,0.12358701937784014,0.26877883076667786,0.0038464158851462967,0.8926964322310946
15,54,1,0.08823529411764706,0.12382419435046625,0.26619741320610046,0.0037516254386917177,0.739325069104322
15,55,1,0.08986928104575163,0.12441458011879372,0.2673253118991852,0.003295277774594806,0.6521460564774628
15,56,1,0.0915032679738562,0.12520819634915037,0.2650611102581024,0.002820780490031387,0.3963923052437878
15,57,1,0.09313725490196079,0.1256717873660009,0.26425930857658386,0.002831192356236566,0.3610999468529874
15,58,1,0.09477124183006536,0.12600312058859667,0.2651764452457428,0.0030210511306810062,0.4639703238188444
15,59,1,0.09640522875816994,0.1262714388268959,0.2708945572376251,0.00329746445191441,0.8242858247142306
15,60,1,0.09803921568627451,0.126841047791746,0.2719230353832245,0.003192070164089832,0.8410449314203501
15,61,1,0.09967320261437909,0.12732849399723994,0.27307525277137756,0.0031128368192447787,0.8718521538751391
15,62,1,0.10130718954248366,0.12783905369549065,0.27509745955467224,0.003016453778803845,0.9391402286434647
15,63,1,0.10294117647058823,0.12832254412177338,0.2740675210952759,0.002991946629244612,0.8820716462909532
15,64,1,0.10457516339869281,0.12901727890026457,0.2708229422569275,0.0028099881744727984,0.6698409147833996
15,65,1,0.10620915032679738,0.12967997047395824,0.2748309075832367,0.0026913543779087546,0.8256299513840837
15,66,1,0.10784313725490197,0.13019247653005894,0.2717299461364746,0.0027667174409876528,0.7000084352230335
15,67,1,0.10947712418300654,0.13100368877766533,0.2683734595775604,0.002543860902023314,0.469732864049627
15,68,1,0.1111111111111111,0.13125524007111147,0.268620103597641,0.002962595772550163,0.6112920696863307
15,69,1,0.11274509803921569,0.13156123910741147,0.26538196206092834,0.0032160870289618822,0.5342590164726455
15,70,1,0.11437908496732026,0.13223656688691895,0.27101919054985046,0.0030110764078177133,0.7415591788263802
15,71,1,0.11601307189542484,0.13271122903536114,0.2666357159614563,0.0030474368485905335,0.5422454502728863
15,72,1,0.11764705882352941,0.1329310988529054,0.2642365097999573,0.0032544520954701935,0.4911170931873222
15,73,1,0.119281045751634,0.13343831579782073,0.2639892101287842,0.0031661998460034025,0.4518993705984576
15,74,1,0.12091503267973856,0.13409276354812633,0.2642580270767212,0.002981021268300065,0.40745060529256694
15,75,1,0.12254901960784313,0.13455491158426336,0.26000863313674927,0.002982922397464909,0.2039035594139857
15,76,1,0.12418300653594772,0.13541819838523214,0.2657969295978546,0.0025805562337216804,0.3573263967628031
15,77,1,0.12581699346405228,0.1363358730494343,0.2659854590892792,0.002284656452601218,0.27472281631390133
15,78,1,0.12745098039215685,0.13733909468308494,0.26538774371147156,0.002005824131853977,0.15963589957251786
15,79,1,0.12908496732026145,0.13834153375481972,0.2629905939102173,0.0018149678438588324,-0.014641589167113216
15,80,1,0.13071895424836602,0.13886843932713916,0.25997796654701233,0.0022347178141784874,-0.029339554095146436
15,81,1,0.1323529411764706,0.13934043032667584,0.262854665517807,0.0026252870501185677,0.22983962456714907
15,82,1,0.13398692810457516,0.14016583547489286,0.2645286023616791,0.002551021221211912,0.2872484224857115
15,83,1,0.13562091503267973,0.1406249200781521,0.2637251615524292,0.0027986218159046384,0.3253508284841121
15,84,1,0.13725490196078433,0.1413497552045789,0.2649553120136261,0.0026446332703109632,0.33674508746275433
15,85,1,0.1388888888888889,0.142221903538815,0.26581433415412903,0.0023928139054348197,0.3000059036342685
15,86,1,0.14052287581699346,0.1434862772308427,0.2653295695781708,0.0018488085164419122,0.10820284991580338
15,87,1,0.14215686274509803,0.1450199959883385,0.26111218333244324,0.0011452001979335592,-0.3123509177453705
15,88,1,0.1437908496732026,0.14630000492089634,0.25682535767555237,0.0009639602429223226,-0.5744274089686636
15,89,1,0.1454248366013072,0.14746543333448936,0.26178881525993347,0.0010360942584086586,-0.3136438465387482
15,90,1,0.14705882352941177,0.1490598688757754,0.264800488948822,0.0007525411660412195,-0.2568022443719612
15,91,1,0.14869281045751634,0.15050936591853276,0.2616652250289917,0.0006964420345170352,-0.42479440823750714
15,92,1,0.1503267973856209,0.15150753926414304,0.2632158100605011,0.0010706111714553091,-0.23440043258464477
15,93,1,0.15196078431372548,0.1520630128587862,0.26378294825553894,0.0018170211626237932,0.02405824704937634
15,94,1,0.15359477124183007,0.15279138329338,0.27096027135849,0.002238045609104249,0.4992684730660306
15,95,1,0.15522875816993464,0.15383995813740547,0.2736315429210663,0.00212234936947993,0.5917542534643714
15,96,1,0.1568627450980392,0.15533009881546556,0.27161481976509094,0.0014648567461380147,0.2912029597398478
15,97,1,0.15849673202614378,0.15693343989995115,0.2656054198741913,0.000817155549483044,-0.19811882053584237
15,98,1,0.16013071895424835,0.15828625473749341,0.263353556394577,0.0006819474722319796,-0.3481788813856589
15,99,1,0.16176470588235295,0.16007166058387828,0.26241031289100647,0.0003140659754329269,-0.5074491641668577
15,100,1,0.16339869281045752,0.16157798267382603,0.26433175802230835,0.0003218630085459628,-0.41272989688143746
15,101,1,0.1650326797385621,0.16330379233657338,0.2636098265647888,0.00017203270712742435,-0.49382329716010337
15,102,1,0.16666666666666666,0.16344810031615814,0.26362213492393494,0.001606304439959504,-0.048940361582244254
15,103,1,0.16830065359477125,0.1643321327734167,0.26557186245918274,0.002012733377367142,0.17062101459708937
15,104,1,0.16993464052287582,0.16509017922361643,0.2606152296066284,0.002319804974552019,0.027631113577753094
15,105,1,0.1715686274509804,0.16639002019598895,0.2589600086212158,0.0018980131396270517,-0.18254144547012185
15,106,1,0.17320261437908496,0.16730963636693758,0.2631700932979584,0.001749953933532349,-0.026157883506889794
15,107,1,0.17483660130718953,0.16933819567917915,0.2627437114715576,0.0008521618554714574,-0.3247481347363509
15,108,1,0.17647058823529413,0.1718804274070745,0.2662760615348816,0.0006043990142799517,-0.23180716481499433
15,109,1,0.1781045751633987,0.17501783645501273,0.2643641531467438,0.002043784369542818,0.12222266773915497
15,110,1,0.17973856209150327,0.17843731894131984,0.2638242244720459,0.0033063127910939586,0.4873761744477842
15,111,1,0.18137254901960784,0.18132395177806493,0.2690519392490387,0.0034110249842434896,0.7709460266446975
15,112,1,0.1830065359477124,0.18450307601510177,0.27758750319480896,0.003593710196558893,1.2375746708694328
15,113,1,0.184640522875817,0.18802901617701956,0.25816163420677185,0.003963988206469855,0.41907878345993155
15,114,1,0.18627450980392157,0.19174436582543183,0.2556024491786957,0.004426542924380423,0.43942320839511595
15,115,1,0.18790849673202614,0.1956450483145846,0.2574019134044647,0.005000463692505187,0.7036497387972113
15,116,1,0.1895424836601307,0.19980458127682196,0.2584918141365051,0.005579722520612658,0.9354432229350403
15,117,1,0.19117647058823528,0.20344986791437372,0.2593154311180115,0.005399632842734354,0.9192227865337173
15,118,1,0.19281045751633988,0.2079089595460324,0.25473374128341675,0.006003511540054475,0.8861860901244183
15,119,1,0.19444444444444445,0.21243087637070407,0.2535116970539093,0.006484279934576049,0.9764072241205602
15,120,1,0.19607843137254902,0.21665405628766193,0.2506333291530609,0.0065110028375040385,0.8464116727708973
15,121,1,0.1977124183006536,0.22051060919396442,0.25801795721054077,0.006155186991096502,1.0909402323012618
15,122,1,0.19934640522875818,0.2242686705577624,0.2622694671154022,0.005648063034996804,1.1380870020898195
15,123,1,0.20098039215686275,0.2276981932450557,0.2564209997653961,0.004987657969357613,0.6525609807835582
15,124,1,0.20261437908496732,0.2306706040806317,0.25554585456848145,0.004143239586345727,0.3489461269521658
15,125,1,0.2042483660130719,0.23369297447615134,0.2538018822669983,0.0036614730336229488,0.11593180214455351
15,126,1,0.20588235294117646,0.23637689921813282,0.25573277473449707,0.003049806455057631,0.019214830951498563
15,127,1,0.20751633986928106,0.23941857993128385,0.25971609354019165,0.0030644300031160542,0.21509875423203095
15,128,1,0.20915032679738563,0.2406445104043534,0.2648996412754059,0.0015961950027287885,0.00929798013456154
15,129,1,0.2107843137254902,0.24309348083636959,0.25966012477874756,0.0013157576557143568,-0.32927286329241245
15,130,1,0.21241830065359477,0.24534321617269378,0.26320508122444153,0.0012153664019840093,-0.19007527799951393
15,131,1,0.21405228758169934,0.2473917181094308,0.2568030059337616,0.001022289100080771,-0.5574327403698509
15,132,1,0.21568627450980393,0.24979208629317184,0.259996235370636,0.001429372739285074,-0.27793216969991963
15,133,1,0.2173202614379085,0.2511657607718295,0.2705102264881134,0.0006782124410442723,-0.005537746248920894
15,134,1,0.21895424836601307,0.2530560909458088,0.2657421827316284,0.00045420397880390937,-0.303979716728528
15,135,1,0.22058823529411764,0.2543274947414492,0.2685249447822571,0.00034070403925517175,-0.205457718883772
15,136,1,0.2222222222222222,0.25611711207267546,0.2667478621006012,0.0002586405195424093,-0.31624737139675063
15,137,1,0.2238562091503268,0.25788883833973025,0.26554208993911743,0.00014210409514834948,-0.4102705361343908
15,138,1,0.22549019607843138,0.2598503470804749,0.2683942914009094,0.00025848088238407234,-0.23720426836232145
15,139,1,0.22712418300653595,0.26114407514159604,0.27190452814102173,0.00015905955169478222,-0.0993741262110105
15,140,1,0.22875816993464052,0.2627541494297842,0.267841100692749,0.000240425902009832,-0.2693717655189818
15,141,1,0.23039215686274508,0.2636906058664295,0.26273173093795776,0.0009632288046417125,-0.2909186657852243
15,142,1,0.23202614379084968,0.26460872005805675,0.2660106122493744,0.0014955564946892864,0.031493135570866
15,143,1,0.23366013071895425,0.26571323926667273,0.27251458168029785,0.0015806305304687674,0.37028950567635155
15,144,1,0.23529411764705882,0.2682672017297552,0.27274760603904724,0.0007284918621410071,0.11751833343543361
15,145,1,0.2369281045751634,0.269331240314543,0.27357614040374756,0.0005943912435256198,0.11578006678344832
15,146,1,0.238562091503268,0.2706200395300849,0.2731679081916809,0.0006045429853468886,0.09931375087757754
15,147,1,0.24019607843137256,0.27147315884818884,0.2720496356487274,0.0012542535352499818,0.24685284993833534
15,148,1,0.24183006535947713,0.27221571090145796,0.27310559153556824,0.0019516813773598918,0.5136206562406596
15,149,1,0.2434640522875817,0.2730522572370318,0.27243584394454956,0.00210226233471174,0.528091938813897
15,150,1,0.24509803921568626,0.27417983338181257,0.273493230342865,0.001904940420553185,0.5177635165839491
15,151,1,0.24673202614379086,0.2755415263328926,0.27279970049858093,0.0014331959324050837,0.33831574487239896
15,152,1,0.24836601307189543,0.27675812033656666,0.2727755606174469,0.0012336937999069143,0.2753566927411649
15,153,1,0.25,0.27763239718265276,0.271485835313797,0.001495019312598005,0.29435009780207066
15,154,1,0.25163398692810457,0.27848044354042,0.2676432132720947,0.0017920079412360335,0.20175260155652458
15,155,1,0.25326797385620914,0.27975512424334376,0.26809579133987427,0.0015924797779641332,0.16168646313882531
15,156,1,0.2549019607843137,0.2804349157919828,0.2712319493293762,0.0019660877069378347,0.42807567990858847
15,157,1,0.2565359477124183,0.28156374627874664,0.26990607380867004,0.0017564560840280675,0.2994449646301211
15,158,1,0.2581699346405229,0.28283830780811675,0.2697317600250244,0.0014647318286814415,0.20070425895065372
15,159,1,0.25980392156862747,0.28434239366571507,0.26500988006591797,0.0010501120380072993,-0.1545653688567827
15,160,1,0.26143790849673204,0.2855785355397703,0.26916682720184326,0.0009607875195449411,0.0174596609775316
15,161,1,0.2630718954248366,0.28692403949070194,0.26685500144958496,0.0009011885055601343,-0.11205964060750226
15,162,1,0.2647058823529412,0.28838472229897255,0.2648540139198303,0.0007805790002783519,-0.2455457396978399
15,163,1,0.26633986928104575,0.28969938573702964,0.26616084575653076,0.0008525191849351898,-0.16048227868518328
15,164,1,0.2679738562091503,0.29118411418754625,0.26740631461143494,0.0007070387522472176,-0.14571659971607698
15,165,1,0.2696078431372549,0.29320534661678355,0.26929736137390137,0.0003041083355445458,-0.17968790420297365
15,166,1,0.27124183006535946,0.2949730372797082,0.2685398459434509,0.00021159114462241627,-0.24473694284837083
15,167,1,0.272875816993464,0.2960800333892556,0.26941272616386414,0.00042991973918622857,-0.1351735517214988
15,168,1,0.27450980392156865,0.2977419345940497,0.26686111092567444,0.0003631804474486122,-0.27842389243286625
15,169,1,0.2761437908496732,0.3002592564908008,0.26920077204704285,0.0005146863476766639,-0.11909758876734694
15,170,1,0.2777777777777778,0.30253417100074625,0.27106717228889465,0.0010261233891177956,0.12898900373399103
15,171,1,0.27941176470588236,0.3043307386901485,0.27419373393058777,0.0009324076482605648,0.25015524909309644
15,172,1,0.28104575163398693,0.30663199621695975,0.2741890549659729,0.0011709888498485765,0.3238353270175514
15,173,1,0.2826797385620915,0.30923504367238003,0.2681959271430969,0.0015515208995413154,0.1538091162461891
15,174,1,0.28431372549019607,0.311601144477351,0.2684236764907837,0.001673674909117474,0.20258934842275306
15,175,1,0.28594771241830064,0.3130594279318448,0.2688162326812744,0.0009849697018481972,0.00810837605642084
15,176,1,0.2875816993464052,0.3148213444932224,0.26870977878570557,0.0005326521067478791,-0.1371191160452424
15,177,1,0.28921568627450983,0.3164565349673733,0.2700566053390503,0.00018310790695214832,-0.18069678004733863
15,178,1,0.2908496732026144,0.3178624142268142,0.2732025980949402,0.00036668091380849695,0.027298127191929145
15,179,1,0.29248366013071897,0.3198999132383053,0.27543964982032776,0.00011290559168021747,0.056151992748010304
15,180,1,0.29411764705882354,0.3215896080081165,0.27155277132987976,0.00010057713433506133,-0.13438810373776544
15,181,1,0.2957516339869281,0.32334399734042985,0.268783301115036,0.00014739755710267536,-0.2529267656759428
15,182,1,0.2973856209150327,0.3249520784457798,0.26862937211990356,0.00011563330175442296,-0.2701608896454146
15,183,1,0.29901960784313725,0.32739946760360966,0.2684248089790344,0.0007085861722769382,-0.09630997047761625
15,184,1,0.3006535947712418,0.3284913669579107,0.27005234360694885,0.00022854369273634246,-0.16682695083253868
15,185,1,0.3022875816993464,0.329652792728384,0.26894524693489075,0.0006384170317233917,-0.09304489750221573
15,186,1,0.30392156862745096,0.33064576644877985,0.26996317505836487,0.0012226421583160386,0.13682950695502458
15,187,1,0.3055555555555556,0.3322439666794164,0.27027183771133423,0.0010478639284294978,0.0975165792695259
15,188,1,0.30718954248366015,0.3333355390458406,0.2699558436870575,0.0011674163309569763,0.11937011574186185
15,189,1,0.3088235294117647,0.33349065979282777,0.26659679412841797,0.0022233386059522953,0.2850963283792413
15,190,1,0.3104575163398693,0.33383043195871726,0.2717193067073822,0.002843033206173755,0.7231375203959232
15,191,1,0.31209150326797386,0.3347787350953002,0.27039802074432373,0.0026908964470751685,0.6125373579361078
15,192,1,0.3137254901960784,0.3355659555013521,0.2701714038848877,0.002537368144994211,0.5540927736187309
15,193,1,0.315359477124183,0.33644125861111024,0.27109190821647644,0.0022196691491139387,0.49989971357130014
15,194,1,0.31699346405228757,0.3376866336252848,0.269937664270401,0.0017119438395100262,0.28717405952270003
15,195,1,0.31862745098039214,0.33786825678018945,0.27356529235839844,0.0024943711012472714,0.7038121252312457
15,196,1,0.3202614379084967,0.33884959420204197,0.2689168155193329,0.0022854141006170715,0.4157764736984991
15,197,1,0.32189542483660133,0.33980097713637364,0.2740706503391266,0.00215494084145783,0.6229442633701033
15,198,1,0.3235294117647059,0.3412220744954468,0.27106550335884094,0.0015737731137005374,0.29855325512260944
15,199,1,0.32516339869281047,0.34222793457493383,0.26970186829566956,0.001451773251753984,0.1952541409554007
15,200,1,0.32679738562091504,0.34393002351902807,0.26717984676361084,0.0008417517937579735,-0.11486604697269273
15,201,1,0.3284313725490196,0.3458163408984849,0.26796838641166687,0.00041406625373459143,-0.2094688621764268
15,202,1,0.3300653594771242,0.34785139429362794,0.2678738534450531,0.0003887445879289876,-0.22185396100045618
15,203,1,0.33169934640522875,0.34909249212097876,0.26869910955429077,0.00017965140526775487,-0.24698001671743086
15,204,1,0.3333333333333333,0.3504311418010252,0.2633325457572937,0.0004859030801795827,-0.40991651051999517
15,205,1,0.3349673202614379,0.3525251988163294,0.2629109025001526,0.00023381818679714189,-0.5082596265957856
15,206,1,0.3366013071895425,0.3552465642619966,0.26307064294815063,0.0010270253308313892,-0.2548755961001449
15,207,1,0.3382352941176471,0.35780232051793465,0.2621093988418579,0.0017339890946772973,-0.08205781274493257
15,208,1,0.33986928104575165,0.35980099747651656,0.262079656124115,0.0015552089540202384,-0.13886700622002557
15,209,1,0.3415032679738562,0.3610954007035117,0.26324984431266785,0.0007600958597613498,-0.32895321050351173
15,210,1,0.3431372549019608,0.36290465527642096,0.2588409185409546,0.0003198163325739651,-0.6771374505162172
15,211,1,0.34477124183006536,0.3648501870091411,0.2616962492465973,0.00022695587996292516,-0.5687358836345182
15,212,1,0.3464052287581699,0.3671554372131021,0.2628364562988281,0.00074814492352966,-0.35251391014237893
15,213,1,0.3480392156862745,0.3690695388426711,0.266215980052948,0.0008236366189522238,-0.16678058917326982
15,214,1,0.34967320261437906,0.37056001537285,0.2653213143348694,0.00042423678388684306,-0.3334806278424423
15,215,1,0.35130718954248363,0.3710281213685484,0.2632618248462677,0.0011251554140675624,-0.2152938682428429
15,216,1,0.35294117647058826,0.3729418062757437,0.2615053355693817,0.0008639001156867068,-0.3806021376334113
15,217,1,0.3545751633986928,0.3736969708330648,0.25800660252571106,0.0014473818050633625,-0.3679331889393378
15,218,1,0.3562091503267974,0.3747928205583805,0.2583707869052887,0.001508390077346088,-0.3315397761149319
15,219,1,0.35784313725490197,0.3763913465725959,0.2686564326286316,0.0009680653595133692,-0.00480465940756325
15,220,1,0.35947712418300654,0.3777239858124417,0.26846060156822205,0.0009762324206793893,-0.01168226119061394
15,221,1,0.3611111111111111,0.3788760848549397,0.2656741738319397,0.0010196782623558987,-0.1320808804217532
15,222,1,0.3627450980392157,0.37909516358442436,0.26981595158576965,0.002095378038339939,0.4001028137438832
15,223,1,0.36437908496732024,0.3800529681924847,0.27283164858818054,0.0022131591867906187,0.5814582439448064
15,224,1,0.3660130718954248,0.381545598281439,0.27357184886932373,0.0016359345028084272,0.4382108023482235
15,225,1,0.36764705882352944,0.3834651064187152,0.26816675066947937,0.0007909633606300155,-0.08318896563671513
15,226,1,0.369281045751634,0.38535092277383043,0.2699839472770691,0.0003344376252265936,-0.13731006693039632
15,227,1,0.3709150326797386,0.3863533695063633,0.2654522657394409,0.0004947615834289143,-0.3053435398148344
15,228,1,0.37254901960784315,0.38784329428282655,0.2635329067707062,0.0005799371354352922,-0.37116264749411104
15,229,1,0.3741830065359477,0.3890170634689992,0.26660051941871643,0.0009805919496095484,-0.0996880066656338
15,230,1,0.3758169934640523,0.390995580790345,0.26413390040397644,0.0005304261168726745,-0.3576285456461745
15,231,1,0.37745098039215685,0.393414723303945,0.26882612705230713,0.0006179141186365822,-0.1051184272818999
15,232,1,0.3790849673202614,0.3947261202807898,0.268683522939682,0.00035717059229853777,-0.19273899501368708
15,233,1,0.380718954248366,0.39612288674815316,0.26988688111305237,0.00033425696207768846,-0.14202897652542096
15,234,1,0.38235294117647056,0.39757668534548,0.26660096645355225,0.00048262460850313933,-0.25392093802445986
15,235,1,0.3839869281045752,0.39883396565739804,0.26383107900619507,0.0008706204353688562,-0.2667943802782375
15,236,1,0.38562091503267976,0.3998329902217596,0.2679623067378998,0.001226406459370515,0.04187617453629763
15,237,1,0.3872549019607843,0.40106858520643435,0.26725828647613525,0.0012675289599382179,0.02079429754103329
15,238,1,0.3888888888888889,0.40211278777741954,0.26556631922721863,0.001459751003523373,-0.0009415854168174365
15,239,1,0.39052287581699346,0.4032737671261182,0.2662285566329956,0.0014327972628096087,0.0225221217330705
15,240,1,0.39215686274509803,0.40389619698505946,0.26216280460357666,0.0019203177710483566,-0.021773578382596446
15,241,1,0.3937908496732026,0.4048148014026027,0.26463642716407776,0.0020175150443300528,0.12716499621339833
15,242,1,0.3954248366013072,0.40602487006070975,0.26032954454421997,0.0017440004352650851,-0.16445875422586753
15,243,1,0.39705882352941174,0.40707163996506035,0.26277393102645874,0.0016752511017370398,-0.0683296150968209
15,244,1,0.39869281045751637,0.4081139888900006,0.26578184962272644,0.0015823703865323214,0.047395820325216026
15,245,1,0.40032679738562094,0.4090955445053686,0.26245519518852234,0.0016552627473995652,-0.08983306989813719
15,246,1,0.4019607843137255,0.4087930456460142,0.2634809613227844,0.003027947382445538,0.3846574820538871
15,247,1,0.4035947712418301,0.4089152736376752,0.26630935072898865,0.0035977632871105904,0.6970408286196246
15,248,1,0.40522875816993464,0.40856919325122054,0.266783744096756,0.004404752091718993,0.9698095394145188
15,249,1,0.4068627450980392,0.4088067038747839,0.27036312222480774,0.004281042558460598,1.1034374428156235
15,250,1,0.4084967320261438,0.4089120501073163,0.2633710205554962,0.004103486168282046,0.712543681339677
15,251,1,0.41013071895424835,0.4094735460491693,0.26382139325141907,0.003571741341754574,0.5694614686622497
15,252,1,0.4117647058823529,0.411186346027998,0.2604747414588928,0.0020060130205787853,-0.07632051728034095
15,253,1,0.4133986928104575,0.4123995337296133,0.26221224665641785,0.001439609958378484,-0.16830639426415742
15,254,1,0.4150326797385621,0.41342120536619437,0.26486465334892273,0.0013161457855046955,-0.07913311840692755
15,255,1,0.4166666666666667,0.41474723075777065,0.25588932633399963,0.0011174092086479615,-0.5718596712926838
15,256,1,0.41830065359477125,0.41654803493227643,0.2607274651527405,0.0006865318639104292,-0.4729131596858052
15,257,1,0.4199346405228758,0.4178084447012164,0.2570328414440155,0.0007150386684221399,-0.6415680972564297
15,258,1,0.4215686274509804,0.41887226231776514,0.26146799325942993,0.0010034487947741966,-0.33916828710382013
15,259,1,0.42320261437908496,0.42049400548475596,0.264769971370697,0.0007444698656760717,-0.2607685049501428
15,260,1,0.42483660130718953,0.4225701510027209,0.2670612931251526,0.0004453458270129003,-0.24335515676050362
15,261,1,0.4264705882352941,0.4244305806411964,0.2665643095970154,0.000334400359956807,-0.3015970374938044
15,262,1,0.42810457516339867,0.4263437352117874,0.26737266778945923,0.0005075031770029448,-0.20914271375272625
15,263,1,0.4297385620915033,0.42849847721600237,0.26498720049858093,0.0007943769577123239,-0.23487344365138024
15,264,1,0.43137254901960786,0.4309204514511016,0.2691320776939392,0.0012152332599999881,0.0946095132454888
15,265,1,0.43300653594771243,0.4327333623029219,0.26922690868377686,0.000940568999725151,0.014082852822028868
15,266,1,0.434640522875817,0.4343708493470146,0.26768210530281067,0.0005325135409750312,-0.18653028120107396
15,267,1,0.4362745098039216,0.4357066345986975,0.26169151067733765,0.0003771256065451732,-0.5224457253258904
15,268,1,0.43790849673202614,0.43672418467143265,0.2629886865615845,0.0009531219266760859,-0.2817056042973504
15,269,1,0.4395424836601307,0.4378996237988051,0.2681961953639984,0.0012286161043864752,0.05379639037540204
15,270,1,0.4411764705882353,0.44003894171340713,0.2688845992088318,0.0006016260864212488,-0.1073550058125114
15,271,1,0.44281045751633985,0.4415925366506913,0.27277451753616333,0.00039295527474228866,0.014872593126374012
15,272,1,0.4444444444444444,0.44264788483343853,0.275059312582016,0.0006604190483204142,0.20748324644315957
15,273,1,0.44607843137254904,0.44410757452941974,0.27608388662338257,0.0006816543928406404,0.2632806274854138
15,274,1,0.4477124183006536,0.4452274662831196,0.2728976011276245,0.0011137503217944367,0.2440647117120166
15,275,1,0.4493464052287582,0.44632253176682285,0.2694711685180664,0.001315815980519346,0.14205636315359188
15,276,1,0.45098039215686275,0.4472705983249972,0.27247267961502075,0.001550248201377823,0.35886510214962664
15,277,1,0.4526143790849673,0.44814891655261624,0.2684680223464966,0.0018276083466484839,0.2524033432230639
15,278,1,0.4542483660130719,0.44927430564013987,0.27278071641921997,0.0017125547649239781,0.4239402316957034
15,279,1,0.45588235294117646,0.45057202331891655,0.2749852240085602,0.0014265469254023545,0.44124610843942025
15,280,1,0.45751633986928103,0.4521089108851224,0.26993218064308167,0.0009520322472199183,0.0515142481590769
15,281,1,0.4591503267973856,0.45405896094922343,0.2720756530761719,0.0003833648664492269,-0.021670847501098767
15,282,1,0.46078431372549017,0.4560122464236217,0.2747765779495239,0.00029082939889525053,0.07941391233585615
15,283,1,0.4624183006535948,0.457583966386239,0.27217963337898254,0.0002144852721694166,-0.06898926857842119
15,284,1,0.46405228758169936,0.45924121430731885,0.2699681222438812,0.00015929237460872642,-0.19232469793673573
15,285,1,0.46568627450980393,0.46036987814147223,0.27255046367645264,0.0005987010483033561,0.0678427868265935
15,286,1,0.4673202614379085,0.4610146340044201,0.27328911423683167,0.0015316744834176933,0.39233212855348487
15,287,1,0.46895424836601307,0.4617679757537212,0.2737507224082947,0.0020289296293162108,0.5685410406152857
15,288,1,0.47058823529411764,0.46221043335506284,0.2785276472568512,0.002632474369845138,0.9849778873321944
15,289,1,0.4722222222222222,0.4623547130271102,0.2762916386127472,0.003230499459733792,1.0628117330888325
15,290,1,0.4738562091503268,0.46278769886087034,0.2787279188632965,0.0032937223473831086,1.1994322449172292
15,291,1,0.47549019607843135,0.46301501337441286,0.2779199779033661,0.003509674047953147,1.2275146505085308
15,292,1,0.477124183006536,0.46298646029239,0.27565184235572815,0.00384998653514894,1.2239740090069438
15,293,1,0.47875816993464054,0.46322753231605873,0.276420533657074,0.003802921245811984,1.2463217212212714
15,294,1,0.4803921568627451,0.4634514348686183,0.2760198414325714,0.0037972235154895713,1.2253079564034866
15,295,1,0.4820261437908497,0.46348922121747305,0.2781464457511902,0.003925371168571794,1.3671636181628166
15,296,1,0.48366013071895425,0.46340532894057684,0.27893978357315063,0.004127815406233042,1.46798541739313
15,297,1,0.4852941176470588,0.46337149512343684,0.28173521161079407,0.004266366385419775,1.6451932134557068
15,298,1,0.4869281045751634,0.4629847586831547,0.28110042214393616,0.00468909352754643,1.745646055408153
15,299,1,0.48856209150326796,0.4628824395480605,0.2791842222213745,0.004674743616274709,1.6491488891267314
15,300,1,0.49019607843137253,0.4628697686843607,0.2794995605945587,0.004535719062621403,1.6212320043166155
15,301,1,0.4918300653594771,0.46270717417228313,0.2769072353839874,0.004564423510644929,1.5055914314611787
15,302,1,0.4934640522875817,0.46254171229714874,0.27486133575439453,0.004563805147990889,1.4071172377019519
15,303,1,0.4950980392156863,0.46235497207307297,0.27688610553741455,0.004639783775565178,1.5279205856287117
15,304,1,0.49673202614379086,0.46250868766655573,0.27703338861465454,0.004354201313335528,1.4465315517551511
15,305,1,0.49836601307189543,0.4627786104647868,0.2791346311569214,0.003994008260653258,1.435896481526032
15,306,1,0.5,0.46312723423986807,0.2843688428401947,0.003663243558697836,1.5848815790599877
15,307,1,0.5016339869281046,0.463296624810501,0.2789596915245056,0.0036402334737448013,1.3179044343758037
15,308,1,0.5032679738562091,0.46344112709849034,0.2778831422328949,0.0037311443701124477,1.2943495526604436
15,309,1,0.5049019607843137,0.46335917850595953,0.28438055515289307,0.0040462028206268725,1.7040727950540662
15,310,1,0.5065359477124183,0.4635724273540915,0.2864876091480255,0.003978095982788131,1.7841958975284906
15,311,1,0.5081699346405228,0.46387889099745383,0.28788483142852783,0.003782930617981671,1.7908608270650395
15,312,1,0.5098039215686274,0.4642344933113467,0.29334571957588196,0.0035728948508270005,1.9881331739597141
15,313,1,0.511437908496732,0.4647692061101701,0.294158935546875,0.0032365236052176883,1.923002037867133
15,314,1,0.5130718954248366,0.4664319269470769,0.3036649525165558,0.001926309669363484,1.9737975590888814
15,315,1,0.5147058823529411,0.46879026253010025,0.3230416476726532,0.0009258556821583171,2.5947227657671244
15,316,1,0.5163398692810458,0.4719417462190038,0.3400086760520935,0.0016407918211554639,3.6312635480997066
15,317,1,0.5179738562091504,0.4756409456377374,0.34939759969711304,0.0034131780129747617,4.631325283884735
15,318,1,0.5196078431372549,0.4797792993025688,0.3667331039905548,0.004833596795914342,5.904103252991057
15,319,1,0.5212418300653595,0.48453573604506606,0.3617650270462036,0.0062531904495386325,6.105187455435919
15,320,1,0.5228758169934641,0.48955153987713534,0.36060386896133423,0.0073326259028664974,6.383781457677631
15,321,1,0.5245098039215687,0.4947270897390843,0.3463478088378906,0.008105727350282544,5.938419048917472
15,322,1,0.5261437908496732,0.5010521601950594,0.336807519197464,0.00965926178092087,5.961350040246796
15,323,1,0.5277777777777778,0.507877558361099,0.3319104313850403,0.011166444723837916,6.192976847590133
15,324,1,0.5294117647058824,0.5135726917355309,0.33314546942710876,0.011026122519261479,6.208839297029148
15,325,1,0.5310457516339869,0.518863683807718,0.2866418659687042,0.010311826626849692,3.7535940417582365
15,326,1,0.5326797385620915,0.5237886914587059,0.2746904194355011,0.009202685760679187,2.835883935966924
15,327,1,0.5343137254901961,0.5285272802438192,0.27951839566230774,0.008257141729880913,2.774914917384493
15,328,1,0.5359477124183006,0.5330516025245743,0.2715815603733063,0.007619033539955923,2.1959729842807953
15,329,1,0.5375816993464052,0.5380285843397814,0.2669408321380615,0.007726287657902188,2.006261689977641
15,330,1,0.5392156862745098,0.5440392035899563,0.2654542028903961,0.008945681775061205,2.3125751671241206
15,331,1,0.5408496732026143,0.551920630260123,0.26921090483665466,0.011764480412415275,3.3662167210996383
15,332,1,0.5424836601307189,0.5612166081095662,0.26739174127578735,0.015212120757782594,4.346795277575044
15,333,1,0.5441176470588235,0.571464978241554,0.2628667950630188,0.01841923949352238,5.122885247972653
15,334,1,0.545751633986928,0.5819450017842688,0.26228436827659607,0.020540164560794064,5.751901108679964
15,335,1,0.5473856209150327,0.5912389906983211,0.2611497640609741,0.020357703926268247,5.640875550953717
15,336,1,0.5490196078431373,0.5986416785954365,0.2630767524242401,0.017930801713834113,4.981668903948818
15,337,1,0.5506535947712419,0.6033989856396426,0.263863205909729,0.01333184113657261,3.5948378513419286
15,338,1,0.5522875816993464,0.606723711205974,0.26477283239364624,0.008673064853381913,2.1953948879942673
15,339,1,0.553921568627451,0.6088482612390516,0.2672034800052643,0.004602937531033148,1.0513646961928176
15,340,1,0.5555555555555556,0.6095185237461194,0.26733410358428955,0.001685034183216682,0.15376627099324666
15,341,1,0.5571895424836601,0.60984020407261,0.26717105507850647,0.0015266485582617773,0.09687079287040598
15,342,1,0.5588235294117647,0.610193511837201,0.26203110814094543,0.0027836454019125475,0.23933125230998248
15,343,1,0.5604575163398693,0.6105562446972549,0.2600817084312439,0.0032883626996654688,0.30202967955208837
15,344,1,0.5620915032679739,0.6106524883417028,0.25986331701278687,0.0036191149197683666,0.3939949021229281
15,345,1,0.5637254901960784,0.6105889050156745,0.2613416314125061,0.003966189394692525,0.5725240179899314
15,346,1,0.565359477124183,0.6107102295138376,0.2618653178215027,0.004032040132295621,0.6180797646384728
15,347,1,0.5669934640522876,0.6107724027305952,0.2653115689754486,0.004099046334697142,0.8043900572748757
15,348,1,0.5686274509803921,0.6108781216994857,0.2648059129714966,0.00404736687414166,0.7640902801969245
15,349,1,0.5702614379084967,0.6110720581818737,0.26633068919181824,0.003909838731199421,0.7947369268048756
15,350,1,0.5718954248366013,0.6113900093307044,0.2579341530799866,0.003712675873918507,0.3303023055908746
15,351,1,0.5735294117647058,0.6116255404719558,0.25439345836639404,0.0036470896868838073,0.1398949294032082
15,352,1,0.5751633986928104,0.6118505996277352,0.25639158487319946,0.0036353149664445513,0.23223517573228786
15,353,1,0.576797385620915,0.6119410457791128,0.25706836581230164,0.003787988297129384,0.3120402773130856
15,354,1,0.5784313725490197,0.6120305787243797,0.2525801956653595,0.003915702251172231,0.13599550152191486
15,355,1,0.5800653594771242,0.6123322901048563,0.2542744278907776,0.0037741332191144213,0.1735308794070295
15,356,1,0.5816993464052288,0.6127774812342457,0.25828316807746887,0.003505629497950207,0.2829322148189222
15,357,1,0.5833333333333334,0.6131193221391524,0.25639808177948,0.0033955089946710744,0.1582630348603205
15,358,1,0.5849673202614379,0.6134785676543596,0.2586461305618286,0.0033308325694738224,0.24622199581227774
15,359,1,0.5866013071895425,0.6138060133750947,0.2570146322250366,0.0033653840812337284,0.17854966523499557
15,360,1,0.5882352941176471,0.6139720390448133,0.252294659614563,0.0035677892290746234,0.01450631859473972
15,361,1,0.5898692810457516,0.6144620058166924,0.25131431221961975,0.003376461909837468,-0.09185553666353802
15,362,1,0.5915032679738562,0.614851491045879,0.2583076059818268,0.003322647600035882,0.22742422513318358
15,363,1,0.5931372549019608,0.615638241410084,0.25423285365104675,0.0028791280837106737,-0.10571035579689453
15,364,1,0.5947712418300654,0.616200628668045,0.2581622898578644,0.002774797834497038,0.05073701595883087
15,365,1,0.5964052287581699,0.6169179465917068,0.2641765773296356,0.0026146273166431522,0.29004068885160983
15,366,1,0.5980392156862745,0.6174744196735718,0.2605476379394531,0.0026721394285318546,0.13352606923874522
15,367,1,0.5996732026143791,0.6180824867874875,0.25900164246559143,0.0027198044715393433,0.07402335090649251
15,368,1,0.6013071895424836,0.6184969192413721,0.25713735818862915,0.002916433362005576,0.045374658496637715
15,369,1,0.6029411764705882,0.6192319694391213,0.25853386521339417,0.002755455807588113,0.06259552168162624
15,370,1,0.6045751633986928,0.6196972951336855,0.2607562839984894,0.002868635824877468,0.20441750287462268
15,371,1,0.6062091503267973,0.6201196685316439,0.2583479881286621,0.003001981291947552,0.1300319376545921
15,372,1,0.6078431372549019,0.6204020654504193,0.26047852635383606,0.003228879809211259,0.3026664491316287
15,373,1,0.6094771241830066,0.6207634233272561,0.2622932195663452,0.0033438084846362944,0.4254434453676658
15,374,1,0.6111111111111112,0.6212149498299059,0.2625257670879364,0.0032751454540202053,0.4153451407092546
15,375,1,0.6127450980392157,0.6216637072450478,0.2555452287197113,0.003205801712933347,0.05852769552382536
15,376,1,0.6143790849673203,0.6226387022399513,0.2585608959197998,0.0026168163963808267,0.020947975880923536
15,377,1,0.6160130718954249,0.6232567982457056,0.2605251371860504,0.002557879588009586,0.09705110331523023
15,378,1,0.6176470588235294,0.6239133452796721,0.2645892798900604,0.002524676283655396,0.28200247881382823
15,379,1,0.619281045751634,0.6240563522806748,0.26415500044822693,0.003056268145094286,0.42581040903994877
15,380,1,0.6209150326797386,0.6242673550052733,0.26399627327919006,0.003443426679402521,0.5381147107656805
15,381,1,0.6225490196078431,0.6246436503136157,0.25966426730155945,0.003474294562390638,0.3395720552722369
15,382,1,0.6241830065359477,0.6248293217317895,0.2586195766925812,0.00363533616119434,0.33927188346256754
15,383,1,0.6258169934640523,0.625447332673254,0.2606343924999237,0.0032463193327591667,0.3155562863659948
15,384,1,0.6274509803921569,0.6266011278803338,0.25965386629104614,0.002440269223824164,0.018764319050057196
15,385,1,0.6290849673202614,0.6276070117793251,0.2583960294723511,0.0020178285435980426,-0.17251935722894834
15,386,1,0.630718954248366,0.6288849984614768,0.2559579312801361,0.0014806822278736632,-0.45603356955544044
15,387,1,0.6323529411764706,0.6307050862490641,0.2592834234237671,0.0007356610818668965,-0.5270645836725786
15,388,1,0.6339869281045751,0.6318827575280666,0.261273056268692,0.0008112807376582809,-0.4080603715027888
15,389,1,0.6356209150326797,0.6333631019969501,0.25869858264923096,0.0006513436807078931,-0.5812784987225244
15,390,1,0.6372549019607843,0.6348999010179817,0.25729942321777344,0.0005535672140826053,-0.6787805267342852
15,391,1,0.6388888888888888,0.6365777060685149,0.26113730669021606,0.00037948780267553657,-0.548337308874756
15,392,1,0.6405228758169934,0.6379689188807978,0.2616128623485565,0.0004564299452554254,-0.501657943997821
15,393,1,0.6421568627450981,0.6400333828386736,0.25812315940856934,0.0001469389921157717,-0.7651696550591232
15,394,1,0.6437908496732027,0.6420623808593245,0.25675302743911743,0.0004479214846576774,-0.7377544249032917
15,395,1,0.6454248366013072,0.6441573545123489,0.257384717464447,0.0007522751773463133,-0.6131296981383668
15,396,1,0.6470588235294118,0.6464032955217172,0.25106820464134216,0.0011033040757560796,-0.8078300848229587
15,397,1,0.6486928104575164,0.6494274944937952,0.2574213743209839,0.0020189088876042937,-0.219006003856591
15,398,1,0.6503267973856209,0.6523070820136697,0.25433191657066345,0.0025499684936983857,-0.20291463499019413
15,399,1,0.6519607843137255,0.6551596971900531,0.2540443539619446,0.002841408381495448,-0.12645002337021494
15,400,1,0.6535947712418301,0.6564061221827311,0.2506445050239563,0.0015629316430433903,-0.6858061561120774
15,401,1,0.6552287581699346,0.6574352847089963,0.2520403563976288,0.0007600178470598566,-0.8674681714752903
15,402,1,0.6568627450980392,0.6586124202773223,0.25433552265167236,0.0009591084197151533,-0.6955391351634024
15,403,1,0.6584967320261438,0.6595803021739173,0.2541351914405823,0.0015675610890332637,-0.5166835754864954
15,404,1,0.6601307189542484,0.6600913643496136,0.25252363085746765,0.002161650159303018,-0.41007122270480756
15,405,1,0.6617647058823529,0.661255618300463,0.2508412003517151,0.0019187067501742362,-0.5661493551647695
15,406,1,0.6633986928104575,0.662606205538067,0.24951937794685364,0.001523202910436854,-0.7521626503724252
15,407,1,0.6650326797385621,0.6638359462011549,0.2510599195957184,0.0012919085625351535,-0.7498044317683706
15,408,1,0.6666666666666666,0.6646529017734994,0.2503504157066345,0.0015388639970000551,-0.7073892551729755
15,409,1,0.6683006535947712,0.6647226511850399,0.2518164813518524,0.0026094989414310477,-0.30531258990804533
15,410,1,0.6699346405228758,0.6651810983550489,0.2506939172744751,0.0030178099925663045,-0.23275751975387
15,411,1,0.6715686274509803,0.6658044389167497,0.24909833073616028,0.0030381926351110023,-0.30309375315409687
15,412,1,0.673202614379085,0.6656189275950884,0.24577835202217102,0.0037158271356709112,-0.2526721146540537
15,413,1,0.6748366013071896,0.6646517701984307,0.24733175337314606,0.00492449098772592,0.19635701162708463
15,414,1,0.6764705882352942,0.6637546242171938,0.24672600626945496,0.005803916722310525,0.4396756787802103
15,415,1,0.6781045751633987,0.6633527444892595,0.25257185101509094,0.005849177915781005,0.7345237532465709
15,416,1,0.6797385620915033,0.663881173969626,0.25258028507232666,0.004707824828542,0.38137411704509133
15,417,1,0.6813725490196079,0.6649802555707351,0.2522154152393341,0.0031743048210672187,-0.11118941403723154
15,418,1,0.6830065359477124,0.6660713934152998,0.2556059956550598,0.0021652883195787277,-0.26087100766756965
15,419,1,0.684640522875817,0.6673808486499495,0.25721919536590576,0.0014350253844554618,-0.4095869405768753
15,420,1,0.6862745098039216,0.6693166060216538,0.25691235065460205,0.0006252763041408551,-0.6751618537036675
15,421,1,0.6879084967320261,0.6705743808875764,0.2620684504508972,0.0006073772000080457,-0.4330133729796679
15,422,1,0.6895424836601307,0.6714039803119088,0.26224032044410706,0.0011763091048858799,-0.24851997209252125
15,423,1,0.6911764705882353,0.6719317965344085,0.2618560194969177,0.001981639606538509,-0.01751562938923273
15,424,1,0.6928104575163399,0.6732048400255117,0.25962719321250916,0.0018463330865500106,-0.16649950452877127
15,425,1,0.6944444444444444,0.6744444866705843,0.25980275869369507,0.001578744942441911,-0.2409558184571169
15,426,1,0.696078431372549,0.6759674589865341,0.2554200291633606,0.0010232990722441205,-0.6235564828285165
15,427,1,0.6977124183006536,0.6778503443871755,0.2562826871871948,0.0003789655949703992,-0.781709361172946
15,428,1,0.6993464052287581,0.680206151385636,0.2535630464553833,0.0005948866950097176,-0.845472273896754
15,429,1,0.7009803921568627,0.6825184139246254,0.25508105754852295,0.001156821393968067,-0.5984793275631363
15,430,1,0.7026143790849673,0.6851509665995474,0.2552935779094696,0.001770892255379809,-0.3980505205266538
15,431,1,0.704248366013072,0.6881723328673652,0.2621921896934509,0.0024963816199442667,0.15808426192808359
15,432,1,0.7058823529411765,0.6903505071946268,0.26462215185165405,0.0020940588271583637,0.15019005036514305
15,433,1,0.7075163398692811,0.6923704569785865,0.2643507122993469,0.0015779196588703703,-0.022733049937960895
15,434,1,0.7091503267973857,0.6945971880037398,0.2624723017215729,0.0013416399205334727,-0.18616164493370274
15,435,1,0.7107843137254902,0.6970895803722377,0.2617655396461487,0.0014724769379832314,-0.17958453836799806
15,436,1,0.7124183006535948,0.6986459104911045,0.26332494616508484,0.0008702265558334963,-0.29123042611463146
15,437,1,0.7140522875816994,0.7000314073287301,0.2610841989517212,0.0004941686009840178,-0.5153640878858666
15,438,1,0.7156862745098039,0.7023131296088629,0.26123279333114624,0.0004776258867350403,-0.5133501917550527
15,439,1,0.7173202614379085,0.705089242181248,0.2606988251209259,0.0013247530578393407,-0.2765884150752328
15,440,1,0.7189542483660131,0.7071965272011425,0.2616499960422516,0.001432122625481187,-0.19763559851751275
15,441,1,0.7205882352941176,0.7096960486188508,0.26495710015296936,0.0017939898656800634,0.07332878052480504
15,442,1,0.7222222222222222,0.7115386135050576,0.2630150318145752,0.0012203944293567148,-0.19764750859032937
15,443,1,0.7238562091503268,0.7134085606188371,0.2646680772304535,0.000783970569087451,-0.25342732265803986
15,444,1,0.7254901960784313,0.7155858796211685,0.2592720687389374,0.0008814599620216146,-0.4824462047551472
15,445,1,0.7271241830065359,0.7174594315881151,0.25707852840423584,0.0006576738239617142,-0.6571431486336616
15,446,1,0.7287581699346405,0.7195685683935669,0.2591647803783417,0.0008259648870974201,-0.5047908180836425
15,447,1,0.7303921568627451,0.7211959898370218,0.2574039697647095,0.00048108332133256916,-0.6962114309938352
15,448,1,0.7320261437908496,0.7239171657959979,0.2551933526992798,0.0012202162628549128,-0.5734470895303859
15,449,1,0.7336601307189542,0.7264154339069036,0.255949467420578,0.0016356628300532704,-0.4084321139882221
15,450,1,0.7352941176470589,0.7283467427740047,0.2535604238510132,0.0013279711174572894,-0.6185120784296075
15,451,1,0.7369281045751634,0.7305401083051681,0.2588399350643158,0.0013267930535112837,-0.36525541124401667
15,452,1,0.738562091503268,0.7327037057246999,0.2621319890022278,0.0011543608560064655,-0.260522956645883
15,453,1,0.7401960784313726,0.7351314777943767,0.2565004825592041,0.0013854979435077696,-0.4594550922229977
15,454,1,0.7418300653594772,0.7366575155849331,0.25487586855888367,0.000818402301552644,-0.7131678141482323
15,455,1,0.7434640522875817,0.7384753030503936,0.26061880588531494,0.0004984992661857497,-0.5363795288737834
15,456,1,0.7450980392156863,0.7408892996730704,0.25512969493865967,0.0009028169612946957,-0.6748253189989344
15,457,1,0.7467320261437909,0.7424292589981912,0.2544471025466919,0.00047529457139747634,-0.840049072012884
15,458,1,0.7483660130718954,0.7437053344431965,0.2577448785305023,0.0003486421397137944,-0.7208606250382943
15,459,1,0.75,0.7447575560927493,0.26039522886276245,0.0008617251216385002,-0.4346041197803822
15,460,1,0.7516339869281046,0.7461376854331838,0.2569299042224884,0.001052159041792915,-0.5420839381484837
15,461,1,0.7532679738562091,0.7473974072354584,0.2547666132450104,0.0011045336795466477,-0.6297819340355699
15,462,1,0.7549019607843137,0.7477904468292215,0.25430259108543396,0.001953531145100428,-0.38908067263550006
15,463,1,0.7565359477124183,0.7489926273114483,0.25695744156837463,0.0017726287593797952,-0.31758252705185464
15,464,1,0.7581699346405228,0.7496812084181543,0.2582351863384247,0.002142815457348556,-0.1415291136600924
15,465,1,0.7598039215686274,0.75001449088031,0.25322046875953674,0.002695413741435492,-0.21125299767232
15,466,1,0.761437908496732,0.7506735695927367,0.2534370720386505,0.0026906059402217342,-0.20233693096551528
15,467,1,0.7630718954248366,0.7511522433140525,0.2542417347431183,0.0029327129097847116,-0.08868484767680995
15,468,1,0.7647058823529411,0.7521454043645626,0.25499609112739563,0.0024794558599256934,-0.19285102570821
15,469,1,0.7663398692810458,0.7530102752784956,0.25591030716896057,0.0022306339325946934,-0.22601024797197472
15,470,1,0.7679738562091504,0.7542380002941272,0.2543906569480896,0.0017518550165094727,-0.4473229256864101
15,471,1,0.7696078431372549,0.7550496209155861,0.25555798411369324,0.0018313420703982165,-0.3666233277480267
15,472,1,0.7712418300653595,0.7560918209789212,0.2544798254966736,0.0017634864074465174,-0.43943633797074194
15,473,1,0.7728758169934641,0.7575747417557287,0.2515338361263275,0.0012671697842287378,-0.7347013162495876
15,474,1,0.7745098039215687,0.7600799881861338,0.2505619525909424,0.0006030574880358082,-0.9871102903418869
15,475,1,0.7761437908496732,0.7625361890344393,0.25083601474761963,0.0010926639021719819,-0.8222802045030517
15,476,1,0.7777777777777778,0.7649023530654452,0.2508805990219116,0.0015871859034645563,-0.6669512777274735
15,477,1,0.7794117647058824,0.7670517921392412,0.2495657205581665,0.0015339919556296277,-0.7465943028566141
15,478,1,0.7810457516339869,0.7697923300159069,0.24910353124141693,0.0019052672364171085,-0.6537880962163339
15,479,1,0.7826797385620915,0.7721395201033947,0.2555474638938904,0.0018243718664616836,-0.36928785386256024
15,480,1,0.7843137254901961,0.7741082281007317,0.2553694546222687,0.0013922470965597854,-0.5116976897456743
15,481,1,0.7859477124183006,0.7765993547067287,0.2561235725879669,0.0015819049437352083,-0.4167207830354487
15,482,1,0.7875816993464052,0.7787516773514781,0.2584298849105835,0.0013473369466127493,-0.3785899018078954
15,483,1,0.7892156862745098,0.7803424702504947,0.2547492980957031,0.0007517929968632362,-0.7398815513598054
15,484,1,0.7908496732026143,0.7822041333655623,0.25476765632629395,0.0005092185900290991,-0.8141414608927167
15,485,1,0.7924836601307189,0.7843752810621749,0.25451651215553284,0.0006563899704340859,-0.7806171338752903
15,486,1,0.7941176470588235,0.7862702337291045,0.25311335921287537,0.0006073610485021597,-0.8632105703246621
15,487,1,0.795751633986928,0.7883525510613207,0.25704315304756165,0.000810039286311749,-0.6116445771123833
15,488,1,0.7973856209150327,0.7900769929219398,0.252392053604126,0.0005319609442242923,-0.9212178034169407
15,489,1,0.7990196078431373,0.7925161448326097,0.2520413100719452,0.001002897965799816,-0.7921858406327904
15,490,1,0.8006535947712419,0.794434541938223,0.25711581110954285,0.0008860791288044912,-0.5845994491567398
15,491,1,0.8022875816993464,0.7963195227723981,0.2592252492904663,0.0007299829106999623,-0.5316181179472033
15,492,1,0.803921568627451,0.7976077737892975,0.25701919198036194,0.00034331369530900865,-0.7573723472244256
15,493,1,0.8055555555555556,0.79884107208879,0.2545182406902313,0.0006229059175170015,-0.7909063891499102
15,494,1,0.8071895424836601,0.8002269367623223,0.2603623867034912,0.0008182730580297714,-0.4496418830057021
15,495,1,0.8088235294117647,0.8018814355729644,0.25918814539909363,0.0006118729534124056,-0.5699872451043402
15,496,1,0.8104575163398693,0.8037205716926314,0.2572541832923889,0.00028291125497013697,-0.7647943875164365
15,497,1,0.8120915032679739,0.8047191197750676,0.25360387563705444,0.0006928664272842932,-0.8131598900453205
15,498,1,0.8137254901960784,0.8060408812797605,0.258167028427124,0.0008406168441608286,-0.5481829551376272
15,499,1,0.815359477124183,0.8079166456189373,0.2564394176006317,0.0005073243692970088,-0.7344187579042034
15,500,1,0.8169934640522876,0.8096587844141956,0.2578818202018738,0.00031833401152027224,-0.7236705978636383
15,501,1,0.8186274509803921,0.8110608731110005,0.2597062587738037,0.000267466834164608,-0.6517837152593188
15,502,1,0.8202614379084967,0.8128743580763486,0.25494498014450073,0.00011841891059297127,-0.9266803118425353
15,503,1,0.8218954248366013,0.8139339073193117,0.2552502155303955,0.0006882401589836539,-0.7355047019434366
15,504,1,0.8235294117647058,0.8148079755960711,0.2549937963485718,0.0013184873073178605,-0.5525923085506431
15,505,1,0.8251633986928104,0.8148085229063569,0.25345054268836975,0.0026052377925009796,-0.228134147090917
15,506,1,0.826797385620915,0.8153527614017042,0.2559484541416168,0.0029979117459927197,0.013500493062353014
15,507,1,0.8284313725490197,0.81586997800026,0.2597604990005493,0.0031002959787758844,0.22834207683507146
15,508,1,0.8300653594771242,0.8170051565545471,0.25978437066078186,0.0024491350947258173,0.02777996172108009
15,509,1,0.8316993464052288,0.8183244773573162,0.2520398497581482,0.0016791095315757277,-0.5827872078871991
15,510,1,0.8333333333333334,0.8192862789817076,0.25197330117225647,0.0015962965199241442,-0.6116369555667066
15,511,1,0.8349673202614379,0.8199235888570418,0.24928520619869232,0.0019423660395908194,-0.6335686155704359
15,512,1,0.8366013071895425,0.8206236861913105,0.24759788811206818,0.002255671419517479,-0.617573400869373
15,513,1,0.8382352941176471,0.8214912094814018,0.24746891856193542,0.002292780538617133,-0.6122737264305002
15,514,1,0.8398692810457516,0.8225086166300553,0.24927696585655212,0.002067056420985024,-0.5953393671913496
15,515,1,0.8415032679738562,0.8235416485265629,0.2498830109834671,0.0018396089365643343,-0.6366816417135732
15,516,1,0.8431372549019608,0.8245097668759043,0.24882148206233978,0.0017760055046032053,-0.7073785750440799
15,517,1,0.8447712418300654,0.8256244073600465,0.24866850674152374,0.0016328851916094112,-0.7590614420806808
15,518,1,0.8464052287581699,0.8263635336902377,0.2481231391429901,0.0019270583310793555,-0.6941348088590698
15,519,1,0.8480392156862745,0.8275806294682839,0.24536532163619995,0.001673691818078792,-0.9051020305510735
15,520,1,0.8496732026143791,0.8291752430914128,0.248074010014534,0.001088823430380208,-0.9561533633541748
15,521,1,0.8513071895424836,0.8302923110552032,0.2455606907606125,0.0011381245204669255,-1.0616183986462773
15,522,1,0.8529411764705882,0.8311958618942171,0.2478543370962143,0.0014015496052421517,-0.8698335966706784
15,523,1,0.8545751633986928,0.832477053085684,0.24750074744224548,0.001328440464770141,-0.9094665143407394
15,524,1,0.8562091503267973,0.8334631330431289,0.2468268722295761,0.001566466411675226,-0.8681058480255505
15,525,1,0.8578431372549019,0.8349642472111423,0.2439538836479187,0.0011373247315909097,-1.1390552973516976
15,526,1,0.8594771241830066,0.8365727770741811,0.24470266699790955,0.000696778907536848,-1.239551664981768
15,527,1,0.8611111111111112,0.8382355402716996,0.2470451146364212,0.00037824450500938296,-1.2256950005302338
15,528,1,0.8627450980392157,0.8401844372469331,0.24862629175186157,0.00016596431035809892,-1.2154947227740467
15,529,1,0.8643790849673203,0.8427799817886392,0.2489134669303894,0.0010462491644753335,-0.9290149772359008
15,530,1,0.8660130718954249,0.8448320649066753,0.24766351282596588,0.0011443986381371573,-0.9586577445189881
15,531,1,0.8676470588235294,0.8470685874895426,0.24758562445640564,0.0013160992628809386,-0.9092120319385812
15,532,1,0.869281045751634,0.8489886259235285,0.24887555837631226,0.0010278758924060893,-0.9365275141173863
15,533,1,0.8709150326797386,0.8516892711066015,0.250077486038208,0.0015274739063302466,-0.7240287667717227
15,534,1,0.8725490196078431,0.854462162229081,0.2478785216808319,0.0020730426993191397,-0.6606646448573095
15,535,1,0.8741830065359477,0.8586032922032174,0.24826151132583618,0.0038066483428541146,-0.10525050797978341
15,536,1,0.8758169934640523,0.8617901552580713,0.25132375955581665,0.004109835219289355,0.13577397272973124
15,537,1,0.8774509803921569,0.8664905559057585,0.2538646459579468,0.005609853533340826,0.7224930588175373
15,538,1,0.8790849673202614,0.8708141676278363,0.25885388255119324,0.006233144055629315,1.155245729109482
15,539,1,0.880718954248366,0.8759532440111842,0.24827821552753448,0.007284219089288486,0.9727924900167513
15,540,1,0.8823529411764706,0.8804996250030649,0.24890030920505524,0.007493112129177427,1.067385552544868
15,541,1,0.8839869281045751,0.8850292308140384,0.2553200423717499,0.0073453505039025434,1.3300102455659129
15,542,1,0.8856209150326797,0.8892182907375584,0.25586435198783875,0.006899741700352608,1.218122847339492
15,543,1,0.8872549019607843,0.8941923073862388,0.25181257724761963,0.007272727571602423,1.1390194209636635
15,544,1,0.8888888888888888,0.898408187756392,0.2516464293003082,0.006928842097991978,1.0245131101413363
15,545,1,0.8905228758169934,0.902224090606477,0.25385475158691406,0.006267604259745247,0.9257679497575781
15,546,1,0.8921568627450981,0.9067832133331666,0.25228941440582275,0.0065280120383251605,0.9312369951991266
15,547,1,0.8937908496732027,0.9113928162834948,0.2519184648990631,0.006746384339751317,0.9810617882128105
15,548,1,0.8954248366013072,0.9158622736193823,0.24780280888080597,0.006915714451324868,0.835803517826691
15,549,1,0.8970588235294118,0.9200105664885649,0.2450910210609436,0.006700485854759892,0.6388614195176096
15,550,1,0.8986928104575164,0.9234152381971357,0.24994416534900665,0.005658538592808638,0.549238797855934
15,551,1,0.9003267973856209,0.9257638452475649,0.2460961937904358,0.0038491394272456413,-0.19610746708880622
15,552,1,0.9019607843137255,0.9287736142257378,0.24431906640529633,0.0032661511644009444,-0.4620697823604804
15,553,1,0.9035947712418301,0.9308193469261062,0.24865739047527313,0.002084048713180532,-0.6198393793436128
15,554,1,0.9052287581699346,0.933298085418419,0.24610918760299683,0.0018605920961079336,-0.8114718249809898
15,555,1,0.9068627450980392,0.934866747066341,0.2501296103000641,0.0010231075493830942,-0.8777613951941816
15,556,1,0.9084967320261438,0.9362435842069045,0.25004956126213074,0.0004451749639590323,-1.060631947792067
15,557,1,0.9101307189542484,0.9379865640871862,0.27688124775886536,0.0002754753379373144,0.17576360973769034
15,558,1,0.9117647058823529,0.9391889953654251,0.2800910174846649,0.0006542320024624115,0.44728396304606305
15,559,1,0.9133986928104575,0.9404537643542583,0.28052154183387756,0.0008621905003807373,0.5323847659770231
15,560,1,0.9150326797385621,0.9421339626285279,0.27902647852897644,0.0005787465480904963,0.3727617594195208
15,561,1,0.9166666666666666,0.9437071504455028,0.2773687541484833,0.0004781533365214463,0.26196603343972097
15,562,1,0.9183006535947712,0.9448542276882801,0.2784368097782135,0.0007612226833233082,0.40096004582339767
15,563,1,0.9199346405228758,0.9460462991942488,0.277625173330307,0.000985459258068382,0.4314313143458133
15,564,1,0.9215686274509803,0.9469608333346534,0.27551737427711487,0.0014690588276613393,0.47997882196650693
15,565,1,0.923202614379085,0.9477410360243279,0.27571889758110046,0.00189557381451823,0.6217805127455855
15,566,1,0.9248366013071896,0.9489369043801258,0.2771870791912079,0.0017081768534266285,0.6342606499587684
15,567,1,0.9264705882352942,0.9501959676965562,0.28068575263023376,0.0014697827099576111,0.7284859577851683
15,568,1,0.9281045751633987,0.9507942058108376,0.28451210260391235,0.0019089617212530875,1.0483430275788594
15,569,1,0.9297385620915033,0.9518265120884586,0.2808980643749237,0.001834998562678174,0.8518173952847735
15,570,1,0.9313725490196079,0.9528295987770974,0.27577269077301025,0.0018532808900720444,0.6112636756414933
15,571,1,0.9330065359477124,0.9534315036005957,0.27725180983543396,0.002224549665816632,0.7973260696180298
15,572,1,0.934640522875817,0.9547672989900621,0.2768402099609375,0.001697638252360122,0.6143329319200124
15,573,1,0.9362745098039216,0.9556531589076261,0.2768782675266266,0.0018050516296021658,0.6494344130084619
15,574,1,0.9379084967320261,0.9566734609120153,0.27694010734558105,0.0017414113300048707,0.632691390294321
15,575,1,0.9395424836601307,0.957624470647143,0.2742021083831787,0.001751367128606728,0.5042450855412731
15,576,1,0.9411764705882353,0.958393328756157,0.27356401085853577,0.0020307507812294835,0.5601357691739742
15,577,1,0.9428104575163399,0.9589252062712235,0.27160558104515076,0.0024053807076867707,0.5821034804473268
15,578,1,0.9444444444444444,0.9594885417204897,0.2749471664428711,0.002660057099319867,0.8215199930203527
15,579,1,0.946078431372549,0.9599904232655053,0.2715330421924591,0.0028619457564228335,0.7200480942967504
15,580,1,0.9477124183006536,0.9604800523610243,0.27437540888786316,0.002963804815494452,0.8881447819608435
15,581,1,0.9493464052287581,0.9612298296125371,0.27392587065696716,0.0027357084651984543,0.7958925095678571
15,582,1,0.9509803921568627,0.961703174870544,0.2707784175872803,0.002838519042519959,0.6765399546252118
15,583,1,0.9526143790849673,0.962126741924647,0.2730962336063385,0.002968610275930582,0.8281832638674951
15,584,1,0.954248366013072,0.9629091680582517,0.2756839692592621,0.0027202638071113106,0.8755652641439646
15,585,1,0.9558823529411765,0.963182746235826,0.27564042806625366,0.003053964553843812,0.9768434482454664
15,586,1,0.9575163398692811,0.9634914335961374,0.2745564579963684,0.003233506349354613,0.9803871078308288
15,587,1,0.9591503267973857,0.9639036907992359,0.2783861756324768,0.0032683138276545106,1.1751445472171886
15,588,1,0.9607843137254902,0.9640029244532603,0.2767701745033264,0.003613317392277314,1.2043848328566067
15,589,1,0.9624183006535948,0.9643686701444109,0.2764478623867035,0.0035210107998789194,1.1603076932293213
15,590,1,0.9640522875816994,0.9647648565139746,0.2769426107406616,0.0034213054074613987,1.153189278361184
15,591,1,0.9656862745098039,0.9652447420585794,0.2819156050682068,0.0032597755923159267,1.3420493696622664
15,592,1,0.9673202614379085,0.9657777178639999,0.2794157564640045,0.0030620626017312403,1.1607143617104452
15,593,1,0.9689542483660131,0.9663864937209654,0.2781110405921936,0.0028969850974506373,1.0469015769222185
15,594,1,0.9705882352941176,0.9668000024571335,0.27931082248687744,0.0029879322554211985,1.1327102372750695
15,595,1,0.9722222222222222,0.9673281985881881,0.27921149134635925,0.002968522610156331,1.1219259952233196
15,596,1,0.9738562091503268,0.9677841382737014,0.2804909646511078,0.00303344705704524,1.2035019322109242
15,597,1,0.9754901960784313,0.9681673806005577,0.28015998005867004,0.003151809832614221,1.2242668306748088
15,598,1,0.9771241830065359,0.968474337547096,0.28116264939308167,0.00329007460597404,1.3152639210029506
15,599,1,0.9787581699346405,0.9689096185780457,0.28029829263687134,0.0032733773475149704,1.2685689468501953
15,600,1,0.9803921568627451,0.9690533651736077,0.27791300415992737,0.0035249857494173294,1.2319227169196756
15,601,1,0.9820261437908496,0.9692627463678481,0.28202584385871887,0.0036329112801535154,1.4629306532837703
15,602,1,0.9836601307189542,0.9696353624351713,0.28574952483177185,0.0035341366546529237,1.611214737414937
15,603,1,0.9852941176470589,0.9699166269484282,0.2814994156360626,0.003543128363414931,1.4098297669823254
15,604,1,0.9869281045751634,0.9701710362562731,0.28333863615989685,0.0035404711481656233,1.4973606666682482
15,605,0,0.988562091503268,0.970222731537287,0.2830018103122711,0.0037681936378180666,1.5517211108949907
15,606,0,0.9901960784313726,0.9705200476834409,0.2813279628753662,0.0037108737840238644,1.453555558614517
15,607,0,0.9918300653594772,0.9705781726306945,0.27835479378700256,0.0038739201488377103,1.3612345305105777
15,608,0,0.9934640522875817,0.9703762207417352,0.28016406297683716,0.004241258458363499,1.5619394204693107
15,609,0,0.9950980392156863,0.9702035574278535,0.2817055583000183,0.004465217893610806,1.7053665603864192
15,610,0,0.9967320261437909,0.9701921184655754,0.2838810682296753,0.004471863328530489,1.8119340774342225
15,611,0,0.9983660130718954,0.9700663924333981,0.28413668274879456,0.004515607056241421,1.8377639146249114
29,15,0,0.02564102564102564,0.022312305023528937,0.35386908054351807,nan,nan
29,16,0,0.02735042735042735,0.03347143319468398,0.3436461091041565,nan,nan
29,17,0,0.02905982905982906,0.04144149051351508,0.33722010254859924,nan,nan
29,18,0,0.03076923076923077,0.04633807505109239,0.33943143486976624,nan,nan
29,19,1,0.03247863247863248,0.04925528850986461,0.3336831331253052,0.009119980390984673,5.644205976420123
29,20,1,0.03418803418803419,0.050939370284445104,0.34224560856819153,0.004075171841325946,4.492816509948941
29,21,1,0.035897435897435895,0.05205105415619723,0.3305998146533966,0.0014059804381556123,3.106535681539053
29,22,1,0.037606837606837605,0.0529104923144898,0.3252548575401306,0.0009799368590849167,2.7177954246487945
29,23,1,0.039316239316239315,0.05404399207034697,0.3323914110660553,0.0014895414190770773,3.218486422593125
29,24,1,0.041025641025641026,0.055827945828300245,0.3284279704093933,0.0009458439955860556,2.8596672035220956
29,25,1,0.042735042735042736,0.058008409436821624,0.303504079580307,0.00047246426954093105,1.515714455580932
29,26,1,0.044444444444444446,0.061129772191355174,0.29947784543037415,0.0016875801056906291,1.6987029844013917
29,27,1,0.046153846153846156,0.06520348648912654,0.27267006039619446,0.003706474434245667,1.036277189388634
29,28,1,0.04786324786324787,0.069538046663379,0.27200594544410706,0.005251161003803252,1.4828685300661357
29,29,1,0.04957264957264957,0.07437456631403004,0.27232983708381653,0.006660155445684586,1.9348894661074054
29,30,1,0.05128205128205128,0.08070590800960381,0.2713817358016968,0.008899957921956287,2.5831631796000782
29,31,1,0.05299145299145299,0.08710076475442263,0.27111735939979553,0.01040078071221291,3.035369896095082
29,32,1,0.0547008547008547,0.09460768337912549,0.26919400691986084,0.012433379770591736,3.57260866051557
29,33,1,0.05641025641025641,0.1013020296360183,0.2683100998401642,0.012860316848547921,3.66239828525422
29,34,1,0.05811965811965812,0.10763166614105242,0.2701464593410492,0.01245808752308501,3.6260170438788877
29,35,1,0.05982905982905983,0.11255787931118691,0.2649049460887909,0.010652861160357309,2.81501925392414
29,36,1,0.06153846153846154,0.11626874366471808,0.26386749744415283,0.007999446874697431,1.943238273382376
29,37,1,0.06324786324786325,0.11880245593603724,0.26561087369918823,0.005117894074618446,1.134374856540781
29,38,1,0.06495726495726496,0.12138540416730086,0.26481038331985474,0.0033257357308773116,0.540766708952096
29,39,1,0.06666666666666667,0.12282014837739441,0.2653923034667969,0.001453569763996969,-0.011215851607779131
29,40,1,0.06837606837606838,0.12266135596040352,0.2672615647315979,0.0014023142491339945,0.06270396658347877
29,41,1,0.07008547008547009,0.12251097670723034,0.27202221751213074,0.0031508465762285372,0.8330397725751867
29,42,1,0.07179487179487179,0.12232872007248927,0.27430400252342224,0.004260233403767898,1.286306747780459
29,43,1,0.0735042735042735,0.1221749974751135,0.27143236994743347,0.004649784977440745,1.269027508344955
29,44,1,0.07521367521367521,0.12232255127750868,0.2627147138118744,0.0043409434494753475,0.7545721620187668
29,45,1,0.07692307692307693,0.12224946622707598,0.2654375433921814,0.004329327329184328,0.8817754325282363
29,46,1,0.07863247863247863,0.12234592554392533,0.2637997567653656,0.004167490392296429,0.7529661395350621
29,47,1,0.08034188034188035,0.12271246770079366,0.2641216218471527,0.003805249603287057,0.6562175169605611
29,48,1,0.08205128205128205,0.12280132466253392,0.2652797996997833,0.003850760197966889,0.7259527686711371
29,49,1,0.08376068376068375,0.12343116082590874,0.2630590796470642,0.003340617380848331,0.46124597294156294
29,50,1,0.08547008547008547,0.12389241939975816,0.26069357991218567,0.003174782456707147,0.2962397374794492
29,51,1,0.08717948717948718,0.12445443352124491,0.2598412334918976,0.00299939179917859,0.20096357026224848
29,52,1,0.08888888888888889,0.12509590683995517,0.2641807198524475,0.002793409935581125,0.34562084635384666
29,53,1,0.0905982905982906,0.1255986154910482,0.26325199007987976,0.002864346828843416,0.32297973348195763
29,54,1,0.09230769230769231,0.12608281363783164,0.2687247395515442,0.0029220123483448424,0.6037472085582734
29,55,1,0.09401709401709402,0.1265524439941671,0.2718867361545563,0.002999980551527769,0.7797979206947518
29,56,1,0.09572649572649573,0.12713687399786844,0.26980748772621155,0.0029400531660569596,0.6613496449162508
29,57,1,0.09743589743589744,0.1277750217649941,0.2656542658805847,0.002812147188409624,0.42221249161713703
29,58,1,0.09914529914529914,0.12849994882017698,0.2629573345184326,0.002631321701713195,0.23664106692023348
29,59,1,0.10085470085470086,0.1291444707941879,0.2636844217777252,0.0025910835232886443,0.25910499052288394
29,60,1,0.10256410256410256,0.1299722542622497,0.26198163628578186,0.002411306755232061,0.121616039705589
29,61,1,0.10427350427350428,0.13104181241691168,0.2584206163883209,0.002050593666665339,-0.16118863978021183
29,62,1,0.10598290598290598,0.13179384019431475,0.2626449167728424,0.002115263552241663,0.061774518797646776
29,63,1,0.1076923076923077,0.13265691984045436,0.2685375511646271,0.0020756567496365164,0.3325809141072917
29,64,1,0.1094017094017094,0.13382823288429577,0.26650840044021606,0.0017824559673617225,0.14427861265217726
29,65,1,0.1111111111111111,0.13439847129274576,0.2643834054470062,0.0021762122144232555,0.1641694502716888
29,66,1,0.11282051282051282,0.1350054164405629,0.26216959953308105,0.0024084317855646176,0.12975500210153204
29,67,1,0.11452991452991453,0.13558257695734868,0.26263096928596497,0.0026341653303408753,0.2218437252643328
29,68,1,0.11623931623931624,0.13620578708871126,0.2669113278388977,0.002742369478201877,0.46098537974251963
29,69,1,0.11794871794871795,0.13662146564992245,0.26632800698280334,0.0029210794680945996,0.48832197988548953
29,70,1,0.11965811965811966,0.13717052079403233,0.2611357569694519,0.002927772913278852,0.24096572878207398
29,71,1,0.12136752136752137,0.137754521901315,0.2645699381828308,0.002885047894363545,0.3927049614938892
29,72,1,0.12307692307692308,0.1383806373728917,0.2665646970272064,0.0028019186587784507,0.4627800753142388
29,73,1,0.12478632478632479,0.1389539547899134,0.2635185718536377,0.00277231381280184,0.30727711839626753
29,74,1,0.1264957264957265,0.1399493376808399,0.26034826040267944,0.0023600532068730907,0.02727384193976673
29,75,1,0.1282051282051282,0.14062488853337357,0.2624723017215729,0.0023792065760413084,0.1352434258962023
29,76,1,0.12991452991452992,0.14126312161027088,0.2606074810028076,0.0024585651571586587,0.07024236034630367
29,77,1,0.13162393162393163,0.14195754827710497,0.2547646164894104,0.0024847595496693287,-0.202327884785737
29,78,1,0.13333333333333333,0.14283695706764812,0.25697264075279236,0.0023562491309240697,-0.1360653913778317
29,79,1,0.13504273504273503,0.14379032074904396,0.26601704955101013,0.0021247902962302657,0.2267189469551907
29,80,1,0.13675213675213677,0.14486412064507764,0.2627441883087158,0.0018423484541142277,-0.01799698827822719
29,81,1,0.13846153846153847,0.14555050066937567,0.26117590069770813,0.002056218188517882,-0.02708568045621889
29,82,1,0.14017094017094017,0.14618264565575945,0.2637730836868286,0.0023223113002017893,0.1801071398924236
29,83,1,0.14188034188034188,0.14718273605389048,0.2666848599910736,0.0021586430490985343,0.2692862893242265
29,84,1,0.14358974358974358,0.14808374015877998,0.2672814428806305,0.002105742770420709,0.28155861943171423
29,85,1,0.1452991452991453,0.14909298315130093,0.26939550042152405,0.0019014046563253662,0.31981805797499774
29,86,1,0.147008547008547,0.1509372967087524,0.2733272314071655,0.0010159720634459425,0.23441506478835855
29,87,1,0.14871794871794872,0.15230982290312545,0.2656567692756653,0.0007588482882303504,-0.2137137854810472
29,88,1,0.15042735042735042,0.15379589410985772,0.2632654011249542,0.0005545487938068571,-0.3918778071996364
29,89,1,0.15213675213675212,0.1549110694302855,0.2592092454433441,0.000867411961148522,-0.48981578579406193
29,90,1,0.15384615384615385,0.15594117336581576,0.2612632215023041,0.0012918295953643789,-0.2596741067091649
29,91,1,0.15555555555555556,0.15769304067840795,0.26534390449523926,0.0008179686686991496,-0.21042983754253647
29,92,1,0.15726495726495726,0.15878601039490162,0.26727765798568726,0.001043766174364984,-0.047589694719734205
29,93,1,0.15897435897435896,0.16091370115842313,0.26134002208709717,0.00037855342923023415,-0.5388885354863604
29,94,1,0.1606837606837607,0.16256867110318832,0.2574983835220337,0.00020282995424706176,-0.7778699256475053
29,95,1,0.1623931623931624,0.1643022111850643,0.25928837060928345,0.0001619115193202599,-0.7045562491745545
29,96,1,0.1641025641025641,0.16519193771598403,0.2630841135978699,0.0006951929175852011,-0.35701958406689
29,97,1,0.1658119658119658,0.1673375687607306,0.2609320878982544,0.00037496279084750083,-0.5595974859635899
29,98,1,0.1675213675213675,0.17036369391108017,0.26283159852027893,0.0012691145466634923,-0.19136749216673393
29,99,1,0.16923076923076924,0.17287003488048266,0.26400890946388245,0.0018266998140929868,0.037911299013307954
29,100,1,0.17094017094017094,0.17620326742616302,0.2649306654930115,0.0030179764359187914,0.45121090721898194
29,101,1,0.17264957264957265,0.18018487603155803,0.264078825712204,0.00424675261376904,0.7909251972126304
29,102,1,0.17435897435897435,0.1841461552475805,0.2680567800998688,0.004996205012084627,1.2141779705335856
29,103,1,0.17606837606837608,0.18832001366897005,0.2550887167453766,0.0057244480993491175,0.8167937424982777
29,104,1,0.17777777777777778,0.19273895125748358,0.25676798820495605,0.0062808909907407905,1.0698322628570078
29,105,1,0.1794871794871795,0.19730915275347405,0.2558925449848175,0.006717171528901151,1.162922787678706
29,106,1,0.1811965811965812,0.2020563704073617,0.2551130950450897,0.0071833200023097964,1.269876852437151
29,107,1,0.1829059829059829,0.20674283183562006,0.25730735063552856,0.007392227640622846,1.4399992714968861
29,108,1,0.18461538461538463,0.21025543070644154,0.260937362909317,0.006299121969781786,1.2757715627714714
29,109,1,0.18632478632478633,0.21414759516629173,0.25996628403663635,0.005812166567392486,1.0782788014378808
29,110,1,0.18803418803418803,0.21845273355107103,0.2614808976650238,0.005907694348967386,1.18063054419236
29,111,1,0.18974358974358974,0.22214642251362704,0.2634284794330597,0.005502292525596071,1.148609552791699
29,112,1,0.19145299145299147,0.2263367223976854,0.26297280192375183,0.005841694740152682,1.2318553193457158
29,113,1,0.19316239316239317,0.23046296048530107,0.2579997777938843,0.005947609904957419,1.025766150771324
29,114,1,0.19487179487179487,0.2335007107015403,0.25329363346099854,0.004906518791444282,0.47719160114087106
29,115,1,0.19658119658119658,0.2363213684046655,0.25855833292007446,0.003965182206952201,0.4385055927132345
29,116,1,0.19829059829059828,0.23912034716886965,0.26549166440963745,0.0032204244983967244,0.5408725997835472
29,117,1,0.2,0.24020103642991558,0.2672137916088104,0.0014137593707585815,0.06395433498030756
29,118,1,0.20170940170940171,0.24153455522729186,0.2646472454071045,0.0006770332538749028,-0.2875538302291155
29,119,1,0.20341880341880342,0.24323980418528482,0.2648690342903137,0.00036636499170697456,-0.37313447267055544
29,120,1,0.20512820512820512,0.24499066225188237,0.2671639919281006,0.00033454891582208673,-0.27274297613907705
29,121,1,0.20683760683760682,0.2466352771061511,0.26446035504341125,0.00010439122614212587,-0.47391807006556336
29,122,1,0.20854700854700856,0.2473654485284299,0.26478347182273865,0.000979108337397493,-0.1874364409527955
29,123,1,0.21025641025641026,0.24877370115792088,0.2637620270252228,0.0010285790331910506,-0.22118101966697068
29,124,1,0.21196581196581196,0.2516030330163276,0.2709428668022156,0.0005694902871906223,-0.01843286452536802
29,125,1,0.21367521367521367,0.25302393797661227,0.2671714425086975,0.000524790109031975,-0.21345440238418664
29,126,1,0.2153846153846154,0.2541385712600902,0.2695475220680237,0.0004331868300870683,-0.12768607226291145
29,127,1,0.2170940170940171,0.25547097283605796,0.26923462748527527,0.0006583201898546931,-0.07297802772783224
29,128,1,0.2188034188034188,0.25683014474840593,0.2719123959541321,0.000973466197040933,0.1532810487318928
29,129,1,0.2205128205128205,0.25776773250183926,0.27146250009536743,0.0013426563766272149,0.24603192095567372
29,130,1,0.2222222222222222,0.2587786749303982,0.2695353329181671,0.0015176625793750387,0.2076643876756323
29,131,1,0.22393162393162394,0.2600111470120004,0.26927438378334045,0.0014452164153498249,0.1726871820379642
29,132,1,0.22564102564102564,0.2616247581491214,0.2706366777420044,0.0009666488222144376,0.08988522042932073
29,133,1,0.22735042735042735,0.2636532159082255,0.2658737003803253,0.00042541843704889187,-0.30657860457415126
29,134,1,0.22905982905982905,0.26577474332762224,0.2692657709121704,0.0005133121545110153,-0.11640079992444691
29,135,1,0.23076923076923078,0.2679008907470347,0.27152112126350403,0.0008904424746174322,0.10876656422164699
29,136,1,0.23247863247863249,0.26957775778702303,0.2717786431312561,0.0006053364954880278,0.03282087322794397
29,137,1,0.2341880341880342,0.2710314796010001,0.26979848742485046,0.00031487945528253997,-0.15227784058331745
29,138,1,0.2358974358974359,0.27311565461739046,0.2697869837284088,0.00029995457854554823,-0.15745371580234657
29,139,1,0.2376068376068376,0.27455501001403293,0.26749682426452637,0.00015989018450044236,-0.31085780342535635
29,140,1,0.23931623931623933,0.27510695912454486,0.2710641324520111,0.0012074985534916306,0.1850272169309648
29,141,1,0.24102564102564103,0.2763746113223484,0.26969435811042786,0.001322146690068542,0.15473918423130334
29,142,1,0.24273504273504273,0.2772420353451055,0.27047738432884216,0.0017905055976485552,0.33743751300678276
29,143,1,0.24444444444444444,0.2778216726652108,0.2682763338088989,0.002242463459472004,0.3717037360613388
29,144,1,0.24615384615384617,0.27957916671544913,0.2687886953353882,0.0013314856625123118,0.114125111116779
29,145,1,0.24786324786324787,0.28103512765468264,0.2696774899959564,0.0009637260305207107,0.042901566194814555
29,146,1,0.24957264957264957,0.2821823003420828,0.2714995741844177,0.0009816824262040991,0.1359946956863639
29,147,1,0.2512820512820513,0.28345943770549425,0.2715412974357605,0.0009396113120369187,0.12496674239279254
29,148,1,0.252991452991453,0.2838017675295799,0.26995155215263367,0.0020067227480221207,0.37915432517519526
29,149,1,0.2547008547008547,0.285376514177334,0.26643577218055725,0.0014876263038007976,0.04946080511783732
29,150,1,0.2564102564102564,0.2861061482137444,0.26283684372901917,0.0018433388980531751,-0.013239121422381511
29,151,1,0.25811965811965815,0.28646715930324157,0.2650109827518463,0.002463289776471438,0.2832450122298342
29,152,1,0.25982905982905985,0.28715059023968764,0.2604046165943146,0.0025317892394621944,0.08317947572226828
29,153,1,0.26153846153846155,0.288286139444806,0.2658917009830475,0.002233445711870745,0.25435533085115025
29,154,1,0.26324786324786326,0.28993238806100347,0.26879042387008667,0.0013146034125413198,0.10897856510663637
29,155,1,0.26495726495726496,0.2913894744504456,0.26831111311912537,0.0008140769849139961,-0.06909409712384468
29,156,1,0.26666666666666666,0.29267797092373576,0.2685168385505676,0.0007561592984247789,-0.07715233884204153
29,157,1,0.26837606837606837,0.294253456999748,0.26269716024398804,0.000562518393424598,-0.41670671201567694
29,158,1,0.27008547008547007,0.29688429103458297,0.2683012783527374,0.0005764862526748804,-0.14316458202128418
29,159,1,0.2717948717948718,0.29892818214902944,0.26896384358406067,0.0008824016237264765,-0.016572888010867814
29,160,1,0.27350427350427353,0.30024493884106684,0.2698686122894287,0.0005224684457622745,-0.08460467241279446
29,161,1,0.27521367521367524,0.3021742435317281,0.2675759196281433,0.00042680628036703314,-0.2243760570683891
29,162,1,0.27692307692307694,0.3047689050595501,0.2709161937236786,0.000966508997273392,0.10326953060885696
29,163,1,0.27863247863247864,0.3072758466948357,0.2743890583515167,0.0015022971263172324,0.43607199912005323
29,164,1,0.28034188034188035,0.31030394073684553,0.271485835313797,0.0024434750318754594,0.5881514415665308
29,165,1,0.28205128205128205,0.31211270131605345,0.2728577256202698,0.0017374851371386845,0.43536229887216926
29,166,1,0.28376068376068375,0.31393416818687664,0.27128416299819946,0.001074337561880535,0.15434819926245852
29,167,1,0.28547008547008546,0.3161115366374168,0.2727293372154236,0.0009603902305890933,0.18847544165005603
29,168,1,0.28717948717948716,0.31801121767426893,0.2704015374183655,0.0006511487817959361,-0.019142501876204143
29,169,1,0.28888888888888886,0.3203205238464305,0.2691340148448944,0.0010336357196016176,0.038449443293012975
29,170,1,0.2905982905982906,0.3215361674257221,0.26765111088752747,0.0004383983112881449,-0.21717311458867838
29,171,1,0.2923076923076923,0.32321286815065214,0.2676789462566376,0.00023569137084674047,-0.2786280833226877
29,172,1,0.294017094017094,0.32493754246819145,0.2678019106388092,0.00016104601377260835,-0.29584376888151964
29,173,1,0.29572649572649573,0.3270351867038761,0.26299023628234863,0.00032718336776927607,-0.47552696728024607
29,174,1,0.29743589743589743,0.3279931758759026,0.265200674533844,0.0004317474843827262,-0.3369494483652473
29,175,1,0.29914529914529914,0.3294326975729113,0.2643597424030304,0.0006064778999191211,-0.32322094026194775
29,176,1,0.30085470085470084,0.3308953580840354,0.2648191750049591,0.0006987747443598246,-0.27255971120285605
29,177,1,0.30256410256410254,0.33215504428770454,0.26306745409965515,0.0009285424446516965,-0.2855356430515693
29,178,1,0.30427350427350425,0.3326093028972697,0.26677146553993225,0.0017542482310436303,0.1481780974462524
29,179,1,0.305982905982906,0.3333375902759197,0.26989036798477173,0.0021799926077354526,0.429888587190571
29,180,1,0.3076923076923077,0.33305237338718335,0.265078604221344,0.0034414326722238555,0.5894909537442515
29,181,1,0.3094017094017094,0.3340154738217686,0.2688315212726593,0.0030175860634255747,0.6384825684724222
29,182,1,0.3111111111111111,0.33477381853033367,0.2671518921852112,0.0027243487383765298,0.4669595611846772
29,183,1,0.3128205128205128,0.3354457703264421,0.26954948902130127,0.002593525850534061,0.5416125718575351
29,184,1,0.3145299145299145,0.3354764077589196,0.2703273892402649,0.0030899334306872125,0.7327532380992119
29,185,1,0.3162393162393162,0.3351858131279349,0.27262142300605774,0.003986536654605995,1.120695052691881
29,186,1,0.31794871794871793,0.3357801612185676,0.26790785789489746,0.003684773390514888,0.8007842144483299
29,187,1,0.31965811965811963,0.33639635667039613,0.26519688963890076,0.003320163610744791,0.5576079589563884
29,188,1,0.3213675213675214,0.3374060761478024,0.264299213886261,0.002548090719327033,0.27532109018851375
29,189,1,0.3230769230769231,0.3377102739865956,0.2622350752353668,0.002726309977754514,0.23136890842805902
29,190,1,0.3247863247863248,0.33902249495952375,0.2629307806491852,0.0020452042194915466,0.05380494008320991
29,191,1,0.3264957264957265,0.34011776206200295,0.26514220237731934,0.0017605205522513868,0.0718531503897509
29,192,1,0.3282051282051282,0.341754828008412,0.26427319645881653,0.0010538059537440626,-0.1888105373748034
29,193,1,0.3299145299145299,0.34323392342034564,0.26306402683258057,0.0006618985069627869,-0.36829807590779645
29,194,1,0.3316239316239316,0.34487984514126485,0.26539111137390137,0.0003968891444810929,-0.33859908586775006
29,195,1,0.3333333333333333,0.3470210174238524,0.2630975544452667,0.0002799455926711503,-0.4850042839556718
29,196,1,0.335042735042735,0.3490754140996602,0.26529181003570557,0.000608528428016576,-0.27781030426454045
29,197,1,0.3367521367521368,0.351249230653078,0.2631060779094696,0.000952198458622362,-0.27635232109423247
29,198,1,0.3384615384615385,0.3522593422142158,0.2627894878387451,0.00040815267763526437,-0.46008897883537253
29,199,1,0.3401709401709402,0.354075932194469,0.2637883424758911,0.00026107127866750745,-0.45766628909856827
29,200,1,0.3418803418803419,0.3565668290446672,0.2624562382698059,0.0006573670811365462,-0.398899224610717
29,201,1,0.3435897435897436,0.35922958209916267,0.2660128176212311,0.0014472663993803214,0.0166403471040501
29,202,1,0.3452991452991453,0.36166507420339467,0.2667677104473114,0.0018876706420911504,0.18932771640636412
29,203,1,0.347008547008547,0.364054825927983,0.2668435275554657,0.0019259893693847462,0.20483980238743493
29,204,1,0.3487179487179487,0.366136492942777,0.2655937373638153,0.0015129329508002786,0.016849621810096083
29,205,1,0.3504273504273504,0.36891018073681686,0.26375001668930054,0.0018942047703126973,0.04638527375461384
29,206,1,0.35213675213675216,0.37107081810741405,0.2645810842514038,0.0016346924814962648,0.005920161834635312
29,207,1,0.35384615384615387,0.37335312187729275,0.2626728415489197,0.0015655602753701214,-0.10716455723685589
29,208,1,0.35555555555555557,0.3757023134763625,0.2744008004665375,0.001590177887112505,0.4638587346387526
29,209,1,0.3572649572649573,0.37790808670760473,0.27758049964904785,0.001404495984958327,0.5590894610503886
29,210,1,0.358974358974359,0.3806046030662474,0.2718581259250641,0.0018515358509039858,0.4226719641983064
29,211,1,0.3606837606837607,0.3815864288146367,0.2719622254371643,0.0008078989200253115,0.10438733538091949
29,212,1,0.3623931623931624,0.383008670600286,0.27559739351272583,0.0004473650549592249,0.16733469542766166
29,213,1,0.3641025641025641,0.38418207841215163,0.27094870805740356,0.000839351058216935,0.06544200593019278
29,214,1,0.3658119658119658,0.3855421017073622,0.2714155614376068,0.0010478256891431215,0.15244789491483257
29,215,1,0.36752136752136755,0.38717617034349006,0.2711685001850128,0.0006481317132939634,0.01676690803356301
29,216,1,0.36923076923076925,0.3885176749212845,0.27710750699043274,0.0007040625177128656,0.31939548508308646
29,217,1,0.37094017094017095,0.389360926312882,0.2742421627044678,0.0012380622063649805,0.3471637486219562
29,218,1,0.37264957264957266,0.3892077123102393,0.27295947074890137,0.0026859881841902068,0.734066021215397
29,219,1,0.37435897435897436,0.3894477890026986,0.2706865072250366,0.003362314142450211,0.8343797101027934
29,220,1,0.37606837606837606,0.38962841402476334,0.2710821330547333,0.003749593785187648,0.9733520023037592
29,221,1,0.37777777777777777,0.3898355074782597,0.269677072763443,0.003820185107561007,0.9277214770673257
29,222,1,0.37948717948717947,0.39063108351332,0.2682534456253052,0.0031432543638451205,0.6496405180011549
29,223,1,0.3811965811965812,0.39176502427069915,0.26626813411712646,0.0023651564072361287,0.31323851621271437
29,224,1,0.38290598290598293,0.39279413133117036,0.26747822761535645,0.0019153581637650508,0.23203684837484628
29,225,1,0.38461538461538464,0.3931014879861713,0.2662416994571686,0.0023994308353658834,0.32258575093450276
29,226,1,0.38632478632478634,0.3933555107615156,0.2660878896713257,0.002961903186999475,0.489432909406857
29,227,1,0.38803418803418804,0.3949809428348556,0.26562386751174927,0.002017577925708407,0.17461996361573975
29,228,1,0.38974358974358975,0.39596691859038835,0.2690061628818512,0.0018355818112146972,0.28072491535330024
29,229,1,0.39145299145299145,0.397840246287565,0.26654088497161865,0.0008432183427959607,-0.14510674005335655
29,230,1,0.39316239316239315,0.4003337291035108,0.26850053668022156,0.0005533423117547854,-0.1407616981683681
29,231,1,0.39487179487179486,0.40243268630127166,0.2657986581325531,0.0009077449240168634,-0.1607741786658657
29,232,1,0.39658119658119656,0.40395647509675425,0.2668619155883789,0.0006555998897890867,-0.18780301686539766
29,233,1,0.39829059829059826,0.40595619709656316,0.27027827501296997,0.0005709307261128738,-0.04991288102172603
29,234,1,0.4,0.40833589245322766,0.26627179980278015,0.0009216383805278184,-0.1337412518430591
29,235,1,0.4017094017094017,0.4099476412606419,0.2651430368423462,0.0005758683814406682,-0.2950742370614419
29,236,1,0.40341880341880343,0.4120549095646681,0.26525652408599854,0.0007613759146964783,-0.23215812196648516
29,237,1,0.40512820512820513,0.41332213259343153,0.26817771792411804,0.0002833916834128679,-0.23989163496860882
29,238,1,0.40683760683760684,0.4145383866899347,0.2708624601364136,0.0006212394512324515,-0.006265266283464133
29,239,1,0.40854700854700854,0.4144941252319177,0.26836639642715454,0.0022161244684262577,0.3678712600563345
29,240,1,0.41025641025641024,0.4153027545264196,0.2668394446372986,0.002544116166743259,0.3961196388278949
29,241,1,0.41196581196581195,0.4159448570951513,0.26653048396110535,0.0027139748384495,0.43389432754145796
29,242,1,0.41367521367521365,0.41681866630396786,0.26542848348617554,0.002495846755062857,0.3133863771639651
29,243,1,0.4153846153846154,0.417995555863169,0.26518285274505615,0.0018890270993699877,0.11361317822922498
29,244,1,0.4170940170940171,0.4194182872608832,0.26695093512535095,0.0013416533594686076,0.028990870999908352
29,245,1,0.4188034188034188,0.4198939242861643,0.26717332005500793,0.0018948995178034323,0.21105200663481755
29,246,1,0.4205128205128205,0.4205603007365376,0.27034541964530945,0.002215789865183353,0.46283759014150905
29,247,1,0.4222222222222222,0.4211522132032928,0.2629961371421814,0.0025592860065705592,0.21619073819101178
29,248,1,0.4239316239316239,0.4217317730317508,0.2673780620098114,0.002768890513143567,0.49162211894510166
29,249,1,0.4256410256410256,0.42239131315934597,0.2673255503177643,0.0026877218282652816,0.463956047372431
29,250,1,0.42735042735042733,0.4229661087814724,0.26557913422584534,0.0027372734244342934,0.3954097490835605
29,251,1,0.42905982905982903,0.4240416465651059,0.2748773396015167,0.0022631876520344697,0.6952280905416419
29,252,1,0.4307692307692308,0.4254404319961099,0.2712162733078003,0.001586760561483701,0.30981916582547264
29,253,1,0.4324786324786325,0.4270560236174444,0.2692573368549347,0.0008983336812390263,0.0024614317170343902
29,254,1,0.4341880341880342,0.4286492579164111,0.26706159114837646,0.000471276996796931,-0.23530819039269538
29,255,1,0.4358974358974359,0.4308545413121102,0.2658533453941345,0.0003132191151675024,-0.3423122073473591
29,256,1,0.4376068376068376,0.4325337591121677,0.2699415981769562,0.0002985007630801382,-0.15047656274649512
29,257,1,0.4393162393162393,0.43427519401176307,0.27607962489128113,0.00025731634905486027,0.1316295013327028
29,258,1,0.441025641025641,0.43571666995359815,0.2728530168533325,0.00024412058774333264,-0.02746063172374391
29,259,1,0.4427350427350427,0.4368231868095525,0.2684752643108368,0.000766336461032151,-0.0759969565738623
29,260,1,0.4444444444444444,0.4378632222829633,0.2720940113067627,0.0012184623619819358,0.23789764066260313
29,261,1,0.4461538461538462,0.43944406345626946,0.2734247148036957,0.000969986981374642,0.224853341707274
29,262,1,0.4478632478632479,0.440542900431178,0.27371203899383545,0.0011633673675927204,0.29855914089070945
29,263,1,0.4495726495726496,0.44165574776807576,0.27551257610321045,0.0012570776500899373,0.4140833126973109
29,264,1,0.4512820512820513,0.4424614105099921,0.27122899889945984,0.0016595551478043747,0.3329799305366311
29,265,1,0.452991452991453,0.4436191846261592,0.27524811029434204,0.001651328088394537,0.5235048985931591
29,266,1,0.4547008547008547,0.4453500063687889,0.2727762758731842,0.000980801074917127,0.19705294916169935
29,267,1,0.4564102564102564,0.44621129140788673,0.27421101927757263,0.0013047780835420842,0.3663341062798272
29,268,1,0.4581196581196581,0.4470415616750372,0.27657070755958557,0.0016133937263443521,0.5752900808845275
29,269,1,0.4598290598290598,0.44833776845543205,0.27239489555358887,0.00146222473721082,0.3278615831867204
29,270,1,0.46153846153846156,0.44915435337400583,0.27216172218322754,0.0018252857759552977,0.4291249399026281
29,271,1,0.46324786324786327,0.4501263620855992,0.2759466767311096,0.0018043638156661369,0.6044688091169633
29,272,1,0.46495726495726497,0.45084409244376156,0.2678479850292206,0.0020654011269318918,0.29627809198898314
29,273,1,0.4666666666666667,0.45208993206759135,0.2736950218677521,0.001770194195283169,0.4857172626434109
29,274,1,0.4683760683760684,0.45344436718180603,0.2763262391090393,0.001353799984108327,0.48313223499164437
29,275,1,0.4700854700854701,0.454285406756624,0.27537938952445984,0.0015852638612404036,0.5093468091545046
29,276,1,0.4717948717948718,0.4554142171225833,0.2690185606479645,0.0014962146630373586,0.17619536663879676
29,277,1,0.4735042735042735,0.45629906756226607,0.27063801884651184,0.0017538953930599944,0.3338135346827841
29,278,1,0.4752136752136752,0.45702892539030204,0.27103951573371887,0.002076321438692701,0.4529782889139145
29,279,1,0.47692307692307695,0.4576387058767513,0.27078160643577576,0.0023626805043674027,0.5292935344723216
29,280,1,0.47863247863247865,0.45854461197767754,0.27124133706092834,0.0022950991834729973,0.5304439217354706
29,281,1,0.48034188034188036,0.4592325427586007,0.27256354689598083,0.0023897671163234536,0.6232864557473206
29,282,1,0.48205128205128206,0.4598378124229366,0.274651437997818,0.002517866251071159,0.7632673500511096
29,283,1,0.48376068376068376,0.46081553246189744,0.2719604969024658,0.0022423679702689315,0.5486570775062649
29,284,1,0.48547008547008547,0.4614010634720538,0.27134230732917786,0.002451043606399127,0.5836010267855511
29,285,1,0.48717948717948717,0.46194125612218434,0.2765290439128876,0.0026249638298626744,0.8866407754610951
29,286,1,0.4888888888888889,0.4625594430429628,0.27242353558540344,0.0026839552499801234,0.7076905795027502
29,287,1,0.4905982905982906,0.46303749778788256,0.2773590385913849,0.002886308160066896,1.007468898407378
29,288,1,0.49230769230769234,0.4637300957605298,0.27566105127334595,0.0027492015189159325,0.8834282912312676
29,289,1,0.49401709401709404,0.4640655564044075,0.27637001872062683,0.002995998947157257,0.993936239942687
29,290,1,0.49572649572649574,0.46434184762542763,0.27579668164253235,0.003250782796692901,1.0453177055769354
29,291,1,0.49743589743589745,0.4649352225671759,0.2748051583766937,0.0031030090005608624,0.9519104673581393
29,292,1,0.49914529914529915,0.46552784226907296,0.2779669165611267,0.002984820493487127,1.0671866310498108
29,293,1,0.5008547008547009,0.46624512667288354,0.280046671628952,0.0027169727168123315,1.0841249498897045
29,294,1,0.5025641025641026,0.46700916008892557,0.2831995189189911,0.0024978318678893097,1.1677012275464216
29,295,1,0.5042735042735043,0.468003163524684,0.2930963337421417,0.002170656548005372,1.541784246887502
29,296,1,0.505982905982906,0.4692966804023049,0.28425949811935425,0.0016441249097615008,0.9541702003516545
29,297,1,0.5076923076923077,0.4714671876621663,0.3066995441913605,0.0006864035779750151,1.7354924454586185
29,298,1,0.5094017094017094,0.47409913006336746,0.32782816886901855,0.0009105999706724,2.819935958071841
29,299,1,0.5111111111111111,0.47738363669361605,0.33428069949150085,0.0024226141073105233,3.598281817935549
29,300,1,0.5128205128205128,0.48121388091509454,0.34716159105300903,0.0039077400365559855,4.677109570243628
29,301,1,0.5145299145299145,0.4852250875853702,0.35167232155799866,0.004939646578634256,5.213451578871001
29,302,1,0.5162393162393163,0.48958400595634227,0.3482770025730133,0.005859089968805338,5.335158642958768
29,303,1,0.517948717948718,0.49538767338647915,0.33347657322883606,0.007791538425698531,5.222774110331482
29,304,1,0.5196581196581197,0.5029766653375383,0.32982221245765686,0.010879521203541838,6.00378147382353
29,305,1,0.5213675213675214,0.509202147314648,0.31947624683380127,0.01166430707504061,5.749874930722914
29,306,1,0.5230769230769231,0.5147822163697021,0.2735251486301422,0.011250111197775343,3.414132804012164
29,307,1,0.5247863247863248,0.5199826881020284,0.26816266775131226,0.010151030326761663,2.8160652300608042
29,308,1,0.5264957264957265,0.5251088033596899,0.27297407388687134,0.009128391905535839,2.73041881923841
29,309,1,0.5282051282051282,0.5304613531110144,0.2674309015274048,0.008947907151322416,2.4082228270625365
29,310,1,0.5299145299145299,0.5356948290370693,0.26564908027648926,0.008866581628285753,2.2974341470215287
29,311,1,0.5316239316239316,0.5415162772871036,0.27026674151420593,0.009459876711478228,2.7030451375683553
29,312,1,0.5333333333333333,0.5481527341182386,0.26603201031684875,0.010712936246344435,2.8877714582767413
29,313,1,0.535042735042735,0.5565847158045378,0.26572728157043457,0.013383935243006474,3.7005229768785934
29,314,1,0.5367521367521367,0.5667575353529504,0.26301127672195435,0.017025914118038152,4.698218199049109
29,315,1,0.5384615384615384,0.5784110179945716,0.2636689245700836,0.02091372018068914,5.934129208350754
29,316,1,0.5401709401709401,0.588697814232374,0.2650703489780426,0.021976831241624514,6.330769924333918
29,317,1,0.5418803418803418,0.5970616133549684,0.2680022716522217,0.02020436033568511,5.922561110369636
29,318,1,0.5435897435897435,0.6028661843102827,0.2692015469074249,0.01588970690339174,4.643630826068233
29,319,1,0.5452991452991452,0.6068535908652648,0.26892733573913574,0.010849951219040739,3.0693024029642233
29,320,1,0.5470085470085471,0.6093238704656508,0.2647857367992401,0.006209587601753481,1.4329080871435869
29,321,1,0.5487179487179488,0.6101328311310146,0.26190319657325745,0.0023646230471461743,0.1033867624907007
29,322,1,0.5504273504273505,0.610349390901681,0.2584612965583801,0.001535228021706323,-0.3188782578498152
29,323,1,0.5521367521367522,0.6108054491064987,0.25939735770225525,0.002603953907578992,0.057146240559730915
29,324,1,0.5538461538461539,0.611479291897407,0.2603377401828766,0.0029180756769791472,0.1996260335031506
29,325,1,0.5555555555555556,0.6117875846029183,0.25813060998916626,0.003148638329406943,0.16501901859487597
29,326,1,0.5572649572649573,0.6120135561599406,0.25399863719940186,0.003336355140360557,0.024672522709684896
29,327,1,0.558974358974359,0.6122409522853545,0.25181764364242554,0.0035250003295115447,-0.02166361222843738
29,328,1,0.5606837606837607,0.6123608609084138,0.25742363929748535,0.0037639675011661585,0.32166632660907346
29,329,1,0.5623931623931624,0.6123258683796091,0.2556473910808563,0.0040193522827225315,0.31544748624694474
29,330,1,0.5641025641025641,0.6123920038527673,0.2541159689426422,0.004087787753737098,0.26307887045932404
29,331,1,0.5658119658119658,0.6126134856129128,0.25331929326057434,0.003960917916798189,0.18550726423010766
29,332,1,0.5675213675213675,0.6130574404697806,0.2523142397403717,0.0036100963918200154,0.02855233533157303
29,333,1,0.5692307692307692,0.6133659601949111,0.25327086448669434,0.003475721557031257,0.03288243858480577
29,334,1,0.5709401709401709,0.6137081465579549,0.2566927671432495,0.003393558147812907,0.17181506770539828
29,335,1,0.5726495726495726,0.6141474877100472,0.25863730907440186,0.0032832526720174993,0.23105948647059693
29,336,1,0.5743589743589743,0.6142041295345501,0.2620876431465149,0.003610111371798273,0.49805993699357004
29,337,1,0.576068376068376,0.6144149242164715,0.25779402256011963,0.0036859889560692124,0.31530384165001724
29,338,1,0.5777777777777777,0.6147281597850927,0.2580907940864563,0.003634994392838141,0.3137639115731694
29,339,1,0.5794871794871795,0.6148472060276806,0.25498679280281067,0.0037709514570346144,0.20676645490125606
29,340,1,0.5811965811965812,0.6147694040724528,0.2558697462081909,0.004023682991670734,0.32747068416941416
29,341,1,0.582905982905983,0.6148893645806996,0.25950658321380615,0.004045041117899622,0.5087961813430993
29,342,1,0.5846153846153846,0.6153573316875294,0.2608585059642792,0.003695684102126938,0.46552131638151967
29,343,1,0.5863247863247864,0.6154221305960326,0.2579830288887024,0.003788178169232924,0.35603844671173424
29,344,1,0.588034188034188,0.6160360777769813,0.2562561631202698,0.003317962130372153,0.1274238808545387
29,345,1,0.5897435897435898,0.6169862376687147,0.25647854804992676,0.0026844706647708595,-0.0581284645847045
29,346,1,0.5914529914529915,0.6177364445235335,0.25547167658805847,0.002458482081955886,-0.17650145965488764
29,347,1,0.5931623931623932,0.6183292410154202,0.25693467259407043,0.0024604637990702106,-0.10560695599005473
29,348,1,0.5948717948717949,0.6187851955738977,0.25912511348724365,0.00273128684543965,0.08351162890637176
29,349,1,0.5965811965811966,0.6196056563773988,0.2613487243652344,0.002598105491167556,0.14907597828739996
29,350,1,0.5982905982905983,0.6202165491218447,0.2596326768398285,0.002642067423892768,0.08025705117397393
29,351,1,0.6,0.6210788586785425,0.2555396258831024,0.002399784016772698,-0.191420043569109
29,352,1,0.6017094017094017,0.6222655697681011,0.2546926736831665,0.0019004773429946876,-0.3867759336462411
29,353,1,0.6034188034188034,0.6230338769230288,0.2559848129749298,0.002002263736617842,-0.2931728814475629
29,354,1,0.6051282051282051,0.6238124119143829,0.255593866109848,0.002080783881671282,-0.28763047769433264
29,355,1,0.6068376068376068,0.6250055767737835,0.25571244955062866,0.0017865847204051478,-0.37306738745780477
29,356,1,0.6085470085470085,0.6268559270264747,0.2554035186767578,0.0009941926832348303,-0.6333658588143438
29,357,1,0.6102564102564103,0.6285902357661541,0.259143203496933,0.0004439891285582927,-0.6241512585197555
29,358,1,0.611965811965812,0.6297496715875555,0.2587492763996124,0.0005608484558182347,-0.6068757653239367
29,359,1,0.6136752136752137,0.6316321568583183,0.25738799571990967,0.00025502430409498754,-0.7670046820432983
29,360,1,0.6153846153846154,0.633000262140972,0.2622276842594147,0.0004512178418284873,-0.47373715613804795
29,361,1,0.6170940170940171,0.6346374465207172,0.2635398805141449,0.00035011724070767465,-0.44201851336319486
29,362,1,0.6188034188034188,0.6359024637946662,0.2610527575016022,0.0005969026553994272,-0.4850507639183364
29,363,1,0.6205128205128205,0.6372033133265731,0.2517987787723541,0.0008342511752702108,-0.8560781619158739
29,364,1,0.6222222222222222,0.6391937528043568,0.25714075565338135,0.0003829241188071055,-0.7392625230354802
29,365,1,0.6239316239316239,0.6407527168545732,0.25866642594337463,0.00030291832491006023,-0.6907543365148201
29,366,1,0.6256410256410256,0.6431144111302669,0.2617901861667633,0.0006068672620497107,-0.44653882889238106
29,367,1,0.6273504273504273,0.6452319013682466,0.2582266628742218,0.0009213706661292243,-0.5203032259786362
29,368,1,0.629059829059829,0.6480513982463293,0.25862205028533936,0.0017337205337935434,-0.24966918326837703
29,369,1,0.6307692307692307,0.6511497926446819,0.25581294298171997,0.002617703571652986,-0.11078567670330217
29,370,1,0.6324786324786325,0.6545059148566795,0.2579177916049957,0.0033745568361234894,0.22477782110277977
29,371,1,0.6341880341880342,0.6574114438779319,0.2559604048728943,0.0034322099257727405,0.14860632240357868
29,372,1,0.6358974358974359,0.659550835490879,0.2559674382209778,0.002526715911298478,-0.13154898100843188
29,373,1,0.6376068376068376,0.6621811073298081,0.2583284080028534,0.002282128439090104,-0.09389613279413185
29,374,1,0.6393162393162393,0.6654566181317341,0.2588157057762146,0.002799810569734563,0.0898745065739556
29,375,1,0.6410256410256411,0.6667711928797724,0.2565081715583801,0.001568318559625058,-0.40245372332128426
29,376,1,0.6427350427350428,0.6686875371097942,0.2618443965911865,0.0010354498588108457,-0.3111733983172444
29,377,1,0.6444444444444445,0.6689968693826551,0.25919008255004883,0.0010340219411805662,-0.4391258888972629
29,378,1,0.6461538461538462,0.6711970315270921,0.2589682936668396,0.0007766896596552399,-0.5294937062565114
29,379,1,0.6478632478632479,0.673122906537017,0.2549076974391937,0.0005140001392247969,-0.805932876794561
29,380,1,0.6495726495726496,0.6739781337166368,0.25401660799980164,0.0007674345956776451,-0.7702338649237694
29,381,1,0.6512820512820513,0.6743074492071401,0.25421765446662903,0.001760768256884997,-0.4528727264906795
29,382,1,0.652991452991453,0.6751781731316246,0.2548319101333618,0.002217689288521745,-0.28182502853650854
29,383,1,0.6547008547008547,0.6760977362096203,0.25223249197006226,0.0022934116116592063,-0.38324169989633305
29,384,1,0.6564102564102564,0.6764599165578349,0.2526019513607025,0.002674938681595478,-0.24730837672541212
29,385,1,0.6581196581196581,0.6764277984166335,0.25167328119277954,0.0033275025330963977,-0.08977713766123291
29,386,1,0.6598290598290598,0.6765047090140226,0.25506553053855896,0.003780679238080607,0.2135622808147014
29,387,1,0.6615384615384615,0.6755280646591999,0.25485092401504517,0.005088957563502793,0.6085157479041814
29,388,1,0.6632478632478632,0.6758449542380569,0.2588133215904236,0.004629650097040682,0.6565859208229518
29,389,1,0.6649572649572649,0.6756747138223649,0.25957462191581726,0.004646149932788212,0.6982690283348364
29,390,1,0.6666666666666666,0.6758345244108269,0.25884637236595154,0.004298068195759024,0.5554601400047726
29,391,1,0.6683760683760683,0.6774327603512037,0.25776660442352295,0.0025322861045833246,-0.043393655586721896
29,392,1,0.67008547008547,0.6790028479914093,0.2587416172027588,0.0014383723873786659,-0.33541476692292926
29,393,1,0.6717948717948717,0.6816465078718044,0.25516074895858765,0.0008255027684984452,-0.6972829919537755
29,394,1,0.6735042735042736,0.682697459109878,0.25877857208251953,0.0002972375959902116,-0.6871266748028602
29,395,1,0.6752136752136753,0.6831787044221582,0.25758156180381775,0.0012606715820904935,-0.4461885266215372
29,396,1,0.676923076923077,0.683971745030427,0.26087310910224915,0.001904116991560333,-0.08874753905138705
29,397,1,0.6786324786324787,0.686615580291785,0.26086097955703735,0.0009961722515442312,-0.3705825622664843
29,398,1,0.6803418803418804,0.688960149358085,0.25388264656066895,0.0008640355857844696,-0.746745310085609
29,399,1,0.6820512820512821,0.6910217774143985,0.2573629915714264,0.0010957504656098193,-0.5077756909932156
29,400,1,0.6837606837606838,0.693019103557319,0.2557775676250458,0.00113230836047022,-0.572613147788515
29,401,1,0.6854700854700855,0.6957930379608759,0.2583036720752716,0.001644403132304113,-0.2926313865444467
29,402,1,0.6871794871794872,0.6986339933572486,0.2610791325569153,0.0021909941114041497,0.01001497439153571
29,403,1,0.6888888888888889,0.7022110819065845,0.2631705403327942,0.003349621660949166,0.4693896538830784
29,404,1,0.6905982905982906,0.7046503374834945,0.26027753949165344,0.002991551114812597,0.21949441027980465
29,405,1,0.6923076923076923,0.7067560395815831,0.25916287302970886,0.002189444731357305,-0.08251985875287754
29,406,1,0.694017094017094,0.7089624962506629,0.25763222575187683,0.0016551509952603249,-0.32155754367697936
29,407,1,0.6957264957264957,0.7110720137171016,0.2604576051235199,0.0011825427383454889,-0.33222856702664727
29,408,1,0.6974358974358974,0.7130389691311262,0.2615162432193756,0.0009342651997408092,-0.3582812870771692
29,409,1,0.6991452991452991,0.7150050771482882,0.2603362202644348,0.0008032153049948987,-0.4555633002102557
29,410,1,0.7008547008547008,0.7173683401399158,0.26258793473243713,0.0011042189049462036,-0.25415223056127145
29,411,1,0.7025641025641025,0.7205324069751979,0.2628195881843567,0.0021668247679151164,0.08613755154100847
29,412,1,0.7042735042735043,0.7243464284092818,0.2615988254547119,0.0036157478874748587,0.47632371502170173
29,413,1,0.705982905982906,0.7275672684381249,0.25393712520599365,0.0040097230967791175,0.2303054829129667
29,414,1,0.7076923076923077,0.7292280756408271,0.2546643614768982,0.0025484753103060297,-0.1874069079797945
29,415,1,0.7094017094017094,0.7313013852040626,0.2585671544075012,0.001638358165029814,-0.2818465391141375
29,416,1,0.7111111111111111,0.7337168831497616,0.2602430284023285,0.0013616115535125938,-0.28706677379901724
29,417,1,0.7128205128205128,0.7349620190995927,0.2563517987728119,0.0004904622779431698,-0.7438512030594459
29,418,1,0.7145299145299145,0.7369579137572209,0.25650840997695923,0.0004886183760252867,-0.7368989645275268
29,419,1,0.7162393162393162,0.7390956539404053,0.2571201026439667,0.0006166214645710167,-0.6678626825217432
29,420,1,0.717948717948718,0.7413145658254745,0.2583811283111572,0.0008869661655545158,-0.5235403030016289
29,421,1,0.7196581196581197,0.7437198804601499,0.26140570640563965,0.0013928601313016997,-0.2215332582105577
29,422,1,0.7213675213675214,0.7461216301631302,0.2571263909339905,0.0016051444941426306,-0.3613476812713029
29,423,1,0.7230769230769231,0.7482687849051799,0.2549408972263336,0.0014613701347150464,-0.5108729763864434
29,424,1,0.7247863247863248,0.7500188806730124,0.25261932611465454,0.000918183161353876,-0.7906605661004438
29,425,1,0.7264957264957265,0.7516525567559302,0.24799266457557678,0.00041374586945809794,-1.16917860984766
29,426,1,0.7282051282051282,0.7532856474915678,0.2501181960105896,0.0001607207315991653,-1.1454496664948859
29,427,1,0.7299145299145299,0.7542112101542807,0.24915811419487,0.0008397394753167242,-0.9812325243591705
29,428,1,0.7316239316239316,0.7554913669415211,0.24732854962348938,0.0010451890003515697,-1.0054809710163513
29,429,1,0.7333333333333333,0.7560924943283907,0.25078511238098145,0.0018121831806091771,-0.601841361944143
29,430,1,0.7350427350427351,0.7576869485552344,0.2520681619644165,0.0013277133468804925,-0.6902784573703439
29,431,1,0.7367521367521368,0.7583363038799524,0.25299814343452454,0.0017786832880791626,-0.5059071161896134
29,432,1,0.7384615384615385,0.7591475047531421,0.25286048650741577,0.0019987558463074474,-0.4443485329453427
29,433,1,0.7401709401709402,0.7607929286384487,0.24775178730487823,0.001267366413906056,-0.9163256444086886
29,434,1,0.7418803418803419,0.761494668599374,0.24622377753257751,0.0017407350304953096,-0.8430949554209656
29,435,1,0.7435897435897436,0.7617202015220161,0.2485138475894928,0.002467132118888037,-0.508067987185602
29,436,1,0.7452991452991453,0.7616463343858572,0.24875980615615845,0.003386973665562941,-0.21131483763241898
29,437,1,0.747008547008547,0.7619370746385892,0.2506749629974365,0.003720940821009698,-0.015860547355951327
29,438,1,0.7487179487179487,0.7627731272422665,0.2525005638599396,0.0031709247173674505,-0.09853825347288175
29,439,1,0.7504273504273504,0.7642142723988731,0.25149399042129517,0.002049394221484051,-0.4943072654186675
29,440,1,0.7521367521367521,0.7650797376690182,0.2512650787830353,0.0018074466705532023,-0.5802515526154413
29,441,1,0.7538461538461538,0.7660399134090462,0.25419020652770996,0.001705621751315405,-0.47127392291285086
29,442,1,0.7555555555555555,0.7674578066469773,0.2526533007621765,0.001313438205998595,-0.6665910518894258
29,443,1,0.7572649572649572,0.7685656393933019,0.25040948390960693,0.0013767753108516346,-0.7547615945875995
29,444,1,0.7589743589743589,0.7698545897459343,0.24917815625667572,0.0011756667068264105,-0.8762101804598077
29,445,1,0.7606837606837606,0.7709022797210456,0.25048506259918213,0.0013216897509441706,-0.7681946322767258
29,446,1,0.7623931623931623,0.7721724285237175,0.24748489260673523,0.0012671325262721845,-0.9292194070107891
29,447,1,0.764102564102564,0.7738550381549189,0.24905090034008026,0.0007631783642558665,-1.0100991448962287
29,448,1,0.7658119658119659,0.7760031766483956,0.24746137857437134,0.00038390272612590884,-1.2039454273558092
29,449,1,0.7675213675213676,0.7773001964026539,0.2484150528907776,0.0002194974227012202,-1.209059541103846
29,450,1,0.7692307692307693,0.7788520129772197,0.24782982468605042,0.00022517912837659467,-1.2354132138482379
29,451,1,0.770940170940171,0.7806079774717716,0.24731668829917908,0.0001681965598412618,-1.277715073625326
29,452,1,0.7726495726495727,0.7826897351564562,0.2466055303812027,0.0003067185927807327,-1.268968565446247
29,453,1,0.7743589743589744,0.7848177527700646,0.24564728140830994,0.0007107900948643675,-1.189833265430896
29,454,1,0.7760683760683761,0.7861523281557603,0.25096988677978516,0.0003475851304945197,-1.0466507967186982
29,455,1,0.7777777777777778,0.7870172675869063,0.247947558760643,0.0007941629747817857,-1.0535043498582708
29,456,1,0.7794871794871795,0.7891328255510095,0.24540956318378448,0.0004898100868788682,-1.2697055344847243
29,457,1,0.7811965811965812,0.7906676909932753,0.24577192962169647,0.0004842535297493216,-1.2540191154428795
29,458,1,0.7829059829059829,0.7915772082665482,0.25361940264701843,0.0009098019783645039,-0.7452142729777109
29,459,1,0.7846153846153846,0.79361790444296,0.2510693073272705,0.000396777483220613,-1.026636526401996
29,460,1,0.7863247863247863,0.7949903049415203,0.2506469488143921,0.000511840013318891,-1.0112834359021445
29,461,1,0.788034188034188,0.7974220776718168,0.2501169443130493,0.0004827107368351259,-1.045767558452992
29,462,1,0.7897435897435897,0.7991246681477653,0.24928733706474304,0.0004783121438790683,-1.0869834720849942
29,463,1,0.7914529914529914,0.8017471381434123,0.2503109872341156,0.0012139171692217687,-0.809941520746827
29,464,1,0.7931623931623931,0.8030228334386725,0.24840472638607025,0.0006683528263738179,-1.0705145204774567
29,465,1,0.7948717948717948,0.8046277785000568,0.24767696857452393,0.00035801357135571905,-1.201608368624128
29,466,1,0.7965811965811965,0.8057749938944812,0.2503408193588257,0.0006000928361704505,-0.9986516289031356
29,467,1,0.7982905982905983,0.8075464275994922,0.251929372549057,0.000528060985708896,-0.9446525473504707
29,468,1,0.8,0.8093744061735406,0.2521153390407562,0.0002800904804589451,-1.0125322897190916
29,469,1,0.8017094017094017,0.8106839734827899,0.2526603937149048,0.0003914102322777213,-0.951865185412778
29,470,1,0.8034188034188035,0.811585509325913,0.25106531381607056,0.0010039231348378409,-0.838754003811236
29,471,1,0.8051282051282052,0.812895606035764,0.2502438724040985,0.001146455282844754,-0.8340631809420509
29,472,1,0.8068376068376069,0.8138162268060773,0.2549685537815094,0.0015631291215994093,-0.4780226976397651
29,473,1,0.8085470085470086,0.8151772025474265,0.2573874592781067,0.0013126085383844011,-0.4394245735365756
29,474,1,0.8102564102564103,0.8164802588478381,0.25096654891967773,0.00113285950413196,-0.8035581783159136
29,475,1,0.811965811965812,0.8177277528590405,0.24855317175388336,0.0011090528734108585,-0.926868552770844
29,476,1,0.8136752136752137,0.8182454500295104,0.2500613033771515,0.00179939240876008,-0.6405744801167198
29,477,1,0.8153846153846154,0.8185169381690627,0.24972744286060333,0.002635210075066107,-0.39770308600517
29,478,1,0.8170940170940171,0.8191925124103953,0.25266391038894653,0.002794569739142565,-0.20727404926219378
29,479,1,0.8188034188034188,0.8196910267805477,0.2546177804470062,0.002974118759629373,-0.057793836112288
29,480,1,0.8205128205128205,0.8206259430863948,0.25196149945259094,0.002530020934159093,-0.32296584137158796
29,481,1,0.8222222222222222,0.8214459780836347,0.2519497573375702,0.0023051092011402586,-0.3932004033500226
29,482,1,0.8239316239316239,0.8223609813940655,0.25061896443367004,0.002122365869352454,-0.5137382086583631
29,483,1,0.8256410256410256,0.8231299781005552,0.2484867423772812,0.0021454864087803605,-0.6090056766205094
29,484,1,0.8273504273504273,0.8240129217636951,0.2492997944355011,0.0021222805756423314,-0.5771360262513299
29,485,1,0.8290598290598291,0.8255852116598856,0.25026726722717285,0.0013967353487768942,-0.7554105356278886
29,486,1,0.8307692307692308,0.8269415721502771,0.251727819442749,0.0010751832524481687,-0.7848538895239587
29,487,1,0.8324786324786325,0.8276587671075779,0.2490585446357727,0.0015031359842002257,-0.7805166420033269
29,488,1,0.8341880341880342,0.8282238742882697,0.2509312331676483,0.002070226055264095,-0.5148884330620995
29,489,1,0.8358974358974359,0.8290423940475609,0.24878640472888947,0.0023044444271165965,-0.5453701186113833
29,490,1,0.8376068376068376,0.8301507915595341,0.24712352454662323,0.002060342512062179,-0.7008679444127253
29,491,1,0.8393162393162393,0.8311394857441765,0.24772082269191742,0.0018739531797340048,-0.729911907256368
29,492,1,0.841025641025641,0.8320363604480925,0.2499038428068161,0.001847258134967682,-0.6333114272888013
29,493,1,0.8427350427350427,0.8331074912719684,0.2481342852115631,0.001729248851047487,-0.7548744351322182
29,494,1,0.8444444444444444,0.8338041406854276,0.24459849298000336,0.002048873743690104,-0.8257201903434
29,495,1,0.8461538461538461,0.8340945324758106,0.24010202288627625,0.0026718192347805637,-0.8487567444317212
29,496,1,0.8478632478632478,0.8348288272584236,0.24836844205856323,0.002676286135076077,-0.4502638541055871
29,497,1,0.8495726495726496,0.8354110206089633,0.24857181310653687,0.002792209487119073,-0.40458478622744465
29,498,1,0.8512820512820513,0.8365700225134296,0.2467072457075119,0.00220908991690154,-0.6747882931634008
29,499,1,0.852991452991453,0.8380628534222341,0.24253955483436584,0.0014077294650975559,-1.1232352472012521
29,500,1,0.8547008547008547,0.8393199265532774,0.2440234273672104,0.0011427365706601512,-1.1340380825489498
29,501,1,0.8564102564102564,0.8408200189875097,0.24922509491443634,0.0007654189601412775,-1.0010369744581686
29,502,1,0.8581196581196581,0.8424906859004625,0.25082215666770935,0.0004470016418250555,-1.022951514243025
29,503,1,0.8598290598290599,0.8446237215806283,0.2484024614095688,0.0003210198509252883,-1.1782160096638081
29,504,1,0.8615384615384616,0.8467814530319651,0.24626798927783966,0.0007233826033207336,-1.156114421818911
29,505,1,0.8632478632478633,0.8484681678235759,0.24878156185150146,0.000550254814089217,-1.088994780970615
29,506,1,0.864957264957265,0.8500435668984513,0.24994003772735596,0.0003360104743426066,-1.099709009912249
29,507,1,0.8666666666666667,0.8523759277699943,0.24705903232097626,0.0006522182631642626,-1.1401580754927143
29,508,1,0.8683760683760684,0.8559899730974021,0.250137597322464,0.002328212043230594,-0.4730979442292433
29,509,1,0.8700854700854701,0.8589772965366367,0.2505866289138794,0.0030134054661059132,-0.23927591000495707
29,510,1,0.8717948717948718,0.8624278236855323,0.24959969520568848,0.0038366504367363234,-0.03167201466433345
29,511,1,0.8735042735042735,0.8663509822582536,0.250876784324646,0.0046637448126873714,0.28588533380576
29,512,1,0.8752136752136752,0.8711638020979783,0.25622519850730896,0.005982801030347247,0.9514185092678452
29,513,1,0.8769230769230769,0.8758897099433345,0.2506864368915558,0.006915251625559405,0.974186293451392
29,514,1,0.8786324786324786,0.8807544802232883,0.24677281081676483,0.007551918553838756,0.9833993536485688
29,515,1,0.8803418803418803,0.8853800981652934,0.24902169406414032,0.007595872361404866,1.1050485841617874
29,516,1,0.882051282051282,0.8900386037438481,0.2521372139453888,0.007497098963199651,1.2241176951575028
29,517,1,0.8837606837606837,0.8942287065963768,0.2504113018512726,0.0069685014042608195,0.9774642090707522
29,518,1,0.8854700854700854,0.8989594936862695,0.2497987598180771,0.007114539330892967,0.9932762941977707
29,519,1,0.8871794871794871,0.9035927578639149,0.25071993470191956,0.007196550142793091,1.0629328018567903
29,520,1,0.8888888888888888,0.9086580291366669,0.24895520508289337,0.007708656490889738,1.136791458239517
29,521,1,0.8905982905982905,0.9135780453052619,0.2441246509552002,0.00797381631127998,0.9868753006503569
29,522,1,0.8923076923076924,0.9186387348339702,0.24391832947731018,0.00819717116276701,1.0461520683415435
29,523,1,0.8940170940170941,0.9217720976898653,0.2478749006986618,0.006410723731736996,0.6828366999892058
29,524,1,0.8957264957264958,0.9247942447220012,0.24725401401519775,0.004888035807385267,0.18132985042953564
29,525,1,0.8974358974358975,0.9280398416278461,0.24284639954566956,0.004099578816896611,-0.27464567390367123
29,526,1,0.8991452991452992,0.9306491792985219,0.24633020162582397,0.0030934674069262712,-0.41894910218884074
29,527,1,0.9008547008547009,0.9333472233305334,0.24531784653663635,0.002788900322799921,-0.5619266388697889
29,528,1,0.9025641025641026,0.9352417834978844,0.24509921669960022,0.001789679079983909,-0.88195624708714
29,529,1,0.9042735042735043,0.9370192474424874,0.2472047656774521,0.0009552583306160889,-1.0392850625512537
29,530,1,0.905982905982906,0.9383175507639385,0.273027241230011,0.00042988979576157646,0.038454283278475665
29,531,1,0.9076923076923077,0.9401484941156811,0.2745959758758545,0.00014906421147498083,0.026823662841854556
29,532,1,0.9094017094017094,0.9424886801503138,0.27264541387557983,0.0005624290221410822,0.06116816693616295
29,533,1,0.9111111111111111,0.9437065318743766,0.2709861397743225,0.0002604706782954046,-0.11207850401430619
29,534,1,0.9128205128205128,0.9450304185743009,0.2713700830936432,0.00037937782495147006,-0.05680066926189559
29,535,1,0.9145299145299145,0.9459447525232453,0.268962025642395,0.0011432608285977131,0.064145645300825
29,536,1,0.9162393162393162,0.946447985720124,0.2704436779022217,0.0020890922336100227,0.4283109158451749
29,537,1,0.9179487179487179,0.9477101489419223,0.2717716693878174,0.0018167554042642798,0.4077448189279565
29,538,1,0.9196581196581196,0.9482758803766005,0.2778480052947998,0.0022519282364725102,0.8344476161524884
29,539,1,0.9213675213675213,0.9496697433511031,0.2767293155193329,0.0016694307125447883,0.6002678950560463
29,540,1,0.9230769230769231,0.9505202994060029,0.2704211175441742,0.0017501223646094344,0.32222508382464565
29,541,1,0.9247863247863248,0.9515163545918446,0.275186151266098,0.0017721456002374892,0.5579538720971731
29,542,1,0.9264957264957265,0.9526170737550169,0.2758898138999939,0.0016229778495457248,0.545549595206677
29,543,1,0.9282051282051282,0.9534289276942681,0.27524882555007935,0.0018964222548986265,0.5994616174941638
29,544,1,0.9299145299145299,0.9542231910674139,0.27821728587150574,0.002041954967544073,0.7871444021703088
29,545,1,0.9316239316239316,0.9552023647511967,0.27383875846862793,0.0019885041991140762,0.5602476813630642
29,546,1,0.9333333333333333,0.9559854060180509,0.27633136510849,0.002126965472097857,0.7228805006626761
29,547,1,0.935042735042735,0.9564674916726825,0.27564021944999695,0.002486962883224768,0.8011943857947732
29,548,1,0.9367521367521368,0.9568323869131706,0.2742321491241455,0.0028817086373402623,0.8558319704563578
29,549,1,0.9384615384615385,0.9574582943341211,0.27615848183631897,0.0029081001778289584,0.9565460170232949
29,550,1,0.9401709401709402,0.9580699267662036,0.2732444405555725,0.002860450141477554,0.8017983924110509
29,551,1,0.9418803418803419,0.9587872433369213,0.269864946603775,0.0026642637577980067,0.5786791366009325
29,552,1,0.9435897435897436,0.9596471699194746,0.2702091336250305,0.0023842750913044154,0.5084819193474766
29,553,1,0.9452991452991453,0.960574755616969,0.2734818160533905,0.0021603851453860113,0.596343819184931
29,554,1,0.947008547008547,0.9612753324808536,0.27114489674568176,0.0022389236022134096,0.5084096367533177
29,555,1,0.9487179487179487,0.961971746303711,0.27291610836982727,0.002343861208018565,0.6260029130888315
29,556,1,0.9504273504273504,0.9629301919585749,0.27341949939727783,0.0021815412948520563,0.5999036999374258
29,557,1,0.9521367521367521,0.9637387273181969,0.27015069127082825,0.0021937614450051202,0.4466593626640745
29,558,1,0.9538461538461539,0.964413450152435,0.2690224051475525,0.0023100315360739965,0.4284745736088624
29,559,1,0.9555555555555556,0.9651351408188722,0.27266862988471985,0.0023728702875320962,0.6231004217522971
29,560,1,0.9572649572649573,0.9658493375893658,0.2752682864665985,0.0024495221458288464,0.7717292099747335
29,561,1,0.958974358974359,0.9663443883230023,0.2744596302509308,0.002684257819890028,0.8055959316389428
29,562,1,0.9606837606837607,0.9668457101366329,0.27724555134773254,0.0028343512574607755,0.9859225109106284
29,563,1,0.9623931623931624,0.9670927089627105,0.2770158052444458,0.003195417427432666,1.0867325628141713
29,564,1,0.9641025641025641,0.96759953780151,0.27797698974609375,0.003177980624592751,1.1275053855764745
29,565,1,0.9658119658119658,0.9682034287091169,0.2753002941608429,0.003011639770021878,0.9473929413686244
29,566,1,0.9675213675213675,0.9686555379387473,0.27522513270378113,0.003024290636920184,0.9477011074055681
29,567,1,0.9692307692307692,0.9691965037347212,0.2754312753677368,0.0029357817914748164,0.9301867432967192
29,568,1,0.9709401709401709,0.9697250744158926,0.27714285254478455,0.0029331598033060947,1.0115967169106788
29,569,1,0.9726495726495726,0.9701135596731337,0.27572962641716003,0.0030760586996606432,0.9879724955249265
29,570,1,0.9743589743589743,0.9703673892885497,0.2743206322193146,0.003299761825248869,0.9895821452032924
29,571,1,0.976068376068376,0.9705039983803178,0.28044435381889343,0.0035911155709314343,1.3740107282710787
29,572,1,0.9777777777777777,0.970653405719488,0.2795197069644928,0.0037685818931603317,1.3845651748409924
29,573,1,0.9794871794871794,0.9706218768535483,0.2772102355957031,0.004032193584998888,1.3552793473704159
29,574,1,0.9811965811965812,0.9707476846330547,0.27119794487953186,0.004033465100596089,1.0668497513189497
29,575,1,0.9829059829059829,0.9708614955247394,0.27315834164619446,0.004014728045037623,1.1552207952513216
29,576,1,0.9846153846153847,0.9708987926426201,0.276947021484375,0.004066805213262347,1.3533564257912003
29,577,1,0.9863247863247864,0.9710748442685356,0.27712497115135193,0.003952100318129885,1.32637300178755
29,578,0,0.9880341880341881,0.9712504160700665,0.27633705735206604,0.003889770370345895,1.2692147062824821
29,579,0,0.9897435897435898,0.9715110761350636,0.27110543847084045,0.003754793164601687,0.9760821694356754
29,580,0,0.9914529914529915,0.97159982261393,0.277560293674469,0.003828441838316364,1.3089799361286687
29,581,0,0.9931623931623932,0.9717776305718695,0.274888277053833,0.003825891373204286,1.1798293047451014
29,582,0,0.9948717948717949,0.9717696526475237,0.272305428981781,0.004009565873383568,1.1126487841298291
29,583,0,0.9965811965811966,0.9715388731783743,0.2749723494052887,0.004370154486897275,1.3524634037436853
29,584,0,0.9982905982905983,0.9715678472379274,0.2787304222583771,0.004348129688171791,1.5261742833384624
