sequence,frame,valid,relative_phase,predicted_phase,feature_raw,time_raw,P3
03,15,0,0.02727272727272727,0.034591906274713945,0.589296817779541,nan,nan
03,16,0,0.02909090909090909,0.03587060797485133,0.5931066274642944,nan,nan
03,17,0,0.03090909090909091,0.03751448172225653,0.577485978603363,nan,nan
03,18,0,0.03272727272727273,0.03888894415258907,0.6072192192077637,nan,nan
03,19,0,0.034545454545454546,0.03867251885767577,0.5972250699996948,nan,nan
03,20,0,0.03636363636363636,0.04101268026347752,0.5931838154792786,nan,nan
03,21,0,0.038181818181818185,0.042232586415997767,0.6012222766876221,nan,nan
03,22,0,0.04,0.043646012127882675,0.6002424359321594,nan,nan
03,23,0,0.04181818181818182,0.04455884456709644,0.5997295379638672,nan,nan
03,24,0,0.04363636363636364,0.04543952473657164,0.6156925559043884,nan,nan
03,25,0,0.045454545454545456,0.046396185344109026,0.6122235655784607,nan,nan
03,26,0,0.04727272727272727,0.047287049757146996,0.5988589525222778,nan,nan
03,27,0,0.04909090909090909,0.04804776753918079,0.5862060785293579,nan,nan
03,28,0,0.05090909090909091,0.048234658738837415,0.6034207940101624,nan,nan
03,29,0,0.05272727272727273,0.04932119013339205,0.5763189792633057,0.005726096991303068,2.377603959894307
03,30,0,0.05454545454545454,0.048716366826227264,0.5744629502296448,0.007383012002659144,2.5136548825993033
03,31,0,0.056363636363636366,0.04977825241333754,0.5693179368972778,0.007238680619218577,2.2781820619797912
03,32,0,0.05818181818181818,0.049838011039123276,0.5769585967063904,0.008054905614224329,2.705705975345053
03,33,0,0.06,0.05165126917113165,0.5906113982200623,0.007040218725931041,3.1498154622555363
03,34,0,0.06181818181818182,0.05395749595802838,0.5510882139205933,0.005834883795031663,1.3284579493406723
03,35,0,0.06363636363636363,0.05453679956816444,0.5610650181770325,0.005989876577650384,1.7689190593528077
03,36,0,0.06545454545454546,0.05552796776726781,0.5624631643295288,0.0058775807465589105,1.8133148604735547
03,37,0,0.06727272727272728,0.056573380203506225,0.5612479448318481,0.005680879427419452,1.7366696874763132
03,38,0,0.06909090909090909,0.057754741527918214,0.550629198551178,0.005357699219893858,1.247408334516269
03,39,0,0.07090909090909091,0.05831516867013131,0.5563204288482666,0.005676930419919813,1.5285155945902225
03,40,0,0.07272727272727272,0.060462917519173265,0.5574485659599304,0.004444816948418315,1.4167246300735339
03,41,0,0.07454545454545454,0.061595827252050414,0.557607889175415,0.004188761201432752,1.3903267123345042
03,42,0,0.07636363636363637,0.06410349620794104,0.547134280204773,0.0028987847917254397,0.7821605808802206
03,43,0,0.07818181818181819,0.066148976069738,0.5504614114761353,0.0021854716020227494,0.8301227135570132
03,44,0,0.08,0.07251055415624778,0.5455624461174011,0.0034227740514561037,0.7836835890374946
03,45,1,0.08181818181818182,0.0795963602591052,0.5369793176651001,0.008808995345026322,1.118510916370787
03,46,1,0.08363636363636363,0.09956214209035752,0.5246345400810242,0.0266449123301524,2.904750579730718
03,47,1,0.08545454545454545,0.12817128637566128,0.5171509981155396,0.05170233296893943,5.829686045277958
03,48,1,0.08727272727272728,0.1432400254235835,0.5087197422981262,0.0613053565022524,6.716207049180403
03,49,1,0.0890909090909091,0.182867784255058,0.5032207369804382,0.09455579180047294,10.784245940881684
03,50,1,0.09090909090909091,0.18323325431278542,0.49657511711120605,0.08594509478221408,9.390714048500675
03,51,1,0.09272727272727273,0.20913755663644132,0.5194366574287415,0.10253725909382691,12.499697680831684
03,52,1,0.09454545454545454,0.19658001728724947,0.5215911269187927,0.08111875460206279,9.820762122522742
03,53,1,0.09636363636363636,0.2105204333671447,0.51441890001297,0.08339413338334505,9.812767082784228
03,54,1,0.09818181818181818,0.21475030752976362,0.5201400518417358,0.07646467306648637,9.157774037763506
03,55,1,0.1,0.20941744583264177,0.5186523795127869,0.06268849924293864,7.31362462174369
03,56,1,0.10181818181818182,0.2153504495161462,0.5153443813323975,0.05624772553601461,6.341341316312499
03,57,1,0.10363636363636364,0.21644406537569763,0.5137237906455994,0.04688323159339054,5.062085117392291
03,58,1,0.10545454545454545,0.21791317433780502,0.5185538530349731,0.03778032268161692,4.088483443954501
03,59,1,0.10727272727272727,0.22693678955417684,0.5066500306129456,0.035147321420406455,3.246376089109867
03,60,1,0.10909090909090909,0.22456587416976276,0.5283585786819458,0.02288636091910221,2.575644648587394
03,61,1,0.11090909090909092,0.22583960310145568,0.5365277528762817,0.015452405279468494,1.9585716464033582
03,62,1,0.11272727272727273,0.2221395481114451,0.5271918773651123,0.01040549885331469,0.9125234545020289
03,63,1,0.11454545454545455,0.22341783988056368,0.5159899592399597,0.006647397716373675,-0.04549772091297338
03,64,1,0.11636363636363636,0.22491617306262573,0.5165515542030334,0.005562735005083451,-0.16209500397475776
03,65,1,0.11818181818181818,0.21559608499651464,0.5110253095626831,0.014132309934647092,0.7132020085060673
03,66,1,0.12,0.2190443031597401,0.51173996925354,0.011395475981991945,0.38940504925615366
03,67,1,0.12181818181818181,0.22507582508497548,0.5125982165336609,0.008206754206496024,0.013223145493045346
03,68,1,0.12363636363636364,0.22847708590252908,0.5201157927513123,0.006575221918051897,0.11902976939505978
03,69,1,0.12545454545454546,0.23959044847113162,0.5241068601608276,0.006430244845144934,0.26846401036262657
03,70,1,0.12727272727272726,0.23280946390842053,0.5165320634841919,0.005913852422879557,-0.11751174834564149
03,71,1,0.1290909090909091,0.22343299315318083,0.5221283435821533,0.013783759017546943,1.1360064416861728
03,72,1,0.13090909090909092,0.22858015562586476,0.536003828048706,0.009785647121522436,1.203699470693146
03,73,1,0.13272727272727272,0.22997766964551974,0.5128830075263977,0.00906426637969603,0.13611290631436093
03,74,1,0.13454545454545455,0.23840225378992483,0.5154736638069153,0.005688941177102633,-0.19119655437230676
03,75,1,0.13636363636363635,0.24162623961209626,0.5292003750801086,0.005206948992416178,0.32491262722320513
03,76,1,0.13818181818181818,0.24328746941626223,0.5142184495925903,0.004626326426733723,-0.38150228197212366
03,77,1,0.14,0.24655296067183247,0.5239866375923157,0.005329703719250306,0.12108191653817904
03,78,1,0.14181818181818182,0.2510151753294193,0.5032958388328552,0.007591849626299365,-0.45829119723077394
03,79,1,0.14363636363636365,0.24427665551319444,0.511564314365387,0.0048842306697445435,-0.459995644429523
03,80,1,0.14545454545454545,0.2514320666922959,0.5079237818717957,0.004977580267309731,-0.6013346761146408
03,81,1,0.14727272727272728,0.2472046762073545,0.5104554295539856,0.004964632331532006,-0.49632647533381224
03,82,1,0.14909090909090908,0.24531684566608117,0.5149521827697754,0.006930862013097174,-0.0525731259745108
03,83,1,0.1509090909090909,0.26207600064209124,0.5159400105476379,0.009275555715070964,0.29225649659527736
03,84,1,0.15272727272727274,0.25175777374216185,0.49714457988739014,0.005004617746293051,-1.0520693263179568
03,85,1,0.15454545454545454,0.2574810510576559,0.5101117491722107,0.004496696795915593,-0.5713198875478275
03,86,1,0.15636363636363637,0.2567460747417107,0.500342607498169,0.004052441740502108,-1.0404360014297183
03,87,1,0.15818181818181817,0.2580344070517696,0.4962065517902374,0.003855371975557648,-1.2402116160481107
03,88,1,0.16,0.2608819964927592,0.5116913914680481,0.0033263611542482274,-0.6560958440950544
03,89,1,0.1618181818181818,0.27107633736160713,0.5083796977996826,0.0072488514246198356,-0.2884141951335555
03,90,1,0.16363636363636364,0.27875307462767435,0.4987885653972626,0.012652521637707201,0.006192673199092891
03,91,1,0.16545454545454547,0.2807055534449368,0.5049986243247986,0.01207174293986879,0.19277878816687444
03,92,1,0.16727272727272727,0.2970646300457582,0.5027213096618652,0.02599134862832559,1.8968210780526098
03,93,1,0.1690909090909091,0.2986129050541803,0.5059010982513428,0.024271736565701727,1.8084451801442119
03,94,1,0.1709090909090909,0.2921614984544856,0.5087245106697083,0.01626751198992649,0.8923599859454902
03,95,1,0.17272727272727273,0.28985259088793225,0.4981035888195038,0.012766516627141036,-0.007930739343965043
03,96,1,0.17454545454545456,0.29464135330753355,0.5047268867492676,0.013184298190844752,0.32519744916725835
03,97,1,0.17636363636363636,0.28663785695151994,0.49615180492401123,0.009324722438465561,-0.5352521041548124
03,98,1,0.1781818181818182,0.2866853252083094,0.4985859990119934,0.009503857658844954,-0.4095114120449362
03,99,1,0.18,0.28009749174599025,0.5027264356613159,0.01237549491666717,0.13630926999211612
03,100,1,0.18181818181818182,0.29856819095541565,0.5020408630371094,0.009360015447885336,-0.28252579960338164
03,101,1,0.18363636363636363,0.2924382807453623,0.4976126551628113,0.008523675118938642,-0.577279559172434
03,102,1,0.18545454545454546,0.2897453392868094,0.5021196603775024,0.010664857832574167,-0.11047022463836909
03,103,1,0.18727272727272729,0.2875014758298457,0.5037631392478943,0.013679545924755097,0.34862827045705125
03,104,1,0.1890909090909091,0.29750919927436725,0.5003065466880798,0.007934368406530471,-0.5399660400310748
03,105,1,0.19090909090909092,0.2928227241261328,0.5052000284194946,0.011421434296033725,0.11717151006111515
03,106,1,0.19272727272727272,0.3040122321545667,0.5031698346138,0.007952024808313609,-0.4170250746366071
03,107,1,0.19454545454545455,0.3062829261234647,0.5013766884803772,0.006914175260995134,-0.6267965238662677
03,108,1,0.19636363636363635,0.3087042103100528,0.507523775100708,0.006074308746953278,-0.4763678560899342
03,109,1,0.19818181818181818,0.30867416844539813,0.5196358561515808,0.005022749800482567,-0.10195176762883586
03,110,1,0.2,0.3184457506470558,0.5169432759284973,0.010403677380047747,0.48041620377686256
03,111,1,0.2018181818181818,0.32047303609022904,0.5282984972000122,0.010730648727540775,1.0012025492767658
03,112,1,0.20363636363636364,0.3211558826112409,0.5155976414680481,0.009239611041875257,0.2731810403621914
03,113,1,0.20545454545454545,0.320888783891152,0.5278018712997437,0.007352426045587925,0.5434216437259011
03,114,1,0.20727272727272728,0.3202555067393071,0.5255348086357117,0.005434922950566782,0.1999275623208515
03,115,1,0.20909090909090908,0.33325682564079534,0.5211119651794434,0.01417269938734324,1.1434723316215591
03,116,1,0.2109090909090909,0.3299800849426358,0.502849817276001,0.008690995991999849,-0.334950752901491
03,117,1,0.21272727272727274,0.3407502404616026,0.5130804777145386,0.015876593454489146,1.02536713612215
03,118,1,0.21454545454545454,0.32849767389047135,0.509143590927124,0.005505723533668158,-0.48163583923728026
03,119,1,0.21636363636363637,0.3367490147674068,0.5115548372268677,0.007386392640189551,-0.13682909087764666
03,120,1,0.21818181818181817,0.32922587192278,0.5153693556785583,0.005422356818434585,-0.23006528741102017
03,121,1,0.22,0.33664540833744094,0.5113404989242554,0.004287482291565155,-0.5465953720671474
03,122,1,0.22181818181818183,0.3366964557459949,0.5233654379844666,0.004021862939543273,-0.07421799545950902
03,123,1,0.22363636363636363,0.33719975667815405,0.5108597874641418,0.004156772531948673,-0.5837550206575359
03,124,1,0.22545454545454546,0.3372328681183908,0.5101722478866577,0.004975717101371576,-0.5068262085345345
03,125,1,0.22727272727272727,0.3375198994208841,0.510367214679718,0.0058569335156120434,-0.3846562983526855
03,126,1,0.2290909090909091,0.3428486646921513,0.5014538168907166,0.0035788069917176515,-1.0548579681531418
03,127,1,0.2309090909090909,0.3388262094411168,0.520430326461792,0.007317741024776893,0.22830260057475282
03,128,1,0.23272727272727273,0.3384077053766236,0.5064113736152649,0.009017489771410427,-0.14264789097513264
03,129,1,0.23454545454545456,0.3328990286803599,0.5007408857345581,0.015822752084625306,0.49841950396965073
03,130,1,0.23636363636363636,0.3457700562868537,0.519773542881012,0.0053533772876491635,-0.0533947670351278
03,131,1,0.2381818181818182,0.33253010558368473,0.5183804631233215,0.01729397335157067,1.43199409299323
03,132,1,0.24,0.33609301585109025,0.5129904747009277,0.013410355935476098,0.702654085045307
03,133,1,0.24181818181818182,0.33263239913900505,0.5189052820205688,0.017147051730728995,1.4351106368761912
03,134,1,0.24363636363636362,0.3294063517623473,0.504289984703064,0.020079055133929494,1.1983788829323405
03,135,1,0.24545454545454545,0.32644683207891456,0.4968407154083252,0.023051466234474162,1.268845806180011
03,136,1,0.24727272727272728,0.32290534275935967,0.49841588735580444,0.02586448582127717,1.6989872072271273
03,137,1,0.24909090909090909,0.3339139582952752,0.5226420760154724,0.015782556949811444,1.4161285367478376
03,138,1,0.2509090909090909,0.3279014811687873,0.5120217800140381,0.0198772184098682,1.4980930279954714
03,139,1,0.25272727272727274,0.3314277732215664,0.5194342732429504,0.016206827055977178,1.3358173838292562
03,140,1,0.2545454545454545,0.33565639735673863,0.5169175267219543,0.012730636010736724,0.7802407205779307
03,141,1,0.25636363636363635,0.3303527176267441,0.5127936601638794,0.015581918678617869,0.9751750343258376
03,142,1,0.2581818181818182,0.33952171258114056,0.5156986117362976,0.009149173634841083,0.2657410131451129
03,143,1,0.26,0.3473853874263091,0.5296894907951355,0.008385748673886098,0.756588763831219
03,144,1,0.26181818181818184,0.3535992427773613,0.5273707509040833,0.00998545421814591,0.8657432319722637
03,145,1,0.2636363636363636,0.36088533204083534,0.5131016373634338,0.013882405690716129,0.7683813278198138
03,146,1,0.26545454545454544,0.358891749283742,0.5082290768623352,0.010529412810039305,0.12946297850953026
03,147,1,0.2672727272727273,0.3556688202154928,0.5028026700019836,0.007481939553869364,-0.4932860922155983
03,148,1,0.2690909090909091,0.3529007519133986,0.5051475763320923,0.005979707670619338,-0.5887331564173348
03,149,1,0.27090909090909093,0.3581885112037937,0.507342517375946,0.0070738432984409514,-0.354751632042195
03,150,1,0.2727272727272727,0.35286314061118257,0.4967189431190491,0.006383902933895168,-0.8916438536800398
03,151,1,0.27454545454545454,0.3626616191479117,0.5231678485870361,0.006552922691798325,0.24475849073884845
03,152,1,0.27636363636363637,0.36246053151724306,0.5148464441299438,0.005772591438971344,-0.206810130057837
03,153,1,0.2781818181818182,0.3668650563720958,0.5066980719566345,0.005888229907771208,-0.53522533445849
03,154,1,0.28,0.368500589072852,0.5120719075202942,0.005028105336926008,-0.420000798724781
03,155,1,0.2818181818181818,0.36961049830729337,0.5142546892166138,0.0042119177593797005,-0.43356422447540177
03,156,1,0.28363636363636363,0.3852045161831919,0.5089325308799744,0.01461371663004928,0.6872660882939698
03,157,1,0.28545454545454546,0.38012091299041206,0.5019469261169434,0.007398388829081866,-0.5401510990186782
03,158,1,0.2872727272727273,0.3878099794562695,0.5142350792884827,0.011730745314896164,0.537903123910632
03,159,1,0.28909090909090907,0.3839210480677151,0.5183767676353455,0.0070991659719266565,0.11350157290764644
03,160,1,0.2909090909090909,0.39504804427160745,0.5104608535766602,0.014766903156183262,0.7714782016936117
03,161,1,0.2927272727272727,0.3941845650142165,0.520528256893158,0.01168672741775349,0.797402798898579
03,162,1,0.29454545454545455,0.3927599166558973,0.5209999084472656,0.009042022070317532,0.4752791479788053
03,163,1,0.2963636363636364,0.4031262251887987,0.5118296146392822,0.014664283749868239,0.8158870300065496
03,164,1,0.29818181818181816,0.3963109304669272,0.5208365321159363,0.007663455300980201,0.2901258156414056
03,165,1,0.3,0.40530690137238945,0.5221522450447083,0.010705268166969598,0.7389200208537535
03,166,1,0.3018181818181818,0.3973872186391751,0.5045260787010193,0.0062612569666462715,-0.5785143855911206
03,167,1,0.30363636363636365,0.3968745273713812,0.518336832523346,0.0062177359323998625,-0.0021629929948025067
03,168,1,0.3054545454545455,0.39030718134688924,0.516548216342926,0.012152398962501578,0.6899036821655284
03,169,1,0.30727272727272725,0.39201384997811645,0.5027877688407898,0.01200461203112807,0.09093327556109099
03,170,1,0.3090909090909091,0.3954412229649699,0.5074416995048523,0.010671644197214407,0.11467581733458226
03,171,1,0.3109090909090909,0.39122945530424746,0.5191435813903809,0.015119171485617524,1.1829180764879346
03,172,1,0.31272727272727274,0.3962314172024413,0.5168903470039368,0.0113827010425439,0.6047877928024504
03,173,1,0.3145454545454546,0.39714175486557407,0.5171282291412354,0.01096140104611811,0.5603318310616182
03,174,1,0.31636363636363635,0.39811194163514124,0.5111814737319946,0.010831606747869036,0.2929537965889961
03,175,1,0.3181818181818182,0.3957477314545459,0.5203063488006592,0.013159079922561958,0.9784482683426281
03,176,1,0.32,0.39918285699155304,0.5038527846336365,0.010083799512397946,-0.11257639276572151
03,177,1,0.32181818181818184,0.40248435166909186,0.5107027292251587,0.007851878111086298,-0.11254252178602894
03,178,1,0.3236363636363636,0.4115324382501896,0.5091607570648193,0.007049534256577876,-0.28127529699333875
03,179,1,0.32545454545454544,0.405814322012692,0.5049465298652649,0.005535189331337355,-0.6546878521940815
03,180,1,0.32727272727272727,0.4171508947733925,0.5009856224060059,0.007424623838304417,-0.5772674606726591
03,181,1,0.3290909090909091,0.41043507079687536,0.520641565322876,0.0032907730182085834,-0.2835413859898763
03,182,1,0.33090909090909093,0.41156637392639306,0.5118713974952698,0.0026607904511396587,-0.7345784337928074
03,183,1,0.3327272727272727,0.4128817589810271,0.5062282085418701,0.002590770713158802,-0.9814345872935787
03,184,1,0.33454545454545453,0.4116406336235625,0.5154758095741272,0.004391178861627,-0.3589256653219617
03,185,1,0.33636363636363636,0.404186978257513,0.5070838332176208,0.012914396939635,0.3896160161067908
03,186,1,0.3381818181818182,0.41328641270612976,0.5024752616882324,0.005797877213301011,-0.7248566808406599
03,187,1,0.34,0.4135188700113505,0.5076988339424133,0.006574300220622394,-0.4043347851115818
03,188,1,0.3418181818181818,0.4150967100376374,0.504802942276001,0.006149118012893415,-0.5813486690977472
03,189,1,0.34363636363636363,0.41698781649954264,0.5204195976257324,0.005536921856155427,-0.0024353138834325716
03,190,1,0.34545454545454546,0.4209579828952889,0.5199829339981079,0.0045081747947638825,-0.15386808322224446
03,191,1,0.3472727272727273,0.4203691929351113,0.5102995038032532,0.005221970787079986,-0.469619517010858
03,192,1,0.3490909090909091,0.42464321149178064,0.5035751461982727,0.004272098543984715,-0.8758133770011993
03,193,1,0.3509090909090909,0.4320480734173234,0.5219559669494629,0.006158343209574475,0.14266545075073486
03,194,1,0.3527272727272727,0.439836007942809,0.5300121903419495,0.011202418112412784,1.134423489238098
03,195,1,0.35454545454545455,0.4425621926267375,0.5198671817779541,0.012153382284188299,0.8298906324597933
03,196,1,0.3563636363636364,0.4400051460571678,0.5304188132286072,0.008370296592917093,0.7853239224425785
03,197,1,0.35818181818181816,0.4379840720141626,0.5256354808807373,0.006033849343008853,0.28161973692947084
03,198,1,0.36,0.4416907973261175,0.5240099430084229,0.006964413694269003,0.3334557600440525
03,199,1,0.3618181818181818,0.44033548285802077,0.5170466899871826,0.005627794964428466,-0.13281699401280983
03,200,1,0.36363636363636365,0.44294878232133356,0.5174220204353333,0.004874338447096832,-0.21443360900224434
03,201,1,0.3654545454545455,0.4353840333949581,0.5094572901725769,0.007991151584165319,-0.14701470935687094
03,202,1,0.36727272727272725,0.4409919048487979,0.5034047961235046,0.005361641032928103,-0.7420981744816515
03,203,1,0.3690909090909091,0.4378598909069892,0.5147665143013,0.008926748228903414,0.1976999851430149
03,204,1,0.3709090909090909,0.43777505505833203,0.5093640685081482,0.010502446535235318,0.17380391263272071
03,205,1,0.37272727272727274,0.43783784565689043,0.5199249386787415,0.011640875376894285,0.7660498903960006
03,206,1,0.37454545454545457,0.4398973829071994,0.5138890743255615,0.010880776804003718,0.41340933760531273
03,207,1,0.37636363636363634,0.4384564561162036,0.510552167892456,0.013359609498809544,0.5933426207350957
03,208,1,0.3781818181818182,0.43726350962418364,0.5098382830619812,0.015010297612178073,0.776717786196345
03,209,1,0.38,0.4391793897947689,0.5160706043243408,0.012941822890450335,0.7718613043006884
03,210,1,0.38181818181818183,0.4364075564819801,0.5132461786270142,0.015440872100767769,0.9760045971139317
03,211,1,0.3836363636363636,0.4374882853470958,0.5187131762504578,0.014103172551710107,1.033397555360652
03,212,1,0.38545454545454544,0.43528285439627057,0.5132899880409241,0.016273190169173397,1.085481532656315
03,213,1,0.38727272727272727,0.44192279280711766,0.5178253054618835,0.01009024511767823,0.4770532055357902
03,214,1,0.3890909090909091,0.43815615399525665,0.5157232880592346,0.013055559642990886,0.7719333600057168
03,215,1,0.39090909090909093,0.44192651035197206,0.5160936713218689,0.00946042138231815,0.3226375144239847
03,216,1,0.3927272727272727,0.4439131464788062,0.5244364142417908,0.008064895005655373,0.49373530753065487
03,217,1,0.39454545454545453,0.445044655015937,0.5223084092140198,0.006938987738976238,0.25846590365666205
03,218,1,0.39636363636363636,0.4348191779352289,0.5093807578086853,0.017239382443725294,1.0456909389413953
03,219,1,0.3981818181818182,0.4418892504925574,0.5325027108192444,0.010725644333040643,1.1777191829802782
03,220,1,0.4,0.4360113203717881,0.5139739513397217,0.01612549198663495,1.0952039332505945
03,221,1,0.4018181818181818,0.4456800857833639,0.5201617479324341,0.008198258013229444,0.3308484620059958
03,222,1,0.4036363636363636,0.43789233549606804,0.5364813208580017,0.01448287451462278,1.8312405991481284
03,223,1,0.40545454545454546,0.4470318645468046,0.5307578444480896,0.007830065028149293,0.7297507593575737
03,224,1,0.4072727272727273,0.4432718459586865,0.515923023223877,0.010059639644269631,0.3929341080893107
03,225,1,0.4090909090909091,0.451583883046977,0.5244118571281433,0.005934954725108553,0.2172682404669979
03,226,1,0.4109090909090909,0.448761421688176,0.5232994556427002,0.0070160373947701525,0.3101918194048012
03,227,1,0.4127272727272727,0.45512475956473997,0.5231907963752747,0.0051547028042778125,0.06491534371773308
03,228,1,0.41454545454545455,0.45685387026622104,0.5410685539245605,0.004404381536582491,0.7212489996633142
03,229,1,0.4163636363636364,0.46069929042725194,0.5273250937461853,0.005122743760273606,0.23500010842457994
03,230,1,0.41818181818181815,0.4624561204640103,0.5247301459312439,0.00480803315887255,0.08495345500399837
03,231,1,0.42,0.4616597387777167,0.5289364457130432,0.0033233341885430664,0.07021198007167512
03,232,1,0.4218181818181818,0.47098135310695616,0.5246463418006897,0.009409694814603648,0.6764837299674743
03,233,1,0.42363636363636364,0.47426323291575284,0.5279938578605652,0.010108562111134116,0.9079203343841822
03,234,1,0.4254545454545455,0.4754838723057463,0.530617356300354,0.009084938967938811,0.8861040907679092
03,235,1,0.42727272727272725,0.4778794032164915,0.5155181884765625,0.008592837100647543,0.18619565247026637
03,236,1,0.4290909090909091,0.47891251290197656,0.5181002020835876,0.007484392941676458,0.151662665273261
03,237,1,0.4309090909090909,0.4794507560334433,0.5223952531814575,0.005753295617490446,0.10879824408035796
03,238,1,0.43272727272727274,0.47743373758706453,0.5218351483345032,0.004604766049764961,-0.06332590508502209
03,239,1,0.43454545454545457,0.48218852647012794,0.5182123184204102,0.004299137518978411,-0.25551262944617475
03,240,1,0.43636363636363634,0.4880933012695661,0.529395341873169,0.0066349550553504374,0.5177903875384119
03,241,1,0.4381818181818182,0.49815616341524294,0.5432506203651428,0.01388839723092794,2.039621448117089
03,242,1,0.44,0.5004023048423497,0.5316610336303711,0.013060866954427366,1.444229495594277
03,243,1,0.44181818181818183,0.5079715517897729,0.5385397672653198,0.017519511432127106,2.3106639520220837
03,244,1,0.44363636363636366,0.5165479840751284,0.5695832967758179,0.022719353620159612,4.291240272512278
03,245,1,0.44545454545454544,0.5196837300080162,0.5704824924468994,0.021991395009396113,4.234996365293225
03,246,1,0.44727272727272727,0.5227432563921948,0.571870744228363,0.020906350591410477,4.153184688913601
03,247,1,0.4490909090909091,0.5247112138410289,0.570423424243927,0.019177029234156158,3.868568849794247
03,248,1,0.4509090909090909,0.5267785393522358,0.5719654560089111,0.017640927536414792,3.734909133356823
03,249,1,0.4527272727272727,0.5268240045897523,0.5807300209999084,0.014586452703728051,3.7092561780959485
03,250,1,0.45454545454545453,0.5282449493131685,0.5766504406929016,0.012669553412399162,3.2894614543305383
03,251,1,0.45636363636363636,0.52812695589551,0.5681185126304626,0.01061753468355213,2.66457378141815
03,252,1,0.4581818181818182,0.5316087733306835,0.5780042409896851,0.009055447496842058,2.879153591002137
03,253,1,0.46,0.5329708360375307,0.5616282224655151,0.00687781020759956,1.9074749746879995
03,254,1,0.4618181818181818,0.5345665410104298,0.5723682045936584,0.0049628792358222895,2.11242484432292
03,255,1,0.4636363636363636,0.5347192150359517,0.5588467121124268,0.003883103641499179,1.4030042184897316
03,256,1,0.46545454545454545,0.5368808083616312,0.5736968517303467,0.0027420622941660886,1.8812295557725303
03,257,1,0.4672727272727273,0.5380614769070461,0.5570725202560425,0.0021733988216229762,1.1071508410872133
03,258,1,0.4690909090909091,0.5391442068264177,0.5574353337287903,0.0023369742752717246,1.1435923306091742
03,259,1,0.4709090909090909,0.53935044220775,0.5494682192802429,0.0037447548047458653,0.989908001697064
03,260,1,0.4727272727272727,0.5404783832198594,0.5501701831817627,0.004021578949760263,1.0552858481753002
03,261,1,0.47454545454545455,0.5410735952032582,0.5379220247268677,0.004693161739766145,0.6259990750983981
03,262,1,0.4763636363636364,0.5430051519564623,0.5355566740036011,0.003963741352997574,0.431999541726696
03,263,1,0.4781818181818182,0.5434070253086632,0.5452194809913635,0.004687516917679308,0.9327808223074465
03,264,1,0.48,0.5464114731816645,0.5383457541465759,0.00309069764759886,0.43663295093847615
03,265,1,0.4818181818181818,0.546907485883398,0.5434404015541077,0.0036841487900728972,0.728061086491723
03,266,1,0.48363636363636364,0.5497312023610932,0.5344135761260986,0.002547683029846247,0.20071295700886238
03,267,1,0.48545454545454547,0.5497554340549824,0.5486052632331848,0.003457144143196215,0.9163511612560992
03,268,1,0.48727272727272725,0.5530899519032187,0.5407533049583435,0.0019003234753855575,0.3841534340049796
03,269,1,0.4890909090909091,0.5551437993103869,0.5432237386703491,0.001540569715185555,0.4417350695694242
03,270,1,0.4909090909090909,0.5591525505521143,0.5263650417327881,0.0023651817464988715,-0.16204892972737878
03,271,1,0.49272727272727274,0.5640379048223136,0.5288030505180359,0.005253588383052241,0.314200690279703
03,272,1,0.49454545454545457,0.5694778353173926,0.532691240310669,0.008838059741326376,0.9415716085048488
03,273,1,0.49636363636363634,0.5731455688154983,0.5473435521125793,0.010339105490076703,1.753120834664788
03,274,1,0.49818181818181817,0.5811802589478675,0.5469545722007751,0.015959858007606773,2.463574394663337
03,275,1,0.5,0.5861277374636837,0.5372107625007629,0.01800005968570814,2.316802131026332
03,276,1,0.5018181818181818,0.5937208490558079,0.5346704721450806,0.022375018259230477,2.775501116679447
03,277,1,0.5036363636363637,0.6004330649878942,0.5351950526237488,0.025464684398506337,3.197145460631071
03,278,1,0.5054545454545455,0.609970705765776,0.5286613702774048,0.030929036627871616,3.628439041398855
03,279,1,0.5072727272727273,0.6107453963924373,0.5314120650291443,0.02729565381889767,3.2745029340255174
03,280,1,0.509090909090909,0.615599507846281,0.524887204170227,0.027458042773151652,3.0205473236124747
03,281,1,0.5109090909090909,0.6167187167869905,0.5223526358604431,0.023955027597570653,2.4607509077685163
03,282,1,0.5127272727272727,0.6170937627022828,0.5224026441574097,0.019924909590284524,1.9417053928890837
03,283,1,0.5145454545454545,0.6216644585868087,0.5176874399185181,0.019463322155375076,1.6833187254180961
03,284,1,0.5163636363636364,0.6268046237665179,0.5383322238922119,0.019852011672482683,2.603544350613685
03,285,1,0.5181818181818182,0.6303979304285636,0.5400397181510925,0.01861302739064243,2.515278754333834
03,286,1,0.52,0.630671905903629,0.541784405708313,0.014350403521576302,2.0375799152427785
03,287,1,0.5218181818181818,0.628983419599866,0.5309353470802307,0.009674789478871829,0.9757803326376615
03,288,1,0.5236363636363637,0.6352443524545572,0.530184268951416,0.010395304144263066,1.0373032397739719
03,289,1,0.5254545454545455,0.6333855040098064,0.5263594388961792,0.006303470053710866,0.3469928972471775
03,290,1,0.5272727272727272,0.6334164319542317,0.532198429107666,0.004262738615575128,0.32914922194307733
03,291,1,0.5290909090909091,0.6343914146229178,0.5243296027183533,0.0032283913064696385,-0.1361959201236302
03,292,1,0.5309090909090909,0.6356747747246796,0.5282975435256958,0.002661603928646066,-0.04228242852683278
03,293,1,0.5327272727272727,0.638812446617504,0.5334258079528809,0.0022834113079307247,0.12491465079801445
03,294,1,0.5345454545454545,0.635697255034918,0.5290078520774841,0.00552613791350919,0.35807555721047213
03,295,1,0.5363636363636364,0.6407195461794624,0.531426727771759,0.002669500664529953,0.09060122809681259
03,296,1,0.5381818181818182,0.6398346382352305,0.5398895144462585,0.004644624106386325,0.7026316338968859
03,297,1,0.54,0.6357095391934189,0.5452346205711365,0.010288100334583801,1.657655647981184
03,298,1,0.5418181818181819,0.6391285968488505,0.5220162868499756,0.008118157691933161,0.39863980766385276
03,299,1,0.5436363636363636,0.637038852812719,0.5240678191184998,0.010842290550208172,0.8373604840092392
03,300,1,0.5454545454545454,0.6370915259813636,0.5205795168876648,0.011263968980431758,0.7448940617866183
03,301,1,0.5472727272727272,0.6360793172904948,0.5432332158088684,0.01273472196256734,1.8897010445994988
03,302,1,0.5490909090909091,0.6381433690991072,0.5342863202095032,0.01122984269462024,1.318079902024745
03,303,1,0.5509090909090909,0.6403989430142545,0.5191175937652588,0.009340707410048608,0.43458356381865393
03,304,1,0.5527272727272727,0.629332253117882,0.5456897020339966,0.02069666851658209,3.0228117602963396
03,305,1,0.5545454545454546,0.6331764802298185,0.5156275033950806,0.016867347808144365,1.2608166558326663
03,306,1,0.5563636363636364,0.6313811891142729,0.5247629880905151,0.01826922443237342,1.8270651235857833
03,307,1,0.5581818181818182,0.632440389304348,0.5300093293190002,0.016903339555840693,1.871514942586002
03,308,1,0.56,0.6328113975019836,0.5319746136665344,0.016077184407265393,1.847497319187547
03,309,1,0.5618181818181818,0.6341072648601307,0.508475124835968,0.014575184368194374,0.6630084104549407
03,310,1,0.5636363636363636,0.6363063191042908,0.5203108787536621,0.01198962392103307,0.8274114975217977
03,311,1,0.5654545454545454,0.6369795845919344,0.5207149982452393,0.01097853603279988,0.7136925591973939
03,312,1,0.5672727272727273,0.641064609514594,0.5299379825592041,0.008014399948781845,0.7190393127644039
03,313,1,0.5690909090909091,0.6397781300222563,0.5364238023757935,0.008408994749925076,1.0433758465700267
03,314,1,0.5709090909090909,0.6435839529501568,0.5390385985374451,0.005610120787571372,0.7916271553163153
03,315,1,0.5727272727272728,0.6412458931283986,0.5267764329910278,0.007600639085092008,0.5323076635455569
03,316,1,0.5745454545454546,0.6466257012684,0.5401440858840942,0.0036744195511276556,0.5878976134275833
03,317,1,0.5763636363636364,0.6440518469419395,0.5253917574882507,0.005769607272065181,0.23717899577926035
03,318,1,0.5781818181818181,0.6516627461958664,0.5175119638442993,0.0023111710978702357,-0.5420982304223605
03,319,1,0.58,0.6500559211704287,0.5322213172912598,0.0022955441136170212,0.07572687450571725
03,320,1,0.5818181818181818,0.6567712286344443,0.5203076601028442,0.003888143138562459,-0.22036336961961703
03,321,1,0.5836363636363636,0.655270768069625,0.5234716534614563,0.0015589717232256366,-0.3882297571739746
03,322,1,0.5854545454545454,0.6589024445932343,0.5285037159919739,0.002755667759784757,-0.021430587693067604
03,323,1,0.5872727272727273,0.6549785464061171,0.5112760066986084,0.00333967984125991,-0.6718776818535723
03,324,1,0.5890909090909091,0.6572668059234954,0.5164361596107483,0.0027952832834984903,-0.5248294204578884
03,325,1,0.5909090909090909,0.6548719089593067,0.5310953855514526,0.006307121803852978,0.547035900378959
03,326,1,0.5927272727272728,0.6534444356258078,0.5174999833106995,0.009012618306449907,0.3239914564740296
03,327,1,0.5945454545454546,0.6612132700344981,0.5248590707778931,0.0034423873736935486,-0.08621155887252296
03,328,1,0.5963636363636363,0.6591091864635423,0.5243675112724304,0.006087388634561433,0.23511144534860046
03,329,1,0.5981818181818181,0.6670635406512558,0.5243951082229614,0.0032835072064021148,-0.12630825893788394
03,330,1,0.6,0.6617707463975842,0.5114362835884094,0.006274030802465794,-0.28566944657362636
03,331,1,0.6018181818181818,0.6674468892253295,0.5251375436782837,0.0036209979298523617,-0.05137988789922121
03,332,1,0.6036363636363636,0.6667494780785022,0.513076901435852,0.00462179279710826,-0.43019290022816825
03,333,1,0.6054545454545455,0.6679255347220249,0.5231717824935913,0.004299758619882141,-0.04644260434569236
03,334,1,0.6072727272727273,0.6731362979410347,0.5231327414512634,0.0033170930275281743,-0.17516072315110748
03,335,1,0.6090909090909091,0.6720498802775294,0.5139159560203552,0.0030953340520479605,-0.5922288022491726
03,336,1,0.610909090909091,0.6765765775947002,0.5079715251922607,0.00270584772261679,-0.8930908345765658
03,337,1,0.6127272727272727,0.6810750270047058,0.5126421451568604,0.004512787749414867,-0.46260928225396625
03,338,1,0.6145454545454545,0.6760570493759217,0.5125407576560974,0.002789661256847341,-0.6897070126236875
03,339,1,0.6163636363636363,0.6749158632536075,0.5041664838790894,0.004852570576755896,-0.775831186487546
03,340,1,0.6181818181818182,0.678204721960407,0.5112982988357544,0.0033643160341706615,-0.6677524827967409
03,341,1,0.62,0.6814695346814563,0.5111741423606873,0.002407247747845735,-0.7967472259825514
03,342,1,0.6218181818181818,0.678454559447234,0.5151602029800415,0.005961053331405031,-0.16921760317731505
03,343,1,0.6236363636363637,0.6872454819579852,0.5126772522926331,0.002957339730805001,-0.6622719224786302
03,344,1,0.6254545454545455,0.6860144138516536,0.5240713357925415,0.002405570321448757,-0.25348189311087277
03,345,1,0.6272727272727273,0.6843300438623301,0.5088304281234741,0.004752368441956277,-0.5922521513650136
03,346,1,0.6290909090909091,0.6840135592434888,0.5193691849708557,0.006163063276685261,0.03426993113174068
03,347,1,0.6309090909090909,0.6814513674793446,0.5156493782997131,0.00995840369547135,0.36831154749063943
03,348,1,0.6327272727272727,0.6770535468230098,0.5227800011634827,0.01532235526304335,1.3624298759048168
03,349,1,0.6345454545454545,0.6849948788308586,0.503282368183136,0.008573893139843141,-0.3318663426381422
03,350,1,0.6363636363636364,0.6754187766498381,0.53444504737854,0.018161571681593935,2.2211419204410423
03,351,1,0.6381818181818182,0.6752207218244635,0.5234895348548889,0.018276926439478387,1.7743983270755264
03,352,1,0.64,0.675371717868603,0.5117356777191162,0.017707765739607306,1.2054950318057611
03,353,1,0.6418181818181818,0.6822123391867967,0.5169952511787415,0.012309484171157351,0.7290549410989812
03,354,1,0.6436363636363637,0.6896286604655602,0.5146921873092651,0.009023264039750933,0.20704877466689142
03,355,1,0.6454545454545455,0.681952516132289,0.5244231820106506,0.012627676207548085,1.0832116444569488
03,356,1,0.6472727272727272,0.6787272568464986,0.5124421715736389,0.01567494564612996,0.9723931937657733
03,357,1,0.649090909090909,0.6854672048042257,0.5242931246757507,0.009929834127674522,0.7288608848061906
03,358,1,0.6509090909090909,0.6888730056666571,0.5114316344261169,0.007617019177947068,-0.11219744062872981
03,359,1,0.6527272727272727,0.6927440693067121,0.5146283507347107,0.006154391290742383,-0.16662822204727823
03,360,1,0.6545454545454545,0.6897140274228919,0.5153369307518005,0.006093758562863541,-0.1446096544707059
03,361,1,0.6563636363636364,0.6951745763186129,0.5102369785308838,0.004255238399923612,-0.597266856237392
03,362,1,0.6581818181818182,0.7021288188279491,0.5116934776306152,0.006501501282950328,-0.24541615915740528
03,363,1,0.66,0.7059096238225389,0.507173478603363,0.00803904446046008,-0.2370603128990239
03,364,1,0.6618181818181819,0.7129833456284982,0.5242606401443481,0.013211090884428098,1.1518061979967493
03,365,1,0.6636363636363637,0.7132381646232782,0.5136837363243103,0.010988865505659489,0.4187339219089362
03,366,1,0.6654545454545454,0.7301062688932665,0.5196414589881897,0.024935299022233886,2.473266412113424
03,367,1,0.6672727272727272,0.7289707281125606,0.5124077200889587,0.020294909404048593,1.5683698961124262
03,368,1,0.6690909090909091,0.7441557551373168,0.5132918357849121,0.031735289555539406,3.085033615495512
03,369,1,0.6709090909090909,0.7480955675830753,0.5084742307662964,0.03178030952474383,2.8878435244875593
03,370,1,0.6727272727272727,0.7397131798122139,0.5132239460945129,0.021233181179365426,1.7240974929931392
03,371,1,0.6745454545454546,0.7490774226305046,0.5228461623191833,0.02405087237181342,2.4939420255200324
03,372,1,0.6763636363636364,0.7496536438925487,0.5117782950401306,0.02056418019222014,1.576666819368877
03,373,1,0.6781818181818182,0.7419981960065438,0.5234183669090271,0.014313161780734293,1.2588269493666502
03,374,1,0.68,0.7527803990159868,0.5178194642066956,0.015984926743879014,1.2390750814444942
03,375,1,0.6818181818181818,0.7457930975400863,0.5215384364128113,0.011040672774804517,0.7564270775358126
03,376,1,0.6836363636363636,0.7436318002392319,0.5264168381690979,0.010198747759485509,0.8531277103331648
03,377,1,0.6854545454545454,0.7424675867433853,0.5333924889564514,0.010567474165159003,1.1947603534373799
03,378,1,0.6872727272727273,0.7492028158622821,0.5161885023117065,0.007308562693476349,0.04836704247260632
03,379,1,0.6890909090909091,0.7446356038844291,0.523902177810669,0.010536507226168692,0.7908382008118547
03,380,1,0.6909090909090909,0.7474708752988131,0.5090828537940979,0.009016644252401531,-0.030182189811692905
03,381,1,0.6927272727272727,0.7430005524815213,0.5213822722434998,0.014564799163644615,1.205567157331979
03,382,1,0.6945454545454546,0.7478307478632161,0.5150583982467651,0.011184220167221967,0.5019237885047921
03,383,1,0.6963636363636364,0.7489890455662549,0.5112819075584412,0.01021135120657155,0.2169779773359509
03,384,1,0.6981818181818182,0.7493805789669872,0.5115808844566345,0.009697029166275293,0.16306742033438573
03,385,1,0.7,0.7554497357582605,0.5320896506309509,0.00645566034933132,0.608142001358272
03,386,1,0.7018181818181818,0.7570670015063821,0.5265509486198425,0.005236040452372033,0.21702887115419875
03,387,1,0.7036363636363636,0.7600354854414465,0.5260660648345947,0.004237702118655485,0.06749641540518708
03,388,1,0.7054545454545454,0.753215137702634,0.5287946462631226,0.008642260686053654,0.7520511276900532
03,389,1,0.7072727272727273,0.7525334306987526,0.5184698700904846,0.00935502045326708,0.40913964807126085
03,390,1,0.7090909090909091,0.754964195619606,0.5206459760665894,0.007510418193973127,0.26230594212748715
03,391,1,0.7109090909090909,0.758384691677727,0.5210391879081726,0.005402462055162455,0.00628635034435801
03,392,1,0.7127272727272728,0.7660941116421882,0.5297586917877197,0.0037879640201942894,0.1649444715644126
03,393,1,0.7145454545454546,0.7621894687523849,0.5236842632293701,0.004174965795018271,-0.04098441034071082
03,394,1,0.7163636363636363,0.7653929815942632,0.5415813326835632,0.0033466892544617285,0.606082291068875
03,395,1,0.7181818181818181,0.7642489876951453,0.5204052329063416,0.004139917416632888,-0.18369361901929093
03,396,1,0.72,0.7748867820891255,0.536203145980835,0.005373483988618957,0.6415418119206343
03,397,1,0.7218181818181818,0.7744064382182128,0.5338926315307617,0.004001424540443577,0.36675048325148935
03,398,1,0.7236363636363636,0.7670265218183656,0.5283342599868774,0.0062961409413815565,0.4292632577266827
03,399,1,0.7254545454545455,0.7811145454985322,0.5199847221374512,0.006531458249400865,0.1078472309073004
03,400,1,0.7272727272727273,0.7695198570233837,0.5297219157218933,0.006896430921481382,0.5653647011999261
03,401,1,0.7290909090909091,0.7876395876114027,0.5182455778121948,0.010333809986751865,0.5262597819343667
03,402,1,0.730909090909091,0.7791479341864072,0.526656448841095,0.00427709438664147,0.09746893934787648
03,403,1,0.7327272727272728,0.7878669235106535,0.5312123894691467,0.007195230739914456,0.6668117914021786
03,404,1,0.7345454545454545,0.7819746508625767,0.5184425711631775,0.0043561531582564155,-0.23843692576668352
03,405,1,0.7363636363636363,0.7852706576072503,0.5195618867874146,0.00421506856569237,-0.20951372992717301
03,406,1,0.7381818181818182,0.77934025537496,0.5136104226112366,0.008163151723842606,0.05023864445640369
03,407,1,0.74,0.79704331510002,0.5282841920852661,0.008705616267019786,0.7387336032391358
03,408,1,0.7418181818181818,0.7882735693185661,0.5206885933876038,0.005084335739765794,-0.04962591082205292
03,409,1,0.7436363636363637,0.7932143144915911,0.5221695303916931,0.004963600608333162,-0.002832662624724952
03,410,1,0.7454545454545455,0.7904599933983453,0.5160857439041138,0.005803939940155278,-0.15053274750421444
03,411,1,0.7472727272727273,0.7969859012582133,0.5110185146331787,0.004750466076199939,-0.5002931195706265
03,412,1,0.7490909090909091,0.7961607602790638,0.5099084377288818,0.004393422357869222,-0.5932422314564316
03,413,1,0.7509090909090909,0.7988745344443691,0.5240758061408997,0.004013274463226321,-0.04539399816872114
03,414,1,0.7527272727272727,0.800994427666712,0.5246090292930603,0.0037046523338227213,-0.06283352891716432
03,415,1,0.7545454545454545,0.8010737086619104,0.5119444131851196,0.003308367347845748,-0.6477604772395139
03,416,1,0.7563636363636363,0.8050151046840426,0.5249418616294861,0.0029151610358274624,-0.1509008172375509
03,417,1,0.7581818181818182,0.8043851075555324,0.5194163918495178,0.002756096796280895,-0.4043110832857436
03,418,1,0.76,0.8028570893362746,0.510282039642334,0.004544424309200231,-0.5579720582573049
03,419,1,0.7618181818181818,0.8084400779268883,0.5052746534347534,0.002394535206393953,-1.0469930977972242
03,420,1,0.7636363636363637,0.8108037995105022,0.5062268376350403,0.0024532214593249147,-0.9992794747676649
03,421,1,0.7654545454545455,0.814297661806219,0.5261372327804565,0.0028819155220607576,-0.1048275133127251
03,422,1,0.7672727272727272,0.812435055423478,0.5245651602745056,0.0018267844257986803,-0.3075177693577543
03,423,1,0.769090909090909,0.8206386446391395,0.5174200534820557,0.005333945516533292,-0.15508262029520914
03,424,1,0.7709090909090909,0.8253197462763568,0.5096979141235352,0.008056166428925761,-0.12846755382160413
03,425,1,0.7727272727272727,0.8251704223096318,0.5170077085494995,0.005680733947484869,-0.12761387515417058
03,426,1,0.7745454545454545,0.826472437789483,0.4989580810070038,0.005082648606354397,-0.9655586355524901
03,427,1,0.7763636363636364,0.823322859739096,0.505521297454834,0.002650607151759302,-1.0034857986463335
03,428,1,0.7781818181818182,0.8215326366637176,0.5180342197418213,0.004388051326860882,-0.25151978417124965
03,429,1,0.78,0.8271941111226483,0.5176994204521179,0.0029162068384766984,-0.45595897213070175
03,430,1,0.7818181818181819,0.8322569995080956,0.5134246945381165,0.004092455662094206,-0.48398803316049
03,431,1,0.7836363636363637,0.8367295461580495,0.5019707083702087,0.0058405889813342325,-0.740595090673398
03,432,1,0.7854545454545454,0.8420380786155524,0.5000284910202026,0.008770982938200573,-0.4434967670502449
03,433,1,0.7872727272727272,0.8412380713494715,0.5059115886688232,0.005529162171507125,-0.6148000838500307
03,434,1,0.7890909090909091,0.8389073675360761,0.5036051273345947,0.003370210820324089,-0.9911771778687172
03,435,1,0.7909090909090909,0.8402961616061038,0.5003876090049744,0.003148891344693694,-1.1553818579489765
03,436,1,0.7927272727272727,0.8428592052017185,0.5111207365989685,0.0029025702588984215,-0.7349453210078002
03,437,1,0.7945454545454546,0.8424654549569401,0.5097258687019348,0.0033386335815330606,-0.7373351346457635
03,438,1,0.7963636363636364,0.8477790615687805,0.5094841122627258,0.002993760552752451,-0.7921197441833119
03,439,1,0.7981818181818182,0.8491890048390691,0.5104334354400635,0.0027768403762350596,-0.780166601200482
03,440,1,0.8,0.8529208508316406,0.5012807250022888,0.004010381885457538,-1.0063430792813235
03,441,1,0.8018181818181818,0.8548612214060105,0.5080320835113525,0.003998101769984691,-0.723431699224998
03,442,1,0.8036363636363636,0.8500573502309395,0.5103210806846619,0.004202014986751027,-0.6006053882497866
03,443,1,0.8054545454545454,0.8539444867479279,0.5159929394721985,0.0024925481047109155,-0.5826545880888961
03,444,1,0.8072727272727273,0.8586395563830126,0.507792592048645,0.0023094883700710456,-0.9518860272524976
03,445,1,0.8090909090909091,0.8563995874581691,0.5098385810852051,0.003128624330231977,-0.759742731780084
03,446,1,0.8109090909090909,0.8625439698579185,0.507310152053833,0.002610629400901431,-0.9332739306383757
03,447,1,0.8127272727272727,0.8691958197683127,0.5075693726539612,0.007026562536375373,-0.35130613690994794
03,448,1,0.8145454545454546,0.8725653719644888,0.5031906366348267,0.008399132702634215,-0.3583309360718742
03,449,1,0.8163636363636364,0.8681583654979697,0.5041202306747437,0.003140220114653158,-0.999212083656589
03,450,1,0.8181818181818182,0.8684490515935823,0.5105633735656738,0.002626303877240024,-0.7941576214603319
03,451,1,0.82,0.8674466649582395,0.5127575397491455,0.003539093785888269,-0.583659387043045
03,452,1,0.8218181818181818,0.8726424933996619,0.5025330185890198,0.002469756168052516,-1.152797260886826
03,453,1,0.8236363636363636,0.8703100293062187,0.5003269910812378,0.003910839195544647,-1.0594053381076145
03,454,1,0.8254545454545454,0.8685785623199962,0.507428765296936,0.006878799871249308,-0.37633913175454675
03,455,1,0.8272727272727273,0.8707985995403026,0.5067310333251953,0.005851776950259236,-0.538550253714237
03,456,1,0.8290909090909091,0.871116894074168,0.5020079016685486,0.006597260232980872,-0.6411791884961342
03,457,1,0.8309090909090909,0.8682701569260426,0.49821799993515015,0.010948250512765498,-0.2382377438793074
03,458,1,0.8327272727272728,0.8754644529136397,0.529763400554657,0.0057119588715798,0.41394339996283225
03,459,1,0.8345454545454546,0.8704705607923243,0.5076401233673096,0.010972887125679611,0.1619924042972703
03,460,1,0.8363636363636363,0.8740632229164708,0.5018775463104248,0.008755945473614943,-0.3675229259397828
03,461,1,0.8381818181818181,0.877101789789672,0.5386887192726135,0.0071147998205665555,0.9714602639780785
03,462,1,0.84,0.8751284635670171,0.5241764187812805,0.008707569809134435,0.5658864038593546
03,463,1,0.8418181818181818,0.8778855590951071,0.5330397486686707,0.006373999321871178,0.6376187708329116
03,464,1,0.8436363636363636,0.8881901145154453,0.5341293215751648,0.005044407147805992,0.5115973138371108
03,465,1,0.8454545454545455,0.8817770939090109,0.5230141282081604,0.004799889577337647,0.011588114176125375
03,466,1,0.8472727272727273,0.888402861081789,0.5428885221481323,0.0037459375805770534,0.7127953117553529
03,467,1,0.8490909090909091,0.8885930718281391,0.5240104794502258,0.003129879786470256,-0.1623826105555164
03,468,1,0.850909090909091,0.8853684507960385,0.5221143960952759,0.004218414530338091,-0.1015193909235525
03,469,1,0.8527272727272728,0.8884994153784002,0.5407677292823792,0.002907351751584216,0.5149846639423136
03,470,1,0.8545454545454545,0.8882799856159938,0.5361381769180298,0.0037628971594783453,0.43053175348929373
03,471,1,0.8563636363636363,0.8914945466215354,0.5270617604255676,0.002390349629108227,-0.12943492711471116
03,472,1,0.8581818181818182,0.8855596641729009,0.5264207124710083,0.009368038690951102,0.745868213377629
03,473,1,0.86,0.8917110621470317,0.5252973437309265,0.004573956536033383,0.07858541910908218
03,474,1,0.8618181818181818,0.88577106618605,0.5232283473014832,0.011394901864514076,0.8734461746334741
03,475,1,0.8636363636363636,0.8953268964116798,0.5308210849761963,0.0044970803743451734,0.3014123217480803
03,476,1,0.8654545454545455,0.8893220061509806,0.5352846384048462,0.010004223209895496,1.2016581904534989
03,477,1,0.8672727272727273,0.9036624969079644,0.5146059393882751,0.005047995717240837,-0.31064565773433206
03,478,1,0.8690909090909091,0.8992270374905725,0.527012050151825,0.005311298656384445,0.24619147348321632
03,479,1,0.8709090909090909,0.9069911400070482,0.5404958128929138,0.004833063475808303,0.7525487424619378
03,480,1,0.8727272727272727,0.9005773995492803,0.5325624942779541,0.005673767097260378,0.5269572679344596
03,481,1,0.8745454545454545,0.9044179915407559,0.5410861372947693,0.003941180986490752,0.6620913908407169
03,482,1,0.8763636363636363,0.9073540231416147,0.5312212109565735,0.00326904853735198,0.15947109231968942
03,483,1,0.8781818181818182,0.9065939028524883,0.5276211500167847,0.003755122943257333,0.07062254137688834
03,484,1,0.88,0.9095451501067344,0.5279443264007568,0.0030152544062449055,-0.011434700325134384
03,485,1,0.8818181818181818,0.9081128072589899,0.5269001126289368,0.004111455292598784,0.08631728506585062
03,486,1,0.8836363636363637,0.912138803691362,0.537352442741394,0.0028637608214640733,0.36542900004251644
03,487,1,0.8854545454545455,0.9063026927042804,0.5292425751686096,0.007913024061140804,0.6766257649992651
03,488,1,0.8872727272727273,0.9082974111906348,0.5249508619308472,0.007002982845601994,0.378093235379103
03,489,1,0.889090909090909,0.9101217866694475,0.5320820212364197,0.006823798469843241,0.6554261124387084
03,490,1,0.8909090909090909,0.9130538801066171,0.5254630446434021,0.005477468865899754,0.20240526352542093
03,491,1,0.8927272727272727,0.9100355202789315,0.5330274701118469,0.009583392184720983,1.0521225090515536
03,492,1,0.8945454545454545,0.9109305391332295,0.5220226049423218,0.009143589285492072,0.5315092609033713
03,493,1,0.8963636363636364,0.9165238168308794,0.52753746509552,0.005389499212713029,0.27844470456830417
03,494,1,0.8981818181818182,0.9176201029515718,0.5361445546150208,0.004797349949703626,0.5645702903112584
03,495,1,0.9,0.919195743636104,0.537229061126709,0.004404144598267179,0.5594237658011154
03,496,1,0.9018181818181819,0.9236738291687925,0.5325484871864319,0.003701814518836601,0.2713648808341817
03,497,1,0.9036363636363637,0.9270669171935605,0.5383979082107544,0.0038962771467213747,0.5430038407949489
03,498,1,0.9054545454545454,0.9304012717294919,0.5337501168251038,0.004627042992762109,0.44164653449802205
03,499,1,0.9072727272727272,0.9349932863945017,0.528303861618042,0.007011616836127628,0.5205037172882763
03,500,1,0.9090909090909091,0.9307058117866326,0.5235559344291687,0.0030516636111197434,-0.19165143299475773
03,501,1,0.9109090909090909,0.9369021741388794,0.5281444787979126,0.005886640920329753,0.3683116535705996
03,502,1,0.9127272727272727,0.9328436088673215,0.5335751175880432,0.002704166280439232,0.18561622971576464
03,503,1,0.9145454545454546,0.9343388395270056,0.5250739455223083,0.0026775967741724,-0.17605537059408988
03,504,1,0.9163636363636364,0.936194926565759,0.544360339641571,0.0026229867008334246,0.629603202410763
03,505,1,0.9181818181818182,0.9377445542741956,0.5231638550758362,0.002599292173049802,-0.266671693230793
03,506,1,0.92,0.9369660439370239,0.5343260765075684,0.0038865619729261144,0.37016227060108714
03,507,1,0.9218181818181819,0.9404453769097042,0.5253010392189026,0.0024522908974346294,-0.19562106384214928
03,508,1,0.9236363636363636,0.9352485348908374,0.5270974636077881,0.00884866070586898,0.7072230950364575
03,509,1,0.9254545454545454,0.9398156798023892,0.527309238910675,0.005950596938876365,0.34138544270367877
03,510,1,0.9272727272727272,0.9357850306803897,0.5224486589431763,0.011044191209570326,0.7952384527823714
03,511,1,0.9290909090909091,0.9388721240037907,0.521199107170105,0.009020655201873498,0.48091025078269667
03,512,1,0.9309090909090909,0.9381260226748761,0.5273007750511169,0.0104115140952144,0.9178902149165828
03,513,1,0.9327272727272727,0.9409823567827259,0.5203697681427002,0.008287303445335792,0.35112921403971015
03,514,1,0.9345454545454546,0.9433041453693388,0.5121875405311584,0.006660732336743016,-0.2040056685985684
03,515,1,0.9363636363636364,0.9423507423128031,0.5251059532165527,0.00806623409416698,0.5221225589098182
03,516,1,0.9381818181818182,0.9427031746724556,0.5177415013313293,0.008102985175509097,0.21654013623018797
03,517,1,0.94,0.9450018738860687,0.5408279895782471,0.00659438442574027,0.9943109295199998
03,518,1,0.9418181818181818,0.9501645123077427,0.522424578666687,0.004059297061480689,-0.10902463100393828
03,519,1,0.9436363636363636,0.948864371158646,0.5236535668373108,0.004624763312962745,0.015887414422099344
03,520,1,0.9454545454545454,0.9474779448861651,0.5198065042495728,0.006586215161130368,0.10741806954980089
03,521,1,0.9472727272727273,0.947545869761472,0.5352848172187805,0.007269140353619236,0.8479797530002942
03,522,1,0.9490909090909091,0.9510765117020695,0.5167816877365112,0.004536509352246886,-0.285103169627725
03,523,1,0.9509090909090909,0.9482508089087396,0.5051672458648682,0.008201949039423116,-0.3005361774622112
03,524,1,0.9527272727272728,0.9538664620090176,0.5273493528366089,0.003923815713990674,0.08098355125246148
03,525,1,0.9545454545454546,0.9530958107649149,0.5165579319000244,0.005458046659694169,-0.17536397542437718
03,526,1,0.9563636363636364,0.9560334655344407,0.5404031276702881,0.00389061577317892,0.6267708384832029
03,527,1,0.9581818181818181,0.9588450700552612,0.5322684645652771,0.0029943826041588964,0.16808361627390095
03,528,1,0.96,0.9639106279303576,0.5477678775787354,0.003012802803540159,0.823604291251907
03,529,1,0.9618181818181818,0.9654608005719676,0.527164101600647,0.0027236357339172684,-0.08202357524674009
03,530,1,0.9636363636363636,0.9693344692493299,0.528735339641571,0.004466009217661363,0.209501947785117
03,531,1,0.9654545454545455,0.9719441681175706,0.5202871561050415,0.005043200473415216,-0.07186169516729932
03,532,1,0.9672727272727273,0.9756613000131135,0.5249242186546326,0.006794218282324922,0.34997420625086256
03,533,1,0.9690909090909091,0.9836985522794188,0.5245199203491211,0.013010271426818083,1.1367632804672725
03,534,1,0.9709090909090909,0.9842095230211416,0.524975061416626,0.011202632392420983,0.9221887271801184
03,535,1,0.9727272727272728,0.9872823628495804,0.5154391527175903,0.011482242050140392,0.5565071817806853
03,536,1,0.9745454545454545,0.9941209605093343,0.5115973949432373,0.01548251877502943,0.9119110739847258
03,537,1,0.9763636363636363,0.003717732454887963,0.5246107578277588,0.02200468723434987,2.303699846899932
03,538,1,0.9781818181818182,0.005063835458750209,0.5278252959251404,0.019439108537116945,2.1073924950019696
03,539,1,0.98,0.01427318800475203,0.5401415824890137,0.024941264427365367,3.3379043152267016
03,540,1,0.9818181818181818,0.011414289496560648,0.5298491716384888,0.018363509170251483,2.053587123312126
03,541,1,0.9836363636363636,0.014550577189697917,0.5320246815681458,0.01733852446268481,2.0127167642574357
03,542,1,0.9854545454545455,0.015210759715756922,0.5305992960929871,0.014316202291487208,1.5618214347316686
03,543,0,0.9872727272727273,0.01304675796103744,0.5332179069519043,0.01083220077621554,1.2216365410627468
03,544,0,0.9890909090909091,0.011962693443517842,0.5199462175369263,0.00913099668912333,0.44238277256738084
03,545,0,0.990909090909091,0.01257116594806702,0.5179781913757324,0.007939533596625694,0.20537748887377189
03,546,0,0.9927272727272727,0.00971918682956463,0.5211477875709534,0.008232433242004997,0.37681910707587585
03,547,0,0.9945454545454545,0.009933806004910188,0.5251840353012085,0.008345047735199519,0.5614675615999601
03,548,0,0.9963636363636363,0.0050482806631217195,0.5256086587905884,0.013904940062657122,1.2983359157660934
03,549,0,0.9981818181818182,0.013270646567068417,0.5783448815345764,0.008420164930621216,2.8113567679829714
05,15,0,0.024916943521594685,0.036973127893374015,0.5952817797660828,nan,nan
05,16,0,0.026578073089700997,0.03795099298831242,0.5738726854324341,nan,nan
05,17,0,0.02823920265780731,0.03896069740270853,0.5773779153823853,nan,nan
05,18,0,0.029900332225913623,0.039460065823577216,0.5788717865943909,nan,nan
05,19,0,0.03156146179401993,0.041750314108036306,0.5973379611968994,nan,nan
05,20,0,0.03322259136212625,0.04242819290679131,0.5920220613479614,nan,nan
05,21,0,0.03488372093023256,0.042664953218189305,0.6006264090538025,nan,nan
05,22,0,0.036544850498338874,0.04373671116564471,0.6020900011062622,nan,nan
05,23,0,0.03820598006644518,0.045605366855737135,0.5826674103736877,nan,nan
05,24,0,0.03986710963455149,0.04688902133266123,0.588486909866333,nan,nan
05,25,0,0.04152823920265781,0.047566227060220886,0.5999647974967957,nan,nan
05,26,0,0.04318936877076412,0.04918285620470998,0.5762875080108643,nan,nan
05,27,0,0.044850498338870434,0.04828904600944321,0.5782840847969055,nan,nan
05,28,0,0.046511627906976744,0.050392211094951365,0.5715548396110535,nan,nan
05,29,0,0.04817275747508306,0.04920522662824453,0.593184769153595,0.00723177589587705,3.2830273461254382
05,30,0,0.04983388704318937,0.053352479040700715,0.5813901424407959,0.004308167613509647,2.4079417397234555
05,31,0,0.05149501661129568,0.05456391371287966,0.5354544520378113,0.004127359345488321,0.4488501364506634
05,32,0,0.053156146179401995,0.05691483740761274,0.5318623185157776,0.0031209312916414744,0.1673333793059396
05,33,0,0.054817275747508304,0.057675802732210533,0.5259389281272888,0.0033362270729994886,-0.05443489933540002
05,34,0,0.05647840531561462,0.05978325466929576,0.5276226997375488,0.002501350106817651,-0.09144320761224989
05,35,0,0.05813953488372093,0.060190637726057664,0.5227645039558411,0.00307275271467329,-0.2222748490385813
05,36,0,0.059800664451827246,0.06275279855134479,0.5373812317848206,0.0020093887702388193,0.25615943205761227
05,37,0,0.061461794019933555,0.0636284473215302,0.5442915558815002,0.0022571336421506783,0.5793945651913501
05,38,0,0.06312292358803986,0.0659617676435168,0.5461549162864685,0.0014835451188849927,0.5578795389837368
05,39,0,0.06478405315614617,0.06771407500785144,0.5449510216712952,0.0011247279167912996,0.46074765141318375
05,40,0,0.0664451827242525,0.06986917797201798,0.5387638211250305,0.0008295729501273662,0.1618538228454499
05,41,0,0.0681063122923588,0.07338977556449675,0.5333938598632812,0.0020639236508537442,0.09518542718134682
05,42,0,0.06976744186046512,0.079041605329803,0.5315242409706116,0.005922844162227619,0.515415000212302
05,43,0,0.07142857142857142,0.08638291014318311,0.5266079306602478,0.011217763673118315,0.9929538375110494
05,44,0,0.07308970099667775,0.09449517635674554,0.527050793170929,0.016674481064185127,1.7172487571752175
05,45,1,0.07475083056478406,0.1003020091012908,0.5154929757118225,0.01954254971472721,1.6010902117744923
05,46,1,0.07641196013289037,0.10845651460897847,0.5261967182159424,0.024430048408956906,2.684166000252597
05,47,1,0.07807308970099668,0.11013862573529949,0.5255047082901001,0.02243285141274452,2.396738391747578
05,48,1,0.07973421926910298,0.1162088338593049,0.5283984541893005,0.024753474787536582,2.81876995051572
05,49,1,0.08139534883720931,0.11918822511686233,0.5279104709625244,0.023702467531521935,2.662296028328973
05,50,1,0.08305647840531562,0.12350687769208975,0.5290129780769348,0.023807006721691875,2.722273646394647
05,51,1,0.08471760797342193,0.12924337316479625,0.5236421227455139,0.025203925112916612,2.676589940605785
05,52,1,0.08637873754152824,0.12988940508158062,0.5236969590187073,0.02131342817696561,2.175802908755643
05,53,1,0.08803986710963455,0.11825872877339409,0.5407575368881226,0.01301751965637825,1.82194684009152
05,54,1,0.08970099667774087,0.12343640466683317,0.5298309922218323,0.011506519535300765,1.1661126121184462
05,55,1,0.09136212624584718,0.12074998961380488,0.5363199710845947,0.00973204719352508,1.2100903539697803
05,56,1,0.09302325581395349,0.12841904025340345,0.5394368171691895,0.00814644517726911,1.136391532732178
05,57,1,0.0946843853820598,0.12358541962111062,0.5198203325271606,0.007390926676180826,0.21206168409382675
05,58,1,0.09634551495016612,0.13025290004197848,0.5197920203208923,0.005134645465704865,-0.08090133980585887
05,59,1,0.09800664451827243,0.12750712585460888,0.5173321962356567,0.005909222199752998,-0.084393249502318
05,60,1,0.09966777408637874,0.1334114567122567,0.5208130478858948,0.004063129054376282,-0.17643832064205256
05,61,1,0.10132890365448505,0.13246025790064833,0.5173424482345581,0.004942061968581666,-0.20902911190647233
05,62,1,0.10299003322259136,0.13580537323469852,0.5189595818519592,0.0043680078354708515,-0.21511733303538216
05,63,1,0.10465116279069768,0.13109154585843358,0.5035830140113831,0.00847865621309576,-0.33151277430949994
05,64,1,0.10631229235880399,0.13655651882941233,0.5080615878105164,0.004712570615908171,-0.6297971927511552
05,65,1,0.1079734219269103,0.13411301388782462,0.5076507925987244,0.007239542603625704,-0.320333716311625
05,66,1,0.10963455149501661,0.13598691681878403,0.503589928150177,0.005738629733123954,-0.6855466704445474
05,67,1,0.11129568106312292,0.1332661917573716,0.5067178010940552,0.008869732766952442,-0.14884229587089065
05,68,1,0.11295681063122924,0.13394107856437706,0.5109140872955322,0.00926680760165965,0.07933496908962206
05,69,1,0.11461794019933555,0.13769417835718184,0.500494122505188,0.006705142770794463,-0.6910184185137974
05,70,1,0.11627906976744186,0.1351822880025667,0.5056514739990234,0.009986231209250044,-0.04939738747494904
05,71,1,0.11794019933554817,0.14043460233734006,0.5045304298400879,0.005978706818494813,-0.6148688719639602
05,72,1,0.11960132890365449,0.13427039324876008,0.5030227303504944,0.01258472813915616,0.17585189947996738
05,73,1,0.1212624584717608,0.13574440831259088,0.5167386531829834,0.011397676875809764,0.6003320726156458
05,74,1,0.12292358803986711,0.13324689512654528,0.5166178941726685,0.014483567380282657,0.9942938403763818
05,75,1,0.12458471760797342,0.1337166345442845,0.5109182000160217,0.014002073563564033,0.6918470017454619
05,76,1,0.12624584717607973,0.13428752505260674,0.5095129609107971,0.01352092424407295,0.5704112218639963
05,77,1,0.12790697674418605,0.13888238661753088,0.5247065424919128,0.009561837510933171,0.6986948238030031
05,78,1,0.12956810631229235,0.13464881387950667,0.4967919886112213,0.013607706315530571,0.045577040346407305
05,79,1,0.13122923588039867,0.13666698618048545,0.501858651638031,0.011499037865516943,-0.013597417416543967
05,80,1,0.132890365448505,0.14083432611484933,0.5020461082458496,0.00821970939922709,-0.4297629171990696
05,81,1,0.1345514950166113,0.14180460716427504,0.5060257315635681,0.007387811350993386,-0.3696397931191695
05,82,1,0.1362126245847176,0.1455171556232664,0.5002995133399963,0.005481490263078208,-0.8574552232116256
05,83,1,0.1378737541528239,0.14846508050066778,0.4999453127384186,0.004598555897170663,-0.986557334516503
05,84,1,0.13953488372093023,0.14824782517159002,0.5072990655899048,0.0038720933790554616,-0.7706154795239539
05,85,1,0.14119601328903655,0.1501016354257175,0.5186235904693604,0.0030852649668789743,-0.395153166916128
05,86,1,0.14285714285714285,0.1493167841899413,0.5167377591133118,0.003426406867037548,-0.43050669178074846
05,87,1,0.14451827242524917,0.1517129941166983,0.5131791234016418,0.0024042607464307814,-0.712644439959039
05,88,1,0.1461794019933555,0.15534604669231622,0.49933066964149475,0.0015504494143571133,-1.4066226111909885
05,89,1,0.1478405315614618,0.16111756676004851,0.5075699090957642,0.004844920149542735,-0.6334016061390138
05,90,1,0.14950166112956811,0.1672374982689917,0.5107375383377075,0.009007642214502789,0.03838141907175857
05,91,1,0.1511627906976744,0.16806100576597255,0.512458086013794,0.0076024781063545824,-0.07082357901628694
05,92,1,0.15282392026578073,0.17065425804042095,0.5074213147163391,0.007986645388444413,-0.23339256618094978
05,93,1,0.15448504983388706,0.16855998010879317,0.49920549988746643,0.004814775583126394,-0.9897723850229312
05,94,1,0.15614617940199335,0.170545859782081,0.508529007434845,0.004399118488384586,-0.6506342451581885
05,95,1,0.15780730897009967,0.17268987894704602,0.5147866010665894,0.004229645407535158,-0.4088572426293059
05,96,1,0.15946843853820597,0.1709529799818311,0.513090193271637,0.0033547625256377758,-0.5934782205518377
05,97,1,0.1611295681063123,0.1715114908183667,0.5017877817153931,0.003501706781412347,-1.0507550103939107
05,98,1,0.16279069767441862,0.17137771557898437,0.4979390501976013,0.0043134907824013535,-1.107963448370431
05,99,1,0.1644518272425249,0.16633067626024464,0.496298223733902,0.01063031986479493,-0.36024935135175706
05,100,1,0.16611295681063123,0.17903659990692464,0.4946022629737854,0.0038715650085614983,-1.3057216702119243
05,101,1,0.16777408637873753,0.1713612657872995,0.5037062168121338,0.009115363489778686,-0.2439855541160974
05,102,1,0.16943521594684385,0.17286318229758393,0.49941104650497437,0.008988912618967839,-0.4413341407223644
05,103,1,0.17109634551495018,0.17525849230945728,0.5100100040435791,0.00811578016015998,-0.10760729522368692
05,104,1,0.17275747508305647,0.16630047937354936,0.5224848985671997,0.017607315992689363,1.645473016248301
05,105,1,0.1744186046511628,0.16652799010518246,0.5092130303382874,0.017312875339953245,1.04812667447335
05,106,1,0.1760797342192691,0.16786083393180656,0.512317955493927,0.01587053039470127,0.9924507321336934
05,107,1,0.1777408637873754,0.1757187146944452,0.5042786002159119,0.010138845546758387,-0.08751445271267033
05,108,1,0.17940199335548174,0.17631833822811632,0.5020083785057068,0.009579916196805786,-0.25545832046439554
05,109,1,0.18106312292358803,0.1750588969784077,0.5068573355674744,0.009984291284526105,0.0011662459284050297
05,110,1,0.18272425249169436,0.17653442502096647,0.5083139538764954,0.00858272246133124,-0.1186957008803878
05,111,1,0.18438538205980065,0.18099512986516875,0.5034353733062744,0.0064624486982029885,-0.5984592316867172
05,112,1,0.18604651162790697,0.17599489341200536,0.5099143981933594,0.009705891703100484,0.09398845248455523
05,113,1,0.1877076411960133,0.1762625179964883,0.511640727519989,0.009768065535261933,0.1747752167338198
05,114,1,0.1893687707641196,0.18072813814355923,0.5142167210578918,0.006598360693753372,-0.12656242394847522
05,115,1,0.19102990033222592,0.18581115482759258,0.5056520104408264,0.004110355674090003,-0.8092109050131135
05,116,1,0.19269102990033224,0.1847594267877663,0.5058795213699341,0.003992475243184206,-0.8148673444949834
05,117,1,0.19435215946843853,0.18839182650769898,0.5164394378662109,0.002796101589906167,-0.5245854572522651
05,118,1,0.19601328903654486,0.18316601871097643,0.48739051818847656,0.006514768228030577,-1.267816929754441
05,119,1,0.19767441860465115,0.1878974777624953,0.5187522768974304,0.0036308338432188745,-0.31918038902126705
05,120,1,0.19933554817275748,0.19972036953716366,0.5202544331550598,0.007308509241389484,0.2196967276107713
05,121,1,0.2009966777408638,0.2000756418266108,0.5219569206237793,0.005579889070428705,0.06790310913268877
05,122,1,0.2026578073089701,0.20454023377195824,0.5172162652015686,0.008112911852075326,0.19569057258719608
05,123,1,0.20431893687707642,0.20519553530597248,0.5290089249610901,0.006901291037994519,0.5359480573549223
05,124,1,0.2059800664451827,0.21084761984423078,0.5193721055984497,0.010251831219247387,0.5631301376035349
05,125,1,0.20764119601328904,0.2252899330916921,0.539452314376831,0.022243201979332678,2.9599601543410685
05,126,1,0.20930232558139536,0.23092494828526255,0.5345646142959595,0.024714302656722895,3.073543790161843
05,127,1,0.21096345514950166,0.23829902409875078,0.5272164940834045,0.02816480312212133,3.210096997485609
05,128,1,0.21262458471760798,0.24241269522818168,0.5223467946052551,0.027847295244247776,2.9638315474864285
05,129,1,0.21428571428571427,0.24418791116715743,0.5152719020843506,0.025216471391464768,2.3254948164096705
05,130,1,0.2159468438538206,0.24032178275972957,0.527499258518219,0.019197866021285242,2.0624572530913072
05,131,1,0.21760797342192692,0.24133044098028578,0.5195350050926208,0.016631575757394792,1.39498836272117
05,132,1,0.21926910299003322,0.23685909538901406,0.5118353962898254,0.013437999161244623,0.6575542427723126
05,133,1,0.22093023255813954,0.23386101479119945,0.5389870405197144,0.011971411334523951,1.612061862727513
05,134,1,0.22259136212624583,0.22995266790521346,0.5155430436134338,0.011987848631816742,0.6262673808655326
05,135,1,0.22425249169435216,0.23158430585025025,0.5237115025520325,0.011554543728040212,0.9144501451289048
05,136,1,0.22591362126245848,0.2236920563654351,0.537208616733551,0.018727619330439423,2.410795747741695
05,137,1,0.22757475083056478,0.22198899942143266,0.5427248477935791,0.021798663602547345,3.040378047063303
05,138,1,0.2292358803986711,0.21958799301363507,0.5378246903419495,0.02539920316144924,3.2994896003527012
05,139,1,0.23089700996677742,0.2326484021496315,0.5400431156158447,0.016175877885091967,2.2002630626962825
05,140,1,0.23255813953488372,0.2186085514620494,0.5416633486747742,0.027528562014988024,3.7366060844147415
05,141,1,0.23421926910299004,0.21938062500650393,0.5281968712806702,0.025876745840303993,2.9555306083006454
05,142,1,0.23588039867109634,0.22245009774213134,0.5243830680847168,0.02171562179921602,2.2567247350798354
05,143,1,0.23754152823920266,0.22370924534108283,0.5303078293800354,0.01890524715974138,2.1429693627242608
05,144,1,0.23920265780730898,0.22466199079984914,0.5158226490020752,0.016382259473151556,1.20631103541922
05,145,1,0.24086378737541528,0.2323534165442579,0.5198314785957336,0.011598357958868693,0.756613402012108
05,146,1,0.2425249169435216,0.23158422960444067,0.5259544849395752,0.00983836136880263,0.7870411426215627
05,147,1,0.2441860465116279,0.22363920655599365,0.4998634457588196,0.015241639677610441,0.386298274674325
05,148,1,0.24584717607973422,0.23157237410410364,0.5204178094863892,0.007530026615375015,0.25522675336424744
05,149,1,0.24750830564784054,0.24263511808083987,0.5215730667114258,0.007631242890656226,0.3169975374675236
05,150,1,0.24916943521594684,0.24628839652232706,0.5366395115852356,0.008119569160869295,1.0150388049765893
05,151,1,0.25083056478405313,0.262182596697063,0.4948533773422241,0.02151281829551848,0.9861306794288154
05,152,1,0.25249169435215946,0.25218416089462486,0.49711623787879944,0.01067652229156732,-0.31980393761609693
05,153,1,0.2541528239202658,0.2581390572682332,0.504844605922699,0.013332742093697217,0.3493540396262399
05,154,1,0.2558139534883721,0.2543163065535666,0.5020771026611328,0.009447019905912077,-0.2697477360659162
05,155,1,0.2574750830564784,0.2632388551221734,0.5241811871528625,0.013817766059000274,1.2269100018835832
05,156,1,0.2591362126245847,0.2533423066362164,0.49885815382003784,0.007558719989481528,-0.6495775008040714
05,157,1,0.260797342192691,0.2569693069590465,0.5001415610313416,0.007157333069752113,-0.6474004301010303
05,158,1,0.26245847176079734,0.26281803122673153,0.5083410143852234,0.007801677175057815,-0.2185558919398265
05,159,1,0.26411960132890366,0.26527317882667045,0.5023106932640076,0.0072068127170755725,-0.5495956822634896
05,160,1,0.26578073089701,0.26862008654379743,0.5021731853485107,0.007495545336377221,-0.5180528824501222
05,161,1,0.26744186046511625,0.27354627577322,0.5131196975708008,0.008670651913816618,0.09518685184361503
05,162,1,0.2691029900332226,0.2840754786394519,0.5086162686347961,0.014833028462169115,0.7022991397079965
05,163,1,0.2707641196013289,0.2855339480798566,0.4975202679634094,0.012575465211315433,-0.057217357581505146
05,164,1,0.2724252491694352,0.2810688642225881,0.5024712085723877,0.007262006815268757,-0.5356942361645742
05,165,1,0.27408637873754155,0.2795676578428001,0.5071398019790649,0.005307183082005565,-0.591748820214804
05,166,1,0.2757475083056478,0.28798024497247804,0.5122908353805542,0.008987759819346791,0.10126561341527426
05,167,1,0.27740863787375414,0.27249851950723036,0.5055456757545471,0.009909968532645638,-0.0637175532194652
05,168,1,0.27906976744186046,0.28317075096983274,0.5007182955741882,0.0056234833333971565,-0.8214461497780653
05,169,1,0.2807308970099668,0.27880128507085455,0.4987033009529114,0.007732885348788424,-0.6335808220344856
05,170,1,0.2823920265780731,0.2969082065426547,0.5084470510482788,0.010550037028510244,0.1413153293000165
05,171,1,0.2840531561461794,0.28070671653301227,0.504782497882843,0.009145721863270716,-0.1947057483292114
05,172,1,0.2857142857142857,0.2854614250946326,0.5102478265762329,0.007183770099886347,-0.21810800401093675
05,173,1,0.287375415282392,0.28781304277174036,0.5138347744941711,0.006823151874964565,-0.11358872230518222
05,174,1,0.28903654485049834,0.2879707437661129,0.5121628046035767,0.007521998243449875,-0.0936738283068017
05,175,1,0.29069767441860467,0.2939634166210876,0.5018789172172546,0.006246218186107923,-0.6920093781204291
05,176,1,0.292358803986711,0.2900445063742411,0.49085986614227295,0.007813915410373025,-0.9536214657516952
05,177,1,0.29401993355481726,0.2980158434402832,0.51149982213974,0.00563157937443954,-0.3660702678461053
05,178,1,0.2956810631229236,0.29794864536346455,0.5119752287864685,0.004731516019392088,-0.46242810967792825
05,179,1,0.2973421926910299,0.323010215369902,0.5108597278594971,0.023073125645347,1.8624019079302712
05,180,1,0.29900332225913623,0.3150468385358271,0.5042430758476257,0.013386876088385529,0.3310061304260715
05,181,1,0.30066445182724255,0.3147172512178344,0.5007471442222595,0.011827023124627174,-0.018022605553594584
05,182,1,0.3023255813953488,0.32911803811504353,0.5227726101875305,0.021128956761841764,2.1129964063653364
05,183,1,0.30398671096345514,0.3207456431733082,0.51835036277771,0.012206888664688359,0.7728916774136037
05,184,1,0.30564784053156147,0.32041073007409,0.5080622434616089,0.009989089198527092,0.052560992395050576
05,185,1,0.3073089700996678,0.3274726409839673,0.5220711827278137,0.013307277195178454,1.0719816814434149
05,186,1,0.3089700996677741,0.3224874243992653,0.5077719688415527,0.009007991674584478,-0.08654122853362078
05,187,1,0.3106312292358804,0.3275074172431742,0.51902836561203,0.008801462592588074,0.3610913335960017
05,188,1,0.3122923588039867,0.31855310966901473,0.5173547267913818,0.009492407988008178,0.37991418891941153
05,189,1,0.313953488372093,0.3231736757073996,0.5092257857322693,0.008170668101609461,-0.1335561127600497
05,190,1,0.31561461794019935,0.3156144992827865,0.5273584723472595,0.013679930461334358,1.3429753028158986
05,191,1,0.31727574750830567,0.3218058447895696,0.5171748399734497,0.009957792048568778,0.4325147590966255
05,192,1,0.31893687707641194,0.3230001111153815,0.5087504386901855,0.010315960923931139,0.1238305125233875
05,193,1,0.32059800664451826,0.32679056858328076,0.5243685841560364,0.008956622676924859,0.6061903272905145
05,194,1,0.3222591362126246,0.3325850891779457,0.5123925805091858,0.006454210500228048,-0.22207164671162924
05,195,1,0.3239202657807309,0.3297304198391579,0.5133269429206848,0.007344214061013486,-0.06760761370840758
05,196,1,0.32558139534883723,0.33554788554328674,0.513073205947876,0.0060340778816565495,-0.24771963502006908
05,197,1,0.3272425249169435,0.3280714438602021,0.5144080519676208,0.009416991842656802,0.24599016060645057
05,198,1,0.3289036544850498,0.33028526182598017,0.5124886631965637,0.007873881096373455,-0.03443871759982148
05,199,1,0.33056478405315615,0.3342353685807049,0.5185077786445618,0.005594375417692932,-0.07556897231990561
05,200,1,0.33222591362126247,0.32986609925037025,0.5253313183784485,0.009252212956093636,0.6849836581802184
05,201,1,0.3338870431893688,0.3269654590967729,0.5250185132026672,0.012679901313341362,1.1150521131707372
05,202,1,0.33554817275747506,0.3275355280093983,0.5194463133811951,0.012071121104544435,0.8015178507957541
05,203,1,0.3372093023255814,0.32983645743324325,0.5241347551345825,0.010497955355666147,0.795653593094781
05,204,1,0.3388704318936877,0.324009317759981,0.506860613822937,0.016714845644406527,0.8716629094964727
05,205,1,0.34053156146179403,0.3305340984721823,0.49532172083854675,0.011479264515280752,-0.2916178840167569
05,206,1,0.34219269102990035,0.325326486062418,0.5093814134597778,0.016620753924812902,0.965720907441706
05,207,1,0.3438538205980066,0.3313817554484503,0.51233971118927,0.01167973069177202,0.45143618559225207
05,208,1,0.34551495016611294,0.33477277958384977,0.5110825300216675,0.009342319017940191,0.09619779777965745
05,209,1,0.34717607973421927,0.3391802079143319,0.5241778492927551,0.006904508546439537,0.33278465304521876
05,210,1,0.3488372093023256,0.3375481417248475,0.506859540939331,0.00713239522664423,-0.367532438290116
05,211,1,0.3504983388704319,0.3384734240727828,0.5214388966560364,0.006018912382534123,0.10284589558696201
05,212,1,0.3521594684385382,0.3475015048159612,0.5187697410583496,0.005928193224014182,-0.0213624925746307
05,213,1,0.3538205980066445,0.35308027983504325,0.5150742530822754,0.008395529715917777,0.14197369061818388
05,214,1,0.3554817275747508,0.3541653742520767,0.5267831087112427,0.007518631834326405,0.5219842459126749
05,215,1,0.35714285714285715,0.36224401041672544,0.5148224830627441,0.013774077148533728,0.8268885787879385
05,216,1,0.3588039867109635,0.3645819677091451,0.5142520070075989,0.013592137918099625,0.7793215730348324
05,217,1,0.36046511627906974,0.36027521117979683,0.5082962512969971,0.008263340606496129,-0.16074239666674683
05,218,1,0.36212624584717606,0.3626680227062229,0.5112058520317078,0.008283378677552345,-0.035541844730674454
05,219,1,0.3637873754152824,0.35734759490846546,0.5165104866027832,0.006007687645848669,-0.10628673056436563
05,220,1,0.3654485049833887,0.36118969120443845,0.514937698841095,0.005805351260286631,-0.19872837420507453
05,221,1,0.36710963455149503,0.35992924168473545,0.5110706686973572,0.00546524917897299,-0.40566352364878366
05,222,1,0.3687707641196013,0.36385688300419117,0.5130395293235779,0.004689109115300344,-0.4230627666478299
05,223,1,0.3704318936877076,0.36416874172200964,0.5160574913024902,0.004705447212103474,-0.29377437840318704
05,224,1,0.37209302325581395,0.3674056611831884,0.5138744115829468,0.004200478988916399,-0.4510681616019275
05,225,1,0.37375415282392027,0.36666209834456126,0.5155330300331116,0.005051830810590593,-0.2710825187566569
05,226,1,0.3754152823920266,0.3758955958517036,0.5082014799118042,0.004377158618254787,-0.6672758461772585
05,227,1,0.3770764119601329,0.3711514401794272,0.5173056125640869,0.00433592257919597,-0.28896398575946297
05,228,1,0.3787375415282392,0.38531126585169323,0.511809229850769,0.00889628116454809,0.06914144125562344
05,229,1,0.3803986710963455,0.3813459866607395,0.5150389671325684,0.004940221764322268,-0.3063347914722588
05,230,1,0.38205980066445183,0.3895098259993729,0.5100995898246765,0.009505707894825554,0.07590567266477966
05,231,1,0.38372093023255816,0.3868335560408401,0.49889707565307617,0.006183898236485848,-0.8257217894406116
05,232,1,0.3853820598006645,0.3899622717380475,0.5163994431495667,0.007006754207065198,0.018227775092362904
05,233,1,0.38704318936877075,0.38689454982125626,0.5236880779266357,0.004812206037744669,0.04158076618196355
05,234,1,0.38870431893687707,0.3880896042555921,0.5179881453514099,0.004399502127529569,-0.2519805844123329
05,235,1,0.3903654485049834,0.3873573591733555,0.5047315955162048,0.004523020914789463,-0.7946331842152887
05,236,1,0.3920265780730897,0.39442426145004156,0.50501549243927,0.004654627774803668,-0.7656512084258688
05,237,1,0.39368770764119604,0.3877221423593466,0.5171008110046387,0.006181681120100914,-0.05891082569859894
05,238,1,0.3953488372093023,0.3923877602367739,0.5121477246284485,0.0045854843446974155,-0.4740432265940362
05,239,1,0.39700996677740863,0.3785581004775338,0.5062465667724609,0.018714468753615897,1.1043675639160124
05,240,1,0.39867109634551495,0.39186463942762767,0.5140318274497986,0.007916036538852072,0.03604087953315188
05,241,1,0.4003322259136213,0.3880376350717338,0.5073265433311462,0.012094430118002847,0.29381008740322934
05,242,1,0.4019933554817276,0.3980348979940739,0.506097137928009,0.0063315245768880936,-0.5032239941705593
05,243,1,0.40365448504983387,0.3967010340995181,0.5133320093154907,0.00705110824676597,-0.10529696058008672
05,244,1,0.4053156146179402,0.3975499659670617,0.5143322348594666,0.007056433767213347,-0.06245921415334921
05,245,1,0.4069767441860465,0.40078262166126744,0.5148317813873291,0.005215160668600648,-0.27951191365209666
05,246,1,0.40863787375415284,0.40080697378014596,0.5133798122406006,0.005330489803150067,-0.32578354263752346
05,247,1,0.41029900332225916,0.40406454727104263,0.5162840485572815,0.003845858460120622,-0.3953846732764297
05,248,1,0.4119601328903654,0.40046225246609823,0.5166833996772766,0.006607601923021678,-0.021422610255924852
05,249,1,0.41362126245847175,0.4040551176581852,0.5129829049110413,0.004710671170035321,-0.4226606082005673
05,250,1,0.4152823920265781,0.3986846836679446,0.5155063271522522,0.009645453792818112,0.32181446125424384
05,251,1,0.4169435215946844,0.4028694882814291,0.5173423290252686,0.006475539836102254,-0.010733155244487126
05,252,1,0.4186046511627907,0.4005474386387854,0.5138813257217407,0.008961702027913226,0.1649185490305522
05,253,1,0.420265780730897,0.4063239456708107,0.5034300088882446,0.005293774057767459,-0.7498119057488274
05,254,1,0.4219269102990033,0.4008877227919196,0.5235455632209778,0.01118752670301394,0.8599968956815276
05,255,1,0.42358803986710963,0.4056221908020962,0.5211467146873474,0.007531375381844833,0.2861169237788139
05,256,1,0.42524916943521596,0.4091991029535142,0.5126842856407166,0.006059987707152021,-0.2607580543479291
05,257,1,0.4269102990033223,0.41638274126483077,0.5142217874526978,0.00462574976011808,-0.38143619734243006
05,258,1,0.42857142857142855,0.41289660480413065,0.5039604902267456,0.004781419659786885,-0.7937125192961523
05,259,1,0.43023255813953487,0.42018473323243605,0.49685660004615784,0.004646924167057753,-1.1104596539099543
05,260,1,0.4318936877076412,0.4177545020420795,0.5089588165283203,0.0036589858790626504,-0.7282321782007843
05,261,1,0.4335548172757475,0.42039920692612937,0.507243275642395,0.0033209747789536568,-0.8442340906745365
05,262,1,0.43521594684385384,0.4252646250010036,0.4994819462299347,0.0043512386524416245,-1.038065117140383
05,263,1,0.4368770764119601,0.4285118349034482,0.5108713507652283,0.005701809545688204,-0.38347200233586276
05,264,1,0.43853820598006643,0.43147119529036837,0.5091370344161987,0.006914261557946771,-0.29976768568304635
05,265,1,0.44019933554817275,0.43125391745841857,0.5107935667037964,0.004722029165079445,-0.513449635675941
05,266,1,0.4418604651162791,0.43076409773343316,0.5108605623245239,0.003641678994042795,-0.6503314506197346
05,267,1,0.4435215946843854,0.43080902036039315,0.5104342699050903,0.0031811390708378798,-0.7278497387883138
05,268,1,0.44518272425249167,0.4278624140520113,0.5158746838569641,0.005453211727773133,-0.20478098448488993
05,269,1,0.446843853820598,0.4295973052427208,0.5079306364059448,0.00519774213457975,-0.5725756990783263
05,270,1,0.4485049833887043,0.42696574494820555,0.5133489966392517,0.009507080233098904,0.21301175776294015
05,271,1,0.45016611295681064,0.4310577592689585,0.5175279378890991,0.007026143405035761,0.06828936883554922
05,272,1,0.45182724252491696,0.4262298220591286,0.5201379060745239,0.012560264550662907,0.8939146310400689
05,273,1,0.45348837209302323,0.431872124296083,0.5197222232818604,0.008433836313020426,0.3427907787886031
05,274,1,0.45514950166112955,0.4285474999877058,0.5124726891517639,0.01202977293056036,0.502305370361507
05,275,1,0.4568106312292359,0.42741876852500216,0.5060231685638428,0.013929432817951603,0.47617895290895
05,276,1,0.4584717607973422,0.43020320073414486,0.5116165280342102,0.011801632057281622,0.43672517348353135
05,277,1,0.4601328903654485,0.43731256625224635,0.5166096687316895,0.007486252348856208,0.08909267184340415
05,278,1,0.46179401993355484,0.4400943673537614,0.5195298194885254,0.00610736650957324,0.033836599780090404
05,279,1,0.4634551495016611,0.44280880036547965,0.5173178315162659,0.005067828545570391,-0.19380300330560782
05,280,1,0.46511627906976744,0.4403965925395945,0.5167996883392334,0.005323938044047956,-0.182518655358871
05,281,1,0.46677740863787376,0.44078016873874987,0.5165758728981018,0.004981671825811269,-0.2362101403663967
05,282,1,0.4684385382059801,0.4455249124283191,0.5162688493728638,0.0032688243215350373,-0.4706440627801277
05,283,1,0.4700996677740864,0.4437483306811597,0.5216338038444519,0.003815489471818231,-0.1738754113654943
05,284,1,0.4717607973421927,0.4482642577116167,0.5135034322738647,0.0026419723721098306,-0.6682386331902415
05,285,1,0.473421926910299,0.4454964373988545,0.5167853832244873,0.004128784334014153,-0.3376722151991172
05,286,1,0.4750830564784053,0.4512723812725197,0.526967465877533,0.002381636126576902,-0.1345352418268254
05,287,1,0.47674418604651164,0.44534437309827685,0.5254902839660645,0.006941959727336143,0.3929330743583012
05,288,1,0.47840531561461797,0.451625380989981,0.5227716565132141,0.0028807911779054163,-0.2467968605169647
05,289,1,0.48006644518272423,0.45079823577106265,0.5278313755989075,0.004392860174047544,0.16195005262131462
05,290,1,0.48172757475083056,0.4584613636134957,0.5238701105117798,0.0028369278833736597,-0.20618063759519617
05,291,1,0.4833887043189369,0.4577356412652853,0.5282076597213745,0.002652133325873845,-0.04729478044086016
05,292,1,0.4850498338870432,0.46176026255867136,0.5255813002586365,0.0025943920278503232,-0.16543524091491524
05,293,1,0.4867109634551495,0.46185366551338664,0.52597975730896,0.002259694579164008,-0.19192567573858876
05,294,1,0.4883720930232558,0.46763853375644576,0.5320237278938293,0.004686372695423024,0.3765694318562567
05,295,1,0.4900332225913621,0.46840835778878426,0.5305079221725464,0.003642910760405221,0.1777592263783867
05,296,1,0.49169435215946844,0.4775925431537541,0.5178436636924744,0.010721087073668136,0.5594038488847101
05,297,1,0.49335548172757476,0.47807100873157177,0.5251787304878235,0.00908319721273361,0.6566974767759348
05,298,1,0.4950166112956811,0.4815662534099927,0.5231692790985107,0.009952632417346185,0.6844506602076932
05,299,1,0.49667774086378735,0.48880207206656157,0.5267481803894043,0.014809737095459614,1.4633582806887313
05,300,1,0.4983388704318937,0.49183986475621305,0.5279478430747986,0.01475427016598918,1.506738875971624
05,301,1,0.5,0.505275857691891,0.5291571617126465,0.025292585709974717,2.9204564422197676
05,302,1,0.5016611295681063,0.5133640192594826,0.5713715553283691,0.029099926949451047,5.191697612136123
05,303,1,0.5033222591362126,0.5194072442290528,0.5784304141998291,0.03073324918548547,5.7003672325407395
05,304,1,0.5049833887043189,0.5232677990990955,0.5609087347984314,0.029693160594243095,4.827512536831541
05,305,1,0.5066445182724253,0.5243970519278027,0.5732598900794983,0.026274602322630743,4.90591569044634
05,306,1,0.5083056478405316,0.5257173243022822,0.5831834673881531,0.02294120836258487,4.893034723791829
05,307,1,0.5099667774086378,0.52570386952056,0.5793493390083313,0.01916343333325459,4.242944955841256
05,308,1,0.5116279069767442,0.5258853999855525,0.594124972820282,0.01586727951507574,4.439343279271579
05,309,1,0.5132890365448505,0.5281477881327074,0.595418393611908,0.01356589487594804,4.196244993037915
05,310,1,0.5149501661129569,0.5276484725279906,0.596848726272583,0.010915929109525633,3.9138395077592567
05,311,1,0.5166112956810631,0.5295237618016351,0.5905354022979736,0.009038298452064402,3.404993780626734
05,312,1,0.5182724252491694,0.5307360922186083,0.5776059627532959,0.007174241602075393,2.619103046575616
05,313,1,0.5199335548172758,0.5339667853114833,0.559374988079071,0.005246556199270098,1.60157977906932
05,314,1,0.521594684385382,0.5334496287645836,0.5698157548904419,0.004481502468220057,1.942616685185928
05,315,1,0.5232558139534884,0.535493845250741,0.556871235370636,0.002968083709222374,1.2014330897052332
05,316,1,0.5249169435215947,0.5357907349267899,0.554691731929779,0.003850503187847448,1.2236994073550558
05,317,1,0.526578073089701,0.5373193756263187,0.5506055951118469,0.003923770750269117,1.0609858998011306
05,318,1,0.5282392026578073,0.5373673463310336,0.5408177971839905,0.00515523800250183,0.8077788732886654
05,319,1,0.5299003322259136,0.5400014051928284,0.5478634238243103,0.0036620419419204444,0.9115866278575903
05,320,1,0.53156146179402,0.5381220934923077,0.5516221523284912,0.006522198019582274,1.4398376074323684
05,321,1,0.5332225913621262,0.5418111873029938,0.5441707968711853,0.004003630714100244,0.8001532916679248
05,322,1,0.5348837209302325,0.5411805471747547,0.5409817099571228,0.005500321978025158,0.8593104623102024
05,323,1,0.5365448504983389,0.5457416113285942,0.5423019528388977,0.0028780895948582116,0.5758521701578259
05,324,1,0.5382059800664452,0.5474754504335986,0.5565688610076904,0.0024215499956940084,1.1180164085971527
05,325,1,0.5398671096345515,0.5492853014451307,0.554413914680481,0.0021127253689222254,0.9872723729030958
05,326,1,0.5415282392026578,0.550906155092072,0.5289841294288635,0.0018436815335376492,-0.1191192460821312
05,327,1,0.5431893687707641,0.551980532887117,0.5358793139457703,0.0019301485627714954,0.18262234207823602
05,328,1,0.5448504983388704,0.5542538086062505,0.5507879853248596,0.0012732480560781517,0.7259206314347026
05,329,1,0.5465116279069767,0.5576053925194815,0.5500251054763794,0.0018200892287665534,0.7644877118626446
05,330,1,0.5481727574750831,0.5603697340052198,0.5419948101043701,0.0027190773171758484,0.5423467068645721
05,331,1,0.5498338870431894,0.5667342828801538,0.5387698411941528,0.007327983400793407,1.002446443190726
05,332,1,0.5514950166112956,0.567742248140181,0.5338783264160156,0.0063334306582956525,0.6677099626802431
05,333,1,0.553156146179402,0.5707350962417452,0.5279563069343567,0.007058096115028922,0.5118683570875222
05,334,1,0.5548172757475083,0.5762373424163876,0.5364627838134766,0.010365078643320062,1.2979685903469718
05,335,1,0.5564784053156147,0.5814669760120712,0.5427308082580566,0.012872194458712263,1.8863069961449632
05,336,1,0.5581395348837209,0.587684366833348,0.5298324227333069,0.016257028943626406,1.780482816839429
05,337,1,0.5598006644518272,0.5906412985154523,0.5125659108161926,0.015892259221545486,1.0057093171836076
05,338,1,0.5614617940199336,0.5970104392659574,0.520822286605835,0.019054279458703575,1.7625246653255222
05,339,1,0.5631229235880398,0.6046557875083789,0.5287520289421082,0.02316141421309941,2.6277928645921573
05,340,1,0.5647840531561462,0.610699931360883,0.5202550888061523,0.025250523346800034,2.539887599293039
05,341,1,0.5664451827242525,0.6079306037495644,0.5120295286178589,0.018865624570272545,1.3676057620962767
05,342,1,0.5681063122923588,0.6139145897106391,0.5111871957778931,0.020223610814149643,1.507717576376134
05,343,1,0.5697674418604651,0.6127757636910207,0.5121739506721497,0.01563376296961449,0.9557649602637819
05,344,1,0.5714285714285714,0.6172419248196734,0.5047764182090759,0.015368220940476475,0.6096976425448859
05,345,1,0.5730897009966778,0.6188011703030907,0.5276141166687012,0.0129245445310839,1.2560656641889048
05,346,1,0.574750830564784,0.6224547468801659,0.5255805850028992,0.012754333320041772,1.148362720357608
05,347,1,0.5764119601328903,0.628250484964595,0.5125744342803955,0.014642035780186262,0.8443964271590225
05,348,1,0.5780730897009967,0.6295478220558394,0.5209566354751587,0.011888338788087862,0.8415257711990132
05,349,1,0.579734219269103,0.6335907645224901,0.5212451219558716,0.012066181883631219,0.8766801663762398
05,350,1,0.5813953488372093,0.6339079980874314,0.5189676880836487,0.008857510455589539,0.36578221178582776
05,351,1,0.5830564784053156,0.6365301734170719,0.5148588418960571,0.008045943201313995,0.08768973660621558
05,352,1,0.584717607973422,0.6321660135643474,0.5220020413398743,0.004187346848791003,-0.11027147540090479
05,353,1,0.5863787375415282,0.6355113918584958,0.5093752145767212,0.0037768387422214824,-0.6954452530494413
05,354,1,0.5880398671096345,0.6325070711128122,0.5233323574066162,0.004543866180314467,-0.008109389672660616
05,355,1,0.5897009966777409,0.6344897862379926,0.5210093855857849,0.00424091343280496,-0.14517462889179034
05,356,1,0.5913621262458472,0.6317975127835764,0.5158505439758301,0.008199483823495722,0.14933467509846365
05,357,1,0.5930232558139535,0.6311992626503309,0.5309697389602661,0.010075085604808227,1.0289936999396863
05,358,1,0.5946843853820598,0.6291285747983437,0.5124120712280273,0.013461737668174687,0.6849248135450667
05,359,1,0.5963455149501661,0.6290700852399989,0.5245424509048462,0.01436927365356743,1.3134514519337428
05,360,1,0.5980066445182725,0.6268931325741265,0.5203953385353088,0.017279720243504666,1.5150569522430417
05,361,1,0.5996677740863787,0.6299092131847727,0.5102836489677429,0.014768994002623706,0.7642812516442455
05,362,1,0.6013289036544851,0.6232705235846405,0.516334056854248,0.021337837369714792,1.8686898050439076
05,363,1,0.6029900332225914,0.6274896388017859,0.5173850655555725,0.017030532597180296,1.3559817435207573
05,364,1,0.6046511627906976,0.6247903117996182,0.5238097906112671,0.01893387599817262,1.8728468963713671
05,365,1,0.606312292358804,0.6304024566083577,0.5184410214424133,0.013520883076786014,0.9466305737275917
05,366,1,0.6079734219269103,0.6282019477759571,0.5104994773864746,0.014435575548910225,0.7302603165650451
05,367,1,0.6096345514950167,0.6321067660837043,0.5106984972953796,0.010927799546230613,0.2850405020293452
05,368,1,0.6112956810631229,0.630016784707616,0.5021545886993408,0.012092110614481278,0.0755661723464548
05,369,1,0.6129568106312292,0.6271283071845688,0.5179381370544434,0.01480271053715734,1.0911981636612582
05,370,1,0.6146179401993356,0.6259027195902105,0.5089932084083557,0.01550247819912824,0.8047528041528145
05,371,1,0.6162790697674418,0.6327226037795233,0.5158930420875549,0.009307366235497517,0.2943908283676355
05,372,1,0.6179401993355482,0.6312591473066547,0.5224196314811707,0.010113924189229417,0.67371819906232
05,373,1,0.6196013289036545,0.635785075525739,0.518876850605011,0.006814732229841439,0.09779343905846385
05,374,1,0.6212624584717608,0.636203986196721,0.5127373337745667,0.0063273713514317665,-0.22394603643795816
05,375,1,0.6229235880398671,0.6351792262253368,0.5169011354446411,0.007323117916146547,0.08027930162404891
05,376,1,0.6245847176079734,0.6428493538707658,0.5126645565032959,0.003949229581939502,-0.5345411410144391
05,377,1,0.6262458471760798,0.6413790253663596,0.5103002190589905,0.0040395756281417314,-0.622490258699426
05,378,1,0.627906976744186,0.6367717641976182,0.5201505422592163,0.008385090323415943,0.3545363933463269
05,379,1,0.6295681063122923,0.637950525729515,0.5126436352729797,0.008062146819947625,-0.003562765345556218
05,380,1,0.6312292358803987,0.6370234731381907,0.5203224420547485,0.009528347205640313,0.5096199117915977
05,381,1,0.632890365448505,0.6336947865523384,0.522243320941925,0.01348714274593797,1.1024947429863154
05,382,1,0.6345514950166113,0.6368926373419079,0.5198904275894165,0.010617015978456485,0.632195703932733
05,383,1,0.6362126245847176,0.6408058459959449,0.517391562461853,0.007827915593945212,0.1662233655126555
05,384,1,0.6378737541528239,0.6405524570018791,0.5182890295982361,0.008500791113584802,0.2910548352457472
05,385,1,0.6395348837209303,0.6397814687441017,0.5190943479537964,0.010028399791743968,0.5225326169872302
05,386,1,0.6411960132890365,0.6488671998773162,0.5124696493148804,0.005560999046694412,-0.33432922535684534
05,387,1,0.6428571428571429,0.6508253584998422,0.5163249373435974,0.005120924218186003,-0.2287770993434008
05,388,1,0.6445182724252492,0.6578367120582846,0.5120803117752075,0.006582124260625992,-0.21868940974002235
05,389,1,0.6461794019933554,0.6522951213036382,0.512917160987854,0.0045839740878323,-0.44181480367089443
05,390,1,0.6478405315614618,0.6586233279942646,0.5047522783279419,0.005413915143681898,-0.6785560447977951
05,391,1,0.6495016611295681,0.6493382820644862,0.5116413831710815,0.007202286155124256,-0.1569897264132501
05,392,1,0.6511627906976745,0.6620688505209167,0.5084356665611267,0.0053253401106468845,-0.5347936698641068
05,393,1,0.6528239202657807,0.6597209718588304,0.5196803212165833,0.003514477254957483,-0.29511959424488343
05,394,1,0.654485049833887,0.6574417636895549,0.5200161933898926,0.004063795739736631,-0.20993121824402156
05,395,1,0.6561461794019934,0.6631043807665808,0.5113247632980347,0.0036093202489840778,-0.6349546750604236
05,396,1,0.6578073089700996,0.6580442191042721,0.5049661993980408,0.006016964779853982,-0.5915584174908752
05,397,1,0.659468438538206,0.6616577946269184,0.4944072365760803,0.004676270348566566,-1.2098799014216144
05,398,1,0.6611295681063123,0.6496416807653606,0.5363501906394958,0.017388759190655943,2.2014879582834004
05,399,1,0.6627906976744186,0.6566601195296825,0.5322306156158447,0.011779642965875803,1.3025505517444107
05,400,1,0.6644518272425249,0.6403996481632884,0.5210409760475159,0.028485639974803943,2.9913521617138
05,401,1,0.6661129568106312,0.6443752775622901,0.5248274803161621,0.024230590671904837,2.6006741123601564
05,402,1,0.6677740863787376,0.6463122009389068,0.5193822979927063,0.02190127023041915,2.070001450164903
05,403,1,0.6694352159468439,0.6462674668943595,0.5127910375595093,0.020839730991987455,1.6549760826377309
05,404,1,0.6710963455149501,0.6480736135948173,0.5130007863044739,0.018633995785492023,1.37858117911134
05,405,1,0.6727574750830565,0.6544581301647117,0.5007151365280151,0.014410842879238566,0.314754058491419
05,406,1,0.6744186046511628,0.6552932235249578,0.5096783638000488,0.013325239019705818,0.552076285160154
05,407,1,0.6760797342192691,0.677450022868161,0.5319469571113586,0.013943922701665303,1.5704701344332994
05,408,1,0.6777408637873754,0.6648616751536066,0.5330590009689331,0.010588797923689068,1.1834647833691054
05,409,1,0.6794019933554817,0.6826079998298893,0.5187816023826599,0.015726803921438097,1.2462401419502247
05,410,1,0.6810631229235881,0.6726448264376037,0.5164628624916077,0.010118778192312177,0.4233301792858517
05,411,1,0.6827242524916943,0.6794918602519512,0.5135746598243713,0.012021878579174753,0.5477210916535956
05,412,1,0.6843853820598007,0.6972810510546819,0.5102447271347046,0.026080622700901057,2.225399127417131
05,413,1,0.686046511627907,0.6932551802695648,0.509773850440979,0.01946960598860204,1.3506560199655315
05,414,1,0.6877076411960132,0.7078954619436681,0.509595513343811,0.030678288516372807,2.7925865594231922
05,415,1,0.6893687707641196,0.7045344344591962,0.5115923285484314,0.023218820098122556,1.9121138001970324
05,416,1,0.6910299003322259,0.7149929122743617,0.5046168565750122,0.028657526655831638,2.3214741957387024
05,417,1,0.6926910299003323,0.7129701480827966,0.5155084729194641,0.02226317587309354,1.9535597689193729
05,418,1,0.6943521594684385,0.7217368324726945,0.5138551592826843,0.025731204531029315,2.3323563545240806
05,419,1,0.6960132890365448,0.7230152721383352,0.5055109262466431,0.021807893305911517,1.4733927479101165
05,420,1,0.6976744186046512,0.731435272743488,0.5228092670440674,0.025271047598144167,2.6501736684866106
05,421,1,0.6993355481727574,0.729083055057035,0.5179908275604248,0.01805868504689944,1.5144633546575175
05,422,1,0.7009966777408638,0.7340985432443349,0.5172658562660217,0.01891214303241836,1.594277896557087
05,423,1,0.7026578073089701,0.7365728821546553,0.5081934332847595,0.01633637490230208,0.8788855863249128
05,424,1,0.7043189368770764,0.7366349534757795,0.5306985378265381,0.013127581457375694,1.412297486632423
05,425,1,0.7059800664451827,0.7423866156980456,0.5164084434509277,0.013724750634053698,0.8873416399673392
05,426,1,0.707641196013289,0.7378393145503797,0.5230143666267395,0.007413021307770127,0.3495140802825863
05,427,1,0.7093023255813954,0.7424900219099023,0.5209344029426575,0.007166298042607155,0.2299603901034736
05,428,1,0.7109634551495017,0.7426444708609663,0.5236605405807495,0.0050180259740645675,0.06703586385667551
05,429,1,0.7126245847176079,0.7512186036407109,0.5323318839073181,0.009168390755331254,0.9691450844916827
05,430,1,0.7142857142857143,0.7400686261387044,0.5222810506820679,0.0062209966096351665,0.16446633645241115
05,431,1,0.7159468438538206,0.7345408999585952,0.5218993425369263,0.01263501885863145,0.9778076334677757
05,432,1,0.717607973421927,0.7339447900757625,0.5206739902496338,0.014771896732592573,1.2025011814038185
05,433,1,0.7192691029900332,0.7420269591949482,0.5153438448905945,0.00905813169187301,0.23901824240033526
05,434,1,0.7209302325581395,0.7379039298446454,0.5142524838447571,0.013123239300878794,0.7187062592703457
05,435,1,0.7225913621262459,0.7460750285626737,0.5067706108093262,0.008034480726318998,-0.2546271476429187
05,436,1,0.7242524916943521,0.7427881432159988,0.5058033466339111,0.010340107439386069,0.002763801571780633
05,437,1,0.7259136212624585,0.752637099920167,0.5326699614524841,0.006830738278095635,0.6810990812937053
05,438,1,0.7275747508305648,0.7550314831071759,0.5252169966697693,0.006379902437467803,0.3087346857901869
05,439,1,0.729235880398671,0.7555341280702447,0.5258052945137024,0.005896634496477752,0.2710317369154931
05,440,1,0.7308970099667774,0.7511046425116286,0.5296574831008911,0.0068819681517048046,0.5607792915677421
05,441,1,0.7325581395348837,0.7573152895218503,0.5255139470100403,0.0052365248274377505,0.1733927008943967
05,442,1,0.7342192691029901,0.7571760798285774,0.522553563117981,0.0047283245031335686,-0.017074307352952733
05,443,1,0.7358803986710963,0.7539709683952298,0.5264811515808105,0.00602250830722256,0.31578937993803635
05,444,1,0.7375415282392026,0.7431919430393426,0.511648952960968,0.016692794076339352,1.070589896891302
05,445,1,0.739202657807309,0.7515436458674579,0.5175262689590454,0.009514743878104623,0.3900312582216648
05,446,1,0.7408637873754153,0.7548674845686147,0.5178358554840088,0.007869971550977102,0.19038413119492348
05,447,1,0.7425249169435216,0.7595734001874808,0.5309420228004456,0.005947729574284557,0.4940986195609793
05,448,1,0.7441860465116279,0.7642334853288041,0.5236367583274841,0.005005962314054033,0.06447368320809732
05,449,1,0.7458471760797342,0.7625232276654037,0.5272095203399658,0.005940862590146583,0.33592455172859564
05,450,1,0.7475083056478405,0.7584840754883994,0.5237860083580017,0.009370926152186015,0.6352162928073073
05,451,1,0.7491694352159468,0.7701654695157863,0.5293629169464111,0.005538486215769192,0.3746346548320304
05,452,1,0.7508305647840532,0.7598134311360489,0.5222334265708923,0.010119559196410667,0.6666002916441665
05,453,1,0.7524916943521595,0.7729255467042483,0.5291828513145447,0.00522131012278776,0.32603128611341636
05,454,1,0.7541528239202658,0.7637308493223771,0.5236741304397583,0.00793504789965604,0.4448218738039891
05,455,1,0.7558139534883721,0.7758697029251853,0.5245643258094788,0.0053679167998502905,0.150366959244721
05,456,1,0.7574750830564784,0.7726051658092257,0.5275253057479858,0.004647358039219498,0.18196267276145323
05,457,1,0.7591362126245847,0.7828967715820937,0.5161566138267517,0.008484868208740181,0.1991366780831338
05,458,1,0.760797342192691,0.7825558733799017,0.5188670754432678,0.006369082789123926,0.039752566908394106
05,459,1,0.7624584717607974,0.7818114837871531,0.5251093506813049,0.004251359237517832,0.02894695169389533
05,460,1,0.7641196013289037,0.7816537249521931,0.5229936838150024,0.003787163683952408,-0.12023358364202497
05,461,1,0.7657807308970099,0.784940440538671,0.5247740149497986,0.003571653668681046,-0.07307976425359097
05,462,1,0.7674418604651163,0.7868861809280934,0.5300127267837524,0.0034575150842945527,0.13291754723119437
05,463,1,0.7691029900332226,0.7849582145069696,0.5209895968437195,0.004306459636614995,-0.13753244108707724
05,464,1,0.770764119601329,0.7854191476810279,0.518795907497406,0.004851014422884327,-0.15955472764670797
05,465,1,0.7724252491694352,0.7900491284697526,0.5208682417869568,0.0035006454760410427,-0.24684977648988918
05,466,1,0.7740863787375415,0.7936011396456797,0.5342472195625305,0.003234281665178506,0.28248994661726
05,467,1,0.7757475083056479,0.7880814940887337,0.5246164798736572,0.00639924137109565,0.2859299685316494
05,468,1,0.7774086378737541,0.7946711507590238,0.5249820351600647,0.0030580097464430406,-0.13073550689520907
05,469,1,0.7790697674418605,0.797277815594115,0.5240731239318848,0.002397742017971441,-0.2544188551169953
05,470,1,0.7807308970099668,0.8054539690404621,0.5290949940681458,0.006477113112177875,0.4847226009508841
05,471,1,0.782392026578073,0.8004754892184268,0.5131774544715881,0.002534303076564565,-0.6958984042798323
05,472,1,0.7840531561461794,0.8034527995035677,0.5185984373092651,0.002246647938695961,-0.5046584829194916
05,473,1,0.7857142857142857,0.8057810348077185,0.5164573192596436,0.0023904773572822158,-0.5762850526804325
05,474,1,0.7873754152823921,0.8087283736872933,0.5129777193069458,0.003447198876773155,-0.5862644616819879
05,475,1,0.7890365448504983,0.8134078983561476,0.5099421143531799,0.005766858378893908,-0.4142178699780043
05,476,1,0.7906976744186046,0.8137666758363955,0.5220593214035034,0.004474821840471227,-0.07068302248683395
05,477,1,0.792358803986711,0.8153806789253493,0.5249486565589905,0.004204699484681775,0.016141585368324607
05,478,1,0.7940199335548173,0.8176833000895696,0.5182087421417236,0.004149509423272547,-0.27501242019421
05,479,1,0.7956810631229236,0.8200593002178161,0.5137835741043091,0.0040271537340585365,-0.47730948937886186
05,480,1,0.7973421926910299,0.8202904381108842,0.5189456939697266,0.0029203423980787646,-0.40290674792808373
05,481,1,0.7990033222591362,0.8239519316780395,0.4997318387031555,0.0037788494166063496,-1.1015530034368601
05,482,1,0.8006644518272426,0.817469099699419,0.5229599475860596,0.005291550807591923,0.07288391003333278
05,483,1,0.8023255813953488,0.825157825570212,0.5176923274993896,0.0022295566271621314,-0.5450517201449221
05,484,1,0.8039867109634552,0.8349253132857914,0.5085198879241943,0.0085448085704596,-0.11492054489037345
05,485,1,0.8056478405315615,0.8380237511136718,0.5073059797286987,0.009538150380816403,-0.03762058413974356
05,486,1,0.8073089700996677,0.8373496840711416,0.5049445629119873,0.0066596467550530175,-0.5093620478997642
05,487,1,0.8089700996677741,0.8373602188479825,0.5053989291191101,0.004972086102393933,-0.7084413731630607
05,488,1,0.8106312292358804,0.840292329367442,0.5098214149475098,0.005119547340324776,-0.5030108187233013
05,489,1,0.8122923588039868,0.8432534416104772,0.49785295128822327,0.005400437150525061,-0.9710336537185869
05,490,1,0.813953488372093,0.8448174609060597,0.5185049772262573,0.00488996345952148,-0.1667777289649666
05,491,1,0.8156146179401993,0.8452174368228939,0.5144040584564209,0.003926419093765155,-0.46418899590170903
05,492,1,0.8172757475083057,0.8469457379666709,0.5123058557510376,0.003497373295282939,-0.6080882246244032
05,493,1,0.8189368770764119,0.8511568032025894,0.5140127539634705,0.004550829001777738,-0.39993312287568605
05,494,1,0.8205980066445183,0.8437386431325568,0.5083493590354919,0.0059950555481872786,-0.4518266907285743
05,495,1,0.8222591362126246,0.8478545819469725,0.5105000138282776,0.004595857654600493,-0.5421356394895589
05,496,1,0.8239202657807309,0.8438112635883199,0.5156453847885132,0.008829929715642114,0.2222151726638417
05,497,1,0.8255813953488372,0.8541039898000238,0.5064384937286377,0.003179461475647378,-0.89644698566356
05,498,1,0.8272425249169435,0.8490271822175536,0.49942299723625183,0.007455644405112533,-0.6391044108108712
05,499,1,0.8289036544850499,0.8492289919607754,0.49730584025382996,0.008047399139009708,-0.6517980167275765
05,500,1,0.8305647840531561,0.8545530488407304,0.5069332718849182,0.004953781947927977,-0.6461518145325433
05,501,1,0.8322259136212624,0.8592485717229164,0.5049546360969543,0.0038007683528418035,-0.8786321044410443
05,502,1,0.8338870431893688,0.8644889555469304,0.5036804676055908,0.004164231183194702,-0.8853239954635599
05,503,1,0.8355481727574751,0.8647118145068894,0.5024433135986328,0.0037571193312243368,-0.9901026199424483
05,504,1,0.8372093023255814,0.8581255845812721,0.49636927247047424,0.006120982994521198,-0.940378196331055
05,505,1,0.8388704318936877,0.8589629921094359,0.5038500428199768,0.0060713548270240085,-0.6315593574460072
05,506,1,0.840531561461794,0.8628761013115852,0.4990784227848053,0.004238112682629255,-1.0696982559595163
05,507,1,0.8421926910299004,0.8665585057244449,0.4907611310482025,0.003518895844655181,-1.5131905862162494
05,508,1,0.8438538205980066,0.8629758031158821,0.4951481819152832,0.005278373902957306,-1.1007960375853765
05,509,1,0.845514950166113,0.8608260015321543,0.5065723657608032,0.008802258342636909,-0.16369630291249543
05,510,1,0.8471760797342193,0.8637098727545178,0.5052835941314697,0.0070143568553711405,-0.4492062441249188
05,511,1,0.8488372093023255,0.8556453972306324,0.5084736943244934,0.016330721840685927,0.8899646443532122
05,512,1,0.8504983388704319,0.856875270668531,0.5029833912849426,0.015210948933545085,0.5138026934722739
05,513,1,0.8521594684385382,0.8634269544815618,0.5027084350585938,0.010539823217891263,-0.10182830314970215
05,514,1,0.8538205980066446,0.860442629863193,0.49676480889320374,0.013242846730597942,-0.0027499496293943437
05,515,1,0.8554817275747508,0.8631578284644704,0.5117281079292297,0.011342056948178289,0.38199736047958976
05,516,1,0.8571428571428571,0.8582492397766168,0.5084019899368286,0.016111614735157844,0.8586093180841518
05,517,1,0.8588039867109635,0.8668564272973698,0.5082336664199829,0.008637203474499087,-0.11503379318605289
05,518,1,0.8604651162790697,0.8647037299317685,0.5028616189956665,0.009801603569534073,-0.19083572902589102
05,519,1,0.8621262458471761,0.8616647491951612,0.49886441230773926,0.012873465485946525,0.03796008115129368
05,520,1,0.8637873754152824,0.8704684846999975,0.5065124034881592,0.00639329208564253,-0.47773744321724926
05,521,1,0.8654485049833887,0.865553987088935,0.5028803944587708,0.009790045076787374,-0.19153922012765856
05,522,1,0.867109634551495,0.8725641458117119,0.5029990673065186,0.004968438584238779,-0.810042206860413
05,523,1,0.8687707641196013,0.8696265584507699,0.49814045429229736,0.006524028468773968,-0.8136217085053468
05,524,1,0.8704318936877077,0.8723470188645709,0.4990895390510559,0.004944099087358011,-0.9779355163294987
05,525,1,0.872093023255814,0.8709243164849422,0.49806585907936096,0.006207874450674594,-0.8576484294668837
05,526,1,0.8737541528239202,0.8834984934870485,0.5127506852149963,0.005560632361127087,-0.3225339097714812
05,527,1,0.8754152823920266,0.8775046413233851,0.5074679255485535,0.003897276978024513,-0.760243187215627
05,528,1,0.8770764119601329,0.8864383238349632,0.5288416743278503,0.005372681604103588,0.3312287659190201
05,529,1,0.8787375415282392,0.8865505433537006,0.524895191192627,0.004231913032932073,0.01740768494439049
05,530,1,0.8803986710963455,0.8898267474201793,0.530682384967804,0.005235408028769289,0.3910440609761087
05,531,1,0.8820598006644518,0.8952245646297817,0.5232387185096741,0.008310534735649706,0.4750297064293665
05,532,1,0.8837209302325582,0.9009604579645311,0.537438154220581,0.012020132546655325,1.553092813507292
05,533,1,0.8853820598006644,0.9029725056104366,0.525258481502533,0.011442413904506423,0.9651391642776213
05,534,1,0.8870431893687708,0.9083955913041699,0.5309398770332336,0.013914945568577182,1.5242850435188655
05,535,1,0.8887043189368771,0.9079927946407391,0.5466684699058533,0.011103154080948464,1.8234757470587113
05,536,1,0.8903654485049833,0.9067499733167973,0.527752697467804,0.00800024584797582,0.6251219970107238
05,537,1,0.8920265780730897,0.9076733362231779,0.5183289051055908,0.007034928191771292,0.10317778746649209
05,538,1,0.893687707641196,0.9063006299204355,0.523101270198822,0.00569194916618688,0.13061651312400926
05,539,1,0.8953488372093024,0.9105870946044669,0.5270323753356934,0.00521879653439872,0.23508609903584138
05,540,1,0.8970099667774086,0.9078477625053083,0.5255380272865295,0.004727161123926913,0.10853930214016633
05,541,1,0.8986710963455149,0.9075392771876225,0.5282344818115234,0.005821774820927377,0.3637162127064375
05,542,1,0.9003322259136213,0.9089137554956879,0.5289096236228943,0.005651363323784302,0.3701297178139712
05,543,1,0.9019933554817275,0.9158444796916456,0.5162920355796814,0.003686959821282335,-0.4155960074231684
05,544,1,0.9036544850498339,0.9219324733175462,0.5293288826942444,0.004394315164943879,0.2252425164869612
05,545,1,0.9053156146179402,0.9178783334254661,0.5227389931678772,0.00391626150301759,-0.11427191456940006
05,546,1,0.9069767441860465,0.9272732435034474,0.5143366456031799,0.005354315502200864,-0.2823819822620451
05,547,1,0.9086378737541528,0.9261531878648885,0.5230709910392761,0.003684760924939751,-0.13021805542127118
05,548,1,0.9102990033222591,0.9290168266104797,0.5251482129096985,0.004184262423104545,0.02190799600283927
05,549,1,0.9119601328903655,0.9317295265567771,0.5280323624610901,0.004684348559304911,0.20811323906651297
05,550,1,0.9136212624584718,0.9298815234428248,0.5260805487632751,0.00311663784890197,-0.07686314473393341
05,551,1,0.915282392026578,0.9341296260835026,0.5197742581367493,0.004016514250152506,-0.22624045088585398
05,552,1,0.9169435215946844,0.9364237229609645,0.5199614763259888,0.004250503563822129,-0.1880929362725473
05,553,1,0.9186046511627907,0.9369502375247284,0.5246255993843079,0.003326330662145446,-0.11105776404041368
05,554,1,0.920265780730897,0.9439873268081563,0.5159700512886047,0.007574310562139594,0.07352667175958635
05,555,1,0.9219269102990033,0.9361052936499334,0.5102042555809021,0.004484288428863261,-0.5690262890484816
05,556,1,0.9235880398671097,0.9408404011383835,0.5429476499557495,0.002934148143603439,0.6103107574326775
05,557,1,0.925249169435216,0.938070173074609,0.5289263129234314,0.005245145057683023,0.31830307093400945
05,558,1,0.9269102990033222,0.9427475673292622,0.519064724445343,0.003201932196125648,-0.3614771999921186
05,559,1,0.9285714285714286,0.9402815579705173,0.5231605172157288,0.00610810211853762,0.1869277834900862
05,560,1,0.9302325581395349,0.9411378110191904,0.5295224785804749,0.006852079394511037,0.5512252076779603
05,561,1,0.9318936877076412,0.9432935386475741,0.5148237943649292,0.005752097268553724,-0.21041477568101774
05,562,1,0.9335548172757475,0.9420188209552418,0.520904004573822,0.008185706479775914,0.36050374559883536
05,563,1,0.9352159468438538,0.9428012784002352,0.5186288356781006,0.008331962916551248,0.2835421789024972
05,564,1,0.9368770764119602,0.9455168119818598,0.5222846269607544,0.006567289609521209,0.20939775818410208
05,565,1,0.9385382059800664,0.9437895444435348,0.5129448175430298,0.009251342614858294,0.16290923083049502
05,566,1,0.9401993355481728,0.9443064146063828,0.5143231749534607,0.009424466620584063,0.24338007675697876
05,567,1,0.9418604651162791,0.9463075578205948,0.5199683904647827,0.008029708573179308,0.30090456775390073
05,568,1,0.9435215946843853,0.9489802262511945,0.5204543471336365,0.006317856495500006,0.1000152167444611
05,569,1,0.9451827242524917,0.9462337853662893,0.5260992646217346,0.009085160959557697,0.6957423348613487
05,570,1,0.946843853820598,0.9452017094213155,0.5257931351661682,0.010840700598556905,0.9098589649471709
05,571,1,0.9485049833887044,0.9466545601510078,0.5287669897079468,0.009699371889074078,0.8875855377486465
05,572,1,0.9501661129568106,0.9484180449570109,0.5249560475349426,0.008558442150918501,0.5794552540681956
05,573,1,0.9518272425249169,0.951786171150178,0.5234196186065674,0.006285600040997244,0.22079926757448493
05,574,1,0.9534883720930233,0.948196587733716,0.5295424461364746,0.009997307012352215,0.9587902844475852
05,575,1,0.9551495016611296,0.9500694686170651,0.5133059620857239,0.00865363703919479,0.10083568868953921
05,576,1,0.9568106312292359,0.9521971322393755,0.5297499299049377,0.007132788629859568,0.5971096945360624
05,577,1,0.9584717607973422,0.955420209059522,0.5226126313209534,0.005290427166098317,0.05810284709021771
05,578,1,0.9601328903654485,0.9540667834230059,0.5205203294754028,0.006743679082164935,0.15786073511897494
05,579,1,0.9617940199335548,0.9570411476148435,0.5162955522537231,0.004638980618701198,-0.2923376878571083
05,580,1,0.9634551495016611,0.9605918737704473,0.5196292400360107,0.003333881732825568,-0.32062575976692415
05,581,1,0.9651162790697675,0.9589936868485336,0.5355121493339539,0.004537278069245753,0.5042899258598574
05,582,1,0.9667774086378738,0.9656581931924254,0.5226514935493469,0.0028133828418081285,-0.26057735448890995
05,583,1,0.96843853820598,0.9635168170262902,0.5210622549057007,0.0024156843414721058,-0.378975392676971
05,584,1,0.9700996677740864,0.9668844111006772,0.5240316987037659,0.0018073420324104365,-0.33251179726351193
05,585,1,0.9717607973421927,0.9692304700295946,0.5276826620101929,0.0018048587100031879,-0.17898288527936534
05,586,1,0.973421926910299,0.9724435259517252,0.5174177289009094,0.002622121265829116,-0.5058588739473393
05,587,1,0.9750830564784053,0.9751842634101415,0.5155431628227234,0.003496926752204914,-0.47172722534727635
05,588,1,0.9767441860465116,0.977432210907886,0.5204964876174927,0.004020580815692606,-0.19528014155540718
05,589,1,0.978405315614618,0.9774751202354786,0.5246354341506958,0.0023879484623834726,-0.23198979064436082
05,590,1,0.9800664451827242,0.9838823157044091,0.5305912494659424,0.006424880269888293,0.5410197015354852
05,591,1,0.9817275747508306,0.9836255893094065,0.5198900699615479,0.004184143522279351,-0.19968328814688144
05,592,1,0.9833887043189369,0.989447498665037,0.5275083184242249,0.007712165822307772,0.577571032929389
05,593,1,0.9850498338870431,0.9893338506175244,0.5270405411720276,0.005330101102761909,0.24982350260624006
05,594,1,0.9867109634551495,0.9939522975697058,0.5254421830177307,0.007383149138068583,0.44795832512194256
05,595,0,0.9883720930232558,0.9930913400310372,0.5256001949310303,0.0047119167065597855,0.1091876954811129
05,596,0,0.9900332225913622,0.9939665258371858,0.528883159160614,0.003584566094008943,0.1017475902507351
05,597,0,0.9916943521594684,0.9935665590973549,0.5279030799865723,0.002995767748448921,-0.015692714810749187
05,598,0,0.9933554817275747,0.9959467118375148,0.5237706303596497,0.0026095179616740646,-0.23978009759819774
05,599,0,0.9950166112956811,0.994449052243773,0.5295780301094055,0.0033899116538087357,0.10585750787065829
05,600,0,0.9966777408637874,0.9956459268020376,0.5085486173629761,0.0037872955330713323,-0.7289254931768246
05,601,0,0.9983388704318937,0.9923833730014643,0.5281909108161926,0.008707163680095487,0.7350028732202846
12,15,0,0.025423728813559324,0.03683412988624198,0.5634117722511292,nan,nan
12,16,0,0.02711864406779661,0.03620237981123605,0.5841584205627441,nan,nan
12,17,0,0.0288135593220339,0.03691618775982066,0.5763866305351257,nan,nan
12,18,0,0.030508474576271188,0.037327562666501994,0.5740109086036682,nan,nan
12,19,0,0.03220338983050847,0.03853523791354761,0.5719708204269409,nan,nan
12,20,0,0.03389830508474576,0.0384854491628165,0.590158998966217,nan,nan
12,21,0,0.03559322033898305,0.038189515445929446,0.5916761159896851,nan,nan
12,22,0,0.03728813559322034,0.040532298199934785,0.5871906876564026,nan,nan
12,23,0,0.03898305084745763,0.04141704951801188,0.588045060634613,nan,nan
12,24,0,0.04067796610169491,0.04400677805606869,0.5708824396133423,nan,nan
12,25,0,0.0423728813559322,0.04467856930557838,0.5713223218917847,nan,nan
12,26,0,0.04406779661016949,0.0456231663291289,0.5595756769180298,nan,nan
12,27,0,0.04576271186440678,0.045825686539115826,0.5606392025947571,nan,nan
12,28,0,0.04745762711864407,0.046545594175075734,0.5868517160415649,nan,nan
12,29,0,0.04915254237288136,0.04705996662328587,0.566364049911499,0.006467737379739355,2.054012352234834
12,30,0,0.05084745762711865,0.047982878211682636,0.5518888831138611,0.006275242701131444,1.4191426167286534
12,31,0,0.05254237288135593,0.04909055753593719,0.5573221445083618,0.0060090275483373505,1.6136724529921456
12,32,0,0.05423728813559322,0.04979771712740877,0.5468322038650513,0.006171465798016932,1.1926364406759655
12,33,0,0.05593220338983051,0.05232298451188229,0.5401419997215271,0.00465513437720873,0.7146303868653863
12,34,0,0.0576271186440678,0.05130016689824069,0.5225889086723328,0.006544580388559408,0.2192834277675778
12,35,0,0.059322033898305086,0.05604619069718501,0.5375896096229553,0.003384666145369909,0.4427837422731451
12,36,0,0.061016949152542375,0.056441580733759725,0.5307832956314087,0.003843384351657379,0.21528749645884704
12,37,0,0.06271186440677966,0.059206397992873465,0.5266858339309692,0.002664374031061699,-0.10984097118364383
12,38,0,0.06440677966101695,0.059314880334556605,0.5309543609619141,0.003302517517517684,0.15255417265181798
12,39,0,0.06610169491525424,0.06190852700454117,0.53493332862854,0.0021439545898027774,0.1704071503031348
12,40,0,0.06779661016949153,0.06483058028800265,0.5338559746742249,0.0015998216594974091,0.05464361483688385
12,41,0,0.06949152542372881,0.06814695660665794,0.5466193556785583,0.0022822130349034017,0.6807301891241961
12,42,0,0.0711864406779661,0.0716390900698876,0.5328949689865112,0.0039060022117137147,0.31236991351580395
12,43,0,0.07288135593220339,0.07828514030249131,0.5428500175476074,0.008759659880402284,1.3595199209705728
12,44,0,0.07457627118644068,0.08172303023144668,0.5401763916015625,0.009967180260842996,1.4030043988312384
12,45,1,0.07627118644067797,0.09399273069228839,0.5344321727752686,0.019826869863130123,2.435946653067336
12,46,1,0.07796610169491526,0.09858139787212193,0.5437610745429993,0.021208238960367148,3.007693712670089
12,47,1,0.07966101694915254,0.10883357074255638,0.5327151417732239,0.02797586320617923,3.4173749958950173
12,48,1,0.08135593220338982,0.11729441068505907,0.5307230353355408,0.03240023270363377,3.9055637695538583
12,49,1,0.08305084745762711,0.12424890418762422,0.5354054570198059,0.034640851649997605,4.392623629918189
12,50,1,0.0847457627118644,0.12621069663099088,0.5179394483566284,0.03173102170119004,3.2803301379116765
12,51,1,0.08644067796610169,0.13448170001668006,0.5171068906784058,0.03501851680850555,3.6703674182276815
12,52,1,0.08813559322033898,0.1301262158752608,0.5070323944091797,0.026150979238341445,2.0991309150071773
12,53,1,0.08983050847457627,0.13288669232865905,0.5150905847549438,0.023701691212528197,2.1219710840755335
12,54,1,0.09152542372881356,0.12954955199806592,0.512905478477478,0.018249360310408618,1.3248259895110213
12,55,1,0.09322033898305085,0.12697463667454195,0.5155500769615173,0.01502888604361873,1.0198141073817417
12,56,1,0.09491525423728814,0.12190212893900272,0.5238401889801025,0.013807827226867306,1.211255248371952
12,57,1,0.09661016949152543,0.12432450681145132,0.5143302083015442,0.011708378747435137,0.5390194977702908
12,58,1,0.09830508474576272,0.12141596148270241,0.5288692116737366,0.01264632655019319,1.2729772048264134
12,59,1,0.1,0.12127614702671338,0.5116028785705566,0.012821486705272722,0.5680320222689208
12,60,1,0.1016949152542373,0.11898390756737007,0.5053309798240662,0.016471433328685278,0.775728032194704
12,61,1,0.10338983050847457,0.11621783101994812,0.5207814574241638,0.02069483199719637,1.9729514325345148
12,62,1,0.10508474576271186,0.11746335222005576,0.5084903240203857,0.01997675795975957,1.3621508844659536
12,63,1,0.10677966101694915,0.11762447001668241,0.49999430775642395,0.019827707415632684,0.984857968776627
12,64,1,0.10847457627118644,0.11704957204004461,0.503112256526947,0.019929431522917495,1.1294014103067072
12,65,1,0.11016949152542373,0.12230822423612407,0.495086669921875,0.014709131542872058,0.11614592879007424
12,66,1,0.11186440677966102,0.1213434275346382,0.4907623827457428,0.014240000252652846,-0.12674318999395162
12,67,1,0.1135593220338983,0.1215707990030931,0.5099825859069824,0.013256962509002957,0.5560669300643504
12,68,1,0.1152542372881356,0.11928218643629261,0.5075520277023315,0.014737296981120153,0.6450730071071872
12,69,1,0.11694915254237288,0.12174846787515212,0.5094735026359558,0.011647416369218202,0.32647666395803965
12,70,1,0.11864406779661017,0.12223903042379435,0.5121176838874817,0.01067377196782105,0.31199496308003916
12,71,1,0.12033898305084746,0.12366448874108353,0.5254279375076294,0.009272378042302697,0.6916627859922411
12,72,1,0.12203389830508475,0.12774774731820093,0.501027524471283,0.006153244903556405,-0.739909503465347
12,73,1,0.12372881355932204,0.12912189565570872,0.4977111220359802,0.005046427250434407,-1.0227889043584792
12,74,1,0.12542372881355932,0.1337076892244321,0.5046766400337219,0.003486287126840387,-0.931013734431003
12,75,1,0.1271186440677966,0.13750522819663064,0.4948868751525879,0.0035203851668045927,-1.339140892549712
12,76,1,0.1288135593220339,0.14105727568772608,0.5056706070899963,0.004607670202650374,-0.7441172522312258
12,77,1,0.13050847457627118,0.14537588940246193,0.500005304813385,0.007215978426537058,-0.6455585120552447
12,78,1,0.13220338983050847,0.14426225185651423,0.4941755533218384,0.004565713733760615,-1.2339395126953159
12,79,1,0.13389830508474576,0.1457363162394076,0.5033676624298096,0.0042238601219784936,-0.8907945839971756
12,80,1,0.13559322033898305,0.1456365636610616,0.49856847524642944,0.003480215615667493,-1.1891943365788678
12,81,1,0.13728813559322034,0.14255820951563422,0.49165549874305725,0.0036792523554012987,-1.454765883854206
12,82,1,0.13898305084745763,0.13919127494105896,0.49385201930999756,0.007802403023758558,-0.8290221222009769
12,83,1,0.14067796610169492,0.14863552892692003,0.5014228820800781,0.003668317824495171,-1.0445864960459088
12,84,1,0.1423728813559322,0.13972216485150707,0.498308390378952,0.010614095224491468,-0.27763986531695706
12,85,1,0.1440677966101695,0.14493263925468525,0.4965830147266388,0.007246797171824875,-0.7857870496892926
12,86,1,0.14576271186440679,0.143415503495627,0.4999532401561737,0.009731241634119698,-0.32249239802504703
12,87,1,0.14745762711864407,0.14790609913334324,0.49724382162094116,0.007189980778052071,-0.7652881137210451
12,88,1,0.14915254237288136,0.14432852706215943,0.4956528842449188,0.011236536199294477,-0.30905109859676316
12,89,1,0.15084745762711865,0.14785493876041722,0.5005626082420349,0.008729987036444046,-0.4262906604261954
12,90,1,0.15254237288135594,0.15343198300072344,0.5038198232650757,0.006121939474758216,-0.6262914663533004
12,91,1,0.15423728813559323,0.15241651264312545,0.49650317430496216,0.006313559972965254,-0.9098326271880522
12,92,1,0.15593220338983052,0.1518274101219076,0.4925968647003174,0.006723460433868579,-1.02143676509058
12,93,1,0.1576271186440678,0.1547150527902501,0.49453872442245483,0.004725992234611023,-1.1979092968108827
12,94,1,0.15932203389830507,0.1551275057194025,0.49094706773757935,0.004591430160241222,-1.3666610149758596
12,95,1,0.16101694915254236,0.16245726383945194,0.48820245265960693,0.0036366959279685077,-1.605778942585713
12,96,1,0.16271186440677965,0.16209056845623035,0.4969753921031952,0.002601549226575501,-1.3699505200826163
12,97,1,0.16440677966101694,0.16370288430963004,0.49693989753723145,0.0025272091775506225,-1.3810594950065926
12,98,1,0.16610169491525423,0.1677088141657166,0.49296319484710693,0.0032661495434447942,-1.453080324712541
12,99,1,0.16779661016949152,0.1742449683715476,0.4944026470184326,0.0078032573696894,-0.8057084252967169
12,100,1,0.1694915254237288,0.1744494747630446,0.48566338419914246,0.006127352606806642,-1.3906960934399861
12,101,1,0.1711864406779661,0.1808561392873836,0.5054360628128052,0.010103978258076822,-0.04324831821320663
12,102,1,0.17288135593220338,0.1797431029548244,0.4995814263820648,0.0070389146576332,-0.6863174882111748
12,103,1,0.17457627118644067,0.18395299084646075,0.485886812210083,0.008360319268026849,-1.0925258826142314
12,104,1,0.17627118644067796,0.18703930466349805,0.5073909759521484,0.008825524481852065,-0.126191767433679
12,105,1,0.17796610169491525,0.1861241016290871,0.5058240294456482,0.006275609899381625,-0.5219632501366152
12,106,1,0.17966101694915254,0.18630211708340888,0.4998784065246582,0.004947549998747274,-0.9442467233398004
12,107,1,0.18135593220338983,0.18902988978027396,0.5170302391052246,0.00459111838995144,-0.2675675781974699
12,108,1,0.18305084745762712,0.1910407960248265,0.5147332549095154,0.003972042920769364,-0.4444169732582135
12,109,1,0.1847457627118644,0.19398252200018348,0.5199577808380127,0.0037901790842629793,-0.24777530940454226
12,110,1,0.1864406779661017,0.19209324499680258,0.5173943638801575,0.0031206622179247696,-0.44237487370627043
12,111,1,0.188135593220339,0.19594788500951438,0.522037148475647,0.0022564259542365195,-0.3584882166493439
12,112,1,0.18983050847457628,0.19821615973374643,0.5268974304199219,0.0018170305030250013,-0.21049822090706688
12,113,1,0.19152542372881357,0.19061874630405506,0.5015280246734619,0.008759178582941144,-0.38183353110131185
12,114,1,0.19322033898305085,0.20001880473300188,0.5152750015258789,0.0020674226226602634,-0.6678830927259929
12,115,1,0.19491525423728814,0.18968092766496109,0.5141648650169373,0.012692933500782603,0.6593692439033105
12,116,1,0.19661016949152543,0.19800088642707622,0.5065245628356934,0.0062763063953596475,-0.492353003829276
12,117,1,0.19830508474576272,0.19579543157014118,0.514327883720398,0.00890131589439605,0.1759275083742704
12,118,1,0.2,0.19327093707056933,0.5062706470489502,0.011883282136139341,0.22201056347849468
12,119,1,0.2016949152542373,0.19663133988307618,0.5214384198188782,0.009228260307605027,0.5178411421472151
12,120,1,0.2033898305084746,0.19786786755555896,0.5084064602851868,0.008653605947861139,-0.1056312549180535
12,121,1,0.20508474576271185,0.20298654453626327,0.5121725797653198,0.006263938041201912,-0.25594737943328016
12,122,1,0.20677966101694914,0.20363103236771857,0.508872389793396,0.005957331029417173,-0.434664725605993
12,123,1,0.20847457627118643,0.20581458223516083,0.5094278454780579,0.005020053042304564,-0.5324617279156715
12,124,1,0.21016949152542372,0.20262035404548426,0.5081173181533813,0.007296977480300793,-0.2932473632912967
12,125,1,0.211864406779661,0.2084813358260284,0.5091419816017151,0.004059254874900151,-0.668753080091777
12,126,1,0.2135593220338983,0.20591819551434076,0.5124484896659851,0.005646318858958256,-0.3241877919656109
12,127,1,0.21525423728813559,0.20851932010925903,0.5153787732124329,0.003839470988598611,-0.43435858438754266
12,128,1,0.21694915254237288,0.20979841160823254,0.5062204003334045,0.0037193629413406967,-0.835820240685506
12,129,1,0.21864406779661016,0.2112079662829197,0.525187611579895,0.0029259978450034865,-0.13914366183944205
12,130,1,0.22033898305084745,0.21719295319699028,0.5161316990852356,0.002542227387217301,-0.5703830635790957
12,131,1,0.22203389830508474,0.2132876474933848,0.5112853646278381,0.003712675583407193,-0.6232495710797361
12,132,1,0.22372881355932203,0.22437476327921144,0.5005549192428589,0.006124996207902041,-0.7634778538748077
12,133,1,0.22542372881355932,0.22361667545043495,0.49802079796791077,0.0034960466068006076,-1.210226046987375
12,134,1,0.2271186440677966,0.22576151787157503,0.5081700682640076,0.0036495008371479074,-0.762696248555431
12,135,1,0.2288135593220339,0.21985420623645194,0.5308630466461182,0.0045371902700015445,0.30836736125708725
12,136,1,0.2305084745762712,0.23106755250230113,0.5148792266845703,0.00548537762497564,-0.24256960845386943
12,137,1,0.23220338983050848,0.2334162778483046,0.5176993012428284,0.005860296925081769,-0.07525034979083199
12,138,1,0.23389830508474577,0.23428341202648978,0.5152111053466797,0.004939951898582013,-0.2991158578705192
12,139,1,0.23559322033898306,0.235310480971899,0.5184824466705322,0.004088644658982679,-0.2713493265047872
12,140,1,0.23728813559322035,0.2348918677237001,0.5281317830085754,0.003503349009287768,0.05958236893272645
12,141,1,0.23898305084745763,0.2377818960539621,0.5153246521949768,0.003234266113155641,-0.5149010091766854
12,142,1,0.24067796610169492,0.23514990896000876,0.5179479122161865,0.0041511860416340056,-0.2857868712481103
12,143,1,0.2423728813559322,0.2360115770451665,0.5152080655097961,0.004515943262412639,-0.35407443567871283
12,144,1,0.2440677966101695,0.23457626974263426,0.5182675719261169,0.006871515109738949,0.0794615463510914
12,145,1,0.2457627118644068,0.24299998960839128,0.5092068910598755,0.003287539638129607,-0.7658118214825735
12,146,1,0.24745762711864408,0.23964020406422604,0.5140517354011536,0.0055685028137446,-0.26669044408215836
12,147,1,0.24915254237288137,0.24934214717836348,0.5113517642021179,0.0036792247827432518,-0.6247771960392846
12,148,1,0.25084745762711863,0.2478548553171735,0.5053631067276001,0.0031860166846394817,-0.9409156529149771
12,149,1,0.25254237288135595,0.2567413401886931,0.4962625205516815,0.007423561863520439,-0.776434293752118
12,150,1,0.2542372881355932,0.25146392406876616,0.48365435004234314,0.0030952777878998847,-1.8674472894158742
12,151,1,0.2559322033898305,0.25846947348776683,0.4895094037055969,0.005298223688324608,-1.3358448884393
12,152,1,0.2576271186440678,0.25227587672949037,0.499679297208786,0.004022863452696839,-1.0722125176304007
12,153,1,0.2593220338983051,0.25781271637131986,0.5068531036376953,0.003199695492684176,-0.8763589478106155
12,154,1,0.26101694915254237,0.2526330477192685,0.5007306933403015,0.0056125234507941385,-0.8223409853263698
12,155,1,0.2627118644067797,0.253806916105565,0.4991089999675751,0.005631035852327727,-0.8882845320257019
12,156,1,0.26440677966101694,0.2579148186230307,0.4934292435646057,0.003811076242507817,-1.362974286214408
12,157,1,0.26610169491525426,0.25873302383692026,0.4929676949977875,0.004116314487188127,-1.342952004394724
12,158,1,0.2677966101694915,0.26152475615234005,0.4925587773323059,0.003759549659967714,-1.4063184993520943
12,159,1,0.26949152542372884,0.2608470439568367,0.4876144528388977,0.004865759862666412,-1.4716211716852283
12,160,1,0.2711864406779661,0.2736434708963034,0.49539777636528015,0.0069599754295462035,-0.8728227111192877
12,161,1,0.27288135593220336,0.2665565959889854,0.5106502771377563,0.003981537124360067,-0.6152441823050611
12,162,1,0.2745762711864407,0.27762908472238446,0.5289103388786316,0.007187728637943841,0.5688342273020224
12,163,1,0.27627118644067794,0.2767666206651888,0.506702721118927,0.0055081210440435634,-0.584183022372316
12,164,1,0.27796610169491526,0.2942484373669936,0.5018590688705444,0.020080893038599928,1.096178790948303
12,165,1,0.2796610169491525,0.2833663238494595,0.5046067833900452,0.007939872340735881,-0.35804415478276386
12,166,1,0.28135593220338984,0.29740429546600977,0.5086093544960022,0.018436614824696634,1.1680038820318754
12,167,1,0.2830508474576271,0.2885559162273791,0.48852670192718506,0.009377969135714743,-0.8496851309421091
12,168,1,0.2847457627118644,0.29826968615125904,0.4986547827720642,0.01460551705427334,0.2531058278595295
12,169,1,0.2864406779661017,0.27960520545350404,0.5063539743423462,0.008691324519134852,-0.1872445804445202
12,170,1,0.288135593220339,0.30093620294227164,0.500129759311676,0.012481997124231231,0.04065871612852778
12,171,1,0.28983050847457625,0.29193526855038476,0.5028854012489319,0.007434166226214749,-0.49597761837488386
12,172,1,0.29152542372881357,0.30993970917822655,0.5163314938545227,0.014971340630894772,1.0453012246748192
12,173,1,0.29322033898305083,0.29674508968923885,0.5042631030082703,0.007135490962694494,-0.47654490525931925
12,174,1,0.29491525423728815,0.30644522876963015,0.5168293118476868,0.008241070787378926,0.19595733610461782
12,175,1,0.2966101694915254,0.3056842527247687,0.5047304034233093,0.007244628249392476,-0.44274002674970964
12,176,1,0.2983050847457627,0.3071029829153842,0.49479204416275024,0.006147588494677921,-1.0034014487942267
12,177,1,0.3,0.29903882680504884,0.49591025710105896,0.010030889481937848,-0.45411316261826623
12,178,1,0.3016949152542373,0.300461166506457,0.49378278851509094,0.01016007119511087,-0.5270587110236791
12,179,1,0.30338983050847457,0.3023089028046771,0.5049010515213013,0.008798942243695334,-0.2345535942708133
12,180,1,0.3050847457627119,0.3076236211042961,0.49727505445480347,0.006944466542729926,-0.7957205349914576
12,181,1,0.30677966101694915,0.30761406267489577,0.49071305990219116,0.00665003081412746,-1.110315015721158
12,182,1,0.30847457627118646,0.313944082946849,0.5112670660018921,0.0061581586292975415,-0.3077841601315219
12,183,1,0.3101694915254237,0.3207071860642435,0.5172133445739746,0.007478660380503135,0.11354956333773418
12,184,1,0.31186440677966104,0.3221987847452866,0.5210800170898438,0.006152228554051624,0.10496258219518398
12,185,1,0.3135593220338983,0.32359542646602435,0.5120168328285217,0.005844126749911816,-0.3167981918057768
12,186,1,0.3152542372881356,0.325538726421689,0.5213838219642639,0.005385697090805221,0.01864112936069584
12,187,1,0.3169491525423729,0.3367569672582784,0.513074517250061,0.014094353550290302,0.7946464370522814
12,188,1,0.31864406779661014,0.32166488491382195,0.512971043586731,0.005981029414324338,-0.2588846514680596
12,189,1,0.32033898305084746,0.3273745097869859,0.510517954826355,0.0050180755198328125,-0.48678070579748545
12,190,1,0.3220338983050847,0.33194654780841565,0.5196905732154846,0.005433688137208669,-0.046505713160524556
12,191,1,0.32372881355932204,0.33461534757342776,0.5212021470069885,0.0059598929122525535,0.08523729056071296
12,192,1,0.3254237288135593,0.34311949311675843,0.5152886509895325,0.01095052230440462,0.48140601032703434
12,193,1,0.3271186440677966,0.3316207171279971,0.5149690508842468,0.005694555478562442,-0.21173471762484664
12,194,1,0.3288135593220339,0.3374365542053717,0.5131714344024658,0.004204062221167454,-0.48022795712589106
12,195,1,0.3305084745762712,0.3331051371347425,0.5220227837562561,0.006883826505509261,0.23929661893517712
12,196,1,0.33220338983050846,0.3375503249482329,0.5172779560089111,0.004854393574412266,-0.2230835846606179
12,197,1,0.3338983050847458,0.3425586131100572,0.5085715651512146,0.0036568972464017654,-0.7448208771725204
12,198,1,0.33559322033898303,0.33913443199290094,0.5018659830093384,0.005880236233091237,-0.7398812068653527
12,199,1,0.33728813559322035,0.3392313378460141,0.5069475769996643,0.006789085949560763,-0.4082175162687828
12,200,1,0.3389830508474576,0.33827756140292303,0.5224323868751526,0.008859713205508263,0.5120679935661901
12,201,1,0.34067796610169493,0.34113685534787885,0.5160859227180481,0.007076264770024278,0.014004883638836504
12,202,1,0.3423728813559322,0.34208113851373373,0.5110521912574768,0.006337186510081574,-0.2936879830426046
12,203,1,0.3440677966101695,0.34924052572436814,0.5132642388343811,0.004016295220327659,-0.5005982205520354
12,204,1,0.34576271186440677,0.34893994375029574,0.5105074048042297,0.004128609260570142,-0.6022461965370903
12,205,1,0.3474576271186441,0.34493118560985375,0.5239447951316833,0.007662831037863887,0.42102597147479914
12,206,1,0.34915254237288135,0.3531977860104152,0.5182452201843262,0.003567620530918743,-0.34872194355447966
12,207,1,0.35084745762711866,0.3477727878001056,0.5213181972503662,0.006277952485475055,0.1312573248601307
12,208,1,0.3525423728813559,0.34660051663893665,0.5068366527557373,0.00860394298036608,-0.17820442050419652
12,209,1,0.35423728813559324,0.3401328990097911,0.5197781920433044,0.01572612935476626,1.2881487753126113
12,210,1,0.3559322033898305,0.35964368574504957,0.5245022177696228,0.004495336653007769,0.03491245536130194
12,211,1,0.3576271186440678,0.3454685515109891,0.5245375633239746,0.012747709439081231,1.1035536661088816
12,212,1,0.3593220338983051,0.36571495444770535,0.5227224230766296,0.00756799314937677,0.35725181509944537
12,213,1,0.3610169491525424,0.3539194178449394,0.5180278420448303,0.007847670479229327,0.19559051048987233
12,214,1,0.36271186440677966,0.3639454832731546,0.5281696915626526,0.005198226047632363,0.28035205838771826
12,215,1,0.3644067796610169,0.36002970167676784,0.5081651210784912,0.006004062385598849,-0.4584256849074696
12,216,1,0.36610169491525424,0.36603163030197455,0.521011471748352,0.005223837099132209,-0.017980400293286458
12,217,1,0.3677966101694915,0.3684074551901635,0.5122631192207336,0.005307742271944819,-0.37578209823761066
12,218,1,0.3694915254237288,0.3831032931810944,0.5167337656021118,0.015745846746559624,1.162407684683788
12,219,1,0.3711864406779661,0.3782174060555301,0.5063465237617493,0.009360246089486044,-0.10105726173582014
12,220,1,0.3728813559322034,0.3851437407081121,0.5138570666313171,0.013162059026903709,0.7070635008804824
12,221,1,0.37457627118644066,0.38063649093666085,0.5098133683204651,0.008336553273234926,-0.08734426815452939
12,222,1,0.376271186440678,0.3811698517980452,0.5060219764709473,0.007354243916212179,-0.3741387884052886
12,223,1,0.37796610169491524,0.3760254907785682,0.5023620128631592,0.007512353978655882,-0.5079221694652939
12,224,1,0.37966101694915255,0.37194323557389847,0.5037373304367065,0.010523347158022913,-0.060601683359730874
12,225,1,0.3813559322033898,0.37326277265731067,0.5038573741912842,0.0100283128072631,-0.11955822832911323
12,226,1,0.38305084745762713,0.3739956598863399,0.49264460802078247,0.010705709806322211,-0.5044621489471346
12,227,1,0.3847457627118644,0.3770857181366631,0.49466902017593384,0.008474091812590154,-0.7077349284421863
12,228,1,0.3864406779661017,0.38098014002150377,0.5076209902763367,0.007489622243198722,-0.2892506407599123
12,229,1,0.38813559322033897,0.37853677210875064,0.5009341835975647,0.009627573475247736,-0.29456165835662984
12,230,1,0.3898305084745763,0.38253269055503697,0.503873348236084,0.0077509071878306,-0.41338674159415567
12,231,1,0.39152542372881355,0.38426553866636415,0.5214715600013733,0.007226753587771235,0.26041374102506476
12,232,1,0.39322033898305087,0.39014329260505626,0.5214477181434631,0.007000535410583139,0.23015575647533512
12,233,1,0.3949152542372881,0.4031770160615566,0.5081973671913147,0.011453374071052637,0.24760836891738824
12,234,1,0.39661016949152544,0.3896966570621463,0.5206214189529419,0.005551781616117739,0.007990934024950214
12,235,1,0.3983050847457627,0.40416024617107127,0.5069276094436646,0.010131376385895749,0.02314779894680624
12,236,1,0.4,0.4041435418799846,0.5102832913398743,0.009002840931377463,0.018618767984851792
12,237,1,0.4016949152542373,0.4071727211864522,0.5137782096862793,0.009897016237387238,0.2815230068676534
12,238,1,0.4033898305084746,0.396080535119561,0.5114595293998718,0.004646731290532569,-0.49512336053794725
12,239,1,0.40508474576271186,0.40944728756718374,0.5235344171524048,0.008703124489069044,0.5382578836349403
12,240,1,0.4067796610169492,0.4015416672960557,0.5116023421287537,0.005354419850915916,-0.39759087448817654
12,241,1,0.40847457627118644,0.4102562556104221,0.5093361735343933,0.0067774439947822585,-0.30906854770149944
12,242,1,0.4101694915254237,0.39949078100223134,0.5083300471305847,0.009109405653803635,-0.04990974493353767
12,243,1,0.411864406779661,0.40876077391581167,0.5048753023147583,0.005791113103439369,-0.6245946868541804
12,244,1,0.4135593220338983,0.4053149842101469,0.4947252571582794,0.0071131937120695364,-0.8813490333777592
12,245,1,0.4152542372881356,0.40783155581254454,0.499906986951828,0.006457865580216211,-0.7477365964893115
12,246,1,0.41694915254237286,0.4076648858263171,0.5114471912384033,0.007924502278510092,-0.07177984845736932
12,247,1,0.4186440677966102,0.40186463994355404,0.5147702693939209,0.014778728627505233,0.9546043576022595
12,248,1,0.42033898305084744,0.41278118188350116,0.5143933296203613,0.005871035429307317,-0.21317394385959376
12,249,1,0.42203389830508475,0.41494929660569596,0.5195654630661011,0.005761989409332348,-0.009323674743130464
12,250,1,0.423728813559322,0.41177428499165675,0.515761137008667,0.00788292158072841,0.10463100372660877
12,251,1,0.42542372881355933,0.4229686637546232,0.5091925859451294,0.006181701650575647,-0.3921574129499344
12,252,1,0.4271186440677966,0.42189783666209213,0.5136462450027466,0.004338753006910502,-0.4428021637108993
12,253,1,0.4288135593220339,0.4230749384437979,0.511305034160614,0.0041180684677761745,-0.5699975122768512
12,254,1,0.43050847457627117,0.41949319361119863,0.512371838092804,0.004919912008960604,-0.42135282199060564
12,255,1,0.4322033898305085,0.41633436837504406,0.4984167218208313,0.008534652660784445,-0.5419769762817495
12,256,1,0.43389830508474575,0.4144215890606866,0.503098726272583,0.010754813532996264,-0.05758022430040932
12,257,1,0.43559322033898307,0.41844134197801003,0.506162166595459,0.008133255483855845,-0.2674937161436207
12,258,1,0.43728813559322033,0.42605003245669903,0.5001568794250488,0.004451342174572636,-0.9966788786255316
12,259,1,0.43898305084745765,0.4270798920918415,0.5106014609336853,0.0044254622469500115,-0.5598953048025284
12,260,1,0.4406779661016949,0.42002788623816384,0.4986049234867096,0.009762427830269222,-0.37527706078422235
12,261,1,0.4423728813559322,0.4241438138989705,0.5053646564483643,0.0070511995250903,-0.44102601978317474
12,262,1,0.4440677966101695,0.4228755191380998,0.5064944624900818,0.009389235956566348,-0.0910743753815445
12,263,1,0.4457627118644068,0.42506455455219927,0.5089415907859802,0.007991402138485261,-0.16871366196313836
12,264,1,0.44745762711864406,0.4299954641763827,0.5061038732528687,0.0055533600536384975,-0.6035681553017882
12,265,1,0.4491525423728814,0.4330964917878538,0.5206071734428406,0.005109875999489399,-0.049754185826688474
12,266,1,0.45084745762711864,0.43214373202947454,0.5064646005630493,0.0046089436859157494,-0.7104940249129887
12,267,1,0.45254237288135596,0.43824789804070213,0.5299925804138184,0.004269871773948263,0.23711811678398703
12,268,1,0.4542372881355932,0.4377600650455869,0.514037013053894,0.0028727957882982813,-0.6159049428095915
12,269,1,0.4559322033898305,0.4406983371495212,0.5084936618804932,0.003034993872715255,-0.8285248345693623
12,270,1,0.4576271186440678,0.4420129025876719,0.5156490802764893,0.0028282629304714193,-0.5537318612368128
12,271,1,0.45932203389830506,0.4372617419215123,0.5082513689994812,0.00530298539595356,-0.5454506803403354
12,272,1,0.4610169491525424,0.442629744172671,0.5086458921432495,0.002887748562423169,-0.84115087510394
12,273,1,0.46271186440677964,0.43757491365571866,0.505092442035675,0.0075183930659953385,-0.3920821030870752
12,274,1,0.46440677966101696,0.4432217092709755,0.5208666324615479,0.0033091834892497846,-0.27167641091011774
12,275,1,0.4661016949152542,0.43607997702677587,0.5142996311187744,0.01141967573755875,0.5003974922997795
12,276,1,0.46779661016949153,0.4436555461968928,0.5195003151893616,0.005677408252886683,-0.023006551639436976
12,277,1,0.4694915254237288,0.43622883386439104,0.5009242296218872,0.013607689627557762,0.21970576188037316
12,278,1,0.4711864406779661,0.44533953081312916,0.505247175693512,0.006948595380834992,-0.45924481623578894
12,279,1,0.4728813559322034,0.44182310017010784,0.5088480114936829,0.010220973827790383,0.11565897664666763
12,280,1,0.4745762711864407,0.44722372498053214,0.5097399353981018,0.006880884971772118,-0.27867777238529423
12,281,1,0.47627118644067795,0.44240514752634036,0.4981435537338257,0.011025300771483434,-0.23141115664089207
12,282,1,0.47796610169491527,0.4549142059520603,0.5083320736885071,0.005408122626109992,-0.5284540468378526
12,283,1,0.47966101694915253,0.4464575249778512,0.5115761756896973,0.008594983435239354,0.020358461685319296
12,284,1,0.48135593220338985,0.45590457391103295,0.5121972560882568,0.004652548201630223,-0.4632836603405365
12,285,1,0.4830508474576271,0.4503431832589719,0.5130406022071838,0.006322989040345481,-0.21173313013811024
12,286,1,0.4847457627118644,0.45446177699358725,0.5098204016685486,0.004629831144116002,-0.566380940931166
12,287,1,0.4864406779661017,0.44816938785537147,0.513900101184845,0.009966469278322202,0.2956407506158978
12,288,1,0.488135593220339,0.45490211800455843,0.5086865425109863,0.004797252668145514,-0.5925112469899041
12,289,1,0.48983050847457626,0.4500732819608329,0.5092015266418457,0.009653638239520474,0.057191215915117166
12,290,1,0.4915254237288136,0.4547485052040049,0.5142784118652344,0.006615532365170489,-0.12174225281752528
12,291,1,0.49322033898305084,0.456208090840204,0.5062457323074341,0.005880241734316359,-0.5553197219315535
12,292,1,0.49491525423728816,0.4611049582449675,0.5114363431930542,0.004207918408619594,-0.5528453019913488
12,293,1,0.4966101694915254,0.4611477794335521,0.5214400887489319,0.004342059768109324,-0.1139452891968912
12,294,1,0.49830508474576274,0.464976667452419,0.5340794920921326,0.0035551933884120763,0.316920533152478
12,295,1,0.5,0.46519579263300737,0.5218702554702759,0.003408467736117201,-0.21654526758018858
12,296,1,0.5016949152542373,0.468082300649075,0.5224184393882751,0.003195357485927784,-0.221003283599223
12,297,1,0.5033898305084745,0.46850193010591473,0.523021936416626,0.0026069200594496167,-0.2716656886024813
12,298,1,0.5050847457627119,0.46947948405925655,0.5244542956352234,0.0027119757782558263,-0.19772144842854883
12,299,1,0.5067796610169492,0.47144259502616936,0.528617262840271,0.001923451088389301,-0.12426348513240604
12,300,1,0.5084745762711864,0.4707888357305444,0.5330318212509155,0.0029210832195324605,0.19077246652720364
12,301,1,0.5101694915254237,0.48320856831252545,0.524753212928772,0.00870214127872386,0.5894902761381344
12,302,1,0.511864406779661,0.4875837776507624,0.5130606293678284,0.010574552012878366,0.3388997022539605
12,303,1,0.5135593220338983,0.5005207055790131,0.5346184372901917,0.021177075680685904,2.6183970003892894
12,304,1,0.5152542372881356,0.5026813664879002,0.5300916433334351,0.01973434918827443,2.2410743193811102
12,305,1,0.5169491525423728,0.5077744448243974,0.5288258790969849,0.02140365171877911,2.403600636013422
12,306,1,0.5186440677966102,0.517494402945865,0.5560199022293091,0.027440298841375783,4.330171436674908
12,307,1,0.5203389830508475,0.5192179925114554,0.5645331144332886,0.025136070928330628,4.390944414700911
12,308,1,0.5220338983050847,0.522571311089713,0.5735181570053101,0.024341517143880855,4.6668229344744585
12,309,1,0.523728813559322,0.5248941320706217,0.5592799782752991,0.022550435007840024,3.8352191788422276
12,310,1,0.5254237288135594,0.5265182747462209,0.5569645166397095,0.019920932036991152,3.397613651225219
12,311,1,0.5271186440677966,0.5278751571744984,0.5788100361824036,0.017201219298613197,3.9664761650797997
12,312,1,0.5288135593220339,0.5286056352672062,0.5775549411773682,0.014213437119175446,3.527223326607388
12,313,1,0.5305084745762711,0.5292715395534273,0.5901890993118286,0.011427482971431495,3.699357009395797
12,314,1,0.5322033898305085,0.5303081049167795,0.585055947303772,0.009089098018171274,3.1806609989029773
12,315,1,0.5338983050847458,0.5327610665274194,0.568598210811615,0.0064410534447218925,2.1447083221049392
12,316,1,0.535593220338983,0.5354393960584061,0.5637046694755554,0.004878085221139818,1.736382058673839
12,317,1,0.5372881355932203,0.5364528739259883,0.5727937817573547,0.0030537761590340934,1.8834837050562234
12,318,1,0.5389830508474577,0.5373565963417064,0.5548107624053955,0.002463584877621517,1.0493666021669692
12,319,1,0.5406779661016949,0.5385973012119425,0.57077956199646,0.002039605335384743,1.6674583103282212
12,320,1,0.5423728813559322,0.5392167400331587,0.5495417714118958,0.0026141196535980973,0.8467998964266908
12,321,1,0.5440677966101695,0.539773552672409,0.5483742356300354,0.0036089025205830213,0.9262403205448516
12,322,1,0.5457627118644067,0.5403358395681165,0.5476817488670349,0.004514869922086518,1.014213977592509
12,323,1,0.5474576271186441,0.5410508849184986,0.5528417229652405,0.005068719463018915,1.3032738893608606
12,324,1,0.5491525423728814,0.5423498798982764,0.5431309342384338,0.004923778258089451,0.8753223757942411
12,325,1,0.5508474576271186,0.5433130018871788,0.5306789875030518,0.005091485208619627,0.3722895804369656
12,326,1,0.5525423728813559,0.5457932111243644,0.5339045524597168,0.003832573715977432,0.3454179599802918
12,327,1,0.5542372881355933,0.5470111633332595,0.5430062413215637,0.003766936047176082,0.7204713546613304
12,328,1,0.5559322033898305,0.5494613876970975,0.550446629524231,0.0028835119740504545,0.9197665757456578
12,329,1,0.5576271186440678,0.5512581665709939,0.5291666984558105,0.0025284610787493214,-0.022873915217564544
12,330,1,0.559322033898305,0.5525250280124762,0.5393809676170349,0.002329639288627419,0.38184049735580017
12,331,1,0.5610169491525424,0.5558840446667555,0.5524068474769592,0.0019501123486438622,0.8816671867809079
12,332,1,0.5627118644067797,0.5575575820997456,0.5522714257240295,0.0016333301219201956,0.8349960247747922
12,333,1,0.5644067796610169,0.5626694614946997,0.5426947474479675,0.003926887568441245,0.7280291921258404
12,334,1,0.5661016949152542,0.5695533343779493,0.5383139252662659,0.00909132043149396,1.2112594511046257
12,335,1,0.5677966101694916,0.5759362776307959,0.5154570937156677,0.01330736408828409,0.7932780187303399
12,336,1,0.5694915254237288,0.5819400945144428,0.525475800037384,0.016728129189189096,1.6578166985070166
12,337,1,0.5711864406779661,0.5885042720003977,0.5219477415084839,0.020320574178977764,1.9737011716516575
12,338,1,0.5728813559322034,0.5943789575987811,0.5179064869880676,0.022805732128654135,2.1247714732113154
12,339,1,0.5745762711864407,0.5964557026930506,0.5102527737617493,0.021166114530030415,1.5902208612745956
12,340,1,0.576271186440678,0.6036625428640878,0.5096325278282166,0.024577047500648232,2.005167178369179
12,341,1,0.5779661016949152,0.6049471309743917,0.5173166990280151,0.02178714116653843,1.9681994408719927
12,342,1,0.5796610169491525,0.6099255297044428,0.5133765935897827,0.02256822724237067,1.9031708567605397
12,343,1,0.5813559322033899,0.6110064215364533,0.5046886801719666,0.01941838050775075,1.1297449072600843
12,344,1,0.5830508474576271,0.616011777656145,0.5165427327156067,0.020067875410301108,1.7132587746298233
12,345,1,0.5847457627118644,0.6135162144067927,0.5232011079788208,0.013977807599584283,1.2063055798163007
12,346,1,0.5864406779661017,0.6280757685321062,0.5294061303138733,0.023480514901711887,2.6966207760651533
12,347,1,0.588135593220339,0.6232379071666709,0.5377200841903687,0.014539305110351583,1.890738855709598
12,348,1,0.5898305084745763,0.6294608647385143,0.5205022692680359,0.015789493033829337,1.3268549265564458
12,349,1,0.5915254237288136,0.6277408927457213,0.5173035264015198,0.01076691597587115,0.5425690363210028
12,350,1,0.5932203389830508,0.6256320973822269,0.5184674263000488,0.007055703901322752,0.1117016129709594
12,351,1,0.5949152542372881,0.6269493408767395,0.5178005695343018,0.005578275226499926,-0.10745245235050624
12,352,1,0.5966101694915255,0.6255445640289571,0.5116625428199768,0.004830118561618463,-0.4628538213071894
12,353,1,0.5983050847457627,0.624637206242924,0.5193018317222595,0.00602420899563554,0.013475816835497909
12,354,1,0.6,0.6204359634452363,0.5117588639259338,0.011608072992586402,0.417693146662953
12,355,1,0.6016949152542372,0.62217094779881,0.5168923735618591,0.011076503178281016,0.5652773561136125
12,356,1,0.6033898305084746,0.6222256180593664,0.5242388248443604,0.012246792478853978,1.0261891089009734
12,357,1,0.6050847457627119,0.6206798767639283,0.5124059319496155,0.014671111513929429,0.8410557256123666
12,358,1,0.6067796610169491,0.6225331023701033,0.5207101106643677,0.013531051672131969,1.0435639761244535
12,359,1,0.6084745762711864,0.6183212022622083,0.5258669257164001,0.018186556011466095,1.8628943572899506
12,360,1,0.6101694915254238,0.622194320849951,0.5104454755783081,0.014967411658892094,0.7967588435273324
12,361,1,0.611864406779661,0.6196547243156513,0.521561861038208,0.016776143970398887,1.4990939821277598
12,362,1,0.6135593220338983,0.6231869928067987,0.5121926665306091,0.013250001793018282,0.6482986662528771
12,363,1,0.6152542372881356,0.618128767604309,0.5266721844673157,0.017598025340117198,1.820722047587327
12,364,1,0.6169491525423729,0.6229442891513365,0.5195536613464355,0.01254131323695421,0.86684412621336
12,365,1,0.6186440677966102,0.6220976171136641,0.5140148401260376,0.012832503985714113,0.671095751384083
12,366,1,0.6203389830508474,0.6183692539717018,0.5200175642967224,0.016132420605911652,1.3507751852490189
12,367,1,0.6220338983050847,0.6146713149822656,0.5354366898536682,0.019317837448401116,2.4124512848072337
12,368,1,0.6237288135593221,0.612150876399662,0.5198866724967957,0.021126426655243336,1.991057039356708
12,369,1,0.6254237288135593,0.61088721068699,0.5226328372955322,0.021798300436088602,2.1936623032928897
12,370,1,0.6271186440677966,0.6108774687634977,0.5178201794624329,0.021002061137308094,1.88789363203365
12,371,1,0.6288135593220339,0.6136038132651621,0.5053276419639587,0.017612070490566543,0.9230883424039995
12,372,1,0.6305084745762712,0.614649272046222,0.510722279548645,0.015967988018421923,0.9378123136041934
12,373,1,0.6322033898305085,0.6194933286957125,0.5051016211509705,0.012075286886381936,0.19757731443844773
12,374,1,0.6338983050847458,0.6154608975187833,0.5206218361854553,0.01462320976166448,1.1810760445407509
12,375,1,0.635593220338983,0.6193317308288313,0.5126068592071533,0.010581851990929933,0.3207220138656566
12,376,1,0.6372881355932203,0.617281802335213,0.5169752240180969,0.012298275172521361,0.7267615185968646
12,377,1,0.6389830508474577,0.6191611947068654,0.5204893350601196,0.01002302626752466,0.5806219058291092
12,378,1,0.6406779661016949,0.6188135646252977,0.5171613097190857,0.010418458356077454,0.4915154500921981
12,379,1,0.6423728813559322,0.6224859160901635,0.5306442379951477,0.00674895424545697,0.5851600916612256
12,380,1,0.6440677966101694,0.62615641203783,0.5044968128204346,0.004296008976364891,-0.8338827708659338
12,381,1,0.6457627118644068,0.6256146588713533,0.5142717957496643,0.004150232952384756,-0.4408201046873259
12,382,1,0.6474576271186441,0.634372529006455,0.5101382732391357,0.004348269578342037,-0.5893959715283559
12,383,1,0.6491525423728813,0.642066743127118,0.5118748545646667,0.010176882359137876,0.23750718907144477
12,384,1,0.6508474576271186,0.6374625780578059,0.5187510251998901,0.004390460233480546,-0.22100240024592563
12,385,1,0.652542372881356,0.645952980589118,0.5060166716575623,0.009937073982963873,-0.040364857339656335
12,386,1,0.6542372881355932,0.6482392467532048,0.5189251899719238,0.009912685338196664,0.5004408105834501
12,387,1,0.6559322033898305,0.6549830010798128,0.5207040905952454,0.014257155757163045,1.1372061063759389
12,388,1,0.6576271186440678,0.6535631881095723,0.5034525990486145,0.010747738450845432,-0.04358308692435653
12,389,1,0.6593220338983051,0.665002446609421,0.5116819739341736,0.01902003250285059,1.372927145750314
12,390,1,0.6610169491525424,0.6592207194443749,0.5221425890922546,0.011166851393128627,0.7982025441953542
12,391,1,0.6627118644067796,0.6622958816217515,0.5133094191551208,0.010927372412514446,0.395008404670541
12,392,1,0.6644067796610169,0.6679216024465231,0.5230473875999451,0.012910911606865407,1.0618627073146902
12,393,1,0.6661016949152543,0.6674048929035724,0.515757143497467,0.009519200051604518,0.31605731135604587
12,394,1,0.6677966101694915,0.6689735367207879,0.515401303768158,0.007934695118742681,0.09616285502579638
12,395,1,0.6694915254237288,0.6674004461256702,0.5085316896438599,0.00562384938970919,-0.49214570883360886
12,396,1,0.6711864406779661,0.6685460754082968,0.49856653809547424,0.004415823681762692,-1.068288243628009
12,397,1,0.6728813559322034,0.6734860825408006,0.5171183943748474,0.004295112650416856,-0.3021305977014726
12,398,1,0.6745762711864407,0.6693554368242136,0.5169322490692139,0.004867141463359593,-0.23600304078183307
12,399,1,0.676271186440678,0.6754569972322777,0.5163167715072632,0.0028215249831657135,-0.526466951149029
12,400,1,0.6779661016949152,0.6734771093761318,0.508685827255249,0.00398771231148791,-0.6972267237832067
12,401,1,0.6796610169491526,0.6735495519172889,0.5150878429412842,0.005404424348178996,-0.24424704357010807
12,402,1,0.6813559322033899,0.662818747723464,0.5090364217758179,0.017461410744680748,1.0598922517857914
12,403,1,0.6830508474576271,0.669270772986773,0.518927276134491,0.012349672938655397,0.8156666432631539
12,404,1,0.6847457627118644,0.6760330449376908,0.5132395029067993,0.00733927546659067,-0.07193093077199446
12,405,1,0.6864406779661016,0.683929161275486,0.5176602005958557,0.004492413842580865,-0.2537852016060233
12,406,1,0.688135593220339,0.6849504305994569,0.514443039894104,0.004421794305940433,-0.3984871185976539
12,407,1,0.6898305084745763,0.6863765582393158,0.5123624801635742,0.003979155623224489,-0.5434006373883301
12,408,1,0.6915254237288135,0.6988443557808626,0.5048445463180542,0.012280626982219814,0.21329774963879577
12,409,1,0.6932203389830508,0.6918629877233259,0.5008997917175293,0.004772444474273794,-0.9238496752972911
12,410,1,0.6949152542372882,0.6910572062928564,0.5145989656448364,0.004180811808415515,-0.42307901378537
12,411,1,0.6966101694915254,0.7020014002486378,0.5064064264297485,0.010225398359836399,0.013343776307289223
12,412,1,0.6983050847457627,0.6939676431402917,0.512779951095581,0.004499279382347473,-0.458549026808879
12,413,1,0.7,0.6953281733662251,0.5117538571357727,0.004566881600053149,-0.4930462406046724
12,414,1,0.7016949152542373,0.6976098118448508,0.5096123814582825,0.004208814746957644,-0.6295903645328176
12,415,1,0.7033898305084746,0.7086778451657039,0.503270149230957,0.00999666496357914,-0.14839616476781764
12,416,1,0.7050847457627119,0.7052698422686468,0.5108587741851807,0.006267696448632558,-0.3108245713522219
12,417,1,0.7067796610169491,0.7100890903237502,0.5087710618972778,0.006716956956580043,-0.34070396518071244
12,418,1,0.7084745762711865,0.7128944572889435,0.5137534141540527,0.006132055213736382,-0.20638605706306068
12,419,1,0.7101694915254237,0.7081526608957123,0.520527720451355,0.003612899040792807,-0.24668318308599477
12,420,1,0.711864406779661,0.7205760208555302,0.5120435953140259,0.0087652555375356,0.062073983983533726
12,421,1,0.7135593220338983,0.7265544951904936,0.5057888627052307,0.01219904485420811,0.24254108566300964
12,422,1,0.7152542372881356,0.7412236973769042,0.5110676884651184,0.023998394401248808,1.9908159800053613
12,423,1,0.7169491525423729,0.7360724697018757,0.5110717415809631,0.01679850240425996,1.0599360781745215
12,424,1,0.7186440677966102,0.7487377017775594,0.5089448094367981,0.02532748283229033,2.073229215000676
12,425,1,0.7203389830508474,0.7493512997809941,0.5135850310325623,0.021975930424794177,1.83536173339308
12,426,1,0.7220338983050848,0.7449703004778258,0.5195832848548889,0.016384531543748186,1.3650764433286513
12,427,1,0.7237288135593221,0.7492295232758365,0.5161938667297363,0.015902951705331854,1.159972530686875
12,428,1,0.7254237288135593,0.7450134091793126,0.5136372447013855,0.0116950418867255,0.5080936562808562
12,429,1,0.7271186440677966,0.7446661735775901,0.5197252631187439,0.009942295641950014,0.5379845955847357
12,430,1,0.7288135593220338,0.7416057737448581,0.5251734256744385,0.009781929334809087,0.7468301548899443
12,431,1,0.7305084745762712,0.7441361543687536,0.5216720104217529,0.008732663523822431,0.4635966823293368
12,432,1,0.7322033898305085,0.7410558745703429,0.5200052261352539,0.01052366216566877,0.6249612607956031
12,433,1,0.7338983050847457,0.7345207837503098,0.5062416791915894,0.017251491350873765,0.9149773581902143
12,434,1,0.735593220338983,0.7456020193017567,0.49719396233558655,0.009366818469995233,-0.4858924050455692
12,435,1,0.7372881355932204,0.7393574274073058,0.5101649165153503,0.015920432820170617,0.9081756938888585
12,436,1,0.7389830508474576,0.7383210215343847,0.503181517124176,0.017665468434513134,0.8395566843813378
12,437,1,0.7406779661016949,0.7327339942970618,0.5063329935073853,0.023045161683084705,1.6680310998671657
12,438,1,0.7423728813559322,0.7303047656970771,0.5122606158256531,0.025235927754154047,2.201116484125281
12,439,1,0.7440677966101695,0.7393603750542241,0.5043717622756958,0.01637633889218682,0.7230099194740612
12,440,1,0.7457627118644068,0.7362803483038514,0.5052192211151123,0.01759864035660957,0.9167828223729739
12,441,1,0.747457627118644,0.7327442552615383,0.5115417838096619,0.0201454515481767,1.512552636022019
12,442,1,0.7491525423728813,0.7293709989974706,0.511547327041626,0.02234118866836596,1.7967269540340551
12,443,1,0.7508474576271187,0.7267532433541637,0.5000973343849182,0.023841629298684157,1.5082579160553329
12,444,1,0.752542372881356,0.7319044703680508,0.5075882077217102,0.017904255003783287,1.0561313274249657
12,445,1,0.7542372881355932,0.7331010538363443,0.510284960269928,0.01594311995129269,0.9161680625266986
12,446,1,0.7559322033898305,0.7413869214980883,0.5129015445709229,0.010389240521545702,0.30823246688045874
12,447,1,0.7576271186440678,0.7432684990633049,0.5277265310287476,0.008688838904836602,0.713064446565878
12,448,1,0.7593220338983051,0.7520652999728975,0.5250776410102844,0.00870742547390541,0.6038448608274879
12,449,1,0.7610169491525424,0.7501825503447498,0.5158767104148865,0.006551476177406868,-0.06267402763641261
12,450,1,0.7627118644067796,0.7541040865260982,0.5182662606239319,0.006383091539912087,0.016246020953063357
12,451,1,0.764406779661017,0.7544449626127,0.515953779220581,0.005304140013638304,-0.22072507914569223
12,452,1,0.7661016949152543,0.7588293247486237,0.5265940427780151,0.006809248066553953,0.42228345453623056
12,453,1,0.7677966101694915,0.7526825476082143,0.5089561343193054,0.005334111742113542,-0.511727080330778
12,454,1,0.7694915254237288,0.7650214416973129,0.5085169076919556,0.00963666928521001,0.026147331939094298
12,455,1,0.7711864406779662,0.758805012870928,0.5221825838088989,0.005075905684696835,0.012240081754462256
12,456,1,0.7728813559322034,0.7682926438319433,0.5087217092514038,0.009011222577338097,-0.04610176871393823
12,457,1,0.7745762711864407,0.7615362405245393,0.5267032980918884,0.005037633559628553,0.19779191771310672
12,458,1,0.7762711864406779,0.7693500947346921,0.5236198902130127,0.005472094718538032,0.12404056399602434
12,459,1,0.7779661016949152,0.7630432573506224,0.5290161371231079,0.005101959998403012,0.3035723149095152
12,460,1,0.7796610169491526,0.7740446088130716,0.5232706069946289,0.004982070136897699,0.04595461587478322
12,461,1,0.7813559322033898,0.7728797781843443,0.512185275554657,0.0032899871469460142,-0.6399874665454248
12,462,1,0.7830508474576271,0.774832432341231,0.5195794701576233,0.002909097405801265,-0.37765382976225714
12,463,1,0.7847457627118644,0.7747753689921725,0.5183535218238831,0.003007281362638732,-0.4166181584858423
12,464,1,0.7864406779661017,0.779404022493202,0.5176762938499451,0.0031434329773235977,-0.42754987442710257
12,465,1,0.788135593220339,0.780118513175916,0.5225676894187927,0.0028648753489583104,-0.25745009521503925
12,466,1,0.7898305084745763,0.7745410635503388,0.5177785158157349,0.006307760638243904,-0.014048718572988061
12,467,1,0.7915254237288135,0.7814435113873986,0.5241652131080627,0.003414544989192667,-0.11905085116756314
12,468,1,0.7932203389830509,0.773912925057975,0.5096938610076904,0.010112520743529052,0.13727815523473935
12,469,1,0.7949152542372881,0.7845250068454818,0.511535108089447,0.003403376353527811,-0.6527223744122824
12,470,1,0.7966101694915254,0.7819756376885438,0.5111740231513977,0.00531736911249084,-0.42043125318772084
12,471,1,0.7983050847457627,0.7876728577224074,0.5064312219619751,0.0032211094521649403,-0.8913677260284989
12,472,1,0.8,0.7874386672174941,0.5133565068244934,0.0038799939676656798,-0.5143358200223971
12,473,1,0.8016949152542373,0.7957762617655182,0.5130088329315186,0.005190790808559731,-0.359481563788299
12,474,1,0.8033898305084746,0.7912174738001734,0.5106256604194641,0.003618268707706989,-0.6632574073729955
12,475,1,0.8050847457627118,0.7947083789812588,0.5155880451202393,0.0026696983601072694,-0.576808560739839
12,476,1,0.8067796610169492,0.7906596394633174,0.5001348853111267,0.005550297336312698,-0.8554948235610735
12,477,1,0.8084745762711865,0.7967871322672829,0.5170335173606873,0.002937958195489645,-0.4812070786650351
12,478,1,0.8101694915254237,0.7960371501031396,0.5139789581298828,0.003670654779799174,-0.5151765867312078
12,479,1,0.811864406779661,0.8012155173493417,0.5168238282203674,0.002799946716872064,-0.5078901803239609
12,480,1,0.8135593220338984,0.800080676145628,0.5173882842063904,0.0027849526532285262,-0.48604319542339675
12,481,1,0.8152542372881356,0.8064343107453413,0.5179809927940369,0.0038721322367961573,-0.3204785832678661
12,482,1,0.8169491525423729,0.8147925131109237,0.5025595426559448,0.010027521223334567,-0.17435066081585682
12,483,1,0.8186440677966101,0.8147121858019412,0.49747470021247864,0.007281240507463179,-0.7437577783876441
12,484,1,0.8203389830508474,0.8252022631272576,0.507262110710144,0.015361073596139347,0.7135194123244125
12,485,1,0.8220338983050848,0.829263967596138,0.5001230835914612,0.0163351619622544,0.5386476302573203
12,486,1,0.823728813559322,0.8322214404255247,0.4911201000213623,0.01632184122923181,0.15754316545367808
12,487,1,0.8254237288135593,0.8321944170184273,0.5057366490364075,0.01340889867764909,0.3967925105972275
12,488,1,0.8271186440677966,0.8355568622573242,0.4973253607749939,0.013865791586212789,0.10142729381213111
12,489,1,0.8288135593220339,0.8335175563671782,0.5085899233818054,0.010410514766425984,0.1292936520073234
12,490,1,0.8305084745762712,0.8379923740508477,0.5011703372001648,0.010636426946664553,-0.15415082660582213
12,491,1,0.8322033898305085,0.8387138225364363,0.5035914182662964,0.008539494588206176,-0.32329133628473394
12,492,1,0.8338983050847457,0.8399601588298984,0.49994051456451416,0.007178030070278324,-0.6531960197105755
12,493,1,0.8355932203389831,0.8350901759343977,0.5092105269432068,0.007254290162801176,-0.2527001003108822
12,494,1,0.8372881355932204,0.8418579352478228,0.5034109354019165,0.005083902720522795,-0.7777550691121792
12,495,1,0.8389830508474576,0.8294244790932646,0.5032879710197449,0.013131109072650003,0.2576840258422588
12,496,1,0.8406779661016949,0.8444981131190117,0.5042169690132141,0.004176989870061842,-0.8610661705365017
12,497,1,0.8423728813559322,0.841756658861331,0.4967949092388153,0.00630747946131823,-0.8983253396419727
12,498,1,0.8440677966101695,0.8482452986267631,0.5039469003677368,0.0033683133455483794,-0.9770203786149902
12,499,1,0.8457627118644068,0.8443353087045293,0.496475487947464,0.006721893260190689,-0.8581958886365316
12,500,1,0.847457627118644,0.8436845934084478,0.49460673332214355,0.008113631754678522,-0.7569723953963039
12,501,1,0.8491525423728814,0.8458904480884692,0.4958682060241699,0.00687173423365202,-0.8644098746495361
12,502,1,0.8508474576271187,0.8502096915180906,0.4932815730571747,0.004765829578577341,-1.2457335732345642
12,503,1,0.8525423728813559,0.8450152517431193,0.502514660358429,0.009089157189110934,-0.2975860921637498
12,504,1,0.8542372881355932,0.8509970665593021,0.4938739538192749,0.005228975675584405,-1.1608793767538945
12,505,1,0.8559322033898306,0.8578493638025493,0.5029699206352234,0.00452589201907055,-0.8684981392736554
12,506,1,0.8576271186440678,0.8590108881571213,0.4948744773864746,0.004041703950323559,-1.2722492321412522
12,507,1,0.8593220338983051,0.8568554105980912,0.4925406575202942,0.003573532880479776,-1.4311367341989227
12,508,1,0.8610169491525423,0.8546603505908378,0.5002149939537048,0.005806803423313879,-0.8189491135977075
12,509,1,0.8627118644067797,0.8585672316053861,0.49930888414382935,0.003761132709814524,-1.1216671564964815
12,510,1,0.864406779661017,0.8554496636486417,0.503107488155365,0.007396331112529312,-0.491511600749217
12,511,1,0.8661016949152542,0.8541346637487365,0.4991452693939209,0.009493584621693845,-0.38727244894253743
12,512,1,0.8677966101694915,0.8561618669523491,0.5003703236579895,0.0083975832435163,-0.4773780935599117
12,513,1,0.8694915254237288,0.8536416183912546,0.49929291009902954,0.011436242351532224,-0.12983704794941586
12,514,1,0.8711864406779661,0.8555513244148238,0.49270889163017273,0.010221546041914711,-0.5643626778918984
12,515,1,0.8728813559322034,0.8593282314408085,0.5003616809844971,0.007886295275446834,-0.5438592588955374
12,516,1,0.8745762711864407,0.8679592507193786,0.5062801837921143,0.0051204084753309195,-0.6521254369235768
12,517,1,0.8762711864406779,0.8692811410752509,0.5031168460845947,0.004690441263295832,-0.8410281540032478
12,518,1,0.8779661016949153,0.8723955460726284,0.5058051347732544,0.0049118100950993745,-0.699118603541458
12,519,1,0.8796610169491526,0.8705564181135866,0.5046937465667725,0.004813296284622424,-0.7586912978676998
12,520,1,0.8813559322033898,0.8714110435201137,0.507236123085022,0.004264055141210262,-0.7225814962162564
12,521,1,0.8830508474576271,0.8802934279004895,0.5136250853538513,0.0064677245840273285,-0.16838684902144868
12,522,1,0.8847457627118644,0.8769624900782085,0.5081744194030762,0.003470645240996041,-0.7856415219705124
12,523,1,0.8864406779661017,0.8817596382254989,0.5221631526947021,0.004977493152026919,-0.001304908212336725
12,524,1,0.888135593220339,0.8773469841398442,0.5170257687568665,0.003526715250006963,-0.4053987557590222
12,525,1,0.8898305084745762,0.8861488693495458,0.5122599601745605,0.005921695348812301,-0.2965221613646464
12,526,1,0.8915254237288136,0.8771768044021627,0.5322600603103638,0.005858752040703154,0.5381340713793497
12,527,1,0.8932203389830509,0.8876103331461349,0.5220873355865479,0.004291658811823784,-0.09318815892602503
12,528,1,0.8949152542372881,0.8866212140367726,0.5233476161956787,0.0033061733434714513,-0.16751806665241198
12,529,1,0.8966101694915254,0.8880099722198512,0.5106092095375061,0.002872984007228301,-0.7603267863520118
12,530,1,0.8983050847457628,0.8866138922256631,0.5225707292556763,0.00460705184331206,-0.032033251436076465
12,531,1,0.9,0.8960478276654311,0.5187057852745056,0.004088301227994605,-0.2619823432960155
12,532,1,0.9016949152542373,0.8877430008944848,0.52669358253479,0.0063985413142781345,0.3733676641510763
12,533,1,0.9033898305084745,0.8986325133846814,0.5246797800064087,0.004027370216583106,-0.018120010415847654
12,534,1,0.9050847457627119,0.8924895459853058,0.5176270008087158,0.005139666759319632,-0.1714850154191875
12,535,1,0.9067796610169492,0.89814416425055,0.5258126258850098,0.00342397615804578,-0.04840998984760547
12,536,1,0.9084745762711864,0.8954532133672916,0.5140390396118164,0.004833254047979335,-0.3623037928059054
12,537,1,0.9101694915254237,0.8983708676001021,0.5235498547554016,0.003871726778333042,-0.08586153926961154
12,538,1,0.911864406779661,0.9061197731898759,0.5281301140785217,0.004368668491222303,0.17141042889715247
12,539,1,0.9135593220338983,0.9060329725386072,0.5258628726005554,0.0035013782796217883,-0.03628339511802148
12,540,1,0.9152542372881356,0.9023552457473104,0.5173429846763611,0.0039615081194186,-0.33580637326289137
12,541,1,0.9169491525423729,0.9097434160388649,0.5194951891899109,0.003258150309208976,-0.3360677793993567
12,542,1,0.9186440677966101,0.9035529194232348,0.5273301601409912,0.0057789284637749785,0.32006782511903115
12,543,1,0.9203389830508475,0.90828122569455,0.5222650766372681,0.003285833164029083,-0.21576610432764978
12,544,1,0.9220338983050848,0.9058786000329688,0.5238786935806274,0.006110602058409582,0.21751470876928486
12,545,1,0.923728813559322,0.9120894484767119,0.5126569271087646,0.0033194812961039946,-0.6162982483233479
12,546,1,0.9254237288135593,0.9125588511502418,0.5239071846008301,0.0029080505556357094,-0.19542115582553488
12,547,1,0.9271186440677966,0.9151264012911295,0.5172411203384399,0.002673288061148515,-0.5066844732567825
12,548,1,0.9288135593220339,0.917115071229842,0.514595091342926,0.0022049670619410104,-0.678747723347483
12,549,1,0.9305084745762712,0.9206484677705874,0.5242131352424622,0.0029208017222793026,-0.18087961464207636
12,550,1,0.9322033898305084,0.9213211750247782,0.5147464275360107,0.002391136697978093,-0.6482960402600424
12,551,1,0.9338983050847458,0.9277735498040105,0.5202164053916931,0.005157290867624773,-0.060089553673437046
12,552,1,0.9355932203389831,0.9249402185339136,0.5265681743621826,0.0025818903680117,-0.12546543207271132
12,553,1,0.9372881355932203,0.9275914815364341,0.5330749154090881,0.002658736835961383,0.15866323496714396
12,554,1,0.9389830508474576,0.9223407874684519,0.5190714001655579,0.005319521319256828,-0.08736083144596782
12,555,1,0.940677966101695,0.9250861186557476,0.5072043538093567,0.004227348166161972,-0.7286669854620711
12,556,1,0.9423728813559322,0.9226275915346263,0.5149092674255371,0.007556163277227101,0.02647898297785796
12,557,1,0.9440677966101695,0.927637996491227,0.514094889163971,0.004410583828910876,-0.41460772000710266
12,558,1,0.9457627118644067,0.9273579112530902,0.5219751596450806,0.0057616229064714865,0.09217252056066458
12,559,1,0.9474576271186441,0.9301185453644885,0.5144937038421631,0.004838894237118553,-0.34241507697566964
12,560,1,0.9491525423728814,0.928007309755674,0.5144388675689697,0.007743577271605499,0.030891886861815848
12,561,1,0.9508474576271186,0.9279908262148475,0.5186499357223511,0.00886352214139145,0.35316966072523487
12,562,1,0.9525423728813559,0.9305765466017379,0.514105498790741,0.007323536037283807,-0.03747356937631807
12,563,1,0.9542372881355933,0.9339218175524475,0.521645188331604,0.0055278112348300665,0.04803242167441352
12,564,1,0.9559322033898305,0.9367353564081765,0.5095193982124329,0.0043749982014092016,-0.6120187025529733
12,565,1,0.9576271186440678,0.93263204390235,0.5286369323730469,0.008151835272522714,0.6819859962353724
12,566,1,0.9593220338983051,0.9374180725100237,0.5196840167045593,0.004295252260221259,-0.19399830982258476
12,567,1,0.9610169491525423,0.9374086922331646,0.5245463252067566,0.0048107921744937636,0.07756410864518593
12,568,1,0.9627118644067797,0.937894180934588,0.5185523629188538,0.00485334649885875,-0.16951602132924926
12,569,1,0.964406779661017,0.9355471016233058,0.5348588228225708,0.008287274139946644,0.9616880291909342
12,570,1,0.9661016949152542,0.9415053439705288,0.5132119059562683,0.0037705823614325265,-0.5345777503157708
12,571,1,0.9677966101694915,0.9407256644330572,0.5114506483078003,0.0054590462977583834,-0.39045346710886675
12,572,1,0.9694915254237289,0.9458268356880734,0.5127454400062561,0.0027476209996924123,-0.6865182017803924
12,573,1,0.9711864406779661,0.9420568504981333,0.5102133750915527,0.006127191535138742,-0.356190742594778
12,574,1,0.9728813559322034,0.9461030796492851,0.5230515003204346,0.003605053689237188,-0.14134669028991925
12,575,1,0.9745762711864406,0.9454504614048458,0.5205303430557251,0.004878871701801631,-0.08286399942652042
12,576,1,0.976271186440678,0.9482099337400423,0.5042029023170471,0.003780754184729681,-0.9128979692349226
12,577,1,0.9779661016949153,0.9470665267370483,0.5138373970985413,0.0057694508216207556,-0.2497370704827773
12,578,1,0.9796610169491525,0.951694192872657,0.5072219371795654,0.0029641543384136084,-0.8912753544067122
12,579,1,0.9813559322033898,0.9500367280696698,0.520371675491333,0.004806645606790782,-0.09889006715807808
12,580,1,0.9830508474576272,0.9528122348016212,0.5270832180976868,0.003521479646711377,0.01774084432341383
12,581,1,0.9847457627118644,0.9557099637963024,0.5204777717590332,0.0022580942294415005,-0.423983956345075
12,582,1,0.9864406779661017,0.954982382037606,0.5130584239959717,0.0035110000690013457,-0.5746131787762454
12,583,0,0.988135593220339,0.9575208921443915,0.5222034454345703,0.0024504069019858354,-0.3263959770937782
12,584,0,0.9898305084745763,0.9506124913694407,0.5265940427780151,0.010671032996031185,0.9216683838102866
12,585,0,0.9915254237288136,0.9581425629616899,0.5165764093399048,0.004624654606987047,-0.2823550512092674
12,586,0,0.9932203389830508,0.9591633687311536,0.5189785361289978,0.0047512005753104795,-0.16476621621132173
12,587,0,0.9949152542372881,0.9595074676501948,0.5293092131614685,0.005166326309313769,0.32424591425564253
12,588,0,0.9966101694915255,0.9649460183886834,0.5310346484184265,0.0026283420069168123,0.06875675808087289
12,589,0,0.9983050847457627,0.9773977933934279,0.5166242122650146,0.01067468796637854,0.5020166050670066
15,15,0,0.024509803921568627,0.034453368809492346,0.5818189382553101,nan,nan
15,16,0,0.026143790849673203,0.036067152630830636,0.5887121558189392,nan,nan
15,17,0,0.027777777777777776,0.03643466352752791,0.5951328873634338,nan,nan
15,18,0,0.029411764705882353,0.03871682633749359,0.5985459089279175,nan,nan
15,19,0,0.03104575163398693,0.038043168623965985,0.5956853628158569,nan,nan
15,20,0,0.032679738562091505,0.04150108149199549,0.5874667763710022,nan,nan
15,21,0,0.03431372549019608,0.04171575316985392,0.5865355134010315,nan,nan
15,22,0,0.03594771241830065,0.043831997567053686,0.5884584784507751,nan,nan
15,23,0,0.03758169934640523,0.045121021270666146,0.5704814195632935,nan,nan
15,24,0,0.0392156862745098,0.04626630948345679,0.5731692910194397,nan,nan
15,25,0,0.04084967320261438,0.04697734776522876,0.5742893815040588,nan,nan
15,26,0,0.042483660130718956,0.0474817324075111,0.5758008360862732,nan,nan
15,27,0,0.04411764705882353,0.04891104770070886,0.5663497447967529,nan,nan
15,28,0,0.0457516339869281,0.048196238139847136,0.5578413605690002,nan,nan
15,29,0,0.04738562091503268,0.04989351682649476,0.5510221123695374,0.0052483374734321655,1.2498234922058107
15,30,0,0.049019607843137254,0.04921284071150977,0.5365272164344788,0.007031881303917328,0.869652883685661
15,31,0,0.05065359477124183,0.05202573374920334,0.5354452729225159,0.005317266010332786,0.6023355616022591
15,32,0,0.05228758169934641,0.053346940600824684,0.5212842226028442,0.00505590902916703,-0.02820233581297779
15,33,0,0.05392156862745098,0.054137425794642584,0.5322875380516052,0.00520492997547635,0.4547432742171277
15,34,0,0.05555555555555555,0.05333928179411051,0.5359319448471069,0.0071526637739139,0.8601873212078277
15,35,0,0.05718954248366013,0.056193964114153706,0.5194462537765503,0.005308837111275096,-0.07294628303880907
15,36,0,0.058823529411764705,0.05550802223170704,0.5405236482620239,0.006863666996775564,1.0163082667675643
15,37,0,0.06045751633986928,0.05907313874995045,0.5503129363059998,0.004490809668436481,1.1219797571703234
15,38,0,0.06209150326797386,0.05972511078742557,0.5297514796257019,0.0045945175680780995,0.26893965255052676
15,39,0,0.06372549019607843,0.06388389198565547,0.5422861576080322,0.0027244430908034264,0.5553178393451638
15,40,0,0.06535947712418301,0.06605860444905474,0.542129397392273,0.0021713618051915624,0.477190580246478
15,41,0,0.06699346405228758,0.07092797464011594,0.5185323357582092,0.0034801416081238776,-0.34793531170548075
15,42,0,0.06862745098039216,0.07469919017548476,0.525566577911377,0.005428409043481885,0.2004239632146729
15,43,0,0.07026143790849673,0.08385642882187032,0.5290297865867615,0.012692579687321879,1.2857249664013564
15,44,0,0.0718954248366013,0.0905447657868079,0.536510705947876,0.016954994366875507,2.152159907886049
15,45,1,0.07352941176470588,0.09688363586450151,0.5141561627388,0.02034158408204783,1.648084240460363
15,46,1,0.07516339869281045,0.10181615643784654,0.5200402140617371,0.02206996879001442,2.1195409297154044
15,47,1,0.07679738562091504,0.10293182427517096,0.502768337726593,0.01980671050068664,1.0990392061210497
15,48,1,0.0784313725490196,0.10642827938491917,0.5097870826721191,0.019734690714404868,1.3854929290835305
15,49,1,0.08006535947712418,0.11210808437089112,0.5103216767311096,0.02162242444389049,1.6521319082480328
15,50,1,0.08169934640522876,0.11499941611704112,0.5137215256690979,0.020519890457416385,1.6528264254463276
15,51,1,0.08333333333333333,0.11640568362601758,0.5044053196907043,0.01771841916891092,0.8979745039742864
15,52,1,0.08496732026143791,0.12020393920197404,0.5256460309028625,0.017379846487963504,1.7492666754096544
15,53,1,0.08660130718954248,0.12298382489633103,0.5202816128730774,0.01583981586699563,1.324064033736218
15,54,1,0.08823529411764706,0.12589455265855673,0.5196107029914856,0.014529119849887346,1.1263001282334393
15,55,1,0.08986928104575163,0.12431941098093147,0.5208304524421692,0.009581530590110089,0.5379046382838334
15,56,1,0.0915032679738562,0.12574190005808444,0.5134408473968506,0.007347662095557366,-0.062361846514921895
15,57,1,0.09313725490196079,0.12134995777879924,0.5218746662139893,0.005870396853878817,0.10200382271726385
15,58,1,0.09477124183006536,0.1279172120539065,0.5223304033279419,0.0042188052296822575,-0.09236641486118738
15,59,1,0.09640522875816994,0.12325395098265943,0.5083878636360168,0.0055642317941315194,-0.5059158974178766
15,60,1,0.09803921568627451,0.12464824829968059,0.503078281879425,0.005681926278638986,-0.7144398077381375
15,61,1,0.09967320261437909,0.1255176172384083,0.5052854418754578,0.006443421044327992,-0.5229586809111791
15,62,1,0.10130718954248366,0.12638351388493624,0.4929922819137573,0.007190795323745576,-0.944340857009615
15,63,1,0.10294117647058823,0.12893763515974407,0.4908474087715149,0.006187870882986626,-1.1644176088916667
15,64,1,0.10457516339869281,0.12790211580413072,0.4987156093120575,0.008299678068041804,-0.5597676150756603
15,65,1,0.10620915032679738,0.12810796231573648,0.4995221197605133,0.009015452962656734,-0.43322150870239534
15,66,1,0.10784313725490197,0.13357142745232473,0.5151429772377014,0.005307313484945705,-0.2544815540519237
15,67,1,0.10947712418300654,0.1305592893861399,0.5043289065361023,0.008354823530829732,-0.3160945463490368
15,68,1,0.1111111111111111,0.13032170344316327,0.499972939491272,0.009133514080221273,-0.3989571381675002
15,69,1,0.11274509803921569,0.13112158445381858,0.5027620792388916,0.008649858125609287,-0.34396772062308467
15,70,1,0.11437908496732026,0.13298778304340206,0.494696706533432,0.007293587029848234,-0.859224666246087
15,71,1,0.11601307189542484,0.13344217191899635,0.5105341672897339,0.007332703264589008,-0.18678250486664957
15,72,1,0.11764705882352941,0.13484116022782527,0.4853534698486328,0.006797444537202712,-1.317103124847897
15,73,1,0.119281045751634,0.13612607310211738,0.5204501152038574,0.006007099389619082,0.0596514738265575
15,74,1,0.12091503267973856,0.13126573893002094,0.5223082900047302,0.011786870855962504,0.8853626398328074
15,75,1,0.12254901960784313,0.1383058400180554,0.5306865572929382,0.005982634558490155,0.4878471335392587
15,76,1,0.12418300653594772,0.13170830854672988,0.5224629044532776,0.012730423625681279,1.0138931163038993
15,77,1,0.12581699346405228,0.13786714957227827,0.508064329624176,0.007804650817507562,-0.22983073495291473
15,78,1,0.12745098039215685,0.12915450030566755,0.5011143088340759,0.016302396800624164,0.5761804289025709
15,79,1,0.12908496732026145,0.14086560798792253,0.5146859288215637,0.006850479491038884,-0.07418758276951706
15,80,1,0.13071895424836602,0.13036988231765392,0.5028743743896484,0.01608773122961799,0.6225894643166102
15,81,1,0.1323529411764706,0.13841724435443167,0.508282482624054,0.009314392341572632,-0.02540633444501189
15,82,1,0.13398692810457516,0.14154387224860066,0.5058004856109619,0.00736140481295264,-0.38254631104216047
15,83,1,0.13562091503267973,0.14804669654428665,0.5062284469604492,0.005312264358862409,-0.6294958503099475
15,84,1,0.13725490196078433,0.15063210159470342,0.49839887022972107,0.005075981513009112,-0.9899856920685196
15,85,1,0.1388888888888889,0.1506215010127165,0.5005160570144653,0.004447475693424035,-0.9820432799162706
15,86,1,0.14052287581699346,0.15897559611503184,0.49527549743652344,0.007687458398149361,-0.7839013700995744
15,87,1,0.14215686274509803,0.15676496572451099,0.4930002689361572,0.005031942520250921,-1.2231753375270333
15,88,1,0.1437908496732026,0.16081846441991174,0.49697190523147583,0.006554048585723533,-0.8589818316489614
15,89,1,0.1454248366013072,0.16324684964487174,0.4935113191604614,0.006767154510592774,-0.9772517635927437
15,90,1,0.14705882352941177,0.16558512224909067,0.49385225772857666,0.007232429322189252,-0.9027179605348938
15,91,1,0.14869281045751634,0.16696856585015424,0.496009886264801,0.006285914592571729,-0.9341945250581536
15,92,1,0.1503267973856209,0.17031158779515657,0.5070021748542786,0.007434500534949525,-0.3224552977490667
15,93,1,0.15196078431372548,0.1726442716131643,0.49764934182167053,0.006827392389422324,-0.7950876143681935
15,94,1,0.15359477124183007,0.18700362420224917,0.49995657801628113,0.018916840433847067,0.8654797117544661
15,95,1,0.15522875816993464,0.18339506048098297,0.49312976002693176,0.01202106037661493,-0.3139240999589934
15,96,1,0.1568627450980392,0.18868644088679773,0.511309802532196,0.013586369982455338,0.6545924492766659
15,97,1,0.15849673202614378,0.1839024649252567,0.5010898113250732,0.007699598969027115,-0.5373187022613116
15,98,1,0.16013071895424835,0.18272886642859185,0.5021456480026245,0.005605669225684283,-0.7636017483128351
15,99,1,0.16176470588235295,0.1917845873361628,0.5068709254264832,0.009033504059014945,-0.1212116928272467
15,100,1,0.16339869281045752,0.19245171997180424,0.5113178491592407,0.007202127771679604,-0.1706437934163744
15,101,1,0.1650326797385621,0.19344394774307094,0.5221751928329468,0.006226079602540347,0.1606628365646615
15,102,1,0.16666666666666666,0.19605774514720037,0.5152294039726257,0.005706885625899313,-0.19916908186811083
15,103,1,0.16830065359477125,0.1954557614817713,0.511765718460083,0.004615504364213861,-0.4862587792165194
15,104,1,0.16993464052287582,0.19625045543717537,0.5080706477165222,0.004141674804257541,-0.7032405395930338
15,105,1,0.1715686274509804,0.19263426073097872,0.5203371644020081,0.006197830073706945,0.07955602511447527
15,106,1,0.17320261437908496,0.1977661173979585,0.5133802890777588,0.004253091524481249,-0.46508670824896065
15,107,1,0.17483660130718953,0.20281602473681404,0.5259861350059509,0.003121356590678591,-0.08023149842432248
15,108,1,0.17647058823529413,0.19521552634293313,0.5247408151626587,0.009259139955649687,0.6609958654346286
15,109,1,0.1781045751633987,0.205930015713764,0.5089684724807739,0.0028811231294883105,-0.8284142416037649
15,110,1,0.17973856209150327,0.20038481550693288,0.5158948302268982,0.0065394410933916815,-0.06346677777561013
15,111,1,0.18137254901960784,0.2051636317482045,0.517651379108429,0.003863097119945817,-0.33553673580742194
15,112,1,0.1830065359477124,0.20300856762098624,0.517211377620697,0.006159679993203331,-0.05709666103415721
15,113,1,0.184640522875817,0.2073505758552474,0.5159229636192322,0.004451191078484055,-0.33232233192738875
15,114,1,0.18627450980392157,0.20649535452916784,0.5143713355064392,0.005259356970025003,-0.2931996830867414
15,115,1,0.18790849673202614,0.21020764471495598,0.5098705291748047,0.003689156695835062,-0.6859114696613253
15,116,1,0.1895424836601307,0.21145106968758512,0.520492672920227,0.0033185901521685717,-0.28621848874941413
15,117,1,0.19117647058823528,0.20586998800484838,0.5080088973045349,0.009015588622138738,-0.07557476807039942
15,118,1,0.19281045751633988,0.20805961676614618,0.5077356696128845,0.007640095454207579,-0.26495972869072304
15,119,1,0.19444444444444445,0.21005176323945476,0.5024721026420593,0.006575561534122232,-0.6244239140004765
15,120,1,0.19607843137254902,0.2068240652493229,0.5078469514846802,0.01089300354627308,0.16037794517175336
15,121,1,0.1977124183006536,0.20491937755201414,0.5111405849456787,0.013444687518679286,0.6291400899448345
15,122,1,0.19934640522875818,0.21694237567434696,0.5164918303489685,0.004931953814703509,-0.24618091923522215
15,123,1,0.20098039215686275,0.22127225185704072,0.5138587355613708,0.004410066852902571,-0.4246259849423899
15,124,1,0.20261437908496732,0.22358518007082595,0.5139454007148743,0.0038531472606608058,-0.49299175130680634
15,125,1,0.2042483660130719,0.22894874990519087,0.5093907713890076,0.00612948463065577,-0.3905583823382015
15,126,1,0.20588235294117646,0.22937534632797865,0.5119859576225281,0.005045391652838833,-0.42138731894367565
15,127,1,0.20751633986928106,0.23187413780051794,0.5073826909065247,0.005539765299014737,-0.5514373224119408
15,128,1,0.20915032679738563,0.23545356314621257,0.5121318697929382,0.007300336528159661,-0.12364149010956327
15,129,1,0.2107843137254902,0.2453389211827271,0.5066486597061157,0.015117251092028106,0.6561390536248817
15,130,1,0.21241830065359477,0.24826059247526086,0.5201295018196106,0.015529545494006782,1.2775316690495153
15,131,1,0.21405228758169934,0.25314228014485307,0.491071492433548,0.017781981535907893,0.34431222974883346
15,132,1,0.21568627450980393,0.25035514704547934,0.5052259564399719,0.012455843266822796,0.25202822271365566
15,133,1,0.2173202614379085,0.25571900737063147,0.49539080262184143,0.014077986947842366,0.04734578053339655
15,134,1,0.21895424836601307,0.25539021594825745,0.5046666264533997,0.01106627359942541,0.048766737002476246
15,135,1,0.22058823529411764,0.2558692021450354,0.4950316846370697,0.008724359702572505,-0.6600891259599644
15,136,1,0.2222222222222222,0.25159104890058687,0.5028431415557861,0.006673707923993098,-0.5960967369663374
15,137,1,0.2238562091503268,0.26195059592383974,0.4954429566860199,0.007624321147201615,-0.7850092728738945
15,138,1,0.22549019607843138,0.25298614437702194,0.493430495262146,0.006497754524200608,-1.015494982755766
15,139,1,0.22712418300653595,0.2679754405352824,0.49845197796821594,0.008366640251929682,-0.5622177440419563
15,140,1,0.22875816993464052,0.2589189729228633,0.48542147874832153,0.005893725969046045,-1.431101206741044
15,141,1,0.23039215686274508,0.2616416534357189,0.497296005487442,0.0051884347547997865,-1.021918104598215
15,142,1,0.23202614379084968,0.26487674217844365,0.5054627060890198,0.004320749114853992,-0.7899811795904559
15,143,1,0.23366013071895425,0.2647439438732068,0.49075138568878174,0.004743324742474901,-1.3552647957858
15,144,1,0.23529411764705882,0.26257204654456034,0.4930025637149811,0.007548613351855782,-0.8976365137226829
15,145,1,0.2369281045751634,0.2620187191544609,0.4778677821159363,0.009124187461190902,-1.331665140254677
15,146,1,0.238562091503268,0.263681634118123,0.4840035140514374,0.008095303855357923,-1.2061576117373094
15,147,1,0.24019607843137256,0.263663470108042,0.499559611082077,0.009065359799199224,-0.4251879609003247
15,148,1,0.24183006535947713,0.25786154741035444,0.4909402132034302,0.015434744120987517,0.03524825979206647
15,149,1,0.2434640522875817,0.26685721409870383,0.49835139513015747,0.007658154511227819,-0.6580737674484038
15,150,1,0.24509803921568626,0.26235021517405444,0.48645758628845215,0.01206361260486506,-0.5895840432042144
15,151,1,0.24673202614379086,0.26138347304074844,0.48502054810523987,0.013642712039824447,-0.4459397093941174
15,152,1,0.24836601307189543,0.2594592307185469,0.5065312385559082,0.015526445584662337,0.7041057725373161
15,153,1,0.25,0.267052311999558,0.5071533918380737,0.009662919310169382,-0.0279161366810039
15,154,1,0.25163398692810457,0.2675684295119404,0.4957910180091858,0.008642985337145385,-0.6386140288298361
15,155,1,0.25326797385620914,0.27026871811942477,0.4932423532009125,0.007064816177284242,-0.9500938942445278
15,156,1,0.2549019607843137,0.2696994962159363,0.4868454337120056,0.007409370595787386,-1.1751014670890196
15,157,1,0.2565359477124183,0.2781594901501382,0.49085551500320435,0.005488868925298433,-1.2544671300965018
15,158,1,0.2581699346405229,0.27269673608373046,0.4985622763633728,0.005657959911774144,-0.9078415600136016
15,159,1,0.25980392156862747,0.27856894286876865,0.4915831387042999,0.003944483015888476,-1.4235169251274287
15,160,1,0.26143790849673204,0.27723259140441525,0.48764899373054504,0.003540519168612925,-1.6415385196597547
15,161,1,0.2630718954248366,0.2804815465353741,0.49556684494018555,0.0025965097397933176,-1.4299577776428156
15,162,1,0.2647058823529412,0.276888915550328,0.49418649077415466,0.005169063512757852,-1.155456715920937
15,163,1,0.26633986928104575,0.2870887598609602,0.49926573038101196,0.004421225652362268,-1.038126024623511
15,164,1,0.2679738562091503,0.28680867498197204,0.5066813826560974,0.0027913779792328917,-0.9363965870832428
15,165,1,0.2696078431372549,0.2813662747142519,0.49854302406311035,0.005178408736832835,-0.9706657818090122
15,166,1,0.27124183006535946,0.29050015174830157,0.504962682723999,0.0031883340270715326,-0.9574896841392307
15,167,1,0.272875816993464,0.2871683740259837,0.509266197681427,0.0036204335756905917,-0.7202646403318556
15,168,1,0.27450980392156865,0.29394481909909465,0.5038333535194397,0.002964907841779381,-1.0339713903840515
15,169,1,0.2761437908496732,0.2870351191138612,0.4932166635990143,0.006475005359854832,-1.0274475557874612
15,170,1,0.2777777777777778,0.2936375774908821,0.5083650946617126,0.0030652121770927193,-0.8300349364808793
15,171,1,0.27941176470588236,0.29521122843418385,0.5000532269477844,0.0030886112198574575,-1.1772676721095636
15,172,1,0.28104575163398693,0.29075994722606047,0.49686500430107117,0.006875621572900406,-0.8219025295358988
15,173,1,0.2826797385620915,0.29690806372848183,0.49503424763679504,0.0035655872159235996,-1.327085396671741
15,174,1,0.28431372549019607,0.296718592167194,0.49588099122047424,0.00406425028035416,-1.2269195988320094
15,175,1,0.28594771241830064,0.30398076411010544,0.4981023967266083,0.003625050648869094,-1.1901054120423413
15,176,1,0.2875816993464052,0.30755695102172065,0.4956013262271881,0.004479859504184371,-1.1849602485022526
15,177,1,0.28921568627450983,0.30209143870340516,0.4997045695781708,0.004112046403865358,-1.0596148987096232
15,178,1,0.2908496732026144,0.3092040135616701,0.5008671283721924,0.003565807521276532,-1.0812617934148392
15,179,1,0.29248366013071897,0.307601247400182,0.5171688199043274,0.0028645104072735866,-0.4850033537047327
15,180,1,0.29411764705882354,0.32299261738758134,0.5066294074058533,0.012950721737261948,0.3751640299584951
15,181,1,0.2957516339869281,0.31643192854877195,0.49962058663368225,0.005248925596801048,-0.9161388980865013
15,182,1,0.2973856209150327,0.32233466203984745,0.5100606083869934,0.008460699390276605,-0.060871779237845425
15,183,1,0.29901960784313725,0.316764669572076,0.5105732083320618,0.004006002819877929,-0.6153280589315584
15,184,1,0.3006535947712418,0.32845826269723766,0.508653461933136,0.010043198387904786,0.08447179221173223
15,185,1,0.3022875816993464,0.32181623358355993,0.5211049318313599,0.004445287578612364,-0.11471980272739565
15,186,1,0.30392156862745096,0.32218613986602795,0.5092542171478271,0.004205962347076408,-0.645052113085419
15,187,1,0.3055555555555556,0.3270285144316969,0.5055995583534241,0.004387082151414319,-0.7756364574501843
15,188,1,0.30718954248366015,0.3187117517993735,0.5056026577949524,0.008676411512370865,-0.22083320892091177
15,189,1,0.3088235294117647,0.3236368137509143,0.5028077363967896,0.005950736634348703,-0.6910793927362293
15,190,1,0.3104575163398693,0.3236285028528513,0.5209419131278992,0.006951913309097668,0.2025538036118222
15,191,1,0.31209150326797386,0.32527375532006453,0.5082949995994568,0.006447123058099934,-0.3956584736196581
15,192,1,0.3137254901960784,0.32202828249888976,0.5101032257080078,0.011138672078624496,0.28722489423831177
15,193,1,0.315359477124183,0.3301749757259518,0.5174028873443604,0.005676839328600826,-0.11146483957019142
15,194,1,0.31699346405228757,0.33461778014467974,0.5219188928604126,0.0051631669038144,0.012412401411449059
15,195,1,0.31862745098039214,0.3341040081057471,0.5112570524215698,0.0046116806469375235,-0.5081882120686588
15,196,1,0.3202614379084967,0.33632709117691856,0.5154141187667847,0.004176179174594417,-0.3893278746530372
15,197,1,0.32189542483660133,0.34196305607239336,0.5205961465835571,0.004723638432407029,-0.10016498506102478
15,198,1,0.3235294117647059,0.3342337935256002,0.5281268954277039,0.006641986968816432,0.4652479221885885
15,199,1,0.32516339869281047,0.3518117213735601,0.5171095728874207,0.010811796364416275,0.5401996043434187
15,200,1,0.32679738562091504,0.337061424652622,0.5062087178230286,0.006288292227175043,-0.5041126361049648
15,201,1,0.3284313725490196,0.3469000183262591,0.5121873021125793,0.004703480173683121,-0.4571168722710698
15,202,1,0.3300653594771242,0.34263626459658214,0.5148893594741821,0.004070397279322084,-0.4251201449489125
15,203,1,0.33169934640522875,0.3481887441506488,0.5131544470787048,0.0034574980052111126,-0.5774854014857251
15,204,1,0.3333333333333333,0.3445791641168694,0.512948751449585,0.004945319232789733,-0.3937564150074739
15,205,1,0.3349673202614379,0.3454021035993791,0.5180983543395996,0.005367422019198841,-0.12217031207596574
15,206,1,0.3366013071895425,0.343408539571872,0.5162791609764099,0.008612651809516978,0.22082504001537626
15,207,1,0.3382352941176471,0.3414859207572604,0.5167742967605591,0.012062431843627291,0.6877965585534112
15,208,1,0.33986928104575165,0.34312194619400793,0.508660614490509,0.011234331051973261,0.23880396662855263
15,209,1,0.3415032679738562,0.34384920330502844,0.5108299255371094,0.011114514373047628,0.31472377360292125
15,210,1,0.3431372549019608,0.34751452190830273,0.4997658133506775,0.008702386605863687,-0.46343639531756636
15,211,1,0.34477124183006536,0.350999301971717,0.5104349851608276,0.007037844277059301,-0.22909155100131284
15,212,1,0.3464052287581699,0.35421906582707274,0.5160763263702393,0.005639758553085254,-0.17216063839397966
15,213,1,0.3480392156862745,0.3608764867095283,0.5120670199394226,0.006034196802722766,-0.290104507453715
15,214,1,0.34967320261437906,0.3598238698544349,0.5225592255592346,0.004319175502933983,-0.06974460791781661
15,215,1,0.35130718954248363,0.3637788226182916,0.5216981172561646,0.004844398313829612,-0.038112401249400796
15,216,1,0.35294117647058826,0.36838469005412006,0.5231560468673706,0.0066417269355297836,0.25574485093082566
15,217,1,0.3545751633986928,0.3616788865354609,0.5116226077079773,0.0041014191397004,-0.5587680981424417
15,218,1,0.3562091503267974,0.36609805798122186,0.5155239701271057,0.0035510450607954378,-0.4655377133752471
15,219,1,0.35784313725490197,0.37002271465776226,0.5132544636726379,0.004392475890425283,-0.45236451261556904
15,220,1,0.35947712418300654,0.36968210329163476,0.5084110498428345,0.0035049838372717807,-0.7712295361622759
15,221,1,0.3611111111111111,0.3626872065897991,0.5082809329032898,0.007298782191571526,-0.28611933188247773
15,222,1,0.3627450980392157,0.3643945703739502,0.5152835249900818,0.007107163240441938,-0.0158121941210947
15,223,1,0.36437908496732024,0.3666892400748058,0.5091895461082458,0.0065025029328923695,-0.3508012411648239
15,224,1,0.3660130718954248,0.383530771762638,0.5031753778457642,0.008879501068248944,-0.2968553222762101
15,225,1,0.36764705882352944,0.37934205843705593,0.5008481740951538,0.0041752445601170194,-1.0032514502213439
15,226,1,0.369281045751634,0.379994028189586,0.5006141066551208,0.003728202393198233,-1.0709240033731682
15,227,1,0.3709150326797386,0.38181069235675313,0.5147888660430908,0.0035849265222886568,-0.4921333214771482
15,228,1,0.37254901960784315,0.3958314603429709,0.5156702399253845,0.01324674862505239,0.7944214488480508
15,229,1,0.3741830065359477,0.3949029501067322,0.5107989311218262,0.01012145379756236,0.18500051381207325
15,230,1,0.3758169934640523,0.393908308629781,0.5208014845848083,0.007672927313214298,0.2898737964531041
15,231,1,0.37745098039215685,0.39950745870912907,0.5061545372009277,0.010506991557686692,0.03914336522404088
15,232,1,0.3790849673202614,0.4004320655836974,0.5075961947441101,0.008950467846907782,-0.10138694140593008
15,233,1,0.380718954248366,0.39652207523200356,0.5094774961471558,0.006411454148515823,-0.3504410803111133
15,234,1,0.38235294117647056,0.4012580626878773,0.5038940906524658,0.0068373126053628205,-0.5306537252161975
15,235,1,0.3839869281045752,0.3962325334887617,0.5040943026542664,0.0066317707047896125,-0.5487964322326574
15,236,1,0.38562091503267976,0.4006299255202659,0.50862717628479,0.005535318395101107,-0.49957028693499866
15,237,1,0.3872549019607843,0.39599787741745157,0.5036482214927673,0.008283476635486686,-0.3540045154304912
15,238,1,0.3888888888888889,0.4103319149890168,0.5020630955696106,0.0052948029594356094,-0.8072799999645964
15,239,1,0.39052287581699346,0.4075316467487315,0.5052799582481384,0.004324975128536935,-0.7971356109154071
15,240,1,0.39215686274509803,0.406927601720724,0.5069396495819092,0.004619848371268398,-0.6890655268714048
15,241,1,0.3937908496732026,0.3992547787227662,0.5069711208343506,0.012180423049179542,0.2899528705429139
15,242,1,0.3954248366013072,0.41149849888181217,0.49810469150543213,0.00443929867119488,-1.0847146052124779
15,243,1,0.39705882352941174,0.4180420654182883,0.5103539228439331,0.0048579873281044085,-0.5143946741613242
15,244,1,0.39869281045751637,0.4257161366768791,0.49969127774238586,0.010263060603761151,-0.2647594590726381
15,245,1,0.40032679738562094,0.4205406514715146,0.49591925740242004,0.0048362619925219185,-1.1254747412495045
15,246,1,0.4019607843137255,0.4246371853657592,0.5255846381187439,0.006048970241915226,0.28143259659052383
15,247,1,0.4035947712418301,0.41917467621722976,0.5196942090988159,0.004476433197393904,-0.1701394776988423
15,248,1,0.40522875816993464,0.4186840564715486,0.5162991881370544,0.005595415548238431,-0.16850353341211977
15,249,1,0.4068627450980392,0.4284710115991015,0.5171025395393372,0.005727635393163286,-0.11755269883412839
15,250,1,0.4084967320261438,0.4248416064865488,0.517057478427887,0.004393597193987829,-0.2919620866791668
15,251,1,0.41013071895424835,0.4274125047326138,0.5123077034950256,0.004327807801462844,-0.5006231079908952
15,252,1,0.4117647058823529,0.42467632132468097,0.5107584595680237,0.006382552165016859,-0.3001992729144257
15,253,1,0.4133986928104575,0.43226185054648586,0.5211995840072632,0.004086912014428704,-0.15707437034577562
15,254,1,0.4150326797385621,0.4251432961224836,0.5143863558769226,0.008288247956638819,0.09911290381137283
15,255,1,0.4166666666666667,0.42602567609575454,0.5128799080848694,0.008590501455493681,0.07471760545322442
15,256,1,0.41830065359477125,0.4222706219739721,0.5183039307594299,0.01382893436060259,0.9806891396945349
15,257,1,0.4199346405228758,0.42900467349575283,0.518190860748291,0.008583785724334794,0.297650451285475
15,258,1,0.4215686274509804,0.4202900108092712,0.5161892175674438,0.017362026323133793,1.3484561752832394
15,259,1,0.42320261437908496,0.4299896255643935,0.5154345035552979,0.008793037844391458,0.20855807190243755
15,260,1,0.42483660130718953,0.430145637054074,0.5147470831871033,0.008871444110033936,0.189729539737858
15,261,1,0.4264705882352941,0.44172159220358953,0.5187551975250244,0.0058076474164825915,-0.03756367614727896
15,262,1,0.42810457516339867,0.4432288137337362,0.5256320238113403,0.005665899592203124,0.23389280591336709
15,263,1,0.4297385620915033,0.44633309828310175,0.5210835933685303,0.006186053185768751,0.10948730164075425
15,264,1,0.43137254901960786,0.44828415508562086,0.5201192498207092,0.005908845898641183,0.03300334256277765
15,265,1,0.43300653594771243,0.4459950156294664,0.5283911824226379,0.004940303193516972,0.2563324146662464
15,266,1,0.434640522875817,0.4493804780482155,0.5131749510765076,0.004944507688769959,-0.3843294033277241
15,267,1,0.4362745098039216,0.45092952646758616,0.5132949948310852,0.0048564687278018675,-0.39065552799725844
15,268,1,0.43790849673202614,0.4487291306289649,0.5268563628196716,0.004298415647713075,0.10865037841851538
15,269,1,0.4395424836601307,0.44958028263404926,0.52881920337677,0.004436915885430383,0.20927373915442277
15,270,1,0.4411764705882353,0.44685129583841354,0.5121604800224304,0.0065879614094628185,-0.21455632568448127
15,271,1,0.44281045751633985,0.4424586907590034,0.5188009142875671,0.01175033295871275,0.7328384368754055
15,272,1,0.4444444444444444,0.4518273738801726,0.5116564035415649,0.005947007528043877,-0.31868254856891043
15,273,1,0.44607843137254904,0.456152906514062,0.5229383707046509,0.00460798324739669,-0.01642055297668299
15,274,1,0.4477124183006536,0.4561565850050796,0.5078271627426147,0.005163019353798453,-0.5814261955755602
15,275,1,0.4493464052287582,0.4519661357770431,0.5138504505157471,0.009557417299123069,0.24065212532072
15,276,1,0.45098039215686275,0.45456152955438,0.5162739753723145,0.007950234036480526,0.13494627339253484
15,277,1,0.4526143790849673,0.45506478445485526,0.5000700950622559,0.007957581855071021,-0.546928174680351
15,278,1,0.4542483660130719,0.4563005423303941,0.5053487420082092,0.0072795108498387275,-0.4121726743259394
15,279,1,0.45588235294117646,0.45766055564838565,0.5064844489097595,0.006443842399148344,-0.4723785468924757
15,280,1,0.45751633986928103,0.4588107142596411,0.5129716992378235,0.006048703180956481,-0.25010582082599414
15,281,1,0.4591503267973856,0.46061625676977414,0.5197563767433167,0.004947534583314729,-0.10659950209400063
15,282,1,0.46078431372549017,0.456369421519969,0.515259861946106,0.009702366717714074,0.31878819076147125
15,283,1,0.4624183006535948,0.4612580390418518,0.5091187953948975,0.005815316352704841,-0.442645860442356
15,284,1,0.46405228758169936,0.4612444957884382,0.5180397033691406,0.006418508474863855,0.011278919085195002
15,285,1,0.46568627450980393,0.46162717456914704,0.514467179775238,0.006876041963648031,-0.080099975284983
15,286,1,0.4673202614379085,0.4617613814984479,0.5076128244400024,0.008087530386304814,-0.21227653107281536
15,287,1,0.46895424836601307,0.46245036134974354,0.5052232146263123,0.008108122507743112,-0.3103108121291111
15,288,1,0.47058823529411764,0.45854369889949026,0.5079734921455383,0.0124646031605451,0.36894099093950955
15,289,1,0.4722222222222222,0.4613302220951106,0.5234911441802979,0.01000412100400414,0.704672140658849
15,290,1,0.4738562091503268,0.4563043992795255,0.5138074159622192,0.015543274224258314,1.012896982995526
15,291,1,0.47549019607843135,0.45863150522518753,0.5168961882591248,0.013430560841305537,0.8698519820667358
15,292,1,0.477124183006536,0.4593542260890906,0.5171940922737122,0.012872703878655896,0.8102665158885133
15,293,1,0.47875816993464054,0.46027519271301603,0.5022137761116028,0.012169857523208797,0.08811411022566529
15,294,1,0.4803921568627451,0.45912272028790296,0.5054738521575928,0.013509089738652605,0.3986745224841341
15,295,1,0.4820261437908497,0.4648018576417289,0.5120722055435181,0.008634405763332687,0.04635882895387167
15,296,1,0.48366013071895425,0.4603347788835519,0.5107753872871399,0.012618288778733404,0.5068854456170095
15,297,1,0.4852941176470588,0.464167892189461,0.508662760257721,0.009373461061171548,-0.0017431525094710465
15,298,1,0.4869281045751634,0.4621973261998138,0.5124967098236084,0.011246827927556652,0.4020714208790841
15,299,1,0.48856209150326796,0.4604747276260739,0.521055281162262,0.013037485816394825,0.9942840741683586
15,300,1,0.49019607843137253,0.4647376166538751,0.5174291729927063,0.00905872145816432,0.32696934748373535
15,301,1,0.4918300653594771,0.46374404754051934,0.509583055973053,0.00989843648854612,0.10492467191586546
15,302,1,0.4934640522875817,0.46621555331783154,0.5432516932487488,0.007722359723716448,1.2423083750033501
15,303,1,0.4950980392156863,0.46735199771958147,0.5316646099090576,0.006973519646842322,0.6571977011983186
15,304,1,0.49673202614379086,0.46706124480666195,0.5230696201324463,0.007651761810516905,0.38271505704599984
15,305,1,0.49836601307189543,0.46902586559982395,0.5153911113739014,0.006493605401277827,-0.0906204973982411
15,306,1,0.5,0.4698158661680515,0.5201898217201233,0.006407940870682589,0.10051744751874286
15,307,1,0.5016339869281046,0.48451952747444244,0.5215944051742554,0.007642152515572001,0.3193075043123188
15,308,1,0.5032679738562091,0.48643236787440786,0.5039567351341248,0.007792533642479017,-0.40448994745896166
15,309,1,0.5049019607843137,0.48941468061231774,0.5407025218009949,0.00876118625737709,1.269222745862219
15,310,1,0.5065359477124183,0.49221192023758026,0.5285046100616455,0.009800367099026114,0.8895891197850742
15,311,1,0.5081699346405228,0.49179725689421167,0.5226731896400452,0.007555260183124716,0.35353058137877796
15,312,1,0.5098039215686274,0.5113188901032346,0.540313184261322,0.024656872246196233,3.3083594977922237
15,313,1,0.511437908496732,0.5164604269435695,0.5426875352859497,0.02628972595057252,3.6195653610093093
15,314,1,0.5130718954248366,0.5215879721720852,0.5561445355415344,0.027418292656409944,4.332577711854176
15,315,1,0.5147058823529411,0.5234624769646337,0.5512470602989197,0.025232057769086238,3.8434882353650988
15,316,1,0.5163398692810458,0.5251809682488886,0.5526441931724548,0.02268494695161873,3.5729843652488955
15,317,1,0.5179738562091504,0.5263292729741355,0.5399439334869385,0.019825772850193074,2.668068046631327
15,318,1,0.5196078431372549,0.5280061796035058,0.56195467710495,0.01730195195560932,3.269224695819279
15,319,1,0.5212418300653595,0.5283103136007381,0.5561363101005554,0.014248346947379666,2.629165666573244
15,320,1,0.5228758169934641,0.5298565114101697,0.5660050511360168,0.011689879950893116,2.7141832440037605
15,321,1,0.5245098039215687,0.5316240809932787,0.5560698509216309,0.009109023404845948,1.9617758617941843
15,322,1,0.5261437908496732,0.5335405100225479,0.5460067391395569,0.007492984447627451,1.3287432800690162
15,323,1,0.5277777777777778,0.5348920433254136,0.5703972578048706,0.005832860347026103,2.141871188910065
15,324,1,0.5294117647058824,0.535901677457217,0.5753144025802612,0.004577195338560612,2.186701840504015
15,325,1,0.5310457516339869,0.5369740431758043,0.5597101449966431,0.0035116782068179866,1.3913582051447575
15,326,1,0.5326797385620915,0.5384107368013428,0.5480965375900269,0.00218634257903041,0.7305805633168271
15,327,1,0.5343137254901961,0.5385942934759562,0.5581263899803162,0.0034632397359491327,1.318355643604817
15,328,1,0.5359477124183006,0.5403382645304382,0.5634195804595947,0.003306856031667916,1.5211857539340297
15,329,1,0.5375816993464052,0.5405663251112012,0.5330653786659241,0.0044115051643284445,0.3849197851183465
15,330,1,0.5392156862745098,0.5422343357632606,0.5369144082069397,0.003965197951309522,0.48940224320462955
15,331,1,0.5408496732026143,0.542425244345917,0.5381060242652893,0.004992387048251167,0.6724469195850299
15,332,1,0.5424836601307189,0.5443140972322146,0.532394289970398,0.004280540690941923,0.3397047825658033
15,333,1,0.5441176470588235,0.5453517043432896,0.5320289731025696,0.004380490550913566,0.3372354548982667
15,334,1,0.545751633986928,0.5484368060922906,0.5336789488792419,0.002945861732070665,0.2212463715551023
15,335,1,0.5473856209150327,0.549533200577945,0.5362952947616577,0.0029188889878754127,0.3280101068835249
15,336,1,0.5490196078431373,0.550971798614931,0.5197593569755554,0.0026674974351529493,-0.4013158640151951
15,337,1,0.5506535947712419,0.5527703502445265,0.536798357963562,0.00215722017372432,0.2507141264777121
15,338,1,0.5522875816993464,0.5556692018357232,0.5336570739746094,0.0016005946755952565,0.0463619861284259
15,339,1,0.553921568627451,0.5620469195286772,0.5295444130897522,0.004557015713092576,0.25536442174611523
15,340,1,0.5555555555555556,0.5697443791065173,0.5259420275688171,0.010463555551441723,0.8673628904350071
15,341,1,0.5571895424836601,0.574259688533754,0.5091825723648071,0.012740747671165913,0.45560061686056164
15,342,1,0.5588235294117647,0.5747052909705628,0.5184471011161804,0.010817706237055037,0.5973267077490633
15,343,1,0.5604575163398693,0.5851777338815409,0.5255827903747559,0.0186564771976727,1.9116886552962467
15,344,1,0.5620915032679739,0.5841111450677119,0.5281606912612915,0.014798270854976394,1.5213981367805838
15,345,1,0.5637254901960784,0.591868335443277,0.5371081829071045,0.019169348896923694,2.46368556325974
15,346,1,0.565359477124183,0.5922720495373746,0.5402350425720215,0.016226282023377312,2.214868770833289
15,347,1,0.5669934640522876,0.5999937745987008,0.5272473096847534,0.02033757066645326,2.199220614603557
15,348,1,0.5686274509803921,0.6008253007108305,0.5165663361549377,0.017389844154216454,1.3679450421837505
15,349,1,0.5702614379084967,0.6090747848395124,0.5192503333091736,0.02177354055912543,2.047923211224802
15,350,1,0.5718954248366013,0.6095713882112335,0.5145863890647888,0.018188772126098682,1.387823914099989
15,351,1,0.5735294117647058,0.6128878113706366,0.5239329934120178,0.01714791181468755,1.647087478938876
15,352,1,0.5751633986928104,0.6098041994462726,0.5138333439826965,0.01152850170962771,0.4948211307759185
15,353,1,0.576797385620915,0.6115843143146704,0.524612307548523,0.009406550177645757,0.6746428937779467
15,354,1,0.5784313725490197,0.6109574150865302,0.5161942839622498,0.007029364311206496,0.012506269297534532
15,355,1,0.5800653594771242,0.6138890787852238,0.5127555131912231,0.005996538785027954,-0.26596142362239206
15,356,1,0.5816993464052288,0.6132468877041475,0.5246859192848206,0.005142790614821758,0.12637876827245156
15,357,1,0.5833333333333334,0.6126941799804553,0.5248667001724243,0.005052112542962293,0.12227080516624841
15,358,1,0.5849673202614379,0.6109093800343983,0.5189239978790283,0.007455418963011398,0.18263031325953588
15,359,1,0.5866013071895425,0.6129421716130667,0.5071210861206055,0.006951910440890768,-0.3798503420011155
15,360,1,0.5882352941176471,0.6143501943401409,0.5022608041763306,0.007007765991345024,-0.5774376223439545
15,361,1,0.5898692810457516,0.6129416891436101,0.5195492506027222,0.009986820307044458,0.5363251894259864
15,362,1,0.5915032679738562,0.6107157864579019,0.5309731364250183,0.013137574031674768,1.425161139954359
15,363,1,0.5931372549019608,0.6150301480343365,0.5380399823188782,0.009903471252483063,1.3047385189640506
15,364,1,0.5947712418300654,0.6155279528820825,0.5256798267364502,0.00965962262986396,0.7523536454725679
15,365,1,0.5964052287581699,0.6159316954020894,0.5236930251121521,0.009496484679308737,0.647534561128168
15,366,1,0.5980392156862745,0.6173015543444955,0.5171447396278381,0.008326541691095264,0.22030195899029986
15,367,1,0.5996732026143791,0.6205875220903274,0.5085641741752625,0.006180554596898695,-0.41878674850273023
15,368,1,0.6013071895424836,0.6229933549776211,0.49290186166763306,0.004918720935088189,-1.2419633748267778
15,369,1,0.6029411764705882,0.6155641485433139,0.5197200179100037,0.012102269104060537,0.8170795324139913
15,370,1,0.6045751633986928,0.6165356892505984,0.5202668309211731,0.011250376236639553,0.7299598687176992
15,371,1,0.6062091503267973,0.6114237493896733,0.5132871866226196,0.016597230493739797,1.127266606547101
15,372,1,0.6078431372549019,0.615025444969785,0.5158187747001648,0.013176775972978208,0.7916321600238531
15,373,1,0.6094771241830066,0.6138121041867279,0.5088862776756287,0.014412135292728303,0.6592496006677177
15,374,1,0.6111111111111112,0.6132038566156615,0.5130212903022766,0.01508252090477058,0.9201878797992344
15,375,1,0.6127450980392157,0.6174903139170604,0.5125651955604553,0.011124366397897583,0.3891213247353933
15,376,1,0.6143790849673203,0.6151171043714245,0.5245948433876038,0.013412293652505427,1.1919078233457723
15,377,1,0.6160130718954249,0.6167044776552812,0.5022197365760803,0.012139300219614608,0.08441377810556594
15,378,1,0.6176470588235294,0.6140206134904648,0.530644953250885,0.014942759357355704,1.644768344691082
15,379,1,0.619281045751634,0.6171665064277843,0.5379465222358704,0.011896070758927743,1.558472232947849
15,380,1,0.6209150326797386,0.6154784085144476,0.5249885320663452,0.013465498021521274,1.2153777952404514
15,381,1,0.6225490196078431,0.6193364432978401,0.5167454481124878,0.009817623266509328,0.396294507492456
15,382,1,0.6241830065359477,0.6182643400382306,0.5138975381851196,0.010459979024700002,0.3593507311430595
15,383,1,0.6258169934640523,0.6224399415877475,0.5158628225326538,0.006567442571760499,-0.061194570200033986
15,384,1,0.6274509803921569,0.6211417592770934,0.5098575949668884,0.007735901079054616,-0.16315363632783653
15,385,1,0.6290849673202614,0.6311442898381823,0.5189048647880554,0.004380709057883743,-0.2157806341547241
15,386,1,0.630718954248366,0.6280890206117573,0.5130209922790527,0.00399974293905686,-0.5129889775720456
15,387,1,0.6323529411764706,0.6390524038313865,0.5175424218177795,0.007504015895454505,0.13069557516815244
15,388,1,0.6339869281045751,0.6395388382436002,0.5150961875915527,0.006363877680339168,-0.11982414035114744
15,389,1,0.6356209150326797,0.6496622101410818,0.5130197405815125,0.014429873542821445,0.8357257839381653
15,390,1,0.6372549019607843,0.6471580210271668,0.5121497511863708,0.010227974981931306,0.2556982346977565
15,391,1,0.6388888888888888,0.6478144200684657,0.5160186886787415,0.00889327821295462,0.24613792148801109
15,392,1,0.6405228758169934,0.6533378455622008,0.5157498121261597,0.011499275469685639,0.5718009059514588
15,393,1,0.6421568627450981,0.6477388778055037,0.5262237191200256,0.006572845294844239,0.3761078581013345
15,394,1,0.6437908496732027,0.6453702829484242,0.5225194096565247,0.006237489167589598,0.1766434097992629
15,395,1,0.6454248366013072,0.6486754203823455,0.5143954753875732,0.005649556332548704,-0.24172398894381453
15,396,1,0.6470588235294118,0.6462727247675484,0.5182214975357056,0.006700410700937719,0.055393703761824904
15,397,1,0.6486928104575164,0.6499555476376649,0.5139631032943726,0.005546877517750706,-0.2732218285175318
15,398,1,0.6503267973856209,0.645645868961843,0.5122731328010559,0.009689126212850388,0.1912165045251503
15,399,1,0.6519607843137255,0.6563536609728371,0.508895993232727,0.004628793699022057,-0.6054692761729328
15,400,1,0.6535947712418301,0.6492614764889426,0.5045679211616516,0.009550911926220965,-0.15135095484583472
15,401,1,0.6552287581699346,0.6547713861663091,0.5169327259063721,0.006643882049882552,-0.006224561153882353
15,402,1,0.6568627450980392,0.6573600922080304,0.5108942985534668,0.005687053702056527,-0.3844131373787633
15,403,1,0.6584967320261438,0.660476518345616,0.5059110522270203,0.00490462853820301,-0.6955839667697254
15,404,1,0.6601307189542484,0.662139099790579,0.5116890072822571,0.00398431645844364,-0.5711131272910788
15,405,1,0.6617647058823529,0.65996392646679,0.5121734142303467,0.005231463496264635,-0.3894261829407354
15,406,1,0.6633986928104575,0.6694876741629072,0.5130972266197205,0.005222858823362775,-0.35160983086503395
15,407,1,0.6650326797385621,0.6693049002399669,0.5233997702598572,0.0034255208149973587,-0.14988695356370302
15,408,1,0.6666666666666666,0.6764663808520086,0.5044066905975342,0.008373035793926526,-0.310461648701141
15,409,1,0.6683006535947712,0.6681426386514151,0.5231612324714661,0.003430372710378856,-0.15931141395791337
15,410,1,0.6699346405228758,0.673251852207954,0.5135133862495422,0.0033412795348684763,-0.5773885950722362
15,411,1,0.6715686274509803,0.6742632424691557,0.5030206441879272,0.0029158768418042283,-1.0745590371722429
15,412,1,0.673202614379085,0.6841512023603722,0.5012194514274597,0.008782847413393653,-0.3917759526642583
15,413,1,0.6748366013071896,0.6781871033345722,0.5038762092590332,0.003070309442317436,-1.0185355085872363
15,414,1,0.6764705882352942,0.6888039300857904,0.4986581802368164,0.009125662584507305,-0.455375846763849
15,415,1,0.6781045751633987,0.6828651563157525,0.5088860392570496,0.0034233573378147295,-0.7617691771358492
15,416,1,0.6797385620915033,0.6875048939473625,0.502785861492157,0.0045206006964675525,-0.8769385582483704
15,417,1,0.6813725490196079,0.6916389368566174,0.4986388087272644,0.005457336321490895,-0.9305600653772077
15,418,1,0.6830065359477124,0.6901180469358752,0.4939606785774231,0.003661582779973721,-1.3599115185510127
15,419,1,0.684640522875817,0.6926836139673069,0.5020453333854675,0.0036210065297879726,-1.024474700806445
15,420,1,0.6862745098039216,0.6831238370629069,0.5032321810722351,0.01010029319855034,-0.13659548963375479
15,421,1,0.6879084967320261,0.6913372937327662,0.49891138076782227,0.004208409167492754,-1.080578431844327
15,422,1,0.6895424836601307,0.6907345215885137,0.5083855390548706,0.005713887618665807,-0.48666118065407504
15,423,1,0.6911764705882353,0.6957745516960342,0.5159214735031128,0.0035883090768173954,-0.4439683111228714
15,424,1,0.6928104575163399,0.6950977674911611,0.503850519657135,0.004545609084902334,-0.8288403676074039
15,425,1,0.6944444444444444,0.697179726302522,0.5126048922538757,0.004188715340380942,-0.5060863772044265
15,426,1,0.696078431372549,0.6903651163521658,0.508552074432373,0.011596943144326926,0.28112114947136096
15,427,1,0.6977124183006536,0.7046335182215795,0.5035515427589417,0.004251788728218991,-0.8794343703182448
15,428,1,0.6993464052287581,0.7021948364757573,0.5182467699050903,0.004314710229633007,-0.2520470806628254
15,429,1,0.7009803921568627,0.7097718361470631,0.5015286207199097,0.004840490580057466,-0.8885517378099855
15,430,1,0.7026143790849673,0.7074952637940216,0.5024397373199463,0.0036396269674024866,-1.0054467934080265
15,431,1,0.704248366013072,0.7094501213077566,0.5067926645278931,0.00341975927318361,-0.8504483803684975
15,432,1,0.7058823529411765,0.7153891575672242,0.5105686783790588,0.005515707399454578,-0.4202922008526552
15,433,1,0.7075163398692811,0.7210762513145271,0.5078005790710449,0.009397721815946853,-0.03493783292839353
15,434,1,0.7091503267973857,0.7178929457669475,0.5159471035003662,0.005063620841013146,-0.2521090165507855
15,435,1,0.7107843137254902,0.7260821563270972,0.508939266204834,0.009892073539141117,0.0769728229099273
15,436,1,0.7124183006535948,0.7332948495393043,0.5002946257591248,0.014622990851753235,0.3244677302469796
15,437,1,0.7140522875816994,0.7267393680153842,0.5107507109642029,0.006758872077014558,-0.2518621606868137
15,438,1,0.7156862745098039,0.7371013922526659,0.5134686827659607,0.013177737545819032,0.6927246303111539
15,439,1,0.7173202614379085,0.7259643431408576,0.5209180116653442,0.005347478213276217,-0.00593017505870988
15,440,1,0.7189542483660131,0.734711738483755,0.5260605216026306,0.007325998239788121,0.46662440829022744
15,441,1,0.7205882352941176,0.7365188366964384,0.5138766765594482,0.005934250487811249,-0.226770858204415
15,442,1,0.7222222222222222,0.736677047607978,0.5207801461219788,0.00486332169279193,-0.07434824662034828
15,443,1,0.7238562091503268,0.7398684526353245,0.50773686170578,0.004563029940329042,-0.662818795951652
15,444,1,0.7254901960784313,0.7367491294082023,0.5122123956680298,0.004556311789646307,-0.4750904519213345
15,445,1,0.7271241830065359,0.7371391425507332,0.5099303722381592,0.004770923043220114,-0.543501594302257
15,446,1,0.7287581699346405,0.7431948577709668,0.5074418187141418,0.003187743872622706,-0.853096262969915
15,447,1,0.7303921568627451,0.7311401734156562,0.517144501209259,0.013951166783167157,0.9476377004383567
15,448,1,0.7320261437908496,0.7411797594747698,0.5162470936775208,0.005822117044111874,-0.14138297286625714
15,449,1,0.7336601307189542,0.7328741004216747,0.5236038565635681,0.014599435192073764,1.303662718133375
15,450,1,0.7352941176470589,0.7477020331374684,0.5176001787185669,0.005060548493515306,-0.18284642878852317
15,451,1,0.7369281045751634,0.7417457505566335,0.5207319259643555,0.008569218472355965,0.4028461018158498
15,452,1,0.738562091503268,0.7439818300597563,0.5145976543426514,0.007635717708116499,0.02363528451370757
15,453,1,0.7401960784313726,0.7413837154510038,0.5195152163505554,0.009420991933104335,0.4617211664386452
15,454,1,0.7418300653594772,0.7500843171217332,0.5202548503875732,0.005673276239543271,0.008254911461108766
15,455,1,0.7434640522875817,0.7407424333838757,0.5144472718238831,0.012008095014816002,0.5827101751165726
15,456,1,0.7450980392156863,0.7543646572805306,0.526827335357666,0.005254513968122683,0.23106458492311688
15,457,1,0.7467320261437909,0.7522193026699598,0.5311926007270813,0.005278676760567825,0.418139612183408
15,458,1,0.7483660130718954,0.7479505445244277,0.5101651549339294,0.007549378264271843,-0.17431330145493867
15,459,1,0.75,0.7482839492187188,0.5243045687675476,0.007821162053285575,0.456661181462784
15,460,1,0.7516339869281046,0.7534666213122456,0.5187498927116394,0.005071768321589931,-0.13294708300550612
15,461,1,0.7532679738562091,0.7577378555585159,0.5113711953163147,0.004107672848125609,-0.5685538140409959
15,462,1,0.7549019607843137,0.7610422677514199,0.52644282579422,0.00405381775960436,0.05959404136826818
15,463,1,0.7565359477124183,0.7591950841095261,0.5202702879905701,0.0039034971701863153,-0.21995271505653854
15,464,1,0.7581699346405228,0.7609863684083433,0.5290502905845642,0.0037078638575315493,0.1247346305818432
15,465,1,0.7598039215686274,0.7601873680332749,0.5191881656646729,0.004135834155240972,-0.2355083402508676
15,466,1,0.761437908496732,0.7630019075171315,0.5223414897918701,0.003276693985194,-0.2137279151542834
15,467,1,0.7630718954248366,0.7632186669813606,0.5244265198707581,0.0036259638446041473,-0.08069996391905715
15,468,1,0.7647058823529411,0.7694304919307434,0.5198985934257507,0.0034034614478485148,-0.30027765381114724
15,469,1,0.7663398692810458,0.7754958371407065,0.5198690295219421,0.006337586064081353,0.07790150143401678
15,470,1,0.7679738562091504,0.7790940573004915,0.5101832747459412,0.0073191163211880055,-0.20332595678612472
15,471,1,0.7696078431372549,0.7803884299877186,0.5161513090133667,0.006904734747281156,-0.0054210911065890426
15,472,1,0.7712418300653595,0.7799978604858397,0.5176705718040466,0.005183239009130112,-0.16401442689800452
15,473,1,0.7728758169934641,0.7845291979352764,0.5176352858543396,0.006686696720320629,0.028917575662840152
15,474,1,0.7745098039215687,0.7763351123186684,0.5221998691558838,0.004396264335238974,-0.07491902734900269
15,475,1,0.7761437908496732,0.785382781293498,0.5195958018302917,0.004294852379442217,-0.19776735752087937
15,476,1,0.7777777777777778,0.7822297790023643,0.5073598027229309,0.003764051616373652,-0.782027413051597
15,477,1,0.7794117647058824,0.7858271429781818,0.5131295919418335,0.0037391545827438507,-0.5421104965344672
15,478,1,0.7810457516339869,0.7848082506609386,0.515611469745636,0.0038799838246055224,-0.4193139527784324
15,479,1,0.7826797385620915,0.788089983850343,0.5211502313613892,0.0035332059043900834,-0.23075631899086682
15,480,1,0.7843137254901961,0.7839430650310911,0.5107757449150085,0.007206774301523672,-0.1928869719598562
15,481,1,0.7859477124183006,0.7889227143373135,0.517995297908783,0.004568615611567177,-0.22981034683478987
15,482,1,0.7875816993464052,0.7876217881038131,0.5182904005050659,0.006900299767250019,0.08414580761556482
15,483,1,0.7892156862745098,0.7935893521833286,0.520048975944519,0.003957376235130536,-0.22231136427006007
15,484,1,0.7908496732026143,0.7911604471313213,0.531952440738678,0.005994291051996492,0.5426982778608745
15,485,1,0.7924836601307189,0.7921103437556823,0.5142667293548584,0.005824953142392031,-0.22446793481472796
15,486,1,0.7941176470588235,0.7990088800603004,0.512280285358429,0.003188047724082564,-0.649166043050656
15,487,1,0.795751633986928,0.7992591499922417,0.5058028697967529,0.0029200544276975987,-0.9567770101843285
15,488,1,0.7973856209150327,0.8023869552056941,0.5129069685935974,0.0024043173522211433,-0.7241056079226726
15,489,1,0.7990196078431373,0.8066452314163671,0.5121453404426575,0.003959832504535966,-0.5550495730616651
15,490,1,0.8006535947712419,0.7985200915556394,0.5117515921592712,0.006042146657383855,-0.3023684682447953
15,491,1,0.8022875816993464,0.8023911144348743,0.5168836712837219,0.0036586094567453422,-0.39433084462276424
15,492,1,0.803921568627451,0.8024462405421169,0.5173895955085754,0.004538526992752291,-0.2592252842934342
15,493,1,0.8055555555555556,0.8082637052347433,0.5139204263687134,0.002741778432358529,-0.6377603048535414
15,494,1,0.8071895424836601,0.8053903118969673,0.49861592054367065,0.004230790102058989,-1.0901348199009155
15,495,1,0.8088235294117647,0.8133891418752437,0.5050501823425293,0.003075787640675075,-0.9683563712337342
15,496,1,0.8104575163398693,0.8114968608159964,0.525023877620697,0.0027059215309159293,-0.17450240788610266
15,497,1,0.8120915032679739,0.808575852409375,0.5286104679107666,0.00601886740304366,0.4050470430508497
15,498,1,0.8137254901960784,0.8148168673144971,0.5036061406135559,0.0027416492841819376,-1.0724166226038814
15,499,1,0.815359477124183,0.8204944369677556,0.5128557085990906,0.0037513247452886276,-0.5520780452351012
15,500,1,0.8169934640522876,0.8243357466539482,0.5057652592658997,0.005094126772063857,-0.677222743842162
15,501,1,0.8186274509803921,0.8249851008194544,0.5111845135688782,0.004233972953384904,-0.5600880639116019
15,502,1,0.8202614379084967,0.8286245425811135,0.5048978924751282,0.005608691427935538,-0.647232521564718
15,503,1,0.8218954248366013,0.8365125282439352,0.49872392416000366,0.01160942140168969,-0.1314193048882304
15,504,1,0.8235294117647058,0.8338299705972712,0.5102359056472778,0.0074192497696185114,-0.18815940247841373
15,505,1,0.8251633986928104,0.8379287077744156,0.5140014886856079,0.00865286068552151,0.13004449011753086
15,506,1,0.826797385620915,0.8379298219667299,0.5033215284347534,0.0066003406898559,-0.5854251671506245
15,507,1,0.8284313725490197,0.8353442150151815,0.50413978099823,0.004205150392019778,-0.8606772758222272
15,508,1,0.8300653594771242,0.8386090708786275,0.5041353106498718,0.004291198886214958,-0.8497383332347459
15,509,1,0.8316993464052288,0.834446681513809,0.5122470855712891,0.005539101100660314,-0.3465396896453432
15,510,1,0.8333333333333334,0.8448373639331467,0.505838930606842,0.0051288918146566095,-0.6696226394745012
15,511,1,0.8349673202614379,0.8458545199907855,0.5135025978088379,0.0041368943292400765,-0.4749586567929698
15,512,1,0.8366013071895425,0.8457422683085278,0.5013427138328552,0.0028933475341017902,-1.1481796760189473
15,513,1,0.8382352941176471,0.8475924150245554,0.48860564827919006,0.002403948024763489,-1.7482006746404761
15,514,1,0.8398692810457516,0.850980828057704,0.5038279294967651,0.002437096517222125,-1.102453633332655
15,515,1,0.8415032679738562,0.8470773235311491,0.5180820822715759,0.004806537581853989,-0.1953865213037499
15,516,1,0.8431372549019608,0.8501292286581912,0.4934599995613098,0.0037195375792963927,-1.3735155214180335
15,517,1,0.8447712418300654,0.8520779627411119,0.4958869516849518,0.003414398736302972,-1.3107036787832742
15,518,1,0.8464052287581699,0.8581613516947221,0.49739816784858704,0.0027205929295447693,-1.3367408485928403
15,519,1,0.8480392156862745,0.8541188910906872,0.5019567608833313,0.0038003492161182537,-1.0050154919868797
15,520,1,0.8496732026143791,0.8548325343265786,0.4997999370098114,0.004066783971983837,-1.061449246093959
15,521,1,0.8513071895424836,0.8658203521591712,0.49829909205436707,0.005958001727876758,-0.8801322664507796
15,522,1,0.8529411764705882,0.8645008330380415,0.49815019965171814,0.0030717290877535397,-1.259643538462148
15,523,1,0.8545751633986928,0.8588142921386993,0.4988347589969635,0.00515983830785411,-0.9607736221370202
15,524,1,0.8562091503267973,0.8613566092943854,0.5015550851821899,0.004393209601275198,-0.9452764691986154
15,525,1,0.8578431372549019,0.8575734526136404,0.49979981780052185,0.009235666052620684,-0.39304267762858014
15,526,1,0.8594771241830066,0.8618776531580484,0.4930166006088257,0.00614087607772199,-1.0790858984866358
15,527,1,0.8611111111111112,0.862614957187267,0.4952923655509949,0.006418886846318983,-0.9472352975154841
15,528,1,0.8627450980392157,0.8640504564138799,0.5004054307937622,0.006018955825234475,-0.7834897965346054
15,529,1,0.8643790849673203,0.8646424422397719,0.5055113434791565,0.0062025424471581535,-0.5445883875760598
15,530,1,0.8660130718954249,0.8677117647893452,0.49890437722206116,0.00481818708988658,-1.002020408716384
15,531,1,0.8676470588235294,0.8735665766316723,0.5011866092681885,0.0038676611893411553,-1.0287649370130234
15,532,1,0.869281045751634,0.8762784910885347,0.5228181481361389,0.00415200609227063,-0.08045115550033466
15,533,1,0.8709150326797386,0.8797913899376348,0.5185678601264954,0.005044798879580271,-0.14410539966007546
15,534,1,0.8725490196078431,0.8819658264778975,0.5186083912849426,0.005249301596205861,-0.11595225980396749
15,535,1,0.8741830065359477,0.8821380925143084,0.5211338996887207,0.004287113001871659,-0.1339533816533046
15,536,1,0.8758169934640523,0.8811019403789188,0.5158795714378357,0.0030902546034724007,-0.5101397298492056
15,537,1,0.8774509803921569,0.8842098403610508,0.5156460404396057,0.0029566176003761016,-0.5372618339893859
15,538,1,0.8790849673202614,0.8896452126696123,0.5217213034629822,0.005563230929633694,0.05582016237955528
15,539,1,0.880718954248366,0.8849796916169633,0.5118650794029236,0.003160006838417263,-0.6702887396478693
15,540,1,0.8823529411764706,0.8845693752890832,0.5252736210823059,0.003690326039549762,-0.03668051155072605
15,541,1,0.8839869281045751,0.8892130535685883,0.521446168422699,0.00285748446549089,-0.30566626189229157
15,542,1,0.8856209150326797,0.8909028632248656,0.5233014225959778,0.0026576942255215064,-0.25332242205139166
15,543,1,0.8872549019607843,0.8908285497809741,0.5212209224700928,0.0033315483586572048,-0.25385467783493065
15,544,1,0.8888888888888888,0.8918640192508631,0.5118119120597839,0.003631993117399122,-0.6114945018558258
15,545,1,0.8905228758169934,0.8937083155676642,0.5135756731033325,0.0034999796340384323,-0.5542416237222296
15,546,1,0.8921568627450981,0.8908135344043489,0.5220917463302612,0.00771967366710141,0.35028986100175147
15,547,1,0.8937908496732027,0.8985206870920616,0.5073614120483398,0.0027589044147733077,-0.9119397415270877
15,548,1,0.8954248366013072,0.8972609939968271,0.5224429368972778,0.004084220373060105,-0.10502807647936058
15,549,1,0.8970588235294118,0.8983434536544425,0.5264795422554016,0.00400636793656052,0.05500530554702193
15,550,1,0.8986928104575164,0.9040170983684721,0.5178346037864685,0.002295516650613267,-0.5305266680123777
15,551,1,0.9003267973856209,0.9079560938728142,0.5167275667190552,0.00370049425792025,-0.39549271095438854
15,552,1,0.9019607843137255,0.9034813134052007,0.5277149081230164,0.0033717008438911913,0.02499141694772139
15,553,1,0.9035947712418301,0.9101339196635506,0.5310050249099731,0.0028273643442001564,0.09324491738127083
15,554,1,0.9052287581699346,0.9075896388193477,0.5232027769088745,0.002374128433288443,-0.2941484884380468
15,555,1,0.9068627450980392,0.913261625589098,0.5296533107757568,0.0025905722465416683,0.0056635979726111785
15,556,1,0.9084967320261438,0.9132814080469717,0.5355453491210938,0.0020163779868791806,0.179699924372966
15,557,1,0.9101307189542484,0.9174131281966241,0.5208445191383362,0.0032795955535983054,-0.2764344071425109
15,558,1,0.9117647058823529,0.9195231708957018,0.5182658433914185,0.003431846961585582,-0.36541038659914377
15,559,1,0.9133986928104575,0.9189631668295122,0.5253549814224243,0.0022022390100909423,-0.22568330629830435
15,560,1,0.9150326797385621,0.9229039355493461,0.5324103236198425,0.0030372745747224627,0.17960805183227785
15,561,1,0.9166666666666666,0.9296186390393658,0.5326282978057861,0.007410218664129032,0.7542786306227063
15,562,1,0.9183006535947712,0.9228653021803974,0.5338534712791443,0.002762276152307379,0.20486038709034993
15,563,1,0.9199346405228758,0.9282249707707071,0.5205171704292297,0.002665516320485713,-0.3696381141571171
15,564,1,0.9215686274509803,0.9279197460365443,0.510284960269928,0.0020065316044305197,-0.8860354037501077
15,565,1,0.923202614379085,0.9386864983615263,0.5155301690101624,0.008586190492345842,0.1858410039894674
15,566,1,0.9248366013071896,0.9390938032281099,0.5169814229011536,0.006982821895833752,0.03965735867786346
15,567,1,0.9264705882352942,0.9388314159773903,0.5254802703857422,0.0048758768745598355,0.12533655929805096
15,568,1,0.9281045751633987,0.9382865556341617,0.5163514614105225,0.0035627114874847423,-0.4291589439039652
15,569,1,0.9297385620915033,0.9354057596965308,0.524644136428833,0.0037770632441397702,-0.051990345815112526
15,570,1,0.9313725490196079,0.9312443769631034,0.5079880952835083,0.009418891016627651,-0.024298494070349508
15,571,1,0.9330065359477124,0.930823721141593,0.5112679600715637,0.01112261604643318,0.3342300268127981
15,572,1,0.934640522875817,0.933932151841421,0.5175051093101501,0.009173604532754082,0.3450253231931974
15,573,1,0.9362745098039216,0.9305328991838226,0.5260729193687439,0.013400550424966915,1.2526747468163955
15,574,1,0.9379084967320261,0.9315713038586603,0.5093352198600769,0.01318855520400861,0.5199411410924315
15,575,1,0.9395424836601307,0.9341557997665593,0.5174705386161804,0.011382302444321448,0.6291852761524999
15,576,1,0.9411764705882353,0.9300224855718885,0.5282897353172302,0.01568055413624522,1.6409280522601317
15,577,1,0.9428104575163399,0.9327343772891413,0.5159372687339783,0.013624761068096443,0.8545564332923506
15,578,1,0.9444444444444444,0.9291854221580547,0.5186613202095032,0.017350945400787996,1.4511966053632703
15,579,1,0.946078431372549,0.9388209050321794,0.523696780204773,0.009853535515604571,0.6938646626350524
15,580,1,0.9477124183006536,0.9347678761589662,0.5187081694602966,0.012180907065369827,0.7846097004300071
15,581,1,0.9493464052287581,0.9374890614550387,0.530634880065918,0.009443124814873456,0.9331611716744034
15,582,1,0.9509803921568627,0.9358759472350129,0.5184933543205261,0.010355548981020367,0.5395121466368655
15,583,1,0.9526143790849673,0.9398802511863462,0.5315315127372742,0.006826397598830028,0.6325640234724648
15,584,1,0.954248366013072,0.9386614662138046,0.515851616859436,0.007717450222990504,0.08704593419895224
15,585,1,0.9558823529411765,0.9389683670179666,0.511826753616333,0.007940341508164353,-0.053737008561681676
15,586,1,0.9575163398692811,0.9370348181178749,0.5103711485862732,0.010455650827997001,0.2101904738003323
15,587,1,0.9591503267973857,0.9380676814434435,0.5268343091011047,0.009644406522175089,0.7990353776195388
15,588,1,0.9607843137254902,0.937355443942145,0.5202257633209229,0.010894842756303716,0.682253650184329
15,589,1,0.9624183006535948,0.9394675916756475,0.5132079720497131,0.00925504143794045,0.17447676146592841
15,590,1,0.9640522875816994,0.9412549337766183,0.5146738290786743,0.007872698539533372,0.05749032194591441
15,591,1,0.9656862745098039,0.938751570393787,0.5157923102378845,0.011093600604469058,0.5211321010370454
15,592,1,0.9673202614379085,0.9446029276384461,0.528902530670166,0.006336590574370226,0.4584406682953554
15,593,1,0.9689542483660131,0.9417114870433071,0.5242762565612793,0.009664733853880168,0.6938687505289398
15,594,1,0.9705882352941176,0.9483272233254278,0.5168483853340149,0.004850572747975274,-0.24167959868663863
15,595,1,0.9722222222222222,0.9471468111884241,0.5086332559585571,0.005924948610610148,-0.4489292412354924
15,596,1,0.9738562091503268,0.9504771629062764,0.5271095633506775,0.003984104237392138,0.07867510672869732
15,597,1,0.9754901960784313,0.9521875844984728,0.5226930379867554,0.003323843034815355,-0.19281676615746668
15,598,1,0.9771241830065359,0.9474660430974895,0.5171684622764587,0.00769705122072383,0.13989935273904497
15,599,1,0.9787581699346405,0.9511021856313902,0.5302304029464722,0.004966714130605051,0.3372517037644165
15,600,1,0.9803921568627451,0.9513712384303756,0.5266582369804382,0.005360256936823471,0.2376129542067843
15,601,1,0.9820261437908496,0.9537933776625271,0.5267455577850342,0.004169103830673886,0.0872592036434931
15,602,1,0.9836601307189542,0.9579092188204027,0.5334286093711853,0.0026575727263517097,0.1734172118760604
15,603,1,0.9852941176470589,0.9610576269499039,0.5315341949462891,0.0024748313208601963,0.06995627314546338
15,604,1,0.9869281045751634,0.96204485448255,0.5318951606750488,0.0022722591415628196,0.058971687976138165
15,605,0,0.988562091503268,0.9717536588073777,0.5280889272689819,0.008452404282940237,0.6977612364632618
15,606,0,0.9901960784313726,0.9657413567435605,0.5331356525421143,0.002544391656095434,0.1464361779662443
15,607,0,0.9918300653594772,0.9752109611509511,0.5228358507156372,0.008042526803748912,0.42339570728652015
15,608,0,0.9934640522875817,0.9781086394828228,0.523628294467926,0.008547385556503197,0.5220745258804512
15,609,0,0.9950980392156863,0.9817350984195007,0.5230101346969604,0.010046600481938603,0.6898958195245473
15,610,0,0.9967320261437909,0.9824459802110608,0.5233216881752014,0.008427877625237492,0.4937001542741364
15,611,0,0.9983660130718954,0.985567332227536,0.5332554578781128,0.009124755394555288,1.0024214125345194
29,15,0,0.02564102564102564,0.03682657325733,0.5908806324005127,nan,nan
29,16,0,0.02735042735042735,0.038224973775874416,0.6048104763031006,nan,nan
29,17,0,0.02905982905982906,0.03996447097082327,0.5916327238082886,nan,nan
29,18,0,0.03076923076923077,0.04192014651140887,0.5956979990005493,nan,nan
29,19,0,0.03247863247863248,0.04352134731581149,0.5811944603919983,nan,nan
29,20,0,0.03418803418803419,0.044658338544289425,0.5750085115432739,nan,nan
29,21,0,0.035897435897435895,0.04556402985493804,0.5741662383079529,nan,nan
29,22,0,0.037606837606837605,0.04659126266379084,0.5814716815948486,nan,nan
29,23,0,0.039316239316239315,0.04682018665963533,0.5597814321517944,nan,nan
29,24,0,0.041025641025641026,0.04848901392676923,0.5520802140235901,nan,nan
29,25,0,0.042735042735042736,0.0488237260185036,0.5485402941703796,nan,nan
29,26,0,0.044444444444444446,0.05016138843145569,0.5327692031860352,nan,nan
29,27,0,0.046153846153846156,0.050811029303815154,0.5416712760925293,nan,nan
29,28,0,0.04786324786324787,0.05205941627666524,0.530415952205658,nan,nan
29,29,0,0.04957264957264957,0.05321276159404224,0.5239489674568176,0.004837535176275997,0.05584996589306332
29,30,0,0.05128205128205128,0.055320334101279234,0.5249019265174866,0.003958944641370874,-0.017607272437812294
29,31,0,0.05299145299145299,0.05896457626645571,0.5247227549552917,0.0025902680634382704,-0.2021472635690656
29,32,0,0.0547008547008547,0.06141486349855399,0.524867057800293,0.0022430674341895516,-0.24096449156408317
29,33,0,0.05641025641025641,0.0636488348252895,0.5256638526916504,0.002014351272210773,-0.2369642181068473
29,34,0,0.05811965811965812,0.06590852049849141,0.5229064226150513,0.00203680404844257,-0.35025767896524407
29,35,0,0.05982905982905983,0.06934025653923273,0.5117869973182678,0.003193242596873457,-0.6692812187926912
29,36,0,0.06153846153846154,0.07390911224517042,0.53223717212677,0.006063796396790089,0.563684788978104
29,37,0,0.06324786324786325,0.08069227960615757,0.5138192772865295,0.010895688787678706,0.41239645631324634
29,38,0,0.06495726495726496,0.08832982494254639,0.5237363576889038,0.016113798913601658,1.5050755023833386
29,39,0,0.06666666666666667,0.09877429714769782,0.5099971890449524,0.023712498903340436,1.9087351456422077
29,40,0,0.06837606837606838,0.1035445047842672,0.5240995287895203,0.0249148086021102,2.658477869183725
29,41,0,0.07008547008547009,0.110660326006756,0.528732180595398,0.02821755008511249,3.280788331852543
29,42,0,0.07179487179487179,0.11358972527407611,0.5333146452903748,0.026871999587936797,3.2998922067985736
29,43,0,0.0735042735042735,0.12117303889252656,0.529728353023529,0.030060291135143618,3.561059819769079
29,44,0,0.07521367521367521,0.11363048240654955,0.5892673134803772,0.019766057723464826,4.738812277729057
29,45,1,0.07692307692307693,0.12771669882941272,0.5807591676712036,0.02758463495747591,5.39133832347412
29,46,1,0.07863247863247863,0.12609490717460348,0.5527896285057068,0.021550705241000032,3.432439006968294
29,47,1,0.08034188034188035,0.138497634991788,0.5587193965911865,0.028834702102779268,4.6242435933254775
29,48,1,0.08205128205128205,0.128169283991753,0.5280454754829407,0.01594298901703556,1.66457169172313
29,49,1,0.08376068376068375,0.143882094424514,0.5199180841445923,0.02442562127409383,2.41901453670357
29,50,1,0.08547008547008547,0.13262963713736717,0.5151395201683044,0.01187332499677091,0.5944535036141698
29,51,1,0.08717948717948718,0.14878087985450528,0.5158480405807495,0.019805666505693827,1.6500773203505257
29,52,1,0.08888888888888889,0.1417659177443335,0.5069026947021484,0.010947660357959547,0.12765528605385495
29,53,1,0.0905982905982906,0.15705874832711672,0.518756628036499,0.019403199760438496,1.720599158536048
29,54,1,0.09230769230769231,0.14886231436061081,0.5068560242652893,0.009891417290231231,-0.010898969338767384
29,55,1,0.09401709401709402,0.1591847165218499,0.4985297918319702,0.014310380407446758,0.2096733040096488
29,56,1,0.09572649572649573,0.1528710807269081,0.5127829313278198,0.00799127024330901,-0.00685826048688673
29,57,1,0.09743589743589744,0.1639376282211396,0.5006738901138306,0.012610079174197946,0.08015102777617733
29,58,1,0.09914529914529914,0.16358215241709106,0.5247276425361633,0.009873528652714531,0.7398901663137194
29,59,1,0.10085470085470086,0.1668487049661806,0.5079255104064941,0.00902446733359284,-0.0779405100463797
29,60,1,0.10256410256410256,0.16564458185868228,0.507581889629364,0.006749201393006935,-0.3866455046612125
29,61,1,0.10427350427350428,0.17269650246468138,0.5163141489028931,0.009126243406311036,0.2887142757938125
29,62,1,0.10598290598290598,0.1661629863524165,0.5265815258026123,0.005826711663304162,0.29469975466454684
29,63,1,0.1076923076923077,0.17736842394311358,0.5157907605171204,0.008641552753774906,0.20398136450398668
29,64,1,0.1094017094017094,0.17714272610818665,0.5195120573043823,0.00639120933444822,0.06979311230636503
29,65,1,0.1111111111111111,0.1747610302212035,0.5271735191345215,0.0039800583773675876,0.08084698775669885
29,66,1,0.11282051282051282,0.17969686945363844,0.5126125812530518,0.004270739467115063,-0.4951554540949512
29,67,1,0.11452991452991453,0.18029565583029603,0.520357072353363,0.002972102408913244,-0.3367385410086147
29,68,1,0.11623931623931624,0.18570785971652654,0.5078440308570862,0.005206104889850133,-0.5751437942663833
29,69,1,0.11794871794871795,0.18207730496058103,0.5168327689170837,0.0029122609015382436,-0.4929895664019224
29,70,1,0.11965811965811966,0.1867002906980299,0.5166176557540894,0.002890361990297386,-0.5048861912066491
29,71,1,0.12136752136752137,0.1776803792713471,0.5100489854812622,0.009526118477589446,0.0764126122011149
29,72,1,0.12307692307692308,0.18445557010263358,0.516315758228302,0.004645703152679814,-0.29061689531073365
29,73,1,0.12478632478632479,0.18360502235491338,0.512204110622406,0.006435352781580499,-0.23245226477156009
29,74,1,0.1264957264957265,0.1900337745186589,0.5275986790657043,0.0034551809301211736,0.030888762563395344
29,75,1,0.1282051282051282,0.1855533637189786,0.5130230188369751,0.007219227224641015,-0.09657746024297659
29,76,1,0.12991452991452992,0.18764335167325977,0.5266207456588745,0.006159642241384279,0.33940522621682206
29,77,1,0.13162393162393163,0.1881869512306836,0.5360859036445618,0.006929441864469635,0.83780924166564
29,78,1,0.13333333333333333,0.18291383498048483,0.508355438709259,0.01292962224324958,0.44516978403604635
29,79,1,0.13504273504273503,0.18519552187380348,0.5076506733894348,0.0111435708442449,0.18450886374574643
29,80,1,0.13675213675213677,0.18564720497992024,0.511203944683075,0.01135379513844975,0.3614272627513099
29,81,1,0.13846153846153847,0.19208914309738845,0.5524757504463196,0.007097468164621252,1.5501986615696577
29,82,1,0.14017094017094017,0.18155516624971985,0.5342426896095276,0.016713249782462584,2.0253255745941994
29,83,1,0.14188034188034188,0.20088159294140684,0.539400577545166,0.005700774066848257,0.8186035836373734
29,84,1,0.14358974358974358,0.19160394110813156,0.5270338654518127,0.008661472977891068,0.6803370014467456
29,85,1,0.1452991452991453,0.2051147271119637,0.5264443755149841,0.006164782050893192,0.3326377154157868
29,86,1,0.147008547008547,0.20316023397170704,0.5293095111846924,0.004982755789978866,0.3005201361545486
29,87,1,0.14871794871794872,0.1995348283220499,0.5340700149536133,0.005773048984197747,0.603322139563542
29,88,1,0.15042735042735042,0.20031373055135324,0.5319701433181763,0.005498772030553706,0.47936644431507514
29,89,1,0.15213675213675212,0.19868750210166505,0.5372989773750305,0.006895170371071151,0.8844958506841532
29,90,1,0.15384615384615385,0.20191586614205942,0.5123921036720276,0.0050601462380911065,-0.4023645147174339
29,91,1,0.15555555555555556,0.20178591823164618,0.5319204926490784,0.005711919500687783,0.50483725259112
29,92,1,0.15726495726495726,0.20567716786616652,0.5299565196037292,0.0038119961486126363,0.17638855518651964
29,93,1,0.15897435897435896,0.20082732224217387,0.5244273543357849,0.008645796663775795,0.568472555773801
29,94,1,0.1606837606837607,0.21011265897094913,0.529739260673523,0.004193775973149623,0.2166030373860761
29,95,1,0.1623931623931624,0.20455659234659473,0.5462591648101807,0.007875954546706584,1.3889039914808634
29,96,1,0.1641025641025641,0.21050532820828446,0.5437365770339966,0.004672504289609869,0.8683505288971283
29,97,1,0.1658119658119658,0.20637008409317523,0.5350385904312134,0.008840320291788798,1.040780266737889
29,98,1,0.1675213675213675,0.213714312374096,0.5239459276199341,0.0039099337609193085,-0.06423047887819439
29,99,1,0.16923076923076924,0.21116841977954964,0.5473223328590393,0.006235773388051089,1.2216061743400453
29,100,1,0.17094017094017094,0.2136801469415498,0.5359027981758118,0.004595937577563638,0.5283372291324077
29,101,1,0.17264957264957265,0.22098418886880564,0.5320568680763245,0.003294838021774877,0.19802028333135918
29,102,1,0.17435897435897435,0.21632200347322614,0.5334225296974182,0.003823918030044899,0.32398641967302594
29,103,1,0.17606837606837608,0.21996128707901716,0.5268410444259644,0.002867521954959755,-0.07703048723075634
29,104,1,0.17777777777777778,0.21365219973669586,0.52545166015625,0.008908482255492596,0.6456054332152121
29,105,1,0.1794871794871795,0.21613384965409485,0.512732744216919,0.007377121458871793,-0.08839148957467323
29,106,1,0.1811965811965812,0.2111702200563528,0.5071620345115662,0.013253623722770327,0.4367783397117684
29,107,1,0.1829059829059829,0.2156151558298449,0.5218096375465393,0.009593497806323278,0.580714617341439
29,108,1,0.18461538461538463,0.21716523557907258,0.5300917029380798,0.00907859001049459,0.8631322690514157
29,109,1,0.18632478632478633,0.22058868786489186,0.5250282883644104,0.006877359643770699,0.3651110462218746
29,110,1,0.18803418803418803,0.21594051189940344,0.5363774299621582,0.011580871730025259,1.4515915351568645
29,111,1,0.18974358974358974,0.2204708936068776,0.5210936665534973,0.00795933143511374,0.33922243675754093
29,112,1,0.19145299145299147,0.21907561789732133,0.5244246125221252,0.009841193818166038,0.7229392461920356
29,113,1,0.19316239316239317,0.22129361831666203,0.5218690037727356,0.008117563130415641,0.3923564759532844
29,114,1,0.19487179487179487,0.22602258576950923,0.5231420397758484,0.005657804153726497,0.12791907929889684
29,115,1,0.19658119658119658,0.2361680173203112,0.5228146910667419,0.007403045307323101,0.339809795191758
29,116,1,0.19829059829059828,0.22966715457563308,0.5252408385276794,0.004192811354064975,0.02691670121551315
29,117,1,0.2,0.22834798394518516,0.540438175201416,0.004818610489581396,0.7482509334256686
29,118,1,0.20170940170940171,0.2345949908072214,0.5265859961509705,0.0031073796052265407,-0.05676103217954376
29,119,1,0.20341880341880342,0.23855079811681537,0.5176605582237244,0.00433639171535412,-0.2739460604284051
29,120,1,0.20512820512820512,0.2439309214813754,0.5167263150215149,0.007396092732241453,0.08234914785090507
29,121,1,0.20683760683760682,0.24194046324793475,0.5105816721916199,0.004120216227419407,-0.6002019415983093
29,122,1,0.20854700854700856,0.2450170723783942,0.5167341828346252,0.004921652952329678,-0.23730033976241272
29,123,1,0.21025641025641026,0.24397810227354647,0.5118428468704224,0.0035092357499239162,-0.6260652341968126
29,124,1,0.21196581196581196,0.24709165786851206,0.5256337523460388,0.003902292034058672,0.005905551199130443
29,125,1,0.21367521367521367,0.24332583415433764,0.5186878442764282,0.0041659061395563505,-0.2527029261381425
29,126,1,0.2153846153846154,0.2504399389855819,0.5185804963111877,0.003420026755070784,-0.353679570852276
29,127,1,0.2170940170940171,0.25195838409632093,0.5140353441238403,0.0028753535215829368,-0.6156445187176803
29,128,1,0.2188034188034188,0.24606201197609573,0.5208324790000916,0.0067452849020488165,0.17122223924581992
29,129,1,0.2205128205128205,0.2437916871350846,0.5206751227378845,0.010446997329244699,0.6432765410415516
29,130,1,0.2222222222222222,0.2506455882737719,0.49247750639915466,0.005076272013988462,-1.2394718806565352
29,131,1,0.22393162393162394,0.24570135796710205,0.5146897435188293,0.010580333891006686,0.408297560915857
29,132,1,0.22564102564102564,0.2507474422056698,0.4922240674495697,0.007518157487157733,-0.9343804014358372
29,133,1,0.22735042735042735,0.24656210227627143,0.5370404124259949,0.01211286282614912,1.548323516505158
29,134,1,0.22905982905982905,0.2567842194268325,0.5215028524398804,0.005633555515027721,0.05570872031582863
29,135,1,0.23076923076923078,0.2581432838318336,0.5062724947929382,0.004950634917367232,-0.6744036370846376
29,136,1,0.23247863247863249,0.25731936584368903,0.5031080842018127,0.005494137609869479,-0.7374677552552253
29,137,1,0.2341880341880342,0.25579359242407557,0.5043370127677917,0.0067563979280275055,-0.5224526195848852
29,138,1,0.2358974358974359,0.2629798635106047,0.49811697006225586,0.003926880204095163,-1.1504603487548297
29,139,1,0.2376068376068376,0.27074864044149677,0.5167531371116638,0.007046412190118193,0.03826064200407543
29,140,1,0.23931623931623933,0.2623119677276673,0.4958037734031677,0.004772839534234331,-1.1385426336990583
29,141,1,0.24102564102564103,0.27265709324256354,0.5142074823379517,0.006321185350574898,-0.16279454078742767
29,142,1,0.24273504273504273,0.26680843481206745,0.5055808424949646,0.0033669916932739666,-0.9083376608308038
29,143,1,0.24444444444444444,0.26880572511418993,0.5125443935394287,0.003108300821880208,-0.6483490702958375
29,144,1,0.24615384615384617,0.27493947750418835,0.5184791684150696,0.004220999996224494,-0.2543720016714434
29,145,1,0.24786324786324787,0.28043695298831045,0.516548752784729,0.007038815255168691,0.028665579229022384
29,146,1,0.24957264957264957,0.27482309910303093,0.5033128261566162,0.0033049709458350097,-1.0119310893972178
29,147,1,0.2512820512820513,0.27996007915190674,0.5116140246391296,0.0038899187697607604,-0.5864798573810901
29,148,1,0.252991452991453,0.2726059924111517,0.5092341899871826,0.007449725188548403,-0.2264303598733325
29,149,1,0.2547008547008547,0.28203823957506746,0.502606987953186,0.0033934008567669794,-1.0302395382616225
29,150,1,0.2564102564102564,0.268550851712503,0.49161776900291443,0.014341775082022343,-0.0775366118350933
29,151,1,0.25811965811965815,0.28149055364323006,0.5114016532897949,0.0046991531545954365,-0.49078332614476944
29,152,1,0.25982905982905985,0.28021745250080266,0.5130918025970459,0.006611678180339127,-0.17224386506532835
29,153,1,0.26153846153846155,0.28264346144879204,0.521737277507782,0.005729018193957915,0.0779320051257136
29,154,1,0.26324786324786326,0.2783663102887986,0.5122005343437195,0.009676990168861968,0.18658786948871708
29,155,1,0.26495726495726496,0.28256209763577145,0.5286521315574646,0.007341654284170753,0.5778583041940127
29,156,1,0.26666666666666666,0.28892388175829764,0.501251757144928,0.0045202018518545545,-0.9416366396834879
29,157,1,0.26837606837606837,0.2852329810328377,0.5026826858520508,0.00675088817092905,-0.592877744229797
29,158,1,0.27008547008547007,0.2915170245800356,0.520580530166626,0.004647479688624496,-0.11067148690529105
29,159,1,0.2717948717948718,0.2957360927741989,0.5019383430480957,0.004834269311885631,-0.8720907134891729
29,160,1,0.27350427350427353,0.29143691782958503,0.5078303813934326,0.004528308774819996,-0.6633678675041867
29,161,1,0.27521367521367524,0.3034822461426883,0.5007752180099487,0.00783536605280777,-0.5330188732756365
29,162,1,0.27692307692307694,0.3004718303793777,0.5016099214553833,0.004352885926214588,-0.9481801293191754
29,163,1,0.27863247863247864,0.3057379783961726,0.5091214179992676,0.0065579953313246704,-0.3464961569174897
29,164,1,0.28034188034188035,0.30607643964601094,0.5038184523582458,0.0055820897925396495,-0.6961596473677136
29,165,1,0.28205128205128205,0.3076320403662344,0.49590855836868286,0.004518230867103894,-1.167051641645893
29,166,1,0.28376068376068375,0.30617298950405736,0.5049529671669006,0.003358365329457858,-0.9359115744800992
29,167,1,0.28547008547008546,0.31906232387223604,0.5133769512176514,0.011615142225364408,0.48679281183246315
29,168,1,0.28717948717948716,0.3120419142081002,0.5118379592895508,0.0042415730693026125,-0.5315693335596108
29,169,1,0.28888888888888886,0.3178609892118342,0.5148716568946838,0.006063762883186699,-0.16809497443953228
29,170,1,0.2905982905982906,0.3259874815348151,0.5158640146255493,0.01101220289374287,0.5136277861939927
29,171,1,0.2923076923076923,0.31831863333112986,0.5199182629585266,0.003979193882284348,-0.22499821499716877
29,172,1,0.294017094017094,0.3159057792607992,0.5368621349334717,0.004753731887182159,0.5891683703301107
29,173,1,0.29572649572649573,0.3214816794350193,0.5276646614074707,0.0032362448887987678,0.005357617629038858
29,174,1,0.29743589743589743,0.3248167825799891,0.5200093388557434,0.003587233502095275,-0.2718464904034477
29,175,1,0.29914529914529914,0.3229264865855718,0.5123530626296997,0.0035653303360905853,-0.5973111135731745
29,176,1,0.30085470085470084,0.33112999298400453,0.5272170901298523,0.0049694090819681095,0.2106204790493697
29,177,1,0.30256410256410254,0.3294430393926378,0.5242917537689209,0.0029048286079482156,-0.17963221923920064
29,178,1,0.30427350427350425,0.3319360453301852,0.5066984295845032,0.00317432829695025,-0.8861571938241806
29,179,1,0.305982905982906,0.3318316456120418,0.5170158743858337,0.0028744388076154476,-0.49016452634423796
29,180,1,0.3076923076923077,0.3290268096639645,0.5114746689796448,0.005772049915733065,-0.3489653283419628
29,181,1,0.3094017094017094,0.330090842443275,0.5263654589653015,0.0063404328621302145,0.35202640884939274
29,182,1,0.3111111111111111,0.33247801799018073,0.5157440900802612,0.004847437965343297,-0.2886195041965228
29,183,1,0.3128205128205128,0.3295144156464038,0.5150787234306335,0.009164332684224244,0.24157946891421317
29,184,1,0.3145299145299145,0.3373017147996026,0.5174180865287781,0.0039438876862734245,-0.3349201912785228
29,185,1,0.3162393162393162,0.33345612698113675,0.5202702283859253,0.006941186413187257,0.1728621505494418
29,186,1,0.31794871794871793,0.35131851670105024,0.5251088738441467,0.009917971702610466,0.7617022239768942
29,187,1,0.31965811965811963,0.33546872957441964,0.5122968554496765,0.008461296669752342,0.033439958250795376
29,188,1,0.3213675213675214,0.3473828685041284,0.5215229988098145,0.004585465115921021,-0.07897564467676554
29,189,1,0.3230769230769231,0.3336108018676171,0.5239183902740479,0.012930162666807719,1.1010558316280523
29,190,1,0.3247863247863248,0.342108515412443,0.5245367288589478,0.006512657595252979,0.29723566116426553
29,191,1,0.3264957264957265,0.3279870482449262,0.536152184009552,0.020101261840247475,2.5439100667009122
29,192,1,0.3282051282051282,0.34299826834223945,0.5465613007545471,0.007501401674505637,1.3532007405695456
29,193,1,0.3299145299145299,0.33781292723674694,0.5442169904708862,0.011880155589205613,1.8206490359307916
29,194,1,0.3316239316239316,0.3419647554908877,0.5275667905807495,0.008856714703935462,0.728041833190485
29,195,1,0.3333333333333333,0.34171699540433287,0.5153124928474426,0.00947274150503485,0.2913121565607429
29,196,1,0.335042735042735,0.35459386825638184,0.5185064077377319,0.0071816617538936,0.12963245554169497
29,197,1,0.3367521367521368,0.3427319406589245,0.5264913439750671,0.010455207493391131,0.8894313250145756
29,198,1,0.3384615384615385,0.33937851145849296,0.5344424247741699,0.01410158345209146,1.6960159078039911
29,199,1,0.3401709401709402,0.34661513886008233,0.5276971459388733,0.0085950407626991,0.6996967080697575
29,200,1,0.3418803418803419,0.34767728782590696,0.5136830806732178,0.008221549749726526,0.06085213796626768
29,201,1,0.3435897435897436,0.34999356443160295,0.5286111831665039,0.005977457296502655,0.3997222548784678
29,202,1,0.3452991452991453,0.35095612061373244,0.5168782472610474,0.005686759403271209,-0.13229013979036344
29,203,1,0.347008547008547,0.36057015943158716,0.5181455612182617,0.006486552999421509,0.024538870019043854
29,204,1,0.3487179487179487,0.36117080727834205,0.5181910395622253,0.005788472461615695,-0.06381665327656222
29,205,1,0.3504273504273504,0.35543356915078717,0.5143881440162659,0.004575823813105945,-0.3808821531844008
29,206,1,0.35213675213675216,0.35938351010125325,0.5120413303375244,0.0036061764409098243,-0.6051653847211478
29,207,1,0.35384615384615387,0.35159700049683434,0.5282784104347229,0.010422100036908915,0.9604562705254496
29,208,1,0.35555555555555557,0.3556610056332946,0.520041286945343,0.007680701885767803,0.25884475634221393
29,209,1,0.3572649572649573,0.3542930253857432,0.520891547203064,0.00968895539103538,0.5543707339055646
29,210,1,0.358974358974359,0.3585937394727891,0.5332010984420776,0.006930283672078914,0.7163536347542743
29,211,1,0.3606837606837607,0.353843696777186,0.5380561947822571,0.011322276942293819,1.4888939058281727
29,212,1,0.3623931623931624,0.35666393504539107,0.5277502536773682,0.00945608488238388,0.8132801670718315
29,213,1,0.3641025641025641,0.35791792481726314,0.5303508639335632,0.009373367781376273,0.9121722541217662
29,214,1,0.3658119658119658,0.36433715198370564,0.5149608254432678,0.006065948675834424,-0.16405479494494402
29,215,1,0.36752136752136755,0.36970251400194243,0.5184062719345093,0.005716603148920801,-0.06404059948537218
29,216,1,0.36923076923076925,0.37305907640816593,0.5263869166374207,0.005900526545233264,0.29604434443737127
29,217,1,0.37094017094017095,0.36512250649416816,0.514769971370697,0.007270800124403626,-0.01629249747650237
29,218,1,0.37264957264957266,0.38040664808920915,0.5021201968193054,0.0085508484033244,-0.3838197692869872
29,219,1,0.37435897435897436,0.3777179226534535,0.5046259760856628,0.005275196155943635,-0.7018167492361121
29,220,1,0.37606837606837606,0.39322235582855886,0.4993543326854706,0.017753219497577133,0.6896282471811346
29,221,1,0.37777777777777777,0.3717417522253544,0.5326679348945618,0.006310388973206389,0.6137249536822256
29,222,1,0.37948717948717947,0.3951944182967299,0.5105007886886597,0.01607267118609903,0.9420158382585891
29,223,1,0.3811965811965812,0.378762623751288,0.515649139881134,0.006188341010037348,-0.11922240914071376
29,224,1,0.38290598290598293,0.386599251798422,0.4993804693222046,0.006908407549150544,-0.7116621995638559
29,225,1,0.38461538461538464,0.3885322759172603,0.5075268745422363,0.006734200600071,-0.3909036376350405
29,226,1,0.38632478632478634,0.38952609838681745,0.5223325490951538,0.0058033962474184535,0.11263466029086809
29,227,1,0.38803418803418804,0.3859851141871777,0.5068719387054443,0.006547182651150973,-0.44268649481043065
29,228,1,0.38974358974358975,0.3902598512824854,0.5078459978103638,0.005443428629839461,-0.544371498189374
29,229,1,0.39145299145299145,0.3924644831272908,0.5059777498245239,0.005144788984757868,-0.6617171214672062
29,230,1,0.39316239316239315,0.39873454618240334,0.5024416446685791,0.005894868308906648,-0.7137309291585183
29,231,1,0.39487179487179486,0.39863492021675756,0.5285422205924988,0.005000392824498982,0.2704675617316341
29,232,1,0.39658119658119656,0.39562570965331656,0.5282381772994995,0.005941158014205929,0.3793099213361111
29,233,1,0.39829059829059826,0.4000067707355573,0.5257359147071838,0.004467479056514574,0.0832975276667674
29,234,1,0.4,0.3976444727949317,0.5050629377365112,0.006043634659657501,-0.5840331018795939
29,235,1,0.4017094017094017,0.40589623713093986,0.5230897665023804,0.00428287883801759,-0.05208152452213399
29,236,1,0.40341880341880343,0.40848397248542356,0.5175548195838928,0.004176738846326961,-0.29904727856312646
29,237,1,0.40512820512820513,0.41325865939542383,0.5140134692192078,0.0064426180437512455,-0.15526715866707708
29,238,1,0.40683760683760684,0.40350334624514284,0.5121385455131531,0.005776697652539451,-0.3203888335084814
29,239,1,0.40854700854700854,0.4154656431975381,0.5022894144058228,0.0051479642588651295,-0.8167313989617614
29,240,1,0.41025641025641024,0.41017810347964606,0.5092748999595642,0.00347858451699141,-0.7382410753480166
29,241,1,0.41196581196581195,0.41060294291625554,0.5133020281791687,0.0038447581341337933,-0.521188032467952
29,242,1,0.41367521367521365,0.40736415134303255,0.500225841999054,0.008280699379571542,-0.4985812719691288
29,243,1,0.4153846153846154,0.41355715003968835,0.5027019381523132,0.0042655202153703605,-0.9134606663657471
29,244,1,0.4170940170940171,0.41003723850908647,0.522836446762085,0.00833596699729938,0.4613669071301346
29,245,1,0.4188034188034188,0.41553447382325137,0.5150082111358643,0.00464934739368653,-0.3452451205967106
29,246,1,0.4205128205128205,0.41007556789129185,0.5032569169998169,0.010312083753178061,-0.10816553069627777
29,247,1,0.4222222222222222,0.4177175213063542,0.49255916476249695,0.005187330262574257,-1.2216693859683554
29,248,1,0.4239316239316239,0.4179261726201194,0.5067874789237976,0.005605529037221091,-0.5680150949906967
29,249,1,0.4256410256410256,0.41688675149244975,0.5037326216697693,0.007492180053495589,-0.45277407880160614
29,250,1,0.42735042735042733,0.42693577770988267,0.5184838175773621,0.005036828057658977,-0.14867766009765931
29,251,1,0.42905982905982903,0.43254265094829186,0.519605278968811,0.007417756616312298,0.2064689198462077
29,252,1,0.4307692307692308,0.42171919887612785,0.5160232186317444,0.006102907576287017,-0.11450667452509553
29,253,1,0.4324786324786325,0.43026212460879604,0.5120418667793274,0.004117058589642228,-0.5390782908824593
29,254,1,0.4341880341880342,0.42810853602138443,0.5157301425933838,0.0035265317287234027,-0.4600196234739873
29,255,1,0.4358974358974359,0.4354004854013875,0.5004595518112183,0.0047131052569804295,-0.950074621195531
29,256,1,0.4376068376068376,0.437010563389311,0.5050252079963684,0.004589522302257269,-0.77366088300368
29,257,1,0.4393162393162393,0.44190959781220457,0.5280518531799316,0.006885109011679337,0.49352488812092865
29,258,1,0.441025641025641,0.4377853508491437,0.510719895362854,0.0036888156397705827,-0.6501636430781942
29,259,1,0.4427350427350427,0.441098591178472,0.5332341194152832,0.003728194315338548,0.30366842265351324
29,260,1,0.4444444444444444,0.44728922673833243,0.509630024433136,0.006390653787490775,-0.34670339223191965
29,261,1,0.4461538461538462,0.44764035252843304,0.5210954546928406,0.004619911219829892,-0.09253779004203105
29,262,1,0.4478632478632479,0.4403478267557404,0.5220362544059753,0.00585678508333598,0.10705288063234672
29,263,1,0.4495726495726496,0.44493595552040943,0.5228289365768433,0.004329958951467415,-0.05698464364078626
29,264,1,0.4512820512820513,0.43384236583428026,0.5098736882209778,0.01553295485223843,0.8457969234350626
29,265,1,0.452991452991453,0.44962332909981767,0.5104174017906189,0.004278030226021916,-0.5867165823378087
29,266,1,0.4547008547008547,0.4418325069454753,0.5130916237831116,0.00991255495684579,0.2545999510917078
29,267,1,0.4564102564102564,0.446887655295616,0.5228806138038635,0.007253315891907237,0.32322556131376756
29,268,1,0.4581196581196581,0.44537856590099517,0.5099706053733826,0.009033691117332173,0.00943169178901021
29,269,1,0.4598290598290598,0.4469495259280268,0.5088790655136108,0.008660066698204632,-0.08488040256371351
29,270,1,0.46153846153846156,0.441191992159231,0.5251065492630005,0.014579412487169192,1.364396322867695
29,271,1,0.46324786324786327,0.44717724463610753,0.5213019847869873,0.009712517540221812,0.5747133276182994
29,272,1,0.46495726495726497,0.4460710316494928,0.5203379392623901,0.010587228932426434,0.6472017575308158
29,273,1,0.4666666666666667,0.44006080627897093,0.5334480404853821,0.01697736668129868,2.025993552743229
29,274,1,0.4683760683760684,0.4458846203263584,0.5333658456802368,0.01166885673796364,1.3360623943166137
29,275,1,0.4700854700854701,0.4477301254900161,0.5173396468162537,0.009765226057561418,0.41455806746586754
29,276,1,0.4717948717948718,0.43798380930204145,0.5437939763069153,0.018886319490378733,2.7088222383278153
29,277,1,0.4735042735042735,0.4430386024304547,0.5212441682815552,0.01414223943800748,1.1451043999051604
29,278,1,0.4752136752136752,0.44260790068369465,0.5308251976966858,0.014133345304623592,1.547694765726387
29,279,1,0.47692307692307695,0.43919638227958946,0.5252964496612549,0.017995472534670764,1.8141448675545
29,280,1,0.47863247863247865,0.439571998188576,0.530741274356842,0.016875074709953638,1.8987037398704578
29,281,1,0.48034188034188036,0.44286692391438676,0.5264474749565125,0.013686125323335538,1.3053873457542065
29,282,1,0.48205128205128206,0.4467663915022891,0.5253626108169556,0.01044303751618783,0.8402932346032039
29,283,1,0.48376068376068376,0.4526748271904526,0.5196321606636047,0.007666160976617329,0.2397239978224815
29,284,1,0.48547008547008547,0.45691567966576135,0.5253821015357971,0.006661964933294527,0.3521669156458257
29,285,1,0.48717948717948717,0.45351657402080864,0.5300787091255188,0.006306890958139939,0.504163736283232
29,286,1,0.4888888888888889,0.4607778877081685,0.5249928832054138,0.005770418319246072,0.22047548325655847
29,287,1,0.4905982905982906,0.4643782749524658,0.5402786731719971,0.006288650311856532,0.9316271043679429
29,288,1,0.49230769230769234,0.4657863763178425,0.5152454972267151,0.006083943130794967,-0.1497319023996566
29,289,1,0.49401709401709404,0.46560643418471587,0.5241649746894836,0.004772545992584776,0.05654837266640478
29,290,1,0.49572649572649574,0.4695582924312472,0.5229339599609375,0.005989984315919169,0.16210640815469116
29,291,1,0.49743589743589745,0.4701905262864407,0.5109946131706238,0.004757427632797017,-0.5004000865753613
29,292,1,0.49914529914529915,0.47314391621076374,0.5228480696678162,0.00538086473935063,0.07971901183179889
29,293,1,0.5008547008547009,0.48450010556304257,0.5177628993988037,0.014555910125410234,1.0518988424273528
29,294,1,0.5025641025641026,0.48519457546502365,0.5419803261756897,0.012157731645328787,1.7622915724771049
29,295,1,0.5042735042735043,0.5033732990320725,0.5280622243881226,0.026934367840161517,3.086622544481454
29,296,1,0.505982905982906,0.5072364600124989,0.5462213158607483,0.02647564488361038,3.7925193928881726
29,297,1,0.5076923076923077,0.5148468009642793,0.5592422485351562,0.029766695227518587,4.766796611176349
29,298,1,0.5094017094017094,0.5169604372928909,0.5558887124061584,0.02743947628657115,4.3245367850039464
29,299,1,0.5111111111111111,0.5230472701073745,0.5421862602233887,0.029237397841974107,3.9796186681668844
29,300,1,0.5128205128205128,0.5239854435187432,0.56551194190979,0.02531761002685972,4.455667432883647
29,301,1,0.5145299145299145,0.5263062001910904,0.5516937971115112,0.023034546455154868,3.578143377119847
29,302,1,0.5162393162393163,0.5263183060850668,0.5640409588813782,0.01925667156391569,3.6099133836483173
29,303,1,0.517948717948718,0.5296383752034579,0.5524656176567078,0.01763770631743953,2.9127776843365565
29,304,1,0.5196581196581197,0.5307289802379176,0.5458796620368958,0.014421629602322813,2.219362843631726
29,305,1,0.5213675213675214,0.5319207709507132,0.5571646690368652,0.011605515583552209,2.3307437613997073
29,306,1,0.5230769230769231,0.5329654575335661,0.5513049364089966,0.008821278654254616,1.7237748107140785
29,307,1,0.5247863247863248,0.5354208086853507,0.5454603433609009,0.006348674321900362,1.1577424604013276
29,308,1,0.5264957264957265,0.5366086281639797,0.5548187494277954,0.004394352397277221,1.2993794793170448
29,309,1,0.5282051282051282,0.5380382602864713,0.5680038928985596,0.0024844747145029017,1.6080208721934504
29,310,1,0.5299145299145299,0.5389453210856547,0.541175127029419,0.0021580458199366485,0.4352560823610042
29,311,1,0.5316239316239316,0.5411585007355244,0.5388333797454834,0.0012964133093527693,0.22515423834163772
29,312,1,0.5333333333333333,0.5411285400866765,0.5349266529083252,0.002522103956120513,0.21902604842775186
29,313,1,0.535042735042735,0.543008724284854,0.5399206280708313,0.0023372683439136003,0.40556810721393943
29,314,1,0.5367521367521367,0.5429528226322007,0.5484445691108704,0.0037929322479715497,0.9530018624775457
29,315,1,0.5384615384615384,0.5456209241535195,0.5434467792510986,0.002618259042192405,0.5904948009329577
29,316,1,0.5401709401709401,0.5481046392380349,0.552923321723938,0.0017654968764420056,0.8795577277210994
29,317,1,0.5418803418803418,0.5507181311109466,0.5227985978126526,0.001362242374200701,-0.4420320007306086
29,318,1,0.5435897435897435,0.5538418027625183,0.5439265966415405,0.0014513599609907656,0.45981708764392726
29,319,1,0.5452991452991452,0.5582190812974295,0.5361689329147339,0.004026111084332676,0.46586518488057566
29,320,1,0.5470085470085471,0.5656677002942561,0.5336123108863831,0.0095962793421081,1.078433947456538
29,321,1,0.5487179487179488,0.5767817331143513,0.5344376564025879,0.018374437679296935,2.248357135744181
29,322,1,0.5504273504273505,0.5826726255665138,0.5373905301094055,0.02131097838653077,2.7525273797249232
29,323,1,0.5521367521367522,0.5855197853567102,0.5199660062789917,0.020867852647974788,1.9609627532412568
29,324,1,0.5538461538461539,0.5982456257562179,0.5653386116027832,0.03020215554246536,5.0800061081302665
29,325,1,0.5555555555555556,0.5979248531491074,0.534904420375824,0.025934013384083274,3.2455894016185054
29,326,1,0.5572649572649573,0.6178966237237161,0.5476644039154053,0.04156267800395318,5.804303209282785
29,327,1,0.558974358974359,0.6025429006432854,0.565972626209259,0.023275180330940066,4.210964623401454
29,328,1,0.5606837606837607,0.6104188087623661,0.5536530613899231,0.025902330285768074,4.0315520785309396
29,329,1,0.5623931623931624,0.6159519277513434,0.5426825284957886,0.026068546534061116,3.5907526632103615
29,330,1,0.5641025641025641,0.6182481496167467,0.5527326464653015,0.0232556354287436,3.6505100654684033
29,331,1,0.5658119658119658,0.6227092686594888,0.5448100566864014,0.022311742848224597,3.194596468345981
29,332,1,0.5675213675213675,0.6269570317755105,0.5438987016677856,0.021053000389814468,2.9934186573614916
29,333,1,0.5692307692307692,0.6315232884916213,0.5335314869880676,0.02023583372445075,2.450877109169212
29,334,1,0.5709401709401709,0.6351623686503511,0.5303019881248474,0.018638899083595444,2.108280536626504
29,335,1,0.5726495726495726,0.6315942767668417,0.5404595136642456,0.011625344976490846,1.6293598442927015
29,336,1,0.5743589743589743,0.6340747168827863,0.5214571356773376,0.009790021209185762,0.5912736712317449
29,337,1,0.576068376068376,0.6342909910655106,0.5213227272033691,0.007446139046805353,0.28251171919734697
29,338,1,0.5777777777777777,0.6381252133119117,0.5232560634613037,0.006404606126269355,0.22929634007222827
29,339,1,0.5794871794871795,0.6367949551052925,0.5268369317054749,0.004942103991579836,0.1910698195402314
29,340,1,0.5811965811965812,0.6381131926068045,0.534893274307251,0.003971905397624533,0.40509989018964865
29,341,1,0.582905982905983,0.6389934969417344,0.5319359302520752,0.004050821374165793,0.2906836518522787
29,342,1,0.5846153846153846,0.6345990009165838,0.5241363048553467,0.0076901506284541106,0.4326289300192401
29,343,1,0.5863247863247864,0.6380362958529663,0.5358662009239197,0.0061697851434692206,0.7303164054326514
29,344,1,0.588034188034188,0.6401889590791936,0.5357409715652466,0.005724539740774214,0.6674625904944366
29,345,1,0.5897435897435898,0.6395524069501104,0.5312231183052063,0.007549829291314018,0.7131186474075631
29,346,1,0.5914529914529915,0.6400533956475726,0.5223096609115601,0.008251921900324808,0.4283001225477346
29,347,1,0.5931623931623932,0.6403635064291723,0.541691243648529,0.00887726568101525,1.3258978210982126
29,348,1,0.5948717948717949,0.6424575071849878,0.5333970189094543,0.007471310190245559,0.794572233540604
29,349,1,0.5965811965811966,0.6407088598523338,0.5203450918197632,0.009684437720152815,0.530759135839582
29,350,1,0.5982905982905983,0.6421621778718171,0.5148594975471497,0.008882161349633311,0.19585252795599908
29,351,1,0.6,0.6403614790403285,0.5223618149757385,0.011260535966052672,0.8195554068806862
29,352,1,0.6017094017094017,0.6445718027213894,0.5111108422279358,0.007842751542020339,-0.09652501139311925
29,353,1,0.6034188034188034,0.6419288435280724,0.517691433429718,0.01058724843432981,0.5356816486783781
29,354,1,0.6051282051282051,0.6436298748532121,0.5245150327682495,0.009253386061655822,0.6507374291801764
29,355,1,0.6068376068376068,0.6410686274671082,0.5193513035774231,0.012208219543093122,0.8152429991277322
29,356,1,0.6085470085470085,0.6470429877361059,0.5271888375282288,0.006998491475094337,0.4718197761697152
29,357,1,0.6102564102564103,0.6449354981067181,0.5286933779716492,0.009445755128271515,0.8516872365330017
29,358,1,0.611965811965812,0.648010352744338,0.5269186496734619,0.0072571468711624355,0.49388207755596825
29,359,1,0.6136752136752137,0.6508165226620051,0.5289672017097473,0.0054846666646044765,0.3509997326534012
29,360,1,0.6153846153846154,0.651656319658034,0.5324926972389221,0.005081736845179047,0.44745793257732
29,361,1,0.6170940170940171,0.6522038660213808,0.5203584432601929,0.004998560170150544,-0.07463032489221891
29,362,1,0.6188034188034188,0.6514866333724723,0.5361635088920593,0.006357864536183167,0.7671662363668272
29,363,1,0.6205128205128205,0.6609926120527126,0.5393659472465515,0.003786195604902678,0.5695614506525276
29,364,1,0.6222222222222222,0.6526245515852738,0.533859372138977,0.007313723351086169,0.793677332974103
29,365,1,0.6239316239316239,0.654037794716642,0.5222331285476685,0.0066477926278219615,0.2176378474695908
29,366,1,0.6256410256410256,0.6476771054439594,0.5133951306343079,0.013985361591669845,0.7940627041273699
29,367,1,0.6273504273504273,0.6525477064073311,0.5207203030586243,0.009789826264782002,0.5601986487689953
29,368,1,0.629059829059829,0.643998565245371,0.5066496729850769,0.018644199333245983,1.1122674308065907
29,369,1,0.6307692307692307,0.6527723189634838,0.517683207988739,0.010907894323224214,0.5767992066829346
29,370,1,0.6324786324786325,0.6409786956789969,0.5160461068153381,0.02252638189165828,2.010251797104507
29,371,1,0.6341880341880342,0.6502926895731391,0.5282543897628784,0.0140387880998412,1.4271343911375278
29,372,1,0.6358974358974359,0.6453773460810226,0.5227620005607605,0.01822051925650998,1.7364460724669877
29,373,1,0.6376068376068376,0.6526562638058241,0.5275406837463379,0.012372241616495444,1.1815504364989693
29,374,1,0.6393162393162393,0.6445193911282571,0.5147727131843567,0.018878517434527793,1.4848696283414595
29,375,1,0.6410256410256411,0.6469845277341362,0.5157051086425781,0.016013220753180218,1.1536358635130632
29,376,1,0.6427350427350428,0.6444915039689856,0.5249490141868591,0.018023814106869176,1.8031690616421143
29,377,1,0.6444444444444445,0.6516431664848004,0.5141537189483643,0.011622116549005709,0.5204273552237609
29,378,1,0.6461538461538462,0.6469021835122422,0.5187211036682129,0.014445664922798387,1.0780208556905495
29,379,1,0.6478632478632479,0.6485144105771073,0.5131043791770935,0.012424697281288078,0.5799939789659014
29,380,1,0.6495726495726496,0.6445961706846814,0.5169498920440674,0.01594840973517579,1.197709500110575
29,381,1,0.6512820512820513,0.6576673625575301,0.5301269888877869,0.006835573790563287,0.5745646005158895
29,382,1,0.652991452991453,0.6606269691920286,0.5257899165153503,0.005574161840718765,0.22868331250070342
29,383,1,0.6547008547008547,0.6623316455050592,0.5507270097732544,0.005066078808713117,1.213819299448494
29,384,1,0.6564102564102564,0.6608789400259629,0.5193419456481934,0.0045335662949233645,-0.17759556971581753
29,385,1,0.6581196581196581,0.6696338672316848,0.515659511089325,0.006769356155192195,-0.04365166648239491
29,386,1,0.6598290598290598,0.6738296056691395,0.511558473110199,0.008594172177119571,0.019507575042846004
29,387,1,0.6615384615384615,0.6751479717170055,0.5139724612236023,0.007988641631949739,0.04292810597975001
29,388,1,0.6632478632478632,0.6798967859427172,0.5249859094619751,0.010894216852576799,0.8827632465308294
29,389,1,0.6649572649572649,0.6760871683484759,0.5145022869110107,0.006148711894351648,-0.1726749265003909
29,390,1,0.6666666666666666,0.6860654446642874,0.5081247687339783,0.012457158757804192,0.37435305257514445
29,391,1,0.6683760683760683,0.6918931983023584,0.5156200528144836,0.015315345203353608,1.0598061936239183
29,392,1,0.67008547008547,0.6830281603338155,0.5130142569541931,0.0067542301440265086,-0.1570775643393167
29,393,1,0.6717948717948717,0.6902832518887145,0.5167521834373474,0.009090127249138425,0.30250252072793343
29,394,1,0.6735042735042736,0.6858865024943019,0.5061230659484863,0.005379800113857662,-0.6252032064826585
29,395,1,0.6752136752136753,0.7076313641691451,0.5095271468162537,0.0196652838015432,1.3655640198331747
29,396,1,0.676923076923077,0.6986302852861617,0.5235647559165955,0.008874026105558704,0.5616364096308106
29,397,1,0.6786324786324787,0.7055841906943039,0.5305078029632568,0.012112267521060168,1.2729651492228222
29,398,1,0.6803418803418804,0.7096374703555142,0.5260522961616516,0.01273958155561863,1.166332810475216
29,399,1,0.6820512820512821,0.7195282139565868,0.5252265334129333,0.018706534072946108,1.9031492200118407
29,400,1,0.6837606837606838,0.7165045872126727,0.5525285005569458,0.012793513936279585,2.2890030492092253
29,401,1,0.6854700854700855,0.7189207245924909,0.5243828296661377,0.012058817704338488,1.0079495399811793
29,402,1,0.6871794871794872,0.7082055558788014,0.5147497057914734,0.007487942976359263,0.010933246944429167
29,403,1,0.6888888888888889,0.7099883881719227,0.5061096549034119,0.007151532361073009,-0.39665760738567934
29,404,1,0.6905982905982906,0.7234740017218667,0.5099393725395203,0.009196213639337139,0.029132078095776337
29,405,1,0.6923076923076923,0.7123543492301065,0.5129681825637817,0.007713745462146317,-0.034939840674859446
29,406,1,0.694017094017094,0.7165282823781489,0.5159150958061218,0.006973137399666178,-0.006529557935987029
29,407,1,0.6957264957264957,0.7269439475213917,0.5187852382659912,0.007193517191031782,0.14291533583059535
29,408,1,0.6974358974358974,0.7356313715178414,0.5293788313865662,0.011482363308072856,1.143934995404368
29,409,1,0.6991452991452991,0.7332982810667379,0.5158402323722839,0.006630174341419643,-0.05403438022026033
29,410,1,0.7008547008547008,0.7277294493055886,0.500727117061615,0.005877287593020709,-0.7882538357836572
29,411,1,0.7025641025641025,0.7406686215510874,0.5117905139923096,0.009062563856216569,0.08985553218299724
29,412,1,0.7042735042735043,0.7353511480787972,0.510647177696228,0.005364578106173456,-0.43652748755155785
29,413,1,0.705982905982906,0.7469236543278288,0.5174658298492432,0.010966856223729846,0.5752636151454237
29,414,1,0.7076923076923077,0.743520930138412,0.5240581631660461,0.0069842842469702085,0.33805728830540344
29,415,1,0.7094017094017094,0.749519518583631,0.509945273399353,0.009790410455853023,0.10621902390062588
29,416,1,0.7111111111111111,0.7439811579166153,0.5302625298500061,0.0062118963329170105,0.49962567751238146
29,417,1,0.7128205128205128,0.7462381067996822,0.5173903107643127,0.005434168487171233,-0.14337567875485674
29,418,1,0.7145299145299145,0.7506768789859009,0.5237379670143127,0.005286155566328531,0.10497163487112898
29,419,1,0.7162393162393162,0.7571575985082095,0.5533345341682434,0.008040887888558486,1.7083853271176461
29,420,1,0.717948717948718,0.7486275330044974,0.5169737935066223,0.005439453343986518,-0.16024413011719194
29,421,1,0.7196581196581197,0.7461380639798465,0.52530437707901,0.008471682347265346,0.582914409156771
29,422,1,0.7213675213675214,0.7511228685613575,0.5191889405250549,0.005758874160896945,-0.025593021467580607
29,423,1,0.7230769230769231,0.7568802744196393,0.5324355959892273,0.003916801430825133,0.294408626711338
29,424,1,0.7247863247863248,0.7498200937080923,0.5226575136184692,0.008951624537224683,0.5334402101110072
29,425,1,0.7264957264957265,0.7466713737772959,0.5303412675857544,0.013678247639628558,1.4684514128398765
29,426,1,0.7282051282051282,0.7458725933051835,0.5205197930335999,0.014905796127898654,1.2133185145492174
29,427,1,0.7299145299145299,0.7491202274317784,0.517673671245575,0.012631099697092054,0.7992328370674155
29,428,1,0.7316239316239316,0.7506312415509924,0.5196179747581482,0.011250300978152218,0.7026076138268095
29,429,1,0.7333333333333333,0.7450227370704148,0.5057764649391174,0.017171961630018558,0.8850890783462828
29,430,1,0.7350427350427351,0.7408194814722231,0.5291415452957153,0.021054018548694795,2.3716900240048986
29,431,1,0.7367521367521368,0.7398243295959446,0.5171111822128296,0.021823336393231012,1.9642196186205407
29,432,1,0.7384615384615385,0.7444621511033307,0.5269984602928162,0.017182689732818477,1.7807622405073633
29,433,1,0.7401709401709402,0.7510986070925614,0.5243322253227234,0.012218894517673095,1.026517353426661
29,434,1,0.7418803418803419,0.7531034004628424,0.523277997970581,0.009956744903994957,0.689563831565202
29,435,1,0.7435897435897436,0.7480085907624299,0.5262685418128967,0.012822971679260014,1.1862288655006081
29,436,1,0.7452991452991453,0.7497163521950378,0.514650285243988,0.01125166746350457,0.4934479959361937
29,437,1,0.747008547008547,0.7620817577349942,0.5170279741287231,0.007652202471006709,0.12817964662188092
29,438,1,0.7487179487179487,0.7464940475823549,0.5360617637634277,0.014543180170249779,1.8213590394630286
29,439,1,0.7504273504273504,0.7599303637228287,0.5343595147132874,0.0060018404220823105,0.6451075951746663
29,440,1,0.7521367521367521,0.7537102445755857,0.5243214964866638,0.008582280771960275,0.5557982228852182
29,441,1,0.7538461538461538,0.7467384812775424,0.5140113234519958,0.01556807469579073,1.0246966194195255
29,442,1,0.7555555555555555,0.7508285588575675,0.5180621147155762,0.011649627349142355,0.688683037730895
29,443,1,0.7572649572649572,0.7496715665925477,0.5176931619644165,0.012478958748809594,0.7803801314222738
29,444,1,0.7589743589743589,0.7520359341354766,0.5259563326835632,0.010571028875144954,0.8818635649593435
29,445,1,0.7606837606837606,0.7650165082356766,0.5150019526481628,0.006087517367030486,-0.15953256670343594
29,446,1,0.7623931623931623,0.7590040644743707,0.5182273983955383,0.007932367620862118,0.21495230191153702
29,447,1,0.764102564102564,0.7668429732473754,0.5205526947975159,0.0064211023668124005,0.11751073751427252
29,448,1,0.7658119658119659,0.7646453448471445,0.5126788020133972,0.006226084606114985,-0.23951038852311674
29,449,1,0.7675213675213676,0.7612823609969794,0.523675262928009,0.007237575606789308,0.3546762899130619
29,450,1,0.7692307692307693,0.7582271315716922,0.5117696523666382,0.010791926267509733,0.3126081312754959
29,451,1,0.770940170940171,0.7708082999925677,0.5256901383399963,0.0059437025420775655,0.27226568722316186
29,452,1,0.7726495726495727,0.7697228339270374,0.5138639211654663,0.004396016741589038,-0.4262243494263857
29,453,1,0.7743589743589744,0.7796331905619278,0.5265064239501953,0.008304592628615177,0.6119610237392166
29,454,1,0.7760683760683761,0.7731224821859293,0.5253757834434509,0.0040675551619409585,0.016405776137132178
29,455,1,0.7777777777777778,0.7878871267039633,0.5306140780448914,0.013183699405593321,1.415995253816988
29,456,1,0.7794871794871795,0.7800064384785367,0.5117710828781128,0.005235404177890203,-0.40587066766970636
29,457,1,0.7811965811965812,0.7771210278781966,0.5406562089920044,0.004885696595951631,0.7661139934418646
29,458,1,0.7829059829059829,0.7801611882610726,0.5306658148765564,0.004230762020692847,0.26043047121934687
29,459,1,0.7846153846153846,0.7872159212777372,0.536430835723877,0.0051819277939950574,0.6263655603253043
29,460,1,0.7863247863247863,0.7828338382860894,0.5174870491027832,0.004046012718167495,-0.31880788653428804
29,461,1,0.788034188034188,0.7865256627450751,0.5095482468605042,0.0038031538260160807,-0.6847508232975722
29,462,1,0.7897435897435897,0.7922645827571424,0.5230721831321716,0.005331726370668569,0.08280875256288278
29,463,1,0.7914529914529914,0.7994179676434756,0.5246469974517822,0.00934815815290438,0.6685537739235639
29,464,1,0.7931623931623931,0.791086804787694,0.5133607387542725,0.004192806114696453,-0.4737063304101503
29,465,1,0.7948717948717948,0.7971529899736864,0.5261338949203491,0.004102017885376092,0.05280880260962634
29,466,1,0.7965811965811965,0.8014319581378857,0.5310723185539246,0.005328053080106273,0.4194560484284606
29,467,1,0.7982905982905983,0.8081975611111023,0.5210303664207458,0.008625898903705447,0.4227518595021204
29,468,1,0.8,0.8028248540538532,0.5115575790405273,0.0042451321803128215,-0.5429241932693294
29,469,1,0.8017094017094017,0.8097214357530462,0.5188801884651184,0.006522637972026906,0.060162061420959784
29,470,1,0.8034188034188035,0.7980881753609206,0.5231360197067261,0.007214001954646425,0.32890439389910475
29,471,1,0.8051282051282052,0.8065636636793252,0.524999737739563,0.004099906853238625,0.004742914010174293
29,472,1,0.8068376068376069,0.8127234237011454,0.5100494027137756,0.005173672934152775,-0.48640428507933875
29,473,1,0.8085470085470086,0.8156210278542828,0.522115170955658,0.005231198291341812,0.029480924269420478
29,474,1,0.8102564102564103,0.8221339355826814,0.5212755799293518,0.009082350074247944,0.4921108241904028
29,475,1,0.811965811965812,0.8234775251630302,0.5122142434120178,0.007669390317543148,-0.07244628100080576
29,476,1,0.8136752136752137,0.8292631797312651,0.5130699872970581,0.010765025671792485,0.36392505438357425
29,477,1,0.8153846153846154,0.8322446191399451,0.5261607766151428,0.011103708153749448,0.9593619194864538
29,478,1,0.8170940170940171,0.8390337912042851,0.5249831676483154,0.0155481193969131,1.484464959378434
29,479,1,0.8188034188034188,0.839836222292064,0.52858567237854,0.013053674566577063,1.3137049995065588
29,480,1,0.8205128205128205,0.8281749679031459,0.5330150723457336,0.006059881310333249,0.595958895920278
29,481,1,0.8222222222222222,0.8487637482085204,0.5362818837165833,0.016894274365417756,2.134665457472658
29,482,1,0.8239316239316239,0.8286280982962918,0.5266544818878174,0.008365998286881905,0.6261407665436943
29,483,1,0.8256410256410256,0.8452284868286738,0.5208850502967834,0.010136056858555318,0.6119136761998775
29,484,1,0.8273504273504273,0.8403941242728523,0.5089436173439026,0.007381914235177649,-0.24744390955904846
29,485,1,0.8290598290598291,0.8468182464604072,0.5157545804977417,0.007199645695066749,0.01599721050064748
29,486,1,0.8307692307692308,0.8444608629797227,0.5073770880699158,0.00555550904111441,-0.549637528848116
29,487,1,0.8324786324786325,0.8367117881586865,0.5059945583343506,0.010598718069207227,0.04426349514225919
29,488,1,0.8341880341880342,0.842440457449461,0.5019260048866272,0.007567906650348623,-0.5191115922384159
29,489,1,0.8358974358974359,0.8387062149450919,0.5165276527404785,0.011561240009314942,0.6125916945093783
29,490,1,0.8376068376068376,0.8475258670938803,0.5140776038169861,0.007003748538423153,-0.08000222399301662
29,491,1,0.8393162393162393,0.8424740864465299,0.5125682353973389,0.010238793412910757,0.2747319618367433
29,492,1,0.841025641025641,0.854881600150476,0.5194324851036072,0.006770271904142989,0.11545827420089316
29,493,1,0.8427350427350427,0.8511243512214328,0.5050476789474487,0.0062552913312666275,-0.5573058163198746
29,494,1,0.8444444444444444,0.8627733471504541,0.5125965476036072,0.008757917686812097,0.08442626763357935
29,495,1,0.8461538461538461,0.8483471298843405,0.5276926755905151,0.009452836611075629,0.8104338022693391
29,496,1,0.8478632478632478,0.863129173749085,0.5185328125953674,0.006726847675867307,0.07193107319946321
29,497,1,0.8495726495726496,0.8534802316346507,0.5170446634292603,0.007289850044190728,0.08202549042927627
29,498,1,0.8512820512820513,0.8527966339093725,0.5128149390220642,0.008027347009942848,-0.000844219492688647
29,499,1,0.852991452991453,0.857395472874513,0.5157324075698853,0.005605603891042108,-0.1910699247382524
29,500,1,0.8547008547008547,0.8505723423634456,0.5117762684822083,0.011893048273771674,0.4552780137438597
29,501,1,0.8564102564102564,0.8651103152066466,0.5178408026695251,0.005379547346870191,-0.131455448834001
29,502,1,0.8581196581196581,0.8591719357671928,0.5299753546714783,0.006501884995888618,0.5250239871920583
29,503,1,0.8598290598290599,0.8571775336471125,0.5147533416748047,0.009163936283042563,0.2278167596115201
29,504,1,0.8615384615384616,0.8599584766609686,0.5227959156036377,0.00801184464635539,0.41774520967313267
29,505,1,0.8632478632478633,0.8622819927444471,0.5179796814918518,0.006844539195186875,0.06384158794199213
29,506,1,0.864957264957265,0.8667891943701664,0.5158145427703857,0.005534179399079566,-0.1968450073980932
29,507,1,0.8666666666666667,0.8670354320923894,0.513105571269989,0.0051324090895893204,-0.36295465627431
29,508,1,0.8683760683760684,0.8777196720215064,0.510907769203186,0.008071394849146412,-0.07551551898029013
29,509,1,0.8700854700854701,0.8785104203761469,0.5279401540756226,0.006819341643739095,0.48031325862977675
29,510,1,0.8717948717948718,0.878194238316977,0.5156477093696594,0.005499481651405772,-0.2083622191496299
29,511,1,0.8735042735042735,0.8791842633294021,0.5174036622047424,0.00457443574119463,-0.25398899652591833
29,512,1,0.8752136752136752,0.8783700975076782,0.520018458366394,0.0038751928158903934,-0.23422487282840984
29,513,1,0.8769230769230769,0.8883215070052624,0.5295187830924988,0.008625818537266844,0.78043973698805
29,514,1,0.8786324786324786,0.8790000694238254,0.5407536029815674,0.0045313548075088615,0.7243965905269112
29,515,1,0.8803418803418803,0.8918693285904089,0.5458084344863892,0.007934085751618455,1.3774276170816329
29,516,1,0.882051282051282,0.8837584894534268,0.5309542417526245,0.00413955882122642,0.260790757672377
29,517,1,0.8837606837606837,0.8830745553921833,0.5323799252510071,0.005041333840534591,0.43748107311725504
29,518,1,0.8854700854700854,0.8883631031017234,0.5300206542015076,0.003927941513324669,0.1940845810013887
29,519,1,0.8871794871794871,0.8859776318138264,0.5296854376792908,0.00550384068609421,0.3837453707875168
29,520,1,0.8888888888888888,0.8933321646757403,0.5143095254898071,0.003799183174555334,-0.4846260288814426
29,521,1,0.8905982905982905,0.8861984737006046,0.5272831916809082,0.008871470897526972,0.7179992864507979
29,522,1,0.8923076923076924,0.8907830958426134,0.5173620581626892,0.006068041623639062,-0.06259722036132781
29,523,1,0.8940170940170941,0.888410888721792,0.5235210657119751,0.00896094626414829,0.5710353630255499
29,524,1,0.8957264957264958,0.8976860243283145,0.5279021859169006,0.00403276163320206,0.11836799331712378
29,525,1,0.8974358974358975,0.8908285076444147,0.5365670323371887,0.008642774081310048,1.0796425621999535
29,526,1,0.8991452991452992,0.8946450724286488,0.5425238013267517,0.006123594893007012,1.0048917853518313
29,527,1,0.9008547008547009,0.9008118081626614,0.5364639163017273,0.0041742589800376345,0.4974533359150644
29,528,1,0.9025641025641026,0.8992227497504904,0.5263836979866028,0.004270008821749103,0.08505906774692579
29,529,1,0.9042735042735043,0.9032793042946593,0.5252730846405029,0.0034763900908826397,-0.06436814508133509
29,530,1,0.905982905982906,0.9029456814415001,0.5361775159835815,0.0030403710989975155,0.33875636217037725
29,531,1,0.9076923076923077,0.9015111446022672,0.5443936586380005,0.004547360544660116,0.8798567629494534
29,532,1,0.9094017094017094,0.9134004287169502,0.5280988812446594,0.00613947150248287,0.3990848616737915
29,533,1,0.9111111111111111,0.9061598090589237,0.5408062934875488,0.003472139872763756,0.5896450574196068
29,534,1,0.9128205128205128,0.9177949311472742,0.5107914209365845,0.007260402244208099,-0.18529151850833414
29,535,1,0.9145299145299145,0.906965159175016,0.5416645407676697,0.005316710190302529,0.8643409891127712
29,536,1,0.9162393162393162,0.9131367018593539,0.5285428166389465,0.0031471319689070215,0.030839109814306598
29,537,1,0.9179487179487179,0.9104188813720965,0.5355997681617737,0.004951314022381528,0.5615230135038313
29,538,1,0.9196581196581196,0.9142429661961158,0.5362759828567505,0.003619658197619603,0.4178159571635929
29,539,1,0.9213675213675213,0.9185109788580051,0.5211512446403503,0.003104095412697194,-0.2862038443040932
29,540,1,0.9230769230769231,0.9156216078723497,0.533524751663208,0.004511787329376152,0.41724550965950385
29,541,1,0.9247863247863248,0.9166537170285375,0.5191991329193115,0.004938454670105951,-0.13125568471805
29,542,1,0.9264957264957265,0.9177247618343717,0.5186800956726074,0.004998974783262903,-0.14530156324773724
29,543,1,0.9282051282051282,0.9148942724412663,0.5303728580474854,0.009151036468074079,0.8843484059426139
29,544,1,0.9299145299145299,0.9189991115468084,0.5260477662086487,0.006219701692471405,0.3230266758599443
29,545,1,0.9316239316239316,0.9152720779534954,0.5369004011154175,0.010749545116696067,1.3661267013247018
29,546,1,0.9333333333333333,0.9246968550530749,0.5283436179161072,0.0044390157912983725,0.18950431837293297
29,547,1,0.935042735042735,0.9190303041716702,0.5292401313781738,0.008832936087565756,0.7954807822786538
29,548,1,0.9367521367521368,0.9304735458929807,0.5183523893356323,0.004341657995064111,-0.24411158495588584
29,549,1,0.9384615384615385,0.9200470376590825,0.5317707657814026,0.009589333235809435,0.9999337870739757
29,550,1,0.9401709401709402,0.9230840962514271,0.5237613916397095,0.007678018209908822,0.4152613484076145
29,551,1,0.9418803418803419,0.9216617074359508,0.5100415349006653,0.009619611521522534,0.08818865756982625
29,552,1,0.9435897435897436,0.924307353197576,0.5346283316612244,0.007912432320509121,0.9035027333920693
29,553,1,0.9452991452991453,0.9329087644810764,0.5165192484855652,0.004800147509903418,-0.2620700018638135
29,554,1,0.947008547008547,0.9282319941564576,0.5304744243621826,0.005886248040620198,0.4664437641075413
29,555,1,0.9487179487179487,0.9274881451588861,0.5251736640930176,0.0072442727251938845,0.41868431278502843
29,556,1,0.9504273504273504,0.9322658146908245,0.5319712162017822,0.004288315392571909,0.32288201574916703
29,557,1,0.9521367521367521,0.9289514727026651,0.514611542224884,0.007593479537615004,0.01875850451455198
29,558,1,0.9538461538461539,0.9352796396637809,0.5264168977737427,0.003712809082699108,0.014404066517891057
29,559,1,0.9555555555555556,0.9337538363533507,0.5179716348648071,0.005159064758548131,-0.1544538395184053
29,560,1,0.9572649572649573,0.93654266660858,0.5076685547828674,0.004082878942631797,-0.727787724493747
29,561,1,0.958974358974359,0.9349372719213958,0.5229108929634094,0.005940915914150904,0.15478911703999826
29,562,1,0.9606837606837607,0.9393037178455277,0.5277249813079834,0.003423315791533928,0.03209045972502489
29,563,1,0.9623931623931624,0.9372516503224101,0.5190539956092834,0.005393476063298889,-0.07853082858051783
29,564,1,0.9641025641025641,0.9376502398082648,0.5192867517471313,0.006223787481967597,0.03864875260422587
29,565,1,0.9658119658119658,0.9383635591038083,0.5287438035011292,0.0065509070119124805,0.4794662037124025
29,566,1,0.9675213675213675,0.9394374951043077,0.5161515474319458,0.006669960416260016,-0.03577077811131632
29,567,1,0.9692307692307692,0.941144968205063,0.5217262506484985,0.006044594627626363,0.11827595829959424
29,568,1,0.9709401709401709,0.9500246062542107,0.5230548977851868,0.003237351238688485,-0.18875279463272837
29,569,1,0.9726495726495726,0.9362271106841266,0.5509240627288818,0.013105984674189155,2.2617997299256167
29,570,1,0.9743589743589743,0.9441505352441499,0.5391163229942322,0.00669614789321916,0.9353415229741198
29,571,1,0.976068376068376,0.9430462902629492,0.5418122410774231,0.008249010363875925,1.2497540560032285
29,572,1,0.9777777777777777,0.9429375455451827,0.5353294610977173,0.009106450966371752,1.0874519978771624
29,573,1,0.9794871794871794,0.9460516918466743,0.5359404683113098,0.00694397035132937,0.8335594030967398
29,574,1,0.9811965811965812,0.9488810620386801,0.550097644329071,0.005583893428293621,1.2542590648458862
29,575,1,0.9829059829059829,0.9440710147880653,0.5081347823143005,0.010048699173370064,0.06332618509436294
29,576,1,0.9846153846153847,0.9535023913763667,0.5344549417495728,0.004476617071056971,0.4518952988028236
29,577,1,0.9863247863247864,0.9498808045804303,0.532679557800293,0.006260589837394135,0.607774985809442
29,578,0,0.9880341880341881,0.96675516724703,0.5322399139404297,0.010102107910182607,1.0860127105414108
29,579,0,0.9897435897435898,0.9588773988163559,0.5613492131233215,0.0041785793362754025,1.5466678498478017
29,580,0,0.9914529914529915,0.9758060305021427,0.5477664470672607,0.015573435268789999,2.4478163789318894
29,581,0,0.9931623931623932,0.9583590100280868,0.5327378511428833,0.0055696213861360505,0.5208791772855904
29,582,0,0.9948717948717949,0.9830226745723623,0.5494470596313477,0.018962752394662552,2.9569246520474257
29,583,0,0.9965811965811966,0.9692889242384464,0.5359021425247192,0.007585887956539468,0.9149536485069667
29,584,0,0.9982905982905983,0.990566042708103,0.5339517593383789,0.021787557539512486,2.66924765369429
