sequence,frame,valid,relative_phase,predicted_phase,feature_raw,time_raw,P3
03,15,0,0.02074688796680498,0.13027231806032413,0.531746506690979,nan,nan
03,16,0,0.022130013831258646,0.1381408874201154,0.5321766138076782,nan,nan
03,17,0,0.02351313969571231,0.12428147986233978,0.4946402907371521,nan,nan
03,18,0,0.024896265560165973,0.1341282303453742,0.5305837988853455,nan,nan
03,19,1,0.02627939142461964,0.12051766195250259,0.48885011672973633,0.014780020992524302,0.7733996192635508
03,20,1,0.027662517289073305,0.12917216725041097,0.5048651695251465,0.007585884792259489,0.24620629318597648
03,21,1,0.029045643153526972,0.10608267222118023,0.5036672353744507,0.024534166654465152,2.614788477911118
03,22,1,0.030428769017980636,0.11703936762047945,0.49381235241889954,0.013787726239927956,0.7855921922823506
03,23,1,0.0318118948824343,0.10651208054810803,0.503197431564331,0.015282840736023788,1.2872287217398228
03,24,1,0.03319502074688797,0.11597663213199061,0.5082555413246155,0.009122586329998232,0.5688723770222546
03,25,1,0.034578146611341634,0.11251098912790054,0.5012310147285461,0.004386920941197739,-0.3199082965943744
03,26,1,0.035961272475795295,0.12279491067447312,0.49789461493492126,0.006193189294364967,-0.16643113906123122
03,27,1,0.03734439834024896,0.11784150043232697,0.49895772337913513,0.004218727478016083,-0.41388743737024947
03,28,1,0.03872752420470263,0.14480110070947833,0.5377036929130554,0.023928138594817024,3.578436011596199
03,29,1,0.040110650069156296,0.12984575886707436,0.5309430956840515,0.00996274133384081,1.3877883693633526
03,30,1,0.04149377593360996,0.1381651351152429,0.5290371775627136,0.010507127827729296,1.40627762080282
03,31,1,0.042876901798063624,0.12902601375407186,0.5231380462646484,0.00994800749242892,1.1449942950982723
03,32,1,0.04426002766251729,0.13729007515284142,0.5199030041694641,0.006742006605491437,0.590189302076225
03,33,1,0.04564315352697095,0.12612213127760408,0.5172915458679199,0.011051568467692062,1.1213239337045962
03,34,1,0.04702627939142462,0.1317480247036282,0.5075613260269165,0.006589324052714719,0.18790891313588676
03,35,1,0.048409405255878286,0.11913043258248165,0.4847760796546936,0.01550808266254322,0.7510950612519582
03,36,1,0.04979253112033195,0.13056670513672952,0.5151646137237549,0.006664774803693673,0.43309853372227314
03,37,1,0.051175656984785614,0.125964579433455,0.5139584541320801,0.006499489830935674,0.37244188181423743
03,38,1,0.05255878284923928,0.13302457995617165,0.5123966336250305,0.005023320260702951,0.11475868071764728
03,39,1,0.05394190871369295,0.12389948924634987,0.49123358726501465,0.006864039053848092,-0.2766371477342562
03,40,1,0.05532503457814661,0.1309510242695626,0.4952411651611328,0.004150194907871795,-0.5382308270178169
03,41,1,0.056708160442600276,0.11816612630356392,0.4928382635116577,0.013885745945809365,0.7694641597070464
03,42,1,0.058091286307053944,0.12859247868010784,0.5052773952484131,0.006195887973552799,0.06163222920182493
03,43,1,0.059474412171507604,0.12039806495105417,0.4901004433631897,0.008596168696830383,-0.06573570645065951
03,44,1,0.06085753803596127,0.13187843403122843,0.5061947107315063,0.006169414794725692,0.08616424015019397
03,45,1,0.06224066390041494,0.13215666973038015,0.5243433713912964,0.004758289559581858,0.4455719306884419
03,46,1,0.0636237897648686,0.13831855887257014,0.5226566791534424,0.006470193001388988,0.6365315152086115
03,47,1,0.06500691562932227,0.13129707727946058,0.5248361825942993,0.005558751585648552,0.5743821445914787
03,48,1,0.06639004149377593,0.13647193510941627,0.5096815228462219,0.0024042022780871664,-0.3407137225122507
03,49,1,0.0677731673582296,0.12963270559875495,0.5079114437103271,0.008520308672190346,0.47277736052637204
03,50,1,0.06915629322268327,0.1375021483236559,0.5031891465187073,0.004183568580540414,-0.28838320808307044
03,51,1,0.07053941908713693,0.1323885792965625,0.5290151834487915,0.0049293413042479335,0.6139256380534703
03,52,1,0.07192254495159059,0.13857777419323639,0.5200768113136292,0.0037065904390363663,0.16472274528790873
03,53,1,0.07330567081604426,0.12678878865671128,0.5124903917312622,0.011328467219329659,1.0125604935617025
03,54,1,0.07468879668049792,0.13678924095136752,0.5160663723945618,0.004944029445502312,0.21667712557858512
03,55,1,0.07607192254495158,0.12796886232614418,0.5149779319763184,0.009259187471313737,0.7955749599262409
03,56,1,0.07745504840940526,0.13475246780420785,0.5149894952774048,0.005870731845034832,0.3149968455764235
03,57,1,0.07883817427385892,0.13175000315057242,0.5106098055839539,0.003870579610042511,-0.1039582754845255
03,58,1,0.08022130013831259,0.13640530562304984,0.5078696608543396,0.0036741016243123864,-0.216349398927106
03,59,1,0.08160442600276625,0.12997184683544882,0.5204641222953796,0.00633926691353327,0.550331657639993
03,60,1,0.08298755186721991,0.13669268189856257,0.5034686923027039,0.0030773716649068134,-0.43676837923360584
03,61,1,0.08437067773167359,0.12341530170464204,0.481952041387558,0.013881611695254882,0.4331530778103053
03,62,1,0.08575380359612725,0.13263421711080445,0.5125550627708435,0.006470087826093363,0.32498904453373184
03,63,1,0.08713692946058091,0.12469593048815723,0.48534485697746277,0.009574535422195744,-0.07353219495502772
03,64,1,0.08852005532503458,0.13466431875037255,0.5165483355522156,0.006022307508739632,0.3845841419760994
03,65,1,0.08990318118948824,0.1311888204127849,0.5231968760490417,0.004078435112496759,0.3137207387978294
03,66,1,0.0912863070539419,0.13281118855360757,0.505549430847168,0.0035718370446564196,-0.3024185940089902
03,67,1,0.09266943291839558,0.12973410374607788,0.5162272453308105,0.004697914828141189,0.18670648447148305
03,68,1,0.09405255878284924,0.13421560243480107,0.5069922208786011,0.0029983179936620315,-0.3393253068389159
03,69,1,0.0954356846473029,0.12353746758056033,0.4884513318538666,0.012041915229246037,0.3724729313608742
03,70,1,0.09681881051175657,0.13243504083016713,0.5066052675247192,0.00496189959178878,-0.07256107304247295
03,71,1,0.09820193637621023,0.12547010991452046,0.5196728110313416,0.008102397756369655,0.7761751069440535
03,72,1,0.0995850622406639,0.13264419448843331,0.5087948441505432,0.0051291572470695485,0.018703535609172026
03,73,1,0.10096818810511757,0.12343701174674886,0.48328897356987,0.008676645479659958,-0.264374846391687
03,74,1,0.10235131396957123,0.13525745972533573,0.5132629871368408,0.004761419218930468,0.10430400067561148
03,75,1,0.1037344398340249,0.12696818934629545,0.5088905692100525,0.006154765836030539,0.1672236574227132
03,76,1,0.10511756569847856,0.1352104560501944,0.49890831112861633,0.00509250408477887,-0.2913932752295978
03,77,1,0.10650069156293222,0.12568285397967047,0.5008313655853271,0.008127379260461667,0.19866239964795934
03,78,1,0.1078838174273859,0.13453421073673308,0.5051987767219543,0.005172608916988752,-0.08602969957060017
03,79,1,0.10926694329183956,0.12602268576430473,0.5141633152961731,0.008168195786907136,0.6156046302492371
03,80,1,0.11065006915629322,0.1326421203722004,0.4920886158943176,0.005228172565335775,-0.4824525423491511
03,81,1,0.11203319502074689,0.12798142338761634,0.5261566638946533,0.005330998348599331,0.582779192954453
03,82,1,0.11341632088520055,0.13477179525077831,0.5085160732269287,0.004011446293850801,-0.14853399970086467
03,83,1,0.11479944674965421,0.12638355572798352,0.5266168117523193,0.007562904488729938,0.9137516893939988
03,84,1,0.11618257261410789,0.13276065229051046,0.5104806423187256,0.003980624931442405,-0.09232249334452669
03,85,1,0.11756569847856155,0.12792913917611223,0.5126981139183044,0.006137171511098422,0.2821487384171649
03,86,1,0.11894882434301521,0.13826673126551892,0.519880473613739,0.005339586842204764,0.39044439623505744
03,87,1,0.12033195020746888,0.12953228513817663,0.5181084871292114,0.005394688499843159,0.34361819990229014
03,88,1,0.12171507607192254,0.13987849724124068,0.5148037672042847,0.00479523987200713,0.15662097324881485
03,89,1,0.12309820193637622,0.13305792414525744,0.4959394633769989,0.004761730977338184,-0.429898408094321
03,90,1,0.12448132780082988,0.14055471993395854,0.49586954712867737,0.004607145610429097,-0.4539953941875962
03,91,1,0.12586445366528354,0.13065923101019206,0.5166643261909485,0.008688579627454755,0.7665940452857711
03,92,1,0.1272475795297372,0.13624550934947866,0.5153645277023315,0.005458786121217616,0.2680937917308184
03,93,1,0.12863070539419086,0.12967610069677313,0.5171377658843994,0.009045199435937037,0.8318108593254503
03,94,1,0.13001383125864455,0.13641614023590617,0.5129055380821228,0.004834615198715705,0.10366944259789439
03,95,1,0.1313969571230982,0.12951845855343008,0.5095277428627014,0.007322740792645913,0.35264824546940904
03,96,1,0.13278008298755187,0.135269541829205,0.5043500661849976,0.004085163388393092,-0.2665481448784957
03,97,1,0.13416320885200553,0.1269879744343092,0.5128346681594849,0.00932403991750792,0.7386827641385032
03,98,1,0.1355463347164592,0.1355882170389864,0.5066409111022949,0.00451320307394066,-0.13514682886391124
03,99,1,0.13692946058091288,0.12561191368101665,0.5191624760627747,0.00982108830595453,1.0043761319140665
03,100,1,0.13831258644536654,0.13385816008183996,0.5083406567573547,0.0052828584928140765,0.02651200635392593
03,101,1,0.1396957123098202,0.13036026687421157,0.5226005911827087,0.004680648445217049,0.3808058167998879
03,102,1,0.14107883817427386,0.13776541589272934,0.5252024531364441,0.004603786242246533,0.4501363083075299
03,103,1,0.14246196403872752,0.12884804142766418,0.5195977687835693,0.006642851727773705,0.5667026534387648
03,104,1,0.14384508990318118,0.1379700862337054,0.5103885531425476,0.003822207722771081,-0.11764714467109343
03,105,1,0.14522821576763487,0.12816884949139462,0.49840420484542847,0.0091590571386715,0.2702397327523212
03,106,1,0.14661134163208853,0.13884171143363408,0.5150115489959717,0.005398043606441715,0.24858676267408164
03,107,1,0.1479944674965422,0.12608739602194002,0.5121680498123169,0.010961730147648048,0.9505674639137867
03,108,1,0.14937759336099585,0.13860080783122586,0.5133646726608276,0.006357278843098912,0.3339455558631783
03,109,1,0.1507607192254495,0.12654964151973602,0.5030142068862915,0.009967003697801123,0.5270838462751816
03,110,1,0.15214384508990317,0.13654653733567274,0.5140841007232666,0.006919761235393653,0.43596725534548564
03,111,1,0.15352697095435686,0.1280515390798121,0.5074158310890198,0.007486510620320086,0.31076259838750375
03,112,1,0.15491009681881052,0.13779117786651546,0.5046935677528381,0.0058549319464353345,-0.004765663420126687
03,113,1,0.15629322268326418,0.12819327594496072,0.514026939868927,0.0076334020284618805,0.5354938494594601
03,114,1,0.15767634854771784,0.13892786364180876,0.5166650414466858,0.005241615848951575,0.27737712834290296
03,115,1,0.1590594744121715,0.130769502938362,0.514727771282196,0.006063415217900739,0.3342736296529473
03,116,1,0.16044260027662519,0.13900996687148867,0.5073559880256653,0.005157456460848053,-0.02165328795090684
03,117,1,0.16182572614107885,0.12626514589081841,0.49681249260902405,0.01155196048132513,0.5607850105566528
03,118,1,0.1632088520055325,0.13819519534330196,0.5014050602912903,0.0059441862256269596,-0.09351302533263298
03,119,1,0.16459197786998617,0.1268939854764914,0.510468065738678,0.010257921307489896,0.798247098817237
03,120,1,0.16597510373443983,0.1410450531787465,0.4970211386680603,0.00672989851646793,-0.11719168597184382
03,121,1,0.1673582295988935,0.1295902311509981,0.5221662521362305,0.00710156784432994,0.7110201728306629
03,122,1,0.16874135546334718,0.14052239499790808,0.4984118342399597,0.006407398778237449,-0.12007695773520241
03,123,1,0.17012448132780084,0.12919192122087486,0.506324052810669,0.008912949003149649,0.47955195759773367
03,124,1,0.1715076071922545,0.13814781794459843,0.519122302532196,0.0064147147557931045,0.5196593357484974
03,125,1,0.17289073305670816,0.12959507241372475,0.5208550691604614,0.0083599729378586,0.8491937073793161
03,126,1,0.17427385892116182,0.13969049986216633,0.5164622068405151,0.0056891956315744336,0.3346483152941179
03,127,1,0.17565698478561548,0.12849761540743737,0.5085538029670715,0.009250666475892245,0.5962494187908838
03,128,1,0.17704011065006917,0.13935924162412183,0.5119118094444275,0.0056547983009983755,0.18943477346486143
03,129,1,0.17842323651452283,0.12563640869992956,0.5274274945259094,0.012241152649921509,1.6027518817235404
03,130,1,0.1798063623789765,0.1385331103407611,0.5084519386291504,0.006947320149327995,0.26618642036978624
03,131,1,0.18118948824343015,0.1318622342448057,0.5115655064582825,0.0064124449594879325,0.2862903028388235
03,132,1,0.1825726141078838,0.1451793474079713,0.5229986906051636,0.007739644657578261,0.8272564090024436
03,133,1,0.1839557399723375,0.1361556234852576,0.5063363909721375,0.005835062896401586,0.0430778990306418
03,134,1,0.18533886583679116,0.1437069327033213,0.49647217988967896,0.004642040809264996,-0.43045778502417326
03,135,1,0.18672199170124482,0.13255823455724575,0.5258489847183228,0.01025975392608172,1.2728451474578728
03,136,1,0.18810511756569848,0.14108000545437213,0.504397988319397,0.005761496321795006,-0.0271427759980178
03,137,1,0.18948824343015214,0.13369864542306198,0.50896155834198,0.00826850764997573,0.46942328789466814
03,138,1,0.1908713692946058,0.14415276655289574,0.5150728821754456,0.005450504289010539,0.25792415790656004
03,139,1,0.19225449515905949,0.12934872276302317,0.513983964920044,0.012115644256859221,1.170347999947438
03,140,1,0.19363762102351315,0.13914909891986327,0.49241045117378235,0.006264741759893409,-0.3254036474922149
03,141,1,0.1950207468879668,0.12967347931720793,0.5172919034957886,0.010505783120491606,1.0438698424092052
03,142,1,0.19640387275242047,0.1404857300854499,0.516562283039093,0.006788306652729664,0.4937350669388013
03,143,1,0.19778699861687413,0.1309136527792279,0.5082449913024902,0.0073425590151466715,0.3159018540721276
03,144,1,0.1991701244813278,0.13957472434668958,0.4957905113697052,0.0054803150318170285,-0.3325009823830926
03,145,1,0.20055325034578148,0.13435465993064163,0.5034741759300232,0.004682912691002165,-0.2087195170694344
03,146,1,0.20193637621023514,0.13971663178603638,0.4997122585773468,0.004416426235165188,-0.3625580041324945
03,147,1,0.2033195020746888,0.1355356631598636,0.50998854637146,0.004196208073773769,-0.07689999639327073
03,148,1,0.20470262793914246,0.13978790119349882,0.49932733178138733,0.003068649065152856,-0.565723379704268
03,149,1,0.20608575380359612,0.13140519771365675,0.5141565203666687,0.009535470326841875,0.8094568785890007
03,150,1,0.2074688796680498,0.14467502363812354,0.5222021341323853,0.004866088444218381,0.3948377627984539
03,151,1,0.20885200553250347,0.13043753989661916,0.5152437686920166,0.011005360552655007,1.051613321745834
03,152,1,0.21023513139695713,0.13906620588360105,0.5126948356628418,0.0063734376099343,0.315581668270562
03,153,1,0.21161825726141079,0.1300012057548741,0.5086554288864136,0.009986740051114535,0.7038568568751019
03,154,1,0.21300138312586445,0.14066404281589023,0.5144978761672974,0.006544011772155516,0.3953964670581044
03,155,1,0.2143845089903181,0.13669396971341366,0.5102425813674927,0.004104484957401808,-0.08208428112547586
03,156,1,0.2157676348547718,0.14353346347662882,0.515441358089447,0.0039771591123985645,0.060170968882964165
03,157,1,0.21715076071922546,0.13676761685139457,0.4992745518684387,0.005057149941665056,-0.28511656997562984
03,158,1,0.21853388658367912,0.14459296895573778,0.5053566694259644,0.0034023707365254336,-0.33241614976988443
03,159,1,0.21991701244813278,0.1370094325851354,0.5101510286331177,0.006979526187146837,0.32315640486617436
03,160,1,0.22130013831258644,0.14547485137657526,0.4985867142677307,0.004305736553556865,-0.41297964074292126
03,161,1,0.22268326417704012,0.13867875532945664,0.5134224891662598,0.005874416135742616,0.26719427896246983
03,162,1,0.22406639004149378,0.14480249402477094,0.5166556239128113,0.004313298909027965,0.14532760242116302
03,163,1,0.22544951590594745,0.13562250604454393,0.5026546120643616,0.009460831307429139,0.4441514441871842
03,164,1,0.2268326417704011,0.14354484505692064,0.4977172911167145,0.004712411811434094,-0.38207134291231093
03,165,1,0.22821576763485477,0.13514633416668578,0.5094971656799316,0.009107769970225759,0.6050603620243403
03,166,1,0.22959889349930843,0.1414715106597678,0.5153127908706665,0.005113015522213182,0.2174218948802917
03,167,1,0.23098201936376211,0.13438809849250188,0.5064793825149536,0.00815015451246617,0.3760762825785702
03,168,1,0.23236514522821577,0.14644348723671324,0.5099387168884277,0.005638078248250223,0.12621269842741456
03,169,1,0.23374827109266944,0.13552981279417042,0.511359453201294,0.007424498867735258,0.4235799090861432
03,170,1,0.2351313969571231,0.14242532146915135,0.5081052184104919,0.005217662457049848,0.009997745633155003
03,171,1,0.23651452282157676,0.13227618392999813,0.5142703652381897,0.011012450091124613,1.022600408579949
03,172,1,0.23789764868603042,0.1447547364148302,0.5084777474403381,0.005984093800021705,0.13026844495007017
03,173,1,0.2392807745504841,0.13696040291667672,0.5129906535148621,0.006283392642493234,0.31192412596266966
03,174,1,0.24066390041493776,0.14810448957743805,0.5028598308563232,0.005442353536032902,-0.11987558350420978
03,175,1,0.24204702627939143,0.13919337489088845,0.5145448446273804,0.005507564603890147,0.24973856887997511
03,176,1,0.24343015214384509,0.14881491931080695,0.507796585559845,0.004894752850773476,-0.04535192771827444
03,177,1,0.24481327800829875,0.13723969641022474,0.5117278695106506,0.009620554286716319,0.7466350503621412
03,178,1,0.24619640387275243,0.14327131101818164,0.5117203593254089,0.0059561795515271805,0.22630660946581782
03,179,1,0.2475795297372061,0.13490495714808945,0.5198503136634827,0.010816822282424502,1.1669164322370844
03,180,1,0.24896265560165975,0.14335765972799897,0.5113393664360046,0.0057037849972663085,0.17873383235827042
03,181,1,0.2503457814661134,0.12959150531120678,0.5168166160583496,0.013693854787905425,1.4817058355507666
03,182,1,0.2517289073305671,0.14689379910023564,0.5238457322120667,0.006582805953241712,0.6891846980997508
03,183,1,0.25311203319502074,0.13258837853214775,0.5243722796440125,0.009752210813998555,1.155267211530592
03,184,1,0.2544951590594744,0.14397146283631448,0.522523045539856,0.0077362845508177,0.812110901062697
03,185,1,0.25587828492392806,0.13249377279338054,0.5183869004249573,0.009359467674584147,0.9149385197365898
03,186,1,0.2572614107883817,0.13956383381549184,0.527355432510376,0.007164168457353162,0.8799363681123613
03,187,1,0.25864453665283543,0.13035003969759812,0.5172208547592163,0.010396276319724033,1.0261360811413858
03,188,1,0.2600276625172891,0.1372141015800432,0.517545223236084,0.005891261844804618,0.3967277910808257
03,189,1,0.26141078838174275,0.12959228788245214,0.5128542184829712,0.0089051031121648,0.679824596877808
03,190,1,0.2627939142461964,0.13227217584778855,0.525753915309906,0.006121397097166793,0.6825425878269707
03,191,1,0.2641770401106501,0.12351815821034967,0.48697444796562195,0.012430947064609342,0.3821433299543251
03,192,1,0.26556016597510373,0.1295825302518964,0.5109381079673767,0.00697239986742618,0.34641797802212143
03,193,1,0.2669432918395574,0.11914353512957514,0.4791451692581177,0.013189706941535052,0.24838656248185098
03,194,1,0.26832641770401106,0.12850439472325784,0.5180781483650208,0.005516643994537739,0.3599921182642452
03,195,1,0.2697095435684647,0.11451853005917513,0.4988778233528137,0.014260578542583125,1.0089216454792211
03,196,1,0.2710926694329184,0.12066580910233626,0.4871218502521515,0.008218641178611211,-0.21117738834662952
03,197,1,0.27247579529737204,0.11308233742940291,0.48899388313293457,0.011217683847171698,0.2722189866775352
03,198,1,0.27385892116182575,0.11792963146583356,0.49958789348602295,0.006560346599315609,-0.06209963445535907
03,199,1,0.2752420470262794,0.11035182874319241,0.4882262647151947,0.009789202293983067,0.04579700025194233
03,200,1,0.2766251728907331,0.11989512408499593,0.48168134689331055,0.004508709403491345,-0.9055220083217066
03,201,1,0.27800829875518673,0.11458270035941073,0.4813013970851898,0.005002638293347707,-0.8471344614680929
03,202,1,0.2793914246196404,0.12404997540269168,0.48106491565704346,0.004768200216345028,-0.8877019730942921
03,203,1,0.28077455048409405,0.14659085177125483,0.5531386137008667,0.02577899060069367,4.317136882274673
03,204,1,0.2821576763485477,0.2149130054077733,0.5143600106239319,0.08504138848019653,11.532537201420327
03,205,1,0.2835408022130014,0.2227167178427248,0.511515200138092,0.06909063058445367,9.180861173328253
03,206,1,0.28492392807745504,0.2731020019923201,0.5059005618095398,0.09244241036322046,12.322104606839174
03,207,1,0.2863070539419087,0.27207189002134313,0.49492815136909485,0.055382738534922524,6.72372046699618
03,208,1,0.28769017980636236,0.2953879527306351,0.4893161356449127,0.04609509489160633,5.232423410813916
03,209,1,0.28907330567081607,0.29244962307655836,0.4920364320278168,0.02522558403845017,2.3542369210035092
03,210,1,0.29045643153526973,0.30415750215000675,0.5007926821708679,0.017312681171804067,1.501169721462947
03,211,1,0.2918395573997234,0.30107270996845437,0.5072395205497742,0.0087248008462039,0.4810799206530003
03,212,1,0.29322268326417705,0.3058221530436273,0.5074777007102966,0.004567708201610278,-0.1016046666351566
03,213,1,0.2946058091286307,0.3030516601229124,0.5022245645523071,0.0038432462645240023,-0.3664333861666348
03,214,1,0.2959889349930844,0.3085191983205672,0.510304868221283,0.0021822120801645245,-0.35299794365018006
03,215,1,0.29737206085753803,0.3069057950741265,0.5168980360031128,0.0018358545136092424,-0.1988284408832589
03,216,1,0.2987551867219917,0.31094877006873456,0.5099769830703735,0.0018143648463866064,-0.41531949209104974
03,217,1,0.30013831258644535,0.3115719370746497,0.5222311615943909,0.0016592374934680026,-0.05942601520927926
03,218,1,0.301521438450899,0.3137240133295146,0.5159900188446045,0.0009659498647290815,-0.350299568480359
03,219,1,0.3029045643153527,0.31744067303959367,0.512742280960083,0.0030610901298488173,-0.1530875866901654
03,220,1,0.30428769017980634,0.32008188356448725,0.5118566155433655,0.003068581163375608,-0.17933772804447937
03,221,1,0.30567081604426005,0.32365025132450503,0.513776957988739,0.004353670549455238,0.06228142298918857
03,222,1,0.3070539419087137,0.3257093693266662,0.5124889612197876,0.003393209989152604,-0.11376093872759116
03,223,1,0.3084370677731674,0.3332057494575146,0.5191556215286255,0.007893251120712989,0.7305404315031259
03,224,1,0.30982019363762103,0.33203738624883056,0.5088268518447876,0.004086191216488493,-0.12834098694659585
03,225,1,0.3112033195020747,0.3369200375944159,0.5135419964790344,0.004677394482048322,0.10098256566221374
03,226,1,0.31258644536652835,0.336116444129537,0.5082160234451294,0.0023763670645107265,-0.3898595530990151
03,227,1,0.313969571230982,0.34437183842128405,0.5052788853645325,0.006209980040721044,0.06367831717608571
03,228,1,0.3153526970954357,0.33599469568149637,0.5093814730644226,0.004958684940009017,0.0125991064517222
03,229,1,0.31673582295988933,0.3442060221225236,0.5015708804130554,0.0037830039014274024,-0.39514299486043214
03,230,1,0.318118948824343,0.34488531029116826,0.5174830555915833,0.003398289378595854,0.04097474843517046
03,231,1,0.31950207468879666,0.3541978480080992,0.5209766030311584,0.008241427355992651,0.8361161693799515
03,232,1,0.32088520055325037,0.35279908176203734,0.5218080878257751,0.005803932640855585,0.515796950833016
03,233,1,0.32226832641770403,0.3552407122573279,0.5184676051139832,0.0035420421729633516,0.09174095082970246
03,234,1,0.3236514522821577,0.3514618982531875,0.5268428325653076,0.004325524612077977,0.461229991875045
03,235,1,0.32503457814661135,0.3392915653732588,0.5229406952857971,0.01772527371989273,2.2427612445226535
03,236,1,0.326417704011065,0.33608717815847605,0.5205732583999634,0.017203090275965338,2.0956357448690603
03,237,1,0.3278008298755187,0.3068696966605801,0.5010930299758911,0.042242595872970946,5.048817546143306
03,238,1,0.32918395573997233,0.31200339887465306,0.5127798914909363,0.026864600062149833,3.2265832283968443
03,239,1,0.330567081604426,0.30728495502387826,0.4979359209537506,0.01986995876585225,1.7760318598824818
03,240,1,0.33195020746887965,0.31108975448686366,0.5065218806266785,0.009247515642416718,0.5331389941217052
03,241,1,0.3333333333333333,0.29822239964264013,0.5143508911132812,0.014681505641842145,1.545844971404148
03,242,1,0.334716459197787,0.3100810823265734,0.5252056121826172,0.005871949240792849,0.6302283020165246
03,243,1,0.3360995850622407,0.29899309166033483,0.5177890062332153,0.011268410232642549,1.1674423700280026
03,244,1,0.33748271092669435,0.2947369527228988,0.5063228607177734,0.013451583329192716,1.1236985822979444
03,245,1,0.338865836791148,0.30630020008774883,0.5057277679443359,0.006245478009853934,0.08255991992044466
03,246,1,0.34024896265560167,0.313390489769728,0.5314626097679138,0.008489563544164058,1.1947168609866838
03,247,1,0.34163208852005533,0.31284488195462806,0.5252059102058411,0.006888939083609599,0.7745822264467261
03,248,1,0.343015214384509,0.3377444047363764,0.5150466561317444,0.02733431957963698,3.3631576801823293
03,249,1,0.34439834024896265,0.33703089062135566,0.5122923254966736,0.016944090323354918,1.8034962236234355
03,250,1,0.3457814661134163,0.3300323577483401,0.5173932909965515,0.010698199299148599,1.0743068345726687
03,251,1,0.34716459197787,0.3331822353171522,0.5081361532211304,0.007974513913691,0.4022408054609408
03,252,1,0.34854771784232363,0.32555529356587415,0.5246659517288208,0.012534132562920448,1.5591712344070725
03,253,1,0.3499308437067773,0.32757509760671005,0.5214976668357849,0.0077585619452792305,0.7836507662845436
03,254,1,0.35131396957123096,0.3229983822400452,0.5230455994606018,0.00967981784246245,1.1040782489247498
03,255,1,0.35269709543568467,0.3247952226389049,0.5238232016563416,0.006304512961361145,0.6489908246262045
03,256,1,0.35408022130013833,0.3247139363935306,0.533229410648346,0.00410901664234149,0.6274583802501822
03,257,1,0.355463347164592,0.32658627085483766,0.5191681385040283,0.002244119314004398,-0.07087352292458038
03,258,1,0.35684647302904565,0.3264591520448854,0.5319889187812805,0.0019062550099326727,0.2765571381490228
03,259,1,0.3582295988934993,0.33075186879915314,0.5305317044258118,0.0015212692931249909,0.17697526047296808
03,260,1,0.359612724757953,0.3307610675738723,0.524376392364502,0.0008228719992960159,-0.11197655962358033
03,261,1,0.36099585062240663,0.3349065873483514,0.5400532484054565,0.0026750435071757643,0.634372724507074
03,262,1,0.3623789764868603,0.3325288475832874,0.5327807068824768,0.001944059932076866,0.30634116657164734
03,263,1,0.36376210235131395,0.33950815349306523,0.527881920337677,0.003679106643910665,0.4015265688723427
03,264,1,0.3651452282157676,0.339051918586258,0.5286719799041748,0.002062815616466546,0.1964859788847681
03,265,1,0.3665283540802213,0.3485250244463254,0.5181631445884705,0.008434193670596366,0.7767108283401106
03,266,1,0.367911479944675,0.3555774513947368,0.5184051990509033,0.012082011344514284,1.301922469825899
03,267,1,0.36929460580912865,0.3752995573187917,0.5150284171104431,0.026041966315706856,3.179167225044024
03,268,1,0.3706777316735823,0.3767983182520436,0.5134252905845642,0.018592876292527122,2.072453808011729
03,269,1,0.37206085753803597,0.3897585593598611,0.5076342821121216,0.02211651748389823,2.393984775964849
03,270,1,0.37344398340248963,0.39546554681405355,0.506671130657196,0.017515121209706747,1.7111903873116905
03,271,1,0.3748271092669433,0.409564957386234,0.5045352578163147,0.02164250792705802,2.231135056518167
03,272,1,0.37621023513139695,0.41156131394679746,0.49940425157546997,0.015072514470760913,1.140397116174678
03,273,1,0.3775933609958506,0.4282566876593857,0.4970155954360962,0.02307713925966065,2.2028553354283282
03,274,1,0.3789764868603043,0.4262198787649133,0.49884888529777527,0.013152593542141027,0.8507692365258112
03,275,1,0.38035961272475793,0.4429725459463387,0.506438672542572,0.02047988248401761,2.1248199021499126
03,276,1,0.3817427385892116,0.434902252372913,0.5046058297157288,0.00881122936187628,0.41212562476379455
03,277,1,0.3831258644536653,0.4510427911960151,0.5149932503700256,0.014362995987138917,1.520447800626089
03,278,1,0.38450899031811897,0.44216261566732135,0.5384076237678528,0.007504910696534201,1.2691417201194306
03,279,1,0.38589211618257263,0.4538980346585786,0.5353102684020996,0.007545189217856703,1.179338078131234
03,280,1,0.3872752420470263,0.44907368402981945,0.5195589661598206,0.006250598648992112,0.5098322273216345
03,281,1,0.38865836791147995,0.4668236490573979,0.525364339351654,0.014187413646475801,1.8153647275384404
03,282,1,0.3900414937759336,0.4633872488592075,0.5190466642379761,0.009242389886632573,0.9186679859884643
03,283,1,0.3914246196403873,0.4655781489062181,0.5432403683662415,0.005750072416764039,1.1691105426945072
03,284,1,0.39280774550484093,0.46616128360075043,0.49244406819343567,0.004316589702473513,-0.6008745874798702
03,285,1,0.3941908713692946,0.4618523035605736,0.49564191699028015,0.007227233068308398,-0.08913768285815454
03,286,1,0.39557399723374825,0.46346463925681114,0.49060899019241333,0.004459838041385836,-0.6371355366453352
03,287,1,0.3969571230982019,0.4676122613227065,0.48300525546073914,0.003042404031591355,-1.0728110680132323
03,288,1,0.3983402489626556,0.46885669750768927,0.48535239696502686,0.0021141505265180327,-1.1321767808803727
03,289,1,0.3997233748271093,0.47097419941237784,0.4857769310474396,0.0019357699774442154,-1.1444025564014844
03,290,1,0.40110650069156295,0.4721361558441033,0.4854120910167694,0.0009546650349535578,-1.2949054661122954
03,291,1,0.4024896265560166,0.47016104585678753,0.48686185479164124,0.003325736687920214,-0.9136616108722917
03,292,1,0.40387275242047027,0.469569507250238,0.5061584115028381,0.0045544714279899924,-0.14416946124053676
03,293,1,0.40525587828492393,0.4676954891719216,0.4844624698162079,0.00660669194194356,-0.5219803097912875
03,294,1,0.4066390041493776,0.4693173845079966,0.4904549717903137,0.004257675909194295,-0.6705789083827618
03,295,1,0.40802213001383125,0.4703650121691094,0.47760725021362305,0.0024127985506149892,-1.3286441691186945
03,296,1,0.4094052558782849,0.4720978620781627,0.4890453517436981,0.0009249884088985633,-1.187070075274654
03,297,1,0.4107883817427386,0.4720060771916701,0.4847341775894165,0.001454813813115974,-1.2448241219283203
03,298,1,0.41217150760719223,0.4740756300711349,0.4837457239627838,0.0007792935737230035,-1.3711862375351358
03,299,1,0.4135546334716459,0.4778540131139632,0.47982847690582275,0.0021259137134554433,-1.3008614388751818
03,300,1,0.4149377593360996,0.47931878793199495,0.4759177565574646,0.0017184382952737135,-1.4792999473811732
03,301,1,0.41632088520055327,0.4811749670098626,0.4786103367805481,0.0017693859096833435,-1.3890312907826403
03,302,1,0.41770401106500693,0.4797833881841537,0.49293720722198486,0.0019144153705736968,-0.9266150393560049
03,303,1,0.4190871369294606,0.48175389468761204,0.48288029432296753,0.001637710842501531,-1.2760375439042098
03,304,1,0.42047026279391425,0.481238139349095,0.4840848743915558,0.0028615741272993546,-1.0651820808701982
03,305,1,0.4218533886583679,0.4841001659259908,0.4812115430831909,0.0011952243456541884,-1.390304363009172
03,306,1,0.42323651452282157,0.4820303808006202,0.48471957445144653,0.0032804702590811504,-0.9861530131680152
03,307,1,0.42461964038727523,0.48602209082127035,0.4815104305744171,0.0013647759205695992,-1.3570218433064607
03,308,1,0.4260027662517289,0.48138836625441733,0.4833334684371948,0.005551281992815249,-0.7065958338839624
03,309,1,0.42738589211618255,0.4833907380484405,0.48640283942222595,0.003869262017536571,-0.8506730097600721
03,310,1,0.4287690179806362,0.4781040758438817,0.49512985348701477,0.008695772160293904,0.10350521106009292
03,311,1,0.43015214384508993,0.48142890114744236,0.4946490228176117,0.005333392464731263,-0.3885569828068781
03,312,1,0.4315352697095436,0.47818015951497356,0.4860038757324219,0.006489814831560439,-0.4910330686549814
03,313,1,0.43291839557399725,0.4771898478811744,0.4958200752735138,0.0066780747804986275,-0.1615872455647327
03,314,1,0.4343015214384509,0.4779954598006815,0.49008655548095703,0.00432224031917505,-0.6727767970106322
03,315,1,0.43568464730290457,0.4810522257196998,0.4915308654308319,0.0025427198543354224,-0.880808407794456
03,316,1,0.43706777316735823,0.4782553150506524,0.4817456901073456,0.003941062201468446,-0.9841057494811224
03,317,1,0.4384508990318119,0.47990009539815276,0.4958997964859009,0.0024190701070402644,-0.7636233193680508
03,318,1,0.43983402489626555,0.47908791249809657,0.48965197801589966,0.0038048155171885563,-0.7596187090153346
03,319,1,0.4412171507607192,0.4820952333385955,0.4875221252441406,0.0018558774666951362,-1.1019212653130466
03,320,1,0.4426002766251729,0.47866518463618385,0.48359113931655884,0.004761408458178959,-0.810758789267277
03,321,1,0.44398340248962653,0.4798795016981558,0.48288094997406006,0.003649558792589891,-0.9904690873329475
03,322,1,0.44536652835408025,0.4792319000544281,0.48260757327079773,0.004292012011318303,-0.9077143429997391
03,323,1,0.4467496542185339,0.4800479976411462,0.4935010075569153,0.003511911313683125,-0.6824899037355308
03,324,1,0.44813278008298757,0.48030693139892544,0.4864751398563385,0.0027411686315415547,-1.008557336610859
03,325,1,0.44951590594744123,0.48333270624895197,0.48065292835235596,0.0011258997873234856,-1.417371156521547
03,326,1,0.4508990318118949,0.4831325136127519,0.4821445047855377,0.0011893242460995464,-1.362369827210117
03,327,1,0.45228215767634855,0.48610796008838253,0.48179179430007935,0.000860123529430286,-1.4199717454166083
03,328,1,0.4536652835408022,0.4841926915824733,0.4809999167919159,0.0026192902777681494,-1.1947083957771132
03,329,1,0.45504840940525587,0.4872955213185951,0.4843596816062927,0.0013209246509965113,-1.2753766760647594
03,330,1,0.45643153526970953,0.48582615895886966,0.48074662685394287,0.0029479667146695672,-1.1558695650652724
03,331,1,0.4578146611341632,0.48813438180363267,0.4883728623390198,0.0017488758242198178,-1.0908721616041674
03,332,1,0.45919778699861685,0.4864206176476956,0.4863363802433014,0.003533524791185569,-0.900374864828084
03,333,1,0.4605809128630705,0.48914395745442535,0.4879358112812042,0.0020104455995285965,-1.0672250796399312
03,334,1,0.46196403872752423,0.48730021550438285,0.47667351365089417,0.003673017484761493,-1.1785729784309589
03,335,1,0.4633471645919779,0.48999508863155106,0.48488378524780273,0.0019757042529579584,-1.1662786114060963
03,336,1,0.46473029045643155,0.4877283855246445,0.4814974367618561,0.004078538307857743,-0.9722492889872111
03,337,1,0.4661134163208852,0.48963921253311815,0.4793538451194763,0.0027316759682604365,-1.2295209455796332
03,338,1,0.46749654218533887,0.4883062820344629,0.4820106625556946,0.0039513975369497275,-0.9744672362322446
03,339,1,0.46887966804979253,0.48994609743031253,0.4866611063480377,0.002664615666947246,-1.0136876616821389
03,340,1,0.4702627939142462,0.48739248546570024,0.48650306463241577,0.0051044629379227826,-0.6722659729750345
03,341,1,0.47164591977869985,0.4894150940312053,0.47899556159973145,0.0032907928358364875,-1.1612128785359497
03,342,1,0.4730290456431535,0.488068979510058,0.48327186703681946,0.004287964253350746,-0.8878024496566762
03,343,1,0.47441217150760717,0.4899045568164363,0.48649394512176514,0.0025924591644626745,-1.0290842207029303
03,344,1,0.47579529737206083,0.48858555280344085,0.489350289106369,0.0037016801753976232,-0.7835609469729373
03,345,1,0.47717842323651455,0.49072157416184115,0.48248234391212463,0.0022135455260349247,-1.206579964080357
03,346,1,0.4785615491009682,0.4884836542515834,0.4890196621417999,0.004428465594349157,-0.6906022167266713
03,347,1,0.47994467496542187,0.49096916300547877,0.4929359555244446,0.002570989098185126,-0.8334639591839437
03,348,1,0.48132780082987553,0.4885859322503641,0.48845210671424866,0.004696007828210444,-0.6701321172461222
03,349,1,0.4827109266943292,0.49052566604527464,0.4878651797771454,0.003007844987888284,-0.9278391155751233
03,350,1,0.48409405255878285,0.4891739916997861,0.4789504408836365,0.004059066211377649,-1.0535607908672033
03,351,1,0.4854771784232365,0.4901396635135851,0.48718199133872986,0.00326597875962929,-0.9122704401209558
03,352,1,0.48686030428769017,0.4897003241526302,0.49505576491355896,0.0034979432476107937,-0.6365246913296934
03,353,1,0.48824343015214383,0.4915869985205216,0.4863746762275696,0.0021148132346338923,-1.100556266277046
03,354,1,0.4896265560165975,0.4894440568573313,0.48764726519584656,0.004298141637288003,-0.7514233922158156
03,355,1,0.49100968188105115,0.49230628943265126,0.4849110245704651,0.0022161508344166227,-1.1313111887637135
03,356,1,0.49239280774550487,0.4906688902065451,0.4759034812450409,0.0036824810572270135,-1.2009771009412968
03,357,1,0.49377593360995853,0.49189742758862715,0.48331376910209656,0.0026960851886236566,-1.1124508792600558
03,358,1,0.4951590594744122,0.4887746977841802,0.4961138069629669,0.005896422260096995,-0.26347127232425793
03,359,1,0.49654218533886585,0.49215699526001017,0.48490166664123535,0.0033195429492965424,-0.9749916875025009
03,360,1,0.4979253112033195,0.48950609685409363,0.4786987900733948,0.004960359878735538,-0.9333979521874158
03,361,1,0.49930843706777317,0.49130660043501184,0.47807803750038147,0.00305101894556584,-1.2235406506000899
03,362,1,0.5006915629322268,0.48924833868470113,0.49829745292663574,0.004779712921611332,-0.3546272456247134
03,363,1,0.5020746887966805,0.4914075435457899,0.48671412467956543,0.003100129911599473,-0.9502386315900508
03,364,1,0.5034578146611342,0.4884773209034727,0.4932939112186432,0.005481777999414958,-0.4092869285815163
03,365,1,0.5048409405255878,0.4916354907393475,0.498946875333786,0.0029271082892246038,-0.5975457697109181
03,366,1,0.5062240663900415,0.48840209580122024,0.48982468247413635,0.00538203169009607,-0.5304331009607317
03,367,1,0.5076071922544951,0.49127362520981516,0.4923306107521057,0.0030163154603306853,-0.7889257698949808
03,368,1,0.5089903181189488,0.48915720460734535,0.4949422776699066,0.004381882579107069,-0.5145641328256655
03,369,1,0.5103734439834025,0.4916494400787956,0.4990340769290924,0.0025873449647524117,-0.6430802598606948
03,370,1,0.5117565698478561,0.490224233749279,0.48853152990341187,0.0034883116980035907,-0.8390950636669766
03,371,1,0.5131396957123098,0.49151927678664675,0.4943591058254242,0.0026488031476505193,-0.7785304868499092
03,372,1,0.5145228215767634,0.49035440104056577,0.4968344271183014,0.003875091787939389,-0.528141919052689
03,373,1,0.5159059474412172,0.49236242148553755,0.4926668405532837,0.002451989869160929,-0.8586532512262899
03,374,1,0.5172890733056709,0.4892831254779979,0.49256598949432373,0.005423911810497864,-0.4399487197882691
03,375,1,0.5186721991701245,0.4916507732022892,0.49070385098457336,0.0032864200759342467,-0.8007571836783287
03,376,1,0.5200553250345782,0.48941928214273517,0.48207399249076843,0.005085352181850936,-0.8115682455985437
03,377,1,0.5214384508990318,0.49240271591197604,0.48752763867378235,0.002641464768175176,-0.9902502294009242
03,378,1,0.5228215767634855,0.4899320344978515,0.4912773072719574,0.004348893708886606,-0.6322717513658559
03,379,1,0.5242047026279392,0.49120140352996305,0.4923594295978546,0.0032417519317384487,-0.7560400703342361
03,380,1,0.5255878284923928,0.49034400626572827,0.49901673197746277,0.003986806777891688,-0.44498492142424473
03,381,1,0.5269709543568465,0.49276573404724894,0.4857880771160126,0.0022887331132819023,-1.0939615927912572
03,382,1,0.5283540802213001,0.4905828702452821,0.489776074886322,0.004069878362904342,-0.7181703922277323
03,383,1,0.5297372060857538,0.4929192025770938,0.4848061800003052,0.0023460303292584285,-1.1161103033826765
03,384,1,0.5311203319502075,0.4904181954818544,0.4904378056526184,0.004826711824972391,-0.5903431509032049
03,385,1,0.5325034578146611,0.49260722117882205,0.4881729781627655,0.003032355475922375,-0.9148679508500731
03,386,1,0.5338865836791148,0.4906883979312316,0.49136289954185486,0.004535428462519986,-0.6031566443763776
03,387,1,0.5352697095435685,0.49231884326532843,0.49373185634613037,0.0030281969123612702,-0.7440258567712423
03,388,1,0.5366528354080221,0.4907826582489326,0.4868938624858856,0.004317460238365029,-0.7719159084659316
03,389,1,0.5380359612724758,0.4922486918926672,0.4868394434452057,0.002957168303669589,-0.9666648931634334
03,390,1,0.5394190871369294,0.48979691227016225,0.4934943616390228,0.005304689587366196,-0.4282399070606205
03,391,1,0.5408022130013831,0.492422624121021,0.4920864701271057,0.0030505714420718012,-0.7915928495123755
03,392,1,0.5421853388658368,0.4897160834803577,0.4813925623893738,0.005188592175826537,-0.8179299305455165
03,393,1,0.5435684647302904,0.4917669833380799,0.501606285572052,0.0031781077502240664,-0.4799060341840381
03,394,1,0.5449515905947441,0.4887225181901439,0.4956694543361664,0.005795086635249827,-0.2915577304764238
03,395,1,0.5463347164591977,0.4915410480840435,0.49647530913352966,0.0033988323636977603,-0.6068139695164231
03,396,1,0.5477178423236515,0.4887844273982086,0.48812437057495117,0.005244184897936152,-0.6024347097685439
03,397,1,0.5491009681881052,0.491520956089937,0.4933595061302185,0.002924615726936964,-0.7702105253659348
03,398,1,0.5504840940525588,0.49060562635664823,0.4892294704914093,0.0031285651069235506,-0.8686310357203868
03,399,1,0.5518672199170125,0.4912990064534504,0.4817553460597992,0.0029059620517473935,-1.130723155301093
03,400,1,0.5532503457814661,0.4887474872902127,0.4896376430988312,0.0053969708073368485,-0.5340809201833271
03,401,1,0.5546334716459198,0.49068411744210083,0.49297386407852173,0.0037010298997961523,-0.6719044527985714
03,402,1,0.5560165975103735,0.48891373252028125,0.48956865072250366,0.005012280888310292,-0.5908089151322116
03,403,1,0.5573997233748271,0.4913899197947943,0.49336981773376465,0.0026328229873643673,-0.8113076310111185
03,404,1,0.5587828492392808,0.48829284578830495,0.48862773180007935,0.005232922496530829,-0.5885098737325658
03,405,1,0.5601659751037344,0.49180632229025856,0.48830822110176086,0.0026441330654793684,-0.9657988343742152
03,406,1,0.5615491009681881,0.487180876360394,0.4897167384624481,0.006511782761004292,-0.3734127190851215
03,407,1,0.5629322268326418,0.49082084693447614,0.4942784011363983,0.003540192629393677,-0.654501510350495
03,408,1,0.5643153526970954,0.48788075705600564,0.4917868673801422,0.00523641981034127,-0.4905877193711136
03,409,1,0.5656984785615491,0.4917117786526398,0.4961203932762146,0.0026097747566814706,-0.7297529101138464
03,410,1,0.5670816044260027,0.48872679190602714,0.4973812997341156,0.004263726867840265,-0.45611644612150304
03,411,1,0.5684647302904564,0.49114834714134536,0.4940739572048187,0.002721037331991725,-0.7770718554867023
03,412,1,0.5698478561549101,0.4890188975730186,0.49332132935523987,0.004439975138974398,-0.5563078976429414
03,413,1,0.5712309820193637,0.49081854530754043,0.49589648842811584,0.00310629559636905,-0.6661851500958419
03,414,1,0.5726141078838174,0.4872998930431376,0.4965780973434448,0.006220206461833797,-0.20319708370217712
03,415,1,0.573997233748271,0.4917936884372091,0.49003317952156067,0.0028981932444779347,-0.8765425917168388
03,416,1,0.5753803596127247,0.4897568868133168,0.4940749704837799,0.0035678232998981154,-0.6568534721816687
03,417,1,0.5767634854771784,0.4913610811323886,0.4910213053226471,0.002231832645839125,-0.9406481736307224
03,418,1,0.5781466113416321,0.4892540129251967,0.49311912059783936,0.004390828454304799,-0.5695194410622537
03,419,1,0.5795297372060858,0.4916968250770986,0.48980075120925903,0.0029395615442709445,-0.877838996087063
03,420,1,0.5809128630705395,0.4912413874043923,0.506805956363678,0.002867768105596355,-0.3635989657929971
03,421,1,0.5822959889349931,0.4930105841292582,0.48792773485183716,0.0016359040863346032,-1.1206340679938118
03,422,1,0.5836791147994468,0.48771365068025163,0.49635887145996094,0.007179005726723334,-0.07387232078209666
03,423,1,0.5850622406639004,0.4908003736137628,0.4854873716831207,0.0045321628941338045,-0.7848177483726168
03,424,1,0.5864453665283541,0.48606487648268115,0.48472368717193604,0.008218576497223583,-0.2851444210099039
03,425,1,0.5878284923928078,0.48865554741215383,0.49398261308670044,0.004910722497461776,-0.46909958992525347
03,426,1,0.5892116182572614,0.48625572537712497,0.4912422299385071,0.005644840693075898,-0.44941547071477655
03,427,1,0.5905947441217151,0.4881463766410739,0.49434080719947815,0.0036166429307220617,-0.6417261020859332
03,428,1,0.5919778699861687,0.48573882838865784,0.4915715754032135,0.0051337571125891325,-0.5117984459325131
03,429,1,0.5933609958506224,0.4897778927413188,0.4870469272136688,0.002314322108155107,-1.051507510964465
03,430,1,0.5947441217150761,0.4868278936589899,0.494183748960495,0.004243766151042505,-0.5575600063325582
03,431,1,0.5961272475795297,0.48999657584202466,0.49325889348983765,0.00208407632539365,-0.8926138949636263
03,432,1,0.5975103734439834,0.4835984490754901,0.4990379810333252,0.008078802605246193,0.1364608942613087
03,433,1,0.598893499308437,0.4884501154707452,0.495650053024292,0.00439948377472903,-0.4902385868243347
03,434,1,0.6002766251728907,0.4833723876336763,0.4911685883998871,0.007437824901124668,-0.19720234821176263
03,435,1,0.6016597510373444,0.48901180540051287,0.49440014362335205,0.0035873544554985643,-0.6440532140205715
03,436,1,0.603042876901798,0.4842437531959794,0.49244973063468933,0.005456390222115218,-0.43892430200800614
03,437,1,0.6044260027662517,0.4897236363126621,0.49394693970680237,0.0031798358149983047,-0.7158702089848463
03,438,1,0.6058091286307054,0.48483780426505524,0.4903215169906616,0.0053420453936409125,-0.5207864220143759
03,439,1,0.607192254495159,0.4887849262770595,0.4927693009376526,0.003131861867632751,-0.7589969545191352
03,440,1,0.6085753803596127,0.4868551153843442,0.4893307387828827,0.0036343686513333863,-0.7937176140862451
03,441,1,0.6099585062240664,0.48860281256230137,0.5000261068344116,0.0026949698048482802,-0.5972111272230318
03,442,1,0.6113416320885201,0.4882266722394112,0.5066218376159668,0.0026354464057674167,-0.40225126062931493
03,443,1,0.6127247579529738,0.4912775108913074,0.5037606954574585,0.0012948786084990777,-0.6807583219509313
03,444,1,0.6141078838174274,0.49032380758555466,0.4937880039215088,0.0020086742067748882,-0.8869985317736148
03,445,1,0.6154910096818811,0.4921927183997448,0.4952445924282074,0.0012230010453847008,-0.953591443140843
03,446,1,0.6168741355463347,0.4908770605495022,0.4885455369949341,0.0032200707524908086,-0.8767354187069789
03,447,1,0.6182572614107884,0.4936400484746859,0.505702793598175,0.0017827830628240372,-0.5516153340800705
03,448,1,0.6196403872752421,0.491486050520364,0.5090447664260864,0.0038643122549964328,-0.1531126524989126
03,449,1,0.6210235131396957,0.49308354003062654,0.49482837319374084,0.002637737428969795,-0.7656291682432737
03,450,1,0.6224066390041494,0.49075518300426235,0.5021181702613831,0.0051084459125208094,-0.19014054712866524
03,451,1,0.623789764868603,0.48497203555512286,0.4900229573249817,0.01086112397535034,0.25334726985535083
03,452,1,0.6251728907330567,0.49543776437961834,0.6143127679824829,0.003647374607096703,3.0624961184481476
03,453,1,0.6265560165975104,0.5042155006570568,0.5273101329803467,0.009561415891660737,1.2187886196582896
03,454,1,0.627939142461964,0.5530858187528565,0.5375187993049622,0.055648743830852866,8.074944471838768
03,455,1,0.6293222683264177,0.5491107638066588,0.5239762663841248,0.038796948225203215,5.265470098768786
03,456,1,0.6307053941908713,0.5771841348801077,0.5067275762557983,0.04812971895807156,6.058162295549677
03,457,1,0.632088520055325,0.5682679758639961,0.506137490272522,0.023953437629491172,2.6085448046571713
03,458,1,0.6334716459197787,0.5979026335294226,0.521902322769165,0.03239850618052937,4.293358920792651
03,459,1,0.6348547717842323,0.5926818067869054,0.5096533894538879,0.019302279919726908,2.056818736144609
03,460,1,0.636237897648686,0.6073651899178241,0.5107264518737793,0.019764098129727597,2.155458697948939
03,461,1,0.6376210235131397,0.6036318544672015,0.5067666172981262,0.011070557449584902,0.7994368763623116
03,462,1,0.6390041493775933,0.6118819556573684,0.5115521550178528,0.00789463045904146,0.49625004521051513
03,463,1,0.640387275242047,0.5993009101564339,0.4995807707309723,0.008617234040252853,0.2296215448970223
03,464,1,0.6417704011065007,0.6086408020557313,0.5191701650619507,0.004796986042486955,0.2915257969899433
03,465,1,0.6431535269709544,0.6001891680129148,0.511117160320282,0.00926666659425751,0.6775727090026102
03,466,1,0.6445366528354081,0.6108915405155615,0.5298560261726379,0.005976560690535448,0.7884920154320207
03,467,1,0.6459197786998617,0.5937963673902584,0.49885743856430054,0.014551191817890467,1.0495406951227337
03,468,1,0.6473029045643154,0.5868635281613664,0.5096731781959534,0.020107895355238575,2.1717726731154032
03,469,1,0.648686030428769,0.5518160429879699,0.53512042760849,0.04971106205504385,7.158225363971308
03,470,1,0.6500691562932227,0.5345249753926988,0.5391055941581726,0.054908848394078745,8.018864426841986
03,471,1,0.6514522821576764,0.570251303604431,0.4983559846878052,0.025016500901934427,2.5194521183233505
03,472,1,0.65283540802213,0.5801970517144849,0.5207149982452393,0.02194793659671141,2.7734586520675606
03,473,1,0.6542185338865837,0.5750999090611505,0.5124788284301758,0.015577573744530723,1.6152936378636924
03,474,1,0.6556016597510373,0.5940534875446593,0.5099817514419556,0.025443223578479446,2.9385496685462473
03,475,1,0.656984785615491,0.5940740289547493,0.5114911794662476,0.011289757050132045,0.9762511487121612
03,476,1,0.6583679114799447,0.6082032494297758,0.5191090703010559,0.018755176088026293,2.2707737731032953
03,477,1,0.6597510373443983,0.6052506170381333,0.5343153476715088,0.010995701267980048,1.638397936844577
03,478,1,0.661134163208852,0.6201551258737226,0.5240692496299744,0.01616782610890466,2.0565114629650365
03,479,1,0.6625172890733056,0.617605051610775,0.521770715713501,0.009085770199762724,0.9804464824601731
03,480,1,0.6639004149377593,0.6265155895462209,0.5214910507202148,0.010120124535130727,1.11863112212859
03,481,1,0.665283540802213,0.6246177453804205,0.5404762625694275,0.0053115082277169455,1.021620379005587
03,482,1,0.6666666666666666,0.632271600894005,0.51557457447052,0.006456268768231801,0.4161475156605354
03,483,1,0.6680497925311203,0.6270295021156447,0.5157594084739685,0.0036536107992432227,0.02405716148480025
03,484,1,0.669432918395574,0.6351242616305683,0.5227465033531189,0.003934149364420815,0.2793525723617256
03,485,1,0.6708160442600276,0.6340043886226369,0.5316056609153748,0.003218762952529353,0.4510263001748672
03,486,1,0.6721991701244814,0.6396028311015943,0.5275886058807373,0.0039034387628920945,0.42432113409195155
03,487,1,0.673582295988935,0.6378478588346579,0.5354965925216675,0.002704909693872582,0.49808730847688254
03,488,1,0.6749654218533887,0.6442734210335966,0.5347400903701782,0.004036631963243778,0.6637730027305948
03,489,1,0.6763485477178424,0.6424939000628074,0.5262247323989868,0.002287610364876353,0.1529202561230576
03,490,1,0.677731673582296,0.6481448837174069,0.5343283414840698,0.003498426936254298,0.5746857037529716
03,491,1,0.6791147994467497,0.6460800308928185,0.5244307518005371,0.0023007456587868574,0.09945935017851898
03,492,1,0.6804979253112033,0.6514222800451517,0.5345752835273743,0.0025822670955058273,0.45226764445947404
03,493,1,0.681881051175657,0.6488047897473496,0.5379242897033691,0.0021043195790653385,0.4877122316191025
03,494,1,0.6832641770401107,0.6545984726594619,0.539323091506958,0.002393522535791756,0.5718979385815259
03,495,1,0.6846473029045643,0.6631326154394425,0.5334186553955078,0.009314268080258538,1.372093130712396
03,496,1,0.686030428769018,0.6639457375769335,0.5247086882591248,0.0061760738169457895,0.6580688858783126
03,497,1,0.6874135546334716,0.671353367578297,0.5385878086090088,0.010141009699511625,1.648848762396779
03,498,1,0.6887966804979253,0.6693114800930613,0.5185689330101013,0.004201312303754614,0.18843823105534988
03,499,1,0.690179806362379,0.7062230151789584,0.5162444114685059,0.03569526098403628,4.586791786641112
03,500,1,0.6915629322268326,0.6801443704756502,0.5328879356384277,0.012601729502100947,1.8223263424464222
03,501,1,0.6929460580912863,0.7312812829381682,0.5101983547210693,0.04593127058368796,5.853165884234223
03,502,1,0.69432918395574,0.7339511705463964,0.5131968855857849,0.03361917935194834,4.198142855254909
03,503,1,0.6957123098201936,0.8036087366140243,0.5133424401283264,0.08711682280624254,11.795729224051408
03,504,1,0.6970954356846473,0.807832423231042,0.5258826017379761,0.0669940790644937,9.326372374441107
03,505,1,0.6984785615491009,0.8210476247189666,0.5362723469734192,0.048287267363570426,6.991665946187129
03,506,1,0.6998616874135546,0.831996107386149,0.5475053191184998,0.03679416458555321,5.706829686775243
03,507,1,0.7012448132780082,0.8328753053824065,0.5399906039237976,0.013440920178341472,2.160477307704976
03,508,1,0.7026279391424619,0.8343438620651502,0.520869255065918,0.0075769471322154796,0.7384937482433704
03,509,1,0.7040110650069157,0.8285621378524973,0.5123113989830017,0.005979234407033817,0.24780615544962586
03,510,1,0.7053941908713693,0.833166245633942,0.5242251753807068,0.0039537246467218935,0.32773227914815395
03,511,1,0.706777316735823,0.8250824899032974,0.5271967649459839,0.01074635185319017,1.383474302191861
03,512,1,0.7081604426002767,0.8302254089226688,0.5473886728286743,0.005508297669129445,1.2627257725709857
03,513,1,0.7095435684647303,0.8301639995239576,0.5326769351959229,0.00379099827826702,0.5652829834816786
03,514,1,0.710926694329184,0.8311250606568268,0.5089836120605469,0.002992542325099783,-0.2787318057643868
03,515,1,0.7123098201936376,0.8270126313741758,0.5197932124137878,0.005728562400500345,0.44296190340316777
03,516,1,0.7136929460580913,0.8265117396825741,0.5158734321594238,0.00671198945982168,0.4616593841388737
03,517,1,0.715076071922545,0.8234015137420437,0.5135480165481567,0.008893798090328333,0.6996163369125561
03,518,1,0.7164591977869986,0.8220618906733337,0.5159304141998291,0.00854279971355992,0.7232696321006498
03,519,1,0.7178423236514523,0.8213000996701108,0.5091601014137268,0.007038798220909579,0.3010095039376638
03,520,1,0.719225449515906,0.8208012185633085,0.51153963804245,0.006109546401695612,0.2425011424544526
03,521,1,0.7206085753803596,0.8196880583644851,0.5139904618263245,0.005795076320702555,0.27344923873164256
03,522,1,0.7219917012448133,0.8200436048464561,0.5010455250740051,0.004511165994341895,-0.3079941702232467
03,523,1,0.7233748271092669,0.8204412954093732,0.5076491832733154,0.0036089039747054493,-0.23240250802746032
03,524,1,0.7247579529737206,0.8187240407112119,0.5070763230323792,0.00511145760768236,-0.03680675118754997
03,525,1,0.7261410788381742,0.8164483720850151,0.5059441924095154,0.006867831770854979,0.17756704396162673
03,526,1,0.7275242047026279,0.817586223568592,0.5091649889945984,0.00492005871741055,0.00044052530299557024
03,527,1,0.7289073305670816,0.8163320478775958,0.5029436945915222,0.005559889088940698,-0.1006070683209871
03,528,1,0.7302904564315352,0.8175983030978276,0.5107508301734924,0.0032663219857646504,-0.18537344926906008
03,529,1,0.7316735822959889,0.8181242379614306,0.4995846450328827,0.002458952718815491,-0.644324219571577
03,530,1,0.7330567081604425,0.8193733954637984,0.5082570314407349,0.0016287616855516192,-0.49470499735540974
03,531,1,0.7344398340248963,0.8205408634659614,0.4999881684780121,0.0009080866571901632,-0.8519993603396132
03,532,1,0.73582295988935,0.8204108074047685,0.5008447170257568,0.0020903466154745505,-0.6577818699284489
03,533,1,0.7372060857538036,0.8186320284253232,0.49175071716308594,0.004572251671655006,-0.5859701511328369
03,534,1,0.7385892116182573,0.8197419414448149,0.4951092302799225,0.003589286268136452,-0.6219112356549501
03,535,1,0.739972337482711,0.8186469363680595,0.4973698556423187,0.0047764278401460055,-0.383700029256392
03,536,1,0.7413554633471646,0.8194050974886717,0.5036247372627258,0.003544784945058302,-0.36561453657694326
03,537,1,0.7427385892116183,0.8174584058669322,0.5065159201622009,0.005240049087773671,-0.03583781156943158
03,538,1,0.7441217150760719,0.8177973419324766,0.5129826068878174,0.004607707382631551,0.07384041928341786
03,539,1,0.7455048409405256,0.8191786140722652,0.4973202645778656,0.0027402853647582855,-0.6742258257908992
03,540,1,0.7468879668049793,0.8217046531498868,0.5132726430892944,0.0014086684469109424,-0.37126522700395226
03,541,1,0.7482710926694329,0.8194856419923318,0.5026524066925049,0.0031410657860469456,-0.4529018004694202
03,542,1,0.7496542185338866,0.821549718766369,0.5160724520683289,0.0018974456257805396,-0.21554710366606727
03,543,1,0.7510373443983402,0.8204891109783133,0.4967498779296875,0.0035825000398883563,-0.5722778782237061
03,544,1,0.7524204702627939,0.8223901166424532,0.4947305917739868,0.0022412306297327524,-0.8249222082284015
03,545,1,0.7538035961272476,0.8188366126186426,0.491218239068985,0.0057339884992127195,-0.4375022910409005
03,546,1,0.7551867219917012,0.8233973692647771,0.5112344026565552,0.002572962028125462,-0.26887124888100034
03,547,1,0.7565698478561549,0.8195739017405601,0.5050972700119019,0.0052963546584749695,-0.07159646057784286
03,548,1,0.7579529737206085,0.8218409330487997,0.5110559463500977,0.003215645890319172,-0.18315648277894223
03,549,1,0.7593360995850622,0.8202171133346061,0.5013419389724731,0.004287044856577269,-0.3306632053388731
03,550,1,0.7607192254495159,0.8224013451974371,0.501781702041626,0.002821663299554942,-0.5250876401224553
03,551,1,0.7621023513139695,0.8196442597226321,0.5095129013061523,0.004956017630707158,0.016273691340715865
03,552,1,0.7634854771784232,0.8251549770285438,0.5021824240684509,0.0018136171018473474,-0.6558049554214936
03,553,1,0.7648686030428768,0.8193273653542978,0.5031744241714478,0.006119012489495449,-0.01413327775724206
03,554,1,0.7662517289073306,0.8221810964096194,0.49687010049819946,0.0037513191621598753,-0.5446092326243472
03,555,1,0.7676348547717843,0.8202796322859853,0.4888446629047394,0.004889246365776476,-0.630598944347035
03,556,1,0.7690179806362379,0.8197632885948067,0.49409347772598267,0.00556443319779337,-0.3728972708553483
03,557,1,0.7704011065006916,0.8187386460698076,0.5000218152999878,0.005241153614358227,-0.23595518213543992
03,558,1,0.7717842323651453,0.818818465178951,0.5043695569038391,0.005014154684092329,-0.13409225467440686
03,559,1,0.7731673582295989,0.8167359029138392,0.48772338032722473,0.006256059141536927,-0.4711823390141484
03,560,1,0.7745504840940526,0.8200176396185246,0.4984809160232544,0.003010867641560031,-0.6000274219150075
03,561,1,0.7759336099585062,0.8181481298129685,0.4941955506801605,0.004021487655300635,-0.5887447710794458
03,562,1,0.7773167358229599,0.8216752477475749,0.4944368004798889,0.0017064088222646595,-0.9098915771677387
03,563,1,0.7786998616874136,0.8183188669895225,0.4879254102706909,0.0044173170566928184,-0.7259306101296379
03,564,1,0.7800829875518672,0.8216380494487637,0.5021025538444519,0.0024350760413953156,-0.5700623795874831
03,565,1,0.7814661134163209,0.8182023455519951,0.4952026903629303,0.005334681970700803,-0.3712991975148769
03,566,1,0.7828492392807745,0.821642860700116,0.4974686801433563,0.0029095875267992934,-0.6456191663327643
03,567,1,0.7842323651452282,0.8182760543694279,0.49182501435279846,0.005266430326160002,-0.48515179873550734
03,568,1,0.7856154910096819,0.8214375521377806,0.503688633441925,0.0029565874823622752,-0.4471288305091481
03,569,1,0.7869986168741355,0.8194724266177655,0.49716848134994507,0.004009230595052868,-0.49880113034402984
03,570,1,0.7883817427385892,0.8222681740769663,0.49631717801094055,0.0022104863272973986,-0.780356519763651
03,571,1,0.7897648686030428,0.8193138077111866,0.49077415466308594,0.00464169811228701,-0.6062299658494685
03,572,1,0.7911479944674965,0.8220561040591186,0.49194398522377014,0.0028115974691629887,-0.829905361710571
03,573,1,0.7925311203319502,0.8209520746474511,0.49070924520492554,0.003417507491796615,-0.7819851585925865
03,574,1,0.7939142461964038,0.8210736856037287,0.49186021089553833,0.003665808542940405,-0.7112479054327118
03,575,1,0.7952973720608575,0.8215366271285194,0.4828084707260132,0.0029042448998403666,-1.0984891691132739
03,576,1,0.7966804979253111,0.8230370356582852,0.47616732120513916,0.0019913546846929454,-1.4328676032277128
03,577,1,0.7980636237897649,0.8200846191829343,0.48896586894989014,0.005157190599550329,-0.5888308138645574
03,578,1,0.7994467496542186,0.8224808693898467,0.4924857020378113,0.003023810825367238,-0.7830790095057809
03,579,1,0.8008298755186722,0.8200513891745935,0.48761531710624695,0.005325352688291371,-0.6066131878742327
03,580,1,0.8022130013831259,0.8226235480245917,0.48940664529800415,0.002949572970213119,-0.8885720215382398
03,581,1,0.8035961272475796,0.8212256590826007,0.49083438515663147,0.0036764013833793492,-0.7413802539023842
03,582,1,0.8049792531120332,0.8246678173027921,0.48246297240257263,0.001675233093908734,-1.2835818340927507
03,583,1,0.8063623789764869,0.8230509728468751,0.4847673177719116,0.0026830845722579074,-1.0694695662332812
03,584,1,0.8077455048409405,0.8247192682877726,0.4851696193218231,0.0018804419652818406,-1.170984558719547
03,585,1,0.8091286307053942,0.8234816521980575,0.4828079342842102,0.003526231204941191,-1.010225138226488
03,586,1,0.8105117565698479,0.8267536007275945,0.47884440422058105,0.0017358644144391568,-1.3865706138020335
03,587,1,0.8118948824343015,0.823830829475461,0.483877956867218,0.004262498062602396,-0.87272551838903
03,588,1,0.8132780082987552,0.8264854565535907,0.4903017580509186,0.0024117578760863324,-0.9373011789810421
03,589,1,0.8146611341632088,0.8261585514767831,0.4870864450931549,0.0025712872848813713,-1.0138168864092756
03,590,1,0.8160442600276625,0.8269218885997988,0.4821864068508148,0.0024771749815470897,-1.178288677334708
03,591,1,0.8174273858921162,0.824432447713259,0.4964078664779663,0.005008687836137946,-0.38040174474235655
03,592,1,0.8188105117565698,0.8250679103206315,0.482971727848053,0.004523629788214853,-0.8636097656877595
03,593,1,0.8201936376210235,0.825372726241997,0.4780314564704895,0.003864427308609611,-1.1095274399705963
03,594,1,0.8215767634854771,0.8245667064927042,0.4906601905822754,0.004473990749205817,-0.6335478079346305
03,595,1,0.8229598893499308,0.8248481786163052,0.485065758228302,0.0036037230988312215,-0.929596576432699
03,596,1,0.8243430152143845,0.8241763347263292,0.48133906722068787,0.004379499714568772,-0.9344168584398727
03,597,1,0.8257261410788381,0.8234357858197054,0.49020227789878845,0.004897154722616978,-0.5876084862351286
03,598,1,0.8271092669432918,0.8245437558012482,0.491211473941803,0.0033049496355013726,-0.7824724468834129
03,599,1,0.8284923928077456,0.8245534105958356,0.49353882670402527,0.0032895571680498755,-0.7128830445021259
03,600,1,0.8298755186721992,0.8249554117228155,0.4886869490146637,0.0028138640359526264,-0.9300286237062564
03,601,1,0.8312586445366529,0.825827364608079,0.4862082302570343,0.002136680399810656,-1.1025856769847484
03,602,1,0.8326417704011065,0.8253518339114913,0.48401162028312683,0.003210105793491844,-1.0179729391779988
03,603,1,0.8340248962655602,0.8264880819396163,0.48201391100883484,0.00227587729292755,-1.2121791884459816
03,604,1,0.8354080221300139,0.8282665446964219,0.47950467467308044,0.0011724967291421463,-1.4461689249950673
03,605,1,0.8367911479944675,0.8278545742802395,0.4900955259799957,0.002220836031651183,-0.9707594164329264
03,606,1,0.8381742738589212,0.8253314042179098,0.48689237236976624,0.005250808512020891,-0.6394886538152024
03,607,1,0.8395573997233748,0.8264976157956034,0.48696744441986084,0.0040794895109319525,-0.8034226603419743
03,608,1,0.8409405255878285,0.82804749697286,0.48364579677581787,0.0025885415817027725,-1.1174753730763372
03,609,1,0.8423236514522822,0.8269680610269454,0.4822707176208496,0.0035566658126962554,-1.0224728801541159
03,610,1,0.8437067773167358,0.8285024293130205,0.47911667823791504,0.0018494625517374887,-1.362050493568606
03,611,1,0.8450899031811895,0.8283546459212201,0.48807722330093384,0.0027412088788757423,-0.959144370923405
03,612,1,0.8464730290456431,0.8301850063848795,0.4854544401168823,0.0015718953738525256,-1.2059939019066603
03,613,1,0.8478561549100968,0.8281914071851955,0.47786766290664673,0.0039030824993094267,-1.1090922720982377
03,614,1,0.8492392807745505,0.8297712160517723,0.4971568286418915,0.002700623800985822,-0.6848953850083933
03,615,1,0.8506224066390041,0.8289216979977546,0.4764370322227478,0.00379582491100072,-1.1684354536673214
03,616,1,0.8520055325034578,0.8299774683034766,0.4829118847846985,0.0028818176244123335,-1.0984831215175337
03,617,1,0.8533886583679114,0.8307131448529115,0.4917835593223572,0.002094256554626775,-0.9366673660160193
03,618,1,0.8547717842323651,0.8279836547620428,0.48237085342407227,0.0054541810624244265,-0.7500641362822663
03,619,1,0.8561549100968188,0.8280454435237589,0.48012128472328186,0.004945501978276032,-0.8916379362253105
03,620,1,0.8575380359612724,0.8292524232011093,0.48696741461753845,0.003519458682426699,-0.8829106080420468
03,621,1,0.8589211618257261,0.830938932464097,0.48628926277160645,0.00178651483171695,-1.1497868425909257
03,622,1,0.8603042876901799,0.8313382986984873,0.485377699136734,0.0013087688122531945,-1.2457069693907528
03,623,1,0.8616874135546335,0.8304631390689128,0.49015751481056213,0.0030225894259388294,-0.8550522073685943
03,624,1,0.8630705394190872,0.832272747286323,0.46983885765075684,0.0020038183989245263,-1.6262644521801826
03,625,1,0.8644536652835408,0.8298354286444736,0.4843309223651886,0.005009804757969941,-0.7526886331290388
03,626,1,0.8658367911479945,0.8307362508105357,0.4832332134246826,0.0038331066370019514,-0.9535539495221823
03,627,1,0.8672199170124482,0.8303505363036758,0.48062843084335327,0.004068309171873921,-1.0005007441112665
03,628,1,0.8686030428769018,0.8302515621820331,0.49971434473991394,0.00413913260220741,-0.4018508710633727
03,629,1,0.8699861687413555,0.8323146304444292,0.49069371819496155,0.001883911390339197,-1.0001323711899608
03,630,1,0.8713692946058091,0.8318389786255005,0.4887450039386749,0.00266622033265648,-0.9491938054508887
03,631,1,0.8727524204702628,0.8333866694496597,0.4835953414440155,0.001449666069720388,-1.280675753930598
03,632,1,0.8741355463347165,0.8324846857987702,0.48220786452293396,0.003055228399623908,-1.0955819017334258
03,633,1,0.8755186721991701,0.8329715831302692,0.48560258746147156,0.003126611972309204,-0.9807590589581594
03,634,1,0.8769017980636238,0.8325586276034875,0.48449137806892395,0.0037038056705508667,-0.9331050513877954
03,635,1,0.8782849239280774,0.8315342265190149,0.4905286431312561,0.004908118999520286,-0.575987390114389
03,636,1,0.8796680497925311,0.8313594615201048,0.4844147861003876,0.004619773265769203,-0.8054607881822813
03,637,1,0.8810511756569848,0.8335914822340311,0.48415032029151917,0.0025040660345419553,-1.1139060767618947
03,638,1,0.8824343015214384,0.8328921598287049,0.4949924945831299,0.0029607436634431746,-0.7147224233787484
03,639,1,0.8838174273858921,0.8332957009013678,0.4953634440898895,0.0026405856470845786,-0.7487236588292725
03,640,1,0.8852005532503457,0.834495072390168,0.4708343744277954,0.0018815827538727044,-1.61291264585405
03,641,1,0.8865836791147994,0.8328554171501065,0.4884995222091675,0.0043051407114499925,-0.7241469162337739
03,642,1,0.8879668049792531,0.8350379241144282,0.4865511655807495,0.002311480153710247,-1.0671998582178588
03,643,1,0.8893499308437067,0.8337053698583443,0.48540085554122925,0.003807612803661817,-0.8903236440318204
03,644,1,0.8907330567081605,0.8340781584439575,0.48893165588378906,0.003537241457292753,-0.8198106655878912
03,645,1,0.8921161825726142,0.8335648953711092,0.4900001287460327,0.003946276043588407,-0.7288039972480458
03,646,1,0.8934993084370678,0.8378815433441834,0.4955201745033264,0.001711841648621858,-0.8757098996137233
03,647,1,0.8948824343015215,0.8359634969292509,0.49133971333503723,0.0024359488481362464,-0.9018577813043753
03,648,1,0.8962655601659751,0.8406087758760966,0.4794938564300537,0.001717963674221658,-1.369082624407195
03,649,1,0.8976486860304288,0.8411657875693053,0.4859956204891205,0.0015220909253822806,-1.1963731472587238
03,650,1,0.8990318118948825,0.8429350136439618,0.4899470806121826,0.0010586494850286727,-1.1402903611045403
03,651,1,0.9004149377593361,0.840581215507216,0.4911315143108368,0.0031790070204261696,-0.8028138040815678
03,652,1,0.9017980636237898,0.8443451295327707,0.4911126494407654,0.0017330888475423668,-1.0086195356747245
03,653,1,0.9031811894882434,0.8444448754101861,0.48019686341285706,0.0018989135184055246,-1.3217195178023617
03,654,1,0.9045643153526971,0.8487494643724984,0.492877334356308,0.0020809518259762598,-0.9048244109753828
03,655,1,0.9059474412171508,0.8453195272323726,0.4822564125061035,0.0028025979962837374,-1.1299413813335364
03,656,1,0.9073305670816044,0.849888605488539,0.47616249322891235,0.0015509386202753267,-1.4955262043468522
03,657,1,0.9087136929460581,0.8477603558116077,0.4965514540672302,0.002932216337279828,-0.670694063946412
03,658,1,0.9100968188105117,0.8555996867757054,0.4891376197338104,0.004078244526462496,-0.7366725132662483
03,659,1,0.9114799446749654,0.8534692170701087,0.4961874186992645,0.0023837115004683223,-0.7597717939018819
03,660,1,0.9128630705394191,0.8552066113521394,0.4941519796848297,0.001783070650229695,-0.9077944057588758
03,661,1,0.9142461964038727,0.8532847532120749,0.4926729202270508,0.003316168563303937,-0.7358100162816186
03,662,1,0.9156293222683264,0.8532073442998208,0.48656919598579407,0.004774676825674781,-0.7170341574864384
03,663,1,0.91701244813278,0.8512370203016797,0.4907051920890808,0.0061469152048447525,-0.39471628591325336
03,664,1,0.9183955739972337,0.8528481862422241,0.4944779574871063,0.004064892237867577,-0.5738749654316984
03,665,1,0.9197786998616874,0.8460760627253011,0.49403172731399536,0.010160217311637269,0.2774932315801636
03,666,1,0.921161825726141,0.8517596509359208,0.4829597473144531,0.0047978597800363045,-0.8250568677064474
03,667,1,0.9225449515905948,0.8504191214994379,0.4833947420120239,0.004387810352705033,-0.8698415748631367
03,668,1,0.9239280774550485,0.8528240231442035,0.4885876178741455,0.002746554042949178,-0.9426454641011142
03,669,1,0.9253112033195021,0.8475353756992102,0.5037227869033813,0.006326292899994088,0.03219788109933534
03,670,1,0.9266943291839558,0.8518547054935034,0.49992746114730835,0.0038130654417270794,-0.4415582851414479
03,671,1,0.9280774550484094,0.8486594896334166,0.5148484706878662,0.005590770848660606,0.27091194467876906
03,672,1,0.9294605809128631,0.8533167863910163,0.5270348787307739,0.0028393566308677004,0.25621583646485596
03,673,1,0.9308437067773168,0.8428757550320096,0.49628257751464844,0.011057788295265518,0.47430326630380176
03,674,1,0.9322268326417704,0.8647676200194232,0.5196516513824463,0.011998981858948213,1.3285776319416291
03,675,1,0.9336099585062241,0.8456952702427327,0.4991074502468109,0.010301596549222216,0.4540917810629258
03,676,1,0.9349930843706777,0.8703971527714781,0.5222897529602051,0.015141340827194151,1.855940443967319
03,677,1,0.9363762102351314,0.8600617512601348,0.5196494460105896,0.010930046074442042,1.1767920266787988
03,678,1,0.9377593360995851,0.8851789602729837,0.5123810768127441,0.021356557676552985,2.4325093509658218
03,679,1,0.9391424619640387,0.8758350189403493,0.4874701499938965,0.012300142751443362,0.3788649820441662
03,680,1,0.9405255878284924,0.8956067212740841,0.4973325729370117,0.019146546439859136,1.6547486785385968
03,681,1,0.941908713692946,0.8885900790727898,0.5012097358703613,0.01050383703204822,0.5476296181708817
03,682,1,0.9432918395573997,0.9024891438514191,0.502353847026825,0.01259449493837886,0.8796472865374276
03,683,1,0.9446749654218534,0.9029128735767585,0.49775075912475586,0.009197204711037434,0.25550228584821755
03,684,1,0.946058091286307,0.9117860184337538,0.5078625679016113,0.010794359967002455,0.794033686139338
03,685,1,0.9474412171507607,0.9104905890180703,0.5036735534667969,0.0068202117738409805,0.10078309277942858
03,686,1,0.9488243430152143,0.9167303115055265,0.512748658657074,0.006218701262537571,0.2952792940069952
03,687,1,0.950207468879668,0.9199870977776842,0.493478387594223,0.0059151956211683536,-0.34208139510585156
03,688,1,0.9515905947441217,0.922203692707699,0.5002602934837341,0.003863234500951748,-0.4241732830897287
03,689,1,0.9529737206085753,0.9217115513804675,0.4998677968978882,0.0023056908812511667,-0.6573449525709567
03,690,1,0.9543568464730291,0.9243383033683099,0.496486634016037,0.000957662281367057,-0.9529480647542008
03,691,1,0.9557399723374828,0.9275813403669434,0.5029683113098145,0.0019292250354147637,-0.615160066973061
03,692,1,0.9571230982019364,0.9295721586239868,0.5072599649429321,0.002021482645143349,-0.4697137203819321
03,693,1,0.9585062240663901,0.9283203459054963,0.49428635835647583,0.0015032805965427215,-0.9433617795546887
03,694,1,0.9598893499308437,0.9313942820275304,0.49689313769340515,0.0011237124292809986,-0.9168436981761251
03,695,1,0.9612724757952974,0.9285700139362255,0.4875607490539551,0.004238971817752205,-0.7624896642975785
03,696,1,0.9626556016597511,0.930043482014284,0.49343883991241455,0.003031015366445792,-0.7526622681423922
03,697,1,0.9640387275242047,0.9309983038982028,0.4918685853481293,0.002175681095669732,-0.9224883619213776
03,698,1,0.9654218533886584,0.93445073743945,0.5042020678520203,0.0019525984598317897,-0.5737943179765481
03,699,1,0.966804979253112,0.9346408928972456,0.4943278729915619,0.0006566176279164081,-1.0622511708458728
03,700,1,0.9681881051175657,0.9396151516042968,0.48764392733573914,0.0034898435190126613,-0.8662507562988815
03,701,1,0.9695712309820194,0.9407646114263654,0.4999563992023468,0.0023900468371414706,-0.6426395928650462
03,702,1,0.970954356846473,0.9485116123387475,0.5096008777618408,0.007551809973919551,0.3874162269819833
03,703,1,0.9723374827109267,0.9450749827347451,0.5031713843345642,0.0030366672516916847,-0.45171448341888937
03,704,1,0.9737206085753803,0.9517564379586391,0.5134181380271912,0.0046728944096118856,0.09652413816072808
03,705,1,0.975103734439834,0.9498127785673646,0.5087552070617676,0.002888723229471319,-0.30051106111026793
03,706,1,0.9764868603042877,0.9521849612026835,0.5099086165428162,0.002063463053416919,-0.3820725403373266
03,707,1,0.9778699861687413,0.9521145973054842,0.5043860077857971,0.0018308909003411028,-0.5853960818978238
03,708,1,0.979253112033195,0.9541680666659875,0.4917505383491516,0.0012218966267161452,-1.0615026433960089
03,709,1,0.9806362378976486,0.948439408861865,0.504082202911377,0.007222646096503496,0.17050442158896428
03,710,1,0.9820193637621023,0.949149219233235,0.5036303997039795,0.0061694932987585134,0.007093631298570963
03,711,1,0.983402489626556,0.9463655877167522,0.5087738633155823,0.008194189322879266,0.45308664437669677
03,712,1,0.9847856154910097,0.9465767563377371,0.5147827863693237,0.006545768304711344,0.4044322302970337
03,713,1,0.9861687413554634,0.9395116681346031,0.5117081999778748,0.01171302892578274,1.0430203037098853
03,714,1,0.9875518672199171,0.9470017414508216,0.510668933391571,0.0050176662812603,0.06067499611039699
03,715,1,0.9889349930843707,0.9378356245497818,0.5045063495635986,0.010620267883185232,0.6658205423614718
03,716,0,0.9903181189488244,0.9494107867061763,0.504072368144989,0.004776192080641167,-0.17703219018129024
03,717,0,0.991701244813278,0.9341614214269828,0.491916298866272,0.012870487806351414,0.5969323984339967
03,718,0,0.9930843706777317,0.9488838692364585,0.5035122036933899,0.006822261349656043,0.09609806957568724
03,719,0,0.9944674965421854,0.9391914762693072,0.5001081228256226,0.008051649045497943,0.16560940446052264
03,720,0,0.995850622406639,0.9447965860369414,0.5126675367355347,0.006953830366183905,0.39711685079196174
03,721,0,0.9972337482710927,0.9333261392037824,0.5129533410072327,0.012024153061628599,1.1255785538144443
03,722,0,0.9986168741355463,0.9570274454570978,0.5176373720169067,0.011885973747486959,1.2504188986234481
05,15,0,0.02127659574468085,0.1328895123355065,0.5351364612579346,nan,nan
05,16,0,0.02269503546099291,0.1387271710183541,0.5154010653495789,nan,nan
05,17,0,0.024113475177304965,0.1286197452551534,0.5265800952911377,nan,nan
05,18,0,0.02553191489361702,0.14246078710700089,0.5167889595031738,nan,nan
05,19,1,0.02695035460992908,0.13271574229292754,0.5109124183654785,0.007161732568756347,0.3724983435336588
05,20,1,0.028368794326241134,0.14210261671867516,0.5251457691192627,0.005681508448916233,0.6013528875487676
05,21,1,0.029787234042553193,0.1327154844096784,0.5134978890419006,0.007351192456749364,0.4791233139043487
05,22,1,0.031205673758865248,0.13831041691855733,0.5309106707572937,0.005501435085365208,0.7535804466896013
05,23,1,0.032624113475177303,0.12535085438217203,0.5397688150405884,0.01470216472577608,2.3326500890476476
05,24,1,0.03404255319148936,0.15342710098197374,0.5477647185325623,0.015215303851714494,2.652070295001624
05,25,1,0.03546099290780142,0.13755080662965657,0.5346658229827881,0.008155306080974168,1.2460596889679003
05,26,1,0.03687943262411347,0.1463399062699493,0.5040043592453003,0.009068536484078505,0.43009710222973296
05,27,1,0.03829787234042553,0.13082515199240327,0.5149593353271484,0.013433969096523139,1.3875420211695637
05,28,1,0.03971631205673759,0.13649379338759368,0.5122694373130798,0.011249831996888036,0.9945854399241242
05,29,1,0.04113475177304964,0.1328496212650864,0.5251488089561462,0.008544747327802816,1.007835602672894
05,30,1,0.0425531914893617,0.13652680387893137,0.5108653903007507,0.0055081224046110095,0.13634566503323742
05,31,1,0.04397163120567376,0.1303699934062122,0.5083159804344177,0.007395803247779995,0.32564824470345966
05,32,1,0.04539007092198582,0.13354029885162885,0.5051361322402954,0.004978470073926173,-0.1155163846715048
05,33,1,0.04680851063829787,0.1268916098895046,0.5149811506271362,0.010022023483948619,0.9039460605829377
05,34,1,0.04822695035460993,0.13584246750271858,0.5149851441383362,0.00391976566330856,0.037955573302659945
05,35,1,0.04964539007092199,0.12262161338927047,0.4788948595523834,0.012631433046234096,0.16142950615370233
05,36,1,0.05106382978723404,0.13209904983798942,0.5035859942436218,0.00568577657349078,-0.06293132079798039
05,37,1,0.0524822695035461,0.12737626374135738,0.5093309879302979,0.006519919003349926,0.23263329312011666
05,38,1,0.05390070921985816,0.1381524292928843,0.5198798775672913,0.006794208975369787,0.596885347196078
05,39,1,0.05531914893617021,0.1322397854645662,0.5185011029243469,0.004345009695463759,0.20674183985268912
05,40,1,0.05673758865248227,0.13862845391245812,0.49875354766845703,0.003768387104678768,-0.48410238817122964
05,41,1,0.05815602836879433,0.13123568561379798,0.5075075626373291,0.006455501512007034,0.167257007748075
05,42,1,0.059574468085106386,0.14195609973221116,0.5147085785865784,0.004271785137023399,0.079389753072692
05,43,1,0.06099290780141844,0.12502593950315505,0.50704026222229,0.014581020700591833,1.3061275802205037
05,44,1,0.062411347517730496,0.1394499911844565,0.503624677658081,0.006799122936526757,0.09628258488947367
05,45,1,0.06382978723404255,0.12700306053747842,0.5067256093025208,0.011005822493915266,0.7889841689149146
05,46,1,0.06524822695035461,0.14297277506862105,0.5073024034500122,0.008387273856493078,0.43511286752213046
05,47,1,0.06666666666666667,0.12708412029137262,0.5135217905044556,0.01012077530504364,0.8729564782132838
05,48,1,0.06808510638297872,0.14071663309779753,0.506289541721344,0.007802287160654349,0.3208477466959735
05,49,1,0.06950354609929078,0.12876384659606765,0.5147082209587097,0.009272254675738263,0.789111912086824
05,50,1,0.07092198581560284,0.1349055676601964,0.5012596845626831,0.007678751124342306,0.14819621365340824
05,51,1,0.07234042553191489,0.12923112810117107,0.5071120858192444,0.007228367833175984,0.2647562239297513
05,52,1,0.07375886524822695,0.13578642086837578,0.5254164338111877,0.005125197319786481,0.5307409382973696
05,53,1,0.075177304964539,0.13013621252638538,0.5134375691413879,0.005627482303055845,0.23261120001107016
05,54,1,0.07659574468085106,0.1418182575237258,0.5110214352607727,0.005711471211705124,0.17001996324740298
05,55,1,0.07801418439716312,0.12889000530860675,0.5040080547332764,0.008944953469296272,0.4126705225512691
05,56,1,0.07943262411347518,0.1366391553094857,0.5106619000434875,0.005363005943875059,0.10947329307997779
05,57,1,0.08085106382978724,0.12793939506077362,0.5117074251174927,0.0100234666292658,0.8031912400435605
05,58,1,0.08226950354609928,0.13586351002850985,0.5102357268333435,0.006125393920555494,0.20453862558852692
05,59,1,0.08368794326241134,0.12899200090682184,0.524804413318634,0.006932969543010617,0.7684497018981541
05,60,1,0.0851063829787234,0.1403967653319308,0.5107010006904602,0.005441054189712808,0.12175677841313746
05,61,1,0.08652482269503546,0.13011389570454301,0.5054298043251038,0.0067759761504544965,0.14866626442006264
05,62,1,0.08794326241134752,0.14251999560439357,0.5147907733917236,0.005461665061417699,0.25080818449558717
05,63,1,0.08936170212765958,0.12870710058543924,0.5174005627632141,0.010390517824471588,1.0308608415070477
05,64,1,0.09078014184397164,0.14584218418060826,0.5178188681602478,0.006966644645095173,0.5577994689602725
05,65,1,0.09219858156028368,0.130267918205044,0.5102171897888184,0.010119829836690545,0.7709104617543894
05,66,1,0.09361702127659574,0.14573366765520873,0.4937232434749603,0.008065181053227365,-0.029375645997720967
05,67,1,0.0950354609929078,0.13577993691696597,0.49995866417884827,0.007431817456735732,0.07302544470382488
05,68,1,0.09645390070921986,0.14564458155874604,0.49028992652893066,0.00710038998304944,-0.2721929862476786
05,69,1,0.09787234042553192,0.1342216441756166,0.5168030261993408,0.00872683593136307,0.7763013107568086
05,70,1,0.09929078014184398,0.14460557445699923,0.5160119533538818,0.006062557834940759,0.37375531182791216
05,71,1,0.10070921985815603,0.134298673518885,0.5097355246543884,0.009356214781185477,0.6476737981049878
05,72,1,0.10212765957446808,0.14158677073447865,0.5172539949417114,0.006150850384908612,0.42459075276398456
05,73,1,0.10354609929078014,0.13722553127058976,0.5170572400093079,0.00507123574055061,0.26528967459643993
05,74,1,0.1049645390070922,0.1465295099553608,0.5149219036102295,0.005420013906344174,0.24894047230765723
05,75,1,0.10638297872340426,0.13735802752760173,0.49926432967185974,0.006144047865215341,-0.13116479733410769
05,76,1,0.10780141843971631,0.1472187938026308,0.5044695138931274,0.004101571277509674,-0.26053562613547876
05,77,1,0.10921985815602837,0.13404822187438092,0.5039741396903992,0.011626697787653363,0.7922534487184796
05,78,1,0.11063829787234042,0.1468909941190358,0.5118998885154724,0.006303904393599951,0.2811969150537648
05,79,1,0.11205673758865248,0.13578056826045143,0.5085812211036682,0.009190395093449375,0.5885404602600512
05,80,1,0.11347517730496454,0.14771368630617096,0.49991610646247864,0.00678864025130626,-0.019575277721010087
05,81,1,0.1148936170212766,0.13460564319418883,0.5100696682929993,0.010094678468809458,0.7627911740525548
05,82,1,0.11631205673758865,0.15056676280341402,0.5075775384902954,0.0067730080472393145,0.21447977253278064
05,83,1,0.11773049645390071,0.13606495415702113,0.5095893740653992,0.00969366500702369,0.6910620323483647
05,84,1,0.11914893617021277,0.14718577918274614,0.5011468529701233,0.007620853744191448,0.1364989910341464
05,85,1,0.12056737588652482,0.1369540112257321,0.511340856552124,0.008743727631598945,0.6102489037794351
05,86,1,0.12198581560283688,0.1461125973013139,0.5220692753791809,0.00690178495544943,0.6796736236914432
05,87,1,0.12340425531914893,0.1340525505207524,0.505768358707428,0.011118738968939416,0.775489767111518
05,88,1,0.12482269503546099,0.14585036529069706,0.5138822793960571,0.006291344488991568,0.34054994338234645
05,89,1,0.12624113475177304,0.13599002005046562,0.5063144564628601,0.008344315057146761,0.3985479146733579
05,90,1,0.1276595744680851,0.14686002311593194,0.4895777404308319,0.006198488809795921,-0.42216617877899454
05,91,1,0.12907801418439716,0.1391171740384273,0.5168672204017639,0.00528981511380842,0.29045328224819045
05,92,1,0.13049645390070921,0.14833949369710908,0.5020068287849426,0.005119189384031713,-0.19204939229020096
05,93,1,0.13191489361702127,0.13759308179509577,0.5004212856292725,0.008575549953376225,0.24962613924509153
05,94,1,0.13333333333333333,0.15072839954409722,0.5076550841331482,0.005340706049477195,0.013579869759630976
05,95,1,0.1347517730496454,0.14334434799618836,0.5203936696052551,0.005630994786833386,0.4476315340663359
05,96,1,0.13617021276595745,0.1524600513068898,0.5001221895217896,0.00525100666707825,-0.23146122742272066
05,97,1,0.1375886524822695,0.1467294434957559,0.5189775824546814,0.004844364460328022,0.292311245229093
05,98,1,0.13900709219858157,0.1548392096655912,0.49596458673477173,0.003997055644358393,-0.5376565197228143
05,99,1,0.14042553191489363,0.14679269331724681,0.5161337852478027,0.0061425238218480145,0.3888623685035559
05,100,1,0.14184397163120568,0.15738629936119877,0.5141408443450928,0.0041626718444672745,0.04639437283681616
05,101,1,0.14326241134751774,0.1457944109521686,0.5243368744850159,0.009234454530768056,1.0806884760115885
05,102,1,0.14468085106382977,0.16008991176947784,0.4998604953289032,0.005627991993941339,-0.18602493808069226
05,103,1,0.14609929078014183,0.1458014439675424,0.5103176236152649,0.010306338905469099,0.8004796275458168
05,104,1,0.1475177304964539,0.16061968064953133,0.5165159106254578,0.007188479857339107,0.5491028777440168
05,105,1,0.14893617021276595,0.14605331604773342,0.5144339799880981,0.010614999809935159,0.9712347517620438
05,106,1,0.150354609929078,0.1610533435253815,0.5085639953613281,0.007932098905531058,0.40941508750452316
05,107,1,0.15177304964539007,0.14788905645581524,0.5051834583282471,0.009084843614720449,0.46877430684771304
05,108,1,0.15319148936170213,0.16028938838210655,0.5052118301391602,0.007651053722438733,0.26614673200421657
05,109,1,0.15460992907801419,0.14692747146222732,0.508280873298645,0.01048575866352036,0.7631331592799485
05,110,1,0.15602836879432624,0.1573963964234543,0.5067001581192017,0.007349941801959075,0.26930802650104296
05,111,1,0.1574468085106383,0.14985974028457832,0.5200207829475403,0.006887144721291131,0.6144214590959131
05,112,1,0.15886524822695036,0.15675399386173242,0.5080699324607849,0.005943034069286501,0.11186394213099363
05,113,1,0.16028368794326242,0.15036949779326403,0.5023094415664673,0.0059568567377225575,-0.06382410370360639
05,114,1,0.16170212765957448,0.15968985651385093,0.5063905119895935,0.0042298285732976565,-0.18308926172941098
05,115,1,0.16312056737588654,0.15210612384340655,0.5144349336624146,0.0056541022929383735,0.2671475624333348
05,116,1,0.16453900709219857,0.1605140958129495,0.4999691843986511,0.004210447989325871,-0.3838697462101832
05,117,1,0.16595744680851063,0.15549602013326275,0.5134546756744385,0.004023993916326195,0.005550342186958018
05,118,1,0.1673758865248227,0.16018201207828267,0.5098758935928345,0.0038688428921305135,-0.12683816122916425
05,119,1,0.16879432624113475,0.1562940273489871,0.5122851133346558,0.00437248964097679,0.018944921147801608
05,120,1,0.1702127659574468,0.16420413096302952,0.5136341452598572,0.0035191837400213094,-0.06056430656641301
05,121,1,0.17163120567375886,0.15757642776213823,0.524402916431427,0.0050595738917407875,0.4901705447562676
05,122,1,0.17304964539007092,0.1631487541979842,0.5265583395957947,0.003347312787144418,0.3136155651177464
05,123,1,0.17446808510638298,0.15856638066486647,0.5180256366729736,0.005331408426156811,0.33208159330530235
05,124,1,0.17588652482269504,0.164593895972358,0.5112638473510742,0.0035209099880999456,-0.13341780219366522
05,125,1,0.1773049645390071,0.1566480449263567,0.49594470858573914,0.007915273745968534,0.017856110999295238
05,126,1,0.17872340425531916,0.16354420056018837,0.513086199760437,0.0038504469493774113,-0.030445320241998586
05,127,1,0.18014184397163122,0.15620897834045108,0.5063461661338806,0.008221106213479806,0.3820383822552338
05,128,1,0.18156028368794327,0.16284962971200453,0.5218076705932617,0.004538659121032331,0.33619962622193345
05,129,1,0.1829787234042553,0.1538338563727417,0.5020421147346497,0.009570811034996988,0.44087219557448176
05,130,1,0.18439716312056736,0.16094966527328786,0.5096284747123718,0.004806139694347741,-0.0014347684131005567
05,131,1,0.18581560283687942,0.155329183334857,0.5163810849189758,0.006723303112752804,0.47892086251273885
05,132,1,0.18723404255319148,0.16050708528032495,0.5101870894432068,0.004377454624021137,-0.04505212939506219
05,133,1,0.18865248226950354,0.15130864493434396,0.5028157830238342,0.009938256653947429,0.516884415175812
05,134,1,0.1900709219858156,0.15896441690583338,0.5086855292320251,0.004760677004005568,-0.036967288420790875
05,135,1,0.19148936170212766,0.1462112086758348,0.5073480010032654,0.013908077960993538,1.2201050623257315
05,136,1,0.19290780141843972,0.15755613790424464,0.5081995725631714,0.006206302948592584,0.1532285851430173
05,137,1,0.19432624113475178,0.1475394428003268,0.5025597214698792,0.009562613327725898,0.45567133642796137
05,138,1,0.19574468085106383,0.1562978668177969,0.5069354176521301,0.006410866638076795,0.1432772382424429
05,139,1,0.1971631205673759,0.14659631078211804,0.5077407956123352,0.008896807290421232,0.5209523744281663
05,140,1,0.19858156028368795,0.1557842592240962,0.5034149289131165,0.005647953589496859,-0.07357521006801077
05,141,1,0.2,0.14880003077297432,0.514656662940979,0.006346393156098693,0.37224468793676446
05,142,1,0.20141843971631207,0.1542873330143343,0.5272062420845032,0.004889836926297888,0.5525320286202076
05,143,1,0.2028368794326241,0.1461945835361833,0.5010387897491455,0.008764353935185914,0.29546715467895796
05,144,1,0.20425531914893616,0.15178429374071342,0.49572259187698364,0.005150676216839473,-0.381382304911235
05,145,1,0.20567375886524822,0.14444539148722244,0.5069388151168823,0.009413122801817397,0.5695021656301508
05,146,1,0.20709219858156028,0.15170869672007312,0.5101065039634705,0.004576303737508205,-0.019314022617586718
05,147,1,0.20851063829787234,0.14707615629895704,0.5128144025802612,0.005049039095079502,0.13129277374959553
05,148,1,0.2099290780141844,0.16006480972789366,0.5133903622627258,0.007719221143163675,0.5280427844223267
05,149,1,0.21134751773049645,0.1509597507393019,0.51532381772995,0.0043445988608491115,0.10869803692130947
05,150,1,0.2127659574468085,0.1617259087159818,0.5062175989151001,0.006287833436588221,0.10367764712642726
05,151,1,0.21418439716312057,0.15223175866464955,0.5010907649993896,0.006316851728872569,-0.0503120479055191
05,152,1,0.21560283687943263,0.16197720175909677,0.49530476331710815,0.0053681930645787185,-0.36339499089090577
05,153,1,0.2170212765957447,0.15332610034707997,0.49534448981285095,0.006989508645666065,-0.1320511652548423
05,154,1,0.21843971631205675,0.16078631779469288,0.4949934482574463,0.005254703670434979,-0.38910367822063135
05,155,1,0.2198581560283688,0.15559240733743615,0.5099602937698364,0.0050798913269321485,0.0476527992130594
05,156,1,0.22127659574468084,0.16123758126314552,0.5045309662818909,0.004179643771916091,-0.24755938536010202
05,157,1,0.2226950354609929,0.15272321366113148,0.5123074650764465,0.008604342047445658,0.6202750500339278
05,158,1,0.22411347517730495,0.16104744990074465,0.5257366299629211,0.004145460319415422,0.40155827333510014
05,159,1,0.225531914893617,0.1529095770313977,0.5161094069480896,0.008332540032205262,0.6989468043940961
05,160,1,0.22695035460992907,0.16244549243353215,0.4921858012676239,0.004881450922437935,-0.5286667561773076
05,161,1,0.22836879432624113,0.15055547322097124,0.4992205798625946,0.010317914058718762,0.45989662590383795
05,162,1,0.2297872340425532,0.16701216898121418,0.5188562273979187,0.006680716811564237,0.5492082966866362
05,163,1,0.23120567375886525,0.15268556911590853,0.526753306388855,0.009137062823858799,1.1413866001189257
05,164,1,0.2326241134751773,0.163946364382006,0.5087019205093384,0.00727254557406435,0.32005602618507883
05,165,1,0.23404255319148937,0.14821435656651627,0.5226655602455139,0.013927491381497221,1.6952444376102698
05,166,1,0.23546099290780143,0.15826273550143508,0.5128300189971924,0.008233042724796545,0.5836905452371862
05,167,1,0.23687943262411348,0.15028858365383826,0.5082593560218811,0.009080626760616701,0.5630345593791257
05,168,1,0.23829787234042554,0.1590078057256855,0.501396656036377,0.006644930720369349,0.005686777574035129
05,169,1,0.2397163120567376,0.15091623317902658,0.5091018080711365,0.006619091205830705,0.23964136819659249
05,170,1,0.24113475177304963,0.15815887312147173,0.5116382837295532,0.004734821903161637,0.05042411686090183
05,171,1,0.2425531914893617,0.15036424762516265,0.5216110944747925,0.007820580317831363,0.7959512766918959
05,172,1,0.24397163120567375,0.15204762783005063,0.5240002870559692,0.006279415403620776,0.6508898483790926
05,173,1,0.2453900709219858,0.14564530244453966,0.5165345668792725,0.010818397017376745,1.0648843787762967
05,174,1,0.24680851063829787,0.15406318707749367,0.5026646256446838,0.004573331212680307,-0.24923880428687328
05,175,1,0.24822695035460993,0.14835546246202813,0.513482928276062,0.005766582805272033,0.2537530419656528
05,176,1,0.24964539007092199,0.15537464082339775,0.5084732174873352,0.003745903304841835,-0.18754503905894868
05,177,1,0.251063829787234,0.1532951950707708,0.49395111203193665,0.003140874943983219,-0.7212713824260201
05,178,1,0.2524822695035461,0.1522128811341883,0.501694917678833,0.004151194247222806,-0.339059288910742
05,179,1,0.25390070921985813,0.14384189133488545,0.5169299244880676,0.012059607560699305,1.2532460801520953
05,180,1,0.2553191489361702,0.15095643263479105,0.5066857933998108,0.006655553324363132,0.17030817318697708
05,181,1,0.25673758865248225,0.14262125580096138,0.5165513157844543,0.011047298265686008,1.0978896161556955
05,182,1,0.2581560283687943,0.14679201166408434,0.5189974308013916,0.005575044712074501,0.39663122177984056
05,183,1,0.25957446808510637,0.13314891464634157,0.502662718296051,0.016495937235327496,1.4429172986140275
05,184,1,0.26099290780141843,0.14085888167143967,0.4951624274253845,0.009249318746044777,0.18307646956825702
05,185,1,0.2624113475177305,0.13075112470473763,0.5089100003242493,0.013696095263957623,1.2381887405934922
05,186,1,0.26382978723404255,0.14360451650473618,0.5147382616996765,0.006656104300708892,0.4187194702923297
05,187,1,0.2652482269503546,0.13047011000456463,0.5134189128875732,0.010212703400237636,0.8828314554733693
05,188,1,0.26666666666666666,0.14038398209988556,0.5066225528717041,0.0065289316713160956,0.15038604457700935
05,189,1,0.2680851063829787,0.13138913297355484,0.5181754231452942,0.008505254377914688,0.7871753726944978
05,190,1,0.2695035460992908,0.13643313853910538,0.5149979591369629,0.006250704711223278,0.36918867193821076
05,191,1,0.27092198581560284,0.12358642514525846,0.496139794588089,0.014674619782007651,0.9832487908889391
05,192,1,0.2723404255319149,0.13115157893416196,0.512517511844635,0.008452730868131659,0.6052340848756932
05,193,1,0.27375886524822696,0.13473680313246578,0.5129961371421814,0.00470784846750537,0.0884710394210657
05,194,1,0.275177304964539,0.14763944699183804,0.516190230846405,0.012570506531101618,1.3029479714528402
05,195,1,0.2765957446808511,0.18627699798552397,0.631746768951416,0.0484064804116044,9.952957817657568
05,196,1,0.27801418439716313,0.256780138001329,0.5177474617958069,0.10323697721734308,14.219564198897691
05,197,1,0.2794326241134752,0.2621257300301961,0.4965541660785675,0.07717542947941844,9.866974482631372
05,198,1,0.28085106382978725,0.29109919846370524,0.5106748938560486,0.07430166618849493,9.89456617863644
05,199,1,0.2822695035460993,0.2936878077760146,0.5018696784973145,0.04102533763283753,4.899999411788753
05,200,1,0.28368794326241137,0.30855648247680395,0.5115123987197876,0.029041309886004202,3.496442170598268
05,201,1,0.2851063829787234,0.3073729871415977,0.5114531517028809,0.01622386690413005,1.6753929346309295
05,202,1,0.2865248226950355,0.30912875248273897,0.5059733986854553,0.006508326101447988,0.12744191802565769
05,203,1,0.28794326241134754,0.308228875371068,0.5057541728019714,0.0044465567003452245,-0.17195262479015755
05,204,1,0.28936170212765955,0.3110295053201087,0.5287973284721375,0.0015661472408545797,0.1298578644541417
05,205,1,0.2907801418439716,0.3104799927294297,0.5238251090049744,0.002051991372437151,0.045475185484219915
05,206,1,0.29219858156028367,0.3113311991423006,0.49918752908706665,0.001977536356524226,-0.724900044713318
05,207,1,0.2936170212765957,0.31234105537189094,0.5013601779937744,0.0015182917918243307,-0.723079009510249
05,208,1,0.2950354609929078,0.3130416170678182,0.5117498636245728,0.0018457750961028115,-0.3561868019316182
05,209,1,0.29645390070921984,0.3135236389044629,0.5078371167182922,0.0018667811963855004,-0.47387200847053695
05,210,1,0.2978723404255319,0.31489663295617004,0.5249329805374146,0.0012546986884366092,-0.03352113695776571
05,211,1,0.29929078014184396,0.315243327751779,0.5173789262771606,0.0017993623462950166,-0.1891775391099696
05,212,1,0.300709219858156,0.3174209931846195,0.5240726470947266,0.0007177069202490595,-0.13627030177243227
05,213,1,0.3021276595744681,0.3182066782649093,0.5104475021362305,0.0007013176047068288,-0.5587874558969488
05,214,1,0.30354609929078014,0.31900158364219866,0.5202043056488037,0.0010322784201592912,-0.21091936306797593
05,215,1,0.3049645390070922,0.3247606277697396,0.5051806569099426,0.0037005280358744534,-0.29552581378911136
05,216,1,0.30638297872340425,0.32430204973717314,0.5215743184089661,0.0018103048196987902,-0.05824116349116687
05,217,1,0.3078014184397163,0.3295975467783755,0.527731716632843,0.004437857901881839,0.5045864571166083
05,218,1,0.30921985815602837,0.3261720290137094,0.5226188898086548,0.002547036458515375,0.07853952566924183
05,219,1,0.31063829787234043,0.3335097439928731,0.5055639743804932,0.0037097266451351666,-0.28239895325225034
05,220,1,0.3120567375886525,0.33730115433427105,0.5204426050186157,0.005313857930749763,0.4041283882836383
05,221,1,0.31347517730496455,0.35204317394235346,0.5061283111572266,0.01680610138955768,1.593816643615821
05,222,1,0.3148936170212766,0.3564964307053955,0.520121693611145,0.01564795136160524,1.8609837566705334
05,223,1,0.31631205673758866,0.3711129196779524,0.5117629766464233,0.022683339911240608,2.6017621205686607
05,224,1,0.3177304964539007,0.36784150118578174,0.5223446488380432,0.012365227548483165,1.463610454844859
05,225,1,0.3191489361702128,0.38606903870398157,0.49826306104660034,0.02060357830312229,1.890245704562208
05,226,1,0.32056737588652484,0.38262924634457085,0.48728814721107483,0.011095606737607618,0.20228834762889525
05,227,1,0.3219858156028369,0.40192780407485196,0.4918305277824402,0.021422673573791823,1.8081272966559376
05,228,1,0.32340425531914896,0.40166504666289593,0.48075413703918457,0.01430596457318661,0.4564402636943854
05,229,1,0.324822695035461,0.4260815946317579,0.5001980066299438,0.029416856662194298,3.2008159787436714
05,230,1,0.3262411347517731,0.4170076121248851,0.49869289994239807,0.015595117231411559,1.1926342150038742
05,231,1,0.3276595744680851,0.43587877962705474,0.496163934469223,0.020616311230468504,1.8273171779123811
05,232,1,0.32907801418439714,0.432493428990543,0.5042711496353149,0.01115428282875967,0.7343616316734944
05,233,1,0.3304964539007092,0.4499035332931766,0.5116130113601685,0.01844622542662791,1.9957496054774229
05,234,1,0.33191489361702126,0.4382191253442639,0.4966932535171509,0.008351927146603148,0.10291643139235118
05,235,1,0.3333333333333333,0.4582551967698638,0.4983689486980438,0.015539525933115752,1.1747535039537786
05,236,1,0.3347517730496454,0.45309422761805346,0.5340568423271179,0.008643153127460716,1.2965208513130018
05,237,1,0.33617021276595743,0.4606303427290733,0.5216817259788513,0.007419576579336024,0.7412137206677494
05,238,1,0.3375886524822695,0.457458986251103,0.5099268555641174,0.006174655829557263,0.20200513422483124
05,239,1,0.33900709219858155,0.4614388918498506,0.4965181350708008,0.0028014722120428765,-0.690278547318527
05,240,1,0.3404255319148936,0.4573856339154478,0.4918873608112335,0.00436193221956081,-0.6116074821071589
05,241,1,0.34184397163120567,0.4625670873433578,0.49977779388427734,0.0025245444076910034,-0.6290579841344097
05,242,1,0.3432624113475177,0.4593875569093373,0.482869029045105,0.003917046953590989,-0.9528712415384515
05,243,1,0.3446808510638298,0.4635284829493574,0.48478952050209045,0.0025265878967035077,-1.090996938900004
05,244,1,0.34609929078014184,0.4605673109191993,0.48516154289245605,0.003741833383164303,-0.9070401875303782
05,245,1,0.3475177304964539,0.46698550812077677,0.48170527815818787,0.0025452973971566767,-1.1834575459840235
05,246,1,0.34893617021276596,0.46596380212012806,0.48911818861961365,0.0019213900058016797,-1.0434012557818833
05,247,1,0.350354609929078,0.4685328876608682,0.4850715696811676,0.0017141103122993934,-1.1976163503192192
05,248,1,0.3517730496453901,0.46901908103878376,0.4715389311313629,0.001528429880981736,-1.6413087127927302
05,249,1,0.35319148936170214,0.4721906859960368,0.4780685007572174,0.0012443865186699049,-1.4802560762476245
05,250,1,0.3546099290780142,0.47238418653030295,0.4789043068885803,0.0007167818199005698,-1.5293650176749565
05,251,1,0.35602836879432626,0.4743190555849014,0.4704151153564453,0.0005679880701780675,-1.8122851739733221
05,252,1,0.3574468085106383,0.4733605480767182,0.48119598627090454,0.0022096582337765404,-1.2468021669152818
05,253,1,0.3588652482269504,0.4754020908504974,0.4776427149772644,0.001555862801772865,-1.4491781843566502
05,254,1,0.36028368794326243,0.47414708595837335,0.4816017746925354,0.003311338325220137,-1.0779228045208744
05,255,1,0.3617021276595745,0.47885700427278666,0.48431047797203064,0.0015624440066237038,-1.2426144441030478
05,256,1,0.36312056737588655,0.4775348315431513,0.47709161043167114,0.0017558959526246766,-1.4377825374838833
05,257,1,0.3645390070921986,0.4778517337203475,0.480840802192688,0.002225473458843133,-1.2555111149201421
05,258,1,0.3659574468085106,0.4784602971810839,0.4756481647491455,0.0022293207155692886,-1.4151027580362459
05,259,1,0.36737588652482267,0.4785804990787422,0.4879298806190491,0.0031874216235886184,-0.9003558758848901
05,260,1,0.36879432624113473,0.47613536178529997,0.47960788011550903,0.005563432618519768,-0.8197660733265224
05,261,1,0.3702127659574468,0.47867747299900276,0.48878318071365356,0.00322411876760784,-0.8688320866023949
05,262,1,0.37163120567375885,0.47852514689105013,0.48849719762802124,0.003030214892970587,-0.9051730449733699
05,263,1,0.3730496453900709,0.4813269670743737,0.48139190673828125,0.0013677566549463943,-1.360253978925164
05,264,1,0.37446808510638296,0.4783293457585688,0.4782075583934784,0.003928845451851387,-1.0949534863780837
05,265,1,0.375886524822695,0.48128655523279634,0.47957900166511536,0.0022803459034570935,-1.286636027812685
05,266,1,0.3773049645390071,0.47873104104856423,0.4766761064529419,0.004727916713621533,-1.0287676798523093
05,267,1,0.37872340425531914,0.4811787531357615,0.4867018759250641,0.0028371434048036943,-0.9879429206560018
05,268,1,0.3801418439716312,0.479967782685904,0.48872876167297363,0.0035055951310072166,-0.830559464188977
05,269,1,0.38156028368794326,0.4808134705907127,0.4808841943740845,0.00306951645803234,-1.1343751113475973
05,270,1,0.3829787234042553,0.4812681036019718,0.48052433133125305,0.002496612286252306,-1.2267872477494646
05,271,1,0.3843971631205674,0.48127508258252255,0.47710806131362915,0.00312389894405343,-1.2431100113000166
05,272,1,0.38581560283687943,0.48066184161000947,0.48703303933143616,0.0037612222782568124,-0.8465724756902762
05,273,1,0.3872340425531915,0.48108222427837627,0.4834480583667755,0.0035143543409163593,-0.9921698337610676
05,274,1,0.38865248226950355,0.48116359188870567,0.48471537232398987,0.003500175152502877,-0.9550991616351053
05,275,1,0.3900709219858156,0.48156350698690475,0.4838188886642456,0.003074132125987253,-1.0432158545436232
05,276,1,0.39148936170212767,0.4801254834342666,0.4803021252155304,0.004584261779720958,-0.9373329450571027
05,277,1,0.39290780141843973,0.47953054814501395,0.4858802855014801,0.005045107525037879,-0.6998966027279335
05,278,1,0.3943262411347518,0.47978405488802905,0.4761611521244049,0.004403681748682176,-1.0906682913159147
05,279,1,0.39574468085106385,0.4807501706083251,0.4800444543361664,0.003092681778216988,-1.156984239319868
05,280,1,0.3971631205673759,0.47769759012769686,0.4849396347999573,0.0059419281642003165,-0.6016169622453101
05,281,1,0.39858156028368796,0.4808480936018347,0.48092952370643616,0.00304131229589125,-1.1369802930964035
05,282,1,0.4,0.4797715826354422,0.4744134545326233,0.0035903486940177644,-1.2600052457016533
05,283,1,0.4014184397163121,0.4826201492700613,0.47834548354148865,0.0017506636663529246,-1.3998565092745068
05,284,1,0.40283687943262414,0.47972134581656906,0.48032668232917786,0.004104962115178201,-1.004604206380074
05,285,1,0.40425531914893614,0.48337385463956367,0.48416024446487427,0.0020662558213012418,-1.1757398737174776
05,286,1,0.4056737588652482,0.4813858679720674,0.47398656606674194,0.003577819141330177,-1.2749485803556995
05,287,1,0.40709219858156026,0.48405217276062706,0.47064208984375,0.001940088334844819,-1.6105386916820912
05,288,1,0.4085106382978723,0.48053125971061966,0.4898224174976349,0.005194004609575639,-0.5571902571362766
05,289,1,0.4099290780141844,0.4841758828675521,0.4839848577976227,0.0028557807000244052,-1.0690888104901166
05,290,1,0.41134751773049644,0.48073573883224846,0.47749483585357666,0.005392511018456597,-0.9091905074617789
05,291,1,0.4127659574468085,0.48365048986358966,0.4859533905982971,0.0030542124132335625,-0.9802164182125517
05,292,1,0.41418439716312055,0.48092723368427653,0.473044216632843,0.00493806315721444,-1.110946114406778
05,293,1,0.4156028368794326,0.48413444280825046,0.4774087071418762,0.002715061284044005,-1.291865963566918
05,294,1,0.41702127659574467,0.48117862322721683,0.4722015857696533,0.0047753070928629295,-1.160032830941214
05,295,1,0.41843971631205673,0.48488781589694807,0.46789291501045227,0.002313041052141699,-1.642387113974941
05,296,1,0.4198581560283688,0.48100491901958325,0.46824389696121216,0.0053690639075782256,-1.1978116135710757
05,297,1,0.42127659574468085,0.4826253194958695,0.4738209843635559,0.0038598941986640913,-1.2400191704438963
05,298,1,0.4226950354609929,0.48070164374258184,0.4799281060695648,0.00531447969031108,-0.8452252176990749
05,299,1,0.42411347517730497,0.484205719917632,0.4796505570411682,0.0027248059270295506,-1.22134562283666
05,300,1,0.425531914893617,0.479547162637663,0.4727931022644043,0.006179191929242153,-0.9425328112866755
05,301,1,0.4269503546099291,0.48408689122656257,0.47042906284332275,0.0028264977347145955,-1.4912972921566672
05,302,1,0.42836879432624114,0.4805980845298097,0.48455673456192017,0.005129223874288697,-0.7287751756230463
05,303,1,0.4297872340425532,0.4849643973127658,0.47583845257759094,0.0027552317987781733,-1.3345900999398155
05,304,1,0.43120567375886526,0.48083808373378356,0.4858388304710388,0.0050530042159052215,-0.7000542465216381
05,305,1,0.4326241134751773,0.48485577703923743,0.4846653640270233,0.002648497032610709,-1.0775228800271464
05,306,1,0.4340425531914894,0.48231254226841874,0.4770622253417969,0.00409349740846891,-1.1069052456290291
05,307,1,0.43546099290780144,0.4852321149267343,0.4787791669368744,0.002385777892047935,-1.2963381204825675
05,308,1,0.4368794326241135,0.4839896610103488,0.473694384098053,0.0029119225046832344,-1.3784722029321812
05,309,1,0.43829787234042555,0.4862075784819464,0.46901682019233704,0.0018724672834279955,-1.6702586726589579
05,310,1,0.4397163120567376,0.48431685921059964,0.48084062337875366,0.0037105689842509395,-1.044732107372322
05,311,1,0.44113475177304967,0.48780260587168756,0.4861488938331604,0.001750384084654475,-1.159243889506372
05,312,1,0.4425531914893617,0.48491436939387567,0.4730544984340668,0.004256760772758436,-1.2073285319110758
05,313,1,0.44397163120567373,0.48848087242789784,0.47872844338417053,0.001986295547031367,-1.354602254284589
05,314,1,0.4453900709219858,0.4862034427949166,0.4840930104255676,0.0037671879540870897,-0.9363944035754812
05,315,1,0.44680851063829785,0.48895765561637755,0.47612616419792175,0.0021433366348381257,-1.4125655585481207
05,316,1,0.4482269503546099,0.48659296788764667,0.4855194091796875,0.004138071193608745,-0.8397644710727189
05,317,1,0.44964539007092197,0.4892901937643678,0.4802796542644501,0.0024907170740932384,-1.2351696627065185
05,318,1,0.451063829787234,0.48892965544543077,0.48130080103874207,0.002423363593384892,-1.2132378360771912
05,319,1,0.4524822695035461,0.4890885788915681,0.4778888523578644,0.00294599330987613,-1.2442816382871105
05,320,1,0.45390070921985815,0.4900198825206025,0.4865128993988037,0.0020474204996393216,-1.1058588238472828
05,321,1,0.4553191489361702,0.4906765907868055,0.4792093336582184,0.0022474408916753038,-1.3027066755654295
05,322,1,0.45673758865248226,0.4901717265789191,0.47900763154029846,0.0030989043551711117,-1.1880760161182253
05,323,1,0.4581560283687943,0.49142893004014554,0.47506028413772583,0.0021522186773167947,-1.4441759764959041
05,324,1,0.4595744680851064,0.4909661040178426,0.4741029143333435,0.003200132486764121,-1.3249667890863992
05,325,1,0.46099290780141844,0.491043647739275,0.48316729068756104,0.003359144139641693,-1.0228580311575333
05,326,1,0.4624113475177305,0.491244550967512,0.4796641170978546,0.0032500051495220174,-1.1463841756370832
05,327,1,0.46382978723404256,0.4916250172229048,0.47973284125328064,0.0031377449912774443,-1.1601982213134228
05,328,1,0.4652482269503546,0.49137194432616066,0.4868796467781067,0.003439839683711474,-0.896917901361177
05,329,1,0.4666666666666667,0.49200350031087686,0.480329304933548,0.00290974377607475,-1.1741646207093743
05,330,1,0.46808510638297873,0.491752889753825,0.4783385396003723,0.003400317476027118,-1.1659298322211264
05,331,1,0.4695035460992908,0.49229220439045535,0.4727707505226135,0.0029880875359749844,-1.3961461308549559
05,332,1,0.47092198581560285,0.49147530202546474,0.4870051145553589,0.003971786692853208,-0.8175475542360201
05,333,1,0.4723404255319149,0.49206437598470604,0.4862558841705322,0.003408552158437936,-0.9205950927551475
05,334,1,0.47375886524822697,0.4912742391345656,0.4852027893066406,0.0042139079270356984,-0.8387650717748247
05,335,1,0.475177304964539,0.49224059164834594,0.4816112220287323,0.0031278927584404955,-1.1036684908794794
05,336,1,0.4765957446808511,0.4926224959693235,0.4799577295780182,0.002733085251935577,-1.210697501588164
05,337,1,0.47801418439716314,0.49332853222641787,0.48345065116882324,0.0023138474808059003,-1.1624817844614679
05,338,1,0.4794326241134752,0.4921966674021781,0.479152649641037,0.0037617513654736147,-1.0895236789130762
05,339,1,0.4808510638297872,0.493654031967029,0.4754498302936554,0.0025452853453535908,-1.3763733634004793
05,340,1,0.48226950354609927,0.4918417613874986,0.4819287955760956,0.004700624526727049,-0.8706516969446434
05,341,1,0.4836879432624113,0.49318979887651454,0.4727187156677246,0.00315740339225484,-1.3737192935514366
05,342,1,0.4851063829787234,0.49252193104855035,0.4948791563510895,0.003790587882743221,-0.6004351677227595
05,343,1,0.48652482269503544,0.493488610561775,0.48620709776878357,0.0029052242811116154,-0.9935386260535664
05,344,1,0.4879432624113475,0.49267203538876453,0.48231229186058044,0.0036804441028085973,-1.0036224942613132
05,345,1,0.48936170212765956,0.49383017724672545,0.4836314618587494,0.002729870745164173,-1.0978581371453735
05,346,1,0.4907801418439716,0.4924915275114275,0.48159921169281006,0.004228615073014847,-0.9478097217764242
05,347,1,0.4921985815602837,0.4943109831496234,0.48307859897613525,0.00259289556503842,-1.1343494238547596
05,348,1,0.49361702127659574,0.4919871724028671,0.48466983437538147,0.004930962444256626,-0.7534271487897573
05,349,1,0.4950354609929078,0.49428895418368624,0.49327653646469116,0.002890465002774987,-0.7776163833368475
05,350,1,0.49645390070921985,0.4935135303715947,0.4875647723674774,0.003348082963294888,-0.8888123908580755
05,351,1,0.4978723404255319,0.4944653716165198,0.49105170369148254,0.0026517424334115388,-0.8801115212944348
05,352,1,0.49929078014184397,0.4929158704039305,0.4890791177749634,0.0042398407627249725,-0.7155407886244418
05,353,1,0.500709219858156,0.49464767838093515,0.4839368760585785,0.002887720469890779,-1.066035220142345
05,354,1,0.502127659574468,0.4925439295413484,0.48748600482940674,0.004933637174885136,-0.6661985767549862
05,355,1,0.5035460992907801,0.4945225725945369,0.47613778710365295,0.0029835246361316105,-1.2929564522109374
05,356,1,0.5049645390070922,0.49425467372455195,0.4821031093597412,0.0029947930286242904,-1.1073902777524254
05,357,1,0.5063829787234042,0.4949222377952205,0.48038560152053833,0.002661929788111109,-1.2076015284333415
05,358,1,0.5078014184397163,0.4942809440390385,0.4777975380420685,0.0033718633978644637,-1.1866525639990997
05,359,1,0.5092198581560283,0.49579009733306867,0.48209941387176514,0.002333149570674157,-1.2014134896398403
05,360,1,0.5106382978723404,0.4946247352713097,0.4834786057472229,0.0037792069746487274,-0.9536363609237101
05,361,1,0.5120567375886524,0.4945422417724758,0.4937111735343933,0.003954215860172039,-0.6132307683410712
05,362,1,0.5134751773049645,0.494346444767369,0.49189162254333496,0.0040550138595926545,-0.6550379913637289
05,363,1,0.5148936170212766,0.49537795442039967,0.49248796701431274,0.0030398793886446092,-0.7807284946881474
05,364,1,0.5163120567375886,0.49495761995219956,0.4870337247848511,0.003357178128677471,-0.9038986598547226
05,365,1,0.5177304964539007,0.49585960464612305,0.48285582661628723,0.0025384146049764163,-1.148952247293092
05,366,1,0.5191489361702127,0.4945575472214356,0.48083510994911194,0.00416981274807576,-0.9797201510768654
05,367,1,0.5205673758865248,0.4958564341271868,0.4885930120944977,0.0029237014558411685,-0.9173359912258017
05,368,1,0.5219858156028369,0.494766571736087,0.4800209105014801,0.004133183773637733,-1.0100284252830398
05,369,1,0.5234042553191489,0.4953615717948523,0.475583016872406,0.0034904216608443147,-1.2381196477747607
05,370,1,0.524822695035461,0.493732124983824,0.4888095557689667,0.004995360259054904,-0.616620530496155
05,371,1,0.526241134751773,0.4953797534890636,0.48595166206359863,0.0032467996424345065,-0.952935182437642
05,372,1,0.5276595744680851,0.4936414916829899,0.4762260913848877,0.004760467840955363,-1.0380257743933563
05,373,1,0.5290780141843971,0.49566909018374283,0.4925658106803894,0.0027470077727068977,-0.8198960821776476
05,374,1,0.5304964539007092,0.49348804705907723,0.5001347661018372,0.004709522048816359,-0.3079280771719741
05,375,1,0.5319148936170213,0.49489327368320507,0.48781052231788635,0.0032432759435018473,-0.8961092229317614
05,376,1,0.5333333333333333,0.49357243359882735,0.4864776134490967,0.00444249607641489,-0.7670060186618266
05,377,1,0.5347517730496454,0.4955326567487067,0.4896388649940491,0.002726729175836915,-0.9130394682063243
05,378,1,0.5361702127659574,0.49286951157224335,0.4905402660369873,0.0050940452231992535,-0.5492398228067389
05,379,1,0.5375886524822695,0.49487723842088444,0.4916340410709381,0.003217157122572551,-0.7819014222924674
05,380,1,0.5390070921985816,0.4900486511279522,0.48807963728904724,0.007756262980201764,-0.24726670177142285
05,381,1,0.5404255319148936,0.4939265920270946,0.49621444940567017,0.0042179561083140645,-0.49859777713937453
05,382,1,0.5418439716312057,0.4904401868374633,0.5027483105659485,0.006082265472568832,-0.03248998103516261
05,383,1,0.5432624113475177,0.4932054528948053,0.4897072911262512,0.003373910455605148,-0.8190726684666115
05,384,1,0.5446808510638298,0.48832883434799695,0.49708959460258484,0.0071683403968204025,-0.05285104081863873
05,385,1,0.5460992907801419,0.48975119114168125,0.5013734698295593,0.005316029408147291,-0.18364363110754045
05,386,1,0.5475177304964539,0.4872962269221756,0.5084621906280518,0.0067271434062995935,0.23525217191928272
05,387,1,0.548936170212766,0.4932808027431046,0.4847072958946228,0.0028793106876924606,-1.0434695815872037
05,388,1,0.550354609929078,0.48915408041416736,0.49622413516044617,0.004102137397560751,-0.5147376073667789
05,389,1,0.5517730496453901,0.4940300315328487,0.48523277044296265,0.0023638124417084067,-1.100430646391159
05,390,1,0.5531914893617021,0.49085199159894827,0.49289578199386597,0.0036802478271143026,-0.6772621238856792
05,391,1,0.5546099290780142,0.49542709789887107,0.48844942450523376,0.00254458137030713,-0.9755739110738244
05,392,1,0.5560283687943263,0.49146583495605156,0.49365344643592834,0.004491919428145791,-0.5386929893711048
05,393,1,0.5574468085106383,0.4960550958263448,0.4876972436904907,0.002503216523777712,-1.0046417473567504
05,394,1,0.5588652482269504,0.4918473636625592,0.4826934337615967,0.00519459543048324,-0.7769598077625418
05,395,1,0.5602836879432624,0.4958790678958338,0.4939778447151184,0.0027606395812489826,-0.7744150263862594
05,396,1,0.5617021276595745,0.4929832929148191,0.4894242286682129,0.00442050169336673,-0.6792559804418485
05,397,1,0.5631205673758866,0.49553967713664915,0.4971839487552643,0.002803283267545909,-0.6694882198570855
05,398,1,0.5645390070921986,0.4935033142923062,0.4917900860309601,0.0041509901331476225,-0.6445470839278116
05,399,1,0.5659574468085107,0.49628734786839873,0.48895564675331116,0.002454570197940407,-0.9727379165161153
05,400,1,0.5673758865248227,0.4941238160342928,0.49917182326316833,0.004046546041739024,-0.4317230116033278
05,401,1,0.5687943262411348,0.4960999775894049,0.4959891438484192,0.0026252052394537297,-0.731610461049125
05,402,1,0.5702127659574469,0.49319398806437414,0.5014575719833374,0.005401579904715012,-0.16890750812812722
05,403,1,0.5716312056737589,0.49578082849746447,0.4923894703388214,0.0033124373265891495,-0.7450810206502411
05,404,1,0.573049645390071,0.49127031179708014,0.5021679997444153,0.007121294772292436,0.09708646214370528
05,405,1,0.574468085106383,0.49328521111425244,0.49066945910453796,0.004682078249805408,-0.6037274249789621
05,406,1,0.5758865248226951,0.4972325117604375,0.5986335277557373,0.0025416050218218956,2.4220126022131616
05,407,1,0.577304964539007,0.5146312230090657,0.5206111073493958,0.016647053193768555,2.017882799854137
05,408,1,0.5787234042553191,0.5498797521149108,0.5153734683990479,0.04718298367171334,6.190422939702739
05,409,1,0.5801418439716312,0.5473509084275916,0.5179155468940735,0.031984592553193775,4.111661110994639
05,410,1,0.5815602836879432,0.5825937750333064,0.49602076411247253,0.05172822218231655,6.23871836327252
05,411,1,0.5829787234042553,0.5792786293065515,0.5082805752754211,0.029448724305319526,3.454600429857956
05,412,1,0.5843971631205673,0.6007132969091681,0.5120816230773926,0.032345576665589494,3.9829822121666085
05,413,1,0.5858156028368794,0.5992248584823123,0.5054957866668701,0.019611362058194994,1.9724699124420233
05,414,1,0.5872340425531914,0.6109446560615374,0.5140969157218933,0.016900062105714264,1.8528995889451854
05,415,1,0.5886524822695035,0.6099880472934848,0.507398784160614,0.010052428269227944,0.6744260642123207
05,416,1,0.5900709219858156,0.6199351889955371,0.5170772671699524,0.011125520285922981,1.1252119386994093
05,417,1,0.5914893617021276,0.618766580932411,0.5107349157333374,0.006454134037365358,0.26659247219061943
05,418,1,0.5929078014184397,0.6265825892737349,0.5042930841445923,0.008082016930003825,0.2989812131992603
05,419,1,0.5943262411347517,0.6250764724034481,0.497824102640152,0.004137865996408748,-0.460324530893475
05,420,1,0.5957446808510638,0.6295206927562687,0.5160839557647705,0.0033385308319973687,-0.010654345023255407
05,421,1,0.5971631205673759,0.6281020882163924,0.5157374739646912,0.002346666368938411,-0.16211823272088616
05,422,1,0.5985815602836879,0.6341341648205723,0.5133735537528992,0.003221750135122772,-0.1108165216958156
05,423,1,0.6,0.6303050654388607,0.514230489730835,0.0024952431332981835,-0.1875046938806294
05,424,1,0.601418439716312,0.6355684636480781,0.5271173119544983,0.00218063901250858,0.1652640543707698
05,425,1,0.6028368794326241,0.6303720909391346,0.5170751810073853,0.005247308614829746,0.29083356944290245
05,426,1,0.6042553191489362,0.6358972575712696,0.5248425602912903,0.0029747588272614695,0.20782418623224952
05,427,1,0.6056737588652482,0.6326024270546025,0.5108688473701477,0.004025246367721777,-0.07401722381306819
05,428,1,0.6070921985815603,0.6342379860623748,0.5249271988868713,0.0030634164631733497,0.22301785931051377
05,429,1,0.6085106382978723,0.6208696789238348,0.5338839888572693,0.015999715505999046,2.335331399246744
05,430,1,0.6099290780141844,0.6142086401755535,0.5405719876289368,0.02028515125045538,3.1498311816350153
05,431,1,0.6113475177304964,0.591242589571716,0.5304762721061707,0.03782904750536386,5.328548865359711
05,432,1,0.6127659574468085,0.5897170104565743,0.5326628684997559,0.029014667249783993,4.144927976849308
05,433,1,0.6141843971631206,0.573015910673558,0.5273141264915466,0.034585523131350236,4.770666121604033
05,434,1,0.6156028368794326,0.5914756441660536,0.5180360674858093,0.012673823517935504,1.3745365428698508
05,435,1,0.6170212765957447,0.6238507053670784,0.5398122668266296,0.03389596262711445,5.058229362843833
05,436,1,0.6184397163120567,0.6397316405846198,0.5076552033424377,0.04162486889581527,5.163514842092918
05,437,1,0.6198581560283688,0.6399294432193218,0.5067076086997986,0.02993850348575255,3.475607102412827
05,438,1,0.6212765957446809,0.6535116327269386,0.522628664970398,0.02617282036968166,3.432126673080771
05,439,1,0.6226950354609929,0.6583483887242607,0.5069511532783508,0.015500579226782553,1.43389550043414
05,440,1,0.624113475177305,0.6479983022739759,0.5186078548431396,0.0066129528026190165,0.5319306721376329
05,441,1,0.625531914893617,0.6515593748262865,0.5034384727478027,0.0059830689894753986,-0.025285095298893404
05,442,1,0.6269503546099291,0.6440636096558288,0.5048996210098267,0.012382769005025161,0.9281064045300355
05,443,1,0.6283687943262412,0.6577403764815228,0.5075474381446838,0.006833572928206111,0.22214767062877658
05,444,1,0.6297872340425532,0.6486911940597966,0.5133913159370422,0.006118186365383925,0.3008320313562666
05,445,1,0.6312056737588653,0.6643468975285052,0.5112767815589905,0.01024130474965801,0.8208289467973667
05,446,1,0.6326241134751773,0.659947857029459,0.5108647346496582,0.006614726769002966,0.29338946432184776
05,447,1,0.6340425531914894,0.6672606648748701,0.5106201171875,0.005987129577060715,0.19676866835089551
05,448,1,0.6354609929078014,0.6565972896831576,0.5107533931732178,0.008135802306278356,0.5058470468980161
05,449,1,0.6368794326241135,0.6974792602110819,0.49805542826652527,0.031849128909095394,3.47996064794715
05,450,1,0.6382978723404256,0.6642462473559727,0.5034956932067871,0.012054671843870112,0.838242231810398
05,451,1,0.6397163120567376,0.7523707953515462,0.5469959378242493,0.0773829757972871,11.452024968114332
05,452,1,0.6411347517730497,0.6791364112512022,0.48889315128326416,0.03153323882627674,3.1525664210703908
05,453,1,0.6425531914893617,0.9436022203362133,0.5274743437767029,0.24170208777077412,34.17234648446183
05,454,1,0.6439716312056738,0.9116709083588455,0.5427951812744141,0.16492408255540497,23.747475211741488
05,455,1,0.6453900709219859,0.9136667975310864,0.5430426001548767,0.10478425269540496,15.219260402618508
05,456,1,0.6468085106382979,0.7858688652828711,0.6038614511489868,0.13023483690689786,20.70716143041069
05,457,1,0.64822695035461,0.7630522638003102,0.5807610750198364,0.12924188809993237,19.85382774234899
05,458,1,0.649645390070922,0.7382656411288417,0.5144151449203491,0.10889102163742506,14.919294860431576
05,459,1,0.6510638297872341,0.7259691097029302,0.5163967609405518,0.07783623625583572,10.572698212803735
05,460,1,0.6524822695035462,0.7236609150652653,0.5133926272392273,0.033220008936461515,4.147523827732456
05,461,1,0.6539007092198581,0.714751805876455,0.4926983714103699,0.026577130570870328,2.5664801898860383
05,462,1,0.6553191489361702,0.6991616062208106,0.5063984394073486,0.03009221574555098,3.487889404110628
05,463,1,0.6567375886524822,0.714107256337972,0.5059298276901245,0.012124991155364782,0.923290072210563
05,464,1,0.6581560283687943,0.694387792088811,0.5198598504066467,0.02212455780930328,2.772154859731912
05,465,1,0.6595744680851063,0.7179151925011616,0.5027866363525391,0.010012993253198495,0.526593162862226
05,466,1,0.6609929078014184,0.7095497449398992,0.5087197422981262,0.008899871827780327,0.5515774389890847
05,467,1,0.6624113475177305,0.7215402119905634,0.502686083316803,0.008958261500613936,0.37379060229518446
05,468,1,0.6638297872340425,0.7115098043892742,0.5012317299842834,0.008617827945663896,0.28062039253497584
05,469,1,0.6652482269503546,0.7382642507628583,0.5067538022994995,0.019543558284645164,2.001642715232178
05,470,1,0.6666666666666666,0.7288074458166733,0.4991419017314911,0.010446282050726226,0.47568993533086257
05,471,1,0.6680851063829787,0.7541676634175172,0.4951281249523163,0.025545281154686357,2.494958470225858
05,472,1,0.6695035460992907,0.7432010162204166,0.5017327666282654,0.012623485503995304,0.864608281693392
05,473,1,0.6709219858156028,0.7739500523339247,0.5000918507575989,0.029248004256569822,3.1735764172558407
05,474,1,0.6723404255319149,0.772236846478269,0.499266654253006,0.02018834174057307,1.8622599931762032
05,475,1,0.6737588652482269,0.8111019607050808,0.4880197048187256,0.04662111206956044,5.267101652138644
05,476,1,0.675177304964539,0.817892966572393,0.5041598677635193,0.03917854361498172,4.708505833052062
05,477,1,0.676595744680851,0.8351502372847766,0.5005212426185608,0.03776282673937121,4.395355524456026
05,478,1,0.6780141843971631,0.8388317937050864,0.504736065864563,0.026144336921968103,2.876287337027055
05,479,1,0.6794326241134752,0.8391639597267507,0.5166354775428772,0.010380073930693592,1.0057837545523505
05,480,1,0.6808510638297872,0.8331461824729718,0.5053324699401855,0.007958555604166995,0.3135119477406207
05,481,1,0.6822695035460993,0.843141044024282,0.5008785724639893,0.0029765939580924505,-0.530949771445544
05,482,1,0.6836879432624113,0.8399098330151932,0.4987618625164032,0.004197909651983365,-0.42288240703529467
05,483,1,0.6851063829787234,0.8384861394635077,0.49203863739967346,0.004460875450755091,-0.592898866358087
05,484,1,0.6865248226950355,0.8446943644525179,0.499185711145401,0.003810122885215884,-0.46485103890798296
05,485,1,0.6879432624113475,0.8392757828978459,0.4949861764907837,0.005874016364017823,-0.30142683507729845
05,486,1,0.6893617021276596,0.843840919077083,0.487590491771698,0.002428959581187073,-1.0184734434629599
05,487,1,0.6907801418439716,0.8334911732241884,0.4923815131187439,0.01167508227153871,0.44161145242960914
05,488,1,0.6921985815602837,0.8443309547022143,0.49720537662506104,0.004660472656489356,-0.4052303623729503
05,489,1,0.6936170212765957,0.8353008094701246,0.49538782238960266,0.008525852028196775,0.08734348435664491
05,490,1,0.6950354609929078,0.8343502652930473,0.5126541256904602,0.00848265284834376,0.6136940962553199
05,491,1,0.6964539007092199,0.8362473377572676,0.5010292530059814,0.00444306236562703,-0.3181621640188167
05,492,1,0.6978723404255319,0.8447678142162842,0.4909176528453827,0.006273651848988099,-0.3701759775571787
05,493,1,0.699290780141844,0.8411754895791607,0.4952543377876282,0.002431531995150695,-0.7817601056471888
05,494,1,0.700709219858156,0.8544789489334698,0.49461257457733154,0.011751768199041309,0.521300282401991
05,495,1,0.7021276595744681,0.8413509940993195,0.495466947555542,0.006408357545214597,-0.21075934361938858
05,496,1,0.7035460992907802,0.8588910504005061,0.49336424469947815,0.009855784670459031,0.21369935233709808
05,497,1,0.7049645390070922,0.8397330241542638,0.5005512833595276,0.01283305062183873,0.8579163459061256
05,498,1,0.7063829787234043,0.8506500367740149,0.499229371547699,0.00878988607469585,0.24328968801241713
05,499,1,0.7078014184397163,0.841421757117765,0.490128755569458,0.009826473262249528,0.1097586223263809
05,500,1,0.7092198581560284,0.8505950192992104,0.49109145998954773,0.007814967280220735,-0.14605187441735162
05,501,1,0.7106382978723405,0.8465465493473091,0.4919371008872986,0.004304177895701428,-0.6182707915067539
05,502,1,0.7120567375886525,0.8530954991966637,0.5008882284164429,0.004037578206635494,-0.3800629827391465
05,503,1,0.7134751773049646,0.8459431851983921,0.5015615820884705,0.005563475064833509,-0.14272158563749066
05,504,1,0.7148936170212766,0.8550400477900395,0.4956846237182617,0.003518586792140948,-0.6142010718053668
05,505,1,0.7163120567375887,0.8525715424877494,0.48603036999702454,0.003193062305652811,-0.9581349969328444
05,506,1,0.7177304964539007,0.8579535780461855,0.48991766571998596,0.003143579148615772,-0.8452765318931812
05,507,1,0.7191489361702128,0.856747744810975,0.48742902278900146,0.0029013337329232064,-0.9564074196562995
05,508,1,0.7205673758865249,0.8618899238633115,0.49160119891166687,0.002719741556585667,-0.8535140911948103
05,509,1,0.7219858156028369,0.8531259796210251,0.48642927408218384,0.007756671704018779,-0.2981048612250312
05,510,1,0.723404255319149,0.8544418350255854,0.5011311769485474,0.006579425582777462,-0.011797792688916231
05,511,1,0.724822695035461,0.8479864235416201,0.4924090802669525,0.012156901311592637,0.510847776749868
05,512,1,0.7262411347517731,0.8539108589698917,0.4890685975551605,0.00628596247552041,-0.4254524003826199
05,513,1,0.7276595744680852,0.8521327953167136,0.4792959988117218,0.004461837274156814,-0.9857373703992937
05,514,1,0.7290780141843972,0.8493657237132133,0.4910813570022583,0.006344208523227921,-0.355113101314902
05,515,1,0.7304964539007093,0.8545678455020882,0.48708370327949524,0.0021728767579429764,-1.0704491666477396
05,516,1,0.7319148936170212,0.8478150016458785,0.5010542869567871,0.008271258252586674,0.22595837701749924
05,517,1,0.7333333333333333,0.8554536896969795,0.4898182451725006,0.0030983696695251967,-0.8547593304734943
05,518,1,0.7347517730496453,0.8549874415648068,0.4879690110683441,0.002554515947990342,-0.988979514061446
05,519,1,0.7361702127659574,0.8525646957515559,0.4843684434890747,0.004452927512916443,-0.8305709351734749
05,520,1,0.7375886524822695,0.8667814296844856,0.4955081641674042,0.010484268496691875,0.3690192793698166
05,521,1,0.7390070921985815,0.8554470090781952,0.49901002645492554,0.005596134173374521,-0.21677455309581123
05,522,1,0.7404255319148936,0.877228217331678,0.5275729298591614,0.016191119288928635,2.1678688520017655
05,523,1,0.7418439716312056,0.8653539755933821,0.4870150089263916,0.008281094742005425,-0.2056080672224731
05,524,1,0.7432624113475177,0.8623173054699541,0.49255403876304626,0.00875728225705598,0.032799024623341555
05,525,1,0.7446808510638298,0.8586921255680678,0.5078099370002747,0.009986455323223007,0.6777420025756203
05,526,1,0.7460992907801418,0.85641234552913,0.4961042106151581,0.013077514484628985,0.7554689637480957
05,527,1,0.7475177304964539,0.8578894620186429,0.4985332489013672,0.006416597484637857,-0.11502700253895132
05,528,1,0.7489361702127659,0.8707362215765158,0.49358993768692017,0.008316457907078524,0.0021778420566733736
05,529,1,0.750354609929078,0.8463451636434302,0.5026678442955017,0.018179329052647488,1.6820047521624557
05,530,1,0.75177304964539,0.8653212682394855,0.49350622296333313,0.00802777430227782,-0.04137768703042366
05,531,1,0.7531914893617021,0.8543539832728994,0.4925481975078583,0.011878627825146936,0.47564178887856196
05,532,1,0.7546099290780142,0.8552540384759981,0.49063944816589355,0.009826339732563959,0.12548911086479042
05,533,1,0.7560283687943262,0.8557525021793148,0.4924607276916504,0.004988171301178534,-0.5050410204077785
05,534,1,0.7574468085106383,0.8566242228454367,0.49698305130004883,0.004638179219476232,-0.41525091788214896
05,535,1,0.7588652482269503,0.850582231341651,0.48809853196144104,0.008505909374749734,-0.14028420853499796
05,536,1,0.7602836879432624,0.8448856132698674,0.5029822587966919,0.013259589463721215,0.9934261799622479
05,537,1,0.7617021276595745,0.8495792203435841,0.48921963572502136,0.007602288820732498,-0.23396392365672686
05,538,1,0.7631205673758865,0.8482106416144561,0.5032910108566284,0.006024866921766135,-0.023900209124070218
05,539,1,0.7645390070921986,0.8526994664909557,0.48364636301994324,0.0026080314693159917,-1.1146916462206162
05,540,1,0.7659574468085106,0.8530534708301277,0.49252384901046753,0.0015772171829563702,-0.9872224030868124
05,541,1,0.7673758865248227,0.855753358468134,0.5067751407623291,0.0012757046253646124,-0.5905161375402612
05,542,1,0.7687943262411348,0.8495322647585594,0.4933755099773407,0.006488923615347556,-0.26382296392130283
05,543,1,0.7702127659574468,0.851279835708572,0.4881153702735901,0.0052271531217693325,-0.6051296497926248
05,544,1,0.7716312056737589,0.8479820426752673,0.48982030153274536,0.008014643789069461,-0.15691286001601207
05,545,1,0.7730496453900709,0.8510951533297685,0.4956108629703522,0.004471840618506088,-0.48117733735756063
05,546,1,0.774468085106383,0.8429614075748827,0.5013773441314697,0.010602870566147614,0.566854709499313
05,547,1,0.775886524822695,0.8418934075462561,0.4972769021987915,0.010028156298855059,0.35882854253347196
05,548,1,0.7773049645390071,0.846513883734795,0.5002161860466003,0.004992376830169664,-0.26527062183046585
05,549,1,0.7787234042553192,0.8427784282967595,0.4912389814853668,0.006429488772654532,-0.3381479526699279
05,550,1,0.7801418439716312,0.8549692176823168,0.48723796010017395,0.007840481871154993,-0.26127003494615897
05,551,1,0.7815602836879433,0.8530518618571699,0.4869247376918793,0.004598242236320684,-0.7311114183193865
05,552,1,0.7829787234042553,0.8470055770846967,0.5042523145675659,0.005914724831052097,-0.009887034212894677
05,553,1,0.7843971631205674,0.8472677151532881,0.49127572774887085,0.005775510099936096,-0.4298360778590139
05,554,1,0.7858156028368795,0.8465408645028427,0.5061952471733093,0.007624682464513669,0.29273173949081144
05,555,1,0.7872340425531915,0.8452298308317439,0.49483585357666016,0.006828627840744003,-0.1705715342295809
05,556,1,0.7886524822695036,0.8546188691190293,0.48018842935562134,0.004515918202897931,-0.950539484401687
05,557,1,0.7900709219858156,0.8496315931639226,0.48747193813323975,0.003138780317685895,-0.9213823577530194
05,558,1,0.7914893617021277,0.8475213363101896,0.48455873131752014,0.005075907117183556,-0.7362810206864094
05,559,1,0.7929078014184398,0.8523861070625198,0.4937494099140167,0.00287482378525461,-0.7652532711336756
05,560,1,0.7943262411347518,0.8526824520896326,0.49329251050949097,0.0030927546277973545,-0.7484121179180632
05,561,1,0.7957446808510639,0.8574074937000922,0.48247087001800537,0.0032601675205375406,-1.0583832888911253
05,562,1,0.7971631205673759,0.8509889250163305,0.48985716700553894,0.005102376297266534,-0.5691237135680273
05,563,1,0.798581560283688,0.853557194150431,0.4868403375148773,0.003966748102153837,-0.8233443191446228
05,564,1,0.8,0.8454099065423586,0.5015049576759338,0.011841063719751464,0.7465310829766142
05,565,1,0.8014184397163121,0.8509669873610888,0.49024713039398193,0.006525996118970177,-0.35503841411278847
05,566,1,0.8028368794326242,0.8384701763713087,0.49494045972824097,0.015352530919231997,1.0424802234503279
05,567,1,0.8042553191489362,0.8470617608731487,0.49323588609695435,0.007208660702458878,-0.16597421086292613
05,568,1,0.8056737588652483,0.8441952309497488,0.49659696221351624,0.006299676540240533,-0.19133585169413217
05,569,1,0.8070921985815603,0.8474285532522535,0.4936169683933258,0.004559226032892682,-0.5302649003044404
05,570,1,0.8085106382978723,0.8426556163282353,0.4876449704170227,0.005225268056368163,-0.6199040412684017
05,571,1,0.8099290780141843,0.8474948590051756,0.4837868809700012,0.00313361590253192,-1.03576022261668
05,572,1,0.8113475177304964,0.8481387306634156,0.4895022213459015,0.00220156380182097,-0.9917919322991638
05,573,1,0.8127659574468085,0.8507682439396214,0.4936445951461792,0.0019505679790697344,-0.8996683780446035
05,574,1,0.8141843971631205,0.8449742450727165,0.4882393479347229,0.005882071434384015,-0.5083515329080194
05,575,1,0.8156028368794326,0.8436828093395264,0.48761019110679626,0.007753164353694328,-0.26218392727011086
05,576,1,0.8170212765957446,0.851415086606644,0.48444998264312744,0.00399926165689392,-0.8924466146794682
05,577,1,0.8184397163120567,0.8505711791040188,0.47699347138404846,0.003381569033505616,-1.2100719247711686
05,578,1,0.8198581560283688,0.8555083065001334,0.49915945529937744,0.0042555224464185,-0.40244371927246836
05,579,1,0.8212765957446808,0.8481322116296176,0.5002264380455017,0.00575408778095157,-0.15684230086138445
05,580,1,0.8226950354609929,0.8529473842422526,0.48210814595222473,0.003740461242559171,-1.0013997953869265
05,581,1,0.8241134751773049,0.8494593152816864,0.49848121404647827,0.005922409110307722,-0.18677351620161414
05,582,1,0.825531914893617,0.8582496043470647,0.4943293631076813,0.00464876020557884,-0.4955872106667031
05,583,1,0.826950354609929,0.8443489940330899,0.4897715747356415,0.011440088865053875,0.32776919031149765
05,584,1,0.8283687943262411,0.8552444765154952,0.5082213282585144,0.005065560623232928,-0.008009815715312125
05,585,1,0.8297872340425532,0.8534560282985382,0.48488301038742065,0.005078258792313088,-0.7259466755854431
05,586,1,0.8312056737588652,0.8484106017917592,0.4902527630329132,0.008006128029776292,-0.14478468723155552
05,587,1,0.8326241134751773,0.846328524446027,0.4904378056526184,0.007628454736682108,-0.19268250856052926
05,588,1,0.8340425531914893,0.8490154957022524,0.49441733956336975,0.006061460907205971,-0.29236478653058084
05,589,1,0.8354609929078014,0.8513955703661027,0.48893848061561584,0.0030674340946998824,-0.8862815086703895
05,590,1,0.8368794326241135,0.8562290743935049,0.4954391419887543,0.0038495722939810876,-0.5747937075917346
05,591,1,0.8382978723404255,0.8477624903746204,0.4954916536808014,0.006571629875339905,-0.1868236400624755
05,592,1,0.8397163120567376,0.8557937816457828,0.4862480163574219,0.002755597896730651,-1.0135136901698811
05,593,1,0.8411347517730496,0.8484990751671391,0.49305275082588196,0.00788810805085213,-0.07518577786293151
05,594,1,0.8425531914893617,0.8545033649655499,0.49901261925697327,0.004658713428979771,-0.3497458208485721
05,595,1,0.8439716312056738,0.8533256769791241,0.49436309933662415,0.002882474378934556,-0.7452415983903761
05,596,1,0.8453900709219858,0.8449537038393694,0.4839969873428345,0.011668724873018064,0.18213558535409358
05,597,1,0.8468085106382979,0.8558953890166623,0.485670804977417,0.0035940657345413796,-0.9123080140904511
05,598,1,0.8482269503546099,0.8440321139949905,0.4933890104293823,0.011729373728174479,0.48038780659794394
05,599,1,0.849645390070922,0.853915301097177,0.48701196908950806,0.005777202844954332,-0.5610874761462454
05,600,1,0.851063829787234,0.8503225934766683,0.4815191626548767,0.004676945665013514,-0.8866453396967244
05,601,1,0.8524822695035461,0.8513400347425771,0.5000770092010498,0.004792056636786101,-0.2979948567595703
05,602,1,0.8539007092198582,0.8575359498992442,0.503196120262146,0.004386333061161969,-0.2593891085128955
05,603,1,0.8553191489361702,0.854368155869256,0.517387330532074,0.002579546911793194,-0.07818418014661166
05,604,1,0.8567375886524823,0.8609183270221836,0.48943808674812317,0.003934689502258728,-0.7477815377310257
05,605,1,0.8581560283687943,0.8566858198372928,0.49064901471138,0.0029467510690109862,-0.8506586462165393
05,606,1,0.8595744680851064,0.8527633592573873,0.5157650113105774,0.008205657922595309,0.6703170602734653
05,607,1,0.8609929078014185,0.8567488547661148,0.5009715557098389,0.004301371703169635,-0.3400521371841674
05,608,1,0.8624113475177305,0.8556329119143871,0.5004730820655823,0.004738132329346082,-0.2934338722746861
05,609,1,0.8638297872340426,0.8579429017561108,0.48129552602767944,0.0019779916625060007,-1.2766136259972456
05,610,1,0.8652482269503546,0.8608466287895657,0.49265986680984497,0.0015889532451448928,-0.9813619609292692
05,611,1,0.8666666666666667,0.8616979910787814,0.4878441393375397,0.001004917471295691,-1.2127701196544
05,612,1,0.8680851063829788,0.867135574108706,0.48612284660339355,0.0045135117010062535,-0.767867324115425
05,613,1,0.8695035460992908,0.8676002311197,0.4734390377998352,0.0025885654625211994,-1.4322420583293092
05,614,1,0.8709219858156029,0.8722836021912974,0.4905467927455902,0.00437154189412062,-0.6515858314261447
05,615,1,0.8723404255319149,0.8677817264891703,0.49485212564468384,0.0031578816452430486,-0.6910708677274962
05,616,1,0.873758865248227,0.8707547826600235,0.4794788956642151,0.0023055921210123377,-1.2861399551876456
05,617,1,0.875177304964539,0.870044861212516,0.49331536889076233,0.0031521784255202885,-0.7392729634677588
05,618,1,0.8765957446808511,0.8697580763369617,0.49587535858154297,0.004050120824278633,-0.5328765436860489
05,619,1,0.8780141843971632,0.8629583251379851,0.49614617228507996,0.010218490559671277,0.3509723093576759
05,620,1,0.8794326241134752,0.8759175578209287,0.49842536449432373,0.0042387680990068404,-0.4274606213749831
05,621,1,0.8808510638297873,0.868329858494286,0.4855872690677643,0.006180785724755426,-0.5477424818022845
05,622,1,0.8822695035460993,0.8787735934270672,0.5090757608413696,0.005949448762664474,0.14379352010642515
05,623,1,0.8836879432624114,0.8829007494704673,0.5006073117256165,0.007813961727412003,0.14726833093636887
05,624,1,0.8851063829787233,0.8840715925609617,0.4997711777687073,0.004132167994136373,-0.40108668580546614
05,625,1,0.8865248226950354,0.8664221940975323,0.4790204167366028,0.015688708413651744,0.5992308206602142
05,626,1,0.8879432624113475,0.8773699026293109,0.5160220861434937,0.009019547243976304,0.7937630921477956
05,627,1,0.8893617021276595,0.8669975683077218,0.47898417711257935,0.014285495404834756,0.3989505477483579
05,628,1,0.8907801418439716,0.8765647259369888,0.502816915512085,0.00772382400085233,0.20261758646107464
05,629,1,0.8921985815602836,0.8692438531785305,0.49594032764434814,0.006186698587346465,-0.2276213865650445
05,630,1,0.8936170212765957,0.8676218287866567,0.48292285203933716,0.008514137749469766,-0.2987310657026615
05,631,1,0.8950354609929078,0.8707087005088587,0.49007293581962585,0.0038152926231075114,-0.7451495828409961
05,632,1,0.8964539007092198,0.8652512841262258,0.4859258830547333,0.009375446999521416,-0.08387099207458204
05,633,1,0.8978723404255319,0.8697687372138314,0.47704026103019714,0.003569969198430143,-1.1818887024764702
05,634,1,0.8992907801418439,0.8674461243603642,0.4954053461551666,0.0044834673215174954,-0.4858651312028498
05,635,1,0.900709219858156,0.8612182770159326,0.49276113510131836,0.01066738855937596,0.31029345437839384
05,636,1,0.902127659574468,0.8354785690966439,0.5354273319244385,0.034034490605433114,4.942662442324174
05,637,1,0.9035460992907801,0.8299109441902788,0.5401673913002014,0.03215893675440273,4.822639350023699
05,638,1,0.9049645390070922,0.8250118370998301,0.4981984794139862,0.027093595588963293,2.809403675983728
05,639,1,0.9063829787234042,0.8208605137125241,0.4950385093688965,0.020636347161135715,1.7954535363594397
05,640,1,0.9078014184397163,0.8226010129766937,0.5181012153625488,0.008958265898601079,0.8491842751351999
05,641,1,0.9092198581560283,0.8143436467029279,0.5153787136077881,0.013844384314892265,1.458726975521346
05,642,1,0.9106382978723404,0.8240575300521393,0.5343679785728455,0.004377227463851139,0.7006391536319152
05,643,1,0.9120567375886525,0.8192767579524463,0.515178918838501,0.005810645947177294,0.3123103596380789
05,644,1,0.9134751773049645,0.8326314810550375,0.535393476486206,0.008969790110997163,1.3841024822235275
05,645,1,0.9148936170212766,0.8286994100856645,0.5311487913131714,0.005214528411322441,0.7202023223616177
05,646,1,0.9163120567375886,0.8495027980340875,0.5542490482330322,0.01974454922477706,3.4948937577316976
05,647,1,0.9177304964539007,0.8490148955769603,0.5398943424224854,0.013857671805324153,2.216659600536944
05,648,1,0.9191489361702128,0.8570180051899217,0.5505354404449463,0.013463904978995718,2.4889357916854102
05,649,1,0.9205673758865248,0.8658200064095487,0.5646120309829712,0.016169275164901714,3.3070311983331955
05,650,1,0.9219858156028369,0.8719151286872884,0.5770889520645142,0.012984248361670338,3.2397502618010225
05,651,1,0.9234042553191489,0.872873098692519,0.5695099234580994,0.008578541505583095,2.3807011987320474
05,652,1,0.924822695035461,0.8787284894896797,0.5094906091690063,0.008229975721871816,0.4802699210567788
05,653,1,0.926241134751773,0.8882756366098059,0.5044789910316467,0.012349501767058459,0.9104127094374785
05,654,1,0.9276595744680851,0.8889277035675487,0.5171100497245789,0.00778001850046325,0.6513847936420234
05,655,1,0.9290780141843972,0.8951521355863327,0.49885427951812744,0.009358949473455839,0.3124911351903157
05,656,1,0.9304964539007092,0.8953847933926028,0.5097969770431519,0.004623909957735175,-0.02210273123808494
05,657,1,0.9319148936170213,0.9002201562177239,0.49961599707603455,0.004693134905662868,-0.3262524715124078
05,658,1,0.9333333333333333,0.9056979368419406,0.5050292015075684,0.007184785627900039,0.19433560549594397
05,659,1,0.9347517730496454,0.9061623345283176,0.49920231103897095,0.00394281695708831,-0.44550539985202564
05,660,1,0.9361702127659575,0.910097919431128,0.5015684366226196,0.0046396601629933336,-0.27363030197774574
05,661,1,0.9375886524822695,0.9114937842881929,0.511017382144928,0.002377701886492164,-0.30327794398560903
05,662,1,0.9390070921985816,0.9160922035731012,0.5116117000579834,0.004137255777717871,-0.03521024448683385
05,663,1,0.9404255319148936,0.9104592292203306,0.5147907137870789,0.004094285257842831,0.05672960618519307
05,664,1,0.9418439716312057,0.9149162451706956,0.5019757747650146,0.0022216101510658982,-0.6042700874158273
05,665,1,0.9432624113475178,0.9118203868146045,0.5074595212936401,0.005011932771464053,-0.03911504537023129
05,666,1,0.9446808510638298,0.9120689907352013,0.49588948488235474,0.004844979482470172,-0.4196239778673545
05,667,1,0.9460992907801419,0.9097496722533489,0.4914862811565399,0.006158494754847613,-0.368984462858667
05,668,1,0.9475177304964539,0.9149288532885884,0.5062217116355896,0.002673124190884727,-0.4092431633490088
05,669,1,0.948936170212766,0.9103158070840179,0.5016993880271912,0.005418122711906362,-0.15910207693718367
05,670,1,0.950354609929078,0.9152863530166677,0.4997446835041046,0.002451481976203423,-0.6404490802505547
05,671,1,0.9517730496453901,0.9060354551365963,0.5150745511054993,0.010126670297047917,0.9216793414820728
05,672,1,0.9531914893617022,0.921026399185402,0.5020776391029358,0.005792828030945859,-0.09425388408348315
05,673,1,0.9546099290780142,0.9145131242937838,0.5090568661689758,0.005046886304274005,0.015107143934140657
05,674,1,0.9560283687943263,0.928721851692659,0.49862438440322876,0.010914564761558,0.526194938695353
05,675,1,0.9574468085106383,0.9160674305474192,0.5093532800674438,0.007241155539700194,0.33568825686708803
05,676,1,0.9588652482269504,0.928422979706923,0.49502965807914734,0.006335041856181879,-0.2346510164152873
05,677,1,0.9602836879432625,0.918567332728471,0.5117630958557129,0.006955967854713749,0.36952783952090285
05,678,1,0.9617021276595744,0.9232670301217404,0.5140069127082825,0.006345907835520631,0.35213791324411686
05,679,1,0.9631205673758865,0.9150669444804467,0.509937047958374,0.010106202818680242,0.760336934838518
05,680,1,0.9645390070921985,0.9269891053008843,0.5019393563270569,0.005656579939910678,-0.11785658096310127
05,681,1,0.9659574468085106,0.9223782978824814,0.5111078023910522,0.00440515439021467,-0.012726397411335216
05,682,1,0.9673758865248226,0.9262744329725071,0.4954076409339905,0.003921114069521858,-0.5656110195224293
05,683,1,0.9687943262411347,0.9253042226837211,0.5037402510643005,0.0032361831730181373,-0.40585303371139925
05,684,1,0.9702127659574468,0.9297525940778766,0.5087566375732422,0.0024159441748842552,-0.36757004065878973
05,685,1,0.9716312056737588,0.9300136966622378,0.502713680267334,0.001367735816447591,-0.7027067521560073
05,686,1,0.9730496453900709,0.9321927638072488,0.49819275736808777,0.0009812699296839382,-0.8969815740676667
05,687,1,0.9744680851063829,0.9323103740996984,0.5116369724273682,0.0012269117206589958,-0.4475056226525874
05,688,1,0.975886524822695,0.9377684303248741,0.49665385484695435,0.003109119140120217,-0.6424276876553244
05,689,1,0.9773049645390071,0.9338116953203618,0.5022565126419067,0.00285157492614149,-0.5061993214960909
05,690,1,0.9787234042553191,0.9354006650893358,0.4969552457332611,0.0022881989015877714,-0.7496489067355367
05,691,1,0.9801418439716312,0.9291019323358415,0.508507490158081,0.009312812895714558,0.6036418076807485
05,692,1,0.9815602836879432,0.9344848750459502,0.5131332278251648,0.00510084029509825,0.14847746098700992
05,693,1,0.9829787234042553,0.9256365970494896,0.509393572807312,0.011155148921371203,0.8924568917577593
05,694,1,0.9843971631205674,0.9361368224846409,0.5168810486793518,0.004505143492086438,0.17950869797001362
05,695,1,0.9858156028368794,0.923880452268673,0.518491268157959,0.011051558483296085,1.158321203024049
05,696,1,0.9872340425531915,0.9250038838022445,0.5158047676086426,0.008622756932932431,0.7307433623912569
05,697,1,0.9886524822695035,0.9154007257213765,0.5119796395301819,0.015855667202873985,1.6393696885772808
05,698,0,0.9900709219858156,0.9205740970743163,0.5076690912246704,0.009991622889778149,0.674131856606541
05,699,0,0.9914893617021276,0.9156707027572117,0.510025680065155,0.00913604098242934,0.6253720140229275
05,700,0,0.9929078014184397,0.9217448422827668,0.5046430230140686,0.004345028904090825,-0.22062996663276424
05,701,0,0.9943262411347518,0.9176349603819325,0.5093945264816284,0.0043045855999738454,-0.07983681803729847
05,702,0,0.9957446808510638,0.9230561888813633,0.5145431160926819,0.0029717098590823993,-0.1102369930492679
05,703,0,0.9971631205673759,0.9132254599190536,0.5141174793243408,0.00989316767975351,0.859022046125562
05,704,0,0.9985815602836879,0.9228383288269992,0.5231293439865112,0.004203543520383706,0.32939514246105944
20,15,0,0.021739130434782608,0.08936917474742109,0.49727144837379456,nan,nan
20,16,0,0.02318840579710145,0.09897187502979683,0.492000937461853,nan,nan
20,17,0,0.02463768115942029,0.09119863527133201,0.4889463782310486,nan,nan
20,18,0,0.02608695652173913,0.09791846170308724,0.5039138197898865,nan,nan
20,19,1,0.02753623188405797,0.09518435374975266,0.5007684826850891,0.00336224087393503,-0.47960872863806436
20,20,1,0.028985507246376812,0.09802055284224884,0.4921239912509918,0.0033452277325475505,-0.7486141791600788
20,21,1,0.030434782608695653,0.09289046587073051,0.5101649761199951,0.006281989043863204,0.22458278177820953
20,22,1,0.03188405797101449,0.10506528554892725,0.5004552602767944,0.005469872984483928,-0.19012511262304124
20,23,1,0.03333333333333333,0.09547295833870163,0.5008069276809692,0.005909160187201679,-0.11693042315437868
20,24,1,0.034782608695652174,0.12376530614708256,0.5022523999214172,0.02231103647394201,2.255619613028675
20,25,1,0.036231884057971016,0.11317317608845598,0.500097930431366,0.011297173923017986,0.6259431625961855
20,26,1,0.03768115942028986,0.12077806051148055,0.49000653624534607,0.010747329384696597,0.23668961121668164
20,27,1,0.0391304347826087,0.10834034317749999,0.4994782507419586,0.012109115317927072,0.7220741567103838
20,28,1,0.04057971014492753,0.12053185167305659,0.49514105916023254,0.0064758526527494776,-0.2112297343267841
20,29,1,0.042028985507246375,0.10501058164418536,0.4956006109714508,0.014287230241426417,0.9116372254091865
20,30,1,0.043478260869565216,0.12001244696620937,0.48507213592529297,0.007708137645310635,-0.3468467542719782
20,31,1,0.04492753623188406,0.11190383649586233,0.49820223450660706,0.007171769209007066,-0.01805125814053582
20,32,1,0.0463768115942029,0.11615455868349595,0.49382156133651733,0.006625860929402255,-0.23063105236902479
20,33,1,0.04782608695652174,0.10718354560521634,0.4907211363315582,0.009678764365210422,0.10706246268496633
20,34,1,0.04927536231884058,0.1315559234730785,0.5675427913665771,0.014150372512394014,3.11086448492993
20,35,1,0.050724637681159424,0.10409282084514973,0.5348533391952515,0.016198599242252056,2.393453785291142
20,36,1,0.05217391304347826,0.1107215470332518,0.5580978393554688,0.010213091430925154,2.2607567291552586
20,37,1,0.0536231884057971,0.09686368387122175,0.5426537394523621,0.020116729390940835,3.1901264364073425
20,38,1,0.05507246376811594,0.13045184704004176,0.5471040606498718,0.019477000646286997,3.236572746229607
20,39,1,0.05652173913043478,0.08804187094918371,0.5556443929672241,0.026082557771221045,4.437499843498035
20,40,1,0.057971014492753624,0.11918348742720475,0.5694478750228882,0.016142757596405394,3.4524018832627954
20,41,1,0.059420289855072465,0.1392450803169751,0.5855126976966858,0.027017903972073633,5.491376495882532
20,42,1,0.06086956521739131,0.12430976354890001,0.5534876585006714,0.015617892245157096,2.885702893619228
20,43,1,0.06231884057971015,0.13214775935655126,0.6161962151527405,0.015846196862404172,4.851999661576972
20,44,1,0.06376811594202898,0.13493152571352518,0.5798106789588928,0.0069299987436469545,2.464386938431288
20,45,1,0.06521739130434782,0.1193320675403435,0.5106480121612549,0.016918418716632893,1.7491429708158035
20,46,1,0.06666666666666667,0.1266659227544398,0.5456793308258057,0.0075548471108291305,1.50048426657674
20,47,1,0.06811594202898551,0.10866872159367992,0.49936366081237793,0.02319255127052352,2.291649014331592
20,48,1,0.06956521739130435,0.13076141063213878,0.5330911874771118,0.009728517967737195,1.420790081817751
20,49,1,0.07101449275362319,0.10452329748944127,0.5228443145751953,0.020425687163697758,2.623067539244978
20,50,1,0.07246376811594203,0.12810760490944434,0.5220891237258911,0.011777219380462051,1.3722722749217704
20,51,1,0.07391304347826087,0.12002353651596186,0.504645049571991,0.010700858310017804,0.6815364299814988
20,52,1,0.07536231884057971,0.12727353010734527,0.527808666229248,0.009298936188642713,1.1969084610330927
20,53,1,0.07681159420289856,0.13377538471606296,0.5289602875709534,0.010201438437526246,1.3605188747907873
20,54,1,0.0782608695652174,0.13331137764517706,0.5249309539794922,0.0036464807505500463,0.3058899076723432
20,55,1,0.07971014492753623,0.13492588562416707,0.5148124098777771,0.0035995055101851097,-0.012827026719034684
20,56,1,0.08115942028985507,0.13490716026876137,0.5271726846694946,0.0019495901397324983,0.13417818328511716
20,57,1,0.08260869565217391,0.13482238185156709,0.530685544013977,0.0029995242349635217,0.3915331927265304
20,58,1,0.08405797101449275,0.13076654689699282,0.519058108329773,0.007317108473413822,0.6457593529580299
20,59,1,0.08550724637681159,0.10847116091356798,0.509407103061676,0.0289762867697926,3.4222872207953667
20,60,1,0.08695652173913043,0.10646420141338302,0.5166908502578735,0.024369565092327808,2.993066185893309
20,61,1,0.08840579710144927,0.11699032217877331,0.501370906829834,0.014100173214597627,1.063039924500321
20,62,1,0.08985507246376812,0.1041951958392656,0.49901753664016724,0.015069816034402187,1.128088070994755
20,63,1,0.09130434782608696,0.08631282010147989,0.535321831703186,0.0263093540077561,3.84295468180972
20,64,1,0.0927536231884058,0.12181291034997437,0.5060044527053833,0.014730321443760411,1.2953746098849201
20,65,1,0.09420289855072464,0.12272362354285479,0.5009793043136597,0.012073804147000572,0.7633538804202306
20,66,1,0.09565217391304348,0.09188418711961216,0.5236018300056458,0.021099415457043053,2.7420533282242765
20,67,1,0.09710144927536232,0.10855792898364547,0.5174348950386047,0.016584881667934273,1.911106184714276
20,68,1,0.09855072463768116,0.0991232559056558,0.5050320625305176,0.01789611340018082,1.714718031841438
20,69,1,0.1,0.10887056279785097,0.5057439208030701,0.010786918179905756,0.7276396948250716
20,70,1,0.10144927536231885,0.08929599546992471,0.5288010835647583,0.016404942254754886,2.2360929466191752
20,71,1,0.10289855072463767,0.10149961851239458,0.5096374154090881,0.008937692016500399,0.585245849358462
20,72,1,0.10434782608695652,0.11804389961551044,0.5013276934623718,0.01475458742106542,1.1545904249869678
20,73,1,0.10579710144927536,0.11980759603500396,0.5043931603431702,0.01178812291309528,0.8280873862601112
20,74,1,0.1072463768115942,0.08197647965411606,0.5217555165290833,0.028777251777080855,3.7748548878954664
20,75,1,0.10869565217391304,0.1181618006268321,0.5089177489280701,0.013593849371000943,1.2239156047819189
20,76,1,0.11014492753623188,0.1077239798940451,0.5111865997314453,0.016802386622578155,1.7492838561841646
20,77,1,0.11159420289855072,0.12038112065573547,0.5204716324806213,0.012785625083016443,1.4655162128658628
20,78,1,0.11304347826086956,0.12112832667272694,0.5181094408035278,0.011492224629003879,1.2090910899997642
20,79,1,0.1144927536231884,0.13373717556576528,0.5211824774742126,0.01329641458044187,1.5599362722442716
20,80,1,0.11594202898550725,0.10718019996406783,0.5004866123199463,0.017154404755988877,1.4692660229114372
20,81,1,0.11739130434782609,0.13590449896989995,0.522118866443634,0.012058959139465633,1.4131777780324106
20,82,1,0.11884057971014493,0.10791266993395979,0.5009618401527405,0.02016683438214371,1.9114858574698523
20,83,1,0.12028985507246377,0.13979368688265062,0.5013306736946106,0.015018096751238916,1.1920830846646888
20,84,1,0.12173913043478261,0.13247663537205456,0.5117758512496948,0.014432938184033052,1.4311523478201704
20,85,1,0.12318840579710146,0.13880257034926344,0.5195534229278564,0.009545610941231748,0.9773332752434549
20,86,1,0.1246376811594203,0.13899839820084334,0.5187076926231384,0.00883334717687722,0.8501575277012526
20,87,1,0.12608695652173912,0.13908778351409928,0.5103989243507385,0.0031723948673214753,-0.2095573918705505
20,88,1,0.12753623188405797,0.14883523161525716,0.5165972709655762,0.00790193073320353,0.652874423439086
20,89,1,0.1289855072463768,0.13944572922073364,0.5123496055603027,0.005577220722120688,0.19192528989020033
20,90,1,0.13043478260869565,0.14380863281169548,0.5027273297309875,0.0030434200749145874,-0.46445039962485146
20,91,1,0.1318840579710145,0.1437976908306122,0.512738049030304,0.003327806678566604,-0.11536213444593768
20,92,1,0.13333333333333333,0.14551934758615814,0.5112791657447815,0.003068501898499409,-0.19715716965688748
20,93,1,0.13478260869565217,0.14349756572238187,0.5225997567176819,0.0032372384129065014,0.17591212033284226
20,94,1,0.13623188405797101,0.13801318060604048,0.5218898057937622,0.009734582654659955,1.0762072448120783
20,95,1,0.13768115942028986,0.1414196433867553,0.5103309750556946,0.0058640974082910975,0.17038934269428965
20,96,1,0.1391304347826087,0.12408598933192617,0.5288557410240173,0.02161839901639628,2.9777417178927186
20,97,1,0.14057971014492754,0.1405067760559823,0.5210022330284119,0.0073312752862125,0.707725687564487
20,98,1,0.14202898550724638,0.13813450897701693,0.5208113789558411,0.007051320604497628,0.6621049727791772
20,99,1,0.14347826086956522,0.13002718053895929,0.514673113822937,0.010416926111672846,0.9504962345228194
20,100,1,0.14492753623188406,0.13434017415126104,0.509012758731842,0.006132028790528432,0.16776476188742784
20,101,1,0.1463768115942029,0.13169905393245895,0.5314005613327026,0.007645060021334427,1.0729401465494541
20,102,1,0.14782608695652175,0.1191982835635682,0.5354739427566528,0.01794389985934436,2.660309103413355
20,103,1,0.1492753623188406,0.11696692476884439,0.5102450847625732,0.015441202300705973,1.527050727410599
20,104,1,0.15072463768115943,0.12614014920376124,0.5179290175437927,0.008905286547022261,0.836354267231237
20,105,1,0.15217391304347827,0.12116693336220548,0.49070149660110474,0.006589346215426363,-0.33203455513247754
20,106,1,0.1536231884057971,0.11668153466726962,0.5129287242889404,0.007778492080313724,0.5222186777469826
20,107,1,0.15507246376811595,0.12415195695433498,0.4865291118621826,0.0034703859693325356,-0.9033926439342748
20,108,1,0.1565217391304348,0.12486283787636253,0.5105089545249939,0.0034181296888698793,-0.17128617363682738
20,109,1,0.15797101449275364,0.11384394627643157,0.5143498182296753,0.011463823461600088,1.0891156052874398
20,110,1,0.15942028985507245,0.1279760435993424,0.5352346897125244,0.004742149724043616,0.7791626079975755
20,111,1,0.1608695652173913,0.12286204736183753,0.5101682543754578,0.006510871771276429,0.2571699639979378
20,112,1,0.16231884057971013,0.12474063541954619,0.5174512267112732,0.004751612763956644,0.23207483182815578
20,113,1,0.16376811594202897,0.12757308120822558,0.5147982835769653,0.003982112630299168,0.041042021576319476
20,114,1,0.16521739130434782,0.13551544436484328,0.5188897252082825,0.006135538444616814,0.4728623786457609
20,115,1,0.16666666666666666,0.13077148808745892,0.5317957997322083,0.002597100919147135,0.368655513123229
20,116,1,0.1681159420289855,0.12205816586558525,0.5213885307312012,0.011183950427421747,1.2664617987316755
20,117,1,0.16956521739130434,0.13146705933525724,0.5141007900238037,0.005090495499497836,0.17684820407347046
20,118,1,0.17101449275362318,0.13577145806381583,0.5188071131706238,0.004972020996445676,0.30517279351563076
20,119,1,0.17246376811594202,0.12932467355537053,0.517365574836731,0.005762404736746817,0.3728984308683587
20,120,1,0.17391304347826086,0.13052325603464343,0.5178418755531311,0.004083019059490594,0.14922648139737263
20,121,1,0.1753623188405797,0.13129664339859431,0.5191143155097961,0.004066922371665946,0.18618307910985588
20,122,1,0.17681159420289855,0.12548674730753345,0.5367946028709412,0.00983421447856107,1.550002956047918
20,123,1,0.1782608695652174,0.13066788422249062,0.5239679217338562,0.003954077527414199,0.31984882280714305
20,124,1,0.17971014492753623,0.12851374384246134,0.5107250213623047,0.004648559579611157,0.010016178583957466
20,125,1,0.18115942028985507,0.13727832695546782,0.5081968307495117,0.00469511823970942,-0.06134341687544045
20,126,1,0.1826086956521739,0.12611716771711973,0.5132859945297241,0.00796146188785708,0.5592061791550944
20,127,1,0.18405797101449275,0.13387085341366997,0.5077107548713684,0.004047215709192025,-0.1682926435465402
20,128,1,0.1855072463768116,0.1289764064893312,0.5173448920249939,0.006060570515837011,0.41458024151461303
20,129,1,0.18695652173913044,0.13597911936774335,0.5091907978057861,0.004732292345269417,-0.025413849583738213
20,130,1,0.18840579710144928,0.1300711951102799,0.5151128172874451,0.004756645659674663,0.16067408060997573
20,131,1,0.18985507246376812,0.13486663480375352,0.5108661651611328,0.0034189836000482416,-0.1601488221859011
20,132,1,0.19130434782608696,0.12907361074547577,0.5269747972488403,0.006991682220289727,0.843716271899086
20,133,1,0.1927536231884058,0.13995879519356744,0.49583539366722107,0.004752926469244557,-0.4343575059407009
20,134,1,0.19420289855072465,0.13560821587502747,0.5366014242172241,0.003306818066810639,0.6175904752890324
20,135,1,0.1956521739130435,0.1474579836464491,0.5293460488319397,0.008989215469004583,1.2003606941168121
20,136,1,0.19710144927536233,0.10137049946635728,0.5420675277709961,0.04024610592176118,6.029077052651936
20,137,1,0.19855072463768117,0.14638486577937004,0.5329403281211853,0.013667378753766158,1.9751932183964502
20,138,1,0.2,0.13011695950991384,0.5465425848960876,0.019116834117458494,3.168137557295458
20,139,1,0.20144927536231885,0.1376436171623204,0.5479404330253601,0.01630723841698469,2.8124711062886
20,140,1,0.2028985507246377,0.10539465635249466,0.5438196659088135,0.02707628314998422,4.213875374412865
20,141,1,0.20434782608695654,0.15075383910623186,0.549924910068512,0.017965936937178496,3.109095708944807
20,142,1,0.20579710144927535,0.1237359477714921,0.51084965467453,0.01856713838453992,1.9893697380699686
20,143,1,0.2072463768115942,0.13771391244370482,0.5411752462387085,0.01553510384073905,2.4942453539196228
20,144,1,0.20869565217391303,0.08754695368097867,0.5188785195350647,0.0454445892604907,6.051780457452923
20,145,1,0.21014492753623187,0.12296968463462642,0.5138549208641052,0.02255290731119013,2.647763643717808
20,146,1,0.21159420289855072,0.08745536950131613,0.5220997929573059,0.03412820915437286,4.544951244727364
20,147,1,0.21304347826086956,0.10820588763418897,0.5154396891593933,0.022138709278606818,2.6378484112396774
20,148,1,0.2144927536231884,0.09902619933539884,0.5064997673034668,0.013324921467032451,1.1111767337411622
20,149,1,0.21594202898550724,0.11076984233102406,0.5121219158172607,0.011891891662622799,1.0811656220047938
20,150,1,0.21739130434782608,0.13148738955154526,0.5300295352935791,0.02653111082807478,3.7112182438142436
20,151,1,0.21884057971014492,0.11627689889261614,0.5162889957427979,0.008636251290650595,0.7475919545881993
20,152,1,0.22028985507246376,0.11905805791524723,0.5267471671104431,0.008727468791957061,1.0830622323232106
20,153,1,0.2217391304347826,0.12743267885584103,0.518124520778656,0.008625205421889574,0.8026306240715211
20,154,1,0.22318840579710145,0.1300276193159611,0.531488835811615,0.006475357325343079,0.9096427022159476
20,155,1,0.2246376811594203,0.12325863360938963,0.5001518130302429,0.004149438298511215,-0.38689690052357384
20,156,1,0.22608695652173913,0.13068032129144203,0.5202215313911438,0.0037859016617913244,0.1804427264137531
20,157,1,0.22753623188405797,0.12822426812760376,0.540824294090271,0.00426353481345484,0.8836111194332297
20,158,1,0.2289855072463768,0.13016733795447397,0.5219538807868958,0.0030246505222001558,0.12582040707299896
20,159,1,0.23043478260869565,0.1285079331895772,0.5286825299263,0.0031666610791386525,0.35348377408948756
20,160,1,0.2318840579710145,0.13668239026213602,0.5236746072769165,0.0036954710983732623,0.27409832187668864
20,161,1,0.23333333333333334,0.13238190480336579,0.5236846804618835,0.002605735800769347,0.11973923592186453
20,162,1,0.23478260869565218,0.1344615208207278,0.5125556588172913,0.0022083633605144365,-0.2798732290846725
20,163,1,0.23623188405797102,0.14096454217895615,0.537566602230072,0.004378247342398984,0.7994274650560975
20,164,1,0.23768115942028986,0.1419640191960803,0.5301331877708435,0.0027008767042496495,0.3321108387744736
20,165,1,0.2391304347826087,0.1335291447200694,0.49847888946533203,0.007505806052701609,0.03789156261428461
20,166,1,0.24057971014492754,0.1394424448096011,0.5212966799736023,0.004117575182513964,0.2606751577751341
20,167,1,0.24202898550724639,0.14405811545295222,0.538375735282898,0.0039260245705368835,0.7601951488611869
20,168,1,0.24347826086956523,0.13937284264346103,0.5077108144760132,0.00473421897210591,-0.07078215899783606
20,169,1,0.24492753623188407,0.13833970488078026,0.5032913684844971,0.004352886048729157,-0.2611989579488381
20,170,1,0.2463768115942029,0.13892043502335433,0.5216005444526672,0.004974795946332819,0.3917143281335553
20,171,1,0.24782608695652175,0.13935111511937828,0.506263792514801,0.004413613403747169,-0.16091202209678346
20,172,1,0.2492753623188406,0.13834638737744687,0.5159974694252014,0.004241591062285122,0.11485279694198547
20,173,1,0.25072463768115943,0.14856621588835492,0.5868862867355347,0.006234851265126492,2.583929683110143
20,174,1,0.25217391304347825,0.129808140427429,0.557661771774292,0.015079851947693106,2.9380641012991355
20,175,1,0.2536231884057971,0.13675673959188311,0.5321108102798462,0.008609087911887015,1.2316714491163867
20,176,1,0.25507246376811593,0.15473668486367084,0.5447502732276917,0.012775360019403856,2.212797381897338
20,177,1,0.2565217391304348,0.13753798954519467,0.5608443021774292,0.010230661815718039,2.3479497508204714
20,178,1,0.2579710144927536,0.09580170644837313,0.5578106641769409,0.04750013618165979,7.54417406912354
20,179,1,0.2594202898550725,0.13857173142391302,0.5697537064552307,0.016895124394528158,3.5686194429224365
20,180,1,0.2608695652173913,0.12891888537718044,0.5646008253097534,0.021456904571304235,4.057176360625544
20,181,1,0.26231884057971017,0.12177115259281485,0.5062373280525208,0.017857930287266732,1.7464682125297035
20,182,1,0.263768115942029,0.05722830865089571,0.5633288025856018,0.06762951433266315,10.571379261154869
20,183,1,0.26521739130434785,0.1126373734637152,0.5221010446548462,0.02956324167228634,3.8970689062243116
20,184,1,0.26666666666666666,0.08587764064762803,0.5203774571418762,0.03574112778568279,4.720762361875742
20,185,1,0.26811594202898553,0.10240584051840802,0.510683536529541,0.023544034994099287,2.690634162383291
20,186,1,0.26956521739130435,0.058580740877060986,0.5412659049034119,0.03454850396608925,5.195676005105619
20,187,1,0.2710144927536232,0.11261905627882642,0.4994968771934509,0.022034425189970043,2.1313806575392484
20,188,1,0.27246376811594203,0.085399790779539,0.5113644003868103,0.02003572616597398,2.2136856978128816
20,189,1,0.27391304347826084,0.09231346387923772,0.5065283179283142,0.018479482089756312,1.843661062657824
20,190,1,0.2753623188405797,0.10756463082235716,0.5087262392044067,0.021426798987730353,2.3297660225627412
20,191,1,0.2768115942028985,0.10062978514173904,0.5179138779640198,0.010617608110601709,1.0789228375824877
20,192,1,0.2782608695652174,0.11652999851910847,0.507552444934845,0.016461126840401713,1.5887726609582207
20,193,1,0.2797101449275362,0.10958125572804162,0.5100612044334412,0.007069454275524501,0.33315007377822964
20,194,1,0.2811594202898551,0.11518876386976246,0.5099689364433289,0.005127791227830765,0.054717925301826106
20,195,1,0.2826086956521739,0.11268463395088694,0.5038547515869141,0.0046585395751748615,-0.2004421583837015
20,196,1,0.28405797101449276,0.15625413172553185,0.5895634293556213,0.03916601468559348,7.340520082676919
20,197,1,0.2855072463768116,0.20436076867210226,0.5286455750465393,0.07734161833055801,10.880241234083371
20,198,1,0.28695652173913044,0.30190510674881427,0.530135452747345,0.15119107817125488,21.40788633309481
20,199,1,0.28840579710144926,0.2703085995101997,0.5261946320533752,0.08943212963678236,12.520701959132312
20,200,1,0.2898550724637681,0.3242209590988502,0.5279082655906677,0.08742185341169967,12.288224191030423
20,201,1,0.29130434782608694,0.3010574722770274,0.5043421983718872,0.037145783611742915,4.425612441583179
20,202,1,0.2927536231884058,0.31628278989052894,0.5170009732246399,0.01872366767217356,2.201289281629889
20,203,1,0.2942028985507246,0.31343906177713104,0.5190111398696899,0.01656602849594028,1.9570406981691217
20,204,1,0.2956521739130435,0.3143748148309302,0.5119467377662659,0.007470708816100973,0.4482501293068303
20,205,1,0.2971014492753623,0.3109420139061302,0.5196244716644287,0.006007182406923308,0.4773035034947345
20,206,1,0.2985507246376812,0.3122600808635605,0.5308912992477417,0.005091543260608106,0.694805738421061
20,207,1,0.3,0.3114653634823867,0.5163495540618896,0.004880583385039825,0.21640516210601313
20,208,1,0.30144927536231886,0.31238197268195905,0.5368480086326599,0.0034705496117813485,0.648433944678837
20,209,1,0.30289855072463767,0.3129962014534421,0.5153115391731262,0.002358110303055519,-0.17362952034465046
20,210,1,0.30434782608695654,0.3150980698894828,0.5231606960296631,0.0011023321672654664,-0.10980316926515371
20,211,1,0.30579710144927535,0.31838538558866847,0.5115641951560974,0.0018080296888623197,-0.36727003213458564
20,212,1,0.3072463768115942,0.32140770792617235,0.5349792838096619,0.0031003464997957668,0.5382594851078886
20,213,1,0.30869565217391304,0.32297634925317575,0.5178143978118896,0.0024125540157458073,-0.08871554616584681
20,214,1,0.3101449275362319,0.3259770411716824,0.5206766128540039,0.0029182089843190788,0.07132266173804103
20,215,1,0.3115942028985507,0.3324421361080578,0.5223627686500549,0.0066635611001445464,0.6549128728782065
20,216,1,0.3130434782608696,0.33622225507246967,0.5164979100227356,0.006929492434709086,0.5117888085183125
20,217,1,0.3144927536231884,0.33918828589279415,0.5026475191116333,0.006191886468459226,-0.02003945588277825
20,218,1,0.3159420289855073,0.3651485740598247,0.555027186870575,0.028099190475585213,4.704692945507197
20,219,1,0.3173913043478261,0.35545584380711703,0.5614519715309143,0.014178332931793488,2.9269959185443364
20,220,1,0.3188405797101449,0.35644149515864515,0.5595170855522156,0.009861687616224106,2.2546494896218356
20,221,1,0.32028985507246377,0.3626766754768066,0.5508825778961182,0.008417293429525003,1.7833590176580847
20,222,1,0.3217391304347826,0.4072419957309454,0.5619492530822754,0.04371939458235847,7.1351924016917305
20,223,1,0.32318840579710145,0.3744512456263958,0.5616062879562378,0.01751905491690128,3.405914666457261
20,224,1,0.32463768115942027,0.36301574169073886,0.5582544803619385,0.016192625378103946,3.1142824792262966
20,225,1,0.32608695652173914,0.35950380192704784,0.5300542712211609,0.020934566727162332,2.917645061338237
20,226,1,0.32753623188405795,0.4119478624813635,0.5748633146286011,0.0328233420577748,5.986941208000917
20,227,1,0.3289855072463768,0.3612108155922768,0.5497088432312012,0.019610801362098206,3.3358933932089028
20,228,1,0.33043478260869563,0.3723324883263949,0.5330885648727417,0.016065447567229347,2.320130589103197
20,229,1,0.3318840579710145,0.3645251186006279,0.5413040518760681,0.015535947399111499,2.498337368393506
20,230,1,0.3333333333333333,0.4108660214305216,0.5547788739204407,0.033184479901179086,5.418807084392453
20,231,1,0.3347826086956522,0.3670705957031795,0.5280614495277405,0.013811296144324837,1.8451583199203565
20,232,1,0.336231884057971,0.37625968183299824,0.5543692708015442,0.013619089667874944,2.6291946028155593
20,233,1,0.33768115942028987,0.37073251471386864,0.5390726327896118,0.013164106435330399,2.0928785605023665
20,234,1,0.3391304347826087,0.3709885376537232,0.5415021777153015,0.013835619789407307,2.263114321606788
20,235,1,0.34057971014492755,0.35796461650244044,0.5370888710021973,0.01689016999649047,2.5605531161102126
20,236,1,0.34202898550724636,0.36516226258536577,0.5429679155349731,0.010296461350245315,1.8059922926649326
20,237,1,0.34347826086956523,0.36865547343335725,0.5297648310661316,0.006085324929141796,0.8011168835635178
20,238,1,0.34492753623188405,0.39327146186679357,0.5172215104103088,0.023986785300083392,2.9551022111829544
20,239,1,0.3463768115942029,0.38928594126249205,0.5120444893836975,0.017141684749262764,1.823898343326576
20,240,1,0.34782608695652173,0.4072106827232204,0.5279724597930908,0.024524943913229735,3.3630374110416175
20,241,1,0.3492753623188406,0.3950703925868301,0.5200682282447815,0.009916791668943457,1.0458924587343845
20,242,1,0.3507246376811594,0.38582552447720203,0.5185737609863281,0.013976049155620505,1.5759478685260535
20,243,1,0.3521739130434783,0.3693268867455808,0.5245324969291687,0.02861320253984386,3.837211178689309
20,244,1,0.3536231884057971,0.36210705111744723,0.5077621936798096,0.030843274538749604,3.636546994230936
20,245,1,0.35507246376811596,0.36465254544215103,0.5166938304901123,0.017576228670356717,2.0289573770770692
20,246,1,0.3565217391304348,0.3519916324435273,0.5265749096870422,0.022078323525056454,2.972680910774726
20,247,1,0.35797101449275365,0.3621148571695311,0.5019726753234863,0.007839847349038188,0.19304932382991777
20,248,1,0.35942028985507246,0.3635581725859034,0.5370340943336487,0.004600058345830356,0.8144876236582526
20,249,1,0.36086956521739133,0.37634154422675803,0.514404833316803,0.01217028829349129,1.191083127489894
20,250,1,0.36231884057971014,0.38402473416580646,0.5099033713340759,0.016931228536387982,1.7279968526902523
20,251,1,0.36376811594202896,0.38847971713225554,0.5114096403121948,0.013377936072267284,1.2701186904398394
20,252,1,0.3652173913043478,0.38214470617638036,0.5111929774284363,0.006714402012154742,0.3176595037802341
20,253,1,0.36666666666666664,0.3914619369690977,0.5046302676200867,0.0051223075208090855,-0.11070160895739244
20,254,1,0.3681159420289855,0.3963885732731036,0.5197120308876038,0.006268845639230083,0.5171425036713337
20,255,1,0.3695652173913043,0.40059244829009405,0.505828320980072,0.007381760879396212,0.24693730036750866
20,256,1,0.3710144927536232,0.3961280895260459,0.5031878352165222,0.004406812995234514,-0.25673782933716904
20,257,1,0.372463768115942,0.40990094510543795,0.4938284754753113,0.010166229067864132,0.2720783402193323
20,258,1,0.3739130434782609,0.40308839281179754,0.4983491003513336,0.0037757918444979504,-0.4955243117101321
20,259,1,0.3753623188405797,0.4135838829048528,0.49708494544029236,0.007564459948520455,0.003228140639302879
20,260,1,0.37681159420289856,0.41476242355013687,0.5068833231925964,0.005624262422070533,0.030025338405356716
20,261,1,0.3782608695652174,0.422429088144998,0.5098822116851807,0.008503223028953209,0.5311295926392738
20,262,1,0.37971014492753624,0.421371107589708,0.4947877526283264,0.005560587796015908,-0.35203205690169603
20,263,1,0.38115942028985506,0.43602612311694894,0.49607282876968384,0.014397543546536497,0.9418572599186866
20,264,1,0.3826086956521739,0.4348530255025375,0.5145254135131836,0.008918825490904444,0.7333108709034493
20,265,1,0.38405797101449274,0.4379131965856493,0.5207405686378479,0.006144651348957882,0.5312346591988956
20,266,1,0.3855072463768116,0.43310457623449544,0.5032532811164856,0.006021412091206915,-0.02555412628858794
20,267,1,0.3869565217391304,0.4395593095612163,0.508055567741394,0.002213820295989038,-0.4178787075483597
20,268,1,0.3884057971014493,0.4397672761224355,0.505254328250885,0.0020767732063022666,-0.5237187315449618
20,269,1,0.3898550724637681,0.44794284443510424,0.5084252953529358,0.006764800786166566,0.23945918120010393
20,270,1,0.391304347826087,0.4356039398744349,0.518595278263092,0.008081515736866452,0.7399808149492064
20,271,1,0.3927536231884058,0.44046439896353734,0.5068551301956177,0.005557736297702388,0.01971361101489661
20,272,1,0.39420289855072466,0.44089428543734593,0.5165270566940308,0.004850674606780648,0.21763418060071754
20,273,1,0.39565217391304347,0.45144285629547576,0.4985909163951874,0.007748092383086718,0.07573490378237496
20,274,1,0.39710144927536234,0.44047903315785913,0.5096622109413147,0.005214291007827844,0.05753590230871117
20,275,1,0.39855072463768115,0.44900992184711175,0.5083605051040649,0.004751073193946122,-0.04835393015487921
20,276,1,0.4,0.44127038046722383,0.5108504295349121,0.007778097740212817,0.45806939501741883
20,277,1,0.40144927536231884,0.45178354792812275,0.498312771320343,0.005394231933973864,-0.2669341190763647
20,278,1,0.4028985507246377,0.44761646623045837,0.4891057014465332,0.004042623232940182,-0.7427127013787009
20,279,1,0.4043478260869565,0.4570813278468151,0.4942338764667511,0.006069294705597447,-0.2969107969667254
20,280,1,0.4057971014492754,0.44911971177819965,0.5096721649169922,0.004961275300040959,0.021931520076713118
20,281,1,0.4072463768115942,0.4568075659423147,0.5144925117492676,0.003750565246167633,-0.0012520771096091454
20,282,1,0.40869565217391307,0.456399303477275,0.5204522609710693,0.0035697881405202447,0.15688457542691003
20,283,1,0.4101449275362319,0.46164336912308723,0.5159357190132141,0.003791980419202346,0.04913372646615419
20,284,1,0.4115942028985507,0.4617592110254505,0.512624979019165,0.0028352392756588983,-0.18876086438535228
20,285,1,0.41304347826086957,0.4635389100710222,0.4999140799045563,0.001283604791229788,-0.800985674348924
20,286,1,0.4144927536231884,0.4649406130284192,0.5269772410392761,0.0010375503682482972,-0.0012979989344525933
20,287,1,0.41594202898550725,0.46489358447362455,0.5068663954734802,0.0016688953613587217,-0.5318950370026446
20,288,1,0.41739130434782606,0.4604915984100532,0.5097507238388062,0.006883435262564405,0.2971727520320251
20,289,1,0.41884057971014493,0.46852114080280355,0.4915936291217804,0.0022103666631363306,-0.9260448029226784
20,290,1,0.42028985507246375,0.46520557211319563,0.49524399638175964,0.004018321330893813,-0.5568607670874346
20,291,1,0.4217391304347826,0.46621219660607854,0.49296844005584717,0.00286285805104876,-0.7910362302499969
20,292,1,0.42318840579710143,0.46049394530742166,0.49776965379714966,0.00820563569859958,0.11534831474130547
20,293,1,0.4246376811594203,0.47017470162134156,0.5084940195083618,0.0035213167001000084,-0.2187798376785789
20,294,1,0.4260869565217391,0.47182862837492817,0.5196961164474487,0.002715070439930331,0.012252638899607704
20,295,1,0.427536231884058,0.46995649977952425,0.5140062570571899,0.0033889270431649316,-0.06757637504652939
20,296,1,0.4289855072463768,0.4638112675926434,0.5051530003547668,0.007894130201149012,0.29883310713714595
20,297,1,0.43043478260869567,0.46991666654215114,0.5098727345466614,0.004952370493102865,0.0268530735255655
20,298,1,0.4318840579710145,0.4647853028758285,0.5052253603935242,0.007684916719471771,0.271370283822407
20,299,1,0.43333333333333335,0.46910488681650075,0.524544894695282,0.0035375397678985504,0.27852172621404125
20,300,1,0.43478260869565216,0.4580635364346997,0.5168663859367371,0.012432948545069737,1.3042761121820732
20,301,1,0.43623188405797103,0.46632754494041806,0.5232470631599426,0.006145620698126939,0.6086709683901114
20,302,1,0.43768115942028984,0.45851180996729385,0.5126726031303406,0.009650461822556407,0.7800149209208187
20,303,1,0.4391304347826087,0.4724166105781323,0.5147691369056702,0.007040413352990693,0.47421789782731893
20,304,1,0.4405797101449275,0.46202116640560126,0.5017781257629395,0.005718559707481525,-0.11403183740366002
20,305,1,0.4420289855072464,0.4771199598514574,0.5080671906471252,0.008708722855607507,0.504322747333675
20,306,1,0.4434782608695652,0.46410971797322725,0.5055009722709656,0.006999622750382445,0.18260394140797193
20,307,1,0.4449275362318841,0.4787087163801886,0.508429765701294,0.00684230199992535,0.25059704767061813
20,308,1,0.4463768115942029,0.4694797478220048,0.5100768208503723,0.006706057158606663,0.2820535190526845
20,309,1,0.44782608695652176,0.4757827038509144,0.5147936344146729,0.00627819341370118,0.36678898756475764
20,310,1,0.4492753623188406,0.4710371757852106,0.5203311443328857,0.005165165431962542,0.3795865919487529
20,311,1,0.45072463768115945,0.47840770856090115,0.5036722421646118,0.004212014960569604,-0.2694473511143681
20,312,1,0.45217391304347826,0.47643453518928053,0.5174075365066528,0.0026999813965523428,-0.060467375569212556
20,313,1,0.45362318840579713,0.4728441370926419,0.49752625823020935,0.0061633477769232866,-0.18202653518453188
20,314,1,0.45507246376811594,0.476256471522421,0.5125815868377686,0.0030041480678679212,-0.16612526837748642
20,315,1,0.45652173913043476,0.47641576849782474,0.5186268091201782,0.003510932709870916,0.09223523395265387
20,316,1,0.4579710144927536,0.47946181133467736,0.5196223855018616,0.0017420543818391704,-0.12812456623803675
20,317,1,0.45942028985507244,0.47348258347097805,0.49730345606803894,0.0063539176639016955,-0.16184940012149263
20,318,1,0.4608695652173913,0.477538781380846,0.508388340473175,0.003767039498954062,-0.18716266321751782
20,319,1,0.4623188405797101,0.47649106102603245,0.5124009251594543,0.0038930863363693903,-0.04552681183092974
20,320,1,0.463768115942029,0.4772951914091685,0.504153311252594,0.0030403219169534814,-0.42091375155034116
20,321,1,0.4652173913043478,0.47573766267976453,0.5237498879432678,0.004056195664980206,0.3276187619945738
20,322,1,0.4666666666666667,0.48058316158478187,0.5312393307685852,0.0016860286886817445,0.22218286130805343
20,323,1,0.4681159420289855,0.47704704815402765,0.5207535624504089,0.004071675043897671,0.23741099387228706
20,324,1,0.46956521739130436,0.4788621580403984,0.5248986482620239,0.0025847260781134314,0.15419526554062501
20,325,1,0.47101449275362317,0.472690792151657,0.5014063119888306,0.008958669486074624,0.33438116022859427
20,326,1,0.47246376811594204,0.4816127242878854,0.5065928101539612,0.003145260634471619,-0.3307868289956528
20,327,1,0.47391304347826085,0.47276882868562947,0.49351537227630615,0.008376305995851121,0.008372728619580827
20,328,1,0.4753623188405797,0.47819745622300397,0.5405084490776062,0.00447220617734704,0.9034880735893237
20,329,1,0.47681159420289854,0.473416360408849,0.5070563554763794,0.006493043951183453,0.1586705832122752
20,330,1,0.4782608695652174,0.4770460823857148,0.5047139525413513,0.004141184222450873,-0.24737489447381988
20,331,1,0.4797101449275362,0.4723009916140872,0.5162475109100342,0.006648144334700634,0.46413398940017403
20,332,1,0.4811594202898551,0.4760593387045778,0.4949658513069153,0.003933620716972053,-0.5774604259552993
20,333,1,0.4826086956521739,0.47799780948578086,0.5147708654403687,0.0019623097281701186,-0.24648084600589698
20,334,1,0.48405797101449277,0.47772606518368355,0.4938102662563324,0.0022743087578502175,-0.8486095844551103
20,335,1,0.4855072463768116,0.475461381464082,0.5068371891975403,0.004151623805938848,-0.18041387690552796
20,336,1,0.48695652173913045,0.4782680324721143,0.5027003884315491,0.0028200049598236833,-0.49699129903887573
20,337,1,0.48840579710144927,0.4725681130611688,0.4976327121257782,0.00838716311323488,0.1368899057169249
20,338,1,0.48985507246376814,0.4753913846889059,0.5065764784812927,0.004899712388615616,-0.08227534469070535
20,339,1,0.49130434782608695,0.47877748863124114,0.5088140964508057,0.002879260655725817,-0.30003800352007026
20,340,1,0.4927536231884058,0.4756166921715354,0.4984530508518219,0.00422651656481064,-0.42834569218276897
20,341,1,0.49420289855072463,0.47878170220214156,0.5039728283882141,0.001496017021860696,-0.6456680342316575
20,342,1,0.4956521739130435,0.47626800039819545,0.49213728308677673,0.0044657705482490625,-0.5891619175673037
20,343,1,0.4971014492753623,0.4786294205216092,0.5055378675460815,0.0027858236092668555,-0.4143366867753739
20,344,1,0.4985507246376812,0.47891433065516814,0.5134832262992859,0.002001577191190787,-0.2806174722819923
20,345,1,0.5,0.47913267504755097,0.5087725520133972,0.0026076424197161137,-0.3398708830470392
20,346,1,0.5014492753623189,0.4777873104155756,0.5024397373199463,0.004040750263043844,-0.33176519630030743
20,347,1,0.5028985507246376,0.47731478119373477,0.5081329941749573,0.004893106989229704,-0.035210898623226634
20,348,1,0.5043478260869565,0.47701573527786273,0.4938904345035553,0.004863493073133146,-0.4786457483580506
20,349,1,0.5057971014492754,0.47608398304109645,0.5050132274627686,0.005320596465573074,-0.07074756042847416
20,350,1,0.5072463768115942,0.4744252765978261,0.5057521462440491,0.006217129907229818,0.07928819145575107
20,351,1,0.508695652173913,0.4759924906228928,0.49775949120521545,0.003874623635661368,-0.4996799665319734
20,352,1,0.5101449275362319,0.47818309047944363,0.5028589963912964,0.0021072693837554547,-0.5932608473113894
20,353,1,0.5115942028985507,0.48023770104892605,0.5015203356742859,0.0012712410550988268,-0.7532045751767328
20,354,1,0.5130434782608696,0.4799905825774436,0.5049648880958557,0.0008110111328170468,-0.7122986846871872
20,355,1,0.5144927536231884,0.4817859371373267,0.5190606713294983,0.0006094295820083251,-0.30620466629705745
20,356,1,0.5159420289855072,0.478587523289213,0.5149642825126648,0.005053758544560483,0.19826357577557469
20,357,1,0.5173913043478261,0.48517697409471616,0.5004647374153137,0.0018385107539960538,-0.7052441010301236
20,358,1,0.518840579710145,0.48228362108018996,0.5100176334381104,0.0031048545037665005,-0.23090239286437564
20,359,1,0.5202898550724637,0.4835499734569801,0.5096042156219482,0.0023265471364603014,-0.35411968025557533
20,360,1,0.5217391304347826,0.47829015041273926,0.514043390750885,0.007701326590524052,0.5456419422425881
20,361,1,0.5231884057971015,0.48289193318487145,0.5038793683052063,0.00460770118074182,-0.20689865570440594
20,362,1,0.5246376811594203,0.4817578476926824,0.5172361731529236,0.0038850928947774767,0.10245468202565919
20,363,1,0.5260869565217391,0.48401562023312206,0.5107924938201904,0.002316867938705191,-0.31884772302978853
20,364,1,0.527536231884058,0.4798041017711209,0.5051518082618713,0.005526740132721347,-0.03721516229858016
20,365,1,0.5289855072463768,0.481640505196007,0.5074595212936401,0.004268635455276063,-0.14461369300543853
20,366,1,0.5304347826086957,0.48285385209183584,0.4952957332134247,0.0026307142055478168,-0.7522129063491456
20,367,1,0.5318840579710145,0.48397918262200684,0.5010022521018982,0.0016912912240030888,-0.7095628387033763
20,368,1,0.5333333333333333,0.48083047844990184,0.5066921710968018,0.004830885993329312,-0.08847621468281597
20,369,1,0.5347826086956522,0.4819131687519484,0.4957764148712158,0.004004789860978003,-0.5423618795620132
20,370,1,0.5362318840579711,0.4837188508836286,0.5221406817436218,0.0024591284871935005,0.051314818234498405
20,371,1,0.5376811594202898,0.4837427315335915,0.5185309648513794,0.0024596426662684525,-0.05993361803738628
20,372,1,0.5391304347826087,0.47918394666439346,0.5075351595878601,0.006959314763362629,0.23961596234158553
20,373,1,0.5405797101449276,0.4775366667620426,0.5332456231117249,0.008194961719336393,1.2078900675475994
20,374,1,0.5420289855072464,0.48729276285837664,0.5252602696418762,0.004122023856891437,0.38354120374938444
20,375,1,0.5434782608695652,0.48334227062525326,0.5194233655929565,0.003654730674746208,0.13721025926061373
20,376,1,0.5449275362318841,0.4830813529400801,0.516437292098999,0.002966683485650533,-0.05253519736241241
20,377,1,0.5463768115942029,0.48196579966941405,0.5159763693809509,0.004439417650012598,0.14228026694850254
20,378,1,0.5478260869565217,0.48578795152909265,0.5019479990005493,0.002917234142418474,-0.5063944597598127
20,379,1,0.5492753623188406,0.4843542338095924,0.5194840431213379,0.0027820639043561026,0.015221034005116818
20,380,1,0.5507246376811594,0.4871207796451201,0.5137854218482971,0.001355708552139256,-0.3629682233119031
20,381,1,0.5521739130434783,0.48319543252067215,0.5261483192443848,0.005203712665621166,0.5644557709801196
20,382,1,0.553623188405797,0.4863135280173786,0.514849841594696,0.003233682325484797,-0.0635951510404073
20,383,1,0.5550724637681159,0.48229968552768127,0.515529215335846,0.0065382619934980625,0.4263862380400856
20,384,1,0.5565217391304348,0.48715051745748017,0.5161527991294861,0.0028808181535231216,-0.07349593364780954
20,385,1,0.5579710144927537,0.4828978047219198,0.5221131443977356,0.005433940181871749,0.47269045106777974
20,386,1,0.5594202898550724,0.48417453278281214,0.5067605972290039,0.0040828051712913345,-0.1925435819331311
20,387,1,0.5608695652173913,0.4856508620601446,0.52492755651474,0.0020915009193857755,0.0850816991614044
20,388,1,0.5623188405797102,0.48688533435451037,0.5059453248977661,0.0016750489240672907,-0.559426883015843
20,389,1,0.563768115942029,0.48634693174143795,0.5245622396469116,0.0021471557613972738,0.08171483091191384
20,390,1,0.5652173913043478,0.4866066930604048,0.5081299543380737,0.002749676197309936,-0.3395288701406659
20,391,1,0.5666666666666667,0.48743450111784314,0.5258606672286987,0.002529908209269763,0.17608284836846594
20,392,1,0.5681159420289855,0.4869307827755095,0.5052523612976074,0.0034795363160280953,-0.32468058129140237
20,393,1,0.5695652173913044,0.48414110262011234,0.5123085379600525,0.00628057857667502,0.29048869842405317
20,394,1,0.5710144927536231,0.4839813319380846,0.5004487037658691,0.005888891978371333,-0.13085455900295523
20,395,1,0.572463768115942,0.4866144141804418,0.530405580997467,0.003197619772014996,0.411015663144297
20,396,1,0.5739130434782609,0.48240866635229307,0.5098408460617065,0.006600195549232507,0.2597509153779835
20,397,1,0.5753623188405798,0.48033604527972984,0.5015289783477783,0.0075422875159916304,0.1371323343783317
20,398,1,0.5768115942028985,0.4833714021476971,0.49899527430534363,0.004354953942314683,-0.3933943174018273
20,399,1,0.5782608695652174,0.48531481760323564,0.5122756361961365,0.002765689885522395,-0.20940575403165296
20,400,1,0.5797101449275363,0.4818793675260243,0.5042926073074341,0.004570319342703144,-0.1994603508291528
20,401,1,0.5811594202898551,0.4830942149998206,0.49577441811561584,0.0032231471623396487,-0.6533645929082554
20,402,1,0.5826086956521739,0.4808864004740643,0.49897557497024536,0.006120504118118622,-0.14341145399324062
20,403,1,0.5840579710144927,0.4845100806437379,0.5114644765853882,0.0029690228102758794,-0.20556169518709264
20,404,1,0.5855072463768116,0.4857086764111752,0.5140847563743591,0.0014501498820851484,-0.3403325629400229
20,405,1,0.5869565217391305,0.48142927346241376,0.5040189027786255,0.005712523692774249,-0.04578438469807578
20,406,1,0.5884057971014492,0.4831130288404073,0.5096007585525513,0.0037360198148280767,-0.15417517297374372
20,407,1,0.5898550724637681,0.4836322158528731,0.509827733039856,0.003650003009548983,-0.15938407128581353
20,408,1,0.591304347826087,0.4833942839566913,0.5022151470184326,0.0036684687080145136,-0.39153057396106783
20,409,1,0.5927536231884057,0.4816922312699207,0.5070749521255493,0.004791923281164148,-0.0822015933906086
20,410,1,0.5942028985507246,0.48373191192530535,0.5066093802452087,0.003119431600750875,-0.33394181794977845
20,411,1,0.5956521739130435,0.48344811762655915,0.5031012296676636,0.003256497147626947,-0.4226768250078653
20,412,1,0.5971014492753624,0.4817999677869622,0.5048169493675232,0.00485862243064544,-0.14237015778494558
20,413,1,0.5985507246376811,0.4820695890000608,0.5091877579689026,0.004190422175114572,-0.10241702253776117
20,414,1,0.6,0.482828579785169,0.5064576864242554,0.0035257708225413633,-0.2809468903723942
20,415,1,0.6014492753623188,0.4823410552974401,0.4956721067428589,0.0037874622752362115,-0.5764247004957751
20,416,1,0.6028985507246377,0.4813334670317763,0.502405047416687,0.00451828495862022,-0.26505693176868905
20,417,1,0.6043478260869565,0.48343785621287866,0.4956410229206085,0.0026310743746748334,-0.7415132673480795
20,418,1,0.6057971014492753,0.4815080181792627,0.5015526413917542,0.004569175425541816,-0.2841215490550571
20,419,1,0.6072463768115942,0.48336960485957065,0.49940764904022217,0.0025898508793136023,-0.6312038564289699
20,420,1,0.6086956521739131,0.47987787381035496,0.5077351331710815,0.0061263167835056255,0.12755286315799494
20,421,1,0.6101449275362318,0.48278576579114063,0.48880115151405334,0.0035900816831597494,-0.8163355507725889
20,422,1,0.6115942028985507,0.47852065882878336,0.5089817643165588,0.006956610854287376,0.2838445742966744
20,423,1,0.6130434782608696,0.47999639158318297,0.5434942841529846,0.0047535138348700386,1.0354962899271287
20,424,1,0.6144927536231884,0.5088796406508646,0.5324214100837708,0.02499251412451057,3.5666040477881285
20,425,1,0.6159420289855072,0.5043201543680738,0.532383143901825,0.016180720077585472,2.3147368555827956
20,426,1,0.6173913043478261,0.5534570785447488,0.5325184464454651,0.05693591316403413,8.10342891403704
20,427,1,0.618840579710145,0.551289731345751,0.5192975401878357,0.03783652544014157,4.984865119911283
20,428,1,0.6202898550724638,0.587696993982036,0.535324215888977,0.054618388731687985,7.861023180730126
20,429,1,0.6217391304347826,0.5798834768439559,0.5337573885917664,0.03172568263445277,4.563465677392759
20,430,1,0.6231884057971014,0.6013665357123654,0.5373913645744324,0.02969276151025399,4.386996005972971
20,431,1,0.6246376811594203,0.5966614293509951,0.5240170955657959,0.016081234842262367,2.042612879183112
20,432,1,0.6260869565217392,0.6112310904997782,0.5229535698890686,0.01623702750445158,2.0319265793300345
20,433,1,0.6275362318840579,0.6087382271042743,0.5143879055976868,0.009825462481861776,0.8577522007970919
20,434,1,0.6289855072463768,0.6201173573116736,0.5207942724227905,0.012026082621831859,1.367661852438872
20,435,1,0.6304347826086957,0.6173609752528681,0.5220919251441956,0.006678576997199783,0.6486914842013921
20,436,1,0.6318840579710145,0.6237939366650693,0.5099663138389587,0.005840070099932262,0.1557331430472495
20,437,1,0.6333333333333333,0.6229960532633538,0.5244531035423279,0.003734632100302427,0.30366491127291223
20,438,1,0.6347826086956522,0.6307028710820561,0.5371467471122742,0.006043836435826402,1.0228819667536673
20,439,1,0.636231884057971,0.6268065588285978,0.5160719156265259,0.0028165540031281694,-0.08511155389721875
20,440,1,0.6376811594202898,0.6307217306116761,0.5202383399009705,0.002482273473303755,-0.004067172095578109
20,441,1,0.6391304347826087,0.627549951106086,0.5205147862434387,0.003848806363323462,0.19841479541767162
20,442,1,0.6405797101449275,0.63374387199769,0.5386760234832764,0.00255970282817134,0.575529283479014
20,443,1,0.6420289855072464,0.6283686335089003,0.5017807483673096,0.004928848650100734,-0.22603726142656483
20,444,1,0.6434782608695652,0.6340806642556289,0.5116737484931946,0.0028551453031926627,-0.2152708915964542
20,445,1,0.644927536231884,0.6234328357086182,0.5341026186943054,0.011094898531446627,1.6459169038389876
20,446,1,0.6463768115942029,0.6183083910765703,0.5425224900245667,0.015190064314127531,2.486820909453307
20,447,1,0.6478260869565218,0.5687074593415393,0.5680694580078125,0.0609321258188786,9.766995601562973
20,448,1,0.6492753623188405,0.6265220836326051,0.5640296936035156,0.019061193995729767,3.699531886036757
20,449,1,0.6507246376811594,0.6073568325817091,0.5654959678649902,0.023365718892002098,4.355706330937568
20,450,1,0.6521739130434783,0.6026890327707332,0.5648214221000671,0.020962227211165127,3.993768233323003
20,451,1,0.6536231884057971,0.5768178798011799,0.5576446652412415,0.02927457331488475,4.952240320054539
20,452,1,0.6550724637681159,0.6156358799426984,0.5912108421325684,0.017014133786497222,4.247235508315855
20,453,1,0.6565217391304348,0.5936999086461145,0.5787262916564941,0.017521184464226024,3.934187146248026
20,454,1,0.6579710144927536,0.590806945451553,0.5976207852363586,0.014835044273010455,4.135628766715934
20,455,1,0.6594202898550725,0.573794344874117,0.5670897364616394,0.024037762609258016,4.500242548030751
20,456,1,0.6608695652173913,0.6120058584306651,0.5902780294418335,0.019618208653463344,4.5880731099633945
20,457,1,0.6623188405797101,0.5404937868012907,0.6245670914649963,0.05567493157231023,10.76317637057828
20,458,1,0.663768115942029,0.5975706505482372,0.5613155961036682,0.023357848186251633,4.225669160314673
20,459,1,0.6652173913043479,0.612192681744719,0.5414429903030396,0.029696328314919154,4.512451862400612
20,460,1,0.6666666666666666,0.6417849060744116,0.565245509147644,0.04762720767019513,7.79149572328762
20,461,1,0.6681159420289855,0.6227587997378508,0.5724033713340759,0.03138778339557577,5.707324501394416
20,462,1,0.6695652173913044,0.6344328144553374,0.5402524471282959,0.017376928324776764,2.7272030490200123
20,463,1,0.6710144927536232,0.6469132571944558,0.5353946089744568,0.015529002668387611,2.3151081499632764
20,464,1,0.672463768115942,0.6510730974382095,0.558434247970581,0.011008699049707112,2.3840545828009203
20,465,1,0.6739130434782609,0.6542813485356187,0.5414533615112305,0.01189490230616683,1.9861564061766295
20,466,1,0.6753623188405797,0.6535082035352038,0.5423222780227661,0.004565311971813353,0.9726402393769901
20,467,1,0.6768115942028986,0.6653844164197067,0.5395185351371765,0.010348485720846236,1.7069995457126017
20,468,1,0.6782608695652174,0.6679901152664826,0.5457996726036072,0.008336394761309377,1.6151231760252522
20,469,1,0.6797101449275362,0.6724930487641623,0.5202785134315491,0.008610073801920835,0.8669107318562286
20,470,1,0.6811594202898551,0.669227653460823,0.5360051989555359,0.004194408302973123,0.7251818796703355
20,471,1,0.6826086956521739,0.6854391857805191,0.5494953393936157,0.013073423279736958,2.4014373649296905
20,472,1,0.6840579710144927,0.6846045922138548,0.5446982979774475,0.008360824960799425,1.584624929195428
20,473,1,0.6855072463768116,0.6973216437544422,0.5274576544761658,0.01578856967661385,2.107178632656142
20,474,1,0.6869565217391305,0.6848312098533189,0.5371416211128235,0.007837227949936515,1.2772658760074407
20,475,1,0.6884057971014492,0.705842036569565,0.5242667198181152,0.014200924646042752,1.783432487244346
20,476,1,0.6898550724637681,0.6980455428031958,0.5140859484672546,0.007713578759610658,0.548693386547156
20,477,1,0.691304347826087,0.717394207867394,0.5045667886734009,0.017292145599275083,1.614646128064583
20,478,1,0.6927536231884058,0.7217401288679555,0.5162468552589417,0.016619925571598526,1.8794416768093636
20,479,1,0.6942028985507246,0.7355413700970448,0.5169152021408081,0.02119393704702871,2.5492576613722924
20,480,1,0.6956521739130435,0.7460235909461692,0.5097833275794983,0.02425132451428319,2.7632602223643206
20,481,1,0.6971014492753623,0.7485548729632225,0.518986701965332,0.014788094495593153,1.7039389926554782
20,482,1,0.6985507246376812,0.766095250217869,0.5152666568756104,0.024538305476282444,2.973094832160255
20,483,1,0.7,0.776638693160122,0.5182421207427979,0.023992968081057137,2.987454739231814
20,484,1,0.7014492753623188,0.7759103352315944,0.5249907970428467,0.014072849155621705,1.7875843986599944
20,485,1,0.7028985507246377,0.788117694674732,0.5139006972312927,0.017725952758541552,1.9640697263976368
20,486,1,0.7043478260869566,0.7928481309046753,0.5222569108009338,0.012565683560607473,1.4893560536590567
20,487,1,0.7057971014492753,0.8031048259070644,0.5130326747894287,0.016134158391295006,1.7113718144538483
20,488,1,0.7072463768115942,0.7991523692197996,0.506336510181427,0.008259787665524678,0.38723078519427806
20,489,1,0.7086956521739131,0.8145855409287296,0.5193777084350586,0.015187831729173236,1.772733416356989
20,490,1,0.7101449275362319,0.8029443720169522,0.5092132687568665,0.005704075873232079,0.11320759224540239
20,491,1,0.7115942028985507,0.8077793995837221,0.50837641954422,0.004616797204358252,-0.06692137427333822
20,492,1,0.7130434782608696,0.8034415454771285,0.49997133016586304,0.006265828983160857,-0.0920765464395774
20,493,1,0.7144927536231884,0.8150924503317419,0.5387220978736877,0.006932890324004937,1.1976511609456733
20,494,1,0.7159420289855073,0.8058580021901423,0.5158539414405823,0.005048393685232464,0.22493864946162354
20,495,1,0.717391304347826,0.811815126814653,0.5058042407035828,0.004111466366646021,-0.21796904182771648
20,496,1,0.7188405797101449,0.8059415849010938,0.5218967795372009,0.006702150325311127,0.6460191559734224
20,497,1,0.7202898550724638,0.8071305946466129,0.532382071018219,0.006138150435783388,0.8893286286978569
20,498,1,0.7217391304347827,0.8081129210704225,0.5064327716827393,0.00316536009069143,-0.3328695332062916
20,499,1,0.7231884057971014,0.815276577696756,0.5102607607841492,0.004577404592911233,-0.014400590520386142
20,500,1,0.7246376811594203,0.8079483883732874,0.515508234500885,0.004758985228422383,0.17320056334730316
20,501,1,0.7260869565217392,0.8192789699218269,0.5295423269271851,0.00606989545206871,0.7920650380911464
20,502,1,0.7275362318840579,0.8082013804910579,0.5103156566619873,0.00804478779750378,0.4794295357760363
20,503,1,0.7289855072463768,0.820323832808775,0.5153860449790955,0.005319835493157087,0.24903564868886102
20,504,1,0.7304347826086957,0.8131829604488214,0.49573802947998047,0.005401144842590226,-0.345356378026498
20,505,1,0.7318840579710145,0.8221310497500869,0.5167073607444763,0.005273006252278328,0.28313757288088653
20,506,1,0.7333333333333333,0.8180148624128363,0.5195728540420532,0.0045492446001479175,0.26878171105723014
20,507,1,0.7347826086956522,0.826344654571539,0.5154513120651245,0.0043395241934206545,0.1119096182832964
20,508,1,0.736231884057971,0.8208596685819907,0.5117369294166565,0.0036154580850125623,-0.1054087223847463
20,509,1,0.7376811594202899,0.8315938140515504,0.5125171542167664,0.006164301199448693,0.28041866063381093
20,510,1,0.7391304347826086,0.8204106126069929,0.4973088204860687,0.007384591320474724,-0.015397042272668582
20,511,1,0.7405797101449275,0.8268906890873644,0.5030297040939331,0.004885437663124181,-0.19368171156818054
20,512,1,0.7420289855072464,0.8183062831823995,0.5213170051574707,0.010224366922563592,1.1280591326135556
20,513,1,0.7434782608695653,0.8294994213405423,0.5081124305725098,0.005660292641978309,0.07304413100420386
20,514,1,0.744927536231884,0.8258056322198863,0.5035806894302368,0.00387596626697496,-0.31996728334308316
20,515,1,0.7463768115942029,0.8319359553239084,0.5110013484954834,0.0037879395610029227,-0.1036127121469598
20,516,1,0.7478260869565218,0.8138619759492658,0.5301387906074524,0.01611680109040686,2.236450167778512
20,517,1,0.7492753623188406,0.8266288948091989,0.5077207684516907,0.007903874047559187,0.37940444855096134
20,518,1,0.7507246376811594,0.8268656400633103,0.511963963508606,0.0063494789830699045,0.289641500128393
20,519,1,0.7521739130434782,0.8224969992366202,0.5239855051040649,0.008080410552673238,0.9060551831549795
20,520,1,0.7536231884057971,0.8247869522678168,0.4924177825450897,0.004283889921655792,-0.6063264085587794
20,521,1,0.755072463768116,0.8251799690617463,0.517429769039154,0.0036066065554787837,0.06889857065538318
20,522,1,0.7565217391304347,0.8284210219650203,0.5084322690963745,0.002092550052194198,-0.42347375991695396
20,523,1,0.7579710144927536,0.8195113782753933,0.5210233926773071,0.009301811380396095,0.9880629462190713
20,524,1,0.7594202898550725,0.8314024043383197,0.5144354701042175,0.003335619922836988,-0.06190576861385125
20,525,1,0.7608695652173914,0.8217994552163858,0.49710318446159363,0.007921192216722658,0.05442281191197984
20,526,1,0.7623188405797101,0.8271220732944299,0.49863341450691223,0.005346539007487932,-0.263814898250829
20,527,1,0.763768115942029,0.8216894246104933,0.5051714181900024,0.006861357193627346,0.1528162113049286
20,528,1,0.7652173913043478,0.8280627120208639,0.5043967366218567,0.004477290256065324,-0.20945299387730076
20,529,1,0.7666666666666667,0.8182205576580297,0.5021042823791504,0.01003981265050202,0.509356358120589
20,530,1,0.7681159420289855,0.828080753237208,0.5005871057510376,0.0045370915662903905,-0.31845183373864755
20,531,1,0.7695652173913043,0.8149608284757134,0.5053207874298096,0.012644487428923849,0.9782414759103817
20,532,1,0.7710144927536232,0.8341480052892791,0.5125389099121094,0.00822483841833688,0.5735484584290916
20,533,1,0.7724637681159421,0.8188292793424636,0.511451005935669,0.009112654669762141,0.6660088772967329
20,534,1,0.7739130434782608,0.8325662131226818,0.49882760643959045,0.007828053481675222,0.0943834202976549
20,535,1,0.7753623188405797,0.8212567247615423,0.5133974552154541,0.007735695743504323,0.5305998211966432
20,536,1,0.7768115942028986,0.8375139307095787,0.5010924339294434,0.008412521565839498,0.2471847753251141
20,537,1,0.7782608695652173,0.820755331175139,0.49712127447128296,0.010378159831916116,0.40370624017415196
20,538,1,0.7797101449275362,0.8299920645213943,0.4976215064525604,0.007735412778492483,0.04403924811819043
20,539,1,0.7811594202898551,0.8211091651576949,0.4972250163555145,0.009862301657207138,0.3336881174220068
20,540,1,0.782608695652174,0.8244211884586387,0.5121156573295593,0.007451009301175735,0.4506634858438192
20,541,1,0.7840579710144927,0.8222555017284248,0.5071844458580017,0.0054058896227804605,0.008317399423164708
20,542,1,0.7855072463768116,0.8310179449254627,0.5000159740447998,0.005342133952292611,-0.22180284929478708
20,543,1,0.7869565217391304,0.8244712517679456,0.5003344416618347,0.0038216523225982043,-0.42778849573574307
20,544,1,0.7884057971014493,0.8287172822099789,0.5041773319244385,0.002896485776530449,-0.44058810838650897
20,545,1,0.7898550724637681,0.8271661590463523,0.49675288796424866,0.0030412901345892003,-0.6490007633435464
20,546,1,0.7913043478260869,0.8364329166308199,0.5089635252952576,0.0051638804861087245,0.028833941019464862
20,547,1,0.7927536231884058,0.8333993343223394,0.5089277029037476,0.002845659844414674,-0.30130352576935837
20,548,1,0.7942028985507247,0.8335826855587664,0.4827325940132141,0.002491282359008683,-1.1594422994671114
20,549,1,0.7956521739130434,0.832606577748456,0.48784735798835754,0.003630650164101937,-0.8399919289114395
20,550,1,0.7971014492753623,0.8263564960243105,0.5153242349624634,0.01124083656377342,1.0875167407324278
20,551,1,0.7985507246376812,0.8319950881497384,0.4956427216529846,0.005184044544834402,-0.3791093755492374
20,552,1,0.8,0.8340383876093755,0.48890581727027893,0.003396201392488767,-0.840625795392486
20,553,1,0.8014492753623188,0.832894810608345,0.48839083313941956,0.003060265675837769,-0.9041880523489798
20,554,1,0.8028985507246377,0.8355889956139784,0.4858246445655823,0.0016955422816146148,-1.1770274130649019
20,555,1,0.8043478260869565,0.8293308630851592,0.5137745141983032,0.007890411433188606,0.5641873946161637
20,556,1,0.8057971014492754,0.814716166384343,0.5380225777626038,0.021839051867860084,3.291759229393703
20,557,1,0.8072463768115942,0.8303620670492202,0.511256992816925,0.008467155424565612,0.5684077900286308
20,558,1,0.808695652173913,0.8176578183190024,0.49908745288848877,0.013467703095295613,0.9028510536529373
20,559,1,0.8101449275362319,0.8328090292881285,0.5015543103218079,0.007548127162356221,0.13874239697438562
20,560,1,0.8115942028985508,0.8154084892011448,0.5173261761665344,0.012069735082017195,1.2669036671482812
20,561,1,0.8130434782608695,0.8337748965601449,0.5129706859588623,0.008244588008898069,0.5896672868921893
20,562,1,0.8144927536231884,0.8193735331144447,0.49586722254753113,0.009676719598103492,0.2654743283208109
20,563,1,0.8159420289855073,0.8304355016065739,0.518470823764801,0.008668866687768666,0.8195073799072191
20,564,1,0.8173913043478261,0.8151510588324485,0.5014598965644836,0.013189000311117053,0.9364585271256441
20,565,1,0.8188405797101449,0.8361124797014314,0.5073977112770081,0.009541549797787464,0.6018823052185455
20,566,1,0.8202898550724638,0.8200483898366022,0.4999740719795227,0.009823591392992362,0.4129730007390389
20,567,1,0.8217391304347826,0.8276051412452269,0.5038232207298279,0.008555523964336335,0.35169733902726424
20,568,1,0.8231884057971014,0.8192480561990526,0.5048245191574097,0.009073165227863165,0.45604729481483375
20,569,1,0.8246376811594203,0.8270284319830327,0.5079159736633301,0.006823684532348572,0.23210958320252212
20,570,1,0.8260869565217391,0.8173236984281944,0.48625439405441284,0.009750760410772689,-0.02047044357420691
20,571,1,0.827536231884058,0.8218816057545467,0.5101150870323181,0.006072243090896882,0.193274296312412
20,572,1,0.8289855072463768,0.8211384550133224,0.5028529167175293,0.004294543784241304,-0.2830012473681256
20,573,1,0.8304347826086956,0.8249176674726909,0.5029310584068298,0.003411611128490039,-0.4059089598825736
20,574,1,0.8318840579710145,0.8220765794101642,0.5052385926246643,0.002830731280012902,-0.41719224420732715
20,575,1,0.8333333333333334,0.8212866775990456,0.5146046280860901,0.00480885333662395,0.15241185124592
20,576,1,0.8347826086956521,0.8284193977162736,0.5033621788024902,0.002876906111481071,-0.468505928416035
20,577,1,0.836231884057971,0.8224256690379111,0.501245379447937,0.005341365534620943,-0.1839978182430161
20,578,1,0.8376811594202899,0.8319497673796844,0.5008181929588318,0.004805732415847255,-0.27319616381592626
20,579,1,0.8391304347826087,0.8266059165642838,0.5098167657852173,0.003659757545924301,-0.15833780094679095
20,580,1,0.8405797101449275,0.8318972236652434,0.5024010539054871,0.0035527856780384554,-0.40221659686223243
20,581,1,0.8420289855072464,0.8243412014871763,0.49910610914230347,0.007470396697592943,0.05220885893957464
20,582,1,0.8434782608695652,0.8360521304674913,0.49934297800064087,0.0045840308448931505,-0.3501577097187849
20,583,1,0.8449275362318841,0.8268054732600598,0.5065150260925293,0.006510598808977389,0.14446794202163232
20,584,1,0.8463768115942029,0.8374209445862478,0.49698448181152344,0.004919060650972356,-0.3753403708008181
20,585,1,0.8478260869565217,0.830447147250733,0.49789050221443176,0.004863209272028052,-0.35532643822805204
20,586,1,0.8492753623188406,0.8366653256945209,0.4968412518501282,0.004773504440334275,-0.4004167680087611
20,587,1,0.8507246376811595,0.8332331634557133,0.4897788465023041,0.0035337951446015254,-0.7941729823782624
20,588,1,0.8521739130434782,0.8345505525806665,0.5106253623962402,0.003483046689125799,-0.15848234290631996
20,589,1,0.8536231884057971,0.8366216353678365,0.4932492673397064,0.001482651676574893,-0.9782729499271328
20,590,1,0.855072463768116,0.8391969828081601,0.49560803174972534,0.0019450941720585207,-0.8398941345070787
20,591,1,0.8565217391304348,0.8378509733922717,0.4889216423034668,0.001641564183810948,-1.0891792263183686
20,592,1,0.8579710144927536,0.8471703130324684,0.49622246623039246,0.006523322972246173,-0.1711421958817802
20,593,1,0.8594202898550725,0.8425864726844415,0.49984195828437805,0.0022552809655323807,-0.6652966454234295
20,594,1,0.8608695652173913,0.8387609288400665,0.5128117799758911,0.006532210662257452,0.3417233425681511
20,595,1,0.8623188405797102,0.8433975336269174,0.50477135181427,0.0033865039722108838,-0.35271900186238747
20,596,1,0.863768115942029,0.8446038762954333,0.49618417024612427,0.003451581892016646,-0.6083055959449939
20,597,1,0.8652173913043478,0.8386952095736442,0.4938036799430847,0.007233947311059,-0.14487479109088858
20,598,1,0.8666666666666667,0.8479063685779251,0.5090144276618958,0.0029500274709212708,-0.28381574579091723
20,599,1,0.8681159420289855,0.8470749513472011,0.486530601978302,0.002920838971850452,-0.981345713470686
20,600,1,0.8695652173913043,0.8414560394848553,0.5255856513977051,0.006706015986684187,0.7603303272975753
20,601,1,0.8710144927536232,0.84185743012003,0.49872392416000366,0.005517666148864922,-0.23673499562445127
20,602,1,0.8724637681159421,0.8425388012216612,0.5104860663414001,0.005626850183830132,0.14149897751017895
20,603,1,0.8739130434782608,0.8392696497650971,0.4970802366733551,0.00755410980132831,0.0016138945673331295
20,604,1,0.8753623188405797,0.8435080853226369,0.5098578929901123,0.0027651758224347157,-0.28404040778266854
20,605,1,0.8768115942028986,0.8398151627714581,0.4903174042701721,0.005570282858886747,-0.48851875707339426
20,606,1,0.8782608695652174,0.841822518772595,0.49557262659072876,0.0033376472165776196,-0.6433363459820033
20,607,1,0.8797101449275362,0.8363508677537478,0.5008137226104736,0.008344940427187472,0.2289974776147956
20,608,1,0.881159420289855,0.8463196327347852,0.5059555768966675,0.0038213095690039006,-0.2544848425217493
20,609,1,0.8826086956521739,0.8387266988646223,0.49585020542144775,0.005942300666512743,-0.2650889052653207
20,610,1,0.8840579710144928,0.8436794971823414,0.49746450781822205,0.003984537026850221,-0.4931766987170648
20,611,1,0.8855072463768116,0.8378837932031589,0.4926132559776306,0.006977334953703782,-0.21800856400550855
20,612,1,0.8869565217391304,0.8417077007434178,0.5003438591957092,0.004730221741329369,-0.2985418008408054
20,613,1,0.8884057971014493,0.8375504403022225,0.49697428941726685,0.0065409362191511085,-0.1454565317470937
20,614,1,0.8898550724637682,0.8451382301067045,0.5138497352600098,0.003485114982140109,-0.0587511370931926
20,615,1,0.8913043478260869,0.8396466671812259,0.5141450762748718,0.004515327930638494,0.09657852814795723
20,616,1,0.8927536231884058,0.8419719325747658,0.4923948645591736,0.0031305966462661866,-0.7707239157258182
20,617,1,0.8942028985507247,0.8419488293856998,0.49552813172340393,0.002719942178518367,-0.7323814599314354
20,618,1,0.8956521739130435,0.8402156992905755,0.49483633041381836,0.005552669544512026,-0.35165781196145485
20,619,1,0.8971014492753623,0.8422904100992427,0.4939362108707428,0.0025662906315484825,-0.8032835776806502
20,620,1,0.8985507246376812,0.8443381905365295,0.49841466546058655,0.0017904447518572609,-0.7752892069858868
20,621,1,0.9,0.843297670448347,0.49628448486328125,0.0024925659026533405,-0.7413282685039528
20,622,1,0.9014492753623189,0.8441741491885382,0.5023586750030518,0.0019532974281239986,-0.6305441957254385
20,623,1,0.9028985507246376,0.8425093079602967,0.4944562315940857,0.004607751130856178,-0.49749521942321806
20,624,1,0.9043478260869565,0.8474941203155468,0.4945260286331177,0.00167488256820582,-0.9116144621853325
20,625,1,0.9057971014492754,0.8458484022515829,0.4946731925010681,0.0023451292860355117,-0.8119456858842256
20,626,1,0.9072463768115943,0.851478454672294,0.5016736388206482,0.0028800057203143574,-0.5201395095617946
20,627,1,0.908695652173913,0.8493583263707969,0.4880526661872864,0.001935325389392623,-1.0742834072840444
20,628,1,0.9101449275362319,0.8516367601606784,0.4835689663887024,0.001659852395962968,-1.2516567033866064
20,629,1,0.9115942028985508,0.8515023334808111,0.4954747259616852,0.0016701064060154732,-0.8830351253481974
20,630,1,0.9130434782608695,0.8510242056066656,0.49744492769241333,0.0035617170874679945,-0.5537927706682126
20,631,1,0.9144927536231884,0.8485079515738041,0.5019873380661011,0.005964408853922379,-0.07268567772361857
20,632,1,0.9159420289855073,0.8513444141316043,0.49433669447898865,0.0036151930711763626,-0.6420587191811198
20,633,1,0.9173913043478261,0.8464687261177009,0.4940669536590576,0.00771795410350892,-0.0680589084356909
20,634,1,0.9188405797101449,0.851388278880391,0.496337890625,0.0032813850767885767,-0.6277215525896502
20,635,1,0.9202898550724637,0.8482223617779943,0.49862849712371826,0.004796934920869325,-0.34197367391591327
20,636,1,0.9217391304347826,0.8496786549560489,0.4914666414260864,0.003279000078291853,-0.7782863474903077
20,637,1,0.9231884057971015,0.8537240320955052,0.49880704283714294,0.0021798684457189476,-0.7079163401930286
20,638,1,0.9246376811594202,0.8504945530230592,0.49085965752601624,0.0038507329274141385,-0.7158574169053695
20,639,1,0.9260869565217391,0.8501383758829085,0.4949968159198761,0.003983478603231863,-0.569429001847692
20,640,1,0.927536231884058,0.856486543390302,0.5116730332374573,0.0026596021443277117,-0.2430470372210402
20,641,1,0.9289855072463769,0.8404894343405308,0.5264169573783875,0.015813395780401415,2.0786078349275807
20,642,1,0.9304347826086956,0.8446678726052501,0.5271828174591064,0.009697136404700466,1.2341255499772175
20,643,1,0.9318840579710145,0.8402373909246474,0.5162529945373535,0.011300119653088912,1.1245733512296747
20,644,1,0.9333333333333333,0.8565731277581029,0.5211691856384277,0.010341134454422146,1.1400736731070056
20,645,1,0.9347826086956522,0.8511320587500752,0.5231571793556213,0.005487073628565455,0.5124292432838601
20,646,1,0.936231884057971,0.859374812597292,0.5234020352363586,0.007666185254385412,0.8292689694501879
20,647,1,0.9376811594202898,0.8585363806868436,0.5235708951950073,0.005426231865570347,0.5165525087421242
20,648,1,0.9391304347826087,0.8665736748716741,0.5416076183319092,0.006577625900607206,1.236214955273698
20,649,1,0.9405797101449276,0.8641095286818401,0.5295417904853821,0.00356380683189508,0.4363510441271156
20,650,1,0.9420289855072463,0.8691896416937765,0.5450911521911621,0.0035778866595197927,0.9178820481866045
20,651,1,0.9434782608695652,0.8737384750369009,0.5469293594360352,0.005544214530378846,1.2536586332564355
20,652,1,0.9449275362318841,0.8778962232761369,0.5101011991500854,0.0059014391821004845,0.16860323873405414
20,653,1,0.946376811594203,0.883549560978347,0.5342812538146973,0.008724139783194893,1.314936265520568
20,654,1,0.9478260869565217,0.8898412091041878,0.5120947957038879,0.010155779834908982,0.8339171581898022
20,655,1,0.9492753623188406,0.8941095978831033,0.49503442645072937,0.009261276761221602,0.18082624008370202
20,656,1,0.9507246376811594,0.9031429462032976,0.5172255635261536,0.013201844369865325,1.4244848534715842
20,657,1,0.9521739130434783,0.9051108215161694,0.5149303078651428,0.008858038950946948,0.7371699251851892
20,658,1,0.9536231884057971,0.9106692832117019,0.5015432834625244,0.009026185512023891,0.3481880479374748
20,659,1,0.9550724637681159,0.9161960206028039,0.5056503415107727,0.009345904376247358,0.5202259104472763
20,660,1,0.9565217391304348,0.918071175401411,0.49831435084342957,0.005699453494929316,-0.22356430145502498
20,661,1,0.9579710144927536,0.9234017510812284,0.5087138414382935,0.007297971875218276,0.32403249924946254
20,662,1,0.9594202898550724,0.9228998824841765,0.5202916860580444,0.0031926959900253314,0.09841060864976947
20,663,1,0.9608695652173913,0.9297900433811226,0.5242995023727417,0.006055881965729123,0.6283906214427016
20,664,1,0.9623188405797102,0.9319893990647622,0.5082197785377502,0.004856731954789059,-0.037697352056260285
20,665,1,0.9637681159420289,0.9343882413962834,0.5074471235275269,0.0037760183704724807,-0.21491480527385365
20,666,1,0.9652173913043478,0.9345348527739352,0.5205404162406921,0.001985147039741215,-0.06531012605698289
20,667,1,0.9666666666666667,0.9399900423525728,0.5233386158943176,0.0037224541755584177,0.26756635482794894
20,668,1,0.9681159420289855,0.940569814925759,0.5287244319915771,0.002180731523886672,0.21483976343476074
20,669,1,0.9695652173913043,0.9457448922624014,0.528373658657074,0.004782200377275339,0.5732572153308672
20,670,1,0.9710144927536232,0.9474085229354383,0.5198102593421936,0.003606668333782706,0.14232017385939633
20,671,1,0.972463768115942,0.9496255181319344,0.5125623941421509,0.0026052459899030293,-0.22333465100896316
20,672,1,0.9739130434782609,0.9535471577262604,0.5074467062950134,0.00411801663938863,-0.16638672649475067
20,673,1,0.9753623188405797,0.9572771894175791,0.51351398229599,0.00460371263058196,0.08966071675671725
20,674,1,0.9768115942028985,0.9602449547140205,0.5057376623153687,0.004688403638228924,-0.13813566173134917
20,675,1,0.9782608695652174,0.9599048521974072,0.506391167640686,0.0021505854591557915,-0.47818289720263374
20,676,1,0.9797101449275363,0.962577922273776,0.5181678533554077,0.0015127275662883593,-0.2055305433365276
20,677,1,0.981159420289855,0.9618362423921847,0.5148447155952454,0.0017569412814995274,-0.2733519765281942
20,678,1,0.9826086956521739,0.9640047732765373,0.509758472442627,0.0010940482783768947,-0.5242951374381565
20,679,1,0.9840579710144928,0.9617483519720692,0.5100440382957458,0.003924549585895607,-0.11374604818629934
20,680,1,0.9855072463768116,0.9643574738519294,0.505613386631012,0.002362472785033324,-0.472095308681421
20,681,1,0.9869565217391304,0.9625179207311534,0.5057343244552612,0.004060743665015268,-0.2273244561595767
20,682,1,0.9884057971014493,0.9664964220152589,0.5236952900886536,0.0017423844109087311,-0.0024718893790527385
20,683,0,0.9898550724637681,0.9602350575303207,0.5036982297897339,0.007136938635270537,0.14649818665580316
20,684,0,0.991304347826087,0.9628799196729619,0.5126340389251709,0.004717793148915076,0.07871563800562335
20,685,0,0.9927536231884058,0.9501014361030929,0.5137653946876526,0.016522847907319282,1.789136427849155
20,686,0,0.9942028985507246,0.952104161154575,0.5126093029975891,0.011698973419965456,1.0688148138290883
20,687,0,0.9956521739130435,0.9455696043602051,0.5211552381515503,0.014352493278021043,1.7089889726192002
20,688,0,0.9971014492753624,0.9515064755565579,0.5129882097244263,0.006999303582718056,0.4134603696653427
20,689,0,0.9985507246376811,0.9508026327877199,0.5215634107589722,0.003789473133438313,0.22233235917063024
21,15,0,0.021037868162692847,0.12699769188177565,0.49994730949401855,nan,nan
21,16,0,0.02244039270687237,0.1260651666773035,0.5052139163017273,nan,nan
21,17,0,0.023842917251051893,0.12462556513301191,0.4759472608566284,nan,nan
21,18,0,0.025245441795231416,0.12038635342437558,0.494621217250824,nan,nan
21,19,1,0.02664796633941094,0.1217846560521895,0.4900560677051544,0.006325992249915671,-0.3893178790974762
21,20,1,0.028050490883590462,0.11574389106247539,0.4841356575489044,0.011063498282233238,0.10051027523061407
21,21,1,0.029453015427769985,0.12181485024596429,0.48267456889152527,0.004729308982184047,-0.8435812338042816
21,22,1,0.030855539971949508,0.11977459195365255,0.4944039285182953,0.004328368601980335,-0.53876190041957
21,23,1,0.03225806451612903,0.11190446118582087,0.4931221008300781,0.011466990165738057,0.43491551395116473
21,24,1,0.033660589060308554,0.11699565413344394,0.4912486970424652,0.005732954170736677,-0.43670979181685937
21,25,1,0.03506311360448808,0.09976669121684789,0.48645809292793274,0.021447652185861015,1.6459900568201147
21,26,1,0.0364656381486676,0.11076793259563425,0.48355233669281006,0.009716600934591053,-0.10864857319794607
21,27,1,0.037868162692847124,0.09417092001204573,0.4979228973388672,0.019279718793879505,1.6918555074215724
21,28,1,0.03927068723702665,0.10491433048506732,0.5016173124313354,0.00917488467964387,0.37157642002071256
21,29,1,0.04067321178120617,0.08737640468912232,0.5006459355354309,0.018620517911264983,1.6822697428644833
21,30,1,0.04207573632538569,0.10019983784032493,0.49100515246391296,0.009252125399481066,0.05526706275385018
21,31,1,0.043478260869565216,0.0915788456991982,0.4890890121459961,0.009342920476272897,0.009061337283545967
21,32,1,0.04488078541374474,0.0916781265437297,0.49245157837867737,0.007931182157686994,-0.08761191030857135
21,33,1,0.04628330995792426,0.11070534102438877,0.5123359560966492,0.01440508330830648,1.44447209694379
21,34,1,0.047685834502103785,0.12676301592539596,0.5380085110664368,0.02463052412549705,3.687528315690598
21,35,1,0.04908835904628331,0.1287347484137393,0.5276044011116028,0.01996146209257263,2.703976635852601
21,36,1,0.05049088359046283,0.13047214538795956,0.49762508273124695,0.012409883388157631,0.7076126196337875
21,37,1,0.051893408134642355,0.1256318387162603,0.5002843141555786,0.006718613622144065,-0.018159093530999648
21,38,1,0.05329593267882188,0.12601823498883968,0.5056200623512268,0.0054741561449876104,-0.030237917891924863
21,39,1,0.0546984572230014,0.1218865195271766,0.4896577000617981,0.009419676372511603,0.03749353591097038
21,40,1,0.056100981767180924,0.12259545803610349,0.48814496397972107,0.006998680641944072,-0.35277823550078696
21,41,1,0.05750350631136045,0.12234798834880975,0.4877300262451172,0.005276978491273771,-0.6099415394959078
21,42,1,0.05890603085553997,0.1232081748755562,0.4839620292186737,0.003595829372664683,-0.9647552727061984
21,43,1,0.06030855539971949,0.11937896733471567,0.4940858781337738,0.006722521885184335,-0.2087602780523229
21,44,1,0.061711079943899017,0.12540029238822945,0.49877554178237915,0.0023665805057145085,-0.6823871525560192
21,45,1,0.06311360448807854,0.11980705096913748,0.5005100965499878,0.006368758790678786,-0.060852159332506206
21,46,1,0.06451612903225806,0.1231071859660425,0.5028523206710815,0.003365066142710541,-0.4149434663447119
21,47,1,0.06591865357643759,0.12071124910099532,0.5103039741516113,0.004804079086524468,0.019104743691692114
21,48,1,0.06732117812061711,0.12619244272875707,0.505567193031311,0.0028215321477943816,-0.4083640760871053
21,49,1,0.06872370266479663,0.11822324125501849,0.49324220418930054,0.007823194959203108,-0.07855648430412476
21,50,1,0.07012622720897616,0.12526733265355303,0.48195070028305054,0.0033096753892941583,-1.0673981831423198
21,51,1,0.07152875175315568,0.11685981376133826,0.4925577938556671,0.009330706696231216,0.11430285743196755
21,52,1,0.0729312762973352,0.12356497345283425,0.4952567517757416,0.004812570896086035,-0.4437369297643783
21,53,1,0.07433380084151472,0.12238911056743768,0.4829155504703522,0.0035095505300911335,-1.0092738656080118
21,54,1,0.07573632538569425,0.15612182719570594,0.5649616122245789,0.030509565563926623,5.353176933507447
21,55,1,0.07713884992987377,0.1300316073675527,0.5738857984542847,0.010469222818909479,2.784001106762781
21,56,1,0.0785413744740533,0.1469455986971544,0.5921633839607239,0.016351660886754413,4.182584332860458
21,57,1,0.07994389901823282,0.13328811914265037,0.5502627491950989,0.011943286184869804,2.2646997066488277
21,58,1,0.08134642356241234,0.16104971519124395,0.5975505113601685,0.016270592288111403,4.337213644215066
21,59,1,0.08274894810659186,0.1481454554765699,0.5635483860969543,0.010450506039951103,2.462545228941587
21,60,1,0.08415147265077139,0.1599987299835497,0.6028048992156982,0.011011828046699066,3.752861875486006
21,61,1,0.08555399719495091,0.14579147647493132,0.5973999500274658,0.011799097944310328,3.6979164384529235
21,62,1,0.08695652173913043,0.18242765103956024,0.5985551476478577,0.025089352734998023,5.619871851374523
21,63,1,0.08835904628330996,0.1505365368669583,0.6103036999702454,0.013081993986501044,4.277945711206067
21,64,1,0.08976157082748948,0.16265062534681898,0.6043608784675598,0.012242982724902797,3.9755891615466528
21,65,1,0.091164095371669,0.13393094936332986,0.5619864463806152,0.030012577091725855,5.190885457897072
21,66,1,0.09256661991584852,0.14390344997044754,0.5537450313568115,0.021342804205668937,3.706195809942979
21,67,1,0.09396914446002805,0.1159782845043733,0.5144064426422119,0.035369059905503895,4.483811177016968
21,68,1,0.09537166900420757,0.13934115366856947,0.524052083492279,0.014879601166988549,1.8731400412912809
21,69,1,0.0967741935483871,0.13131567530175864,0.534832239151001,0.011796651887407191,1.7680201191136078
21,70,1,0.09817671809256662,0.1288165772718497,0.5345838665962219,0.011673991582371148,1.7429508816102277
21,71,1,0.09957924263674614,0.13487593131713538,0.5280319452285767,0.00680883819701923,0.850366398368147
21,72,1,0.10098176718092566,0.13763144358340876,0.5473288893699646,0.004180573431563118,1.0724337935895263
21,73,1,0.10238429172510519,0.14460058300783019,0.5470281839370728,0.007848722116303556,1.5837927063894184
21,74,1,0.10378681626928471,0.13975075849104204,0.5043863654136658,0.003198097891368058,-0.3913328405940181
21,75,1,0.10518934081346423,0.14401998085988374,0.5475127696990967,0.0029404304202097402,0.9020869469457995
21,76,1,0.10659186535764376,0.1408599181832913,0.515235185623169,0.004232727325238395,0.09008638085243156
21,77,1,0.10799438990182328,0.14495433072483657,0.5144149661064148,0.0027208626029428746,-0.14979263973163953
21,78,1,0.1093969144460028,0.13772506780722937,0.514411985874176,0.008263133280522538,0.6367482682438976
21,79,1,0.11079943899018233,0.1354206954019562,0.5178422331809998,0.010061083014842554,0.9977239088359735
21,80,1,0.11220196353436185,0.12427977160050467,0.4984060823917389,0.019052185451812198,1.6744620726589052
21,81,1,0.11360448807854137,0.1375073565320321,0.5134038925170898,0.007574965535754114,0.5079853733228302
21,82,1,0.1150070126227209,0.12933490956358515,0.5075498819351196,0.009081054667178772,0.5412155556625761
21,83,1,0.11640953716690042,0.14243167646929936,0.5030061602592468,0.007204039171791329,0.13467899557687157
21,84,1,0.11781206171107994,0.12917837444291233,0.5060485005378723,0.007802008121431515,0.31337458211956226
21,85,1,0.11921458625525946,0.1392973881884807,0.49224576354026794,0.006074828053306191,-0.3574375920899728
21,86,1,0.12061711079943899,0.13372457744078572,0.5018817782402039,0.005764283638013438,-0.10434551095558253
21,87,1,0.12201963534361851,0.13883134729546293,0.49778440594673157,0.005424918998118208,-0.27887306078329077
21,88,1,0.12342215988779803,0.12943724510415347,0.5038281679153442,0.009412630760745442,0.47350191089522453
21,89,1,0.12482468443197756,0.13017352837806034,0.5095622539520264,0.00874106515214888,0.5550200154561582
21,90,1,0.12622720897615708,0.13981595761942103,0.5142791867256165,0.004845196293630961,0.14753371900781975
21,91,1,0.1276297335203366,0.142944721431986,0.5296916365623474,0.0056051239598523045,0.7307030982202251
21,92,1,0.12903225806451613,0.11407520530646845,0.5200318694114685,0.025109611849925266,3.201138415889349
21,93,1,0.13043478260869565,0.14434797237124444,0.5218574404716492,0.009738821303838177,1.0758107239872214
21,94,1,0.13183730715287517,0.129915311293266,0.5217551589012146,0.015455878296205866,1.8840972407072218
21,95,1,0.1332398316970547,0.15248667347261666,0.525622546672821,0.016073916848886954,2.0910853220253562
21,96,1,0.13464235624123422,0.10903489273308446,0.51373690366745,0.029763351900802933,3.6675263268009264
21,97,1,0.13604488078541374,0.1467378433018072,0.520885705947876,0.01518950125897537,1.8194760800982097
21,98,1,0.13744740532959326,0.11711227443435146,0.5015691518783569,0.02362526903026873,2.4210820454084327
21,99,1,0.1388499298737728,0.15143160359729096,0.5298588871955872,0.019897826744891163,2.764471603742429
21,100,1,0.1402524544179523,0.09842446001369295,0.5153627991676331,0.036246647525929064,4.637863530085486
21,101,1,0.14165497896213183,0.14478604349489174,0.5126746892929077,0.02137656891736115,2.444404438176207
21,102,1,0.14305750350631136,0.12194008748471585,0.5040631890296936,0.019911494049645477,1.970888222357016
21,103,1,0.14446002805049088,0.1356202073463571,0.5341448783874512,0.01968166570304116,2.865968444413692
21,104,1,0.1458625525946704,0.11893575897350106,0.5019025206565857,0.017230980895915106,1.5238004569892807
21,105,1,0.14726507713884993,0.1408359164874339,0.5100464224815369,0.011772064861698676,1.0001512889037238
21,106,1,0.14866760168302945,0.1288762151210902,0.5112248063087463,0.00817667853929583,0.526186832704758
21,107,1,0.15007012622720897,0.1445734391194235,0.5069781541824341,0.0099144606143394,0.6418718924954905
21,108,1,0.1514726507713885,0.13908558602004847,0.5124523639678955,0.00868095457346884,0.6356175107128251
21,109,1,0.15287517531556802,0.14753217631810192,0.510515034198761,0.005597433108114422,0.1382170652499883
21,110,1,0.15427769985974754,0.1417500076610919,0.5105366110801697,0.005422133558172678,0.11400163761796568
21,111,1,0.15568022440392706,0.14086321707352112,0.5089002847671509,0.005964039229133839,0.140452820712701
21,112,1,0.1570827489481066,0.15496387269434578,0.517195463180542,0.009064171903166387,0.8362830329712374
21,113,1,0.1584852734922861,0.14935154494894362,0.5217417478561401,0.004970706069458694,0.39548846318530634
21,114,1,0.15988779803646563,0.16140407632249637,0.5012833476066589,0.011079961705032284,0.6316710393784549
21,115,1,0.16129032258064516,0.1518938096689546,0.5099450349807739,0.005985555193186561,0.17572609703664377
21,116,1,0.16269284712482468,0.1612090874921854,0.5049563050270081,0.0047480835848626906,-0.15376166039790212
21,117,1,0.1640953716690042,0.1508574282406957,0.5001099109649658,0.00869915539043782,0.25756726767802895
21,118,1,0.16549789621318373,0.16222010125313774,0.5075427293777466,0.005683872280855561,0.05882163799250762
21,119,1,0.16690042075736325,0.15715827599268917,0.5093498229980469,0.004692426960844038,-0.02616783785875497
21,120,1,0.16830294530154277,0.1603042796835592,0.5121452808380127,0.004571761932582277,0.04291594998243502
21,121,1,0.1697054698457223,0.15894948735364545,0.507896900177002,0.0034499542999475797,-0.24732332666562323
21,122,1,0.17110799438990182,0.15609187549063297,0.4943273067474365,0.007158114603113425,-0.13948965451193693
21,123,1,0.17251051893408134,0.14858927403879194,0.49991023540496826,0.01312865961432824,0.8801035896593241
21,124,1,0.17391304347826086,0.15686413754703443,0.5114867091178894,0.0061305865671350025,0.2438551477666416
21,125,1,0.1753155680224404,0.14483473416598408,0.5080661773681641,0.013880913464530615,1.2383976261919911
21,126,1,0.1767180925666199,0.1492643000780346,0.5344628095626831,0.007419051406992342,1.1352998197102098
21,127,1,0.17812061711079943,0.14082119366430812,0.5164194703102112,0.012658871816141655,1.3225595507061794
21,128,1,0.17952314165497896,0.15496961240692256,0.5189822316169739,0.007252392808540487,0.6342340540474847
21,129,1,0.18092566619915848,0.13634263356828077,0.5134113430976868,0.014721780533520063,1.5225862458075898
21,130,1,0.182328190743338,0.1395712224935194,0.553542971611023,0.010266070116877222,2.127806891723945
21,131,1,0.18373071528751753,0.1309736308093264,0.5221128463745117,0.015544488746919825,1.907704873558476
21,132,1,0.18513323983169705,0.15527257413300233,0.5282943844795227,0.013938427645852465,1.8703860830981212
21,133,1,0.18653576437587657,0.13066372706142867,0.5312575101852417,0.013468242212592043,1.8950320556099856
21,134,1,0.1879382889200561,0.1462779234851528,0.5289320945739746,0.00949978777096529,1.260061819518738
21,135,1,0.18934081346423562,0.1354975841646059,0.51749587059021,0.009871480673003374,0.9601314150045597
21,136,1,0.19074333800841514,0.1575371866013834,0.5189719200134277,0.013758537351547728,1.5573546742588829
21,137,1,0.19214586255259467,0.12273916579139003,0.5175216794013977,0.02334689355974117,2.873537283383091
21,138,1,0.1935483870967742,0.1493937945953703,0.5220227837562561,0.012112980837232772,1.4178821262584027
21,139,1,0.1949509116409537,0.1330615899398647,0.5430310368537903,0.015546727336353131,2.5531265391124025
21,140,1,0.19635343618513323,0.16183652331968384,0.5384212732315063,0.01828552992393382,2.7996916207493943
21,141,1,0.19775596072931276,0.12693521936706548,0.5264787673950195,0.018414503067500247,2.449697781496858
21,142,1,0.19915848527349228,0.16049037799314772,0.5099413990974426,0.016201496437126612,1.625596313661823
21,143,1,0.2005610098176718,0.13834895611244874,0.5205718278884888,0.01509401232897643,1.7962432168961064
21,144,1,0.20196353436185133,0.15983898749284076,0.5151217579841614,0.01497907226292706,1.611852639619322
21,145,1,0.20336605890603085,0.138017547096705,0.5213335156440735,0.014645392814088118,1.7560591395397498
21,146,1,0.20476858345021037,0.15930488285966116,0.5213002562522888,0.011709106373806366,1.3382765901075324
21,147,1,0.2061711079943899,0.14573223333741556,0.505492091178894,0.00997595098123933,0.6047701684598004
21,148,1,0.20757363253856942,0.15400138785987702,0.5190310478210449,0.009566913284193033,0.9642470650936392
21,149,1,0.20897615708274894,0.1477783457566019,0.523430347442627,0.007084457166358924,0.7475755077616945
21,150,1,0.21037868162692847,0.15758334725102782,0.5239984393119812,0.006021511797357887,0.6142277528758173
21,151,1,0.211781206171108,0.1532174972687491,0.4954025447368622,0.00380014819962416,-0.5829372692473438
21,152,1,0.2131837307152875,0.15513126051764847,0.5075980424880981,0.0033656138259861796,-0.26851063376392387
21,153,1,0.21458625525946703,0.1447701011144343,0.5132635831832886,0.012249465607061012,1.1671255839654369
21,154,1,0.21598877980364656,0.14995330773241478,0.5018460750579834,0.008187410332931192,0.23847581505787152
21,155,1,0.21739130434782608,0.152915563708853,0.5089480876922607,0.0048431188440825074,-0.017168906262742714
21,156,1,0.2187938288920056,0.14563356587852164,0.5064215660095215,0.008650946412804532,0.44537230916638804
21,157,1,0.22019635343618513,0.1478019321710402,0.4972246289253235,0.004473948802165829,-0.4311105812980811
21,158,1,0.22159887798036465,0.14963582216902904,0.5017068386077881,0.0037951249571218943,-0.38922974747068834
21,159,1,0.22300140252454417,0.14926530373487776,0.5106143355369568,0.0033233712699717007,-0.1814856649642897
21,160,1,0.2244039270687237,0.15077587940844053,0.5050738453865051,0.0009371276350988202,-0.6910383773810331
21,161,1,0.22580645161290322,0.13965232405814618,0.5093212127685547,0.013309364335689201,1.1959802753255742
21,162,1,0.22720897615708274,0.1398796247312833,0.5276535153388977,0.011044661634328583,1.4399002934950547
21,163,1,0.22861150070126227,0.14305978064733696,0.519284188747406,0.006564090197667629,0.5458531563040913
21,164,1,0.2300140252454418,0.15522643018375695,0.545337975025177,0.008940861780199294,1.6866787150987843
21,165,1,0.2314165497896213,0.132332470415906,0.5233808755874634,0.01571402351221333,1.970872733078468
21,166,1,0.23281907433380084,0.13461484767061177,0.5379936695098877,0.012024480669702745,1.8978531506495857
21,167,1,0.23422159887798036,0.13636452319972794,0.5275828838348389,0.009271504795339435,1.186052044524335
21,168,1,0.23562412342215988,0.14495411846981177,0.5135876536369324,0.009737315654686003,0.8205619590686914
21,169,1,0.2370266479663394,0.1278749622677505,0.5182104706764221,0.012783481694252374,1.3954791762086716
21,170,1,0.23842917251051893,0.13392968007981887,0.5384306311607361,0.007923354946581602,1.3292424307811974
21,171,1,0.23983169705469845,0.12581760892287996,0.5190361142158508,0.013555166104385811,1.53046922932607
21,172,1,0.24123422159887797,0.13826823554241605,0.520070493221283,0.0077486937664509375,0.7382369997236187
21,173,1,0.2426367461430575,0.11563735900061095,0.5045554637908936,0.019427216725593884,1.9173345856032773
21,174,1,0.24403927068723702,0.12673889015961368,0.5266668796539307,0.010098659524709928,1.275203855216695
21,175,1,0.24544179523141654,0.1257526373985448,0.5109544992446899,0.008075697620595412,0.5035181756680436
21,176,1,0.24684431977559607,0.14665832216046576,0.5214401483535767,0.016467087612180888,2.017906796357045
21,177,1,0.2482468443197756,0.11386701072997003,0.5181733965873718,0.018421745472827274,2.194593269387508
21,178,1,0.2496493688639551,0.14859140731399198,0.5138459801673889,0.017215477211287206,1.8899288027365562
21,179,1,0.25105189340813466,0.1282150348163765,0.526084840297699,0.01483149404136298,1.9290009885946553
21,180,1,0.25245441795231416,0.15325988986894568,0.5285598039627075,0.015334992090756063,2.0767904671133306
21,181,1,0.2538569424964937,0.1211237136195766,0.5066846013069153,0.019206364312145417,1.9516495435413956
21,182,1,0.2552594670406732,0.15369355280870112,0.5044633150100708,0.01384652799134383,1.1224071563465627
21,183,1,0.25666199158485276,0.13812988248882968,0.5184614658355713,0.013685282755825734,1.531215318922395
21,184,1,0.25806451612903225,0.163393523515741,0.5111804604530334,0.01824980979623922,1.9545320851885142
21,185,1,0.2594670406732118,0.13235294459954267,0.5321336984634399,0.01806522980325017,2.5745188151419205
21,186,1,0.2608695652173913,0.15904755423436226,0.5174558162689209,0.012369453113615168,1.3134416589542504
21,187,1,0.26227208976157085,0.14817624679171412,0.517122745513916,0.012271171860835005,1.289220581389252
21,188,1,0.26367461430575034,0.1552152178754362,0.5322195291519165,0.011196362394309302,1.6022446997620858
21,189,1,0.2650771388499299,0.13811736908860756,0.5207599997520447,0.014181224835786398,1.6724913703973718
21,190,1,0.2664796633941094,0.14830690324973725,0.5078578591346741,0.009800524046748433,0.6528300499716115
21,191,1,0.26788218793828894,0.15014103927027844,0.5184454917907715,0.005678579691396806,0.39430482947738205
21,192,1,0.26928471248246844,0.1439997298930164,0.5202041268348694,0.008323364489398273,0.8239230942153126
21,193,1,0.270687237026648,0.14396976540188242,0.5320718288421631,0.004816083934762621,0.6921156805040878
21,194,1,0.2720897615708275,0.14131190572663815,0.5189096927642822,0.008884407750078965,0.8636342820578147
21,195,1,0.27349228611500703,0.15056192276435368,0.5190755724906921,0.004777480139764512,0.2858400838286544
21,196,1,0.27489481065918653,0.14114363137735264,0.5162420868873596,0.007409153592108528,0.5719792779879428
21,197,1,0.2762973352033661,0.13944296348205676,0.520979642868042,0.00839579685848847,0.8581200903449792
21,198,1,0.2776998597475456,0.12650316726851285,0.523772120475769,0.02020389259207596,2.6202004565272605
21,199,1,0.2791023842917251,0.15299102524693997,0.5192259550094604,0.011645161977980135,1.265230595075891
21,200,1,0.2805049088359046,0.12817346732883667,0.5397149920463562,0.015438683537867409,2.4355267736261395
21,201,1,0.28190743338008417,0.14527856364682462,0.5137730836868286,0.010201966201502632,0.8922298956679371
21,202,1,0.28330995792426367,0.1342008522574695,0.5297335982322693,0.010179847769506069,1.3813028578527073
21,203,1,0.2847124824684432,0.14164531873918382,0.5142996907234192,0.009692208131462314,0.836118478260387
21,204,1,0.2861150070126227,0.14029009046714522,0.5105200409889221,0.005418999895327881,0.1130458552118451
21,205,1,0.28751753155680226,0.14696471759819557,0.503208339214325,0.005049543540256613,-0.16488062581439833
21,206,1,0.28892005610098176,0.13718942012213683,0.5025955438613892,0.007177778666350219,0.11828860178239817
21,207,1,0.2903225806451613,0.15221975783268465,0.501177966594696,0.0071054170780308085,0.06430088419899294
21,208,1,0.2917251051893408,0.1482274656040048,0.5041077136993408,0.004707850405801842,-0.1856421154018296
21,209,1,0.29312762973352036,0.1433745843231778,0.519364595413208,0.0073051196757935605,0.6535096135543697
21,210,1,0.29453015427769985,0.1563206380241591,0.5142697095870972,0.007580609348725438,0.535487676282223
21,211,1,0.2959326788218794,0.14041937858967732,0.5072802901268005,0.013208186879317779,1.1186790440265255
21,212,1,0.2973352033660589,0.22126481881340995,0.5319933295249939,0.0705873481551667,10.024827976522953
21,213,1,0.29873772791023845,0.21940444529113756,0.530963122844696,0.05211621389627691,7.3713878398644415
21,214,1,0.30014025245441794,0.27780710273588644,0.54442298412323,0.08986282853330196,13.143983476553682
21,215,1,0.3015427769985975,0.26830608144817975,0.5108329057693481,0.0554590925161145,7.2250503365605745
21,216,1,0.302945301542777,0.29580759640936427,0.5280423760414124,0.045520030314222366,6.345095669498594
21,217,1,0.30434782608695654,0.287698919760375,0.5248687863349915,0.02354838839533685,3.128716303170509
21,218,1,0.30575035063113604,0.3068588775686051,0.5446031093597412,0.020861998457165187,3.3560222920010156
21,219,1,0.3071528751753156,0.30190491058887997,0.5336704850196838,0.01184046206372073,1.738410470277994
21,220,1,0.3085553997194951,0.3063292607088938,0.5408820509910583,0.006371320643150301,1.1845573236049702
21,221,1,0.30995792426367463,0.30539549632058693,0.521514356136322,0.005177686177463273,0.4178532161269287
21,222,1,0.31136044880785413,0.30711973543971643,0.5452134609222412,0.0021903236466056736,0.7247125632681876
21,223,1,0.3127629733520337,0.3078989922347522,0.5157274007797241,0.0010037901573009206,-0.35302774771161094
21,224,1,0.3141654978962132,0.30980638839907637,0.521726667881012,0.0007570177029154685,-0.20303932666579877
21,225,1,0.3155680224403927,0.31208049383860503,0.5222391486167908,0.0009333867170835701,-0.1622021029355753
21,226,1,0.3169705469845722,0.31361465356265505,0.506024181842804,0.0007962970616290114,-0.6817191436608543
21,227,1,0.31837307152875177,0.3210480287597571,0.5102893114089966,0.006605942727996419,0.27439702281055983
21,228,1,0.31977559607293127,0.3188565287755885,0.5085158348083496,0.0029413244092586187,-0.30042729246256084
21,229,1,0.3211781206171108,0.32436506123267306,0.5198917388916016,0.004373180975533106,0.2536266279065299
21,230,1,0.3225806451612903,0.3241701684557575,0.5061280727386475,0.002517086108948941,-0.43427792976641677
21,231,1,0.32398316970546986,0.33358334402120865,0.5075360536575317,0.007881443192276131,0.37052427410324706
21,232,1,0.32538569424964936,0.3327302689087019,0.506790041923523,0.005039467625257501,-0.05585325827755586
21,233,1,0.3267882187938289,0.3455355407545945,0.5239465236663818,0.013231376077020686,1.6359466012148496
21,234,1,0.3281907433380084,0.34345562746714636,0.5041425824165344,0.007617190357413994,0.2283654603192936
21,235,1,0.32959326788218796,0.35435574549794135,0.5074986815452576,0.011937596187040019,0.9450749577282309
21,236,1,0.33099579242636745,0.35269879799524373,0.5140121579170227,0.006634412871105718,0.393248146562228
21,237,1,0.332398316970547,0.36830827476984956,0.5210059285163879,0.015704892818129562,1.8963348984621813
21,238,1,0.3338008415147265,0.338863306615561,0.5105801224708557,0.019433258839972732,2.1039888753840184
21,239,1,0.33520336605890605,0.3437442938544567,0.513671338558197,0.015126294203030872,1.5880183071318152
21,240,1,0.33660589060308554,0.33316180487707225,0.5092777609825134,0.02133381745469401,2.333577433227369
21,241,1,0.3380084151472651,0.3427462348471142,0.5157036185264587,0.01093896338553248,1.0563708339196918
21,242,1,0.3394109396914446,0.32872142230975165,0.5198477506637573,0.014499441761787897,1.6895237593096828
21,243,1,0.34081346423562414,0.3342590167514954,0.510888934135437,0.008476782659865987,0.5584235154331039
21,244,1,0.34221598877980364,0.32747320967203897,0.523659884929657,0.010840864047307911,1.2878135590127777
21,245,1,0.3436185133239832,0.33057193547752756,0.513154149055481,0.007150961538707593,0.44010315056434135
21,246,1,0.3450210378681627,0.32757201228468547,0.5275252461433411,0.006276337791006431,0.7591605702585202
21,247,1,0.34642356241234223,0.3331246666233546,0.5140551328659058,0.0031648233726723147,-0.09787685112429334
21,248,1,0.34782608695652173,0.33638463233973626,0.5130418539047241,0.003107222302346116,-0.13730125220839032
21,249,1,0.3492286115007013,0.3437110857043769,0.49982988834381104,0.008205820000062456,0.17891082047175827
21,250,1,0.3506311360448808,0.34564958808655843,0.5006049871444702,0.006859534825531618,0.011731673951025867
21,251,1,0.3520336605890603,0.36212783915137847,0.507381796836853,0.01881839193988341,1.9180844158411403
21,252,1,0.3534361851332398,0.3596948717036045,0.5225294828414917,0.011069505888588151,1.2854045574260666
21,253,1,0.3548387096774194,0.36935094439687144,0.515605628490448,0.012963144212403356,1.3406475650960856
21,254,1,0.35624123422159887,0.3659284073026993,0.5079485177993774,0.005815190134924034,0.08997427713656757
21,255,1,0.3576437587657784,0.38263446930443584,0.5045771598815918,0.014766999642808922,1.256563648416558
21,256,1,0.3590462833099579,0.3801842839886143,0.5030713677406311,0.009133640251231503,0.4105646197910654
21,257,1,0.36044880785413747,0.3988177756584379,0.5002875328063965,0.02070129538729415,1.9665484588554107
21,258,1,0.36185133239831696,0.39781594464018527,0.5005976557731628,0.013552062867373937,0.9613982293912082
21,259,1,0.3632538569424965,0.4129131777178911,0.5018877387046814,0.019458105296984274,1.8394477265528815
21,260,1,0.364656381486676,0.4176511061312317,0.49833208322525024,0.016626356606961018,1.3278740696170876
21,261,1,0.36605890603085556,0.41724851591382534,0.5255277752876282,0.007776746767201203,0.9105178268898685
21,262,1,0.36746143057503505,0.42776567278400596,0.5425078868865967,0.012766532660234088,2.1423906907640147
21,263,1,0.3688639551192146,0.4316277224589072,0.5566977858543396,0.009141150299180171,2.0654358013844716
21,264,1,0.3702664796633941,0.4384821356049717,0.5720848441123962,0.011316927259990619,2.8487782955466416
21,265,1,0.37166900420757365,0.4514822425535024,0.5496506094932556,0.019109276840086342,3.2629144661471763
21,266,1,0.37307152875175315,0.4448794253307321,0.5323525071144104,0.007967827373379654,1.148108998460597
21,267,1,0.3744740532959327,0.44702686494675703,0.5589413046836853,0.005481499849308268,1.6151982234275153
21,268,1,0.3758765778401122,0.4436097509225434,0.5817019939422607,0.00544987020943592,2.312634371208094
21,269,1,0.37727910238429174,0.45274770627185057,0.5525388121604919,0.004647012669695034,1.2993078243945841
21,270,1,0.37868162692847124,0.4379308269270826,0.5556272864341736,0.012727063963876708,2.5413828596913914
21,271,1,0.3800841514726508,0.451320970719878,0.5318790674209595,0.005276889146843121,0.7515746471564684
21,272,1,0.3814866760168303,0.4373708159829875,0.5086233019828796,0.012623451750339644,1.077103299498327
21,273,1,0.38288920056100983,0.4521304475841865,0.5107988119125366,0.007910149325012349,0.4752200581536086
21,274,1,0.38429172510518933,0.4442990973602692,0.4975438714027405,0.006319053043900936,-0.15938359217335962
21,275,1,0.3856942496493689,0.4529248579592078,0.5028499960899353,0.006163767044799672,-0.01778627512471856
21,276,1,0.3870967741935484,0.44585580219073934,0.5022345185279846,0.005786386439397045,-0.09033009695840777
21,277,1,0.3884992987377279,0.44877637501672446,0.5125992894172668,0.004443492302694135,0.03871155811853519
21,278,1,0.3899018232819074,0.44746917186954116,0.5025772452354431,0.004086815285182521,-0.3209863770126924
21,279,1,0.391304347826087,0.45612483795194075,0.5032437443733215,0.005049905391923382,-0.16373739400997442
21,280,1,0.39270687237026647,0.4488276572688526,0.502933919429779,0.004320843511372349,-0.2767703669956394
21,281,1,0.394109396914446,0.45380650165006414,0.5059378147125244,0.0028694867621655512,-0.39012797771962515
21,282,1,0.3955119214586255,0.4496452627844698,0.4950299859046936,0.005503733423618343,-0.3526312630886492
21,283,1,0.39691444600280507,0.45482938868912043,0.498645156621933,0.0035829956917683087,-0.5137583170665041
21,284,1,0.39831697054698456,0.45497731178286027,0.50286865234375,0.001822351766867853,-0.6334023639146863
21,285,1,0.3997194950911641,0.4491215065170918,0.5067476034164429,0.007785063732525353,0.33252950525860814
21,286,1,0.4011220196353436,0.4525822988974428,0.4995708465576172,0.00416502795450906,-0.40260085238032395
21,287,1,0.40252454417952316,0.4521513778270948,0.48997241258621216,0.004396356713328618,-0.6657773075539668
21,288,1,0.40392706872370265,0.4539614193794974,0.49752575159072876,0.002290072388626823,-0.7317889520434504
21,289,1,0.4053295932678822,0.4580283219544886,0.5107964873313904,0.0024822172762184206,-0.2952559870282544
21,290,1,0.4067321178120617,0.4523190872080129,0.5106360912322998,0.005453721329606529,0.12155290032676914
21,291,1,0.40813464235624125,0.45256698890912433,0.5008360147476196,0.005140016706137615,-0.22520047551820213
21,292,1,0.40953716690042075,0.4564104492411877,0.5198498964309692,0.0032126979134076295,0.08762503153158724
21,293,1,0.4109396914446003,0.4497998832996071,0.5137179493904114,0.008623282551584812,0.6664617941368479
21,294,1,0.4123422159887798,0.45185640713635666,0.49742329120635986,0.004819520164891931,-0.37593587357879604
21,295,1,0.41374474053295934,0.4519308445097981,0.5132002830505371,0.00431954165975938,0.03965310166737124
21,296,1,0.41514726507713884,0.4520224257396109,0.5020061731338501,0.0040689243301150315,-0.3411372065586987
21,297,1,0.4165497896213184,0.4588046049720834,0.5076616406440735,0.0038102607777517087,-0.20343909315041203
21,298,1,0.4179523141654979,0.4555638851345726,0.5138489007949829,0.0020155875661636386,-0.26735176024558605
21,299,1,0.41935483870967744,0.4584385968183229,0.5023000836372375,0.0018859883923938352,-0.6419045110333146
21,300,1,0.42075736325385693,0.4525624607079269,0.5074667930603027,0.007236871481209062,0.276902124703804
21,301,1,0.4221598877980365,0.4561277891960352,0.5085235238075256,0.004870825174636193,-0.026329740237704333
21,302,1,0.423562412342216,0.4512366450556526,0.5092038512229919,0.008028491931550304,0.4428292239605842
21,303,1,0.42496493688639553,0.4591582165032888,0.5213514566421509,0.003488642911723772,0.17309799772470735
21,304,1,0.426367461430575,0.45615280808287195,0.5139400362968445,0.0032317237102567438,-0.09193097117474053
21,305,1,0.4277699859747546,0.4603192180513968,0.49383044242858887,0.0026925289447975393,-0.7886279888871554
21,306,1,0.42917251051893407,0.45753641190134947,0.5087685585021973,0.0030485842493991966,-0.27740970748901495
21,307,1,0.4305750350631136,0.4590041465992432,0.507068932056427,0.002894947602821208,-0.3516312836271538
21,308,1,0.4319775596072931,0.44925628218848557,0.5128760933876038,0.0125888179932183,1.2033410476507416
21,309,1,0.43338008415147267,0.4602440814663139,0.5030694603919983,0.004652396076109861,-0.22553201572832118
21,310,1,0.43478260869565216,0.4553931393321033,0.4962066113948822,0.006340692192346726,-0.19755254002166886
21,311,1,0.4361851332398317,0.46010281115731544,0.5098370313644409,0.004368092440839793,-0.05717650764094889
21,312,1,0.4375876577840112,0.45396064254113266,0.5065350532531738,0.005880390017910392,0.05563794809471855
21,313,1,0.43899018232819076,0.45992552070319614,0.49545106291770935,0.0034666684921960617,-0.628772877189606
21,314,1,0.44039270687237025,0.4541948995117295,0.5023044347763062,0.006742582944695899,0.047542210513870975
21,315,1,0.4417952314165498,0.45777047235059787,0.5056244134902954,0.003936845765570577,-0.24829928054431175
21,316,1,0.4431977559607293,0.4556796689649768,0.5101205110549927,0.004375168834675727,-0.04742979496807999
21,317,1,0.44460028050490885,0.46068194568450205,0.49399927258491516,0.0026927020066263357,-0.7833968090287533
21,318,1,0.44600280504908835,0.46026803550284945,0.49921396374702454,0.0014260715850006938,-0.8023560361061961
21,319,1,0.4474053295932679,0.4665770867119156,0.5130181312561035,0.004385102063195537,0.0433408590415732
21,320,1,0.4488078541374474,0.4600218914917725,0.4925175607204437,0.004371746747276956,-0.5907795019463804
21,321,1,0.45021037868162694,0.46426334596255353,0.4979405999183655,0.0026181843389876704,-0.6724252737817011
21,322,1,0.45161290322580644,0.46172504171330325,0.5025643706321716,0.004649502226958033,-0.24151940217946322
21,323,1,0.453015427769986,0.4660451681150583,0.506950855255127,0.002991765671946028,-0.34153098954487593
21,324,1,0.4544179523141655,0.4645712904700581,0.5079213380813599,0.0020345253736023363,-0.44746618808009014
21,325,1,0.45582047685834504,0.4683158879425438,0.4997541904449463,0.001721436278160315,-0.7437736937528786
21,326,1,0.45722300140252453,0.46313115864984844,0.48929598927497864,0.005625142433380939,-0.5122321569188109
21,327,1,0.4586255259467041,0.46533838543455464,0.5054060220718384,0.004154667470566423,-0.22411818019211277
21,328,1,0.4600280504908836,0.46574146390610816,0.5025306940078735,0.0031896707411315896,-0.4497566815706747
21,329,1,0.46143057503506313,0.46857118144205057,0.5053862929344177,0.002093419904435712,-0.5172863021408978
21,330,1,0.4628330995792426,0.4667526864136652,0.5076426267623901,0.0025348149674637695,-0.3850537136574597
21,331,1,0.4642356241234222,0.4676687915278067,0.5142426490783691,0.002524091794276426,-0.18303512128175917
21,332,1,0.46563814866760167,0.4646761216735105,0.4946524500846863,0.0060993631718856385,-0.2797345309893012
21,333,1,0.4670406732117812,0.4665606910949437,0.5122811794281006,0.004172352098421931,-0.00958258173839005
21,334,1,0.4684431977559607,0.46675780022761043,0.5087885856628418,0.003248726472859631,-0.24838523431731369
21,335,1,0.46984572230014027,0.46890088535405006,0.509349524974823,0.0014600715585284287,-0.4849559267271789
21,336,1,0.47124824684431976,0.46851391237839296,0.5037368535995483,0.0018019162321242345,-0.6095280622709118
21,337,1,0.4726507713884993,0.469296901450086,0.5013042092323303,0.0019783748366518058,-0.6595039422184358
21,338,1,0.4740532959326788,0.46592017794703305,0.4938792288303375,0.006039150928490317,-0.3121263146967662
21,339,1,0.47545582047685836,0.4723707271577367,0.5010260939598083,0.001986211193026376,-0.6669686036050515
21,340,1,0.47685834502103785,0.4702527148558088,0.5088358521461487,0.0030941557456843306,-0.2688663002585249
21,341,1,0.4782608695652174,0.4710570363403795,0.5139757990837097,0.0024083048181552536,-0.20769863717905035
21,342,1,0.4796633941093969,0.4710167205801267,0.5141799449920654,0.0024753975181012996,-0.1918802159026283
21,343,1,0.48106591865357645,0.4720892250651973,0.5055236220359802,0.002677028691304148,-0.4302176321190074
21,344,1,0.48246844319775595,0.46938334439755286,0.5024937987327576,0.0053125338358137155,-0.14958952530263284
21,345,1,0.4838709677419355,0.4741332137814372,0.5029282569885254,0.0020018657247098705,-0.6060851838381622
21,346,1,0.485273492286115,0.4709102027161825,0.5006519556045532,0.0043373772628845205,-0.34479801667307647
21,347,1,0.48667601683029454,0.4736684766355644,0.4930085837841034,0.002213220032609823,-0.8820034963221787
21,348,1,0.48807854137447404,0.47199751666758744,0.515496551990509,0.003618246738085304,0.010931493417526417
21,349,1,0.4894810659186536,0.4742862227956679,0.49813058972358704,0.002409045936955987,-0.6962498122324521
21,350,1,0.4908835904628331,0.4738836987970628,0.5087509155273438,0.0024238599296762782,-0.36662299571139423
21,351,1,0.49228611500701264,0.47324915585235305,0.4947960078716278,0.003801776894606074,-0.6014113214419351
21,352,1,0.49368863955119213,0.4736270444825931,0.5019153356552124,0.0033190580685632494,-0.450369577477154
21,353,1,0.4950911640953717,0.4763159011139662,0.4926186203956604,0.0017602119236415515,-0.9583266636636834
21,354,1,0.4964936886395512,0.47174187829297104,0.5034388303756714,0.006119025791511257,-0.005977267488739793
21,355,1,0.49789621318373073,0.477602519304956,0.5071635246276855,0.0019348593548981254,-0.48498260971480633
21,356,1,0.4992987377279102,0.4761278362752186,0.5009621381759644,0.0030421509283198823,-0.5190679393478933
21,357,1,0.5007012622720898,0.477596479904111,0.4994850158691406,0.002230567267280847,-0.6798122236398231
21,358,1,0.5021037868162693,0.4759910810582176,0.5129246115684509,0.0033680514090850934,-0.10389659446943278
21,359,1,0.5035063113604488,0.4795085334866508,0.5079944133758545,0.0019532350815824086,-0.45675039175234416
21,360,1,0.5049088359046283,0.47273116768789003,0.505211353302002,0.008166769016147973,0.3393292047666221
21,361,1,0.5063113604488079,0.47882552444569454,0.49341556429862976,0.0035520326858158764,-0.6794303613715791
21,362,1,0.5077138849929874,0.47621722186368953,0.500237762928009,0.004445054307616543,-0.3422885009781397
21,363,1,0.5091164095371669,0.4803785813692187,0.5134626626968384,0.0030648078997891843,-0.13034378827354245
21,364,1,0.5105189340813464,0.47273905429435165,0.5088264346122742,0.007891023570260041,0.41167859191072
21,365,1,0.511921458625526,0.4802180335594259,0.4961599111557007,0.003435114784740626,-0.6113909621735518
21,366,1,0.5133239831697055,0.47860536262149656,0.5016708374023438,0.003871186727540425,-0.3795443034093967
21,367,1,0.514726507713885,0.4810281450478559,0.4969784915447235,0.003031440307796806,-0.6434413082755137
21,368,1,0.5161290322580645,0.4737793250422413,0.5023127794265747,0.007960277861529723,0.2206310231809645
21,369,1,0.517531556802244,0.48011346462698345,0.5061221122741699,0.004334884951533339,-0.17645554199963775
21,370,1,0.5189340813464236,0.4764554417585605,0.4996424615383148,0.0055180865990722945,-0.20834820043131208
21,371,1,0.520336605890603,0.479017598236384,0.502815842628479,0.003445101523107099,-0.40470874003095136
21,372,1,0.5217391304347826,0.47629251274303613,0.4990212321281433,0.00464089869599468,-0.35200870927969996
21,373,1,0.5231416549789621,0.4805116648742467,0.4952884912490845,0.002441228750990402,-0.7793305415752875
21,374,1,0.5245441795231417,0.4777275746904197,0.503166675567627,0.0039336837356256345,-0.324543181086018
21,375,1,0.5259467040673211,0.4796608125828149,0.4981878995895386,0.00256670721779512,-0.6721050244591003
21,376,1,0.5273492286115007,0.4766999768684369,0.4873098134994507,0.005440118377180944,-0.5997456544014962
21,377,1,0.5287517531556802,0.47856909578461904,0.5061737298965454,0.003889034145842383,-0.23814476690920833
21,378,1,0.5301542776998598,0.47947592916347026,0.5010716915130615,0.0022803898410908826,-0.6238086545811239
21,379,1,0.5315568022440392,0.478200033714514,0.49900195002555847,0.003993373908309822,-0.44450869304191176
21,380,1,0.5329593267882188,0.47923192798671044,0.5128481388092041,0.0025962849190380973,-0.21579433830730083
21,381,1,0.5343618513323983,0.48038714144051875,0.5132937431335449,0.002074059244798196,-0.27617339710959266
21,382,1,0.5357643758765779,0.4806442055329446,0.5119744539260864,0.002271506566347223,-0.2888351009402063
21,383,1,0.5371669004207573,0.4783158883804645,0.5093556642532349,0.004891892811195936,0.0023231509715385262
21,384,1,0.5385694249649369,0.4771137769947623,0.5125595331192017,0.00612296786338577,0.27585902236956716
21,385,1,0.5399719495091164,0.48103235477600875,0.5045800805091858,0.002915750420177835,-0.42543329884996184
21,386,1,0.541374474053296,0.47538493877087656,0.505669116973877,0.007483571673156994,0.2564778910549097
21,387,1,0.5427769985974754,0.4803633687115041,0.5058957934379578,0.0029611492077285147,-0.37841393338631674
21,388,1,0.544179523141655,0.4787594714608969,0.5009956955909729,0.003556577111194277,-0.4450188392626784
21,389,1,0.5455820476858345,0.48281351303284664,0.5034990906715393,0.00253121911853254,-0.5133481506258157
21,390,1,0.5469845722300141,0.4783518332543966,0.5066880583763123,0.004570443762622942,-0.12556847601486676
21,391,1,0.5483870967741935,0.48159863832504607,0.5129671692848206,0.0029703740435805016,-0.1590278054539947
21,392,1,0.5497896213183731,0.479302013489129,0.5066980719566345,0.004670804552156069,-0.11101512449991395
21,393,1,0.5511921458625526,0.48107020873366896,0.5027324557304382,0.0032039516323464114,-0.44150754186152197
21,394,1,0.5525946704067322,0.47864733036887475,0.5081921219825745,0.005025297104673904,-0.014625253451677034
21,395,1,0.5539971949509116,0.4810700231746484,0.4993073642253876,0.0031694341758088974,-0.5520344024152126
21,396,1,0.5553997194950911,0.47977258378758714,0.5048304796218872,0.0038417641769816326,-0.2862789498834328
21,397,1,0.5568022440392707,0.4806011421601422,0.5069727897644043,0.003130848379041107,-0.32111407413395016
21,398,1,0.5582047685834503,0.48029141202675074,0.5109712481498718,0.0033233118690508935,-0.17048713377188945
21,399,1,0.5596072931276297,0.48247426545920724,0.5088480114936829,0.0019245147626939553,-0.4345023285946001
21,400,1,0.5610098176718092,0.478583276181477,0.5126878619194031,0.005793528699933337,0.2330582118789015
21,401,1,0.5624123422159888,0.48299342824897384,0.5092294216156006,0.0025727349600596673,-0.33073584099570197
21,402,1,0.5638148667601683,0.4803869256083949,0.5067698955535889,0.004290623893695803,-0.16276042847105868
21,403,1,0.5652173913043478,0.4828662800201953,0.510908305644989,0.0023564342786089494,-0.30966037710797906
21,404,1,0.5666199158485273,0.48336200243439464,0.5237036943435669,0.0014881859071586108,-0.03829194217682508
21,405,1,0.5680224403927069,0.48309198207827275,0.508245050907135,0.0029021310227054483,-0.31434094596878503
21,406,1,0.5694249649368864,0.4796487144737164,0.536126971244812,0.0063700370845865386,1.0377314531142625
21,407,1,0.5708274894810659,0.4818874402787768,0.5255774259567261,0.0043477305937890155,0.425357410523302
21,408,1,0.5722300140252454,0.4814365790898927,0.5135834217071533,0.004152909749385964,0.027818240224515067
21,409,1,0.573632538569425,0.48439437941283264,0.510254442691803,0.0016919230029578342,-0.4241413865785453
21,410,1,0.5750350631136045,0.4802999303466409,0.5055133700370789,0.005133801990152187,-0.08183583366974004
21,411,1,0.576437587657784,0.4811372473503149,0.5095265507698059,0.004459288954709384,-0.05380771236630738
21,412,1,0.5778401122019635,0.48060960721411866,0.5086334943771362,0.004799380858790126,-0.03307864468071605
21,413,1,0.5792426367461431,0.4812744743350323,0.4981358051300049,0.003927770768932995,-0.48053133153684524
21,414,1,0.5806451612903226,0.48064693802552094,0.5055099725723267,0.0037753308089942235,-0.27475291924402284
21,415,1,0.5820476858345021,0.4761137784891586,0.5029349327087402,0.008395242265076607,0.30155377907211
21,416,1,0.5834502103786816,0.481687151504841,0.5022839903831482,0.0036342977373486386,-0.3942574865095033
21,417,1,0.5848527349228612,0.4782707035140798,0.520621120929718,0.005251836097546922,0.40083074351962006
21,418,1,0.5862552594670407,0.48001083648769455,0.4991379976272583,0.002912436100903696,-0.5937341497361589
21,419,1,0.5876577840112202,0.47903188251813317,0.5057060122489929,0.0035806890037988317,-0.2963333334785745
21,420,1,0.5890603085553997,0.4774513735937081,0.5081813931465149,0.005890723935467535,0.10787676970836782
21,421,1,0.5904628330995793,0.4764068865164915,0.4968901574611664,0.005876266534900918,-0.24238987640741289
21,422,1,0.5918653576437588,0.4761163069725262,0.49968257546424866,0.005700891829469115,-0.1811649607513739
21,423,1,0.5932678821879382,0.4749104136759336,0.5110750794410706,0.0059331527472696296,0.20313831015796896
21,424,1,0.5946704067321178,0.47769958212283337,0.4893960654735565,0.0027898105086721393,-0.9115739115349478
21,425,1,0.5960729312762973,0.4779198122879963,0.5088246464729309,0.002023356753774334,-0.4211939203885626
21,426,1,0.5974754558204769,0.4757210771095789,0.5034896731376648,0.004532405678231971,-0.22960355120636797
21,427,1,0.5988779803646563,0.47633394918681493,0.4927093982696533,0.0038207261352591034,-0.6630715304674586
21,428,1,0.6002805049088359,0.4697355662115562,0.5197720527648926,0.010774992988238167,1.1585659448471157
21,429,1,0.6016830294530154,0.4775165154542581,0.5096219182014465,0.0041751235844702285,-0.09119917160520374
21,430,1,0.603085553997195,0.465703886678273,0.5243861079216003,0.012714844335267537,1.5761900459180542
21,431,1,0.6044880785413744,0.47336310609669774,0.5267360806465149,0.005662546213630996,0.6477057294177474
21,432,1,0.605890603085554,0.4694911655347033,0.5133875608444214,0.006137414917501217,0.30344539867285775
21,433,1,0.6072931276297335,0.4783883939077209,0.5162512063980103,0.005715395435408755,0.3318598182274827
21,434,1,0.6086956521739131,0.4684839874759362,0.5309455394744873,0.006844604601401028,0.9452962700781253
21,435,1,0.6100981767180925,0.4757253658272701,0.5284432768821716,0.004162477553042492,0.48744488684249354
21,436,1,0.6115007012622721,0.47288537003504333,0.5412886738777161,0.0044927218447109825,0.930461575884826
21,437,1,0.6129032258064516,0.4785168079218819,0.5283432006835938,0.0039044913606005533,0.44774176539405386
21,438,1,0.6143057503506312,0.4714653011182116,0.5290806889533997,0.006029535719809781,0.7721000208316732
21,439,1,0.6157082748948106,0.4738922705621481,0.5150972604751587,0.00484298860381269,0.17244925799892316
21,440,1,0.6171107994389902,0.49834471796322233,0.5790826678276062,0.020562826530912605,4.376887888107058
21,441,1,0.6185133239831697,0.5144313452753843,0.5516381859779358,0.03028461686102977,4.9103630721293605
21,442,1,0.6199158485273493,0.5623890381300412,0.5560372471809387,0.06926367537731107,10.578454129052355
21,443,1,0.6213183730715287,0.5509185380039157,0.559738278388977,0.04151588186588864,6.7542554712561795
21,444,1,0.6227208976157083,0.5977753849376577,0.545529842376709,0.06266252107152834,9.317488651023528
21,445,1,0.6241234221598878,0.5812339342784621,0.5235885977745056,0.030252519802919427,4.040775641636267
21,446,1,0.6255259467040674,0.6049825286514174,0.5134022235870361,0.028311350790909767,3.4511176799063463
21,447,1,0.6269284712482468,0.600682372355728,0.5256670713424683,0.01693296952207663,2.214386623525991
21,448,1,0.6283309957924264,0.6205373993606487,0.5211553573608398,0.020776890281843846,2.620828573849876
21,449,1,0.6297335203366059,0.6099459958883424,0.5382416248321533,0.010509075744540682,1.6904135025317313
21,450,1,0.6311360448807855,0.6205488653168271,0.530112624168396,0.009350885860910641,1.2753344743996715
21,451,1,0.6325385694249649,0.611243822180759,0.5357569456100464,0.007683951766740743,1.2128083520878414
21,452,1,0.6339410939691444,0.6233686894755402,0.5488258600234985,0.005692502456691278,1.3331925234497568
21,453,1,0.635343618513324,0.6127571026982557,0.5279957056045532,0.007111694540100019,0.8922341939037335
21,454,1,0.6367461430575035,0.622547006346797,0.5234566926956177,0.00569754828293586,0.5515394118522213
21,455,1,0.638148667601683,0.6168079589730369,0.5301949977874756,0.004851796753484831,0.6393042210176223
21,456,1,0.6395511921458625,0.6247419958681169,0.5498077869415283,0.004806049342358892,1.2376573128204131
21,457,1,0.6409537166900421,0.6057670286204618,0.5338126420974731,0.01703844137407828,2.480560909285832
21,458,1,0.6423562412342216,0.6300782247290745,0.5165612697601318,0.009020273253982834,0.8104942232749924
21,459,1,0.6437587657784011,0.6261259213893604,0.5250831246376038,0.00734291744632546,0.8352302473984772
21,460,1,0.6451612903225806,0.6326156337961762,0.521543562412262,0.007513464197078868,0.7502786227872587
21,461,1,0.6465638148667602,0.6284051407952213,0.518587589263916,0.0072790082305244025,0.6258411451663365
21,462,1,0.6479663394109397,0.6400397449074129,0.5143287777900696,0.007141560706966285,0.47499367626186023
21,463,1,0.6493688639551192,0.63657340283426,0.5090150833129883,0.003812688325154168,-0.16135521636023925
21,464,1,0.6507713884992987,0.644738654369565,0.5255868434906006,0.006738219763308908,0.7649378792759317
21,465,1,0.6521739130434783,0.6391324008972883,0.5194662809371948,0.00438885568495772,0.24273053358193872
21,466,1,0.6535764375876578,0.6515729329769169,0.529496967792511,0.007859928201796821,1.0447314620294004
21,467,1,0.6549789621318373,0.6497178715079672,0.5133756399154663,0.004767491254543701,0.10863996614602822
21,468,1,0.6563814866760168,0.6580004293332028,0.5457860827445984,0.008118010372279941,1.5837080542951978
21,469,1,0.6577840112201964,0.6531789544033435,0.5383101105690002,0.004462381671618338,0.8342982618002488
21,470,1,0.6591865357643759,0.6636488825685274,0.5289860963821411,0.0069393814901812815,0.8983202658295703
21,471,1,0.6605890603085554,0.6570275083889836,0.5294517874717712,0.003969730693007162,0.49118952417385137
21,472,1,0.6619915848527349,0.6629272568538177,0.5351555347442627,0.00357910308194847,0.6116464597936475
21,473,1,0.6633941093969145,0.6538129433808588,0.5305459499359131,0.008974661195797732,1.2352991589088207
21,474,1,0.664796633941094,0.6666355229563815,0.5372104644775391,0.005069664159809867,0.8865794758776386
21,475,1,0.6661991584852734,0.6666054838217297,0.5268086791038513,0.003962191205491495,0.4086076077895261
21,476,1,0.667601683029453,0.6797634378687964,0.540408194065094,0.013676182092611013,2.2067470289278353
21,477,1,0.6690042075736325,0.6904612988586545,0.5279737114906311,0.020164997828724357,2.7442544379069456
21,478,1,0.6704067321178121,0.6965267223158589,0.5337180495262146,0.017068332416479842,2.481886267999011
21,479,1,0.6718092566619915,0.7245040654187449,0.5163165926933289,0.03757287567949653,4.855513877249582
21,480,1,0.6732117812061711,0.7213333102331576,0.5255268216133118,0.022231243492046773,2.9620629658251283
21,481,1,0.6746143057503506,0.743690425043671,0.5093488097190857,0.03189212181407853,3.8343436067491123
21,482,1,0.6760168302945302,0.7450541637101566,0.518542468547821,0.01998510040566492,2.427867356948507
21,483,1,0.6774193548387096,0.8093717896647085,0.5254002809524536,0.07213434454028743,10.041072790493129
21,484,1,0.6788218793828892,0.8196670747118621,0.5401210188865662,0.061212698525950134,8.944905800004214
21,485,1,0.6802244039270687,0.8320104875277955,0.530780553817749,0.04897267022220745,6.919583969498374
21,486,1,0.6816269284712483,0.8554247579262346,0.5256108641624451,0.050306924999615456,6.949529163534409
21,487,1,0.6830294530154277,0.8525743166940614,0.5281410217285156,0.022007446634107027,3.0109190367475684
21,488,1,0.6844319775596073,0.8592071728729399,0.5234875679016113,0.01569605963496301,1.9716133848986745
21,489,1,0.6858345021037868,0.8462238303819737,0.5240498185157776,0.011405415604970959,1.3799675380364596
21,490,1,0.6872370266479664,0.8541153154655268,0.5285064578056335,0.006061509763442972,0.7589292725412627
21,491,1,0.6886395511921458,0.840385744020954,0.5287330150604248,0.016236368855659933,2.210067576102823
21,492,1,0.6900420757363254,0.8378005162013875,0.5294659733772278,0.015774453506949587,2.1671103791003565
21,493,1,0.6914446002805049,0.8299776641214098,0.5234668254852295,0.01824564141903917,2.3328442808309515
21,494,1,0.6928471248246845,0.830223448111198,0.5305737853050232,0.013938315864110064,1.940665515973342
21,495,1,0.6942496493688639,0.8281663015547307,0.5139733552932739,0.010022495581995135,0.8729332880914602
21,496,1,0.6956521739130435,0.8243717124311181,0.5270119905471802,0.010762224089051944,1.3800287740440846
21,497,1,0.697054698457223,0.8277022441311458,0.5222077965736389,0.005021366491873017,0.4170515160657031
21,498,1,0.6984572230014026,0.8262224522770074,0.5315327048301697,0.004985428303029224,0.6995250390930386
21,499,1,0.699859747545582,0.8255149053950495,0.5263041853904724,0.004692726226439539,0.49673658946624777
21,500,1,0.7012622720897616,0.8200337561608341,0.5253638029098511,0.009511026420734618,1.1516130710328638
21,501,1,0.7026647966339411,0.824726701401721,0.513691782951355,0.005361673928122455,0.20272393299841499
21,502,1,0.7040673211781207,0.8196061202448309,0.5371928811073303,0.008110287586810563,1.3176029600441275
21,503,1,0.7054698457223001,0.8226148888572054,0.5185261368751526,0.004233429467981529,0.19167692036463557
21,504,1,0.7068723702664796,0.8185446584485611,0.506716787815094,0.006792662240575284,0.19072434377179256
21,505,1,0.7082748948106592,0.8226457984175343,0.5230000615119934,0.0036514270234227243,0.24704443030732795
21,506,1,0.7096774193548387,0.8163400343047711,0.5128019452095032,0.008104786210250316,0.5646208956447984
21,507,1,0.7110799438990182,0.8206371081330823,0.5178360939025879,0.004421337006482038,0.19706676460459596
21,508,1,0.7124824684431977,0.8163457737435638,0.5201340913772583,0.0067880801054119285,0.6038552515963354
21,509,1,0.7138849929873773,0.8184330624313415,0.5177744030952454,0.0044763237806760316,0.20296871343069126
21,510,1,0.7152875175315568,0.8155838223481804,0.5184241533279419,0.00594712632799779,0.43176247735091355
21,511,1,0.7166900420757363,0.8168912697387863,0.5175231099128723,0.004450625948244161,0.1915716101783008
21,512,1,0.7180925666199158,0.8160197343754291,0.5442473292350769,0.004385701713027432,1.0065149386001195
21,513,1,0.7194950911640954,0.8167766723121155,0.522426187992096,0.0035472539343073513,0.2145608979793152
21,514,1,0.7208976157082749,0.8167794523784022,0.5063521862030029,0.003130376338214111,-0.3403200988411195
21,515,1,0.7223001402524544,0.8149710742397195,0.5230280756950378,0.005237661984452299,0.47304794704624953
21,516,1,0.7237026647966339,0.8188097514896451,0.5259459018707275,0.0021198836801250877,0.12051529333618222
21,517,1,0.7251051893408135,0.8158590159601979,0.5198466777801514,0.004567175667761128,0.27977127995164425
21,518,1,0.726507713884993,0.8211232966290569,0.5160433650016785,0.0019081692216301677,-0.21492209519950423
21,519,1,0.7279102384291725,0.8159745569504439,0.5210983753204346,0.005308181652199509,0.4235462819968575
21,520,1,0.729312762973352,0.8185877651096051,0.5284001231193542,0.0035340574457022912,0.3969203064799293
21,521,1,0.7307152875175316,0.8124554454284956,0.5018481016159058,0.00902266725681888,0.3570890918866404
21,522,1,0.7321178120617111,0.8168191899620953,0.5274661183357239,0.005271511552495698,0.6147187926132383
21,523,1,0.7335203366058906,0.8137372320467412,0.5233365297317505,0.005813961338907267,0.5643565513056836
21,524,1,0.7349228611500701,0.817777760780809,0.5139836072921753,0.0030219602037136134,-0.12035969746497618
21,525,1,0.7363253856942497,0.8113033149087685,0.4990895986557007,0.007486046168755281,0.053920867065950506
21,526,1,0.7377279102384292,0.8174801491688586,0.5138563513755798,0.0033912056041807727,-0.07187596897655349
21,527,1,0.7391304347826086,0.812845667145388,0.5220651030540466,0.005820901103894852,0.526131530125524
21,528,1,0.7405329593267882,0.818689871595296,0.5156936645507812,0.0034956227784754762,-0.0003941026275573467
21,529,1,0.7419354838709677,0.8114677145516649,0.49261030554771423,0.007203990175901395,-0.1859296277402993
21,530,1,0.7433380084151473,0.8153675779712755,0.5037393569946289,0.0045767675722225044,-0.2156070265290429
21,531,1,0.7447405329593267,0.8132632764077521,0.5271056890487671,0.004921385431142508,0.553908819459056
21,532,1,0.7461430575035063,0.8165436501279826,0.5184996724128723,0.003050005456386334,0.02289348698922644
21,533,1,0.7475455820476858,0.8122598078140766,0.5109055042266846,0.005492700973580675,0.13539393873071015
21,534,1,0.7489481065918654,0.8142539614651696,0.5039913058280945,0.003975256659039392,-0.29321151608644536
21,535,1,0.7503506311360448,0.8148020458889975,0.5193207263946533,0.0028700820877362006,0.022677160129527585
21,536,1,0.7517531556802244,0.8120272873689406,0.5035526156425476,0.006029532978104488,-0.015170212030326702
21,537,1,0.7531556802244039,0.8126912221140534,0.5123593807220459,0.004236507543231152,0.0019348919160174782
21,538,1,0.7545582047685835,0.8126367831378163,0.507317304611206,0.004398800094462499,-0.13052486875514832
21,539,1,0.7559607293127629,0.8174296873904396,0.49338585138320923,0.002358141207668924,-0.8497996571780491
21,540,1,0.7573632538569425,0.8122106929015642,0.5286549925804138,0.005077506124236767,0.6238470997139564
21,541,1,0.758765778401122,0.8156718948133745,0.5035523176193237,0.0026743657468898153,-0.49138939015507277
21,542,1,0.7601683029453016,0.8132489217605692,0.5079774260520935,0.004830296823218003,-0.048923377110124885
21,543,1,0.761570827489481,0.8196309451313937,0.5134956240653992,0.00317162623983206,-0.11416619978393411
21,544,1,0.7629733520336606,0.8107260939168448,0.5069272518157959,0.008056473757869108,0.37659187272482125
21,545,1,0.7643758765778401,0.822048210185403,0.505707323551178,0.0038649413390596703,-0.255948019211765
21,546,1,0.7657784011220197,0.8152765260192202,0.5051023960113525,0.005567405194313267,-0.032967278505279925
21,547,1,0.7671809256661991,0.82477637855144,0.5045263171195984,0.004637524649780616,-0.18271421451325098
21,548,1,0.7685834502103787,0.8147655732525699,0.5125065445899963,0.007033182938645574,0.40341472671578527
21,549,1,0.7699859747545582,0.8270670256328981,0.4976518750190735,0.004914013170860925,-0.35547478648793485
21,550,1,0.7713884992987378,0.8166773410723773,0.5061091184616089,0.007385988814643249,0.25619700423587544
21,551,1,0.7727910238429172,0.8225005330408289,0.5067957043647766,0.0058185132694454295,0.05489389399403269
21,552,1,0.7741935483870968,0.8177312774389952,0.4967367947101593,0.006113294833661878,-0.21347727714134596
21,553,1,0.7755960729312763,0.8221658329605839,0.5008708238601685,0.004508125845186333,-0.31381334502136016
21,554,1,0.7769985974754559,0.8189443444632369,0.49540865421295166,0.004416355687947901,-0.49528848898890676
21,555,1,0.7784011220196353,0.8207476568610993,0.5036557912826538,0.0033630595321339253,-0.3904497391697256
21,556,1,0.7798036465638148,0.818342671221306,0.5072031617164612,0.00514656073266134,-0.027912822672429383
21,557,1,0.7812061711079944,0.8203629485088842,0.51363205909729,0.003570879729852209,-0.05329125962040385
21,558,1,0.782608695652174,0.8202110062584745,0.4991200268268585,0.0029803530281455855,-0.5846486837827843
21,559,1,0.7840112201963534,0.8183724420343649,0.5079393982887268,0.005135582701064648,-0.006765894766972532
21,560,1,0.7854137447405329,0.8215171463253534,0.5020674467086792,0.00225103604428906,-0.5972664675094688
21,561,1,0.7868162692847125,0.8199505945259112,0.5120794773101807,0.0037572452788465468,-0.07472043361076358
21,562,1,0.788218793828892,0.8238431346293102,0.5155030488967896,0.0015696698104856683,-0.27962944806296114
21,563,1,0.7896213183730715,0.8206350105208328,0.5180476307868958,0.0038777728808906927,0.1264405750714527
21,564,1,0.791023842917251,0.8243266556354121,0.4917961061000824,0.0019120597815776236,-0.9621402221064836
21,565,1,0.7924263674614306,0.8208949467801251,0.5144431591033936,0.0048858560707299966,0.15836150147611544
21,566,1,0.7938288920056101,0.8268062016387513,0.5145648121833801,0.0023783490455388185,-0.19378556283648193
21,567,1,0.7952314165497896,0.8225006932476239,0.5190824270248413,0.00425696441914494,0.21217295478399933
21,568,1,0.7966339410939691,0.8266960433107731,0.5063662528991699,0.002652695116201303,-0.40768516718636383
21,569,1,0.7980364656381487,0.8255743480456573,0.5124309659004211,0.0023421230114708353,-0.2647337309281843
21,570,1,0.7994389901823282,0.8267306924906889,0.5158663392066956,0.0022555830930010264,-0.17107185985371665
21,571,1,0.8008415147265077,0.8307759069201539,0.5034897327423096,0.0019237492325823013,-0.5998569543337511
21,572,1,0.8022440392706872,0.8272187317945616,0.5084942579269409,0.003817469920245173,-0.17673847850107016
21,573,1,0.8036465638148668,0.8263182530574021,0.5001515746116638,0.004848620778351795,-0.2876669702659667
21,574,1,0.8050490883590463,0.8234800643315273,0.5160213708877563,0.007872785757162822,0.6309773816844035
21,575,1,0.8064516129032258,0.8295094754373291,0.5044382214546204,0.00348586194064192,-0.3488903289486268
21,576,1,0.8078541374474053,0.8260700948952779,0.5128607153892517,0.004153490282915615,0.005612825611036321
21,577,1,0.8092566619915849,0.8266439812296806,0.5135999321937561,0.003292444723691998,-0.09380123502600277
21,578,1,0.8106591865357644,0.8247841986567783,0.49732089042663574,0.005233659339663935,-0.3203137062470842
21,579,1,0.8120617110799438,0.8273500231009613,0.507021963596344,0.0035583898942875038,-0.25891520187512723
21,580,1,0.8134642356241234,0.8305576669346186,0.5046527981758118,0.0015817452010001443,-0.6125305063502432
21,581,1,0.814866760168303,0.8292828475354175,0.5176718235015869,0.001737225993607221,-0.18896398970880657
21,582,1,0.8162692847124825,0.8328145684099719,0.5004416108131409,0.0015372612015582448,-0.74871465680647
21,583,1,0.8176718092566619,0.8296728722974172,0.504565954208374,0.003920358220813683,-0.2832816357864534
21,584,1,0.8190743338008415,0.8307202582689508,0.4999464154243469,0.0034536845483940067,-0.49198186644215747
21,585,1,0.820476858345021,0.8266722273609165,0.5007622838020325,0.007542363290011342,0.11349870809252091
21,586,1,0.8218793828892006,0.8320177446621911,0.5059072375297546,0.0034985587911510775,-0.3017846842924068
21,587,1,0.82328190743338,0.825243796400492,0.4993707835674286,0.008118933269865455,0.1524201946649173
21,588,1,0.8246844319775596,0.8288768773664977,0.5080496668815613,0.00447673300803356,-0.09687799725055588
21,589,1,0.8260869565217391,0.8245619242374888,0.5047975182533264,0.007232691233024083,0.19399003962852274
21,590,1,0.8274894810659187,0.8298277530859959,0.5022247433662415,0.0034906161522747442,-0.41647783033059305
21,591,1,0.8288920056100981,0.8227956092991325,0.503325879573822,0.007923932496474547,0.24671578131532984
21,592,1,0.8302945301542777,0.8275436659001778,0.5190176367759705,0.004219466616014359,0.20485267667995913
21,593,1,0.8316970546984572,0.8204256040771772,0.5044606924057007,0.009348588076510008,0.48391878120371756
21,594,1,0.8330995792426368,0.8286353804535593,0.5071488618850708,0.004255942207063678,-0.15599582994131644
21,595,1,0.8345021037868162,0.82358133550587,0.49506068229675293,0.005001767554781221,-0.42293028227544505
21,596,1,0.8359046283309958,0.8248721833264445,0.5096537470817566,0.003834384391580613,-0.13857982994986895
21,597,1,0.8373071528751753,0.8231146105163791,0.5034652948379517,0.004855969347372144,-0.18443090052654748
21,598,1,0.8387096774193549,0.8239023158835626,0.48700958490371704,0.0047405155899891945,-0.7083014554119953
21,599,1,0.8401122019635343,0.8227701943459933,0.4955647587776184,0.004689370985059252,-0.45172435715222403
21,600,1,0.8415147265077139,0.8253983908875315,0.5071067810058594,0.002454096619723265,-0.4130354844496131
21,601,1,0.8429172510518934,0.8225925001493382,0.5178864002227783,0.004795831782016977,0.2517714627967321
21,602,1,0.844319775596073,0.8251793875366953,0.5058519840240479,0.002653469691980468,-0.4234349601335273
21,603,1,0.8457223001402524,0.8271973411195853,0.5030595064163208,0.001535955996068249,-0.6681656428915085
21,604,1,0.847124824684432,0.8260300716854749,0.5119587182998657,0.0026537872608011466,-0.2350620139098371
21,605,1,0.8485273492286115,0.8279014686809554,0.5078407526016235,0.001157618157949073,-0.5744137367431038
21,606,1,0.8499298737727911,0.8246162909076782,0.5058852434158325,0.005552730370988049,-0.01090759951609237
21,607,1,0.8513323983169705,0.8320543443631563,0.49233880639076233,0.002471158838349647,-0.8660489047801186
21,608,1,0.85273492286115,0.8241280713233106,0.514686644077301,0.007114426608994137,0.48217881683293773
21,609,1,0.8541374474053296,0.8335793956996949,0.49611717462539673,0.0035212535078784296,-0.6004829760822832
21,610,1,0.8555399719495091,0.8250319654278704,0.504205584526062,0.007154514168578094,0.1646392435817023
21,611,1,0.8569424964936886,0.8322349789024484,0.49757587909698486,0.00483681663251525,-0.36877521340931474
21,612,1,0.8583450210378681,0.8247660985751923,0.5190451741218567,0.007569458286127204,0.6811773139971351
21,613,1,0.8597475455820477,0.8321446101893282,0.48871609568595886,0.0047224684543678225,-0.658235217939036
21,614,1,0.8611500701262272,0.8230681091792338,0.5061217546463013,0.00906825811746453,0.49535674501137783
21,615,1,0.8625525946704067,0.8330951000013895,0.5047799348831177,0.0048547361389353,-0.14406325561790134
21,616,1,0.8639551192145862,0.8236668567909138,0.514483630657196,0.008193576718360681,0.6290853555961534
21,617,1,0.8653576437587658,0.8325954081627988,0.5035640001296997,0.005344576859740235,-0.11203720993269575
21,618,1,0.8667601683029453,0.8243153507928853,0.5034791231155396,0.007382971763687155,0.17466136964446655
21,619,1,0.8681626928471248,0.8335648247636482,0.49577176570892334,0.005145465949694999,-0.38060532508988687
21,620,1,0.8695652173913043,0.826110324010779,0.49152594804763794,0.0060172401397710325,-0.38780989562638274
21,621,1,0.8709677419354839,0.8324965647523052,0.5131055116653442,0.004652030335293372,0.08392162922747616
21,622,1,0.8723702664796634,0.8300625130974468,0.509429395198822,0.00319053787347457,-0.2368819687403343
21,623,1,0.8737727910238429,0.832276748065976,0.5022677183151245,0.0031905289065295933,-0.45774488550466674
21,624,1,0.8751753155680224,0.8335258262406392,0.4975641071796417,0.001431728122916121,-0.8524337314946702
21,625,1,0.876577840112202,0.8348849125535079,0.5121468305587769,0.0010534818228098031,-0.4563973954606252
21,626,1,0.8779803646563815,0.8406133008795691,0.517390787601471,0.004333846867188104,0.17091603131076047
21,627,1,0.879382889200561,0.836072439793445,0.5004684925079346,0.002844711164466521,-0.5623149425727866
21,628,1,0.8807854137447405,0.8392586343774608,0.5175149440765381,0.001513834497911531,-0.22550874741732385
21,629,1,0.8821879382889201,0.8441291452584778,0.4984484314918518,0.0032271195588323264,-0.5703358743937603
21,630,1,0.8835904628330996,0.8471731702647878,0.505493700504303,0.0035628361645610755,-0.3054148076860523
21,631,1,0.884992987377279,0.8451458816829203,0.5018804669380188,0.002556028728894528,-0.5597441859673583
21,632,1,0.8863955119214586,0.8513797175425121,0.5116743445396423,0.003861055623611889,-0.07248032959177397
21,633,1,0.8877980364656382,0.8509509651139794,0.492387056350708,0.0016010744118777403,-0.9880548678704277
21,634,1,0.8892005610098177,0.849228670453609,0.4939146637916565,0.003025717220429433,-0.7387401401590732
21,635,1,0.8906030855539971,0.8537723321078184,0.5197514891624451,0.0019890326299905614,-0.0890886499413141
21,636,1,0.8920056100981767,0.8439184285693873,0.5045788288116455,0.01100644675808096,0.7228674026907481
21,637,1,0.8934081346423562,0.858543812173761,0.4995080232620239,0.005484259089573953,-0.21729544329958558
21,638,1,0.8948106591865358,0.8414631248350315,0.5198615193367004,0.013494640014100915,1.5473335396792398
21,639,1,0.8962131837307152,0.8578168196537553,0.49912115931510925,0.007452038523887865,0.05006736053246666
21,640,1,0.8976157082748948,0.8514290730071605,0.48752132058143616,0.007026378801176686,-0.36807971717086163
21,641,1,0.8990182328190743,0.8622899465484956,0.496772825717926,0.0073852811391034775,-0.03182887805992346
21,642,1,0.9004207573632539,0.8581723980518083,0.508873462677002,0.006085251285417015,0.15682967243289683
21,643,1,0.9018232819074333,0.8626696243782291,0.49360159039497375,0.003344714590418207,-0.7031187759856636
21,644,1,0.9032258064516129,0.8591408893513554,0.49471381306648254,0.0040736701217631505,-0.5653554525013913
21,645,1,0.9046283309957924,0.860811031657728,0.4963684678077698,0.003465817296321231,-0.6006014961633926
21,646,1,0.906030855539972,0.8642378111770986,0.48150545358657837,0.0018184503086882808,-1.2927838234035716
21,647,1,0.9074333800841514,0.8607464862752907,0.4982064962387085,0.004560306888800572,-0.3885733173409501
21,648,1,0.908835904628331,0.8563003780412137,0.5347575545310974,0.00852563059714295,1.3014500166223382
21,649,1,0.9102384291725105,0.8624117219714507,0.49287039041519165,0.004041439999891375,-0.6267799840636499
21,650,1,0.9116409537166901,0.8655216444806697,0.5008511543273926,0.003237237658023035,-0.494801306867659
21,651,1,0.9130434782608695,0.8618132794184881,0.4898156225681305,0.0036250105715007076,-0.7800923240985576
21,652,1,0.9144460028050491,0.8644001703096287,0.4940881133079529,0.0024549272481046436,-0.8144051748601271
21,653,1,0.9158485273492286,0.8591708676754349,0.5009925961494446,0.007957790392612848,0.17956434041076288
21,654,1,0.9172510518934082,0.8613420924764652,0.49272024631500244,0.005343573613496081,-0.44659420187827836
21,655,1,0.9186535764375876,0.8570254764028694,0.501150369644165,0.008248080090123313,0.22563175381751052
21,656,1,0.9200561009817672,0.8642170260900194,0.49221792817115784,0.0031055556791267707,-0.7797346707966932
21,657,1,0.9214586255259467,0.8566853574463327,0.4970225691795349,0.007345462237853065,-0.029778574032852334
21,658,1,0.9228611500701263,0.8626718260076991,0.5059049129486084,0.0036804619839183256,-0.27603825086202616
21,659,1,0.9242636746143057,0.8594657400996308,0.5284039974212646,0.004276135410087809,0.5023653685312018
21,660,1,0.9256661991584852,0.8639035630207466,0.5092111229896545,0.003402829442536442,-0.2134821025402318
21,661,1,0.9270687237026648,0.8566828052479644,0.5108077526092529,0.007590770418626433,0.4301652786600331
21,662,1,0.9284712482468443,0.8701828237760164,0.520323634147644,0.005909886159017694,0.48505565957411734
21,663,1,0.9298737727910238,0.8576901447222468,0.5163062214851379,0.008460542336831243,0.7231842324966642
21,664,1,0.9312762973352033,0.8808374048245761,0.49206599593162537,0.015130616609844024,0.9223365222520659
21,665,1,0.9326788218793829,0.8714901944993771,0.5231138467788696,0.008443428852997627,0.9306981731642823
21,666,1,0.9340813464235624,0.8912418404734288,0.5091596245765686,0.017599744494886188,1.799944849099069
21,667,1,0.9354838709677419,0.8813262310414703,0.492586225271225,0.010006335714497529,0.2110739267368349
21,668,1,0.9368863955119214,0.9045149797607791,0.5052927136421204,0.01969910802807751,1.9786613429915143
21,669,1,0.938288920056101,0.8973502238985825,0.5068165063858032,0.01091572716752617,0.7789998504191172
21,670,1,0.9396914446002805,0.9074840057840867,0.4980328679084778,0.010283732967533018,0.41841689535160803
21,671,1,0.94109396914446,0.90642183857764,0.4969327747821808,0.007612241846605534,0.005317135447421073
21,672,1,0.9424964936886395,0.9142547331127037,0.49332788586616516,0.006720017084443061,-0.23249180102808867
21,673,1,0.9438990182328191,0.911320858938215,0.49530836939811707,0.0037732783005442532,-0.589655311588656
21,674,1,0.9453015427769986,0.9151435427947582,0.49162089824676514,0.0026736064367764616,-0.8594546862129362
21,675,1,0.9467040673211781,0.9161991083054553,0.5000983476638794,0.0021955037933039994,-0.6658741288788299
21,676,1,0.9481065918653576,0.920325030665587,0.5040796995162964,0.0025035158548154827,-0.499374552216422
21,677,1,0.9495091164095372,0.9216052064452634,0.509037435054779,0.0023444201610305603,-0.3690620615872296
21,678,1,0.9509116409537167,0.9239998400408943,0.5058072209358215,0.0020896639651398234,-0.5048382382556411
21,679,1,0.9523141654978962,0.9257199147236468,0.5151611566543579,0.0015956643363582738,-0.2864837023039118
21,680,1,0.9537166900420757,0.9068936818203528,0.5549811124801636,0.0196107701714836,3.4984824583804577
21,681,1,0.9551192145862553,0.9243851889846124,0.5987456440925598,0.006788788573447533,3.028287015332405
21,682,1,0.9565217391304348,0.9264314050887503,0.5815165042877197,0.006047002599089373,2.3916669620200754
21,683,1,0.9579242636746143,0.9244978845334689,0.5470893979072571,0.006598546086625122,1.4082388863265547
21,684,1,0.9593267882187938,0.921915855317099,0.5747250318527222,0.006865662342667938,2.2984172783698464
21,685,1,0.9607293127629734,0.9210493556913498,0.574532687664032,0.0068501818126213395,2.2902883008170516
21,686,1,0.9621318373071529,0.9250872410375826,0.5634416341781616,0.0034278012626380184,1.4624973394466168
21,687,1,0.9635343618513323,0.9100726063739316,0.5786153674125671,0.01665693179393196,3.8081000705342163
21,688,1,0.9649368863955119,0.9172490018990687,0.5922927856445312,0.008744023686881406,3.106797878781041
21,689,1,0.9663394109396914,0.9089163252215263,0.5839464068412781,0.013040180051945348,3.459168455882332
21,690,1,0.967741935483871,0.9248696429075561,0.5533204674720764,0.008928757534944353,1.9311358031070642
21,691,1,0.9691444600280504,0.9113363499419611,0.5489336252212524,0.007532498181548078,1.5976726165905313
21,692,1,0.97054698457223,0.931658103649595,0.5251726508140564,0.012473319634078441,1.5661661376446308
21,693,1,0.9719495091164095,0.9143493942781813,0.5363902449607849,0.008507405733881543,1.3492144550365455
21,694,1,0.9733520336605891,0.9219326820377742,0.5204594135284424,0.008428891388849884,0.8467737584940723
21,695,1,0.9747545582047685,0.9035346958603712,0.5144914388656616,0.01987639063949525,2.287506593779946
21,696,1,0.9761570827489481,0.9352643606830583,0.5134707093238831,0.014874122405248526,1.5460394491102603
21,697,1,0.9775596072931276,0.9252683558379317,0.5245870351791382,0.009109847340972317,1.0707173648737398
21,698,1,0.9789621318373072,0.9332738341551361,0.5162405371665955,0.010613901400520254,1.02679194642984
21,699,1,0.9803646563814866,0.9327614580741647,0.5174893736839294,0.009215394980375193,0.8668106411481864
21,700,1,0.9817671809256662,0.9495996176159243,0.5187581181526184,0.01436566140536308,1.6369322842614862
21,701,1,0.9831697054698457,0.9420180277637887,0.5129456520080566,0.007709443050676525,0.5129403607789594
21,702,1,0.9845722300140253,0.9515141467146795,0.5145643949508667,0.008988475349255332,0.7443986689705178
21,703,1,0.9859747545582047,0.949727329773586,0.502422571182251,0.005865178818564887,-0.07334740740523887
21,704,1,0.9873772791023843,0.9594918839791767,0.5180924534797668,0.007685149489193607,0.668216439448827
21,705,1,0.9887798036465638,0.955754420458914,0.5100386738777161,0.004096777484522674,-0.08946660794021165
21,706,0,0.9901823281907434,0.9602622242076433,0.5073344707489014,0.0035999364480278533,-0.24338083653989412
21,707,0,0.9915848527349228,0.9608618527967903,0.5116714835166931,0.002849698683982305,-0.2161137987449604
21,708,0,0.9929873772791024,0.965043805069817,0.5067330598831177,0.0024568583592680998,-0.4241688277286436
21,709,0,0.9943899018232819,0.9636775716662604,0.5070872902870178,0.0014829703753016172,-0.5514717273491622
21,710,0,0.9957924263674615,0.9688927227412644,0.5145001411437988,0.002839405283148108,-0.13034073989779654
21,711,0,0.9971949509116409,0.9646664891666094,0.5031634569168091,0.0035444529249121755,-0.3798872591855391
21,712,0,0.9985974754558204,0.968939945482,0.506027340888977,0.0021165075491505975,-0.4942398776180112
