sequence,frame,valid,relative_phase,predicted_phase,feature_raw,time_raw,P3
03,8,0,0.01735357917570499,0.084163545665216,0.32308632135391235,nan,nan
03,9,0,0.019522776572668113,0.0840167945791301,0.32298514246940613,nan,nan
03,10,0,0.021691973969631236,0.08388046392732132,0.322142094373703,nan,nan
03,11,0,0.02386117136659436,0.08401881221522196,0.3218066096305847,nan,nan
03,12,0,0.026030368763557483,0.08382479383697672,0.3225165605545044,0.006688616753252105,0.0226939738007332
03,13,0,0.028199566160520606,0.0840790652812829,0.32190051674842834,0.006349657351886138,-0.015590489784468135
03,14,0,0.03036876355748373,0.08380051222220407,0.3186592757701874,0.006643778086503152,-0.030166657944146493
03,15,0,0.03253796095444685,0.08371666570531223,0.3173125386238098,0.006707636677115683,-0.04147098106323152
03,16,0,0.03470715835140998,0.0834739053271669,0.31891360878944397,0.0068748604277835525,-0.006163473448116897
03,17,0,0.0368763557483731,0.08348163479409405,0.3200807571411133,0.006779408833403955,2.6013605808075657e-05
03,18,0,0.039045553145336226,0.08344618104913974,0.3257282078266144,0.0066655049565610665,0.06127023455280843
03,19,1,0.04121475054229935,0.08323593529162386,0.32191914319992065,0.006787167920810866,0.023995259526568512
03,20,1,0.04338394793926247,0.08321120375789863,0.3124557137489319,0.0066917168511139965,-0.10438341037712501
03,21,1,0.0455531453362256,0.08311354640515804,0.3043663501739502,0.006723698811537515,-0.20390692998354557
03,22,1,0.04772234273318872,0.0829518655828392,0.30444666743278503,0.006793357536622355,-0.19662507837665844
03,23,1,0.049891540130151846,0.08275847124970666,0.30349045991897583,0.0068631730031797735,-0.20245007910160703
03,24,1,0.052060737527114966,0.08271967751778427,0.3072271943092346,0.006782600724622873,-0.16239498235044145
03,25,1,0.05422993492407809,0.08290984012389899,0.3069532513618469,0.006469556558479553,-0.19401809701463482
03,26,1,0.05639913232104121,0.08272865059991363,0.3056923449039459,0.006599819512150146,-0.19826347552526266
03,27,1,0.05856832971800434,0.0826157691967978,0.2997247278690338,0.006656897169534573,-0.26867153784569536
03,28,1,0.06073752711496746,0.08247289183031382,0.2992161810398102,0.006764099022791345,-0.2654672280303517
03,29,1,0.06290672451193059,0.08225061025605562,0.2994905412197113,0.006924684175181936,-0.24755108747786517
03,30,1,0.0650759219088937,0.08218715238987669,0.2967076897621155,0.006823334574400039,-0.29189352785098616
03,31,1,0.06724511930585683,0.08213966830550362,0.2986396253108978,0.0067354441062638494,-0.2753428553431675
03,32,1,0.06941431670281996,0.08188783549833657,0.3019408583641052,0.006868251690607366,-0.22160908104726165
03,33,1,0.07158351409978309,0.08151026187768097,0.29711565375328064,0.007099561228268656,-0.26188528402487565
03,34,1,0.0737527114967462,0.08159172171589744,0.29724937677383423,0.006833014295458501,-0.28416593011975955
03,35,1,0.07592190889370933,0.08207131486370133,0.3031109869480133,0.006204563479159804,-0.2664894126442517
03,36,1,0.07809110629067245,0.08333906557529758,0.2969416379928589,0.004919724407112995,-0.4601439184708732
03,37,1,0.08026030368763558,0.08530082405155692,0.2956767976284027,0.0033207734500939035,-0.6199656372490847
03,38,1,0.0824295010845987,0.08780434275309625,0.2981659770011902,0.0017648952920235861,-0.7283927381505331
03,39,1,0.08459869848156182,0.09116044581642342,0.2975447475910187,0.000688292230448057,-0.8330869601006544
03,40,1,0.08676789587852494,0.09379266336943436,0.2861006557941437,0.0003979873268343281,-1.0040633085510027
03,41,1,0.08893709327548807,0.0963922697579449,0.2949972450733185,0.00038419426681066344,-0.8926855230964541
03,42,1,0.0911062906724512,0.09868708056502101,0.29990142583847046,0.00034042006386736335,-0.8345425516172384
03,43,1,0.09327548806941431,0.10042829432925617,0.3136201798915863,0.001073327041456238,-0.5949642719289022
03,44,1,0.09544468546637744,0.10194131866969934,0.3358743488788605,0.0018772648292212624,-0.2409510573295308
03,45,1,0.09761388286334056,0.10408023102485865,0.3241783082485199,0.001775516299128197,-0.3981578506103499
03,46,1,0.09978308026030369,0.10734914193157359,0.31025466322898865,0.0008708588973324041,-0.6557770993327229
03,47,1,0.1019522776572668,0.11168872299471387,0.2965710461139679,0.0017454700123604471,-0.750329447448935
03,48,1,0.10412147505422993,0.11689223346198306,0.2883094847202301,0.004133873313265203,-0.6400947926914742
03,49,1,0.10629067245119306,0.12221954569610806,0.28194460272789,0.005723456849319244,-0.5776971687190342
03,50,1,0.10845986984815618,0.12562789259970494,0.2941545844078064,0.004596975085103818,-0.5244523764024588
03,51,1,0.11062906724511931,0.12978258163180162,0.2890647351741791,0.004181976450167659,-0.6262079561278882
03,52,1,0.11279826464208242,0.1332550753460893,0.2845601439476013,0.003131005505183362,-0.7777547236971334
03,53,1,0.11496746203904555,0.1366113202055989,0.28803402185440063,0.002396539893666424,-0.7998385822576743
03,54,1,0.11713665943600868,0.14048254095814824,0.285491019487381,0.002669817018843059,-0.8074507157840971
03,55,1,0.1193058568329718,0.143526711839002,0.28972887992858887,0.00200032581008597,-0.8140197900590955
03,56,1,0.12147505422993492,0.14860345528406713,0.2959384322166443,0.0036410367033510326,-0.5878490400965452
03,57,1,0.12364425162689804,0.1545866747819407,0.30303651094436646,0.005787161216730149,-0.30497358572951705
03,58,1,0.12581344902386118,0.1617481967441023,0.30088454484939575,0.008454844534806303,-0.09228141076860402
03,59,1,0.1279826464208243,0.1699683904213486,0.29673898220062256,0.011358624265564058,0.11640928192820571
03,60,1,0.1301518438177874,0.18023657154556516,0.29552868008613586,0.015016385744193981,0.4300698292395647
03,61,1,0.13232104121475055,0.19249964860716498,0.3171202540397644,0.019371183740419295,1.0950620298170677
03,62,1,0.13449023861171366,0.20480554314041188,0.3158518671989441,0.022198834817360125,1.3333266755514535
03,63,1,0.13665943600867678,0.215444769116331,0.3146551251411438,0.022073724194201866,1.306925074755369
03,64,1,0.13882863340563992,0.225207468499209,0.3130982220172882,0.020467328903334275,1.142736703222757
03,65,1,0.14099783080260303,0.23717317042598546,0.3128518760204315,0.021190306591699737,1.2046433579699145
03,66,1,0.14316702819956617,0.24629940265766992,0.31507042050361633,0.019148158368679086,1.0490549759132872
03,67,1,0.14533622559652928,0.2527835639416291,0.31969067454338074,0.015258854773323786,0.7577345993638729
03,68,1,0.1475054229934924,0.2604179701820287,0.329139769077301,0.013558562307398856,0.7244215521856051
03,69,1,0.14967462039045554,0.2664102942938092,0.32620081305503845,0.0107482609984744,0.43445829578036865
03,70,1,0.15184381778741865,0.2683163538876548,0.3255954682826996,0.005690711127142563,-0.028083607092594665
03,71,1,0.1540130151843818,0.27176826998197673,0.32215651869773865,0.003292717912189771,-0.28729284193557286
03,72,1,0.1561822125813449,0.2740180334709885,0.32029810547828674,0.0010623587528243166,-0.5114175951995348
03,73,1,0.15835140997830802,0.2740069681090194,0.32316890358924866,0.002614776293094379,-0.3354519475055988
03,74,1,0.16052060737527116,0.2735994787797657,0.32460811734199524,0.004921434076150655,-0.10977132725271183
03,75,1,0.16268980477223427,0.2747142229976945,0.32264938950538635,0.005127471081249611,-0.11603498172098448
03,76,1,0.1648590021691974,0.274228501125113,0.3246934413909912,0.006349681207760539,0.01976616434477735
03,77,1,0.16702819956616052,0.2746047916715919,0.3284161686897278,0.006026007574812737,0.03777926846378861
03,78,1,0.16919739696312364,0.27443165661502245,0.32514137029647827,0.006348598522025334,0.02533893859861191
03,79,1,0.17136659436008678,0.2769293287115148,0.3243175446987152,0.004058970884347117,-0.19102002922668915
03,80,1,0.1735357917570499,0.27823216475262924,0.3232608437538147,0.00330991127168778,-0.2717672545643444
03,81,1,0.175704989154013,0.2807410251040209,0.3240789771080017,0.0018019668271752032,-0.3970362670711577
03,82,1,0.17787418655097614,0.2836973186610122,0.32576772570610046,0.0006943514648743701,-0.475278672535398
03,83,1,0.18004338394793926,0.2876639640673444,0.32383477687835693,0.0012704982665436037,-0.4479281024836527
03,84,1,0.1822125813449024,0.291631289018418,0.32173866033554077,0.002554164378659798,-0.3590082931437527
03,85,1,0.1843817787418655,0.29657165559084947,0.31839215755462646,0.004144749884644085,-0.25831210426264006
03,86,1,0.18655097613882862,0.3034066959423006,0.318291574716568,0.007022132614388057,-0.0007918029965107384
03,87,1,0.18872017353579176,0.30962850438767414,0.31847384572029114,0.008316596739439523,0.11794037673249731
03,88,1,0.19088937093275488,0.31518342826872336,0.33097144961357117,0.008380385540406324,0.2818797156780728
03,89,1,0.19305856832971802,0.3201553789073576,0.3334486484527588,0.007464301366464257,0.2308444150072983
03,90,1,0.19522776572668113,0.3244512848000669,0.3391456604003906,0.005864276430046502,0.1590533871985716
03,91,1,0.19739696312364424,0.3273089141824879,0.33630192279815674,0.003460758598025889,-0.09311818620159618
03,92,1,0.19956616052060738,0.33259338146924317,0.3357849717140198,0.004325123436077745,-0.021920566743647896
03,93,1,0.2017353579175705,0.3360233228019828,0.3360643684864044,0.0034025764686874426,-0.10135822640566461
03,94,1,0.2039045553145336,0.3395809467539436,0.3349454998970032,0.0029932144469919397,-0.15233980062060398
03,95,1,0.20607375271149675,0.34369110961702165,0.33436867594718933,0.003320961821600745,-0.13016378611724935
03,96,1,0.20824295010845986,0.3482719317932504,0.33765366673469543,0.0038062351391960647,-0.04493463539800002
03,97,1,0.210412147505423,0.3443404477510734,0.3377227783203125,0.004044886483982724,-0.022595333711089877
03,98,1,0.21258134490238612,0.34024648573136834,0.3354060649871826,0.010218129740960421,0.5033035484413282
03,99,1,0.21475054229934923,0.3407278868628842,0.3360269367694855,0.009903113353800754,0.48283015040720223
03,100,1,0.21691973969631237,0.3381285169318172,0.3354666531085968,0.011761677596333352,0.6428981345584011
03,101,1,0.21908893709327548,0.33533641226588073,0.33254295587539673,0.012017928546911551,0.628935593585641
03,102,1,0.22125813449023862,0.3314829311878594,0.3326529264450073,0.01362040075363474,0.7744549839464371
03,103,1,0.22342733188720174,0.3274605076364551,0.33762818574905396,0.01545193566916175,1.0021641437002338
03,104,1,0.22559652928416485,0.3224805246391234,0.3367687165737152,0.017115073859886195,1.1408681218679904
03,105,1,0.227765726681128,0.3186440044099966,0.3322635293006897,0.01703959601583958,1.0770502472938632
03,106,1,0.2299349240780911,0.31643862537003137,0.3318893015384674,0.015071873091833745,0.8953348616280445
03,107,1,0.23210412147505424,0.31523438292009565,0.337135374546051,0.012515039087312465,0.731779594421477
03,108,1,0.23427331887201736,0.31113220589147145,0.3175695538520813,0.013560684936846795,0.578149766810917
03,109,1,0.23644251626898047,0.31083423140834693,0.3166639506816864,0.011021579733058322,0.3383174467905268
03,110,1,0.2386117136659436,0.31517818782987356,0.33550846576690674,0.005598456973181299,0.08910364245480418
03,111,1,0.24078091106290672,0.3184404933263426,0.33374089002609253,0.002685944990739291,-0.19522447225743253
03,112,1,0.24295010845986983,0.32089252306511484,0.33122730255126953,0.0008900699948984347,-0.38856504478976284
03,113,1,0.24511930585683298,0.32982476171397246,0.3238026797771454,0.006994896313046453,0.06652140761773744
03,114,1,0.2472885032537961,0.3403749461978596,0.32460474967956543,0.012797448220527197,0.5985595073663185
03,115,1,0.24945770065075923,0.3460843092728473,0.32158976793289185,0.012207621703518415,0.5073447145372971
03,116,1,0.25162689804772237,0.3549012155482393,0.32090356945991516,0.014113573992284249,0.6700809032521227
03,117,1,0.25379609544468545,0.3674934679359928,0.3229699730873108,0.018203653259256658,1.0641028719718773
03,118,1,0.2559652928416486,0.38013622000707264,0.3347470462322235,0.021429228774831444,1.5032943072074192
03,119,1,0.25813449023861174,0.3912634355959521,0.3356945514678955,0.02261612591140763,1.622038639118656
03,120,1,0.2603036876355748,0.40335583123475477,0.3336728811264038,0.023413739969434078,1.6681850179196167
03,121,1,0.26247288503253796,0.4180954152309997,0.3337317407131195,0.02603967004405014,1.905107833115896
03,122,1,0.2646420824295011,0.4288983633286074,0.33741384744644165,0.02419213131790615,1.7855493918762528
03,123,1,0.2668112798264642,0.4452706596355446,0.34198540449142456,0.028373891794459566,2.2195289523534787
03,124,1,0.26898047722342733,0.4596427908844005,0.34744200110435486,0.029244217033417425,2.3668793889957445
03,125,1,0.27114967462039047,0.4724992256465921,0.35110703110694885,0.028028911883197533,2.303968249603439
03,126,1,0.27331887201735355,0.4845902886148051,0.3572600185871124,0.026519022247512403,2.2460560558039395
03,127,1,0.2754880694143167,0.49622631498838377,0.35793212056159973,0.024232067299541693,2.0488738161260764
03,128,1,0.27765726681127983,0.5118545355631694,0.34913384914398193,0.027121374036117557,2.197366032037611
03,129,1,0.279826464208243,0.5241998104717281,0.35038235783576965,0.026413712774984055,2.149522920045675
03,130,1,0.28199566160520606,0.5372539142223528,0.35115498304367065,0.026542670319324696,2.1709017908160617
03,131,1,0.2841648590021692,0.547768876996944,0.35580942034721375,0.023891726692028964,1.991392969188307
03,132,1,0.28633405639913234,0.5596428628531356,0.3670441508293152,0.022880072046080502,2.0426200695663965
03,133,1,0.2885032537960954,0.5686755895139801,0.3756065368652344,0.019965716884433493,1.8888890051189222
03,134,1,0.29067245119305857,0.5750709770630569,0.3681749701499939,0.015242159672947262,1.3699762085115477
03,135,1,0.2928416485900217,0.5803403920824707,0.3671302795410156,0.011057308982185047,0.9803638944728765
03,136,1,0.2950108459869848,0.5837075674786157,0.37172168493270874,0.006281605606948433,0.608955003450305
03,137,1,0.29718004338394793,0.5819026550699221,0.3720378875732422,0.002958210541281036,0.3140495278322821
03,138,1,0.2993492407809111,0.5818990845428711,0.37130454182624817,0.004849819874151754,0.47489888408083275
03,139,1,0.30151843817787416,0.577989334525876,0.3696850538253784,0.010466596761100424,0.9595747398960685
03,140,1,0.3036876355748373,0.5743359503691048,0.3647680878639221,0.013532216528722937,1.173056539221828
03,141,1,0.30585683297180044,0.5711787614158121,0.36781591176986694,0.014346501204637842,1.2848749699708244
03,142,1,0.3080260303687636,0.5670796096882975,0.3600098490715027,0.015764679518624976,1.3136129785593473
03,143,1,0.31019522776572667,0.5616894875394861,0.3576367497444153,0.01744993295379299,1.4351455805079893
03,144,1,0.3123644251626898,0.5589261045476864,0.35376641154289246,0.0161383541989952,1.2681883429452838
03,145,1,0.31453362255965295,0.5570930547410733,0.3570880591869354,0.014118942550253751,1.128608640862476
03,146,1,0.31670281995661603,0.5566645921669855,0.35171273350715637,0.011025978455656834,0.7823815004324577
03,147,1,0.3188720173535792,0.5588493012649629,0.35582107305526733,0.006237514977351419,0.40371002202639295
03,148,1,0.3210412147505423,0.5551313218034912,0.3415774405002594,0.009245447870192294,0.4939409118725173
03,149,1,0.3232104121475054,0.5521740886824291,0.337805837392807,0.011253985305205601,0.6268467755682366
03,150,1,0.32537960954446854,0.5521948707674136,0.338726282119751,0.010003461705560098,0.5260254676489762
03,151,1,0.3275488069414317,0.5558080098372957,0.33571597933769226,0.005780760522024751,0.10812696437913111
03,152,1,0.3297180043383948,0.5580013069404598,0.3364194929599762,0.0026250878148246213,-0.16679064734278207
03,153,1,0.3318872017353579,0.5610118594550904,0.3338125944137573,0.0007497037131588839,-0.36846350411087075
03,154,1,0.33405639913232105,0.5630107854305326,0.35002022981643677,0.00044988494979306083,-0.19026345381644938
03,155,1,0.3362255965292842,0.564425205743414,0.3532223403453827,0.0015262911659370804,-0.052916601336935876
03,156,1,0.3383947939262473,0.5658885335354004,0.35119134187698364,0.0022172623504803347,-0.016479827927630364
03,157,1,0.3405639913232104,0.5663741153428417,0.35273802280426025,0.003703487191774183,0.13677094218926672
03,158,1,0.34273318872017355,0.566587941630069,0.3506038188934326,0.004830224876484683,0.21109438142198841
03,159,1,0.34490238611713664,0.571315906425439,0.34995537996292114,0.0020618302299824903,-0.04610503085939932
03,160,1,0.3470715835140998,0.5719781753359529,0.35158559679985046,0.0021546696465304647,-0.017118739161829155
03,161,1,0.3492407809110629,0.5722556765581618,0.3497750461101532,0.003301864618920317,0.06314163668039308
03,162,1,0.351409978308026,0.5710728848430818,0.35286927223205566,0.005955046637830305,0.3409389910105258
03,163,1,0.35357917570498915,0.5696924935687657,0.35146549344062805,0.008456673715399623,0.5481669693307831
03,164,1,0.3557483731019523,0.5691589670643881,0.3505304455757141,0.008584347005608974,0.5478135876520005
03,165,1,0.3579175704989154,0.5668392286149528,0.3529135584831238,0.010199283387153004,0.723228807021717
03,166,1,0.3600867678958785,0.5655886501056369,0.3523990213871002,0.010095749910666748,0.7074036257475657
03,167,1,0.36225596529284165,0.5657097270657198,0.3515540063381195,0.008603614266222605,0.5625033402660072
03,168,1,0.3644251626898048,0.5672835320680274,0.3533344268798828,0.006034117638153478,0.3539388898894509
03,169,1,0.3665943600867679,0.5667151966868549,0.35339275002479553,0.006133594270235824,0.3636241674111912
03,170,1,0.368763557483731,0.567276177516691,0.35457274317741394,0.005541605458375202,0.3253173946796629
03,171,1,0.37093275488069416,0.5640765913568984,0.35945379734039307,0.009163073470931395,0.7128217122686227
03,172,1,0.37310195227765725,0.5619717508586016,0.3392719328403473,0.01085963004202278,0.6099369372123725
03,173,1,0.3752711496746204,0.5638940430230466,0.3545147180557251,0.007609392575221388,0.5105608990111388
03,174,1,0.3774403470715835,0.5642118696609795,0.35836437344551086,0.006586277521336418,0.46727255128954676
03,175,1,0.3796095444685466,0.5651171201909133,0.3567746877670288,0.004914950027474689,0.2968291570802296
03,176,1,0.38177874186550975,0.5670429610622638,0.3591279685497284,0.003249241364627923,0.17680354877366
03,177,1,0.3839479392624729,0.5687790180307815,0.3594152629375458,0.0027809869470258298,0.1383252078918642
03,178,1,0.38611713665943603,0.573851090332635,0.35941025614738464,0.001445036461871441,0.01810563620897354
03,179,1,0.3882863340563991,0.5762042386582085,0.3609372079372406,0.0011353118964681514,0.009577889811641871
03,180,1,0.39045553145336226,0.5787329836374893,0.35407164692878723,0.0009609348770469603,-0.09301405701581472
03,181,1,0.3926247288503254,0.5812090892796062,0.35470154881477356,0.0006964803082860067,-0.10882558614767224
03,182,1,0.3947939262472885,0.5842230110348279,0.3536062240600586,0.00023899890804540734,-0.16383701438031262
03,183,1,0.3969631236442516,0.5853409738177953,0.3529006242752075,0.0012448633282441924,-0.08230086506930262
03,184,1,0.39913232104121477,0.58402708356236,0.35075971484184265,0.004842937373576159,0.21421117512263055
03,185,1,0.40130151843817785,0.5857507932436463,0.3492281436920166,0.00444275267350752,0.15883077920896418
03,186,1,0.403470715835141,0.5885918517189557,0.35388126969337463,0.002858948128161563,0.07528449127299597
03,187,1,0.40563991323210413,0.5919662763170773,0.3557380437850952,0.0014272481830456822,-0.029979310050412544
03,188,1,0.4078091106290672,0.5945965894348403,0.35521402955055237,0.0005190817308239636,-0.11829363395532189
03,189,1,0.40997830802603036,0.5972839193030226,0.3562418222427368,0.0005640351308862112,-0.10124008416524438
03,190,1,0.4121475054229935,0.5998313413321611,0.3569191098213196,0.00025316592931268374,-0.12062633697529429
03,191,1,0.41431670281995664,0.6010365039763805,0.3613229990005493,0.0013765341139012877,0.03615713533709308
03,192,1,0.4164859002169197,0.6027543787685306,0.35575687885284424,0.0019262162365770697,0.015136603298553486
03,193,1,0.41865509761388287,0.6045555153119264,0.3579581081867218,0.002164527026603772,0.06443489539220515
03,194,1,0.420824295010846,0.6047387220060194,0.3554173707962036,0.0037992193347367287,0.17929793631911534
03,195,1,0.4229934924078091,0.6061179787835301,0.3585461676120758,0.0036468077256905907,0.20519612336204723
03,196,1,0.42516268980477223,0.6066887111536095,0.35708287358283997,0.004346444057398672,0.24959858725285605
03,197,1,0.42733188720173537,0.6079696898205478,0.35835573077201843,0.004049048486730071,0.23896323683895027
03,198,1,0.42950108459869846,0.6089716652758628,0.3621158003807068,0.003900616658570414,0.2732103958871486
03,199,1,0.4316702819956616,0.6103874153180038,0.3618135452270508,0.0035431024338902473,0.23722922450545936
03,200,1,0.43383947939262474,0.6129613610748236,0.35766512155532837,0.0020365158106888637,0.049212689591572545
03,201,1,0.4360086767895879,0.6139306415811123,0.35462144017219543,0.0026353977847036448,0.06454775856490447
03,202,1,0.43817787418655096,0.6140555327781377,0.3572334051132202,0.00400074452781937,0.22041168100236386
03,203,1,0.4403470715835141,0.61362436478024,0.3570709526538849,0.005702879401285885,0.37144629831008297
03,204,1,0.44251626898047725,0.6133147695112857,0.35555097460746765,0.006821712035799174,0.45283399046616524
03,205,1,0.44468546637744033,0.6121873396350874,0.35312268137931824,0.008037494021113003,0.5314433695671805
03,206,1,0.44685466377440347,0.6115394654723147,0.3559037148952484,0.008249542697379455,0.5857191389932014
03,207,1,0.4490238611713666,0.6103311493228494,0.35630014538764954,0.00882884202038908,0.6428399236376845
03,208,1,0.4511930585683297,0.6096772219543178,0.35509663820266724,0.00865946552457297,0.6123713865237845
03,209,1,0.45336225596529284,0.6094342899225857,0.3545638620853424,0.00799301066706309,0.5456858361488165
03,210,1,0.455531453362256,0.6080780339252847,0.35290777683258057,0.00866100423623872,0.5848018644104546
03,211,1,0.45770065075921906,0.6065824187589663,0.35180822014808655,0.009291261515799561,0.6275687390813355
03,212,1,0.4598698481561822,0.6059314741901198,0.3511503338813782,0.009005023443675316,0.593496396798128
03,213,1,0.46203904555314534,0.6044322762584325,0.3534812331199646,0.009567784434313106,0.6736173748206464
03,214,1,0.4642082429501085,0.6020651356228512,0.3549429178237915,0.010684421653856104,0.792551278259437
03,215,1,0.46637744034707157,0.600248055672314,0.3524601459503174,0.010998277028785,0.7893512105673048
03,216,1,0.4685466377440347,0.5982869544158494,0.3542214632034302,0.011375787513586446,0.8456005372957041
03,217,1,0.47071583514099785,0.5966794388359489,0.3554173707962036,0.011072173149919425,0.8334317909289303
03,218,1,0.47288503253796094,0.5945188655066267,0.3530130684375763,0.011294537123620687,0.8229962453986008
03,219,1,0.4750542299349241,0.5933418582338625,0.35695549845695496,0.010584976867328701,0.8090836020518652
03,220,1,0.4772234273318872,0.5930960257853102,0.35598140954971313,0.009104259956268203,0.663576430338938
03,221,1,0.4793926247288503,0.5923572584908973,0.35667774081230164,0.008545295093046298,0.6221173703484186
03,222,1,0.48156182212581344,0.5921399828681442,0.36006835103034973,0.007682025629536485,0.587394763474579
03,223,1,0.4837310195227766,0.5933621684870906,0.3590567111968994,0.005865119350969476,0.4111751751372389
03,224,1,0.48590021691973967,0.5936720750463715,0.35854941606521606,0.005560290354995499,0.37733702649012724
03,225,1,0.4880694143167028,0.5937118088999471,0.35893145203590393,0.005664568816685254,0.3915519337871338
03,226,1,0.49023861171366595,0.5942554166513329,0.35784634947776794,0.005459598667561986,0.3593809185149676
03,227,1,0.4924078091106291,0.5948497112128686,0.35815632343292236,0.005394162551823454,0.357419390273094
03,228,1,0.4945770065075922,0.5960323318363066,0.3581744134426117,0.004583427609829964,0.28473039454482574
03,229,1,0.4967462039045553,0.5977866895157029,0.36163973808288574,0.0034191341279173593,0.22387928560733106
03,230,1,0.49891540130151846,0.5991282508093052,0.3615778684616089,0.0030962929882540047,0.1940595760801187
03,231,1,0.5010845986984815,0.6009595293218416,0.3605140447616577,0.0024832230152106983,0.12545317689684637
03,232,1,0.5032537960954447,0.6029138661694243,0.3611011207103729,0.0020563406948712316,0.0944906814830982
03,233,1,0.5054229934924078,0.6038000055724091,0.3623771071434021,0.0028905848751659114,0.1856753049358505
03,234,1,0.5075921908893709,0.6057956816346823,0.36465224623680115,0.002398237827069214,0.17019338407959633
03,235,1,0.5097613882863341,0.6080062065619841,0.36029478907585144,0.001854570606111714,0.06613633044970935
03,236,1,0.5119305856832972,0.6097108090413883,0.3581373989582062,0.001911637436743161,0.04395942277479592
03,237,1,0.5140997830802603,0.6114976860289262,0.3607066571712494,0.0018239961671962768,0.0686001193517749
03,238,1,0.5162689804772235,0.6119812638976372,0.3577495515346527,0.0032648384126145436,0.16075753068758586
03,239,1,0.5184381778741866,0.6131469023895979,0.35733452439308167,0.0036455954863925367,0.18974939017035125
03,240,1,0.5206073752711496,0.6135440969608987,0.35839685797691345,0.0045335748719951535,0.2830624450185067
03,241,1,0.5227765726681128,0.614104685841162,0.3584718406200409,0.004931307971609537,0.31978397507706313
03,242,1,0.5249457700650759,0.6128955438535971,0.35785675048828125,0.006792199912233313,0.47936754075142257
03,243,1,0.527114967462039,0.6098982872363534,0.35529690980911255,0.010018026518467001,0.7370963396944612
03,244,1,0.5292841648590022,0.6051305975647803,0.3590417206287384,0.01397356240172903,1.1402636761592149
03,245,1,0.5314533622559653,0.6021445348070396,0.3566248118877411,0.01485625031044013,1.1890584846619507
03,246,1,0.5336225596529284,0.5970381623215193,0.3560205399990082,0.01697258503742979,1.371753672457909
03,247,1,0.5357917570498916,0.5935537711662529,0.35084447264671326,0.016492630809676775,1.2630645470709037
03,248,1,0.5379609544468547,0.5896958330834934,0.3542974293231964,0.016264439874911104,1.2862505049906325
03,249,1,0.5401301518438177,0.5872221914710852,0.35064074397087097,0.014879390366997532,1.115389808954333
03,250,1,0.5422993492407809,0.5848702845163536,0.3499149978160858,0.013500711487740593,0.9822036703027279
03,251,1,0.544468546637744,0.5827030375667065,0.34771183133125305,0.012625988986096261,0.8756416032438394
03,252,1,0.5466377440347071,0.5815419405432489,0.3487246632575989,0.01107440260966724,0.7489120198793439
03,253,1,0.5488069414316703,0.5828310499624817,0.35575854778289795,0.0077468200553733576,0.5386663492045664
03,254,1,0.5509761388286334,0.5863778279778706,0.3564733862876892,0.003576944371826705,0.17267406695173437
03,255,1,0.5531453362255966,0.5883900556794541,0.3531523048877716,0.0016490150877129226,-0.04276528842036037
03,256,1,0.5553145336225597,0.5931458066724833,0.3579777777194977,0.0018670816382129495,0.03793146637867739
03,257,1,0.5574837310195228,0.5991193653268614,0.35754069685935974,0.004939673760282456,0.3087494252039565
03,258,1,0.559652928416486,0.607244008777635,0.35569819808006287,0.008992238369961107,0.649916081309985
03,259,1,0.561822125813449,0.6181428385181528,0.35388872027397156,0.014674522910537835,1.1380787305720763
03,260,1,0.5639913232104121,0.6318351116785366,0.37591496109962463,0.02092860036124697,1.9793955442240727
03,261,1,0.5661605206073753,0.6441023926762846,0.3893685042858124,0.023523555107481636,2.3830903261959193
03,262,1,0.5683297180043384,0.6565339666518033,0.38887637853622437,0.024709372245644595,2.483513813403414
03,263,1,0.5704989154013015,0.6653754211385576,0.3836480379104614,0.02122833726385684,2.104243967836254
03,264,1,0.5726681127982647,0.6729965272216292,0.3714853525161743,0.017041297691827165,1.5736965650160943
03,265,1,0.5748373101952278,0.6799137267437385,0.3735451400279999,0.013668143328163355,1.2963870469669236
03,266,1,0.5770065075921909,0.6860870796415224,0.3712127208709717,0.010888662709083733,1.016873727966692
03,267,1,0.579175704989154,0.6907105215734815,0.3922707140445709,0.008123826393613035,1.0347673383349414
03,268,1,0.5813449023861171,0.6941644132111917,0.39383944869041443,0.005243942922592339,0.7956068614930627
03,269,1,0.5835140997830802,0.6963418599088291,0.38966888189315796,0.002339396072721713,0.48157663935822415
03,270,1,0.5856832971800434,0.6988467686155859,0.3837515115737915,0.0008297653788516554,0.2708939355211295
03,271,1,0.5878524945770065,0.6997368799865165,0.3856631815433502,0.0017725173342620893,0.3798846756806599
03,272,1,0.5900216919739696,0.6982993681399146,0.3748191297054291,0.005466618784122743,0.574863903079785
03,273,1,0.5921908893709328,0.6954474136281411,0.3763698637485504,0.0093523120280769,0.9439756159234776
03,274,1,0.5943600867678959,0.6916590317645481,0.3763657808303833,0.012917082321497877,1.2645415230652608
03,275,1,0.596529284164859,0.6883063084604488,0.37596169114112854,0.014472871412837731,1.399354924022385
03,276,1,0.5986984815618221,0.6802590115358926,0.3789510428905487,0.019662525455877017,1.9039565402451144
03,277,1,0.6008676789587852,0.6722875481819282,0.3807561695575714,0.023123899658836017,2.238124996307506
03,278,1,0.6030368763557483,0.6616342231715555,0.37024903297424316,0.027987258307655416,2.5425327962598625
03,279,1,0.6052060737527115,0.6532123974508042,0.36619988083839417,0.028902881880158604,2.5736279463022385
03,280,1,0.6073752711496746,0.6445195728508152,0.36542585492134094,0.028822228727736432,2.556575870674501
03,281,1,0.6095444685466378,0.640507020525819,0.3699165880680084,0.02389992138146327,2.1707069606211467
03,282,1,0.6117136659436009,0.6395027422142575,0.3692975640296936,0.016959067778997444,1.5386064234715628
03,283,1,0.613882863340564,0.6370861964467811,0.36415356397628784,0.013842743307149349,1.1932064945801892
03,284,1,0.6160520607375272,0.6360886963201706,0.3596891164779663,0.010808693182754067,0.8638085523250667
03,285,1,0.6182212581344902,0.635115219179777,0.35415610671043396,0.009674451190486568,0.691754000286379
03,286,1,0.6203904555314533,0.6321554420276194,0.34920722246170044,0.011286278006133629,0.7740767435512228
03,287,1,0.6225596529284165,0.6305052023136758,0.35120800137519836,0.011099692673417729,0.7826222008217422
03,288,1,0.6247288503253796,0.6326797355573431,0.34920579195022583,0.00727991089647406,0.41372356001319677
03,289,1,0.6268980477223427,0.6354104794248572,0.3425476551055908,0.00376359747330887,0.013181535494757035
03,290,1,0.6290672451193059,0.6368217359926795,0.3402329683303833,0.002359485331700826,-0.14240584566787762
03,291,1,0.631236442516269,0.6374843837365256,0.34345126152038574,0.002863411079119802,-0.05634338218741297
03,292,1,0.6334056399132321,0.6415447827461969,0.34640610218048096,0.0012793056312953282,-0.1614146438176724
03,293,1,0.6355748373101953,0.6430169813040272,0.3451273739337921,0.001460766850892302,-0.1612808182466124
03,294,1,0.6377440347071583,0.6472832117293108,0.34723538160324097,0.0010727342909470105,-0.16949628049818555
03,295,1,0.6399132321041214,0.6492353286612741,0.3458559215068817,0.0007829560600374212,-0.2130211393764368
03,296,1,0.6420824295010846,0.6515097354132942,0.3491649329662323,0.000604120348944164,-0.18721828740497864
03,297,1,0.6442516268980477,0.6507826701308386,0.3481895923614502,0.0034721506396444813,0.0583876434905683
03,298,1,0.6464208242950108,0.6470520751684067,0.3489666283130646,0.009144167808779215,0.5783684754044786
03,299,1,0.648590021691974,0.6456820221892235,0.3492301106452942,0.010456436647736319,0.6997300433543944
03,300,1,0.6507592190889371,0.6430061704857403,0.3466067910194397,0.012243961733206962,0.8272935812272434
03,301,1,0.6529284164859002,0.6414711743683372,0.3442094624042511,0.011653066618721532,0.7438013003983144
03,302,1,0.6550976138828634,0.6404526425879735,0.3428766429424286,0.010343724458459904,0.6091666515265884
03,303,1,0.6572668112798264,0.639122236909031,0.3440774083137512,0.010024271992294106,0.5956349093271611
03,304,1,0.6594360086767896,0.6403268029941627,0.347038209438324,0.0071797595871143345,0.3772773365475912
03,305,1,0.6616052060737527,0.6408417065367842,0.34698906540870667,0.005995014171598421,0.2700985245215174
03,306,1,0.6637744034707158,0.6432273958179642,0.34915149211883545,0.0034519579325301675,0.06874780096153704
03,307,1,0.665943600867679,0.6425120931473685,0.34743717312812805,0.004860948910623551,0.1737724258545777
03,308,1,0.6681127982646421,0.6421713237604911,0.35238969326019287,0.006049182357085234,0.34333481729251036
03,309,1,0.6702819956616052,0.6416523067676978,0.3520863354206085,0.00702932954146068,0.4276497617238327
03,310,1,0.6724511930585684,0.640576513136058,0.34725645184516907,0.00830777323082887,0.4814942070583073
03,311,1,0.6746203904555315,0.6399465941944791,0.34778305888175964,0.008274971501931263,0.485210106213939
03,312,1,0.6767895878524945,0.6389535816965495,0.3470483422279358,0.00862660926163852,0.5075361362016777
03,313,1,0.6789587852494577,0.6386610265872671,0.34801411628723145,0.008114728854935496,0.4737226485171255
03,314,1,0.6811279826464208,0.6377343622261296,0.35010233521461487,0.008293573170965348,0.516241936823936
03,315,1,0.6832971800433839,0.6372408622551363,0.3512590229511261,0.008076535414476473,0.5113634743776679
03,316,1,0.6854663774403471,0.6375865982700927,0.34893864393234253,0.0070543664146844294,0.3900562340334575
03,317,1,0.6876355748373102,0.6369700235460707,0.3480512797832489,0.007329195282092219,0.4035417227203872
03,318,1,0.6898047722342733,0.6363243132616232,0.3480488359928131,0.007552154806240605,0.423563901896042
03,319,1,0.6919739696312365,0.6363544013443456,0.3448594808578491,0.007169554482391591,0.3487798354059743
03,320,1,0.6941431670281996,0.6349729774372104,0.34779849648475647,0.008329363161829164,0.4902975433254723
03,321,1,0.6963123644251626,0.6338107349989666,0.3447836935520172,0.008838200391852399,0.4978994943675761
03,322,1,0.6984815618221258,0.6314595907311049,0.3442651033401489,0.010399522522938017,0.631761124244345
03,323,1,0.7006507592190889,0.6312088565967608,0.34531185030937195,0.009434076024652512,0.5581786320669762
03,324,1,0.702819956616052,0.6302572782499172,0.3442756235599518,0.009099268184599992,0.5149486357124324
03,325,1,0.7049891540130152,0.6295328323224711,0.3439132273197174,0.00864478931522272,0.46948510387857856
03,326,1,0.7071583514099783,0.6293893751571931,0.34488099813461304,0.007718770811376949,0.398449061972851
03,327,1,0.7093275488069414,0.6290659132453499,0.34255653619766235,0.007524678829742168,0.35156788428303737
03,328,1,0.7114967462039046,0.6296793747672189,0.340120404958725,0.006375481470020398,0.2173703758494373
03,329,1,0.7136659436008677,0.6292044499187963,0.3411267101764679,0.00670593044776843,0.2598295688761855
03,330,1,0.7158351409978309,0.6292229428726792,0.3454853594303131,0.0066053418929668236,0.30595695951683244
03,331,1,0.7180043383947939,0.6293664488445995,0.3479757010936737,0.006420227849918106,0.320831923202592
03,332,1,0.720173535791757,0.6290131096405713,0.3475595712661743,0.006848700953758638,0.35410143276366507
03,333,1,0.7223427331887202,0.6293283014955948,0.34398403763771057,0.006366942817073255,0.2655105746958983
03,334,1,0.7245119305856833,0.6296097405151846,0.3427566885948181,0.006116466691683113,0.2274460834832175
03,335,1,0.7266811279826464,0.6288762524060272,0.34147390723228455,0.006946654211466866,0.285875437170477
03,336,1,0.7288503253796096,0.6285970906616416,0.33971264958381653,0.007103266846209375,0.2776662206128908
03,337,1,0.7310195227765727,0.6286467560153357,0.3394621014595032,0.006949596747782835,0.2606734514105368
03,338,1,0.7331887201735358,0.6293871850130139,0.34192636609077454,0.006038781380039824,0.2099483014182518
03,339,1,0.735357917570499,0.6301303058834368,0.34469544887542725,0.0052400216340743305,0.1731600719353839
03,340,1,0.737527114967462,0.6316052169332307,0.34309637546539307,0.004078623953632813,0.0484612373208862
03,341,1,0.7396963123644251,0.6328916750174267,0.3444642126560211,0.0035441974373340546,0.017709494229404654
03,342,1,0.7418655097613883,0.6343600898981361,0.3441977798938751,0.0031370123071474388,-0.02228564713403558
03,343,1,0.7440347071583514,0.6354086597340809,0.34425294399261475,0.003331668692483162,-0.004079834267149196
03,344,1,0.7462039045553145,0.636276736940872,0.34351831674575806,0.0037831799483531415,0.02723000999554598
03,345,1,0.7483731019522777,0.6372470633623792,0.3426242768764496,0.003980733528756162,0.03368080748734381
03,346,1,0.7505422993492408,0.6383081106331684,0.345056414604187,0.0040085333442051434,0.06696859189174803
03,347,1,0.7527114967462039,0.638937713809683,0.3444438874721527,0.004365935351448606,0.09135980973942123
03,348,1,0.754880694143167,0.6394124887579561,0.34306636452674866,0.0047734239220760515,0.11057206933348457
03,349,1,0.7570498915401301,0.640107360741496,0.3421628773212433,0.004862489892807185,0.10714583572531106
03,350,1,0.7592190889370932,0.6407899958580145,0.340075820684433,0.004894929121067813,0.08364422984804684
03,351,1,0.7613882863340564,0.642135721668827,0.3402903079986572,0.00416967461646686,0.02112951063886359
03,352,1,0.7635574837310195,0.6432410817813303,0.3413040339946747,0.0038638164687495847,0.006452793500299592
03,353,1,0.7657266811279827,0.6435092779083006,0.3397291898727417,0.004552768597622879,0.0484822460319983
03,354,1,0.7678958785249458,0.6434696581868242,0.3379579782485962,0.005442867610800399,0.10611723356343913
03,355,1,0.7700650759219089,0.6430300336602708,0.33908870816230774,0.006552407719556255,0.2202233951419892
03,356,1,0.7722342733188721,0.6423586300614688,0.3418448865413666,0.007447389316219214,0.3356079323374869
03,357,1,0.7744034707158352,0.6421374942723626,0.34051916003227234,0.00744791217536003,0.31887312051102534
03,358,1,0.7765726681127982,0.6409728421777866,0.3389202356338501,0.008269618360951466,0.3725377304827542
03,359,1,0.7787418655097614,0.6403833662643541,0.3381859362125397,0.008234890272124564,0.3601190645000622
03,360,1,0.7809110629067245,0.6400773085288612,0.34008947014808655,0.007879281158638254,0.35223143591826395
03,361,1,0.7830802603036876,0.6394018095147199,0.34209388494491577,0.007984449789627698,0.387063445910811
03,362,1,0.7852494577006508,0.6393777063308816,0.339077353477478,0.007324631784055316,0.28953395907660545
03,363,1,0.7874186550976139,0.6382505588172042,0.33875373005867004,0.00805299533600656,0.3509467978746871
03,364,1,0.789587852494577,0.636317313800624,0.34083840250968933,0.009453038490799284,0.5032565531901463
03,365,1,0.7917570498915402,0.632186065341594,0.339671790599823,0.012644288267769862,0.7755118132719312
03,366,1,0.7939262472885033,0.6292837108073672,0.3427964150905609,0.01374270675871522,0.9138575984702113
03,367,1,0.7960954446854663,0.6251992666469851,0.34527724981307983,0.015303652038218731,1.0856538466555041
03,368,1,0.7982646420824295,0.6198577871462448,0.3549465835094452,0.017382308496404236,1.3950096647960581
03,369,1,0.8004338394793926,0.6140454924590704,0.3466077446937561,0.01907972151998394,1.442118013300245
03,370,1,0.8026030368763557,0.6066641478192918,0.34816038608551025,0.021925922939131592,1.7177613485538574
03,371,1,0.8047722342733189,0.6007563832754779,0.3491770923137665,0.022178796735926654,1.7533750452013945
03,372,1,0.806941431670282,0.5951557209942407,0.346047967672348,0.021668738174286967,1.6678897414634377
03,373,1,0.8091106290672451,0.593372835616619,0.3439245820045471,0.017276107013907662,1.245934760185566
03,374,1,0.8112798264642083,0.5935500174014006,0.3495071232318878,0.011930761018513283,0.8358382576620944
03,375,1,0.8134490238611713,0.5947730840671166,0.35668036341667175,0.007429161748324445,0.5217648623463452
03,376,1,0.8156182212581344,0.5952735799526687,0.37192636728286743,0.005432841060682007,0.5352075994759743
03,377,1,0.8177874186550976,0.5979118548651963,0.3693525493144989,0.0028444670453239267,0.2698267533705999
03,378,1,0.8199566160520607,0.5986840382627621,0.35602810978889465,0.003186602302339967,0.13192988977741582
03,379,1,0.8221258134490239,0.6015416140442758,0.34773170948028564,0.001742618328222199,-0.1029636912242956
03,380,1,0.824295010845987,0.6070867731462499,0.349182665348053,0.002240494871517731,-0.03981730838086772
03,381,1,0.8264642082429501,0.616743634477089,0.35405656695365906,0.008944057903961525,0.624801953677125
03,382,1,0.8286334056399133,0.6270702557193228,0.3684956431388855,0.014562734243222162,1.3129275456511982
03,383,1,0.8308026030368764,0.6383311355710144,0.374330073595047,0.018727059730773515,1.7613251987308727
03,384,1,0.8329718004338394,0.6507267438603848,0.3780112564563751,0.021925287638459218,2.095574358210411
03,385,1,0.8351409978308026,0.6629431872140417,0.38153186440467834,0.023231738313582412,2.2576432787314897
03,386,1,0.8373101952277657,0.6749667024667658,0.38446688652038574,0.02370536538206841,2.3373948462723173
03,387,1,0.8394793926247288,0.6857867733053751,0.38486140966415405,0.02255132453381692,2.2385938256644264
03,388,1,0.841648590021692,0.6939003746988833,0.38946297764778137,0.018801016493735,1.959538253964726
03,389,1,0.8438177874186551,0.6994998614848796,0.386554092168808,0.013607095570106673,1.4555714620461475
03,390,1,0.8459869848156182,0.704335303704057,0.39612290263175964,0.00930336922157449,1.1896194363078547
03,391,1,0.8481561822125814,0.7078538387940333,0.40313640236854553,0.005479754002228056,0.93450224560392
03,392,1,0.8503253796095445,0.7103790715220285,0.3944636583328247,0.002524305292762404,0.558902630581145
03,393,1,0.8524945770065075,0.7125125958685006,0.4026387631893158,0.0010020336843787067,0.5254739643750808
03,394,1,0.8546637744034707,0.7152867331914339,0.404197096824646,0.0003462526858760695,0.48621894372206664
03,395,1,0.8568329718004338,0.7164806404009887,0.39811331033706665,0.0015209259365168682,0.5148575610847007
03,396,1,0.8590021691973969,0.7179593413187468,0.38482362031936646,0.0021989254204975695,0.4076084087530436
03,397,1,0.8611713665943601,0.7196412551462918,0.38764625787734985,0.0024120790421321404,0.46251020644924923
03,398,1,0.8633405639913232,0.7197103713569364,0.3849678039550781,0.004125127650935421,0.5826773622125374
03,399,1,0.8655097613882863,0.7181407235344769,0.3822753429412842,0.006800685014770544,0.7892358260456431
03,400,1,0.8676789587852495,0.7160015887363377,0.3829860985279083,0.009354840596281801,1.0279552890095063
03,401,1,0.8698481561822126,0.7121426641828892,0.38145774602890015,0.012724327004128008,1.3116621307514675
03,402,1,0.8720173535791758,0.7068438699244562,0.37382131814956665,0.016148473521710283,1.522965468837799
03,403,1,0.8741865509761388,0.6999531212575375,0.37905153632164,0.019822596830508993,1.9196255621478513
03,404,1,0.8763557483731019,0.692526481709105,0.38806483149528503,0.022702335809706625,2.2927266980841114
03,405,1,0.8785249457700651,0.6880823798453956,0.388666033744812,0.021277660916607932,2.1722009557664235
03,406,1,0.8806941431670282,0.6860757342680204,0.3731955885887146,0.017269235409609698,1.6158466107294491
03,407,1,0.8828633405639913,0.6852132508607831,0.3752879500389099,0.012939684902737999,1.2529305868447906
03,408,1,0.8850325379609545,0.6836079433632154,0.37140414118766785,0.01086002480111711,1.0167211299604695
03,409,1,0.8872017353579176,0.6822347814089725,0.3677712678909302,0.010003552168887566,0.8937023842885286
03,410,1,0.8893709327548807,0.6815840037008969,0.363570898771286,0.009192430267857456,0.7675788096173362
03,411,1,0.8915401301518439,0.6818382411622361,0.3643370568752289,0.00781526016473735,0.653413786518374
03,412,1,0.8937093275488069,0.6817053585550525,0.3596974015235901,0.007104390347284187,0.5307461971975524
03,413,1,0.89587852494577,0.6800051552614675,0.3631197214126587,0.008328947438828473,0.6842053704297556
03,414,1,0.8980477223427332,0.6784950867683313,0.3614223301410675,0.00928160939508851,0.748401768932512
03,415,1,0.9002169197396963,0.6797045566147211,0.36202025413513184,0.007299910315557293,0.5777354370648798
03,416,1,0.9023861171366594,0.6799700744568439,0.3616768419742584,0.006500971336555719,0.5015312669424666
03,417,1,0.9045553145336226,0.6815603350780612,0.35998547077178955,0.004476889690786188,0.29807375535419567
03,418,1,0.9067245119305857,0.6822789132438627,0.35735300183296204,0.00414710647913316,0.23508948993900036
03,419,1,0.9088937093275488,0.682842523548726,0.35530951619148254,0.004529452793152726,0.24361028617411185
03,420,1,0.911062906724512,0.6846758538090325,0.3513825535774231,0.003480614266347435,0.09956727761423206
03,421,1,0.913232104121475,0.6824330895386622,0.34663501381874084,0.0068998233747648826,0.3469958136893187
03,422,1,0.9154013015184381,0.6772451150236849,0.35003411769866943,0.012305986504892449,0.8762572750845623
03,423,1,0.9175704989154013,0.6707285443698566,0.3639988601207733,0.01756410760367627,1.525949911049107
03,424,1,0.9197396963123644,0.6654203147539045,0.37490299344062805,0.01984384242491105,1.8690216697508872
03,425,1,0.9219088937093276,0.6581893052965544,0.3843909204006195,0.022260967118479164,2.206523170377351
03,426,1,0.9240780911062907,0.6513712217887074,0.3782942593097687,0.02301810456579917,2.1974453912307883
03,427,1,0.9262472885032538,0.6429392079470266,0.36877506971359253,0.0249816450987356,2.2535478232286543
03,428,1,0.928416485900217,0.6294685253837101,0.36974310874938965,0.03150499355634462,2.8525157360558624
03,429,1,0.93058568329718,0.611157886409347,0.3858286738395691,0.04082768518815916,3.8946249385424627
03,430,1,0.9327548806941431,0.5772064547408136,0.3909109830856323,0.06302126213489073,5.955063547074232
03,431,1,0.9349240780911063,0.4689994560659382,0.3731960952281952,0.15268706904779264,13.795414692091382
03,432,1,0.9370932754880694,0.2763296158323968,0.3872983157634735,0.3018719713110619,27.391709150935437
03,433,1,0.9392624728850325,0.21129629561912514,0.4296485483646393,0.27862056413650527,25.836558102605842
03,434,1,0.9414316702819957,0.18740164642116622,0.5319729447364807,0.20254981563690871,20.28999241591608
03,435,1,0.9436008676789588,0.17341397392684482,0.5360831022262573,0.11908628605131827,12.8352610321809
03,436,1,0.9457700650759219,0.16647870867934994,0.5413508415222168,0.05212518076403981,6.879421009335158
03,437,1,0.9479392624728851,0.1604295870087257,0.5428948402404785,0.03071157564640231,4.973013302272724
03,438,1,0.9501084598698482,0.15546153841304206,0.5423073172569275,0.022962947089486124,4.26865975748037
03,439,1,0.9522776572668112,0.15432444184344696,0.5407668352127075,0.016115016657050157,3.6332524204283945
03,440,1,0.9544468546637744,0.15408253447591824,0.5391992926597595,0.011584541003729406,3.2059358164688705
03,441,1,0.9566160520607375,0.15333941310079408,0.5375110507011414,0.009228618827995663,2.9726719792222815
03,442,1,0.9587852494577006,0.15345371006696712,0.5384748578071594,0.007341778384839706,2.815168857343995
03,443,1,0.9609544468546638,0.15411496873373173,0.5416117906570435,0.00617856263155636,2.750257700517604
03,444,1,0.9631236442516269,0.15348052168961407,0.5396820902824402,0.00676064139824521,2.778182915942896
03,445,1,0.96529284164859,0.15277151880767614,0.538122296333313,0.007319141083607106,2.808669911068481
03,446,1,0.9674620390455532,0.15283827988401658,0.5383073687553406,0.007110406433987177,2.792238948005564
03,447,1,0.9696312364425163,0.15276940693008348,0.5396031737327576,0.007025421842182644,2.8009984560103582
03,448,1,0.9718004338394793,0.15156321668822725,0.5411328673362732,0.007895221633126791,2.898592549458527
03,449,1,0.9739696312364425,0.1507833425020206,0.5364343523979187,0.008195769568986735,2.866147403347027
03,450,1,0.9761388286334056,0.14936934802738575,0.5381262302398682,0.009112719967207718,2.97003527583725
03,451,1,0.9783080260303688,0.14862660584728035,0.5390777587890625,0.008988229183155404,2.970883516386693
03,452,1,0.9804772234273319,0.14797947539295694,0.5346495509147644,0.00859965936677803,2.879880412116443
03,453,1,0.982646420824295,0.1482689757910107,0.5324738025665283,0.007414223644906706,2.745719685698822
05,8,0,0.018306636155606407,0.07591543596950533,0.2753669023513794,nan,nan
05,9,0,0.020594965675057208,0.07582945968918348,0.27574166655540466,nan,nan
05,10,0,0.02288329519450801,0.07594858028771198,0.2727161943912506,nan,nan
05,11,0,0.02517162471395881,0.07603824198824098,0.2706165015697479,nan,nan
05,12,0,0.02745995423340961,0.07601373547651298,0.2746743857860565,0.006412700500653954,-0.6077369278448357
05,13,0,0.029748283752860413,0.07598556205513621,0.2744233310222626,0.006465448798782647,-0.6061707152541411
05,14,0,0.032036613272311214,0.07601914172554143,0.2717151641845703,0.006470894719865615,-0.639962499418106
05,15,0,0.034324942791762014,0.07629510112946476,0.2727489471435547,0.006212575675399649,-0.6501096279067977
05,16,0,0.036613272311212815,0.07647078847690776,0.2792324721813202,0.006101103113262589,-0.5780632044566335
05,17,0,0.038901601830663615,0.07637190462265087,0.28699976205825806,0.006314250217618178,-0.4605696301190394
05,18,0,0.041189931350114416,0.07657457644168958,0.28464820981025696,0.006208164040458123,-0.49987843799207915
05,19,1,0.043478260869565216,0.07676066023138879,0.28346601128578186,0.006160938929795938,-0.519090868065839
05,20,1,0.04576659038901602,0.07752162876091435,0.27955055236816406,0.005516360175751382,-0.6266288880733809
05,21,1,0.04805491990846682,0.07890958330978216,0.27833059430122375,0.004391115697885249,-0.7432770133508991
05,22,1,0.05034324942791762,0.0807891408831087,0.27529817819595337,0.0031459777963415126,-0.8936516020431287
05,23,1,0.05263157894736842,0.08325345851454927,0.2693490982055664,0.0017353012752557274,-1.0958357078294252
05,24,1,0.05491990846681922,0.08570860874218805,0.273220419883728,0.0009033506184070706,-1.1216563495127945
05,25,1,0.057208237986270026,0.08823911504782524,0.2872401177883148,0.0004195893080883007,-0.9876964227269566
05,26,1,0.059496567505720827,0.09057030231905971,0.2927611172199249,0.0004207849713645773,-0.9177007752001677
05,27,1,0.06178489702517163,0.09307239270015231,0.3033384680747986,0.00036398494925973584,-0.7889149778141964
05,28,1,0.06407322654462243,0.09532761631796297,0.3215487003326416,0.0005634948778498717,-0.540454936400815
05,29,1,0.06636155606407322,0.09822419361866878,0.3134832978248596,0.0002212568227393779,-0.6733327165051919
05,30,1,0.06864988558352403,0.10111378899626446,0.3002065122127533,0.0003216562637970177,-0.8323682135443562
05,31,1,0.07093821510297482,0.10402614526766969,0.29854071140289307,0.0005981408659010722,-0.8285877233416094
05,32,1,0.07322654462242563,0.10643741386699337,0.29185950756073,0.00036403832238485374,-0.9342177167051327
05,33,1,0.07551487414187644,0.1081938394862272,0.29234448075294495,0.0007500524446783486,-0.8933602932541597
05,34,1,0.07780320366132723,0.10868662821874177,0.29437169432640076,0.002749675179053388,-0.6878513375631103
05,35,1,0.08009153318077804,0.11030203610410329,0.2867169976234436,0.0030274770993112244,-0.759763388734896
05,36,1,0.08237986270022883,0.11203100380851477,0.2750103771686554,0.0028674821040081656,-0.9223428299802562
05,37,1,0.08466819221967964,0.11398411508132258,0.2764063775539398,0.002312768316580669,-0.9545627159366855
05,38,1,0.08695652173913043,0.1163970552067551,0.28199538588523865,0.0013473970899220123,-0.9706397804350668
05,39,1,0.08924485125858124,0.11832353317413326,0.29159778356552124,0.0013485258695471436,-0.8489853713531474
05,40,1,0.09153318077803203,0.12030775375102559,0.2906223237514496,0.0013696795601623435,-0.8594307486860155
05,41,1,0.09382151029748284,0.12315781049547007,0.2867549955844879,0.0007151373748665018,-0.9672556179188228
05,42,1,0.09610983981693363,0.1259562766965702,0.2804526090621948,0.00041115863100077334,-1.0743750229781603
05,43,1,0.09839816933638444,0.12865101121555148,0.28728073835372925,0.0002522273668413015,-1.0022348573259923
05,44,1,0.10068649885583524,0.13188003575409157,0.29245463013648987,0.000868316220930756,-0.8813292411619509
05,45,1,0.10297482837528604,0.1352220032916645,0.2864307463169098,0.0013172132577371786,-0.9172090906469317
05,46,1,0.10526315789473684,0.13922205476435007,0.27790507674217224,0.0023012165313741084,-0.9366302608752484
05,47,1,0.10755148741418764,0.1433181732660729,0.2827211022377014,0.003080890516152015,-0.8055417845905746
05,48,1,0.10983981693363844,0.14804487067139457,0.30021074414253235,0.004140797408843324,-0.4888187842087087
05,49,1,0.11212814645308924,0.1526625916506529,0.295546293258667,0.004717309658775927,-0.4960123302463558
05,50,1,0.11441647597254005,0.1567831596756779,0.29563575983047485,0.004477730594053793,-0.5164276945785172
05,51,1,0.11670480549199085,0.15967977432444205,0.29950565099716187,0.002984069014985965,-0.6017811241488785
05,52,1,0.11899313501144165,0.16261834807831738,0.2952146828174591,0.0018322425042690293,-0.7596947340179678
05,53,1,0.12128146453089245,0.1655508616908174,0.28829723596572876,0.0011213867650383424,-0.9111947026132032
05,54,1,0.12356979405034325,0.16828660221203087,0.28651607036590576,0.0006350597762107024,-0.9774823036025178
05,55,1,0.12585812356979406,0.17160308194130627,0.28164204955101013,0.0010756788713978693,-0.9995510233518367
05,56,1,0.12814645308924486,0.1743820456381975,0.278038889169693,0.0008738156640730487,-1.0633176785262326
05,57,1,0.13043478260869565,0.176427533410392,0.2745727598667145,0.00043951332176128764,-1.1462554285072217
05,58,1,0.13272311212814644,0.17798953404472106,0.27965208888053894,0.0011787882492670632,-1.0154674145876794
05,59,1,0.13501144164759726,0.18085361805502873,0.28249192237854004,0.000873777903584531,-1.0069519202891382
05,60,1,0.13729977116704806,0.1839449330855321,0.28508320450782776,0.0005890093346125327,-0.9997621800801941
05,61,1,0.13958810068649885,0.18714999498690996,0.2831629514694214,0.0008525838444850297,-1.0003638396721286
05,62,1,0.14187643020594964,0.1895016409015597,0.302360475063324,0.0006464927063816756,-0.7758860794313793
05,63,1,0.14416475972540047,0.19181869670520807,0.29822561144828796,0.00036586858957460364,-0.8534671554812906
05,64,1,0.14645308924485126,0.1939362592261176,0.2969386875629425,0.0006610636871913467,-0.8432077815844422
05,65,1,0.14874141876430205,0.1962157868981588,0.29949456453323364,0.0008793675502964927,-0.7912195829348516
05,66,1,0.15102974828375287,0.1991264781587599,0.300583153963089,0.00039176859910688804,-0.821294511533195
05,67,1,0.15331807780320367,0.20160147688532204,0.3016622066497803,0.00026177725142453737,-0.8193267182849224
05,68,1,0.15560640732265446,0.20376877988674003,0.2982706129550934,0.0004447268988560216,-0.8458049356063082
05,69,1,0.15789473684210525,0.20569201724436054,0.30122479796409607,0.000979619706391125,-0.7603005151773435
05,70,1,0.16018306636155608,0.20693997609503997,0.3018338084220886,0.002100718442262143,-0.6517590002284079
05,71,1,0.16247139588100687,0.207723233708697,0.3008255362510681,0.003270835312675161,-0.5592812943054799
05,72,1,0.16475972540045766,0.20875308120482508,0.29845407605171204,0.0037714270223907754,-0.5442771337063648
05,73,1,0.16704805491990846,0.2101079237577254,0.29826006293296814,0.0036626597990117283,-0.5565156573602643
05,74,1,0.16933638443935928,0.211065918105743,0.29846441745758057,0.0038086420793353704,-0.5407990813362811
05,75,1,0.17162471395881007,0.2115888041950402,0.29601675271987915,0.004317241492713923,-0.5260393456061081
05,76,1,0.17391304347826086,0.21127269155690764,0.29739663004875183,0.005599746752432297,-0.3932227371707395
05,77,1,0.17620137299771166,0.21071925030970626,0.29727402329444885,0.006783090587654303,-0.28834410814256384
05,78,1,0.17848970251716248,0.21089786990881634,0.2955004572868347,0.0067573026265394355,-0.3131143509140177
05,79,1,0.18077803203661327,0.2109542651950368,0.3026939332485199,0.006658895291087316,-0.23090585019837878
05,80,1,0.18306636155606407,0.21067679705706835,0.3019677698612213,0.0067777286790549176,-0.22941011352107657
05,81,1,0.1853546910755149,0.21070955221733081,0.3032410740852356,0.006595999893832622,-0.22963666462505516
05,82,1,0.18764302059496568,0.21078208739470844,0.30479052662849426,0.00652104019336115,-0.21676468943649885
05,83,1,0.18993135011441648,0.2108302230076983,0.30019885301589966,0.006443958951844296,-0.2818215702966532
05,84,1,0.19221967963386727,0.21125386258944714,0.29761314392089844,0.005989308823260818,-0.35544452752900024
05,85,1,0.1945080091533181,0.21159285416575907,0.30067378282546997,0.005794583630043619,-0.33421483333457636
05,86,1,0.19679633867276888,0.21274453947249292,0.2973596155643463,0.0048637238104168295,-0.4598896361437317
05,87,1,0.19908466819221968,0.2140450105325472,0.298035591840744,0.004053865769808649,-0.5241718454708822
05,88,1,0.20137299771167047,0.21475730720209893,0.2988728880882263,0.0041452659814691355,-0.5053522592125431
05,89,1,0.2036613272311213,0.21556293688484743,0.2952800393104553,0.004215497451883569,-0.5445160244527261
05,90,1,0.20594965675057209,0.21548276800542238,0.29794955253601074,0.005288187011080718,-0.4142453851622715
05,91,1,0.20823798627002288,0.21486171665212234,0.3002808094024658,0.006593795497613128,-0.2673077280604814
05,92,1,0.21052631578947367,0.21472987599056823,0.3004723787307739,0.006929812689061049,-0.23466114011588105
05,93,1,0.2128146453089245,0.21466649378830954,0.3050291836261749,0.006986337088437042,-0.1718945430933394
05,94,1,0.2151029748283753,0.21452148453486827,0.30339547991752625,0.006907235567743861,-0.19968937905349046
05,95,1,0.21739130434782608,0.21480230853252116,0.29993847012519836,0.006386090702452411,-0.2903223577382356
05,96,1,0.21967963386727687,0.21525759346593518,0.2984607517719269,0.005915953739138112,-0.3513126015486462
05,97,1,0.2219679633867277,0.21578884182051444,0.29858359694480896,0.005516634753400583,-0.38567254449182065
05,98,1,0.2242562929061785,0.21709739172960715,0.2988208830356598,0.004488671852359098,-0.47512443899624224
05,99,1,0.22654462242562928,0.2180171621552319,0.30383241176605225,0.004212878225419074,-0.4364905598411202
05,100,1,0.2288329519450801,0.21863774728347019,0.3013331890106201,0.004396006502858511,-0.45165654665266564
05,101,1,0.2311212814645309,0.21909881201905756,0.2970067262649536,0.004779980221654876,-0.4718886686025294
05,102,1,0.2334096109839817,0.21954822346710437,0.29684510827064514,0.005158061323243866,-0.43992968330962534
05,103,1,0.23569794050343248,0.21957228827174302,0.3028210699558258,0.005746704452979477,-0.3113394722022928
05,104,1,0.2379862700228833,0.22011778579071628,0.3087864816188812,0.005589988463133992,-0.24992085853916438
05,105,1,0.2402745995423341,0.22081853568754176,0.30870574712753296,0.005259248193120068,-0.2806898234109652
05,106,1,0.2425629290617849,0.22271214747617052,0.30555975437164307,0.0037955673216123176,-0.4521580197798594
05,107,1,0.2448512585812357,0.22415000680941766,0.30423539876937866,0.003148688990631724,-0.52710313152764
05,108,1,0.2471395881006865,0.22581073146916503,0.3033981919288635,0.002632393965303068,-0.5841368819403874
05,109,1,0.2494279176201373,0.2283616987031005,0.2950305640697479,0.0015046631509797437,-0.7914881038073189
05,110,1,0.2517162471395881,0.2302953502449549,0.2915707230567932,0.0014568023630150396,-0.8395894662814727
05,111,1,0.2540045766590389,0.23143898393472176,0.29023274779319763,0.002208969365444261,-0.7888760023728378
05,112,1,0.2562929061784897,0.23212255625225459,0.29074952006340027,0.003347641329237453,-0.6799215467817588
05,113,1,0.2585812356979405,0.23199586581010917,0.289745569229126,0.0050522879671552594,-0.5393132089743063
05,114,1,0.2608695652173913,0.23195662211487542,0.2933028042316437,0.006000073439141188,-0.4090392061086726
05,115,1,0.2631578947368421,0.23219443126491426,0.29923754930496216,0.006177582256582463,-0.3179484076202126
05,116,1,0.2654462242562929,0.23231819278204083,0.3043932616710663,0.006242682572004025,-0.24682915900408314
05,117,1,0.26773455377574373,0.23454265697008342,0.30344709753990173,0.004067127516408002,-0.45447700420235715
05,118,1,0.2700228832951945,0.235030506606022,0.30089154839515686,0.004215975670462944,-0.47343917907886235
05,119,1,0.2723112128146453,0.24118191569622496,0.29260924458503723,0.0018680252761031917,-0.7894576034683738
05,120,1,0.2745995423340961,0.24769075041757513,0.29336580634117126,0.005428925910475837,-0.45961104112747353
05,121,1,0.2768878718535469,0.25769129846185795,0.28623461723327637,0.011586334545875075,0.003919155255334761
05,122,1,0.2791762013729977,0.2669743398743566,0.2857988178730011,0.015082215585430107,0.3128241967209457
05,123,1,0.2814645308924485,0.28213651897804787,0.2767549455165863,0.022258436372037727,0.8437750856033501
05,124,1,0.2837528604118993,0.29459613881821284,0.28066718578338623,0.024479405391746978,1.0930538536878236
05,125,1,0.28604118993135014,0.306610048762712,0.29194799065589905,0.02476696823608668,1.2617165962422512
05,126,1,0.28832951945080093,0.32124925925218223,0.31021779775619507,0.0271764911503434,1.7097006730434192
05,127,1,0.2906178489702517,0.3378373407077073,0.3069817125797272,0.03019584276141213,1.9402986795243413
05,128,1,0.2929061784897025,0.35336265227341246,0.3059558570384979,0.03179594889470236,2.0712272984005384
05,129,1,0.2951945080091533,0.3718384192971681,0.3058840036392212,0.03558008755465811,2.410665449560971
05,130,1,0.2974828375286041,0.38907939894506616,0.3195299506187439,0.03651397456894215,2.6673983595904005
05,131,1,0.2997711670480549,0.410311450394716,0.3153175711631775,0.04078849109537097,2.9985281397328354
05,132,1,0.30205949656750575,0.43169559635361243,0.3146318793296814,0.04405410963251524,3.2835599445893813
05,133,1,0.30434782608695654,0.4490001283603821,0.3490150570869446,0.04177540561923493,3.513854733989282
05,134,1,0.30663615560640733,0.46753487250870146,0.3539358973503113,0.04101972250175079,3.508179074011783
05,135,1,0.30892448512585813,0.4792038168398487,0.3400930166244507,0.033074798441989184,2.6183763566771603
05,136,1,0.3112128146453089,0.49100646102212825,0.33612096309661865,0.027654351012985606,2.0805774179194034
05,137,1,0.3135011441647597,0.49682671935741174,0.3337123990058899,0.01864689318114013,1.2399521824085744
05,138,1,0.3157894736842105,0.4976327182320024,0.3300911486148834,0.008391946167879335,0.27177610958733545
05,139,1,0.3180778032036613,0.49669079952371725,0.3307775557041168,0.004518821979766107,-0.06788606594953495
05,140,1,0.32036613272311215,0.49473759516370935,0.3330318033695221,0.007295085863612047,0.21034839650503526
05,141,1,0.32265446224256294,0.49498707834046013,0.3363596200942993,0.007978386222256547,0.31393033508164114
05,142,1,0.32494279176201374,0.49332249190340827,0.3262358605861664,0.009183062405070507,0.2941270424399697
05,143,1,0.32723112128146453,0.4973791658625962,0.3370227515697479,0.004778467544626712,0.034522032743959874
05,144,1,0.3295194508009153,0.5047068921854363,0.32903411984443665,0.0033169595583280595,-0.19805174991004293
05,145,1,0.3318077803203661,0.5053244402268292,0.32393521070480347,0.0022480781899729685,-0.3587326229317723
05,146,1,0.3340961098398169,0.5030019125316014,0.31056126952171326,0.00367484150647254,-0.39970400594557265
05,147,1,0.33638443935926776,0.5026152843175682,0.30436134338378906,0.006481324877554065,-0.22576956679424867
05,148,1,0.33867276887871856,0.4994533595699645,0.30765560269355774,0.010952279238900766,0.21805146843604942
05,149,1,0.34096109839816935,0.49272400944751404,0.3157346844673157,0.016368246207483284,0.8074366488067805
05,150,1,0.34324942791762014,0.4902809066262302,0.31226804852485657,0.015661241333938338,0.6999654552738295
05,151,1,0.34553775743707094,0.48448413697201137,0.3070739209651947,0.01827775951181436,0.8695463095552436
05,152,1,0.34782608695652173,0.48143678472406376,0.30536457896232605,0.01679232492337276,0.7143075541940388
05,153,1,0.3501144164759725,0.4806848840067219,0.30417513847351074,0.013040081929239455,0.3617719069766787
05,154,1,0.3524027459954233,0.4823403443298422,0.30754080414772034,0.008374840245921108,-0.015218138378989318
05,155,1,0.35469107551487417,0.4852419886514017,0.3065352737903595,0.0036401762123430253,-0.45378528236788185
05,156,1,0.35697940503432496,0.4972949875940401,0.30699124932289124,0.008375480672526222,-0.022117131280513888
05,157,1,0.35926773455377575,0.5009990769694133,0.30548274517059326,0.008115019330405291,-0.06463872823772943
05,158,1,0.36155606407322655,0.5081933542195882,0.3033640384674072,0.010230748339907423,0.09883136041210042
05,159,1,0.36384439359267734,0.5022629187469412,0.3057849109172821,0.005478599458140693,-0.2979349278303388
05,160,1,0.36613272311212813,0.49931618574152276,0.30884894728660583,0.009364905134479417,0.09038815238858813
05,161,1,0.3684210526315789,0.4997383415710646,0.3078053593635559,0.009448048841808231,0.08465578826276968
05,162,1,0.3707093821510298,0.4999810857492242,0.3067846894264221,0.008890120814061483,0.021555155020143074
05,163,1,0.37299771167048057,0.49134093724074096,0.30807995796203613,0.015477202204953716,0.630397512806774
05,164,1,0.37528604118993136,0.4901542419288344,0.3108454644680023,0.01393340214031023,0.5265546368355991
05,165,1,0.37757437070938216,0.49003524171392215,0.3106650710105896,0.011761916402050373,0.32896637112594473
05,166,1,0.37986270022883295,0.4858085277999079,0.30973389744758606,0.013562855351779004,0.4791565557343214
05,167,1,0.38215102974828374,0.48199547574302765,0.30897238850593567,0.013832767921330199,0.4937930200227094
05,168,1,0.38443935926773454,0.47688354518199455,0.31321945786476135,0.016608333107934966,0.7971909686605789
05,169,1,0.38672768878718533,0.47368927792470705,0.3139801025390625,0.016484926178512504,0.7957203696339187
05,170,1,0.3890160183066362,0.46563773204628084,0.3141304850578308,0.020449981109634946,1.15424343439356
05,171,1,0.391304347826087,0.45741033688908167,0.3137071430683136,0.023634677328427348,1.4353180181526963
05,172,1,0.39359267734553777,0.4468241075495756,0.3103686571121216,0.028074621954446946,1.7923887673383843
05,173,1,0.39588100686498856,0.4462646223483054,0.31029772758483887,0.021119247747612396,1.1659203460026393
05,174,1,0.39816933638443935,0.44497405165056647,0.3096776306629181,0.015553654551250889,0.6574979784033173
05,175,1,0.40045766590389015,0.4496165255635733,0.31059396266937256,0.006767796197117591,-0.12110794539925189
05,176,1,0.40274599542334094,0.4493396134741082,0.3098730444908142,0.004073719797403464,-0.37254061533943045
05,177,1,0.40503432494279173,0.4484425537829043,0.3094623386859894,0.00559965596974053,-0.2404959546736669
05,178,1,0.4073226544622426,0.4479998529878268,0.30664780735969543,0.006586839623467758,-0.1873360800218556
05,179,1,0.4096109839816934,0.4533448996709037,0.3027888238430023,0.0033720653175431364,-0.5253241394503122
05,180,1,0.41189931350114417,0.46091602149174227,0.3043336570262909,0.004640785019299989,-0.39165930267231075
05,181,1,0.41418764302059496,0.46733054276678543,0.3046360909938812,0.008161204289934696,-0.0712022794391658
05,182,1,0.41647597254004576,0.47144003515656857,0.30634650588035583,0.0075486994337475325,-0.1046398824148558
05,183,1,0.41876430205949655,0.4799336853787801,0.309387743473053,0.010182304113773608,0.17072591378705942
05,184,1,0.42105263157894735,0.4914080048937373,0.3047340214252472,0.01500942720176171,0.5459706833421706
05,185,1,0.4233409610983982,0.5008394515153209,0.31219935417175293,0.01681787797284659,0.8031244783302225
05,186,1,0.425629290617849,0.5147452247421272,0.312399297952652,0.022346424012519017,1.302896252859507
05,187,1,0.4279176201372998,0.527730700103898,0.31485968828201294,0.02450560197790011,1.528239112442592
05,188,1,0.4302059496567506,0.5385908978256795,0.31087103486061096,0.023416546018402123,1.3797980046280935
05,189,1,0.43249427917620137,0.5436592971328886,0.3140263259410858,0.016689222092625716,0.8146799908556237
05,190,1,0.43478260869565216,0.5497017085096454,0.3121899664402008,0.01202667206499056,0.3720816924686067
05,191,1,0.43707093821510296,0.5545344411225162,0.30796143412590027,0.008120283735981785,-0.03278851894844441
05,192,1,0.43935926773455375,0.5606408588125307,0.3058110177516937,0.007525766171341766,-0.11348104248727581
05,193,1,0.4416475972540046,0.5667371417338605,0.29742807149887085,0.008109558845958768,-0.1670907184104417
05,194,1,0.4439359267734554,0.5733808311001362,0.29538795351982117,0.008983787061991492,-0.11428713722586806
05,195,1,0.4462242562929062,0.5785674784805857,0.2955811023712158,0.008250653794818295,-0.1777805921041351
05,196,1,0.448512585812357,0.5832745800583108,0.2971184253692627,0.006949496033026056,-0.2753471534629913
05,197,1,0.45080091533180777,0.5874217475740939,0.2967766523361206,0.005438233237364172,-0.4155974084112981
05,198,1,0.45308924485125857,0.5923626471163883,0.2986994683742523,0.005207981319600182,-0.4119662507968343
05,199,1,0.45537757437070936,0.5952731923485821,0.2963174283504486,0.003373072547730951,-0.6071523384813053
05,200,1,0.4576659038901602,0.5971219518387667,0.2999151349067688,0.001637475360738828,-0.7177110780026341
05,201,1,0.459954233409611,0.5998714705436174,0.29964354634284973,0.0007730350130274455,-0.7988972947550192
05,202,1,0.4622425629290618,0.6005180057735879,0.2978319525718689,0.0021328161817572,-0.6995299920862816
05,203,1,0.4645308924485126,0.6003573204982724,0.296318918466568,0.00433234112137265,-0.5208562813690326
05,204,1,0.4668192219679634,0.6005675172502363,0.29652056097984314,0.005393176406831344,-0.4228916043039923
05,205,1,0.4691075514874142,0.6017913598346919,0.2963204085826874,0.00503072517524311,-0.4580243353816982
05,206,1,0.47139588100686497,0.6031645917824551,0.29648590087890625,0.004137465550248546,-0.5362697446984843
05,207,1,0.47368421052631576,0.603697797515788,0.2943629026412964,0.004265906319132399,-0.5515918843382667
05,208,1,0.4759725400457666,0.6038480106686509,0.29488128423690796,0.004950812420648402,-0.48342903239859036
05,209,1,0.4782608695652174,0.6036714518259687,0.2961462736129761,0.005947494617934254,-0.3777738429994353
05,210,1,0.4805491990846682,0.6036443783748706,0.2971614897251129,0.006444591066851549,-0.32021347643699855
05,211,1,0.482837528604119,0.6037470302255072,0.29592782258987427,0.006461885864318809,-0.3342744674630599
05,212,1,0.4851258581235698,0.6035920898114603,0.29460424184799194,0.006629134455795574,-0.3359867039183904
05,213,1,0.4874141876430206,0.6036764683584499,0.29240962862968445,0.006480775694508304,-0.37711090552739684
05,214,1,0.4897025171624714,0.6028638315742954,0.2897363305091858,0.0072946666117831545,-0.33774926986972653
05,215,1,0.4919908466819222,0.6033190047153747,0.291293740272522,0.006644356770559992,-0.3765239062593373
05,216,1,0.494279176201373,0.6028130029598138,0.2925846576690674,0.007043352148587781,-0.3242968176545129
05,217,1,0.4965675057208238,0.6016989675039475,0.29338541626930237,0.007962615891542454,-0.23148120122703514
05,218,1,0.4988558352402746,0.6006716700140975,0.29187044501304626,0.008495538167766822,-0.20272726129077454
05,219,1,0.5011441647597255,0.5997911775265743,0.2900492548942566,0.008827990265240556,-0.19588003148027747
05,220,1,0.5034324942791762,0.5969000926054961,0.2936564087867737,0.010837118389118602,0.030483673035944014
05,221,1,0.505720823798627,0.5943114101410054,0.2931991517543793,0.011947573265029928,0.12457042195477286
05,222,1,0.5080091533180778,0.5905549061939638,0.29194384813308716,0.013857187871336048,0.28043192878883605
05,223,1,0.5102974828375286,0.590859157112634,0.29211321473121643,0.011023745997632364,0.027734400552614558
05,224,1,0.5125858123569794,0.5899893869988059,0.2908360958099365,0.00966051100797546,-0.11104231119797561
05,225,1,0.5148741418764302,0.5914139931656442,0.2896089255809784,0.006508228439464523,-0.41009476131015976
05,226,1,0.517162471395881,0.5908223192576809,0.2903956174850464,0.006375548103587561,-0.4120696947148157
05,227,1,0.5194508009153318,0.5897178589079479,0.2938673198223114,0.00754686171924984,-0.26277415930179365
05,228,1,0.5217391304347826,0.5868823537791045,0.29017961025238037,0.010097042296921762,-0.08009061001707135
05,229,1,0.5240274599542334,0.581741133877543,0.2884537875652313,0.014461503893557878,0.2906052049658261
05,230,1,0.5263157894736842,0.5731278527323811,0.2865021228790283,0.02065657021669448,0.8230878706961605
05,231,1,0.528604118993135,0.5682257542897546,0.28721532225608826,0.021135052027995982,0.8751509172729783
05,232,1,0.5308924485125858,0.5634482038651377,0.28677693009376526,0.020539576298064577,0.8160440409449169
05,233,1,0.5331807780320366,0.5595108517984464,0.2955213189125061,0.018618390886264213,0.7539431630202688
05,234,1,0.5354691075514875,0.5626439584807166,0.28460824489593506,0.01019556572665367,-0.14175502411192992
05,235,1,0.5377574370709383,0.5668510129028808,0.28868454694747925,0.004977189566334943,-0.5594986583155076
05,236,1,0.540045766590389,0.5748974638448229,0.29453614354133606,0.00529045058952102,-0.45725076765291617
05,237,1,0.5423340961098398,0.5813364458416099,0.28814420104026794,0.008867117591386784,-0.21647620585131636
05,238,1,0.5446224256292906,0.5904930361663895,0.28561827540397644,0.012567309405375458,0.08434660297969937
05,239,1,0.5469107551487414,0.5971127244674475,0.2855544984340668,0.0122247282850152,0.05272732331920427
05,240,1,0.5491990846681922,0.6062299995850149,0.28548476099967957,0.013776575511440962,0.1914186211394801
05,241,1,0.551487414187643,0.6149321690709455,0.29093849658966064,0.01464561106232357,0.33861684592050256
05,242,1,0.5537757437070938,0.6227312005827054,0.2992427349090576,0.014045711766749545,0.3897815505975492
05,243,1,0.5560640732265446,0.6332804712938597,0.3390685021877289,0.016535441373824872,1.1178476864343792
05,244,1,0.5583524027459954,0.6432336344742793,0.3391208052635193,0.017446667847641432,1.200466028897297
05,245,1,0.5606407322654462,0.6544291814554029,0.349949449300766,0.019391306106448902,1.5124434121445782
05,246,1,0.562929061784897,0.6651333523061728,0.3488072454929352,0.020221223861104476,1.5726280176567973
05,247,1,0.5652173913043478,0.6727594429502621,0.3366055190563202,0.017246776574326998,1.1506476918102386
05,248,1,0.5675057208237986,0.6804445359781823,0.3263647258281708,0.01506212668814658,0.8245248846772631
05,249,1,0.5697940503432495,0.6870094192819753,0.3394814431667328,0.01232428461596383,0.7443209602248144
05,250,1,0.5720823798627003,0.690490229033311,0.3830084204673767,0.007660034910656396,0.8758060074492511
05,251,1,0.5743707093821511,0.6934679617760984,0.3973250091075897,0.004298548471659171,0.7546998200368251
05,252,1,0.5766590389016019,0.69722061649798,0.3926638960838318,0.0028740734870816875,0.5675785273665168
05,253,1,0.5789473684210527,0.6999263170447021,0.384798139333725,0.0013857539038544275,0.33414871834393534
05,254,1,0.5812356979405034,0.7017871236386843,0.3857538402080536,0.0006997830859155627,0.2845499216346804
05,255,1,0.5835240274599542,0.7039990490563142,0.38931187987327576,0.00066570062186122,0.32652431577871566
05,256,1,0.585812356979405,0.7048497401516589,0.3924490809440613,0.002377042901267721,0.5201560382100767
05,257,1,0.5881006864988558,0.7041982605347702,0.3918168842792511,0.0049358034315761775,0.7422897812177156
05,258,1,0.5903890160183066,0.7031160674961949,0.37378573417663574,0.007085982342668465,0.7074291007366158
05,259,1,0.5926773455377574,0.6995850300643209,0.34122729301452637,0.010949255738920107,0.642750043617169
05,260,1,0.5949656750572082,0.6956138203897455,0.3320373296737671,0.013816960665497226,0.7843411093572854
05,261,1,0.597254004576659,0.6898362346079174,0.3402874171733856,0.017285566506846956,1.200744147545071
05,262,1,0.5995423340961098,0.6856151336007681,0.3224295973777771,0.017916161032283103,1.0314052490740353
05,263,1,0.6018306636155606,0.6823781248236536,0.30709680914878845,0.016777936335540918,0.734941040394191
05,264,1,0.6041189931350115,0.6808096212751018,0.31549960374832153,0.014044713573925834,0.5954809295642648
05,265,1,0.6064073226544623,0.6803993733903912,0.3070349097251892,0.010753911679975466,0.19235306811899797
05,266,1,0.6086956521739131,0.6795760538638917,0.30178892612457275,0.00921801590209342,-0.012193119074357661
05,267,1,0.6109839816933639,0.6783664570985053,0.29496970772743225,0.008917842733260791,-0.12551261502739608
05,268,1,0.6132723112128147,0.6771734897263892,0.2896888256072998,0.009107893174089773,-0.1752679241877338
05,269,1,0.6155606407322655,0.6759368777045984,0.2874685525894165,0.00943547230870245,-0.1739108013316728
05,270,1,0.6178489702517163,0.6739633691125728,0.29186078906059265,0.010293356979279852,-0.041152583400628995
05,271,1,0.620137299771167,0.6708922448686854,0.29214218258857727,0.011961310035337566,0.11242616826916646
05,272,1,0.6224256292906178,0.6683972762809274,0.278626948595047,0.01258772556564058,-0.0023175463596735724
05,273,1,0.6247139588100686,0.6663151303023263,0.27331313490867615,0.012475818182876238,-0.07964799181175086
05,274,1,0.6270022883295194,0.6653630586744068,0.27189141511917114,0.011022452960227632,-0.2283615152711604
05,275,1,0.6292906178489702,0.6654056314911991,0.2725870907306671,0.008829802533893812,-0.4167635401907249
05,276,1,0.631578947368421,0.6660481018360638,0.27317503094673157,0.006815678844657611,-0.5904725416459775
05,277,1,0.6338672768878718,0.668441079219475,0.27554574608802795,0.0038354078500304456,-0.8285099847489452
05,278,1,0.6361556064073226,0.6704382204401556,0.27474695444107056,0.0023697538586371337,-0.9704433709411886
05,279,1,0.6384439359267735,0.6715636798618634,0.2764747440814972,0.0025130848783664872,-0.9356806991539215
05,280,1,0.6407322654462243,0.6717408808693621,0.2778763473033905,0.00387539596353381,-0.795411287291031
05,281,1,0.6430205949656751,0.669933863117772,0.27763858437538147,0.0071056084734484855,-0.5078937702252276
05,282,1,0.6453089244851259,0.6697275013327133,0.2741307020187378,0.0076851662330814615,-0.5001728659730864
05,283,1,0.6475972540045767,0.6695649096981988,0.27558207511901855,0.007670078090735386,-0.4831575548987831
05,284,1,0.6498855835240275,0.6683238924052515,0.27660271525382996,0.008411402842766588,-0.40356248686873625
05,285,1,0.6521739130434783,0.6675094456426551,0.2762313783168793,0.008371602489335269,-0.4118427594428769
05,286,1,0.6544622425629291,0.666792169178572,0.27772000432014465,0.008482774584639193,-0.3829999569098789
05,287,1,0.6567505720823799,0.6666697627615032,0.28198203444480896,0.007871347963172595,-0.38404071287673835
05,288,1,0.6590389016018307,0.6664876171479805,0.282245934009552,0.0073297068425214025,-0.429415643757718
05,289,1,0.6613272311212814,0.6661268115330015,0.2815706431865692,0.0072314436431827585,-0.4468017298294477
05,290,1,0.6636155606407322,0.6655383265082992,0.2812308073043823,0.0074742701404715535,-0.4292636137450812
05,291,1,0.665903890160183,0.6653384406597164,0.2808760702610016,0.007360695321486252,-0.44396907489739196
05,292,1,0.6681922196796338,0.6653619511948188,0.277241051197052,0.007004354260937121,-0.5220328476381069
05,293,1,0.6704805491990846,0.6661212908079788,0.2775649428367615,0.0059635981594866865,-0.6115390655342088
05,294,1,0.6727688787185355,0.6675393975753071,0.27604061365127563,0.004544111210902672,-0.7585044476116884
05,295,1,0.6750572082379863,0.6685711121404867,0.2730942368507385,0.0040126644124750515,-0.8436000909351195
05,296,1,0.6773455377574371,0.6687212599457084,0.2740175724029541,0.004670684477445923,-0.7727292362577343
05,297,1,0.6796338672768879,0.6686658638606662,0.27401003241539,0.005565907750210567,-0.6923077605977133
05,298,1,0.6819221967963387,0.6684105014952183,0.2754361927509308,0.006457413378830293,-0.5940720169648314
05,299,1,0.6842105263157895,0.6680395373108028,0.2782175838947296,0.007046153543223602,-0.5059118607352946
05,300,1,0.6864988558352403,0.6677369110088179,0.27867189049720764,0.007215886137787478,-0.4848951244037626
05,301,1,0.6887871853546911,0.667141724256446,0.27818912267684937,0.007564985655936771,-0.45960806655420433
05,302,1,0.6910755148741419,0.6668176831636747,0.2775607407093048,0.00750799184765302,-0.4726885583788785
05,303,1,0.6933638443935927,0.6659075678489454,0.27543365955352783,0.008019902579496415,-0.45357286218292947
05,304,1,0.6956521739130435,0.6646276548358767,0.2776937186717987,0.008766823227100814,-0.357785190051882
05,305,1,0.6979405034324943,0.6629177603767806,0.2873260974884033,0.009699403642961592,-0.1519759396393949
05,306,1,0.700228832951945,0.6614237876168695,0.28873464465141296,0.010137385432956388,-0.0947533617663443
05,307,1,0.7025171624713958,0.659839010518634,0.27969488501548767,0.010373688644490533,-0.18793078583280226
05,308,1,0.7048054919908466,0.6584129467553563,0.2794301509857178,0.010282613075190374,-0.19947333898164676
05,309,1,0.7070938215102975,0.6563012514225072,0.2864738404750824,0.01084063138790944,-0.0601216060284297
05,310,1,0.7093821510297483,0.6547203355478817,0.28591910004615784,0.010767420023966575,-0.07372851600805741
05,311,1,0.7116704805491991,0.6529987890398514,0.2782911956310272,0.010813103514749869,-0.16617828600209877
05,312,1,0.7139588100686499,0.6523670804571817,0.2818671464920044,0.009734756727723917,-0.21789892455582918
05,313,1,0.7162471395881007,0.651355344732685,0.28213801980018616,0.009235025877677019,-0.2594161425998541
05,314,1,0.7185354691075515,0.650420720112896,0.27951779961586,0.008933173825010462,-0.3197332106708126
05,315,1,0.7208237986270023,0.6500565086385264,0.2797628343105316,0.008222481440633641,-0.38055151701070944
05,316,1,0.7231121281464531,0.6499255009661613,0.27733302116394043,0.007617919012667449,-0.465684252864478
05,317,1,0.7254004576659039,0.6500012272547971,0.2738198935985565,0.0069317978512765084,-0.5718656714605389
05,318,1,0.7276887871853547,0.6496347913317866,0.2739761173725128,0.0069597044048151065,-0.5673781653434118
05,319,1,0.7299771167048055,0.6498630307905544,0.2743816673755646,0.006534982750769938,-0.6004441929841413
05,320,1,0.7322654462242563,0.6505082309579702,0.276589035987854,0.005841413121361187,-0.6348820734540458
05,321,1,0.7345537757437071,0.6513029889867775,0.27749890089035034,0.00519233759050605,-0.6817427048927172
05,322,1,0.7368421052631579,0.6524824693988294,0.2763764560222626,0.004338297611449297,-0.7727641535816452
05,323,1,0.7391304347826086,0.6531827107658956,0.2769804298877716,0.0043499757611437356,-0.7640683517698685
05,324,1,0.7414187643020596,0.6539084777492697,0.2784739136695862,0.004454128771604919,-0.735795357300179
05,325,1,0.7437070938215103,0.654181586060202,0.27507683634757996,0.005031082158497511,-0.726906055584424
05,326,1,0.7459954233409611,0.6536856734794629,0.27700984477996826,0.006246644007592753,-0.5931085139651231
05,327,1,0.7482837528604119,0.6538769331632373,0.27859681844711304,0.006356185343976831,-0.5631674393946547
05,328,1,0.7505720823798627,0.6533032609502147,0.2767774760723114,0.007103413156334751,-0.5189916416662315
05,329,1,0.7528604118993135,0.6527562835257782,0.2743363678455353,0.007499086381007544,-0.5143055592555668
05,330,1,0.7551487414187643,0.6526851806315681,0.2766365706920624,0.007213863641611665,-0.510841322849988
05,331,1,0.7574370709382151,0.6533867173707393,0.27663683891296387,0.006262203690466787,-0.596430797783506
05,332,1,0.7597254004576659,0.6538204411365901,0.2781892418861389,0.00570592597649147,-0.6268115068505573
05,333,1,0.7620137299771167,0.653958713411539,0.27797242999076843,0.005696948748136419,-0.6303634586728025
05,334,1,0.7643020594965675,0.6543894389739936,0.2754473388195038,0.0055668306571220166,-0.6740304707351992
05,335,1,0.7665903890160183,0.6544241397330919,0.2753607928752899,0.0059581944836301064,-0.6399265222929071
05,336,1,0.7688787185354691,0.6549958068949394,0.2779165506362915,0.005645882912370724,-0.6356637050037675
05,337,1,0.7711670480549199,0.6549319940937907,0.2761106491088867,0.0060035371531068065,-0.6263562470987785
05,338,1,0.7734553775743707,0.6552069766260364,0.27537471055984497,0.0059718747914239406,-0.6385199287902665
05,339,1,0.7757437070938215,0.6550467484961016,0.277213990688324,0.006336487334369531,-0.5824437500863702
05,340,1,0.7780320366132724,0.6545484780367302,0.27640441060066223,0.006990409984493293,-0.5338777007232558
05,341,1,0.7803203661327232,0.654840786215697,0.2757905423641205,0.006586269590974245,-0.5779970424138928
05,342,1,0.782608695652174,0.6549983324336726,0.27413707971572876,0.006405921403475232,-0.6151481851409507
05,343,1,0.7848970251716247,0.654864324339441,0.27240124344825745,0.006487768449615847,-0.6297600648241911
05,344,1,0.7871853546910755,0.6554604184558269,0.2732737064361572,0.005846068294064753,-0.6764308063352552
05,345,1,0.7894736842105263,0.6558934827142384,0.2744368612766266,0.005640989140427431,-0.6801518403601643
05,346,1,0.7917620137299771,0.6563320860854457,0.2761755585670471,0.005465559893855524,-0.6739205837132904
05,347,1,0.7940503432494279,0.6563262406802202,0.27814045548439026,0.005804843712024331,-0.6185323534467141
05,348,1,0.7963386727688787,0.6552227247172048,0.27722588181495667,0.007273838760234516,-0.4979872722655934
05,349,1,0.7986270022883295,0.6538888853928642,0.27759209275245667,0.008548254649919592,-0.37872982136166966
05,350,1,0.8009153318077803,0.6535710354804501,0.2803795039653778,0.008364955231990042,-0.3599311653808359
05,351,1,0.8032036613272311,0.6521283015322834,0.28046074509620667,0.009117426528907898,-0.29122504413322686
05,352,1,0.8054919908466819,0.6497912901656386,0.2785167396068573,0.010404953108568479,-0.20003250943258094
05,353,1,0.8077803203661327,0.6479675300415685,0.2759113013744354,0.010870854594747095,-0.19111024218287326
05,354,1,0.8100686498855835,0.6447652128536203,0.27703773975372314,0.012592832944871343,-0.021975340439121138
05,355,1,0.8123569794050344,0.6422616630492011,0.2779134511947632,0.012894927092583133,0.016280468027478845
05,356,1,0.8146453089244852,0.6411393534911679,0.2745952904224396,0.011550577029845712,-0.14663444899581263
05,357,1,0.816933638443936,0.6395773814791749,0.27894362807273865,0.01094956487322107,-0.14564598949426621
05,358,1,0.8192219679633868,0.6389924120905248,0.2837081551551819,0.009436997121272713,-0.22137501581670346
05,359,1,0.8215102974828375,0.640862397601955,0.28878113627433777,0.006123811419068701,-0.4551481116150916
05,360,1,0.8237986270022883,0.6433572333918827,0.29567408561706543,0.0032791592673294657,-0.6237427722163202
05,361,1,0.8260869565217391,0.646559534841761,0.29741889238357544,0.001184943241368113,-0.7900110188983556
05,362,1,0.8283752860411899,0.6505922322225326,0.29483163356781006,0.0016558312474952452,-0.780410135119869
05,363,1,0.8306636155606407,0.6542359751826305,0.30996978282928467,0.002399619174591252,-0.5218856638246843
05,364,1,0.8329519450800915,0.6592438733457242,0.3278168737888336,0.004064122942516015,-0.1462600520111691
05,365,1,0.8352402745995423,0.6642976866532209,0.32007718086242676,0.005146276261552287,-0.14690418600437977
05,366,1,0.8375286041189931,0.6668381529520593,0.3352457284927368,0.003280672756807825,-0.12268515387405055
05,367,1,0.8398169336384439,0.670059850554575,0.3354000151157379,0.002412422027659735,-0.19882309611358712
05,368,1,0.8421052631578947,0.6726164291576253,0.3468126058578491,0.0010334437849001139,-0.1783818402558593
05,369,1,0.8443935926773455,0.6758990253817085,0.3488072454929352,0.0009524890588319423,-0.1604136171398623
05,370,1,0.8466819221967964,0.6804071266752378,0.34847596287727356,0.002560255670239322,-0.020003691234981136
05,371,1,0.8489702517162472,0.6852611574112679,0.344917356967926,0.004022042975474762,0.06642338165201384
05,372,1,0.851258581235698,0.6897743030655838,0.364977091550827,0.004734861915617452,0.384462850549344
05,373,1,0.8535469107551488,0.6947008481993309,0.3608086109161377,0.0053719385723748365,0.3889947914945667
05,374,1,0.8558352402745996,0.6997388332980681,0.4018905460834503,0.0057094679667064625,0.9393920650915067
05,375,1,0.8581235697940504,0.70319278556528,0.4342518448829651,0.004330493578210805,1.2250149281935427
05,376,1,0.8604118993135011,0.7055211183613376,0.43921658396720886,0.0023104542364378883,1.1061780039940685
05,377,1,0.8627002288329519,0.7046942834475312,0.41449862718582153,0.0025876194019794608,0.8182117436730372
05,378,1,0.8649885583524027,0.702408681727605,0.4056965410709381,0.007371579933955733,1.1370619764529275
05,379,1,0.8672768878718535,0.6976535136294275,0.3838260769844055,0.012794210139517394,1.3479272101054582
05,380,1,0.8695652173913043,0.6915915621136229,0.35658887028694153,0.017471343671358858,1.4238065892270995
05,381,1,0.8718535469107551,0.684229831273578,0.3352086544036865,0.021350685449475187,1.5020733851145065
05,382,1,0.8741418764302059,0.6835170595641693,0.341625452041626,0.016947344115395526,1.1872618662315602
05,383,1,0.8764302059496567,0.6832526830504593,0.3254539966583252,0.012488815088246643,0.5815511327874674
05,384,1,0.8787185354691075,0.6835198773309213,0.3269122540950775,0.008621413163042515,0.25217416380374763
05,385,1,0.8810068649885584,0.6832958177305213,0.32184508442878723,0.006827551567767179,0.026689908936123788
05,386,1,0.8832951945080092,0.6827936055168569,0.32803311944007874,0.007096260395667434,0.12918958673608957
05,387,1,0.88558352402746,0.6834247493778971,0.32183411717414856,0.006284253022799083,-0.02231352008321022
05,388,1,0.8878718535469108,0.6834943097598487,0.3181168735027313,0.006257709222706935,-0.0717559764193547
05,389,1,0.8901601830663616,0.6843419406067772,0.3231826722621918,0.00540368648301026,-0.08444139011989148
05,390,1,0.8924485125858124,0.6836037998753577,0.32099801301956177,0.006403357933493778,-0.02218505839496094
05,391,1,0.8947368421052632,0.6827302841544778,0.3117463290691376,0.007479422243998887,-0.04251652708019281
05,392,1,0.897025171624714,0.682472156589812,0.31098511815071106,0.007563933502809869,-0.04455139599421937
05,393,1,0.8993135011441648,0.6837017660885265,0.30611565709114075,0.006078785711586153,-0.2397670314009051
05,394,1,0.9016018306636155,0.6853410690991419,0.3018548786640167,0.00427943907140804,-0.455536832502476
05,395,1,0.9038901601830663,0.6881249171114463,0.32175979018211365,0.0020231310725006262,-0.40650227490303364
05,396,1,0.9061784897025171,0.6914771280903902,0.32433104515075684,0.0007743867143401575,-0.48626661459591225
05,397,1,0.9084668192219679,0.6945311943547711,0.32644063234329224,0.0008764677638883355,-0.4503809685302017
05,398,1,0.9107551487414187,0.6949351476802359,0.32710766792297363,0.0014269359772079693,-0.3924277904433524
05,399,1,0.9130434782608695,0.6942677022995201,0.3265226185321808,0.0044929010031972945,-0.1240789506903557
05,400,1,0.9153318077803204,0.6931926158066326,0.32620948553085327,0.007103683793103191,0.10677260418493877
05,401,1,0.9176201372997712,0.6929002315050443,0.3244633078575134,0.007824940023752083,0.14953866468034382
05,402,1,0.919908466819222,0.692246317127001,0.3245115578174591,0.008071113689363692,0.172290449521462
05,403,1,0.9221967963386728,0.6896735975162699,0.32270991802215576,0.009971625661786106,0.320417410319469
05,404,1,0.9244851258581236,0.6867962183056892,0.3066276013851166,0.011700478676554295,0.272331922666295
05,405,1,0.9267734553775744,0.6838716517362211,0.32814309000968933,0.013025945870786478,0.6639011494802067
05,406,1,0.9290617848970252,0.6818339311666044,0.323370099067688,0.012806521498197384,0.5837466184540879
05,407,1,0.931350114416476,0.6800206102007984,0.33870360255241394,0.012016745973904227,0.7068143780405065
05,408,1,0.9336384439359268,0.6790265047072477,0.33779799938201904,0.010597604638587079,0.5677122841323062
05,409,1,0.9359267734553776,0.6795593014223626,0.34889280796051025,0.008122379523861741,0.48553375839565505
05,410,1,0.9382151029748284,0.6891729522497214,0.38321244716644287,0.004094653535208327,0.5577161470390142
05,411,1,0.9405034324942791,0.7627455993773694,0.3591565191745758,0.07430725073883038,6.56816519888267
05,412,1,0.9427917620137299,0.08792777924418688,0.5528393983840942,0.37880818331150506,36.40691639332313
05,413,1,0.9450800915331807,0.12159065942365238,0.5546093583106995,0.31024574485673584,30.262774518451106
05,414,1,0.9473684210526315,0.1296277486905124,0.5154033303260803,0.2077749946232734,20.550200089508667
05,415,1,0.9496567505720824,0.13130742958439806,0.5136035680770874,0.09979983725871974,10.816066818686688
05,416,1,0.9519450800915332,0.13089547216929942,0.5095020532608032,0.010256782304365206,2.7105910015172037
05,417,1,0.954233409610984,0.1291988275727871,0.5069450736045837,0.005650006387684964,2.2638870199247707
05,418,1,0.9565217391304348,0.12829927853941708,0.5097305178642273,0.00845159745833866,2.551123628650617
05,419,1,0.9588100686498856,0.12766791715681466,0.5088776350021362,0.008750841303167247,2.5672414998674253
05,420,1,0.9610983981693364,0.12696881546669186,0.5014916658401489,0.00854006488639419,2.454788131998486
05,421,1,0.9633867276887872,0.12719622203067601,0.4991474151611328,0.007330994146758166,2.3163686546616304
05,422,1,0.965675057208238,0.12744427233484948,0.5006524324417114,0.006582292457056893,2.2680813807065214
05,423,1,0.9679633867276888,0.1277736267089326,0.5086661577224731,0.006039186531831884,2.320676627796655
05,424,1,0.9702517162471396,0.12839104122852119,0.5127475261688232,0.005448199400272828,2.3191872884403497
05,425,1,0.9725400457665904,0.12845176219554058,0.5083199143409729,0.005743034873710721,2.2896576134121935
05,426,1,0.9748283752860412,0.12893832077262798,0.5101976990699768,0.005570361337839445,2.2978973722256497
05,427,1,0.977116704805492,0.12959194937834584,0.5133028626441956,0.005290244841566231,2.312010540964251
05,428,1,0.9794050343249427,0.12993773006182882,0.5101382732391357,0.00539904482543657,2.2817368140627887
05,429,1,0.9816933638443935,0.13000174543736578,0.5047767758369446,0.005721701658226523,2.2428877274126595
15,8,0,0.023529411764705882,0.0779288374187005,0.2666481137275696,nan,nan
15,9,0,0.026470588235294117,0.07776587641620092,0.2660967707633972,nan,nan
15,10,0,0.029411764705882353,0.07700010376982933,0.2690824866294861,nan,nan
15,11,0,0.03235294117647059,0.07656976769924358,0.27085867524147034,nan,nan
15,12,0,0.03529411764705882,0.07655103591811371,0.27122384309768677,0.007258616901386361,-0.575333726918784
15,13,0,0.03823529411764706,0.07690912546789945,0.2703489065170288,0.006556076976453909,-0.649596061570458
15,14,0,0.041176470588235294,0.07769583980773316,0.2737548351287842,0.00555517489954485,-0.6965035193622142
15,15,0,0.04411764705882353,0.07890425470764506,0.26948145031929016,0.004520694009108926,-0.8436404125335644
15,16,0,0.047058823529411764,0.08027628320914373,0.26070186495780945,0.003732287259710585,-1.0256874274077281
15,17,0,0.05,0.08177422461878926,0.2683039903640747,0.0031656576728225617,-0.9804181897278745
15,18,0,0.052941176470588235,0.08352159931395398,0.279640257358551,0.002634557765380322,-0.8846843963757867
15,19,1,0.05588235294117647,0.08569301193319628,0.291003942489624,0.0019195850226932632,-0.8051411616221356
15,20,1,0.058823529411764705,0.08811676522189729,0.3288857638835907,0.001193021040380019,-0.3909580401654619
15,21,1,0.061764705882352944,0.09082087861556006,0.3146449029445648,0.0005023835480356936,-0.633343717695237
15,22,1,0.06470588235294118,0.09407826612525758,0.2961863577365875,0.0005466958605991634,-0.8630175332738185
15,23,1,0.06764705882352941,0.09834410476475132,0.27926987409591675,0.0021733677972670417,-0.9308526329801037
15,24,1,0.07058823529411765,0.10362316671421697,0.270470529794693,0.004289656538843891,-0.8518997031764436
15,25,1,0.07352941176470588,0.109288854808341,0.265931099653244,0.006078744259888027,-0.7484508924385901
15,26,1,0.07647058823529412,0.11583891584195767,0.26944872736930847,0.008011811245309478,-0.5300614484313826
15,27,1,0.07941176470588235,0.1202918694929384,0.2724580764770508,0.007024602467115173,-0.5807574629382684
15,28,1,0.08235294117647059,0.124885721734202,0.2803468108177185,0.006131513526332013,-0.5612221094306036
15,29,1,0.08529411764705883,0.1282050071355773,0.26896247267723083,0.0041351601727110405,-0.8848850874204393
15,30,1,0.08823529411764706,0.13252064658996374,0.27393651008605957,0.00372176154528839,-0.8591020725833612
15,31,1,0.09117647058823529,0.13686450001542574,0.2724056541919708,0.0038951822837489125,-0.8628829951100148
15,32,1,0.09411764705882353,0.14111637872252572,0.2676270604133606,0.0040039033602270475,-0.9135948504980553
15,33,1,0.09705882352941177,0.1464442788516453,0.26485034823417664,0.005274139242265665,-0.8344983502833888
15,34,1,0.1,0.1530434890216582,0.26659852266311646,0.007313531483261612,-0.628944745349242
15,35,1,0.10294117647058823,0.1603512117334124,0.2697083055973053,0.009490543587092174,-0.3937774730774465
15,36,1,0.10588235294117647,0.16784866074871943,0.26939353346824646,0.011116314672902531,-0.25153921427874687
15,37,1,0.10882352941176471,0.17655863392705096,0.2656766176223755,0.013143217344685657,-0.11628930608115162
15,38,1,0.11176470588235295,0.18390304375335437,0.2665458917617798,0.012959038402137583,-0.12185067997734711
15,39,1,0.11470588235294117,0.19034818405740742,0.28410041332244873,0.011689290023266633,-0.013836994984444684
15,40,1,0.11764705882352941,0.1963393812032073,0.28199225664138794,0.010181244088067757,-0.1761578629505876
15,41,1,0.12058823529411765,0.2018413361248671,0.2803063690662384,0.008560518896105627,-0.3432678366693639
15,42,1,0.12352941176470589,0.20582492024384288,0.2787654995918274,0.006223427465627348,-0.5729724963852031
15,43,1,0.1264705882352941,0.21057884630101278,0.27947303652763367,0.005496884400175097,-0.629361792894907
15,44,1,0.12941176470588237,0.21454307318000063,0.27992621064186096,0.004403445718261652,-0.7219697790752071
15,45,1,0.1323529411764706,0.2192170336503895,0.2825918197631836,0.004526483194452176,-0.677160841630322
15,46,1,0.13529411764705881,0.2223867740341923,0.28468748927116394,0.0033522991968743276,-0.7562394223615517
15,47,1,0.13823529411764707,0.2248386532005774,0.284706175327301,0.0017364766311808461,-0.9013309396401721
15,48,1,0.1411764705882353,0.22734888485060956,0.28475403785705566,0.0007689275036922858,-0.9877470194889307
15,49,1,0.14411764705882352,0.22819481173331047,0.2855958938598633,0.001746531194138199,-0.8891640375101285
15,50,1,0.14705882352941177,0.22782802594941629,0.28587228059768677,0.004357761498762601,-0.6508097398751258
15,51,1,0.15,0.22782094890865617,0.2882861793041229,0.005725151518328736,-0.4972692846358235
15,52,1,0.15294117647058825,0.2274911454380278,0.2895072400569916,0.006800528915976834,-0.38509227618553366
15,53,1,0.15588235294117647,0.2269799774755053,0.2934710681438446,0.0073472620253538625,-0.28574226666090585
15,54,1,0.1588235294117647,0.22705536412017197,0.29117968678474426,0.0069681668162359075,-0.3488439925452224
15,55,1,0.16176470588235295,0.2258840136883873,0.29331913590431213,0.007946351790709513,-0.23378302072317955
15,56,1,0.16470588235294117,0.22412156259412536,0.29284656047821045,0.00922456907990422,-0.12480152850465007
15,57,1,0.1676470588235294,0.22268484450655976,0.28998786211013794,0.009818891456494224,-0.10753492696816308
15,58,1,0.17058823529411765,0.22251750226396563,0.29354405403137207,0.008912450456851944,-0.1440443757398588
15,59,1,0.17352941176470588,0.22183939209020373,0.2938181459903717,0.008456095166562271,-0.18161962616191546
15,60,1,0.17647058823529413,0.221269273545395,0.298469603061676,0.00801505831182511,-0.16240582477648952
15,61,1,0.17941176470588235,0.2203606452602983,0.3002227246761322,0.008210614334739224,-0.12262533743075053
15,62,1,0.18235294117647058,0.21981762533433694,0.3012506663799286,0.008172584449135222,-0.11303346814729197
15,63,1,0.18529411764705883,0.21993002106870263,0.3006897270679474,0.007385219482362354,-0.19095025324769882
15,64,1,0.18823529411764706,0.2198976608837949,0.3015749752521515,0.006940236911894823,-0.2197662538054822
15,65,1,0.19117647058823528,0.22072054398703872,0.2979808449745178,0.005774450643250993,-0.37011442229568553
15,66,1,0.19411764705882353,0.22129867882813006,0.300537109375,0.005286290483844739,-0.38166111978564193
15,67,1,0.19705882352941176,0.22124206577989985,0.2999732494354248,0.00571316690552323,-0.3504052727889245
15,68,1,0.2,0.22119055195128287,0.2981944680213928,0.006092691911939519,-0.33878744242627656
15,69,1,0.20294117647058824,0.22112878023805776,0.298270046710968,0.006477686392036605,-0.30320408638154756
15,70,1,0.20588235294117646,0.2209565634296254,0.29739052057266235,0.006751962263223732,-0.2896691162856825
15,71,1,0.2088235294117647,0.22210464518696355,0.29393553733825684,0.005518351656259411,-0.44435604029479303
15,72,1,0.21176470588235294,0.22402736690779768,0.29357627034187317,0.0038112747871912023,-0.6024393801956928
15,73,1,0.21470588235294116,0.22539380447831342,0.297782838344574,0.0031540409558041527,-0.6083021369335666
15,74,1,0.21764705882352942,0.22672123640570005,0.29549577832221985,0.0028928650884814644,-0.6607434240027974
15,75,1,0.22058823529411764,0.22848592608544963,0.2951851487159729,0.00256934365275052,-0.6937732722587664
15,76,1,0.2235294117647059,0.23034442139622807,0.2975403964519501,0.0023061685665936283,-0.6876292655249232
15,77,1,0.22647058823529412,0.2324937162476807,0.2979004979133606,0.001736137337248559,-0.7343398388367692
15,78,1,0.22941176470588234,0.23379031994169844,0.29831022024154663,0.002214511585572674,-0.6861280603098754
15,79,1,0.2323529411764706,0.23492884557901866,0.2975890636444092,0.002843256832252059,-0.6387071644404517
15,80,1,0.23529411764705882,0.23616552124333334,0.29568955302238464,0.003217311041329577,-0.6291096433255333
15,81,1,0.23823529411764705,0.23707517241836681,0.29747048020362854,0.003762934828072465,-0.5574918705970591
15,82,1,0.2411764705882353,0.23791236675379088,0.30123913288116455,0.004071104535319945,-0.4820690443300495
15,83,1,0.24411764705882352,0.23847917426832022,0.2956183850765228,0.004534808723813731,-0.511513993161758
15,84,1,0.24705882352941178,0.23888991844501725,0.29360657930374146,0.0050116467194420405,-0.4940935353644538
15,85,1,0.25,0.23833169226270792,0.29199883341789246,0.006250972202172367,-0.40297966147566455
15,86,1,0.2529411764705882,0.23849085362750858,0.28774943947792053,0.006405940798456977,-0.4428330593444503
15,87,1,0.25588235294117645,0.23541392156177815,0.28596311807632446,0.00962749458261684,-0.17569689150904277
15,88,1,0.25882352941176473,0.23340795274286677,0.2891751527786255,0.01086715022489269,-0.02354166102448796
15,89,1,0.26176470588235295,0.23437343002422717,0.3004280924797058,0.008531181517994656,-0.0911936632028382
15,90,1,0.2647058823529412,0.23594375573735943,0.306266725063324,0.005971290245242232,-0.24752292987180108
15,91,1,0.2676470588235294,0.23923913956258233,0.3036343455314636,0.0023881225613921735,-0.6031174260292419
15,92,1,0.27058823529411763,0.2443052504783661,0.2903617322444916,0.002070674468100694,-0.7996815666514112
15,93,1,0.2735294117647059,0.25137439250780463,0.28347018361091614,0.006415492063664377,-0.49614338982538686
15,94,1,0.27647058823529413,0.2581224862660705,0.28697797656059265,0.008913345201035875,-0.22708123286987772
15,95,1,0.27941176470588236,0.2670640187063003,0.28256985545158386,0.012310195009087924,0.022632858262794542
15,96,1,0.2823529411764706,0.2762915007921439,0.2860073149204254,0.014581457309001986,0.2704249753582634
15,97,1,0.2852941176470588,0.2894002369425528,0.2931327521800995,0.019693630880966484,0.8204149923974664
15,98,1,0.28823529411764703,0.3021974276983295,0.29337412118911743,0.022984360528056136,1.1194405955715339
15,99,1,0.2911764705882353,0.3226413869419217,0.3110676407814026,0.03240958441358352,2.1911260594460242
15,100,1,0.29411764705882354,0.334416901632262,0.30704477429389954,0.030290757045018574,1.949633600311594
15,101,1,0.29705882352941176,0.3499447476974719,0.30483174324035645,0.03128725290019893,2.0112451697479865
15,102,1,0.3,0.35857416779213164,0.3053407371044159,0.02478054530612886,1.4324711110008055
15,103,1,0.3029411764705882,0.3774391377226563,0.31902340054512024,0.029551330213202998,2.034761711575888
15,104,1,0.3058823529411765,0.3931893212519239,0.32106900215148926,0.03160207604728696,2.245101476407199
15,105,1,0.3088235294117647,0.40303482555411835,0.3160651624202728,0.02675447544456591,1.7457637607447403
15,106,1,0.31176470588235294,0.41936514658806456,0.3149557411670685,0.02981227701435052,2.006740562045738
15,107,1,0.31470588235294117,0.42780426757527534,0.34931814670562744,0.02305365330257808,1.8338457234440593
15,108,1,0.3176470588235294,0.43088396526367545,0.375128835439682,0.013542068527823418,1.3050951659146086
15,109,1,0.3205882352941177,0.4249749756904987,0.33956265449523926,0.007565851921676192,0.3173726739895868
15,110,1,0.3235294117647059,0.4202399818718695,0.31476157903671265,0.012010613401015502,0.40319037497575305
15,111,1,0.3264705882352941,0.4025991000137432,0.30552998185157776,0.029870204080093027,1.8926336652691453
15,112,1,0.32941176470588235,0.3911422254490736,0.30714792013168335,0.03502578675437959,2.3768107111004415
15,113,1,0.3323529411764706,0.3753501069233528,0.3091936707496643,0.040882470326449954,2.9294606988524
15,114,1,0.3352941176470588,0.3636496992700643,0.3154866099357605,0.040176660787951984,2.9456395464685152
15,115,1,0.3382352941176471,0.34869310588365093,0.3211529850959778,0.040985683523914046,3.0901319011673043
15,116,1,0.3411764705882353,0.3480961780934698,0.3154085874557495,0.028106112781572087,1.8590195202928108
15,117,1,0.34411764705882353,0.34262597249615595,0.32404688000679016,0.022814806539985008,1.4924649114846202
15,118,1,0.34705882352941175,0.3464519722462461,0.3292771577835083,0.011422071759439432,0.5340034514661823
15,119,1,0.35,0.3394628633706041,0.310587078332901,0.013497450302783084,0.48407405946812637
15,120,1,0.35294117647058826,0.3323878169587718,0.30751320719718933,0.018264936086353697,0.8739537104699665
15,121,1,0.3558823529411765,0.3298001428935399,0.3043063282966614,0.016925519867911045,0.7128912187885551
15,122,1,0.3588235294117647,0.3237645093636114,0.30607298016548157,0.019754695997185573,0.9897123616587884
15,123,1,0.36176470588235293,0.32160635916992397,0.3053576648235321,0.016240980470214324,0.6646317780987426
15,124,1,0.36470588235294116,0.3180835379572222,0.302354097366333,0.015299675632746045,0.5419493019415819
15,125,1,0.36764705882352944,0.3262763353999969,0.2982442378997803,0.00632850586227003,-0.3169481765929725
15,126,1,0.37058823529411766,0.3373938120517914,0.29220637679100037,0.00846762008559629,-0.2009858053280445
15,127,1,0.3735294117647059,0.3706861250070498,0.294257789850235,0.03835260736880966,2.512855995353834
15,128,1,0.3764705882352941,0.3983297824416445,0.2837156653404236,0.053726323344122945,3.7621287770861844
15,129,1,0.37941176470588234,0.4209629789056798,0.28595906496047974,0.056297958687052646,4.021821504060418
15,130,1,0.38235294117647056,0.44069595851880533,0.30577635765075684,0.052359277423757455,3.918433263660429
15,131,1,0.38529411764705884,0.4520887480708326,0.3039020001888275,0.037926530359031235,2.596616547568726
15,132,1,0.38823529411764707,0.46719874540824896,0.29948365688323975,0.0326858719305019,2.0693385373934436
15,133,1,0.3911764705882353,0.48143633469128705,0.2982432246208191,0.029706220471888867,1.7856447547285959
15,134,1,0.3941176470588235,0.4892587668501802,0.2969314157962799,0.022410313684380234,1.1128408362099917
15,135,1,0.39705882352941174,0.497764844522762,0.29592519998550415,0.018775689274118296,0.7732032428230284
15,136,1,0.4,0.505634242543558,0.2928835153579712,0.015226063181931985,0.41544426925364003
15,137,1,0.40294117647058825,0.5160261561108763,0.2946566343307495,0.01600910246542298,0.5083164940481362
15,138,1,0.40588235294117647,0.52607880527097,0.29348891973495483,0.017414296270619304,0.6199188438720739
15,139,1,0.4088235294117647,0.5348346232388437,0.29403719305992126,0.016965104633295595,0.586458648236714
15,140,1,0.4117647058823529,0.5428769905024411,0.29421287775039673,0.015740027217872602,0.4784983680462867
15,141,1,0.4147058823529412,0.5482854344097532,0.29541829228401184,0.01183778413546394,0.14278712785347492
15,142,1,0.4176470588235294,0.5521538574555496,0.29130882024765015,0.007641387606541097,-0.28665945993323244
15,143,1,0.42058823529411765,0.5543849201196474,0.2923349142074585,0.0035368571911463826,-0.6428344918570632
15,144,1,0.4235294117647059,0.5582350057695176,0.2942879796028137,0.002316198654163273,-0.7278981887490967
15,145,1,0.4264705882352941,0.5598186986396312,0.2925061285495758,0.0006309258752153495,-0.9020283744198865
15,146,1,0.4294117647058823,0.5613300014510458,0.2946470379829407,0.0013116255385470766,-0.8137049254590527
15,147,1,0.4323529411764706,0.5639783088670258,0.2966385781764984,0.00098280653072985,-0.8180689999862769
15,148,1,0.43529411764705883,0.5660962225423027,0.29588472843170166,0.0012377876330088556,-0.8046785261848395
15,149,1,0.43823529411764706,0.5657326819502089,0.29251405596733093,0.0035666324182990184,-0.6378888065514386
15,150,1,0.4411764705882353,0.566977280651242,0.29555588960647583,0.003800529544910334,-0.5783466105659378
15,151,1,0.4441176470588235,0.5703346002507401,0.29215866327285767,0.0022349882465089992,-0.762156459896547
15,152,1,0.4470588235294118,0.5713991149010382,0.29733139276504517,0.002379587941091691,-0.6836715762016692
15,153,1,0.45,0.5717240365794856,0.296627402305603,0.0033803893523282314,-0.6025704251693444
15,154,1,0.45294117647058824,0.5710914013869114,0.29449036717414856,0.005510863202221575,-0.4380061888715097
15,155,1,0.45588235294117646,0.5690410654771076,0.29398423433303833,0.008589729295942674,-0.16749804647449387
15,156,1,0.4588235294117647,0.5689714403865023,0.2918815016746521,0.008335970693139929,-0.2169388944136605
15,157,1,0.46176470588235297,0.5684997057989802,0.29042330384254456,0.008200786652027971,-0.24755616787414603
15,158,1,0.4647058823529412,0.569649391490642,0.2902595102787018,0.006245018265239903,-0.42553255346042673
15,159,1,0.4676470588235294,0.5700093337818485,0.29155609011650085,0.005524573499966044,-0.4739169082460918
15,160,1,0.47058823529411764,0.5720476446381118,0.29124966263771057,0.003728329719887983,-0.6393510997480782
15,161,1,0.47352941176470587,0.5714535794702722,0.29303163290023804,0.005091445950629906,-0.4941943593885565
15,162,1,0.4764705882352941,0.5713064395737262,0.29106152057647705,0.0059770542649989185,-0.43948107188942437
15,163,1,0.47941176470588237,0.5713330617024945,0.2891845405101776,0.006364694157001608,-0.4283764410213618
15,164,1,0.4823529411764706,0.5682019169287493,0.2896803915500641,0.00982677091090833,-0.11071839010490853
15,165,1,0.4852941176470588,0.5645370655430071,0.293922483921051,0.012530190369309965,0.18612772652078197
15,166,1,0.48823529411764705,0.5556243644519131,0.2995091676712036,0.01971376297858768,0.9029421617310317
15,167,1,0.49117647058823527,0.5473888690466922,0.2962782382965088,0.02402873960335536,1.2501347289379068
15,168,1,0.49411764705882355,0.5419958628201131,0.2950202524662018,0.023435697665983773,1.1808718431363254
15,169,1,0.4970588235294118,0.5357373600406279,0.29923945665359497,0.02314268691830998,1.2079274866926606
15,170,1,0.5,0.5275734763745157,0.30429255962371826,0.024106644208827382,1.358591582986283
15,171,1,0.5029411764705882,0.5250521844221442,0.3010253310203552,0.019615214141849524,0.9132711212654037
15,172,1,0.5058823529411764,0.522007572252536,0.30209770798683167,0.017075655155320692,0.6984364418976903
15,173,1,0.5088235294117647,0.5227413438903149,0.30089256167411804,0.011344810875647534,0.16774538747749615
15,174,1,0.5117647058823529,0.528157625384511,0.2963705360889435,0.004566588760854833,-0.4991345006313572
15,175,1,0.5147058823529411,0.5340109972753104,0.2936282753944397,0.0037432080626494677,-0.6079030314508549
15,176,1,0.5176470588235295,0.5393848470038665,0.2992549538612366,0.0061619558096918685,-0.31913354241231784
15,177,1,0.5205882352941177,0.5503834776304065,0.305174320936203,0.012816267748399307,0.35429017299144694
15,178,1,0.5235294117647059,0.5609650287241326,0.30323338508605957,0.016487285407102453,0.659894190857266
15,179,1,0.5264705882352941,0.5684774260875809,0.3076624274253845,0.01579783193564541,0.6539497933013835
15,180,1,0.5294117647058824,0.577267441923611,0.31367355585098267,0.015971240568607912,0.7456387248255891
15,181,1,0.5323529411764706,0.5877046675024058,0.3140212595462799,0.016937817417466555,0.8369746709213353
15,182,1,0.5352941176470588,0.6014003750748056,0.31233176589012146,0.02130322752186653,1.2082156698407656
15,183,1,0.538235294117647,0.6118974277547716,0.30077382922172546,0.021691443614164307,1.096824792789138
15,184,1,0.5411764705882353,0.622117835517334,0.3058614134788513,0.021056850959929013,1.1041508272215803
15,185,1,0.5441176470588235,0.6315730920430821,0.3186248242855072,0.01929950908724634,1.107661317208824
15,186,1,0.5470588235294118,0.6438234127544465,0.31334105134010315,0.020582723663441715,1.1561892562012008
15,187,1,0.55,0.6541093458712325,0.3188989758491516,0.020262897360317417,1.197779414054423
15,188,1,0.5529411764705883,0.6600315535675725,0.32467028498649597,0.015632125527542205,0.8543416798561468
15,189,1,0.5558823529411765,0.6620088031065174,0.3251711428165436,0.008441022083156365,0.213909654591055
15,190,1,0.5588235294117647,0.6613049495753984,0.32446208596229553,0.003727798958721051,-0.21897614238724883
15,191,1,0.5617647058823529,0.6588020109740431,0.32278791069984436,0.007055158549643584,0.05909587637254363
15,192,1,0.5647058823529412,0.6544372577527788,0.3204463720321655,0.012593078046610525,0.5275391022832121
15,193,1,0.5676470588235294,0.6407548590786953,0.3114236891269684,0.024876902766995612,1.5181391996094007
15,194,1,0.5705882352941176,0.6271032000929297,0.319022536277771,0.03321507574580568,2.3642702550557093
15,195,1,0.5735294117647058,0.6168350228018891,0.2995758056640625,0.03493281566622919,2.2725964870959365
15,196,1,0.5764705882352941,0.6143553679239524,0.3025106191635132,0.02692072350112734,1.5891347057284166
15,197,1,0.5794117647058824,0.6150325918029069,0.30822253227233887,0.01622302716496621,0.6992822505267393
15,198,1,0.5823529411764706,0.6150006603115552,0.30082154273986816,0.009824391837370824,0.030098981666032726
15,199,1,0.5852941176470589,0.6146205402807202,0.30633270740509033,0.007178876922862174,-0.13807661153598152
15,200,1,0.5882352941176471,0.6142858352886563,0.31039437651634216,0.006959961284633856,-0.10635098222695846
15,201,1,0.5911764705882353,0.6138950816283979,0.2908441722393036,0.007333331786068262,-0.32024797835978214
15,202,1,0.5941176470588235,0.6101112225815286,0.283287912607193,0.010832813289310291,-0.1011541486434201
15,203,1,0.5970588235294118,0.6046859543932598,0.278845876455307,0.015035722045072475,0.22062805374680527
15,204,1,0.6,0.6046741532988633,0.28302040696144104,0.012563876667603831,0.051152489855162686
15,205,1,0.6029411764705882,0.6059956228908394,0.285460501909256,0.00883948657817948,-0.2529332225965625
15,206,1,0.6058823529411764,0.6063871245241383,0.28708794713020325,0.0064731202604909315,-0.445164463282245
15,207,1,0.6088235294117647,0.6084355690239378,0.28675544261932373,0.003493651246343902,-0.7173487449395968
15,208,1,0.611764705882353,0.6092008398340849,0.28585702180862427,0.0036657840938663067,-0.7132397600749965
15,209,1,0.6147058823529412,0.6201180503144614,0.28823819756507874,0.006119754752704822,-0.4623858131493416
15,210,1,0.6176470588235294,0.6265899354415614,0.2792329788208008,0.009061033023899271,-0.3118389089384841
15,211,1,0.6205882352941177,0.6314556500497291,0.2765312194824219,0.00887604490271127,-0.3626773358175503
15,212,1,0.6235294117647059,0.6332721762695424,0.27930977940559387,0.005327989054871337,-0.6466189483369941
15,213,1,0.6264705882352941,0.632497561822126,0.28020337224006653,0.0028498482492311512,-0.858192795798153
15,214,1,0.6294117647058823,0.6320699125388514,0.2786201536655426,0.005377424850394855,-0.6509023576332298
15,215,1,0.6323529411764706,0.6328408368099057,0.2771105170249939,0.005976494853663053,-0.6161315224610332
15,216,1,0.6352941176470588,0.6306085094896077,0.2770281136035919,0.00855511886400517,-0.3852516347720035
15,217,1,0.638235294117647,0.6310327856045952,0.275525838136673,0.00746492605403398,-0.5023209341841206
15,218,1,0.6411764705882353,0.6325340773113279,0.27839839458465576,0.005597440292918529,-0.6339211948928835
15,219,1,0.6441176470588236,0.6326366032776765,0.2790556848049164,0.005610955519689152,-0.6243852549926862
15,220,1,0.6470588235294118,0.6330939666676088,0.2750397324562073,0.005102533746699554,-0.7209493398494347
15,221,1,0.65,0.6333047539281904,0.27458474040031433,0.005513110780618167,-0.6897813549174509
15,222,1,0.6529411764705882,0.6341779375187369,0.27485015988349915,0.005207919270970527,-0.7138706250764075
15,223,1,0.6558823529411765,0.6347622367239445,0.27512264251708984,0.0050345851176151184,-0.7260111554711128
15,224,1,0.6588235294117647,0.636596317333315,0.27667397260665894,0.0037319128698116134,-0.8235366204838404
15,225,1,0.6617647058823529,0.6380644103309943,0.2778233587741852,0.0031394075385589282,-0.8622772907819568
15,226,1,0.6647058823529411,0.6394857901019249,0.2783297896385193,0.0029079418683292924,-0.8766847484237201
15,227,1,0.6676470588235294,0.6402928947285768,0.2782388925552368,0.0034278003874743924,-0.8310789891099966
15,228,1,0.6705882352941176,0.6399312878719995,0.2756728231906891,0.005172071745209726,-0.7066810096019418
15,229,1,0.6735294117647059,0.6402580298574954,0.2781622111797333,0.005679072394384975,-0.6295689050574101
15,230,1,0.6764705882352942,0.6414085868853191,0.27814391255378723,0.00507692024818651,-0.6839584673609438
15,231,1,0.6794117647058824,0.6427147390126118,0.2767743170261383,0.004251467316742389,-0.775537360425848
15,232,1,0.6823529411764706,0.6445074330287734,0.27822038531303406,0.0030642343715894783,-0.8640126116803759
15,233,1,0.6852941176470588,0.6455917354105727,0.280041366815567,0.0031239682789837276,-0.8355890363587208
15,234,1,0.6882352941176471,0.6460868378940008,0.28160133957862854,0.00396229218382496,-0.7404426114098721
15,235,1,0.6911764705882353,0.6469657788378689,0.2832552194595337,0.004252913992127292,-0.6933681111106917
15,236,1,0.6941176470588235,0.6478572454105834,0.2846093475818634,0.004424207375727017,-0.6608205181524587
15,237,1,0.6970588235294117,0.6487651723716221,0.2787686586380005,0.004353733510140815,-0.7410939098142252
15,238,1,0.7,0.6497266350163442,0.27775153517723083,0.004185630105681097,-0.7690885878033884
15,239,1,0.7029411764705882,0.6507269705886292,0.2781003713607788,0.00409524381398199,-0.7728022086241038
15,240,1,0.7058823529411765,0.6510541373215064,0.28322383761405945,0.004708375018794812,-0.652800921695178
15,241,1,0.7088235294117647,0.6508278988405408,0.2767607569694519,0.005733836477491147,-0.6423838349500929
15,242,1,0.711764705882353,0.65105332200433,0.27611666917800903,0.006024094930931671,-0.624431062525605
15,243,1,0.7147058823529412,0.6510396343806375,0.2760655879974365,0.0063694543016205845,-0.5940158484350643
15,244,1,0.7176470588235294,0.650898787365827,0.27708855271339417,0.0065884672644332095,-0.5613683919514858
15,245,1,0.7205882352941176,0.6507146214633691,0.2768056392669678,0.006733795677971191,-0.551878754154379
15,246,1,0.7235294117647059,0.651093108976518,0.27657198905944824,0.006326988820529426,-0.5914248922793274
15,247,1,0.7264705882352941,0.6506665242878193,0.2793683409690857,0.006763520252275027,-0.5167650989952831
15,248,1,0.7294117647058823,0.6508607344299935,0.27966320514678955,0.006476032586896355,-0.5388893461858422
15,249,1,0.7323529411764705,0.6495291034132069,0.27615293860435486,0.007798150369724558,-0.4644123258376367
15,250,1,0.7352941176470589,0.6493828474308763,0.27596068382263184,0.007648026839514652,-0.48034820260176286
15,251,1,0.7382352941176471,0.6505474848863537,0.27825066447257996,0.006055823997626772,-0.5945639439117342
15,252,1,0.7411764705882353,0.649277348946657,0.2771112024784088,0.0072962000869570805,-0.4974277605947292
15,253,1,0.7441176470588236,0.646007655405643,0.28093162178993225,0.01017004725713699,-0.19059106221516692
15,254,1,0.7470588235294118,0.6423476070481196,0.27754560112953186,0.012949733612769434,0.016553333657084
15,255,1,0.75,0.6377577324286806,0.27835288643836975,0.015780798136519194,0.28140008485880474
15,256,1,0.7529411764705882,0.6357476205220414,0.2788877487182617,0.014593471928740161,0.18138185554931524
15,257,1,0.7558823529411764,0.6351015636185837,0.2815157175064087,0.0118570967260439,-0.031462982525768124
15,258,1,0.7588235294117647,0.6346201368006072,0.27999410033226013,0.009612000597255557,-0.2526498221806558
15,259,1,0.7617647058823529,0.636105511511255,0.28641003370285034,0.0061947583247296805,-0.4787819368714727
15,260,1,0.7647058823529411,0.6395720787239378,0.2912655174732208,0.002749718190330595,-0.7271673112278998
15,261,1,0.7676470588235295,0.643040344814873,0.3005654513835907,0.0014224302544311178,-0.7288202701822344
15,262,1,0.7705882352941177,0.6443564944076934,0.29742351174354553,0.000700917600596678,-0.8334861024706038
15,263,1,0.7735294117647059,0.6471998367963767,0.30625513195991516,0.0005376044049656137,-0.7363786654396092
15,264,1,0.7764705882352941,0.6495541535184783,0.32307949662208557,0.0004829686187382818,-0.5283197828605471
15,265,1,0.7794117647058824,0.6549975884788632,0.3404204845428467,0.002466374601001383,-0.13041846805766266
15,266,1,0.7823529411764706,0.6582066038698595,0.33590829372406006,0.002686079076000105,-0.1677761218108879
15,267,1,0.7852941176470588,0.65949041460415,0.3350486159324646,0.0015151479110643304,-0.283972692346928
15,268,1,0.788235294117647,0.6608962507293945,0.3390764594078064,0.0016356892926026596,-0.22214427895859423
15,269,1,0.7911764705882353,0.6642873710372327,0.3347978889942169,0.001000708732058429,-0.3334155138768593
15,270,1,0.7941176470588235,0.6679517152366181,0.33322766423225403,0.0010602981943783345,-0.34793284471203856
15,271,1,0.7970588235294118,0.6757702647144215,0.3311012387275696,0.00612032031906615,0.08025103409240324
15,272,1,0.8,0.6812146170894344,0.3272731304168701,0.00749471016651124,0.1554060045031666
15,273,1,0.8029411764705883,0.6865590387757204,0.3141251802444458,0.007759540262787276,0.012790375768284748
15,274,1,0.8058823529411765,0.6893230490050053,0.3397827446460724,0.004955633557450186,0.08539409191852965
15,275,1,0.8088235294117647,0.6904195584826605,0.35789620876312256,0.0021268988968148614,0.06026703881393097
15,276,1,0.8117647058823529,0.6881206259187609,0.3653048276901245,0.005251946412950762,0.4351184220752111
15,277,1,0.8147058823529412,0.6848146406751912,0.3310733139514923,0.010284433863852107,0.4544204304236707
15,278,1,0.8176470588235294,0.6783894665452126,0.32440701127052307,0.01627350846869835,0.9086953726247637
15,279,1,0.8205882352941176,0.6766666873454357,0.3264023959636688,0.015262892053527096,0.8430586938585418
15,280,1,0.8235294117647058,0.678271294649962,0.3316083550453186,0.010220066964694515,0.45540410245450724
15,281,1,0.8264705882352941,0.6787854056026361,0.31844204664230347,0.007243623194820746,0.02103395697660121
15,282,1,0.8294117647058824,0.6784125424997971,0.3265211880207062,0.006109177529521001,0.02127182707343983
15,283,1,0.8323529411764706,0.6786888115153468,0.325189471244812,0.00583867750261746,-0.019914775033537294
15,284,1,0.8352941176470589,0.6803467548225454,0.3219495713710785,0.00468626523789664,-0.16457601748411108
15,285,1,0.8382352941176471,0.6819699767104075,0.3079833984375,0.003581908393180342,-0.44069469834127234
15,286,1,0.8411764705882353,0.6837074932455451,0.2947867512702942,0.002640534634985534,-0.6924134652157796
15,287,1,0.8441176470588235,0.6834736401851587,0.294592022895813,0.004198125381809024,-0.5547878016900809
15,288,1,0.8470588235294118,0.6829477241995903,0.2931794226169586,0.005920248534830389,-0.4177805443508132
15,289,1,0.85,0.6812819813576307,0.2883799374103546,0.008236233721051141,-0.2702341900292785
15,290,1,0.8529411764705882,0.6810740161887667,0.28847891092300415,0.008272200051720965,-0.2657464907005826
15,291,1,0.8558823529411764,0.6799655659297995,0.28713977336883545,0.008722281046493582,-0.2422175375664996
15,292,1,0.8588235294117647,0.6800142755555083,0.2853313982486725,0.007796552856944997,-0.34836958204409035
15,293,1,0.861764705882353,0.6803693454393942,0.28476813435554504,0.006708120812038612,-0.45339394775130915
15,294,1,0.8647058823529412,0.6825671865993632,0.2849076986312866,0.004282120672510463,-0.6698231761666226
15,295,1,0.8676470588235294,0.6818561309461895,0.28348231315612793,0.005366468928333338,-0.5903396205645333
15,296,1,0.8705882352941177,0.6770202191773262,0.2812046706676483,0.010675021951294047,-0.14171691771926598
15,297,1,0.8735294117647059,0.6707521378042409,0.28208595514297485,0.016194589229833856,0.36587211913429857
15,298,1,0.8764705882352941,0.665268955350562,0.287895530462265,0.019273469774724494,0.7163295679477008
15,299,1,0.8794117647058823,0.6599163199199902,0.2950487434864044,0.02030154739309592,0.8993451328118321
15,300,1,0.8823529411764706,0.6551401059609714,0.3020469844341278,0.019592808595564948,0.9241886521233995
15,301,1,0.8852941176470588,0.6488375021456292,0.3211795389652252,0.020425384106818434,1.2412623003276027
15,302,1,0.888235294117647,0.6415622023836651,0.3301924467086792,0.02222202495412956,1.5169440324219599
15,303,1,0.8911764705882353,0.6291603203353944,0.3506282866001129,0.028697218760676102,2.3580159394655094
15,304,1,0.8941176470588236,0.6025062520576074,0.3654123544692993,0.047662287142314075,4.250891195713579
15,305,1,0.8970588235294118,0.5063758952444772,0.39677712321281433,0.1306341804796033,12.110467326321206
15,306,1,0.9,0.24648859607406035,0.38255298137664795,0.35490607792473217,32.10155942298514
15,307,1,0.9029411764705882,0.19126725159818805,0.378484845161438,0.3113590208232033,28.133413932778083
15,308,1,0.9058823529411765,0.17246553796949685,0.5142484307289124,0.22068746726759292,21.69693626147885
15,309,1,0.9088235294117647,0.1624106512978594,0.519416093826294,0.12323217541720273,12.997163874768775
15,310,1,0.9117647058823529,0.15453047147737684,0.5197166204452515,0.04512104425103082,5.975605851194445
15,311,1,0.9147058823529411,0.14944699312823173,0.5187874436378479,0.027214991451005033,4.353362582832264
15,312,1,0.9176470588235294,0.14404065328171695,0.518277108669281,0.022166266680030758,3.8928171056620497
15,313,1,0.9205882352941176,0.14007236015111257,0.5184563994407654,0.019028338638690148,3.6128595338974545
15,314,1,0.9235294117647059,0.13869721715611727,0.5161280035972595,0.014818908846998751,3.2047866529926505
15,315,1,0.9264705882352942,0.13797123615698928,0.5164220929145813,0.011586576265811856,2.917791468520645
15,316,1,0.9294117647058824,0.1377601467989206,0.5188798308372498,0.00892872638106992,2.7098543609392722
15,317,1,0.9323529411764706,0.13750620906546618,0.5154348015785217,0.007612537493825231,2.5478662999445993
15,318,1,0.9352941176470588,0.13736441151525122,0.5154195427894592,0.007112797272628588,2.5027262080418504
15,319,1,0.9382352941176471,0.13720834763213827,0.517673134803772,0.006935659745525039,2.5153216659014106
15,320,1,0.9411764705882353,0.13710160089982948,0.5180712342262268,0.006851684346621087,2.512808248153156
15,321,1,0.9441176470588235,0.13744362077699396,0.5184286236763,0.006345027994683823,2.47176331929596
15,322,1,0.9470588235294117,0.1370489011254678,0.5183104276657104,0.006724100574091907,2.5043611401108
15,323,1,0.95,0.13722563094247353,0.5144222378730774,0.00646849315964036,2.432152625963703
15,324,1,0.9529411764705882,0.13730859562690603,0.5140545964241028,0.006389849302791653,2.4204255249485342
15,325,1,0.9558823529411765,0.13710596423067173,0.5181030631065369,0.006644229380795103,2.4945525323296245
15,326,1,0.9588235294117647,0.137338898563252,0.5151005983352661,0.006326880911634301,2.4280030268880903
15,327,1,0.961764705882353,0.13684199033964783,0.514834463596344,0.006896288494684472,2.4758469959814398
15,328,1,0.9647058823529412,0.1367710886823552,0.5146929025650024,0.006871280001270669,2.4718057528956234
15,329,1,0.9676470588235294,0.13697685099775514,0.5123971700668335,0.006531140949733044,2.412152688012534
15,330,1,0.9705882352941176,0.13740614406755405,0.5142242908477783,0.006069569571705012,2.39376746606323
15,331,1,0.9735294117647059,0.1378364116335185,0.513618528842926,0.005656113381816095,2.348912869549065
15,332,1,0.9764705882352941,0.1379238493273415,0.516125500202179,0.005817281011460727,2.395143124446473
24,8,0,0.021739130434782608,0.0742521946515366,0.2772465646266937,nan,nan
24,9,0,0.024456521739130436,0.07425942047733919,0.2706434726715088,nan,nan
24,10,0,0.02717391304347826,0.07428452400591898,0.26876428723335266,nan,nan
24,11,0,0.029891304347826088,0.07431556305069642,0.2701651453971863,nan,nan
24,12,0,0.03260869565217391,0.07428321583387923,0.27226462960243225,0.006488216206000053,-0.6314491330134362
24,13,0,0.035326086956521736,0.07433798176857018,0.27340376377105713,0.006441205566894757,-0.6212574574766888
24,14,0,0.03804347826086957,0.07421913167731317,0.27312546968460083,0.006579695980959516,-0.6123243588602864
24,15,0,0.04076086956521739,0.07423801887123782,0.2725619673728943,0.006544460704883429,-0.6226265897288366
24,16,0,0.043478260869565216,0.0738712642396973,0.27233877778053284,0.006891829291559304,-0.5942093166278266
24,17,0,0.04619565217391304,0.07384244289329966,0.273200124502182,0.006817662739411462,-0.5899764597398695
24,18,0,0.04891304347826087,0.07379824618761092,0.27471688389778137,0.006737974726282553,-0.5779436012375415
24,19,1,0.051630434782608696,0.07367354315614126,0.27456793189048767,0.006757456385326652,-0.5780769325548112
24,20,1,0.05434782608695652,0.07351240375104823,0.2741119861602783,0.006777476861645562,-0.5820479122528527
24,21,1,0.057065217391304345,0.07339794484190605,0.27246734499931335,0.006802220648625468,-0.6006412913860852
24,22,1,0.059782608695652176,0.07333861967437451,0.2749806344509125,0.006750421303308604,-0.5734854365330482
24,23,1,0.0625,0.07325012691535097,0.2791398763656616,0.006724007434023027,-0.5232109471373649
24,24,1,0.06521739130434782,0.07298919724727582,0.2869816720485687,0.006879083041900613,-0.40999721923409294
24,25,1,0.06793478260869565,0.07285750581674695,0.28911811113357544,0.00687997284648639,-0.38287286750345845
24,26,1,0.07065217391304347,0.07276518542489797,0.2857319414615631,0.006837183482045578,-0.4295855272435585
24,27,1,0.07336956521739131,0.07311764690176592,0.2800562083721161,0.006341363442808513,-0.5460267006718799
24,28,1,0.07608695652173914,0.07374168419395985,0.2805742025375366,0.005684206147218289,-0.5985747447866105
24,29,1,0.07880434782608696,0.07473129959533223,0.2786918580532074,0.004882712482516925,-0.6944894095350425
24,30,1,0.08152173913043478,0.0761024840081477,0.28195032477378845,0.003979976514347781,-0.7344344089805526
24,31,1,0.08423913043478261,0.07773329684238517,0.2760201096534729,0.003183488325922743,-0.8811392427339167
24,32,1,0.08695652173913043,0.07965445902357472,0.2662637233734131,0.0024162386298880157,-1.0736483089953097
24,33,1,0.08967391304347826,0.08139627082065877,0.2784515619277954,0.0021526205402077037,-0.9430773380529434
24,34,1,0.09239130434782608,0.08293298062859508,0.2873559594154358,0.0022821535386030023,-0.8187098794547043
24,35,1,0.09510869565217392,0.084652163877804,0.2961233854293823,0.0022705944445059446,-0.7087661955254627
24,36,1,0.09782608695652174,0.08599382526068163,0.3107471466064453,0.002658649820482998,-0.48874795617484507
24,37,1,0.10054347826086957,0.08743137912280909,0.306348592042923,0.0028059375176322766,-0.5311803430225386
24,38,1,0.10326086956521739,0.08895480215522339,0.2970566153526306,0.0027912915607555522,-0.650121000857135
24,39,1,0.10597826086956522,0.09010234684757526,0.2836470901966095,0.0031492022500607376,-0.7876760772882865
24,40,1,0.10869565217391304,0.09149329179577526,0.2713419497013092,0.0031208030443035917,-0.945996138024475
24,41,1,0.11141304347826086,0.09296607201529077,0.2671922445297241,0.003022889458561493,-1.0073319919521788
24,42,1,0.11413043478260869,0.09338512833293838,0.2664286494255066,0.003987506364034275,-0.9302398084010589
24,43,1,0.11684782608695653,0.09398843362701925,0.26878583431243896,0.004491782614382154,-0.8550462437708253
24,44,1,0.11956521739130435,0.09438992432081307,0.2763642370700836,0.005061813615449327,-0.7078453624109564
24,45,1,0.12228260869565218,0.09482282999563378,0.274082213640213,0.0053530660718880945,-0.7105371565116275
24,46,1,0.125,0.09522528457585462,0.2765325903892517,0.005414800986753008,-0.6739663483624846
24,47,1,0.12771739130434784,0.09537046526319287,0.2720210552215576,0.0057296593601438,-0.7027575034556401
24,48,1,0.13043478260869565,0.09519763347544337,0.27094390988349915,0.006247999056936707,-0.6697728674986381
24,49,1,0.1331521739130435,0.0950407926291538,0.2704765796661377,0.006606767191883853,-0.6434207900196766
24,50,1,0.1358695652173913,0.0950576191189793,0.266539603471756,0.006644431360438349,-0.68986984844883
24,51,1,0.13858695652173914,0.0953893743542682,0.2700294256210327,0.006270759760930609,-0.6793018441217568
24,52,1,0.14130434782608695,0.09566182284652297,0.27271610498428345,0.006003038541444709,-0.6693712598393744
24,53,1,0.14402173913043478,0.09622991777165858,0.27146676182746887,0.005550990959078959,-0.7258436241523938
24,54,1,0.14673913043478262,0.0968529963163508,0.2717154324054718,0.005225193700012952,-0.7519982054944492
24,55,1,0.14945652173913043,0.09824401968576855,0.2709420621395111,0.004283014629938074,-0.846528142374096
24,56,1,0.15217391304347827,0.10027409387903279,0.2728899121284485,0.0029666017695489633,-0.9402700606209866
24,57,1,0.15489130434782608,0.10235041439770762,0.2805286645889282,0.002043349009001547,-0.9266120792331851
24,58,1,0.15760869565217392,0.10462604020157719,0.2831205129623413,0.0012978473616442588,-0.960853782242384
24,59,1,0.16032608695652173,0.107174111220506,0.2890818417072296,0.0006930373140220081,-0.9397887025310709
24,60,1,0.16304347826086957,0.11043291625101334,0.2879105806350708,0.00044863884161588973,-0.976596570928669
24,61,1,0.16576086956521738,0.11387239945151018,0.2832002341747284,0.0012330224403026301,-0.9656750160539992
24,62,1,0.16847826086956522,0.11771796103676796,0.2870361804962158,0.0021980877621097816,-0.8303187587012917
24,63,1,0.17119565217391305,0.12215388581432099,0.2962924540042877,0.0033610323308651013,-0.6085513830437139
24,64,1,0.17391304347826086,0.12692347627299266,0.2902001142501831,0.004385679141083039,-0.5935145066151758
24,65,1,0.1766304347826087,0.1327203145197966,0.28833726048469543,0.00605987738239214,-0.46651722235193294
24,66,1,0.1793478260869565,0.13947884846609956,0.2883080244064331,0.008106432561623526,-0.2828189023915777
24,67,1,0.18206521739130435,0.14681517372341535,0.2843470275402069,0.010002535961606388,-0.1624228829842851
24,68,1,0.18478260869565216,0.15437926309755584,0.2820984721183777,0.011401303358473284,-0.06508045703424387
24,69,1,0.1875,0.16163692824018774,0.2822556793689728,0.011795021794964392,-0.02767916000010151
24,70,1,0.19021739130434784,0.1701891404429288,0.2921224534511566,0.013118080567607663,0.21621706472547475
24,71,1,0.19293478260869565,0.17718920693655318,0.28931674361228943,0.01244057406702476,0.11976537008849863
24,72,1,0.1956521739130435,0.18171999226347424,0.2802685499191284,0.009377851090661391,-0.27023522327183025
24,73,1,0.1983695652173913,0.18655351430938327,0.2809395492076874,0.00737619084509081,-0.4417718437272883
24,74,1,0.20108695652173914,0.19123746026306146,0.29055625200271606,0.005830990281470079,-0.45901414613825064
24,75,1,0.20380434782608695,0.19577152327739747,0.28793561458587646,0.005102973340772922,-0.5576660229633257
24,76,1,0.20652173913043478,0.1995371221650812,0.28281620144844055,0.004222993143245592,-0.7016165625511004
24,77,1,0.20923913043478262,0.20263461938192207,0.2830711305141449,0.002866207884684726,-0.820419602985988
24,78,1,0.21195652173913043,0.20533558606699015,0.28419724106788635,0.0015468983016181125,-0.9248241228664276
24,79,1,0.21467391304347827,0.20709057058193542,0.2860966920852661,0.0006873670918825787,-0.978086492866677
24,80,1,0.21739130434782608,0.2086580493102232,0.28693318367004395,0.0014849317322655187,-0.895764237693337
24,81,1,0.22010869565217392,0.2098207371699036,0.2880783677101135,0.002602475658870588,-0.7807552389421448
24,82,1,0.22282608695652173,0.2101474214704398,0.28521472215652466,0.0040723208053297915,-0.6848062156260944
24,83,1,0.22554347826086957,0.2090790172789585,0.2822408378124237,0.006343683847673515,-0.5181636575843429
24,84,1,0.22826086956521738,0.20889937263007174,0.2816987931728363,0.007020440170816,-0.4641573103744699
24,85,1,0.23097826086956522,0.20935814303898156,0.28176072239875793,0.006622000591868332,-0.4992092693859376
24,86,1,0.23369565217391305,0.20961581682812666,0.2820463478565216,0.006248678269992728,-0.5291704866100108
24,87,1,0.23641304347826086,0.21082555876319642,0.28288358449935913,0.004906035174344707,-0.6393303752183992
24,88,1,0.2391304347826087,0.21304456759893484,0.28336524963378906,0.0031236617096657405,-0.7935409151079935
24,89,1,0.2418478260869565,0.2140675526741723,0.287786602973938,0.003136975376644061,-0.7363753441307179
24,90,1,0.24456521739130435,0.2147237240098635,0.28720375895500183,0.0036581564497505637,-0.6968779916984541
24,91,1,0.24728260869565216,0.2155914741453969,0.2853492498397827,0.00406738310965135,-0.6835473831781578
24,92,1,0.25,0.21584304665463058,0.2829427123069763,0.005007289445967787,-0.6294750298225549
24,93,1,0.25271739130434784,0.21589310848460677,0.2836111783981323,0.005656847379915534,-0.5625915542032764
24,94,1,0.2554347826086957,0.2163604029809716,0.283439964056015,0.00564594183615935,-0.5657397388088337
24,95,1,0.25815217391304346,0.21785174202393495,0.28350040316581726,0.00456377253597298,-0.6623056242883676
24,96,1,0.2608695652173913,0.21934407681882986,0.2860056161880493,0.0036365047107125826,-0.7139921690432509
24,97,1,0.26358695652173914,0.2214093451338087,0.28625234961509705,0.002446493936783587,-0.8178991569891603
24,98,1,0.266304347826087,0.22257119525709235,0.285286009311676,0.0026637029758004283,-0.8105957577742627
24,99,1,0.26902173913043476,0.22489092090764193,0.28854966163635254,0.0018966753942810366,-0.8382694205642447
24,100,1,0.2717391304347826,0.22727170390015594,0.2893630564212799,0.0012756871226937672,-0.8838250433325597
24,101,1,0.27445652173913043,0.22932026446078896,0.28833699226379395,0.001209033332392221,-0.9028084584899141
24,102,1,0.27717391304347827,0.2301897368485907,0.2889312505722046,0.0023172907763355766,-0.7956086386071459
24,103,1,0.2798913043478261,0.23085629564919702,0.2891366183757782,0.003555367373603844,-0.6816556140612772
24,104,1,0.2826086956521739,0.2313630841291,0.2974657416343689,0.00453992257908961,-0.48766910707950273
24,105,1,0.28532608695652173,0.23264295577803001,0.295402467250824,0.004282895987395672,-0.5369043934975507
24,106,1,0.28804347826086957,0.23415411976404138,0.2926956117153168,0.0036024048306945423,-0.6323731730828218
24,107,1,0.2907608695652174,0.2346645257002462,0.29020217061042786,0.004083094623352405,-0.620703110081827
24,108,1,0.29347826086956524,0.23760259985851348,0.29249751567840576,0.0022674137582797665,-0.7549506936348829
24,109,1,0.296195652173913,0.2420804998216687,0.29274025559425354,0.0012969762259402722,-0.8391596839929332
24,110,1,0.29891304347826086,0.24772337646958642,0.3005591928958893,0.004104433689962469,-0.4876784865559334
24,111,1,0.3016304347826087,0.2556929300524392,0.28958767652511597,0.008681673096429008,-0.2148828206571724
24,112,1,0.30434782608695654,0.2637770606829847,0.284280925989151,0.01150870263892623,-0.027794096130910384
24,113,1,0.3070652173913043,0.27280439838323783,0.2839861214160919,0.013992425133061624,0.19186159126885305
24,114,1,0.30978260869565216,0.2830978505280712,0.2870490849018097,0.016604902637502614,0.4656022158827057
24,115,1,0.3125,0.29429050481127284,0.28964075446128845,0.018953938406083115,0.7096828117612964
24,116,1,0.31521739130434784,0.3048652827092725,0.2980755567550659,0.019879322614374362,0.8996851919080633
24,117,1,0.3179347826086957,0.317970540646259,0.3047209084033966,0.02271252504478896,1.2386259588997437
24,118,1,0.32065217391304346,0.32145079663984905,0.30430343747138977,0.014901245472623701,0.5307901644438858
24,119,1,0.3233695652173913,0.3254976059491072,0.3075508773326874,0.009359818253937339,0.07349889038659027
24,120,1,0.32608695652173914,0.3302259342188957,0.30287009477615356,0.006286371239267232,-0.26218093034935513
24,121,1,0.328804347826087,0.3414894219521071,0.3042268455028534,0.01120969609507283,0.19780043906930359
24,122,1,0.33152173913043476,0.3506743059482117,0.31013527512550354,0.014514859764715452,0.5698612854851723
24,123,1,0.3342391304347826,0.3638376317105181,0.31898558139801025,0.02037230819993116,1.20871619575983
24,124,1,0.33695652173913043,0.37181450395829885,0.33285588026046753,0.01876417400735922,1.2396581647527087
24,125,1,0.33967391304347827,0.3827982047447207,0.41738542914390564,0.019350732358930284,2.362439101475185
24,126,1,0.3423913043478261,0.39659173038635454,0.40726912021636963,0.022817062302410707,2.5461446266409142
24,127,1,0.3451086956521739,0.4007479419816638,0.3620099127292633,0.015493917788184267,1.314578505692393
24,128,1,0.34782608695652173,0.4065265511690689,0.34039583802223206,0.012044949407802905,0.730772339360286
24,129,1,0.35054347826086957,0.407848624685315,0.34058886766433716,0.005326675661934789,0.1289702293951169
24,130,1,0.3532608695652174,0.40108085493281176,0.34537848830223083,0.008341363616295281,0.460742962241603
24,131,1,0.35597826086956524,0.3945768107526998,0.344003289937973,0.01596768893302157,1.1292511805348184
24,132,1,0.358695652173913,0.3896744140420099,0.33133336901664734,0.01932730283647044,1.2710334546154292
24,133,1,0.36141304347826086,0.38496083965643035,0.3321884870529175,0.019827842940285265,1.3268769284961295
24,134,1,0.3641304347826087,0.3956041188177632,0.3453102707862854,0.007853005594170445,0.4159562089908394
24,135,1,0.36684782608695654,0.40828775464502726,0.340362548828125,0.010590202334294946,0.5995101152754413
24,136,1,0.3695652173913043,0.4194939270013614,0.327968955039978,0.01836863871754721,1.1422218634096013
24,137,1,0.37228260869565216,0.4165391909163704,0.3302482068538666,0.010735093733915181,0.48450835253275215
24,138,1,0.375,0.41413210612840196,0.33615246415138245,0.006411836670749293,0.17041161949622757
24,139,1,0.37771739130434784,0.4065137778666783,0.3386416733264923,0.01459297329961845,0.9377378810648859
24,140,1,0.3804347826086957,0.4019220778831979,0.3353028893470764,0.018741179088511625,1.268565690649338
24,141,1,0.38315217391304346,0.3953978832133386,0.32819780707359314,0.020872411478830066,1.3703096420756196
24,142,1,0.3858695652173913,0.38007798309205465,0.32641756534576416,0.030906984674356028,2.250289846861252
24,143,1,0.38858695652173914,0.36660283090137374,0.31780049204826355,0.03586860610595011,2.587461010915052
24,144,1,0.391304347826087,0.35473722952330133,0.318273663520813,0.03775647074269638,2.76324638262927
24,145,1,0.39402173913043476,0.3433000718708296,0.3218737542629242,0.037397416305193956,2.776524909045601
24,146,1,0.3967391304347826,0.3394337875023622,0.3221886157989502,0.028239247838034137,1.9568194165155985
24,147,1,0.39945652173913043,0.33478232009098036,0.32239288091659546,0.02272966635199286,1.463870043080557
24,148,1,0.40217391304347827,0.3280629720985173,0.3186282515525818,0.021493886641857557,1.3050683429434655
24,149,1,0.4048913043478261,0.315850897408596,0.31833502650260925,0.027037396975582856,1.7999431894469065
24,150,1,0.4076086956521739,0.3077831729621814,0.3238508701324463,0.02824282780643908,1.978183209357959
24,151,1,0.41032608695652173,0.3010730356430998,0.3213493824005127,0.027040311490475477,1.83836284029757
24,152,1,0.41304347826086957,0.29570164162054124,0.3228699862957001,0.023984384401063874,1.5827596264002017
24,153,1,0.4157608695652174,0.29111991317987607,0.32074740529060364,0.020475780222235035,1.2403247511626396
24,154,1,0.41847826086956524,0.282763307531639,0.32103511691093445,0.02264963981329214,1.43948502003945
24,155,1,0.421195652173913,0.27750403383569294,0.3253692090511322,0.02165394715160257,1.404795348590148
24,156,1,0.42391304347826086,0.2741944649581857,0.33332088589668274,0.01907126557725808,1.2731644849680055
24,157,1,0.4266304347826087,0.2720219012762121,0.344552606344223,0.0158670350936428,1.1271518886989758
24,158,1,0.42934782608695654,0.2674034254630689,0.3371637165546417,0.015711007930870043,1.0195857307215501
24,159,1,0.4320652173913043,0.26498214148294447,0.32844650745391846,0.014292321393851944,0.7816405674104572
24,160,1,0.43478260869565216,0.2644482956601761,0.3340218663215637,0.011695694128433212,0.6186745674277702
24,161,1,0.4375,0.26488693398355123,0.3420310914516449,0.008820513480555636,0.46146464120209696
24,162,1,0.44021739130434784,0.26831023957338296,0.34692829847335815,0.004026417563773281,0.09227253360251714
24,163,1,0.4429347826086957,0.2709650170684758,0.34328511357307434,0.0016557184939491867,-0.16706718198253545
24,164,1,0.44565217391304346,0.2727160122116637,0.3368048369884491,0.0009485510711916825,-0.31270145877796895
24,165,1,0.4483695652173913,0.2752528454142682,0.31422531604766846,0.0004602117885067181,-0.6424480527804679
24,166,1,0.45108695652173914,0.2754245309235138,0.3033429682254791,0.0028800041369403374,-0.5625657283223873
24,167,1,0.453804347826087,0.27554320937439936,0.30575817823410034,0.004539898523587519,-0.3827006545654257
24,168,1,0.45652173913043476,0.2755406613024833,0.3138500154018402,0.005686994671984481,-0.1770988261857398
24,169,1,0.4592391304347826,0.2771013583657843,0.3204408884048462,0.004832459881388333,-0.17052499325427156
24,170,1,0.46195652173913043,0.27956497835673066,0.3293237090110779,0.0028309681283210353,-0.23809631970881315
24,171,1,0.46467391304347827,0.2800010716794863,0.3341729938983917,0.0034299866638696198,-0.12283508628546061
24,172,1,0.4673913043478261,0.2805465134653018,0.3343912661075592,0.00399901045432585,-0.06889372321351853
24,173,1,0.4701086956521739,0.28074388398510586,0.33958014845848083,0.005053102975226402,0.0915959665998404
24,174,1,0.47282608695652173,0.2815707984200518,0.3406265079975128,0.005136819945110891,0.11237096548807632
24,175,1,0.47554347826086957,0.28373806721778305,0.33932244777679443,0.0034710061632098866,-0.05396090447387264
24,176,1,0.4782608695652174,0.28548409555770626,0.3399443030357361,0.002659226707860838,-0.11910102317108401
24,177,1,0.48097826086956524,0.2888387153439762,0.3390076160430908,0.0009176110391256858,-0.28760013079706254
24,178,1,0.483695652173913,0.2902839433642448,0.3408229351043701,0.0011174822641410154,-0.24664419913417668
24,179,1,0.48641304347826086,0.29139232465746606,0.33955445885658264,0.0021873872069679812,-0.16647343308602897
24,180,1,0.4891304347826087,0.2921040030480156,0.3404114246368408,0.0033892731763392725,-0.04752709902061342
24,181,1,0.49184782608695654,0.2945520992927626,0.33503538370132446,0.002596153804169552,-0.18691387153248457
24,182,1,0.4945652173913043,0.2968640865036979,0.3351045846939087,0.0017125125804308672,-0.26551310887895263
24,183,1,0.49728260869565216,0.29940929338282823,0.3407032787799835,0.0008123414861637957,-0.2756034260586529
24,184,1,0.5,0.3036973912630481,0.341139554977417,0.0014715142127155489,-0.21079438856760757
24,185,1,0.5027173913043478,0.30663102493924155,0.3417495787143707,0.0015068008351508421,-0.19989864358553605
24,186,1,0.5054347826086957,0.3086332529313522,0.3367173671722412,0.0009163564815382894,-0.3167043047823435
24,187,1,0.5081521739130435,0.31243714923517885,0.3319039046764374,0.0013509021125548437,-0.3385526921854634
24,188,1,0.5108695652173914,0.3158966796987356,0.3182326853275299,0.0015534686130239139,-0.4933922001148003
24,189,1,0.5135869565217391,0.3193592708350442,0.32702669501304626,0.0019662376404106807,-0.34494767690649886
24,190,1,0.5163043478260869,0.329497284075853,0.32351353764533997,0.008922189407268803,0.23620317760589377
24,191,1,0.5190217391304348,0.33748124394587165,0.32316210865974426,0.011690141491162268,0.48070586017227646
24,192,1,0.5217391304347826,0.34558552695583106,0.3203394412994385,0.013533400823448453,0.6107587071277496
24,193,1,0.5244565217391305,0.35096070089569337,0.31604626774787903,0.011486362949036936,0.372301330126514
24,194,1,0.5271739130434783,0.3577033720932251,0.31462183594703674,0.010328676631406356,0.2501470155363722
24,195,1,0.529891304347826,0.36209171891185205,0.3098743259906769,0.007665501445690256,-0.049477384634538595
24,196,1,0.532608695652174,0.35650061642094166,0.31312721967697144,0.004340959324465363,-0.30731163759150276
24,197,1,0.5353260869565217,0.3486223074323106,0.32127058506011963,0.014685301141623947,0.7261482907508966
24,198,1,0.5380434782608695,0.33844750422932374,0.3201450705528259,0.024275505978765113,1.5744496655210927
24,199,1,0.5407608695652174,0.3339407941484932,0.32313016057014465,0.023968249093620303,1.5846018484973452
24,200,1,0.5434782608695652,0.3246850725569247,0.31973615288734436,0.026186239494349103,1.7411258667596938
24,201,1,0.5461956521739131,0.32546608593054077,0.317137748003006,0.017451340154728767,0.9226115883308175
24,202,1,0.5489130434782609,0.325894242909033,0.3155273497104645,0.011234127800794063,0.3430463741954146
24,203,1,0.5516304347826086,0.3242675803951447,0.32964441180229187,0.009722474984609718,0.38578961276186
24,204,1,0.5543478260869565,0.33283323527002034,0.33531108498573303,0.002594736393224494,-0.18355136277614573
24,205,1,0.5570652173913043,0.3466970466284894,0.30713409185409546,0.01308825400879815,0.40356073234197287
24,206,1,0.5597826086956522,0.3588327619231482,0.3041180670261383,0.019916229128969842,0.9794942906878774
24,207,1,0.5625,0.3623268797045259,0.29597848653793335,0.015175717156818706,0.45009411139591504
24,208,1,0.5652173913043478,0.3714217883581352,0.30972039699554443,0.014755800983082826,0.5862799088459568
24,209,1,0.5679347826086957,0.37758015668239164,0.33393216133117676,0.011267031035310435,0.5789848108238226
24,210,1,0.5706521739130435,0.374087069365233,0.3250093460083008,0.004363173255810608,-0.15490265014896418
24,211,1,0.5733695652173914,0.3766176864969549,0.32320883870124817,0.0031803917255323745,-0.2840746317184767
24,212,1,0.5760869565217391,0.38860677868550497,0.32782211899757385,0.007186596966319821,0.13464354276406057
24,213,1,0.5788043478260869,0.40694697370936805,0.3268710672855377,0.021230544408340463,1.3857256690683484
24,214,1,0.5815217391304348,0.43107440515658574,0.32793596386909485,0.038016271598814044,2.9089241981078793
24,215,1,0.5842391304347826,0.4500380800254518,0.34832099080085754,0.04273311251984188,3.5912055648471903
24,216,1,0.5869565217391305,0.48155011367619394,0.38860270380973816,0.055890047788459796,5.28445824785236
24,217,1,0.5896739130434783,0.5076582162424638,0.3515211343765259,0.058762316607057385,5.073391181441868
24,218,1,0.592391304347826,0.5394980970787273,0.35367459058761597,0.065424386810047,5.699841530482884
24,219,1,0.595108695652174,0.5660466178711177,0.3674168884754181,0.06486698462190196,5.82366665716123
24,220,1,0.5978260869565217,0.5785000858940752,0.379898339509964,0.04831831818344304,4.493267275446442
24,221,1,0.6005434782608695,0.5778076405527777,0.37629425525665283,0.025033303757025255,2.3533763764188147
24,222,1,0.6032608695652174,0.561376736488993,0.3593091070652008,0.0163243948640156,1.355083703540217
24,223,1,0.6059782608695652,0.5528709116144344,0.33801281452178955,0.02455536508081302,1.825800938726922
24,224,1,0.6086956521739131,0.530941185380382,0.336991548538208,0.04319116475069451,3.488988210918257
24,225,1,0.6114130434782609,0.5146198130686366,0.3359359800815582,0.047622811934016684,3.8742112165424647
24,226,1,0.6141304347826086,0.5323458554048395,0.33505117893218994,0.021664132596178665,1.5282715920334744
24,227,1,0.6168478260869565,0.5445989082334645,0.32840996980667114,0.014741767258174998,0.8216014842764512
24,228,1,0.6195652173913043,0.5601297086327056,0.33207574486732483,0.02300976161736848,1.6116334563371253
24,229,1,0.6222826086956522,0.5697669996016669,0.32850173115730286,0.02534992177324885,1.7768668722729175
24,230,1,0.625,0.5766735060191479,0.31831708550453186,0.018469631557472305,1.0291260901144672
24,231,1,0.6277173913043478,0.5835458316550621,0.31708481907844543,0.014260044539809422,0.6349145291645966
24,232,1,0.6304347826086957,0.5875497933073432,0.3209364414215088,0.008527275336691124,0.1680619443433828
24,233,1,0.6331521739130435,0.5877326381843982,0.3272787630558014,0.0035663772379950507,-0.19783932812019206
24,234,1,0.6358695652173914,0.5861992593338126,0.3278410732746124,0.004169689451181816,-0.13645900497645896
24,235,1,0.6385869565217391,0.58595357683051,0.32777491211891174,0.00679681028315057,0.09898832041425357
24,236,1,0.6413043478260869,0.5870021444194838,0.32435205578804016,0.00635017898803866,0.015489472109810838
24,237,1,0.6440217391304348,0.5872185412111822,0.32275745272636414,0.005996869974375428,-0.0364727918771213
24,238,1,0.6467391304347826,0.5927413311880676,0.330102801322937,0.002080440230816715,-0.2957370357909703
24,239,1,0.6494565217391305,0.5979397862959973,0.3348439931869507,0.00321738139017991,-0.13346302306108265
24,240,1,0.6521739130434783,0.6087814117838051,0.33965003490448,0.011062454511615832,0.6329653341833341
24,241,1,0.654891304347826,0.6152475299819563,0.3340124189853668,0.012083755868686766,0.6534574844760558
24,242,1,0.657608695652174,0.6116044019443951,0.3299165964126587,0.00573955347302152,0.031008724121381476
24,243,1,0.6603260869565217,0.6063695538736571,0.3299833834171295,0.008517235121387856,0.28168051741657135
24,244,1,0.6630434782608695,0.5978840455696666,0.33246132731437683,0.019110185319793332,1.26578414409168
24,245,1,0.6657608695652174,0.5927573927161622,0.33276236057281494,0.02151249661976304,1.4856601307679955
24,246,1,0.6684782608695652,0.5884112140281481,0.33321666717529297,0.020236140991328644,1.3766148197590062
24,247,1,0.6711956521739131,0.5828163380264668,0.33348700404167175,0.02003272001394818,1.3617410998540418
24,248,1,0.6739130434782609,0.5757686368934305,0.32895001769065857,0.02119211718518693,1.4085860975487177
24,249,1,0.6766304347826086,0.5708587656856479,0.3306104838848114,0.02057313622391055,1.3739337493886992
24,250,1,0.6793478260869565,0.567780181854,0.32900360226631165,0.018177063297929782,1.1380886372250218
24,251,1,0.6820652173913043,0.5599639583876772,0.3187747299671173,0.02083552872071559,1.2477094455374125
24,252,1,0.6847826086956522,0.5461200882979319,0.31921616196632385,0.02896630390076349,1.9845841812507394
24,253,1,0.6875,0.5332960004282954,0.3203023374080658,0.034378254621525356,2.485087752209663
24,254,1,0.6902173913043478,0.5241276359341362,0.3252516984939575,0.03415592780134638,2.527743513045751
24,255,1,0.6929347826086957,0.513550113581275,0.32733669877052307,0.03382031367424168,2.5239513549500416
24,256,1,0.6956521739130435,0.5036869439144999,0.3288615345954895,0.03208002213941627,2.38673076697672
24,257,1,0.6983695652173914,0.4939884561569266,0.34849655628204346,0.03117022380113152,2.5534547892212274
24,258,1,0.7010869565217391,0.48567929280045724,0.33654430508613586,0.029652501089758684,2.2656511572928935
24,259,1,0.7038043478260869,0.4841937976629228,0.3291037678718567,0.021525910443873364,1.4405539262829317
24,260,1,0.7065217391304348,0.4827201542933157,0.3303820788860321,0.015660474833892407,0.9291947327741152
24,261,1,0.7092391304347826,0.48002045161262136,0.33236923813819885,0.013118480109290728,0.7257208422844622
24,262,1,0.7119565217391305,0.47728816435956867,0.3259885013103485,0.012358766226267106,0.5766205388490621
24,263,1,0.7146739130434783,0.47448388930737817,0.32062438130378723,0.01306525916823546,0.5722607049709006
24,264,1,0.717391304347826,0.4729245336610054,0.320719450712204,0.012197137725722073,0.495384783972874
24,265,1,0.720108695652174,0.47102430537870704,0.3198987543582916,0.011648460849942848,0.435647589993703
24,266,1,0.7228260869565217,0.46773521993745903,0.32076841592788696,0.012688509732712277,0.5401989097237071
24,267,1,0.7255434782608695,0.4690665289890791,0.322358638048172,0.008968964575564824,0.2257907554702842
24,268,1,0.7282608695652174,0.47613439973383836,0.3251677453517914,0.004384175125696193,-0.15100861578707703
24,269,1,0.7309782608695652,0.48101990074463463,0.32712581753730774,0.003733288253198631,-0.18476332643652082
24,270,1,0.7336956521739131,0.4814951537764518,0.32656630873680115,0.002573709714485258,-0.2961391165207092
24,271,1,0.7364130434782609,0.4814414211373194,0.32791605591773987,0.0029737220465030213,-0.24307585990676908
24,272,1,0.7391304347826086,0.4802393161705684,0.32678455114364624,0.006276909170999126,0.03969151985036684
24,273,1,0.7418478260869565,0.4819549207696997,0.32763469219207764,0.005587533681050331,-0.011549734447647814
24,274,1,0.7445652173913043,0.48125310305875224,0.32989975810050964,0.006523106398264073,0.10126879759672992
24,275,1,0.7472826086956522,0.47629811782226494,0.3298458456993103,0.011417578955326493,0.5407981573050933
24,276,1,0.75,0.47283870098423353,0.3293992280960083,0.01359116996459429,0.730638691799307
24,277,1,0.7527173913043478,0.46916665932461765,0.3305073380470276,0.015413057827626444,0.9085275032252506
24,278,1,0.7554347826086957,0.46800993042771527,0.32941916584968567,0.013372721363258313,0.711243676780245
24,279,1,0.7581521739130435,0.4660466400906835,0.3276938199996948,0.012025218542530868,0.568208001577757
24,280,1,0.7608695652173914,0.4665382137815414,0.3260971009731293,0.008970775418777551,0.27327732072784544
24,281,1,0.7635869565217391,0.4723601612439435,0.3295746147632599,0.0037453365674295904,-0.15268135567587823
24,282,1,0.7663043478260869,0.47515541275001993,0.3304300010204315,0.0020452339041953653,-0.2947616248225314
24,283,1,0.7690217391304348,0.4818848819851819,0.33103206753730774,0.005366268525128367,0.011555550506998497
24,284,1,0.7717391304347826,0.4905284730780654,0.3305305242538452,0.01005029914438724,0.42649125624330597
24,285,1,0.7744565217391305,0.49778205099349687,0.3307666480541229,0.011306312235687708,0.5424468276640402
24,286,1,0.7771739130434783,0.5014128124163446,0.32137924432754517,0.008581601221147043,0.17855331087039164
24,287,1,0.779891304347826,0.5021783058842053,0.31125885248184204,0.004097974489245927,-0.352816748338039
24,288,1,0.782608695652174,0.49853104595143266,0.3219505250453949,0.005937871135101883,-0.051993755696112594
24,289,1,0.7853260869565217,0.48570299602367195,0.3296951949596405,0.020766564281204408,1.379744511600212
24,290,1,0.7880434782608695,0.4770188917386048,0.32741284370422363,0.02643090482381534,1.8603073522588989
24,291,1,0.7907608695652174,0.4645997223050172,0.32527026534080505,0.03275159408796795,2.4016719217335054
24,292,1,0.7934782608695652,0.45205017407691694,0.32431158423423767,0.03590649642127121,2.6732901831184277
24,293,1,0.7961956521739131,0.4502109436123746,0.32166966795921326,0.026125508917184598,1.7601393107964587
24,294,1,0.7989130434782609,0.4515376664273899,0.3234306573867798,0.015925772999344973,0.865060563990037
24,295,1,0.8016304347826086,0.4568881424592831,0.3243487775325775,0.006322724182945021,0.012978672257608279
24,296,1,0.8043478260869565,0.4702721848371339,0.3217522203922272,0.011106946699636272,0.41040576081856206
24,297,1,0.8070652173913043,0.4809622278770265,0.3177896738052368,0.017241487049474674,0.9119897396611917
24,298,1,0.8097826086956522,0.4933305770884061,0.3198593258857727,0.021922015194691225,1.359158157625158
24,299,1,0.8125,0.5042183178227313,0.3197880685329437,0.02236152826376242,1.3977862101192433
24,300,1,0.8152173913043478,0.5123593685552749,0.3285524547100067,0.01867003515544388,1.1767159282802522
24,301,1,0.8179347826086957,0.5217695084059762,0.3272196054458618,0.01755837907661004,1.059860907599561
24,302,1,0.8206521739130435,0.5344196428389624,0.329703152179718,0.020006693377358747,1.3115019912502563
24,303,1,0.8233695652173914,0.5489158327526442,0.3386131823062897,0.024230616853401526,1.8041927012558598
24,304,1,0.8260869565217391,0.5671048297549606,0.32877013087272644,0.03124523512323965,2.310492476110523
24,305,1,0.8288043478260869,0.5892376952135212,0.32579001784324646,0.03969173528187886,3.032451746025492
24,306,1,0.8315217391304348,0.6068563121429825,0.3437437117099762,0.040443305509453936,3.3273170076391865
24,307,1,0.8342391304347826,0.6287034562860079,0.35058456659317017,0.04418128232647425,3.750108525633006
24,308,1,0.8369565217391305,0.6449026164896329,0.381134569644928,0.040433536646758333,3.7997542059176963
24,309,1,0.8396739130434783,0.6578672447624443,0.37705671787261963,0.033948718235901676,3.164885841436111
24,310,1,0.842391304347826,0.6662317305602417,0.372271865606308,0.025155816646468265,2.3134774485952807
24,311,1,0.845108695652174,0.6722276097931101,0.3723977208137512,0.016307841275021967,1.5192783552503406
24,312,1,0.8478260869565217,0.6694645168986684,0.36887893080711365,0.0063249671779160585,0.5768696894272816
24,313,1,0.8505434782608695,0.6664618304142518,0.3390662670135498,0.0064794515828708295,0.21337760272054368
24,314,1,0.8532608695652174,0.6630385799930523,0.33852794766426086,0.012051348417022208,0.7077029981494136
24,315,1,0.8559782608695652,0.6649714050264165,0.3426364064216614,0.009320235741860635,0.5140724013980447
24,316,1,0.8586956521739131,0.666141525381424,0.33983778953552246,0.0063360641951797055,0.21024764751492644
24,317,1,0.8614130434782609,0.6664146267007105,0.34122729301452637,0.0052322149965821334,0.12855594961095607
24,318,1,0.8641304347826086,0.6665762816259163,0.3480178415775299,0.005058759142991002,0.19891404561445056
24,319,1,0.8668478260869565,0.6664271263181007,0.346866250038147,0.006092339859022575,0.2772973852483949
24,320,1,0.8695652173913043,0.6663696239601119,0.3242267072200775,0.006513772539932486,0.028616437826897656
24,321,1,0.8722826086956522,0.6661362592101518,0.3164287805557251,0.0068041619345645095,-0.04397657871616872
24,322,1,0.875,0.6668003645909486,0.31132084131240845,0.006070464681128094,-0.17462509863999212
24,323,1,0.8777173913043478,0.6647931728737054,0.3067028820514679,0.008133677139629338,-0.04751541211441096
24,324,1,0.8804347826086957,0.6640752412924047,0.30638211965560913,0.008443120359831243,-0.023744304191214843
24,325,1,0.8831521739130435,0.6630748073844795,0.29717209935188293,0.008869958600829588,-0.101940153980136
24,326,1,0.8858695652173914,0.6648168132359722,0.30322280526161194,0.0063625897929188695,-0.25086096762255405
24,327,1,0.8885869565217391,0.6660328924542458,0.31051260232925415,0.004650622735901165,-0.31255771178229563
24,328,1,0.8913043478260869,0.6717244972397991,0.30343347787857056,0.0021012293756250415,-0.631463475008755
24,329,1,0.8940217391304348,0.6766454028582476,0.3028078079223633,0.0037396437861169384,-0.49202359837440224
24,330,1,0.8967391304347826,0.6800858598738965,0.29897916316986084,0.0037874519333238065,-0.5361889771381393
24,331,1,0.8994565217391305,0.6803159974747632,0.3016197979450226,0.002146065662122194,-0.6503895163726611
24,332,1,0.9021739130434783,0.6804412411167132,0.3050895929336548,0.003245204738469868,-0.5076095469338083
24,333,1,0.904891304347826,0.6795473213260409,0.30831485986709595,0.006318310498370725,-0.19038520508710316
24,334,1,0.907608695652174,0.6769312366857554,0.3053092956542969,0.00965987475560456,0.07211087327476484
24,335,1,0.9103260869565217,0.6751800011121751,0.30084577202796936,0.010622454532149547,0.1021839307848667
24,336,1,0.9130434782608695,0.6730268909650234,0.30965524911880493,0.011491565588654214,0.2918679271032505
24,337,1,0.9157608695652174,0.6706936405063886,0.30932605266571045,0.01197122850936663,0.33084193426558295
24,338,1,0.9184782608695652,0.6678554035747997,0.3077172338962555,0.01259604523604246,0.3666729386410314
24,339,1,0.9211956521739131,0.6652238036307311,0.30666786432266235,0.012958686902372115,0.3860056020094146
24,340,1,0.9239130434782609,0.6615159995583015,0.3121030628681183,0.014177441604440646,0.5644231252843284
24,341,1,0.9266304347826086,0.6559380202750947,0.323981910943985,0.016877698035966976,0.9576553729977131
24,342,1,0.9293478260869565,0.6478119354526644,0.32973334193229675,0.021314877800573895,1.4295430475500681
24,343,1,0.9320652173913043,0.6378031878998291,0.3298916220664978,0.026312758322875274,1.8810590419172184
24,344,1,0.9347826086956522,0.624933228577188,0.3441329300403595,0.03232756371279091,2.602309251570928
24,345,1,0.9375,0.611695417209789,0.3572801351547241,0.036419682334911524,3.136782045614468
24,346,1,0.9402173913043478,0.588646967659873,0.3606468439102173,0.04840748111850113,4.257589712178881
24,347,1,0.9429347826086957,0.5283047191292718,0.35772934556007385,0.09395848770090451,8.31754329257806
24,348,1,0.9456521739130435,0.38728324042397116,0.34455111622810364,0.20760534921356577,18.37219269202415
24,349,1,0.9483695652173914,0.2523846222781053,0.34823885560035706,0.28309147032112747,25.20814158036842
24,350,1,0.9510869565217391,0.2026958213604343,0.37853923439979553,0.24295257250587754,21.981585186399993
24,351,1,0.9538043478260869,0.18125612824728798,0.5032870769500732,0.16790447904416417,16.810847087564156
24,352,1,0.9565217391304348,0.1660933529184515,0.5136828422546387,0.09630510665250468,10.5027521391517
24,353,1,0.9592391304347826,0.15763050549990365,0.5067685842514038,0.04947048219467262,6.202892947450451
24,354,1,0.9619565217391305,0.15165900892772297,0.5066609382629395,0.03175344957230286,4.608049695779565
24,355,1,0.9646739130434783,0.1466129835826024,0.5096687078475952,0.02404027180924559,3.9523959778035778
24,356,1,0.967391304347826,0.14358431675995867,0.5102455019950867,0.018408152465717975,3.4531411705224766
24,357,1,0.970108695652174,0.14037344272080407,0.5064008831977844,0.01599176746524934,3.1871425641707716
24,358,1,0.9728260869565217,0.1369207175472329,0.5092358589172363,0.01513022694404564,3.1455419060120406
24,359,1,0.9755434782608695,0.1333781991363876,0.5125043392181396,0.014988172509768413,3.1741398205985427
24,360,1,0.9782608695652174,0.1307184786779793,0.5137341618537903,0.01433919685662299,3.131338388338768
