sequence,frame,valid,relative_phase,predicted_phase,feature_raw,time_raw,P3
12,15,0,0.06493506493506493,0.8281658171720425,0.5411570072174072,nan,nan
12,16,0,0.06926406926406926,0.827272761436864,0.551013708114624,nan,nan
12,17,0,0.0735930735930736,0.8264261260544805,0.571570634841919,nan,nan
12,18,0,0.07792207792207792,0.8258671859024522,0.5468820929527283,nan,nan
12,19,0,0.08225108225108226,0.8262442260372586,0.5544936060905457,0.011511257426712086,0.9980247519872327
12,20,0,0.08658008658008658,0.8257775512992978,0.548724353313446,0.0114975343809769,0.9690421065917905
12,21,0,0.09090909090909091,0.8246574777949978,0.5566967725753784,0.012243805350885324,1.3102081560178531
12,22,0,0.09523809523809523,0.8242971129707353,0.5681247115135193,0.01216200811027713,1.3224986073297886
12,23,0,0.09956709956709957,0.8241546530238782,0.5622305870056152,0.01191194982420491,1.1951655062133528
12,24,0,0.1038961038961039,0.8235628305690122,0.551334798336029,0.011981379025725832,1.1799037843607934
12,25,0,0.10822510822510822,0.8230361521522359,0.551364541053772,0.011954377259930794,1.168844799192962
12,26,0,0.11255411255411256,0.8226004162688964,0.5339137315750122,0.011984781732579892,1.1109515843566378
12,27,0,0.11688311688311688,0.8222770909143233,0.5176258683204651,0.011883932911693186,1.0034146155052435
12,28,0,0.12121212121212122,0.8223449871046778,0.5253046751022339,0.011346646193949934,0.81198384828296
12,29,0,0.12554112554112554,0.822178263632799,0.5263422131538391,0.011208908799745183,0.7591490812336832
12,30,0,0.12987012987012986,0.8214762195970247,0.5083873271942139,0.011696480705660296,0.8884937368027104
12,31,0,0.1341991341991342,0.8211612663795657,0.5043193101882935,0.011730384755151375,0.8861004053152077
12,32,0,0.13852813852813853,0.8204302729247828,0.5198811292648315,0.012182422076244849,1.1361019806936472
12,33,0,0.14285714285714285,0.8201941355608128,0.5407879948616028,0.011939880895241069,1.1201260813525287
12,34,0,0.1471861471861472,0.8194895377906278,0.5349355340003967,0.012148446647429458,1.1828380647904144
12,35,0,0.15151515151515152,0.818651751120398,0.5244197249412537,0.012489562866060074,1.2815932730689035
12,36,0,0.15584415584415584,0.8178247812889317,0.5256785750389099,0.012689153882734512,1.3693110642160748
12,37,0,0.16017316017316016,0.8177102666724927,0.5337087512016296,0.0121522955902107,1.1794767971368256
12,38,0,0.1645021645021645,0.8172975626952811,0.5201782584190369,0.011944032345342283,1.0386053326253513
12,39,0,0.16883116883116883,0.816499753577889,0.49990642070770264,0.012193847688897731,1.0601576161976618
12,40,0,0.17316017316017315,0.8165449205055252,0.5113173723220825,0.011610681375634237,0.8648056004646139
12,41,0,0.1774891774891775,0.815471993348966,0.5061550140380859,0.012363643336341774,1.1556924986455095
12,42,0,0.18181818181818182,0.8162201071998472,0.49869975447654724,0.01105596115457897,0.5841830272787203
12,43,0,0.18614718614718614,0.815380826946936,0.5033260583877563,0.011625877533631625,0.8388213546760352
12,44,0,0.19047619047619047,0.8156850205225173,0.5170302391052246,0.011041952300312081,0.6524171296390733
12,45,1,0.19480519480519481,0.8149440717126669,0.5197107195854187,0.01156792611441055,0.8810037391891328
12,46,1,0.19913419913419914,0.8156249926822599,0.5193473696708679,0.010755024735742837,0.5429836050772892
12,47,1,0.20346320346320346,0.8156121455569578,0.522764265537262,0.010619093231648037,0.5005063566769995
12,48,1,0.2077922077922078,0.8156598203972786,0.523489236831665,0.01062924804383273,0.5076386378157003
12,49,1,0.21212121212121213,0.8153405511466594,0.5188286900520325,0.010942217263142241,0.6183890820448487
12,50,1,0.21645021645021645,0.8147320965238156,0.5052118897438049,0.011649791744484113,0.856338753200675
12,51,1,0.22077922077922077,0.8149196525045641,0.4986145496368408,0.011239011724124566,0.6596244123063579
12,52,1,0.22510822510822512,0.8146598866543369,0.489700585603714,0.011325654311253382,0.6594935548170446
12,53,1,0.22943722943722944,0.8147050564168538,0.49009084701538086,0.011030501113001058,0.5388721783951302
12,54,1,0.23376623376623376,0.8136679852724533,0.48629385232925415,0.01190869857495009,0.8871228284281135
12,55,1,0.23809523809523808,0.813374705289273,0.49455955624580383,0.01193595074528981,0.9317894983315214
12,56,1,0.24242424242424243,0.8134437945980535,0.5042932629585266,0.011480624632686572,0.7825909960324402
12,57,1,0.24675324675324675,0.813110649035325,0.5117482542991638,0.011509747181344183,0.8247576873922381
12,58,1,0.2510822510822511,0.8126111921339895,0.5076956748962402,0.011610602237297575,0.8501453656577154
12,59,1,0.2554112554112554,0.81231666274029,0.46750739216804504,0.011640933346381062,0.7003886729855353
12,60,1,0.2597402597402597,0.812054621270196,0.4686352014541626,0.01163846417922932,0.7039214486198384
12,61,1,0.26406926406926406,0.811681160408481,0.47652938961982727,0.011664631708979918,0.7466385679317622
12,62,1,0.2683982683982684,0.8109539100352517,0.4724140465259552,0.012034509925498212,0.8831521311325746
12,63,1,0.2727272727272727,0.8099408356102267,0.4652700126171112,0.012633263825838854,1.1021910418553524
12,64,1,0.27705627705627706,0.8101381112947142,0.46781933307647705,0.011842031358835443,0.784905963244326
12,65,1,0.2813852813852814,0.8091404546796471,0.4684050977230072,0.012360560480032125,1.0019501348851867
12,66,1,0.2857142857142857,0.8088328509490184,0.4586588740348816,0.012032987778452416,0.826966946820376
12,67,1,0.29004329004329005,0.808708687972352,0.4495953619480133,0.011626885983560466,0.6222289735974142
12,68,1,0.2943722943722944,0.8079949818153647,0.45430314540863037,0.01203255523107908,0.8091957582857159
12,69,1,0.2987012987012987,0.8079691039924575,0.4552574157714844,0.011522650684148879,0.6019422428148566
12,70,1,0.30303030303030304,0.8077105196924638,0.4572159945964813,0.011488397312345168,0.5956712584939731
12,71,1,0.30735930735930733,0.8072806089621042,0.47018566727638245,0.011637725228566105,0.7098776020074669
12,72,1,0.3116883116883117,0.807292469852264,0.45455655455589294,0.011268844585844352,0.494032274221501
12,73,1,0.31601731601731603,0.8067958848021984,0.45311349630355835,0.011589801645134741,0.621084730503725
12,74,1,0.3203463203463203,0.8064204395319954,0.45636412501335144,0.011671942117773039,0.6682208249445087
12,75,1,0.3246753246753247,0.8064226197336642,0.45678237080574036,0.011347241875987076,0.5354795808718866
12,76,1,0.329004329004329,0.8065867210211202,0.4592101573944092,0.010968643281421171,0.3885398810982794
12,77,1,0.3333333333333333,0.8055796502522399,0.45982810854911804,0.011799276842515506,0.7349296831499794
12,78,1,0.33766233766233766,0.8046980479602293,0.4542500078678131,0.012376820497036485,0.951511813161081
12,79,1,0.341991341991342,0.804293231433426,0.4489899277687073,0.012351039130898196,0.9195933222220543
12,80,1,0.3463203463203463,0.8044775916845703,0.45067504048347473,0.011634331804694316,0.6296723014483407
12,81,1,0.35064935064935066,0.8038605585562018,0.4572203457355499,0.01172408259892544,0.6932658603527664
12,82,1,0.354978354978355,0.8039690233591748,0.4618545472621918,0.011185844871942914,0.4891446766614368
12,83,1,0.3593073593073593,0.804084711836043,0.4532119035720825,0.010887900244811018,0.3308851160334234
12,84,1,0.36363636363636365,0.8029485875044667,0.44741368293762207,0.011971894677041552,0.7562559712879589
12,85,1,0.36796536796536794,0.803291786167862,0.44527703523635864,0.01124644496862038,0.4472799875383159
12,86,1,0.3722943722943723,0.8025293145669998,0.44756487011909485,0.011866723472397624,0.7133242326418336
12,87,1,0.37662337662337664,0.8012505879438993,0.45914125442504883,0.012785522897454472,1.140475344673694
12,88,1,0.38095238095238093,0.8006654857539113,0.456343412399292,0.012662094114406504,1.0780740428945794
12,89,1,0.3852813852813853,0.8002190043462116,0.446744829416275,0.012537800084467289,0.9878473858385126
12,90,1,0.38961038961038963,0.8000573239886623,0.4410533905029297,0.01193128498660407,0.7137547593918833
12,91,1,0.3939393939393939,0.7995097321078937,0.44544482231140137,0.011860879222788258,0.7023420889102105
12,92,1,0.39826839826839827,0.7990188893656816,0.45866191387176514,0.011916508005998978,0.7787549578257029
12,93,1,0.4025974025974026,0.7988859758370201,0.47247064113616943,0.011637772437602951,0.7191257998636515
12,94,1,0.4069264069264069,0.7986367754071019,0.4764596223831177,0.011553715740223354,0.7004360156318055
12,95,1,0.41125541125541126,0.7981394997968001,0.47500741481781006,0.011695854205135033,0.7534181025226716
12,96,1,0.4155844155844156,0.7973649999489787,0.4900321364402771,0.01212779597518305,0.9929305839650564
12,97,1,0.4199134199134199,0.7978103055861304,0.48027968406677246,0.011269017983855607,0.5979957671944546
12,98,1,0.42424242424242425,0.7975201276510067,0.4783594608306885,0.011290278356256934,0.5990423789903546
12,99,1,0.42857142857142855,0.7974032991673953,0.47443336248397827,0.011127944900844518,0.5159771437599971
12,100,1,0.4329004329004329,0.7965956419318829,0.47336336970329285,0.01175155197900566,0.7698377238912929
12,101,1,0.43722943722943725,0.7963559270164167,0.4842037856578827,0.011798927390197979,0.8332345588578982
12,102,1,0.44155844155844154,0.7962059305588449,0.5012686252593994,0.011585329205341284,0.8137241244745401
12,103,1,0.4458874458874459,0.795750835233457,0.4923744201660156,0.011711875257688749,0.8301936669012742
12,104,1,0.45021645021645024,0.7952924649560464,0.48023414611816406,0.011757129551614766,0.7998969106670089
12,105,1,0.45454545454545453,0.7956698812170347,0.47851407527923584,0.011053919046667339,0.5018107592999622
12,106,1,0.4588744588744589,0.7950694332322599,0.4825400710105896,0.011482855581596736,0.6956568945116619
12,107,1,0.46320346320346323,0.7942198124094489,0.4819706678390503,0.0120483520727614,0.9274806764054802
12,108,1,0.4675324675324675,0.7936578870971617,0.48713886737823486,0.01222752167904665,1.0225329680135715
12,109,1,0.47186147186147187,0.7938363717269428,0.4830452501773834,0.011640392584544364,0.7629197724287046
12,110,1,0.47619047619047616,0.7925966816422796,0.4793463349342346,0.01242170529668455,1.071454898968884
12,111,1,0.4805194805194805,0.7925252970100146,0.46955496072769165,0.01187490203145445,0.8055248137812546
12,112,1,0.48484848484848486,0.7918633679160091,0.4657565653324127,0.0121132022756014,0.8888433454029248
12,113,1,0.48917748917748916,0.7915134626544683,0.4763781428337097,0.012014477741854025,0.8908688909928688
12,114,1,0.4935064935064935,0.7906612223603965,0.4599303901195526,0.012285990767807238,0.9368492029124014
12,115,1,0.49783549783549785,0.7903698322488129,0.43766704201698303,0.012093516058920097,0.7672437755670032
12,116,1,0.5021645021645021,0.7900411755947108,0.44729653000831604,0.011883306522721744,0.7191060652398772
12,117,1,0.5064935064935064,0.7898740126506303,0.451415091753006,0.011594921386477643,0.6163447847362418
12,118,1,0.5108225108225108,0.7896199154396448,0.453107625246048,0.011439156096503596,0.5586916392330736
12,119,1,0.5151515151515151,0.7898050095330179,0.45728906989097595,0.010993735272942597,0.39116934653763596
12,120,1,0.5194805194805194,0.789888367435149,0.4427485466003418,0.010769171691862763,0.23946995772477114
12,121,1,0.5238095238095238,0.7897241986794381,0.43401020765304565,0.010895138407683226,0.2563291656968583
12,122,1,0.5281385281385281,0.7897319959875877,0.43004941940307617,0.010849887606735588,0.22159769142916808
12,123,1,0.5324675324675324,0.7901592420487763,0.43180716037750244,0.010450661682532704,0.06341177703171501
12,124,1,0.5367965367965368,0.7902701327828281,0.42889872193336487,0.010428329077420508,0.04241903519891757
12,125,1,0.5411255411255411,0.7897585421870883,0.42615947127342224,0.011035361010080076,0.2826753996896434
12,126,1,0.5454545454545454,0.7901170868745511,0.4259197413921356,0.010685402199529855,0.1368192913685472
12,127,1,0.5497835497835498,0.7906972231851852,0.42895808815956116,0.010201538610636558,-0.05123564149041174
12,128,1,0.5541125541125541,0.7909152900401141,0.43422678112983704,0.010117967039809918,-0.06455602065653018
12,129,1,0.5584415584415584,0.7912527094887554,0.42759332060813904,0.009941836905490116,-0.16426788838620754
12,130,1,0.5627705627705628,0.7919059995507105,0.4164334535598755,0.009662088668951747,-0.32516055912218483
12,131,1,0.5670995670995671,0.7920554084478838,0.41394707560539246,0.00995990794081831,-0.21190127810656612
12,132,1,0.5714285714285714,0.7929442960781388,0.40392106771469116,0.009410566626237994,-0.47982980028902256
12,133,1,0.5757575757575758,0.7929483668405654,0.4127512276172638,0.009913747373317579,-0.2358422465341439
12,134,1,0.5800865800865801,0.7934969927279109,0.3987319767475128,0.009789035823924576,-0.3440961498881568
12,135,1,0.5844155844155844,0.7940039624181003,0.39502808451652527,0.009679814428035179,-0.4042747885822888
12,136,1,0.5887445887445888,0.7949352867839685,0.39527657628059387,0.009235628554721133,-0.5871703770862035
12,137,1,0.5930735930735931,0.7958376363500834,0.384251207113266,0.00883102666506367,-0.7992110028446927
12,138,1,0.5974025974025974,0.7961544299175434,0.3823190927505493,0.009236550474983236,-0.6391219419434973
12,139,1,0.6017316017316018,0.7962710559117205,0.36500081419944763,0.0097842837782142,-0.4822984625834962
12,140,1,0.6060606060606061,0.7964807698997725,0.3584510385990143,0.01014134316356733,-0.36092436882740364
12,141,1,0.6103896103896104,0.7973049036020454,0.3525191843509674,0.009703580240245348,-0.5661222181271973
12,142,1,0.6147186147186147,0.7972158329456653,0.3520069420337677,0.010159467709615934,-0.37944725134089374
12,143,1,0.6190476190476191,0.7971354130910188,0.3473318815231323,0.010505238321293,-0.25517518735512834
12,144,1,0.6233766233766234,0.7975210130917821,0.34196460247039795,0.01033572761535418,-0.3470326092450169
12,145,1,0.6277056277056277,0.7976873300566683,0.33568841218948364,0.010429471448470486,-0.33356989454371316
12,146,1,0.6320346320346321,0.7983515957484519,0.33459657430648804,0.00986081237034251,-0.5734125252231369
12,147,1,0.6363636363636364,0.7981535856327462,0.3366655111312866,0.010342763186744909,-0.36552198612551245
12,148,1,0.6406926406926406,0.7988468172231908,0.3287557363510132,0.009904074731732111,-0.5790915307839347
12,149,1,0.645021645021645,0.7990742269507446,0.3308883607387543,0.010008116037030536,-0.5274036280417169
12,150,1,0.6493506493506493,0.800039159133636,0.33856528997421265,0.009389908077658222,-0.7523445121959982
12,151,1,0.6536796536796536,0.8004625564008307,0.32715100049972534,0.009388401656759478,-0.7990687246570196
12,152,1,0.658008658008658,0.8008622091882942,0.31727835536003113,0.009565991561317162,-0.7654180750351786
12,153,1,0.6623376623376623,0.8014664682336968,0.31184273958206177,0.009465580507190381,-0.8289432691649148
12,154,1,0.6666666666666666,0.8019914463215754,0.3120277225971222,0.009538662740049893,-0.7979390778777962
12,155,1,0.670995670995671,0.8026189456726709,0.31336212158203125,0.009399235185939221,-0.8502746199755971
12,156,1,0.6753246753246753,0.8032800806409043,0.3103262782096863,0.009277197535665867,-0.9130612234697992
12,157,1,0.6796536796536796,0.8036857215181541,0.30731168389320374,0.009476024521568573,-0.8429195265681044
12,158,1,0.683982683982684,0.8040127920561935,0.3144083321094513,0.009703767304643514,-0.719968552508742
12,159,1,0.6883116883116883,0.8051768862984311,0.3013944625854492,0.009045009496060415,-1.0452645509672838
12,160,1,0.6926406926406926,0.8058169708229495,0.30303993821144104,0.009044410127982107,-1.0388668786606146
12,161,1,0.696969696969697,0.8063955538541145,0.3009521961212158,0.009100049642328308,-1.0242634003629238
12,162,1,0.7012987012987013,0.8070993814758294,0.3055403530597687,0.009073680104603583,-1.0166499109053933
12,163,1,0.7056277056277056,0.8078617049649357,0.3039863109588623,0.00908300397040624,-1.0190662325374054
12,164,1,0.70995670995671,0.8082011285980395,0.3005475699901581,0.009414785003928595,-0.895592749357605
12,165,1,0.7142857142857143,0.8089011661541655,0.3037349283695221,0.009310786891575086,-0.92577618986376
12,166,1,0.7186147186147186,0.809265095355002,0.2986118793487549,0.00957326076575133,-0.837799504088226
12,167,1,0.7229437229437229,0.8102501811757626,0.29799845814704895,0.009129603414783867,-1.0239574087883663
12,168,1,0.7272727272727273,0.8102390348930082,0.29443204402923584,0.00973786875024505,-0.7865311822204644
12,169,1,0.7316017316017316,0.8107379266603892,0.2975202798843384,0.009748453556606175,-0.7696760208693505
12,170,1,0.7359307359307359,0.8112636537924719,0.29642489552497864,0.009681916551079452,-0.8016473647327242
12,171,1,0.7402597402597403,0.8116306386373229,0.29676857590675354,0.00981457131559594,-0.7453383523708925
12,172,1,0.7445887445887446,0.8119214093633743,0.29062163829803467,0.009868914954934561,-0.7476658414861181
12,173,1,0.7489177489177489,0.8124534031505659,0.2965831160545349,0.009757514785334494,-0.7697096029301342
12,174,1,0.7532467532467533,0.812800340877097,0.30061641335487366,0.009839446181347612,-0.7194989929235945
12,175,1,0.7575757575757576,0.813659550451327,0.29742616415023804,0.009364408378273854,-0.9290562527563536
12,176,1,0.7619047619047619,0.8133485204652968,0.30160123109817505,0.010182666317805046,-0.5734234970529373
12,177,1,0.7662337662337663,0.8130097065702219,0.3010953962802887,0.010878257988360625,-0.2874817358368477
12,178,1,0.7705627705627706,0.8132720294814492,0.29555946588516235,0.010755010932047317,-0.36086651159428657
12,179,1,0.7748917748917749,0.8134136162056982,0.29309043288230896,0.010731346358886347,-0.380636016990377
12,180,1,0.7792207792207793,0.8139630205181221,0.2907572090625763,0.010120458485055252,-0.6429757278581516
12,181,1,0.7835497835497836,0.8141570011501924,0.288280189037323,0.010080102866191244,-0.6696878196062109
12,182,1,0.7878787878787878,0.8138924164226212,0.2904271185398102,0.01063151123875506,-0.43272587369575627
12,183,1,0.7922077922077922,0.8143256412105606,0.2940613925457001,0.010353383186108685,-0.5331965396798398
12,184,1,0.7965367965367965,0.8147360462586393,0.29010874032974243,0.010170984389245637,-0.6246763558242936
12,185,1,0.8008658008658008,0.8147977102131426,0.2839447557926178,0.010302576869871578,-0.5950905864735723
12,186,1,0.8051948051948052,0.8156832164570214,0.2895527780056,0.009577247891730402,-0.8727370736351597
12,187,1,0.8095238095238095,0.8156808019477875,0.2916613221168518,0.010027362409564318,-0.6778672429155014
12,188,1,0.8138528138528138,0.816176905872502,0.2899654507637024,0.00987004866915648,-0.7498467068256083
12,189,1,0.8181818181818182,0.8165268080591465,0.2927871644496918,0.009880361385977733,-0.7341806358033918
12,190,1,0.8225108225108225,0.8171120443169569,0.2896795868873596,0.009727399589668208,-0.8100599945182361
12,191,1,0.8268398268398268,0.8172405337897806,0.29132330417633057,0.009956117081828482,-0.7087290137779585
12,192,1,0.8311688311688312,0.8180988676793559,0.29169219732284546,0.009487716152751409,-0.9011636940539165
12,193,1,0.8354978354978355,0.8187379790649236,0.28696417808532715,0.009329095218897167,-0.9859307263362682
12,194,1,0.8398268398268398,0.8186468854523978,0.28748032450675964,0.009972981582867253,-0.7172680676631222
12,195,1,0.8441558441558441,0.8190979737713021,0.2853149175643921,0.009905603547823195,-0.7539092637349416
12,196,1,0.8484848484848485,0.8190296566807154,0.28462883830070496,0.010438280633790327,-0.5361444143751413
12,197,1,0.8528138528138528,0.8193126665355964,0.2855786383152008,0.010387968029249135,-0.553138447352319
12,198,1,0.8571428571428571,0.8200163391375314,0.2871510684490204,0.0098279672949824,-0.7786358391915772
12,199,1,0.8614718614718615,0.8191734303622505,0.2937083840370178,0.011013239491546596,-0.26143248135651953
12,200,1,0.8658008658008658,0.8192705522602673,0.2918988764286041,0.010934981741266898,-0.30114061093674843
12,201,1,0.8701298701298701,0.8196943201466864,0.2921675443649292,0.010571437749735825,-0.45056783612665074
12,202,1,0.8744588744588745,0.820002704206757,0.29378604888916016,0.010358467092437713,-0.5322038008898012
12,203,1,0.8787878787878788,0.8198059495994416,0.29560282826423645,0.010551812967059516,-0.44481819727775185
12,204,1,0.8831168831168831,0.8193451512572933,0.292356938123703,0.011170741118505585,-0.20168286840714322
12,205,1,0.8874458874458875,0.8194346950700251,0.2878325879573822,0.011099847055030344,-0.24930715313544835
12,206,1,0.8917748917748918,0.8197486844919231,0.2854255735874176,0.010720951363967036,-0.41589686122266717
12,207,1,0.8961038961038961,0.820022855080369,0.2868204414844513,0.010383275846812624,-0.5500656278619567
12,208,1,0.9004329004329005,0.8197276326764497,0.29000842571258545,0.010732724620963786,-0.39251314281957983
12,209,1,0.9047619047619048,0.8201402222695906,0.28527379035949707,0.01041575538261192,-0.5428653249683153
12,210,1,0.9090909090909091,0.8205728863887288,0.28521308302879333,0.010159473063365072,-0.6492150023203817
12,211,1,0.9134199134199135,0.8205338575648858,0.2860850393772125,0.010404552361409504,-0.5442270254251224
12,212,1,0.9177489177489178,0.8204445875595042,0.284257173538208,0.010621572987920332,-0.46175989402507267
12,213,1,0.922077922077922,0.8206587942145499,0.28863534331321716,0.010586605053638294,-0.4585543672179885
12,214,1,0.9264069264069265,0.8208389995639924,0.286853164434433,0.0105360426904356,-0.4866858399849946
12,215,1,0.9307359307359307,0.8208636047418258,0.28541144728660583,0.010577965806418073,-0.4751519499325445
12,216,1,0.935064935064935,0.821266315706948,0.2872253656387329,0.010257691635530954,-0.6004238347593253
12,217,1,0.9393939393939394,0.8211735116799587,0.28863561153411865,0.010555927699381192,-0.4712541406707013
12,218,1,0.9437229437229437,0.8216612708331571,0.2888793349266052,0.010196847912534952,-0.6189338693602461
12,219,1,0.948051948051948,0.8217120914481736,0.29336822032928467,0.010351595114809632,-0.5367364407348036
12,220,1,0.9523809523809523,0.8222305512421243,0.2957087755203247,0.010045256997445857,-0.6541115991479558
12,221,1,0.9567099567099567,0.8223659967095263,0.30645453929901123,0.010150870413837977,-0.5669856951021186
12,222,1,0.961038961038961,0.8225172412755746,0.29921242594718933,0.01029774710518156,-0.5354264411815692
12,223,1,0.9653679653679653,0.8223483260052905,0.30075013637542725,0.010680654986069994,-0.37068661288463023
12,224,0,0.9696969696969697,0.8230996391734604,0.3032602071762085,0.010088400457179326,-0.6057505457419214
12,225,0,0.974025974025974,0.8237785975067562,0.3133411407470703,0.009626714106717567,-0.7561798810338589
12,226,0,0.9783549783549783,0.8238480610323193,0.3216337561607361,0.00991040078046191,-0.6052370234886111
12,227,0,0.9826839826839827,0.8248067540530298,0.31779947876930237,0.009284412698937601,-0.8798909540344457
12,228,0,0.987012987012987,0.8250185600839863,0.3343651294708252,0.009687213679915936,-0.6462195977631268
12,229,0,0.9913419913419913,0.8256581714196058,0.34036412835121155,0.0095273325719279,-0.6881836085961369
12,230,0,0.9956709956709957,0.8256208373862152,0.3495483994483948,0.010034560083530993,-0.4410904375045137
13,15,0,0.06465517241379311,0.8302864994610062,0.489115834236145,nan,nan
13,16,0,0.06896551724137931,0.8296365438516045,0.5044868588447571,nan,nan
13,17,0,0.07327586206896551,0.8286984594384079,0.5053468346595764,nan,nan
13,18,0,0.07758620689655173,0.8287116405210411,0.514371931552887,nan,nan
13,19,0,0.08189655172413793,0.8276831486221532,0.5427375435829163,0.012472648018372536,1.348573097278074
13,20,0,0.08620689655172414,0.827164312457448,0.5331339836120605,0.012340646473364449,1.2551353191458348
13,21,0,0.09051724137931035,0.8268591984366533,0.5296012759208679,0.012027702645620038,1.1113041118474016
13,22,0,0.09482758620689655,0.8266465007809221,0.5326546430587769,0.01178058505091268,1.0213260200959393
13,23,0,0.09913793103448276,0.8263771997309074,0.5388913154602051,0.011533601165897585,0.9442601589669897
13,24,0,0.10344827586206896,0.8257790788058372,0.5537062883377075,0.011805234868156302,1.1165556999632977
13,25,0,0.10775862068965517,0.8252158840871257,0.5373889207839966,0.01202212117396518,1.1404463856270721
13,26,0,0.11206896551724138,0.8247439112777853,0.5321815013885498,0.01208326539592356,1.1447290008726454
13,27,0,0.11637931034482758,0.8246920498554162,0.5275774598121643,0.01165947944250851,0.9506806420406197
13,28,0,0.1206896551724138,0.823586136108763,0.5333454012870789,0.012344105720288968,1.2574213790755233
13,29,0,0.125,0.8243664240277961,0.5055990815162659,0.01101558212698723,0.5953308457853972
13,30,0,0.12931034482758622,0.8239304564179547,0.48625192046165466,0.011239184721996288,0.6097653068911327
13,31,0,0.1336206896551724,0.8235571653672475,0.492537260055542,0.011409112057745786,0.705503122573107
13,32,0,0.13793103448275862,0.8235694599213486,0.49223461747169495,0.011113096381602607,0.5817261371066099
13,33,0,0.14224137931034483,0.8226490769595908,0.5063331127166748,0.012029310296506786,1.0179932238052654
13,34,0,0.14655172413793102,0.8228539071412302,0.4989926517009735,0.01139514334781603,0.7257921988403164
13,35,0,0.15086206896551724,0.8229974435488927,0.4979367256164551,0.010982469620972386,0.55067474280373
13,36,0,0.15517241379310345,0.8221778453000373,0.49256131052970886,0.011662137415239034,0.8103563205646064
13,37,0,0.15948275862068967,0.8218487396345331,0.4953588843345642,0.01164333942541549,0.8138726517988364
13,38,0,0.16379310344827586,0.8210454284127612,0.48163166642189026,0.012246566315922976,1.0081749911422866
13,39,0,0.16810344827586207,0.8207226615272681,0.4895097315311432,0.012117213519298765,0.9864393863132646
13,40,0,0.1724137931034483,0.8207481566130407,0.4817633330821991,0.011523022928120082,0.7091496185171338
13,41,0,0.17672413793103448,0.8207321764356617,0.488834023475647,0.011181580933749942,0.5963452381147568
13,42,0,0.1810344827586207,0.8201557515345714,0.5015262365341187,0.011478865035122306,0.7706869101646863
13,43,0,0.1853448275862069,0.8193690688660722,0.5128173828125,0.012043128484074107,1.0499031025687362
13,44,0,0.1896551724137931,0.8194276471807516,0.49033263325691223,0.011646152004095751,0.7947368556705561
13,45,1,0.1939655172413793,0.818977516351263,0.49269595742225647,0.011766155475511998,0.8539650803946386
13,46,1,0.19827586206896552,0.8186486229966061,0.4952850341796875,0.011656383809069255,0.8189749411177414
13,47,1,0.2025862068965517,0.8190357681418569,0.49391424655914307,0.010892456529327195,0.4971618901687348
13,48,1,0.20689655172413793,0.8186368010203794,0.479865163564682,0.011208098469750828,0.5711000467137668
13,49,1,0.21120689655172414,0.818252525680916,0.48667630553245544,0.011394662269121177,0.6758492263512441
13,50,1,0.21551724137931033,0.8174944375528528,0.5025651454925537,0.011971502729597634,0.9788418455834524
13,51,1,0.21982758620689655,0.8178770143406988,0.4929533898830414,0.011300379580813265,0.6621670290186095
13,52,1,0.22413793103448276,0.8176126874882012,0.48103639483451843,0.01127501798302142,0.6035360879996314
13,53,1,0.22844827586206898,0.8172873460024583,0.47567224502563477,0.011344331085719674,0.6105677252623458
13,54,1,0.23275862068965517,0.8176865318137417,0.4801243841648102,0.01070385035482186,0.3633811762942029
13,55,1,0.23706896551724138,0.8169139657255962,0.4911966025829315,0.011524440008189675,0.7478358122536657
13,56,1,0.2413793103448276,0.8167292927247225,0.49333512783050537,0.01146835085528767,0.7332512825040673
13,57,1,0.24568965517241378,0.8165478718682108,0.49906378984451294,0.011428923020929745,0.7400647751528168
13,58,1,0.25,0.816686201923646,0.48877888917922974,0.011105724431932563,0.5647168991036841
13,59,1,0.2543103448275862,0.8164700096906027,0.49917444586753845,0.011071834192452008,0.5926718929421448
13,60,1,0.25862068965517243,0.8168175876590531,0.490222692489624,0.01061326721525322,0.3666639712442627
13,61,1,0.2629310344827586,0.8164479527171872,0.4795055389404297,0.011004975890701797,0.4855519702856428
13,62,1,0.2672413793103448,0.8164554450475878,0.477524995803833,0.010972503772545251,0.4641089515048285
13,63,1,0.27155172413793105,0.8155815008700489,0.4763171672821045,0.011788758731069639,0.7971717705281911
13,64,1,0.27586206896551724,0.8162122578696271,0.4868055284023285,0.010935874526352925,0.48642654978363664
13,65,1,0.2801724137931034,0.8158915045221704,0.4851817488670349,0.011105295426453173,0.5500109967195335
13,66,1,0.28448275862068967,0.8158739690681479,0.48967576026916504,0.01098371883172148,0.5178271844563478
13,67,1,0.28879310344827586,0.8155615590315952,0.49739617109298706,0.011150759873414191,0.6181660623746972
13,68,1,0.29310344827586204,0.8147806730229732,0.5004454255104065,0.011926660422422804,0.9517152807656384
13,69,1,0.2974137931034483,0.8142409898485364,0.4912458658218384,0.01210844738519607,0.9898220586479207
13,70,1,0.3017241379310345,0.813483716006818,0.4813593626022339,0.012453092558505997,1.09257997189698
13,71,1,0.30603448275862066,0.8132144288522443,0.4839966893196106,0.012124816447747273,0.967320789077958
13,72,1,0.3103448275862069,0.8135201637333185,0.4823343753814697,0.01123229902183532,0.5910921771350559
13,73,1,0.3146551724137931,0.8129958527835641,0.48555687069892883,0.011441482649176,0.6907123006551075
13,74,1,0.31896551724137934,0.8125234214889375,0.47854962944984436,0.011602629677559519,0.7291282868595101
13,75,1,0.3232758620689655,0.8116781023604464,0.44249823689460754,0.01220787517658057,0.8341025028152742
13,76,1,0.3275862068965517,0.8117801328310011,0.44843727350234985,0.011721763083076299,0.6568320907361372
13,77,1,0.33189655172413796,0.8118839411628851,0.4421567916870117,0.011182947025613017,0.4083887682510857
13,78,1,0.33620689655172414,0.8110817813879593,0.45031553506851196,0.011707128895369075,0.6583593361008245
13,79,1,0.34051724137931033,0.8106997361127468,0.44587942957878113,0.011728764145336974,0.6493998968900911
13,80,1,0.3448275862068966,0.8097359485185117,0.441977858543396,0.01244796017764719,0.9313993479603061
13,81,1,0.34913793103448276,0.8098275934179656,0.44168898463249207,0.01184526920007093,0.680710077678319
13,82,1,0.35344827586206895,0.8094153176303643,0.44726693630218506,0.011743458051442342,0.6610873039966259
13,83,1,0.3577586206896552,0.809122743861249,0.438280314207077,0.011619415881158897,0.57343653486184
13,84,1,0.3620689655172414,0.8084959692865787,0.44003596901893616,0.011851942392954763,0.6767966015588733
13,85,1,0.36637931034482757,0.808665844370412,0.4409446120262146,0.01137207250113826,0.4817935745802012
13,86,1,0.3706896551724138,0.8076119500058626,0.43703505396842957,0.012135529603799246,0.7820854738594104
13,87,1,0.375,0.8079147594075171,0.4452092945575714,0.011381878296019311,0.5030776986442966
13,88,1,0.3793103448275862,0.8074770406100901,0.4524655044078827,0.011517600980013372,0.588575500101299
13,89,1,0.38362068965517243,0.8069759345254665,0.4487050771713257,0.011763974895514819,0.6753899928467705
13,90,1,0.3879310344827586,0.805981035689582,0.45274895429611206,0.01233639627016287,0.9287130928518084
13,91,1,0.3922413793103448,0.8053685582755531,0.4573989808559418,0.012541145105121644,1.0322627256584331
13,92,1,0.39655172413793105,0.8045267816984145,0.4624236226081848,0.012746371399269214,1.1375230455650105
13,93,1,0.40086206896551724,0.8042382842967655,0.4637935161590576,0.012297304072999372,0.9571356335060346
13,94,1,0.4051724137931034,0.8036565856550045,0.465398371219635,0.012194590157585068,0.9210923848039575
13,95,1,0.40948275862068967,0.8033237117728975,0.46812859177589417,0.011946351531047707,0.8293450314970217
13,96,1,0.41379310344827586,0.8025135665613397,0.4674070179462433,0.01224528511694168,0.9501934225235904
13,97,1,0.41810344827586204,0.802253595313682,0.47918960452079773,0.012001952580330606,0.8970383524844832
13,98,1,0.4224137931034483,0.8012179708452024,0.4698169529438019,0.012541404803039342,1.0825244946082242
13,99,1,0.4267241379310345,0.8010113539812245,0.4601978361606598,0.01213836796456675,0.8768114558953731
13,100,1,0.43103448275862066,0.799898146271141,0.4712575078010559,0.012673486226731985,1.14302624053686
13,101,1,0.4353448275862069,0.7986788178166797,0.46874353289604187,0.013238959608643582,1.3669866332631255
13,102,1,0.4396551724137931,0.7974296690459035,0.45975708961486816,0.013594414005169204,1.4778549187305012
13,103,1,0.44396551724137934,0.7967127688064681,0.47012531757354736,0.01336423879477986,1.4244347934536639
13,104,1,0.4482758620689655,0.7964596491681452,0.4774889349937439,0.012542712139413749,1.1140516878981592
13,105,1,0.4525862068965517,0.7959673599616783,0.475196897983551,0.012175377070131617,0.95271261566435
13,106,1,0.45689655172413796,0.7951545059620231,0.4762524664402008,0.012310366606036523,1.0128634610485243
13,107,1,0.46120689655172414,0.7942869556495187,0.47032052278518677,0.012609126147570822,1.1125959250672937
13,108,1,0.46551724137931033,0.7944653770335666,0.4767877757549286,0.01182425147428557,0.8137669802794721
13,109,1,0.4698275862068966,0.793587249445916,0.47078487277030945,0.012203811028291524,0.9466651938822837
13,110,1,0.47413793103448276,0.7929589118414214,0.47101008892059326,0.012237121003845476,0.9613656058012341
13,111,1,0.47844827586206895,0.7921381358910787,0.4730788767337799,0.01250899842403775,1.0822821981352067
13,112,1,0.4827586206896552,0.7924488902690454,0.4756397604942322,0.011661039106461081,0.7415581067529413
13,113,1,0.4870689655172414,0.7925912059321983,0.46621203422546387,0.011014601752177867,0.435846822586083
13,114,1,0.49137931034482757,0.7913523795548624,0.4658547639846802,0.012004417251084427,0.8442014220324879
13,115,1,0.4956896551724138,0.7911158536714554,0.4625209867954254,0.011839310062851612,0.7623801150177957
13,116,1,0.5,0.790867594163095,0.45340216159820557,0.011831999016306168,0.722523727588741
13,117,1,0.5043103448275862,0.7902721299364063,0.44959887862205505,0.012032139216507344,0.7900237233540487
13,118,1,0.5086206896551724,0.7901661469570498,0.4485800266265869,0.011558353196915817,0.5897546538060779
13,119,1,0.5129310344827587,0.7897357131328508,0.45118480920791626,0.01169222887166161,0.6557013789410108
13,120,1,0.5172413793103449,0.789090437563578,0.4395831823348999,0.011992469306283317,0.7331479882880707
13,121,1,0.521551724137931,0.7896754987906434,0.43825608491897583,0.01096311892933869,0.3016224945096761
13,122,1,0.5258620689655172,0.789448066112937,0.4492280185222626,0.011041393820604269,0.378343328696156
13,123,1,0.5301724137931034,0.7892439821995898,0.44176042079925537,0.011065957522923338,0.3583525862051226
13,124,1,0.5344827586206896,0.7896567938270873,0.4346737563610077,0.010530213162110565,0.10792494365969857
13,125,1,0.5387931034482759,0.789487228838405,0.4267114996910095,0.010841367216670152,0.20458879338860259
13,126,1,0.5431034482758621,0.7893568800237438,0.42529740929603577,0.010924648543271805,0.23335714531180107
13,127,1,0.5474137931034483,0.7902573363897153,0.43102598190307617,0.010001395655002028,-0.12574574419553147
13,128,1,0.5517241379310345,0.7898900926891317,0.4330557584762573,0.01062197790311701,0.13938199812230878
13,129,1,0.5560344827586207,0.7898455487653111,0.41963768005371094,0.010724846542448686,0.1277775400315035
13,130,1,0.5603448275862069,0.7902851113685297,0.4061090052127838,0.010374863920956552,-0.07176040014667655
13,131,1,0.5646551724137931,0.7904593612254608,0.39433398842811584,0.010432671900221992,-0.09538453677520331
13,132,1,0.5689655172413793,0.791034317051822,0.38571876287460327,0.00990822228279712,-0.3473096161499306
13,133,1,0.5732758620689655,0.7916570651184622,0.3754463195800781,0.009571530306829508,-0.5281936310846607
13,134,1,0.5775862068965517,0.7920149062730211,0.37485116720199585,0.009666568240558455,-0.4912503154347154
13,135,1,0.5818965517241379,0.7919077238640434,0.37494876980781555,0.010206199375658954,-0.2674412230764953
13,136,1,0.5862068965517241,0.7923026673990202,0.3761376440525055,0.010173346500327786,-0.2762410987519093
13,137,1,0.5905172413793104,0.7928363582807423,0.3727685213088989,0.009956743205405273,-0.3795252744375563
13,138,1,0.5948275862068966,0.7930372535015702,0.3774747848510742,0.010050671275147395,-0.3216298669576133
13,139,1,0.5991379310344828,0.793525258419513,0.37388861179351807,0.009818253164341796,-0.43233823150000006
13,140,1,0.603448275862069,0.7932724252859592,0.3589930832386017,0.01047546993676305,-0.2204019448602294
13,141,1,0.6077586206896551,0.794153480828661,0.35144221782684326,0.009836853865796004,-0.5152947596174478
13,142,1,0.6120689655172413,0.7947512260774584,0.35009297728538513,0.009568389253978273,-0.6318922621323929
13,143,1,0.6163793103448276,0.7952092429972724,0.3491209149360657,0.009538865478136378,-0.6480415292290136
13,144,1,0.6206896551724138,0.7958594012180562,0.3453851342201233,0.009309703401792359,-0.7580060916157236
13,145,1,0.625,0.7965209768731383,0.3413136601448059,0.00929487172973454,-0.7805906608339285
13,146,1,0.6293103448275862,0.7967112926692268,0.3413422107696533,0.009696429944765335,-0.6142245923205603
13,147,1,0.6336206896551724,0.7970003448600242,0.34178200364112854,0.009897394401909988,-0.5292462217248638
13,148,1,0.6379310344827587,0.7976269505978196,0.33345723152160645,0.009718564129802577,-0.6369069279969886
13,149,1,0.6422413793103449,0.7979181380780358,0.3247740566730499,0.009869263994527262,-0.6095850488288401
13,150,1,0.646551724137931,0.7985966567595135,0.3223133087158203,0.009540035614273919,-0.7558288122424393
13,151,1,0.6508620689655172,0.7984736327648742,0.323234885931015,0.01013440063148497,-0.5060312169659313
13,152,1,0.6551724137931034,0.7988656456006014,0.32361486554145813,0.01011070977197024,-0.5143048881748096
13,153,1,0.6594827586206896,0.7990362498387996,0.33087998628616333,0.010249779284467415,-0.4273854628660776
13,154,1,0.6637931034482759,0.7991918674573953,0.3339785933494568,0.010373689606062643,-0.3635700543199308
13,155,1,0.6681034482758621,0.7998012835776618,0.3393532931804657,0.009913076160266661,-0.5325629352248498
13,156,1,0.6724137931034483,0.8002394659026788,0.3320653736591339,0.009806806538446546,-0.6059948245036504
13,157,1,0.6767241379310345,0.8007020824489244,0.326837420463562,0.009687645067720331,-0.6764442384600162
13,158,1,0.6810344827586207,0.8013350862206573,0.32635313272476196,0.009471099448518601,-0.768053137430882
13,159,1,0.6853448275862069,0.8012725438660251,0.31515371799468994,0.010069446493966301,-0.5655617203050135
13,160,1,0.6896551724137931,0.8013958733028506,0.31545040011405945,0.010313932129231658,-0.46314297095142765
13,161,1,0.6939655172413793,0.8020628341320987,0.3191039562225342,0.009936073150026488,-0.6048257678460286
13,162,1,0.6982758620689655,0.8023983331542047,0.32018938660621643,0.009940762048714004,-0.5985006139024384
13,163,1,0.7025862068965517,0.802753443257895,0.3119221329689026,0.00985146367841059,-0.6688615435959453
13,164,1,0.7068965517241379,0.8031617727051474,0.3072277009487152,0.009813359079125623,-0.7035974623592933
13,165,1,0.7112068965517241,0.803049316789329,0.3078392744064331,0.010367289845518275,-0.4717922732140597
13,166,1,0.7155172413793104,0.8031491790696326,0.30429142713546753,0.010514048229522295,-0.4253614363106785
13,167,1,0.7198275862068966,0.803664403104733,0.30599600076675415,0.010186535673278853,-0.5540717408828086
13,168,1,0.7241379310344828,0.8041442051857621,0.30301496386528015,0.00993447355395919,-0.6704689511871302
13,169,1,0.728448275862069,0.8046959938034377,0.2993605434894562,0.009628293056437288,-0.8119916230408137
13,170,1,0.7327586206896551,0.8047765263030566,0.2964739203453064,0.00995942981034554,-0.6865549630087959
13,171,1,0.7370689655172413,0.8063516924243926,0.2945229411125183,0.00879110049736554,-1.178139455080649
13,172,1,0.7413793103448276,0.8065690218072277,0.29855021834373474,0.009245593444445428,-0.9737074294969935
13,173,1,0.7456896551724138,0.8072191639182291,0.2953128218650818,0.009201655488810363,-1.0049737008978674
13,174,1,0.75,0.8072328994078248,0.3013628125190735,0.009818712527912506,-0.7250684277972038
13,175,1,0.7543103448275862,0.80693159413988,0.2992756962776184,0.010734111072049364,-0.35451007369650295
13,176,1,0.7586206896551724,0.8079837980136757,0.3029090464115143,0.009826882627125534,-0.7154408943798545
13,177,1,0.7629310344827587,0.8080970206682269,0.3032176196575165,0.010067354024186383,-0.6146360697799316
13,178,1,0.7672413793103449,0.8089849450535889,0.3035082519054413,0.009398893826323813,-0.8902141887314056
13,179,1,0.771551724137931,0.8092576249065124,0.30101826786994934,0.009564225384841259,-0.8318212515388954
13,180,1,0.7758620689655172,0.8090171837366598,0.29615283012390137,0.010386174246352027,-0.5111735890478906
13,181,1,0.7801724137931034,0.8096012780858003,0.29910510778427124,0.010060426327957513,-0.6341140269352152
13,182,1,0.7844827586206896,0.8099668319679422,0.30063003301620483,0.010070936800208992,-0.6236036084683458
13,183,1,0.7887931034482759,0.8099764596369469,0.29555657505989075,0.01030678085979262,-0.5464517504505881
13,184,1,0.7931034482758621,0.8104389756460899,0.29882362484931946,0.010023973533258186,-0.6503428630051001
13,185,1,0.7974137931034483,0.8113395158653028,0.2993564307689667,0.009478881291402792,-0.8738668088758417
13,186,1,0.8017241379310345,0.8115297553101486,0.29750630259513855,0.009723201291432677,-0.7801872664197469
13,187,1,0.8060344827586207,0.8116715603615663,0.2984579801559448,0.009972127075566585,-0.6732848085760521
13,188,1,0.8103448275862069,0.811887975062095,0.30233967304229736,0.010179487556192753,-0.5717570974195347
13,189,1,0.8146551724137931,0.8121720514877598,0.3036704361438751,0.010257660984529161,-0.5340174526247342
13,190,1,0.8189655172413793,0.8128132697835048,0.29314929246902466,0.009824576594398483,-0.7558137467213843
13,191,1,0.8232758620689655,0.8129168376024312,0.2950379252433777,0.010041887393811129,-0.6582161220376546
13,192,1,0.8275862068965517,0.8133155939737973,0.2902708053588867,0.009954450332661242,-0.713669949798783
13,193,1,0.8318965517241379,0.813750175440397,0.2889890968799591,0.009876773593987122,-0.7510058341158619
13,194,1,0.8362068965517241,0.8141322736371039,0.290300190448761,0.009889206385439421,-0.7405631811241432
13,195,1,0.8405172413793104,0.8145215434754154,0.2912064790725708,0.00982968751052777,-0.7615444754188625
13,196,1,0.8448275862068966,0.8147111189349787,0.28961649537086487,0.010041288519210496,-0.6803603733250609
13,197,1,0.8491379310344828,0.8151772553377947,0.2904227077960968,0.00992403335668985,-0.7256494960498555
13,198,1,0.853448275862069,0.8152496761677371,0.28976061940193176,0.010208382501096881,-0.610599016835697
13,199,1,0.8577586206896551,0.8160985165485252,0.2850911319255829,0.00963889275296715,-0.8652351246988298
13,200,1,0.8620689655172413,0.81594492853983,0.2886311113834381,0.010186724029939732,-0.6241278354841333
13,201,1,0.8663793103448276,0.8163532988766804,0.2905518114566803,0.010086806094302188,-0.6577378604861075
13,202,1,0.8706896551724138,0.8162949279392254,0.2894855737686157,0.010439187916478583,-0.5161531903258273
13,203,1,0.875,0.8166604531410255,0.2903687059879303,0.010334975657550545,-0.5557317002148513
13,204,1,0.8793103448275862,0.8173210722475447,0.28876304626464844,0.009814840699156481,-0.7775599080450717
13,205,1,0.8836206896551724,0.817627355807945,0.2854193449020386,0.009852593065684846,-0.7754345842847028
13,206,1,0.8879310344827587,0.8178149041772111,0.28579071164131165,0.009983558929234838,-0.7197129798362234
13,207,1,0.8922413793103449,0.8180619261605204,0.28835436701774597,0.010116531005421987,-0.6543064635908955
13,208,1,0.896551724137931,0.818683063140333,0.2877775728702545,0.009845762280483124,-0.7687381110140562
13,209,1,0.9008620689655172,0.818971925443467,0.2879429757595062,0.009897397700546241,-0.7466922833754098
13,210,1,0.9051724137931034,0.8194062611861682,0.2881198227405548,0.009799204366725496,-0.7866314492929195
13,211,1,0.9094827586206896,0.8194728786851895,0.2875761091709137,0.010130426119943504,-0.6516969523936196
13,212,1,0.9137931034482759,0.8199413540868615,0.28890395164489746,0.010014688849438715,-0.6942508641232461
13,213,1,0.9181034482758621,0.8201955612872558,0.2900794446468353,0.010075054385676581,-0.664511049171598
13,214,1,0.9224137931034483,0.8211205000966911,0.2887028455734253,0.009456024537188447,-0.9263579942420774
13,215,1,0.9267241379310345,0.8210816021262909,0.2892586588859558,0.009923482235219418,-0.7305790798977816
13,216,1,0.9310344827586207,0.821859185415386,0.28688472509384155,0.009548079806399608,-0.8955889209245319
13,217,1,0.9353448275862069,0.822042282789291,0.28397074341773987,0.009844440264625755,-0.784660633970253
13,218,1,0.9396551724137931,0.8228987642749496,0.2861052453517914,0.009449639154476032,-0.9394929343364112
13,219,1,0.9439655172413793,0.8227678038632709,0.2895103693008423,0.010025165610719346,-0.6874641111592377
13,220,1,0.9482758620689655,0.8239823469342105,0.2916540503501892,0.00923217297402474,-1.0071162390561446
13,221,1,0.9525862068965517,0.8241576858143733,0.29803267121315,0.009587624473567986,-0.834192057962035
13,222,1,0.9568965517241379,0.8248028709812469,0.3020439147949219,0.009471290062964939,-0.8661553560077968
13,223,1,0.9612068965517241,0.8252836953477487,0.3067351281642914,0.009466492373037518,-0.8491945888881308
13,224,1,0.9655172413793104,0.8257908577163047,0.3066307604312897,0.009588302875601008,-0.799184850095556
13,225,0,0.9698275862068966,0.825907723830202,0.3105039894580841,0.009923564457227287,-0.644738465836546
13,226,0,0.9741379310344828,0.8258613407007862,0.31678032875061035,0.010407457090600182,-0.4190509455279005
13,227,0,0.978448275862069,0.826503744058113,0.31675711274147034,0.010029671163158206,-0.5755534064653061
13,228,0,0.9827586206896551,0.8267619975915698,0.3232319951057434,0.010076429807292515,-0.5300436302965023
13,229,0,0.9870689655172413,0.8265305675126555,0.3288367986679077,0.01055064485502303,-0.31107499471639594
13,230,0,0.9913793103448276,0.82672888895825,0.34187981486320496,0.010508034330041917,-0.2760376463194805
13,231,0,0.9956896551724138,0.8270627025737237,0.34892135858535767,0.010391107778934185,-0.2960071897504616
15,15,0,0.0635593220338983,0.8287874165793518,0.46852874755859375,nan,nan
15,16,0,0.06779661016949153,0.8280597089024205,0.48805612325668335,nan,nan
15,17,0,0.07203389830508475,0.8282944801674172,0.5042076110839844,nan,nan
15,18,0,0.07627118644067797,0.827111106595093,0.48071733117103577,nan,nan
15,19,0,0.08050847457627118,0.8270963624746894,0.47368741035461426,0.011789326408892055,0.7867856195155145
15,20,0,0.0847457627118644,0.8266592015881984,0.5024359822273254,0.01180372376921749,0.908857322546992
15,21,0,0.08898305084745763,0.8269352884495049,0.5088658928871155,0.01117751007935542,0.6755654398877068
15,22,0,0.09322033898305085,0.8260577581115119,0.5062896013259888,0.011715242487870321,0.8877889916501662
15,23,0,0.09745762711864407,0.8262928675123169,0.5110899806022644,0.011216795966170097,0.700813093391756
15,24,0,0.1016949152542373,0.826037456328799,0.5224226117134094,0.01127133340909487,0.7691630905374718
15,25,0,0.1059322033898305,0.8255923343840738,0.5126668810844421,0.011561019038970256,0.8496951487708384
15,26,0,0.11016949152542373,0.8256327198403389,0.5264894962310791,0.011184895066347296,0.7498019107244827
15,27,0,0.11440677966101695,0.82567694145206,0.5293781757354736,0.011034413886832913,0.6991675083554911
15,28,0,0.11864406779661017,0.8261373208657556,0.5188705325126648,0.010420052958073113,0.4023747001919219
15,29,0,0.1228813559322034,0.8251977323541059,0.5040872693061829,0.011384607603962045,0.7420066175356083
15,30,0,0.1271186440677966,0.8259154347718953,0.49333980679512024,0.010568254678680618,0.3606176850806057
15,31,0,0.13135593220338984,0.8256670986226136,0.4851870536804199,0.010887269560851488,0.459766642764323
15,32,0,0.13559322033898305,0.8259961964153334,0.49485525488853455,0.01055571106077003,0.3615451088192123
15,33,0,0.13983050847457626,0.8262219714656276,0.4882287085056305,0.010294654897870271,0.22670059419559713
15,34,0,0.1440677966101695,0.8253645655094322,0.4995231628417969,0.011408120631946135,0.7333076289213052
15,35,0,0.1483050847457627,0.8249193836419444,0.4939899742603302,0.011715585183818107,0.8382545993120416
15,36,0,0.15254237288135594,0.8247086458646381,0.482469767332077,0.011739394215957107,0.8015835569204253
15,37,0,0.15677966101694915,0.8243944041530578,0.4855729043483734,0.011731748289863626,0.8109511217176649
15,38,0,0.16101694915254236,0.8240159142175156,0.4991470277309418,0.011653346397263294,0.8333153988001201
15,39,0,0.1652542372881356,0.8242158185223882,0.5033238530158997,0.011116279269411562,0.6278315884102463
15,40,0,0.1694915254237288,0.8232790046184174,0.4926087558269501,0.011877201893493346,0.8995876679072219
15,41,0,0.17372881355932204,0.8234403096546448,0.4914458990097046,0.011358486545710818,0.6801356106649115
15,42,0,0.17796610169491525,0.8234314903369384,0.490858793258667,0.011128782238813924,0.582663563749541
15,43,0,0.18220338983050846,0.8220760421161017,0.5052717924118042,0.012338124489506282,1.1415601423762323
15,44,0,0.1864406779661017,0.8213086219145842,0.503989577293396,0.012570600589452204,1.2326298555338502
15,45,1,0.1906779661016949,0.8220512646853279,0.4977218210697174,0.01133536214275025,0.6959092514252023
15,46,1,0.19491525423728814,0.8218280772707125,0.49061381816864014,0.011211288315036379,0.6158328252704489
15,47,1,0.19915254237288135,0.8213178463850843,0.4872007668018341,0.011320665934108083,0.647331918591473
15,48,1,0.2033898305084746,0.8212388069260195,0.48577412962913513,0.01121015646041857,0.5958174751613585
15,49,1,0.2076271186440678,0.8205174706909714,0.46901822090148926,0.011914038948325496,0.8195602402590807
15,50,1,0.211864406779661,0.8205334282463019,0.4678836762905121,0.011514632894405803,0.6496182597360013
15,51,1,0.21610169491525424,0.8197971379928286,0.4807955026626587,0.011927260891776488,0.8726009132399284
15,52,1,0.22033898305084745,0.8198072120864046,0.4971475899219513,0.011537009700136554,0.7770749504557306
15,53,1,0.2245762711864407,0.8191657800467822,0.4943544864654541,0.011820543029855253,0.8831808337923331
15,54,1,0.2288135593220339,0.8189389442418926,0.4912843108177185,0.011709456173697542,0.8247893506049315
15,55,1,0.2330508474576271,0.8185039341070945,0.4840485751628876,0.01174584530739329,0.8106309579568873
15,56,1,0.23728813559322035,0.8184454992213204,0.4714618921279907,0.011480979221733946,0.6501370203101411
15,57,1,0.24152542372881355,0.8184054421100587,0.4757450222969055,0.011180608116724534,0.5430780460846565
15,58,1,0.2457627118644068,0.8180042795601382,0.4724932610988617,0.011391686182464174,0.6173339825921067
15,59,1,0.25,0.817652442912203,0.4730832874774933,0.011509856659960828,0.6686412491330636
15,60,1,0.2542372881355932,0.817063605098767,0.4880572557449341,0.011885821674673926,0.8847735805539405
15,61,1,0.2584745762711864,0.816784324596023,0.4906716048717499,0.011819628646779524,0.8679276825981197
15,62,1,0.2627118644067797,0.817216923102829,0.49096789956092834,0.010981750761464605,0.5222311244978661
15,63,1,0.2669491525423729,0.8170337131321267,0.48437702655792236,0.010968121617839617,0.4899689600918069
15,64,1,0.2711864406779661,0.8167082336486488,0.4649910032749176,0.011138918656298492,0.4823842185432854
15,65,1,0.2754237288135593,0.8164349272491422,0.47481608390808105,0.011323382193275451,0.5984366876487694
15,66,1,0.2796610169491525,0.8154502287199308,0.47523051500320435,0.012220731385766716,0.9716257150493993
15,67,1,0.2838983050847458,0.8157760973754544,0.47991323471069336,0.011453189134518517,0.6727651858992567
15,68,1,0.288135593220339,0.8155213463884883,0.4791600704193115,0.011393536182316595,0.6450261104959476
15,69,1,0.2923728813559322,0.8152932662794092,0.4746854901313782,0.01132489447635552,0.5985353462709866
15,70,1,0.2966101694915254,0.8152568998588059,0.46889379620552063,0.011075845654525608,0.47203387869688784
15,71,1,0.3008474576271186,0.8150592316369012,0.471728652715683,0.011225181661149088,0.5453106316644357
15,72,1,0.3050847457627119,0.814311956476039,0.4786023497581482,0.011793240387372929,0.8082567345806619
15,73,1,0.3093220338983051,0.8142952977675748,0.4761984646320343,0.011507551617724855,0.6802686433124776
15,74,1,0.3135593220338983,0.8141585153899584,0.470057874917984,0.011394841867382634,0.6088043360664885
15,75,1,0.3177966101694915,0.8132691895403646,0.4664325714111328,0.012009571599764547,0.848669068963548
15,76,1,0.3220338983050847,0.8128477074956545,0.4771718680858612,0.011983543120340563,0.8812672543333618
15,77,1,0.326271186440678,0.8124713227158304,0.443991094827652,0.011993865655068471,0.7515289666713797
15,78,1,0.3305084745762712,0.8129806972821589,0.47709405422210693,0.011028497325803889,0.4855505654643691
15,79,1,0.3347457627118644,0.8121437594129296,0.429681658744812,0.011570980668083354,0.518655047594226
15,80,1,0.3389830508474576,0.8124541863434497,0.439048171043396,0.010979196205704513,0.31147782555698333
15,81,1,0.3432203389830508,0.8119739566302983,0.43901166319847107,0.011361045630804735,0.469421416438097
15,82,1,0.3474576271186441,0.8113808457121993,0.4331177771091461,0.01182981502752068,0.6396940636680143
15,83,1,0.3516949152542373,0.8114335372606959,0.4400660991668701,0.011377160586534131,0.48035193732986964
15,84,1,0.3559322033898305,0.8110338707633883,0.4314928948879242,0.011599271545783309,0.5376831694214125
15,85,1,0.3601694915254237,0.8105084033117704,0.4273880124092102,0.011769660102385816,0.5916474523830384
15,86,1,0.3644067796610169,0.8095234732923268,0.4178578555583954,0.012388201792197524,0.8092416086594112
15,87,1,0.3686440677966102,0.8102986669036792,0.41715207695961,0.011148665075876925,0.293205419581895
15,88,1,0.3728813559322034,0.8092097017840646,0.4073953628540039,0.011953912606237412,0.5871833942318226
15,89,1,0.3771186440677966,0.8086473077098898,0.41337597370147705,0.012060264435581287,0.6553693029693146
15,90,1,0.3813559322033898,0.8081853952736548,0.4280623197555542,0.012056902971346074,0.7132934680552077
15,91,1,0.3855932203389831,0.8078659748974826,0.4295571446418762,0.01204180384285037,0.7130795805036425
15,92,1,0.3898305084745763,0.8078107863231553,0.42549657821655273,0.011488819415628494,0.467736245024717
15,93,1,0.3940677966101695,0.8071172794257186,0.4146421551704407,0.011832597447837802,0.5662258725935212
15,94,1,0.3983050847457627,0.8067359136590597,0.4194393455982208,0.01183145614345394,0.5851284596206062
15,95,1,0.4025423728813559,0.8066430885988922,0.425606369972229,0.01156191079997266,0.4984405393988904
15,96,1,0.4067796610169492,0.8066007198899203,0.4334831237792969,0.011298557934296967,0.4212217224377167
15,97,1,0.4110169491525424,0.8061631636636772,0.4378223717212677,0.011433597552231313,0.49465557122378956
15,98,1,0.4152542372881356,0.8052397161800664,0.444344162940979,0.0121185160953318,0.8045619916329181
15,99,1,0.4194915254237288,0.8041785942298459,0.4412577748298645,0.012805588675803926,1.0765542777318202
15,100,1,0.423728813559322,0.8039023016809559,0.44503170251846313,0.012465757632432413,0.9511017439160317
15,101,1,0.4279661016949153,0.8035442253049209,0.4475199580192566,0.012149229456226325,0.8301042961040561
15,102,1,0.4322033898305085,0.8026455404247761,0.4654674828052521,0.012393179746682005,1.003590402741323
15,103,1,0.4364406779661017,0.8018465585444,0.45794224739074707,0.01254361768823551,1.035480578603973
15,104,1,0.4406779661016949,0.8010194130736787,0.4564511477947235,0.012787754237595296,1.1305342302667247
15,105,1,0.4449152542372881,0.8002778149853816,0.4686371386051178,0.012808630174073111,1.1883944762027718
15,106,1,0.4491525423728814,0.7992320250548623,0.48164594173431396,0.013037817524707597,1.335821792164001
15,107,1,0.4533898305084746,0.798887317016774,0.46691039204597473,0.012529146720317554,1.065710330061779
15,108,1,0.4576271186440678,0.7982168755419552,0.4536510705947876,0.012459777813229801,0.9834382963952457
15,109,1,0.461864406779661,0.7974455637792245,0.4583466053009033,0.012530455193029623,1.0316642586578597
15,110,1,0.4661016949152542,0.7962602979560284,0.46663689613342285,0.013007658214686448,1.2627162213094567
15,111,1,0.4703389830508475,0.7959978652873949,0.47011032700538635,0.012527159108611415,1.0778114684915907
15,112,1,0.4745762711864407,0.795385569367594,0.4634530246257782,0.012417092096067596,1.0053543701392234
15,113,1,0.4788135593220339,0.7943788478292432,0.47449421882629395,0.012715987090828086,1.1736947673597533
15,114,1,0.4830508474576271,0.7943238142467612,0.4733123183250427,0.012004341685814691,0.8742900345246607
15,115,1,0.4872881355932203,0.7940300014672524,0.4675068259239197,0.011814033538006703,0.772052303474873
15,116,1,0.4915254237288136,0.7933851850059449,0.4605502784252167,0.011966884044278626,0.8072381568106037
15,117,1,0.4957627118644068,0.792611615842072,0.4577105641365051,0.012240357117739305,0.9089906984833707
15,118,1,0.5,0.7928748332256608,0.4465239942073822,0.011535331737357692,0.5719194513724168
15,119,1,0.5042372881355932,0.7920838293434054,0.45158448815345764,0.011964090364337966,0.7698701069528175
15,120,1,0.5084745762711864,0.7924053164393946,0.44418516755104065,0.011156060237386974,0.40544955263291294
15,121,1,0.5127118644067796,0.7926168984670197,0.44733926653862,0.010699511068124341,0.2291706793704609
15,122,1,0.5169491525423728,0.7926253017007769,0.45740172266960144,0.010692428490603985,0.2668790817065628
15,123,1,0.5211864406779662,0.7925939836707822,0.4516187310218811,0.010661363639377815,0.23066119542406077
15,124,1,0.5254237288135594,0.7925891291495809,0.4501703977584839,0.010793756742423256,0.27962421293871537
15,125,1,0.5296610169491526,0.7925223545276874,0.44576728343963623,0.01090648454186336,0.30851161844225305
15,126,1,0.5338983050847458,0.7924962827785198,0.4295731484889984,0.010908920306197868,0.24411447662782904
15,127,1,0.538135593220339,0.7924596718062584,0.429829865694046,0.010913276547894958,0.24695486275643508
15,128,1,0.5423728813559322,0.7927974232830329,0.4165823757648468,0.01054194710498952,0.03971469979673142
15,129,1,0.5466101694915254,0.7933388813116812,0.41575726866722107,0.010052562609704281,-0.16622985300244708
15,130,1,0.5508474576271186,0.7934544967269395,0.42173996567726135,0.010141078890444445,-0.10541968691692205
15,131,1,0.5550847457627118,0.793474681112319,0.41794368624687195,0.01036044799216982,-0.02993036885240033
15,132,1,0.559322033898305,0.7942777266686131,0.41637349128723145,0.009811154762390896,-0.26368727508920753
15,133,1,0.5635593220338984,0.79458171580394,0.40546226501464844,0.00987724147345901,-0.2803951851365518
15,134,1,0.5677966101694916,0.7952598787559682,0.4017677307128906,0.009509787144495553,-0.4474481001366744
15,135,1,0.5720338983050848,0.7954535176485862,0.3957194685935974,0.009767493759134695,-0.3651819182013289
15,136,1,0.576271186440678,0.7954647282410764,0.3939378559589386,0.010250992300711283,-0.17220236713405646
15,137,1,0.5805084745762712,0.7956964505077424,0.389831006526947,0.0103160204271611,-0.16186673048161823
15,138,1,0.5847457627118644,0.7959886038999425,0.3844582736492157,0.01030255071091158,-0.189143011939837
15,139,1,0.5889830508474576,0.7959672495835699,0.377588152885437,0.010506086313277797,-0.1326237508301338
15,140,1,0.5932203389830508,0.7962279216868302,0.3751700222492218,0.01037384719376342,-0.19713906098528744
15,141,1,0.597457627118644,0.7967305969410532,0.3752407133579254,0.010061970300978891,-0.32597497705472445
15,142,1,0.6016949152542372,0.7969923322612571,0.36143189668655396,0.010058771589102684,-0.3830709432896071
15,143,1,0.6059322033898306,0.797026233791248,0.35990455746650696,0.010275802149440384,-0.29938591905476475
15,144,1,0.6101694915254238,0.7981282215473929,0.3655690848827362,0.009438560445215023,-0.6231376354201936
15,145,1,0.614406779661017,0.7980783764125727,0.3523118793964386,0.009963480545175908,-0.459357103515835
15,146,1,0.6186440677966102,0.7982501481866928,0.3513590693473816,0.010128653638935704,-0.3948213672439924
15,147,1,0.6228813559322034,0.7984347441041969,0.3468879163265228,0.010258511702790553,-0.3591165886858575
15,148,1,0.6271186440677966,0.7985728434469008,0.34045901894569397,0.010472539938323845,-0.2964711973032374
15,149,1,0.6313559322033898,0.799108353732598,0.343891441822052,0.010048185127503613,-0.45829704598078347
15,150,1,0.635593220338983,0.7994763216886869,0.34781962633132935,0.009937711501421094,-0.4881693593106837
15,151,1,0.6398305084745762,0.8001205881701235,0.344298392534256,0.009599988395482935,-0.642213195532297
15,152,1,0.6440677966101694,0.8004058080773784,0.3385404348373413,0.009736229504709766,-0.6090629494528926
15,153,1,0.6483050847457628,0.8006678848869113,0.3374750316143036,0.009932393852796213,-0.5321511436256103
15,154,1,0.652542372881356,0.8013967775847599,0.3368295431137085,0.009593383943525942,-0.6751130483101144
15,155,1,0.6567796610169492,0.8022247998649825,0.3377506732940674,0.009245475637321594,-0.8154316864151173
15,156,1,0.6610169491525424,0.8027206695315241,0.33542191982269287,0.009275658894494755,-0.8123408644777641
15,157,1,0.6652542372881356,0.8032984670679518,0.3308965861797333,0.00927657672160346,-0.830237987137556
15,158,1,0.6694915254237288,0.8038897164202127,0.32407400012016296,0.009342972914602739,-0.8303043878752857
15,159,1,0.673728813559322,0.8044895746619325,0.32289913296699524,0.00936634938174611,-0.8253713062098429
15,160,1,0.6779661016949152,0.8052353847727431,0.3138922452926636,0.009186732970172952,-0.9361124435157968
15,161,1,0.6822033898305084,0.8059393757529417,0.3092342019081116,0.009111420800279137,-0.9861058525646553
15,162,1,0.6864406779661016,0.8061369837282306,0.3054523468017578,0.009574039996237717,-0.809849311700916
15,163,1,0.690677966101695,0.8065148526707155,0.3060868978500366,0.009757987880757275,-0.7311294439844975
15,164,1,0.6949152542372882,0.8072384345966284,0.3097434937953949,0.009540725457040218,-0.806310727467109
15,165,1,0.6991525423728814,0.8070039897670716,0.30770590901374817,0.010275932742568335,-0.5101540426040624
15,166,1,0.7033898305084746,0.807248533853212,0.3012254536151886,0.010297542159960295,-0.5273809869475342
15,167,1,0.7076271186440678,0.8072137738928147,0.2981981635093689,0.01061018965160302,-0.4101672738107787
15,168,1,0.711864406779661,0.8077003496921664,0.30502769351005554,0.010298344157776064,-0.511692295291787
15,169,1,0.7161016949152542,0.8083404689365369,0.30270543694496155,0.009773703687290115,-0.7382800713450606
15,170,1,0.7203389830508474,0.8088673254744033,0.29930201172828674,0.00958096694179001,-0.8318217017406908
15,171,1,0.7245762711864406,0.8092219555924829,0.2974989712238312,0.00963103472900826,-0.8183751316997447
15,172,1,0.7288135593220338,0.8092938322407628,0.30084893107414246,0.010061203505645412,-0.6267492344339274
15,173,1,0.7330508474576272,0.8099094995847583,0.29505279660224915,0.009843906798798964,-0.740122813846284
15,174,1,0.7372881355932204,0.810028495881974,0.29836493730545044,0.010117168163638647,-0.6136115407463469
15,175,1,0.7415254237288136,0.8099195698148347,0.3032805323600769,0.010516386832670623,-0.4284760678272901
15,176,1,0.7457627118644068,0.8100276299399545,0.3022269010543823,0.010582730263138808,-0.4052644054942795
15,177,1,0.75,0.8106046328853593,0.2967666685581207,0.01018917674253187,-0.5902541327599055
15,178,1,0.7542372881355932,0.8112428281220769,0.2978109121322632,0.009724764830964523,-0.7783096686714723
15,179,1,0.7584745762711864,0.8121202228346075,0.299219012260437,0.009150953178459688,-1.0101886784237801
15,180,1,0.7627118644067796,0.8116028760920104,0.30076125264167786,0.010218463175999955,-0.561995635392879
15,181,1,0.7669491525423728,0.812235321073986,0.30120471119880676,0.009979829732038377,-0.6590021824893927
15,182,1,0.7711864406779662,0.812115494156577,0.3029485046863556,0.010507328696604014,-0.4335672716755763
15,183,1,0.7754237288135594,0.8118467328959124,0.30606329441070557,0.0109942564658937,-0.21939216741727582
15,184,1,0.7796610169491526,0.8127532002177779,0.2907484769821167,0.010019416659354415,-0.6848437343888351
15,185,1,0.7838983050847458,0.8129607599865237,0.29040443897247314,0.010099437922050404,-0.653103320331564
15,186,1,0.788135593220339,0.8129776055930392,0.2841557562351227,0.010263952043669346,-0.6102296107123579
15,187,1,0.7923728813559322,0.8130902712003674,0.2817646265029907,0.010366814295456751,-0.5773005892940789
15,188,1,0.7966101694915254,0.8133240740435379,0.2863365411758423,0.010443896028399964,-0.5269224166370062
15,189,1,0.8008474576271186,0.8138414267405365,0.2871517241001129,0.010069261787841378,-0.6787338724262807
15,190,1,0.8050847457627118,0.8137766000260622,0.28778162598609924,0.010354255190818847,-0.5581985140759024
15,191,1,0.809322033898305,0.8146248650723561,0.2870742380619049,0.009705738752780725,-0.8295504831978414
15,192,1,0.8135593220338984,0.814578082208091,0.28935375809669495,0.01013617008504298,-0.6421392234844054
15,193,1,0.8177966101694916,0.8153038241967825,0.2891353666782379,0.009723930137489796,-0.813694417039126
15,194,1,0.8220338983050848,0.8149900145366433,0.28713852167129517,0.010403339161690457,-0.5404744566989089
15,195,1,0.826271186440678,0.8153892472095513,0.2867104709148407,0.010307460116427754,-0.5818985620711421
15,196,1,0.8305084745762712,0.8160057279303601,0.28469544649124146,0.00988207492991778,-0.7661523898918651
15,197,1,0.8347457627118644,0.815938540331914,0.28737762570381165,0.010306173958931082,-0.5797365153654859
15,198,1,0.8389830508474576,0.8170137036619487,0.2850007116794586,0.009389689662679314,-0.9687739073765342
15,199,1,0.8432203389830508,0.8178702314830171,0.2874232828617096,0.009039084122937281,-1.1041451523811858
15,200,1,0.847457627118644,0.8179763772118637,0.28507497906684875,0.009553184462457127,-0.9007848030514238
15,201,1,0.8516949152542372,0.8182474021762276,0.28315961360931396,0.009774821818469094,-0.8167596779082427
15,202,1,0.8559322033898306,0.8188215323524342,0.2862638831138611,0.009777907103340928,-0.8029446666783079
15,203,1,0.8601694915254238,0.8194164678839211,0.2869832515716553,0.009634928744475364,-0.8592343042277593
15,204,1,0.864406779661017,0.8197908357847494,0.28530725836753845,0.009647119943873024,-0.860956050829601
15,205,1,0.8686440677966102,0.8202972048366362,0.284507155418396,0.00959436553520774,-0.886028609952108
15,206,1,0.8728813559322034,0.8200201063865198,0.2813061773777008,0.010383914650426242,-0.5720724059130797
15,207,1,0.8771186440677966,0.8204249926921148,0.2839376628398895,0.010278671853352662,-0.6050162473447763
15,208,1,0.8813559322033898,0.820654785589547,0.28492972254753113,0.010301010157968894,-0.5917611003355
15,209,1,0.885593220338983,0.8209720737263038,0.28113359212875366,0.01019970947241148,-0.6490329890271096
15,210,1,0.8898305084745762,0.8212721186996701,0.2840474545955658,0.010068381721462051,-0.6916358921396656
15,211,1,0.8940677966101694,0.8210377774869233,0.2837235927581787,0.01061572601249642,-0.46633567366428347
15,212,1,0.8983050847457628,0.8214698384158152,0.28660961985588074,0.010336861282306632,-0.5701333869603974
15,213,1,0.902542372881356,0.8212717469286311,0.28699323534965515,0.010738715976057779,-0.40221052051416095
15,214,1,0.9067796610169492,0.8220758612593289,0.2849424183368683,0.01000951994594191,-0.7123908774632205
15,215,1,0.9110169491525424,0.82258837801211,0.2830966114997864,0.00969793883307541,-0.8488447724466899
15,216,1,0.9152542372881356,0.821864587269551,0.28484541177749634,0.010809379706931112,-0.3816294646816978
15,217,1,0.9194915254237288,0.822651726256292,0.28414976596832275,0.010120927933624076,-0.6694678005276853
15,218,1,0.923728813559322,0.8233078473769508,0.28227540850639343,0.009809801644880468,-0.8058487034339895
15,219,1,0.9279661016949152,0.8238356250659284,0.2852852940559387,0.00959002048530836,-0.8846847413502186
15,220,1,0.9322033898305084,0.8240233225579435,0.2870772182941437,0.009714134756747879,-0.8260623826044677
15,221,1,0.9364406779661016,0.8240742905008058,0.2885136008262634,0.010202850635983703,-0.6179258002302356
15,222,1,0.940677966101695,0.8244450859308982,0.29090115427970886,0.010187696267019826,-0.614556966819323
15,223,1,0.9449152542372882,0.8242142084438089,0.29657113552093506,0.010702883392595931,-0.3783620714475852
15,224,1,0.9491525423728814,0.8244153877858593,0.3014461100101471,0.010596349895015601,-0.40277917918089484
15,225,1,0.9533898305084746,0.8248903634328876,0.30447664856910706,0.010219390554966297,-0.5466057833996893
15,226,1,0.9576271186440678,0.824910710927147,0.3019247353076935,0.010403061293727346,-0.4808702897517645
15,227,1,0.961864406779661,0.8252505580645656,0.2965647578239441,0.01017962040537091,-0.5950260768757383
15,228,1,0.9661016949152542,0.8255672073828434,0.2979268431663513,0.010122058492282295,-0.6133562696322437
15,229,0,0.9703389830508474,0.8254024616310107,0.30645331740379333,0.010574759143360986,-0.3914947256221058
15,230,0,0.9745762711864406,0.8252424763773674,0.3114030063152313,0.01086276894653513,-0.2522635897882668
15,231,0,0.9788135593220338,0.8263039224123775,0.323561429977417,0.009884264274080103,-0.6082723317013904
15,232,0,0.9830508474576272,0.8259389503008855,0.32434964179992676,0.010512577472525077,-0.34495835322934426
15,233,0,0.9872881355932204,0.826379088650336,0.32351818680763245,0.010165374852585042,-0.49206324514967925
15,234,0,0.9915254237288136,0.8263504040980203,0.3322750926017761,0.010438216159732124,-0.34373532577972643
15,235,0,0.9957627118644068,0.8261622995417802,0.33306655287742615,0.010903302646135433,-0.147986385157204
22,15,0,0.0641025641025641,0.8315305584823834,0.5046473145484924,nan,nan
22,16,0,0.06837606837606838,0.8311186369366619,0.49441856145858765,nan,nan
22,17,0,0.07264957264957266,0.8312217397155588,0.4974897503852844,nan,nan
22,18,0,0.07692307692307693,0.8303998647403733,0.4857993721961975,nan,nan
22,19,0,0.0811965811965812,0.8301719021582814,0.5055602192878723,0.011718308632973774,0.8861125587416607
22,20,0,0.08547008547008547,0.8299142841984106,0.5074251890182495,0.011636262511819047,0.8596766305080459
22,21,0,0.08974358974358974,0.8292034515619012,0.5301082730293274,0.012046006963765628,1.1209300395371364
22,22,0,0.09401709401709402,0.8291542090358984,0.549969494342804,0.011590677451354038,1.0126335798589807
22,23,0,0.09829059829059829,0.8288969872328499,0.5705721378326416,0.011536485328283864,1.073408137822143
22,24,0,0.10256410256410256,0.8280988808261606,0.5677496790885925,0.012015863003615297,1.2604777773003342
22,25,0,0.10683760683760683,0.8289205474609206,0.5605326294898987,0.010740345525792762,0.7032470392533171
22,26,0,0.1111111111111111,0.82805790089576,0.5630329847335815,0.011532266065708154,1.0412118414632459
22,27,0,0.11538461538461539,0.8274754683859826,0.5307790040969849,0.011840621540450964,1.0386065594733742
22,28,0,0.11965811965811966,0.8268693990682199,0.5087085366249084,0.012091311146496898,1.0532564152603827
22,29,0,0.12393162393162394,0.8266346037302243,0.5151126384735107,0.012018736045007257,1.0490744684656603
22,30,0,0.1282051282051282,0.8263082192528899,0.5113422274589539,0.01177363458966766,0.9323709122985255
22,31,0,0.13247863247863248,0.8260477835191801,0.4948834180831909,0.011596649912659941,0.7926222019418161
22,32,0,0.13675213675213677,0.8256770021385205,0.5066390037536621,0.011610510076618903,0.8458394800795817
22,33,0,0.14102564102564102,0.8254175041127906,0.4936755299568176,0.011571908869923937,0.7775005902238381
22,34,0,0.1452991452991453,0.8246218880372183,0.4955396354198456,0.01206325004113782,0.9884515865888288
22,35,0,0.14957264957264957,0.8245930707593874,0.5002447366714478,0.011670484515050795,0.8448442959730695
22,36,0,0.15384615384615385,0.823624094372804,0.4932262599468231,0.012275782711685952,1.0670997434015328
22,37,0,0.1581196581196581,0.8233079182460529,0.5014757513999939,0.012078731897008012,1.018836338576664
22,38,0,0.1623931623931624,0.8232684620553471,0.4936543107032776,0.011590791621029363,0.7852326138943828
22,39,0,0.16666666666666666,0.823042800473203,0.48659366369247437,0.011478096707705672,0.71005848161674
22,40,0,0.17094017094017094,0.8226757267346907,0.5016606450080872,0.01145760287467188,0.7624269310994192
22,41,0,0.1752136752136752,0.8224637112614315,0.49586865305900574,0.011432526438402764,0.7286519821444533
22,42,0,0.1794871794871795,0.8223619764548556,0.48414862155914307,0.01132320949882324,0.6360578521283748
22,43,0,0.18376068376068377,0.8223096265942319,0.4816027581691742,0.011148937959324125,0.5536246354214934
22,44,0,0.18803418803418803,0.8219752640569449,0.48229822516441345,0.011300007026868376,0.6189782398082897
22,45,1,0.19230769230769232,0.8218486652250748,0.4806789755821228,0.011251490189301973,0.592351689455269
22,46,1,0.19658119658119658,0.8214341101152787,0.4897346496582031,0.011512283790008966,0.7368983671081271
22,47,1,0.20085470085470086,0.8209078261198102,0.4850185513496399,0.011806601200583224,0.8397023358572058
22,48,1,0.20512820512820512,0.8205556336797382,0.4918348491191864,0.011808343522049798,0.8679536438978246
22,49,1,0.2094017094017094,0.8205032699264695,0.4975505769252777,0.011505799681016789,0.7657811645300383
22,50,1,0.21367521367521367,0.8201015776441978,0.49785903096199036,0.01157114313863717,0.7940800740450022
22,51,1,0.21794871794871795,0.8199097278733405,0.48447471857070923,0.011429859791724235,0.6815296304797943
22,52,1,0.2222222222222222,0.820064478632395,0.4902101755142212,0.011025584471052348,0.5373185685523133
22,53,1,0.2264957264957265,0.8198321761457086,0.48111218214035034,0.011135098195902922,0.5459134184479157
22,54,1,0.23076923076923078,0.8194909588574736,0.4880625307559967,0.01130854203894769,0.6457929852865346
22,55,1,0.23504273504273504,0.8190846324762101,0.4779512584209442,0.01156221372353012,0.7099787854722072
22,56,1,0.23931623931623933,0.8190717922942943,0.4784218370914459,0.011368780056163354,0.6317951164313138
22,57,1,0.24358974358974358,0.8187834523445838,0.47396206855773926,0.011408948421348632,0.6304130766208251
22,58,1,0.24786324786324787,0.8184891128465256,0.47877469658851624,0.011441106969125682,0.6631646215413208
22,59,1,0.25213675213675213,0.8178053614429492,0.48628202080726624,0.011874396869965033,0.872873653752493
22,60,1,0.2564102564102564,0.8178753418258691,0.4865785241127014,0.011484598728729985,0.7126892635033628
22,61,1,0.2606837606837607,0.8181165141747038,0.47815096378326416,0.010944313762788989,0.454966077339498
22,62,1,0.26495726495726496,0.8178119174239993,0.480755090713501,0.011082175971023463,0.5225606354169482
22,63,1,0.2692307692307692,0.8179452806801206,0.46902552247047424,0.010779513859270541,0.34988036342462886
22,64,1,0.27350427350427353,0.8168818569406394,0.4689529240131378,0.011877917408044593,0.8043416898716731
22,65,1,0.2777777777777778,0.8166261200837537,0.4693177342414856,0.011885283043622914,0.8088645782983803
22,66,1,0.28205128205128205,0.8159509972699385,0.4804897904396057,0.012187807334700602,0.9792360864889974
22,67,1,0.2863247863247863,0.8153037400712858,0.49788856506347656,0.012369834494838063,1.1248688287585908
22,68,1,0.2905982905982906,0.8150593591703029,0.5020506381988525,0.011953830243612247,0.9694471728418694
22,69,1,0.2948717948717949,0.8152359471183649,0.4955810308456421,0.011321617852966155,0.6815726044075388
22,70,1,0.29914529914529914,0.8143903791661621,0.498315691947937,0.011819642563821765,0.8988067186230897
22,71,1,0.3034188034188034,0.8146236638840889,0.47936907410621643,0.011196203319950838,0.5641716592879152
22,72,1,0.3076923076923077,0.813898639934578,0.4813711941242218,0.01175120822266252,0.8020377564392993
22,73,1,0.31196581196581197,0.814006099032355,0.4755246341228485,0.011353569315954305,0.6137963053117993
22,74,1,0.3162393162393162,0.813596379709473,0.4801923930644989,0.01145582661733386,0.6749846179379166
22,75,1,0.32051282051282054,0.8128979548989375,0.4825831353664398,0.011955751563697083,0.8916164220824945
22,76,1,0.3247863247863248,0.8125337237707446,0.48629212379455566,0.011888555445602057,0.8787763078789275
22,77,1,0.32905982905982906,0.8121789655750162,0.4522944986820221,0.0119020846003721,0.7470664689812918
22,78,1,0.3333333333333333,0.8119690929542701,0.4510141611099243,0.01165517385678353,0.6396708598358367
22,79,1,0.33760683760683763,0.8107088176690795,0.4511891007423401,0.012508627453173389,0.9937192235537169
22,80,1,0.3418803418803419,0.8107344305021372,0.44058990478515625,0.011935730312651223,0.7137232405414538
22,81,1,0.34615384615384615,0.8106037800138595,0.4384464919567108,0.011616557483777136,0.5729242840692927
22,82,1,0.3504273504273504,0.8101530904998947,0.4371147155761719,0.011673450607452708,0.5911000017534794
22,83,1,0.3547008547008547,0.8092181716614542,0.44257473945617676,0.012154368832299402,0.8122591045436577
22,84,1,0.358974358974359,0.8086654702476286,0.4413852095603943,0.01233440874421863,0.8819938384335244
22,85,1,0.36324786324786323,0.8080739551071479,0.4360506236553192,0.012408683821072193,0.8911992068777336
22,86,1,0.36752136752136755,0.807091590232106,0.4514259994029999,0.012758592469436177,1.098165057762392
22,87,1,0.3717948717948718,0.8064843307578135,0.43676355481147766,0.012600476876781515,0.973483650984148
22,88,1,0.37606837606837606,0.8060780530361417,0.43976321816444397,0.012323294372543127,0.8708413620183322
22,89,1,0.3803418803418803,0.8056853804146478,0.4322919249534607,0.012069112691165292,0.7354311790302243
22,90,1,0.38461538461538464,0.8051503976776286,0.4272317588329315,0.012006951755059399,0.6892584550613391
22,91,1,0.3888888888888889,0.8048342117687626,0.43987253308296204,0.011837839525306128,0.6702977234855407
22,92,1,0.39316239316239315,0.8047513869338456,0.4367991089820862,0.01150813461296036,0.521382165791114
22,93,1,0.3974358974358974,0.8038359523038487,0.45495855808258057,0.01209190271738323,0.8364135629847091
22,94,1,0.4017094017094017,0.8037903174186307,0.4546218812465668,0.011675180574901502,0.6625249412648075
22,95,1,0.405982905982906,0.803913776039237,0.45633411407470703,0.011211701889545768,0.47755367844824914
22,96,1,0.41025641025641024,0.8036274860038869,0.4637046754360199,0.011267882992514446,0.5305819929105795
22,97,1,0.41452991452991456,0.8029031940515503,0.46179306507110596,0.011711199712361349,0.7064006632830764
22,98,1,0.4188034188034188,0.8027402735644346,0.46831804513931274,0.011640930636402487,0.703661651794004
22,99,1,0.4230769230769231,0.8020396844790721,0.4587996304035187,0.01207900875821586,0.8465887736466647
22,100,1,0.42735042735042733,0.8019503895873115,0.4591636061668396,0.011699780759935337,0.6910530821843195
22,101,1,0.43162393162393164,0.8010166199670442,0.46850302815437317,0.012214276276058735,0.9417819397389665
22,102,1,0.4358974358974359,0.8007462194654041,0.4759007692337036,0.012013033256572277,0.8883428163059611
22,103,1,0.44017094017094016,0.8001852655521655,0.47267666459083557,0.012075473645053299,0.9011723613647187
22,104,1,0.4444444444444444,0.8002335589634227,0.47511571645736694,0.011563575502069413,0.6990902697112487
22,105,1,0.44871794871794873,0.799976965064822,0.4740019142627716,0.01139096174469801,0.6231272697251319
22,106,1,0.452991452991453,0.7989094770328846,0.48202285170555115,0.012198536051079796,0.9898697212697591
22,107,1,0.45726495726495725,0.7989610610158921,0.47208449244499207,0.011687766459942385,0.7382644350099264
22,108,1,0.46153846153846156,0.7988348530138067,0.4718141555786133,0.011507923327959448,0.6627149968726551
22,109,1,0.4658119658119658,0.7980628640791585,0.46715474128723145,0.011930235775203697,0.8187396515167835
22,110,1,0.4700854700854701,0.7979228546864849,0.4630945026874542,0.011591719921461387,0.6621906502989889
22,111,1,0.47435897435897434,0.797763450213583,0.46119973063468933,0.011504468807763436,0.6184147718136972
22,112,1,0.47863247863247865,0.7965515322330866,0.48953482508659363,0.012416984087682499,1.1106499728653298
22,113,1,0.4829059829059829,0.7969858436646038,0.48560070991516113,0.01141184246098529,0.678617905009518
22,114,1,0.48717948717948717,0.7962957356247439,0.48354971408843994,0.011832695397206529,0.8445732964401074
22,115,1,0.49145299145299143,0.7958179721727592,0.48757681250572205,0.011903679083755954,0.8902263642086594
22,116,1,0.49572649572649574,0.796058734198278,0.4818653166294098,0.011176547548031192,0.5661158266548652
22,117,1,0.5,0.7963402782492477,0.46603256464004517,0.010771803988359342,0.33460027890864574
22,118,1,0.5042735042735043,0.7960903402046687,0.4606890380382538,0.010860350679099275,0.3496781864403998
22,119,1,0.5085470085470085,0.7955924264925311,0.4510612487792969,0.011306915536218078,0.4956771896241404
22,120,1,0.5128205128205128,0.7952356508861129,0.4776724874973297,0.011607304722579294,0.7275211819544091
22,121,1,0.5170940170940171,0.794805695893313,0.4650719165802002,0.011831488887337989,0.7694448452987371
22,122,1,0.5213675213675214,0.7951235904616516,0.45106446743011475,0.011129948730015667,0.422423438894983
22,123,1,0.5256410256410257,0.7957229531718824,0.4563979506492615,0.010288898584030627,0.09575793817522399
22,124,1,0.5299145299145299,0.794661825054249,0.4519632160663605,0.011382658371501798,0.5306786953162662
22,125,1,0.5341880341880342,0.7950036021217648,0.4428313970565796,0.01089742484602,0.29290319005693377
22,126,1,0.5384615384615384,0.7941123754899625,0.4380590617656708,0.01183812803493526,0.6630928430356886
22,127,1,0.5427350427350427,0.7946869986693974,0.4308897852897644,0.011010701112578077,0.29157085452094644
22,128,1,0.5470085470085471,0.7946248495726396,0.4476935863494873,0.010813861583714675,0.2779444458531702
22,129,1,0.5512820512820513,0.7946551465269607,0.4337071478366852,0.010774320758991214,0.20508494613426104
22,130,1,0.5555555555555556,0.7945237482163029,0.4336701035499573,0.010818605170947966,0.2232697003432022
22,131,1,0.5598290598290598,0.7945977090674153,0.4222520887851715,0.010847487501420623,0.18911181311170558
22,132,1,0.5641025641025641,0.7949179364956319,0.4145773649215698,0.010504937672708527,0.01629434781305919
22,133,1,0.5683760683760684,0.7951018897757318,0.40283167362213135,0.010394256123356711,-0.07696838579340351
22,134,1,0.5726495726495726,0.7951950244792196,0.3964090049266815,0.010412807232061679,-0.09522812153857617
22,135,1,0.5769230769230769,0.7962246398572687,0.38628703355789185,0.009551010919741844,-0.4929049952395356
22,136,1,0.5811965811965812,0.7962100277167495,0.3911188840866089,0.009972355757724295,-0.29894720779089473
22,137,1,0.5854700854700855,0.7974674349931075,0.39349833130836487,0.009037971286645775,-0.6761853238778515
22,138,1,0.5897435897435898,0.7970713743468,0.3972911834716797,0.01002541823729717,-0.2520496403690786
22,139,1,0.594017094017094,0.7976694463431363,0.3874835968017578,0.00989643370785593,-0.3450623635431208
22,140,1,0.5982905982905983,0.7986945903232994,0.37009236216545105,0.009232491349159773,-0.6901843329917551
22,141,1,0.6025641025641025,0.7983615797447474,0.35977596044540405,0.010186642579349182,-0.3368186201805513
22,142,1,0.6068376068376068,0.7989658864190156,0.3528180718421936,0.009805872092991032,-0.5225647903932331
22,143,1,0.6111111111111112,0.7992568796852131,0.3556220829486847,0.009988506844847402,-0.43562646765349455
22,144,1,0.6153846153846154,0.8005813805258324,0.3470464050769806,0.009060864339747295,-0.8543193546129675
22,145,1,0.6196581196581197,0.801011247809301,0.33975768089294434,0.009102694606911939,-0.8664390537621276
22,146,1,0.6239316239316239,0.8017406478193275,0.3382140100002289,0.009035711613023807,-0.900405602402867
22,147,1,0.6282051282051282,0.8018151885887801,0.33702075481414795,0.00965486119364923,-0.6488883266450456
22,148,1,0.6324786324786325,0.8022149990581368,0.3311423659324646,0.009894627950184316,-0.5733634071657417
22,149,1,0.6367521367521367,0.8027133907502827,0.3277530372142792,0.00980464089111447,-0.6243082865865373
22,150,1,0.6410256410256411,0.8040191354758444,0.325882226228714,0.008924431900798231,-0.9962831198480409
22,151,1,0.6452991452991453,0.8041772346846512,0.3226308524608612,0.009335954606120613,-0.8390387145069504
22,152,1,0.6495726495726496,0.8049923357235749,0.32105833292007446,0.009111365091164704,-0.9383730979534914
22,153,1,0.6538461538461539,0.8052637231680534,0.32112404704093933,0.00953431181304571,-0.7630017887877607
22,154,1,0.6581196581196581,0.8055383448737914,0.318848580121994,0.009897273211750386,-0.6219209129884375
22,155,1,0.6623931623931624,0.806404912591363,0.3122379779815674,0.00941050784366549,-0.8501478213822793
22,156,1,0.6666666666666666,0.8068840955509242,0.3165064752101898,0.009488244360782279,-0.800724014537122
22,157,1,0.6709401709401709,0.8072952033358721,0.32041823863983154,0.00955007653267171,-0.7593256227444957
22,158,1,0.6752136752136753,0.8076780193820794,0.3146144151687622,0.009675130528419125,-0.7309922439172728
22,159,1,0.6794871794871795,0.8086070305493311,0.30615121126174927,0.009281037988239378,-0.9283336655302895
22,160,1,0.6837606837606838,0.8087795121719742,0.3051735460758209,0.009659085855088352,-0.7757651608609275
22,161,1,0.688034188034188,0.8088636277548708,0.304967999458313,0.010048824427454285,-0.6152380731018376
22,162,1,0.6923076923076923,0.8091545783800554,0.30701571702957153,0.010149979907019248,-0.5650878682349745
22,163,1,0.6965811965811965,0.8096902266354579,0.3061397075653076,0.00998347140111084,-0.6375628004130409
22,164,1,0.7008547008547008,0.8103276634779255,0.3064582943916321,0.009616833580174879,-0.7880692999508578
22,165,1,0.7051282051282052,0.8105166560192725,0.30368226766586304,0.009814878865315742,-0.7172877009252862
22,166,1,0.7094017094017094,0.8111892444305897,0.3027411997318268,0.00955554752009894,-0.8284553569943666
22,167,1,0.7136752136752137,0.8118960072528453,0.30300962924957275,0.009357451210476937,-0.9093858744675141
22,168,1,0.717948717948718,0.8120818154118832,0.3000252842903137,0.009723088205785886,-0.7700603117105728
22,169,1,0.7222222222222222,0.8125542623909761,0.3099178373813629,0.009689179210182426,-0.7441446361628741
22,170,1,0.7264957264957265,0.8129882770967005,0.3104701340198517,0.00976456609738386,-0.7107027631433241
22,171,1,0.7307692307692307,0.8127578567288196,0.3185320794582367,0.010444744631792464,-0.39653833068230615
22,172,1,0.7350427350427351,0.8131170098958579,0.30512672662734985,0.010301053833747777,-0.5101704719755418
22,173,1,0.7393162393162394,0.8131776355786033,0.3061178922653198,0.010499226771996002,-0.4241209210076924
22,174,1,0.7435897435897436,0.8137760075543395,0.3099604547023773,0.010056698093166623,-0.5918145173736143
22,175,1,0.7478632478632479,0.81397762846253,0.3046283721923828,0.010052009799385954,-0.6152909857545485
22,176,1,0.7521367521367521,0.8143358345284801,0.29858341813087463,0.00999874666686338,-0.6617572984452389
22,177,1,0.7564102564102564,0.8146424925638447,0.2999148666858673,0.00999679478965438,-0.6571878902772796
22,178,1,0.7606837606837606,0.8152456223234513,0.30004534125328064,0.009759879276358081,-0.754747283347178
22,179,1,0.7649572649572649,0.8156647573679978,0.300349622964859,0.009708147924089534,-0.7749358455026254
22,180,1,0.7692307692307693,0.815967782859992,0.29636693000793457,0.009826904658462261,-0.741854359781681
22,181,1,0.7735042735042735,0.8160304356170989,0.29426348209381104,0.010172238984233424,-0.6073765825534602
22,182,1,0.7777777777777778,0.8166070927620296,0.29774388670921326,0.009942567602616255,-0.6884069586593817
22,183,1,0.782051282051282,0.8166502935854967,0.29515743255615234,0.010239734388793727,-0.5758220080497781
22,184,1,0.7863247863247863,0.8167261532066052,0.2947998642921448,0.010410258822059877,-0.5066666532179668
22,185,1,0.7905982905982906,0.8170358850970803,0.29660579562187195,0.010290119518238168,-0.5491121425029
22,186,1,0.7948717948717948,0.8164165089031833,0.29388654232025146,0.011160858082130472,-0.19959675214811617
22,187,1,0.7991452991452992,0.8174258250478558,0.29649439454078674,0.01010389597274642,-0.6266612448803823
22,188,1,0.8034188034188035,0.8169916445320322,0.29589027166366577,0.01073195935415975,-0.3690741166345285
22,189,1,0.8076923076923077,0.8168648682296099,0.2922400236129761,0.010925108487938796,-0.3038504366681535
22,190,1,0.811965811965812,0.8171858950736091,0.2882712781429291,0.01056132742707206,-0.47049006303212687
22,191,1,0.8162393162393162,0.8177155648779821,0.28928250074386597,0.010224004165305424,-0.6060624744289234
22,192,1,0.8205128205128205,0.8172638315803888,0.2935459613800049,0.010748172420430309,-0.3718299820377638
22,193,1,0.8247863247863247,0.8168436838808693,0.2948995530605316,0.011236366882039057,-0.1642436532281859
22,194,1,0.8290598290598291,0.81715048564397,0.2940038740634918,0.010924269031753177,-0.2970740667860441
22,195,1,0.8333333333333334,0.8172235577589329,0.29752612113952637,0.010842344559380525,-0.3167661462741795
22,196,1,0.8376068376068376,0.8173500502504254,0.2935888469219208,0.010592850288125656,-0.4359623245268874
22,197,1,0.8418803418803419,0.8168632817713976,0.29698702692985535,0.011101173434662638,-0.21178466362526827
22,198,1,0.8461538461538461,0.8172349799365415,0.29175785183906555,0.010734374742150783,-0.3847643104319459
22,199,1,0.8504273504273504,0.817255008329365,0.2905876934528351,0.010735469922470105,-0.3890369773706498
22,200,1,0.8547008547008547,0.8172204849782458,0.29223689436912537,0.01077785591619735,-0.3648277139588881
22,201,1,0.8589743589743589,0.8176856137133641,0.29351064562797546,0.01028033586303418,-0.5656635411177244
22,202,1,0.8632478632478633,0.8173740131897734,0.2927743196487427,0.010797519372116517,-0.35451618945501145
22,203,1,0.8675213675213675,0.8178233382126648,0.2940137982368469,0.010382952662533092,-0.5211465859342657
22,204,1,0.8717948717948718,0.8178242501839913,0.2914600372314453,0.010524123162031586,-0.47301425270925546
22,205,1,0.8760683760683761,0.8177666122897271,0.29260003566741943,0.010732702357732112,-0.38205525215052744
22,206,1,0.8803418803418803,0.8176439381379006,0.2875571548938751,0.010875626153649405,-0.3432501956118771
22,207,1,0.8846153846153846,0.818257946500721,0.28502002358436584,0.010329099027860757,-0.5797672007782189
22,208,1,0.8888888888888888,0.8178437273578069,0.2880871891975403,0.010851970242788979,-0.35090335010883295
22,209,1,0.8931623931623932,0.817502412710346,0.28773900866508484,0.01119815418370377,-0.20898456935244852
22,210,1,0.8974358974358975,0.8174405482188778,0.2907902002334595,0.011193968780326642,-0.1983940989624747
22,211,1,0.9017094017094017,0.8176523622130367,0.2915076017379761,0.010931307306412015,-0.3042421761041998
22,212,1,0.905982905982906,0.8181430670354793,0.29053542017936707,0.010289206412048314,-0.5740074799267939
22,213,1,0.9102564102564102,0.8177322096684068,0.2898326814174652,0.010774898698539016,-0.3757622844464409
22,214,1,0.9145299145299145,0.8183313758503131,0.29085010290145874,0.010233181756147854,-0.5959315221998489
22,215,1,0.9188034188034188,0.8185506676519947,0.29083970189094543,0.010236596862325122,-0.5945596281979353
22,216,1,0.9230769230769231,0.8184407469743519,0.28811970353126526,0.01057109389970743,-0.46705879198971145
22,217,1,0.9273504273504274,0.8189862118006895,0.2938447594642639,0.010100049058087902,-0.6389553841002215
22,218,1,0.9316239316239316,0.8201419761397128,0.29182443022727966,0.009257785252135282,-0.9958242574467955
22,219,1,0.9358974358974359,0.8196683934837001,0.2935575544834137,0.01018401798049793,-0.6053510435887446
22,220,1,0.9401709401709402,0.8196671155564259,0.29320263862609863,0.010464727365698513,-0.4905668540370696
22,221,1,0.9444444444444444,0.8203289397978915,0.2941811680793762,0.010109495269751474,-0.6336858175504716
22,222,1,0.9487179487179487,0.8205010556128445,0.2997305691242218,0.010273061454098932,-0.5435539490382986
22,223,1,0.9529914529914529,0.8202602249925429,0.29945170879364014,0.010603661942683397,-0.40780696356875357
22,224,1,0.9572649572649573,0.8209215616622338,0.30291056632995605,0.010090283150203168,-0.6063832290982216
22,225,1,0.9615384615384616,0.8215966431320578,0.3074602782726288,0.009728813206831173,-0.7376613008262507
22,226,1,0.9658119658119658,0.8214262643598133,0.3036923110485077,0.010216117812617338,-0.5511285616102994
22,227,0,0.9700854700854701,0.8216629713255166,0.31436991691589355,0.010210713033656206,-0.5102410333012652
22,228,0,0.9743589743589743,0.8223631050405316,0.3229198753833771,0.009861265901884637,-0.6203851205586575
22,229,0,0.9786324786324786,0.8225423055033142,0.3202083110809326,0.01004245128367643,-0.5563234053296643
22,230,0,0.9829059829059829,0.8230472028103117,0.32611262798309326,0.009773969569492981,-0.643632002501139
22,231,0,0.9871794871794872,0.8236635174370421,0.339643269777298,0.009562889555387206,-0.676373951848574
22,232,0,0.9914529914529915,0.8229760888102617,0.34157341718673706,0.010750454710048991,-0.17690968686420888
22,233,0,0.9957264957264957,0.8239000083270487,0.3505871891975403,0.009979781135694595,-0.45957418387102345
33,15,0,0.06550218340611354,0.8269134395249622,0.5341047644615173,nan,nan
33,16,0,0.06986899563318777,0.8267334535150781,0.5506904721260071,nan,nan
33,17,0,0.07423580786026202,0.8264625668775334,0.5476151704788208,nan,nan
33,18,0,0.07860262008733625,0.826137165146521,0.5512098670005798,nan,nan
33,19,0,0.08296943231441048,0.8259058322014808,0.5578749179840088,0.011478334887053666,0.998050947641169
33,20,0,0.08733624454148471,0.8261432587011441,0.5569929480552673,0.010989006556520027,0.7918999877437707
33,21,0,0.09170305676855896,0.8256777690857294,0.5611080527305603,0.01130694746845124,0.9401522687646875
33,22,0,0.09606986899563319,0.8257660485704832,0.561762273311615,0.01102246853574649,0.8250162784985021
33,23,0,0.10043668122270742,0.8252140494620374,0.564032793045044,0.011481688500182864,1.024310086609945
33,24,0,0.10480349344978165,0.8254680118354635,0.5620397329330444,0.011054780441895874,0.8395144788488881
33,25,0,0.1091703056768559,0.8253184561368475,0.5515426993370056,0.011035524424091676,0.7891463365399136
33,26,0,0.11353711790393013,0.825201646989473,0.5322362184524536,0.01106250533424575,0.7223409515411021
33,27,0,0.11790393013100436,0.8249197726113633,0.5131136775016785,0.011203279317102861,0.7033904060971278
33,28,0,0.1222707423580786,0.8241475344321791,0.5060320496559143,0.011901948283618492,0.9640476098716945
33,29,0,0.12663755458515283,0.8251488005883265,0.49160000681877136,0.010570562776650035,0.35454648969289093
33,30,0,0.13100436681222707,0.8242338769792238,0.49293801188468933,0.01144307249862251,0.7211817974967922
33,31,0,0.13537117903930132,0.8240530668544144,0.5037318468093872,0.011381940120869634,0.7394667459938278
33,32,0,0.13973799126637554,0.8236474797066908,0.5095688104629517,0.011570850829355946,0.8412530249561878
33,33,0,0.14410480349344978,0.8231492955066391,0.5005544424057007,0.011944021348035634,0.9593432507176517
33,34,0,0.14847161572052403,0.8222981133439788,0.491452157497406,0.012295327240273997,1.0680261307333971
33,35,0,0.15283842794759825,0.8219703682520261,0.5117838382720947,0.01213913142341553,1.0854753466401696
33,36,0,0.1572052401746725,0.8210050511805473,0.5103051662445068,0.012583773844297187,1.2635914462602726
33,37,0,0.1615720524017467,0.8208076996055065,0.4892602562904358,0.012120518287802175,0.9868000154767422
33,38,0,0.16593886462882096,0.8206717138650584,0.4832056760787964,0.01167110505296707,0.7762831021102411
33,39,0,0.1703056768558952,0.8196086554606987,0.4922846555709839,0.012327563587596686,1.0847347623112917
33,40,0,0.17467248908296942,0.819547550372832,0.49027955532073975,0.011798240477631568,0.8574892523940891
33,41,0,0.17903930131004367,0.8187579068505988,0.4957316517829895,0.01222350879793594,1.0555764932685217
33,42,0,0.18340611353711792,0.8179046570313904,0.4976285696029663,0.012564310428417443,1.2043345233971543
33,43,0,0.18777292576419213,0.8173385191327065,0.5003262758255005,0.012438684118684297,1.163219075932743
33,44,0,0.19213973799126638,0.8173341644370646,0.5020727515220642,0.011875504732328103,0.9371086202098349
33,45,1,0.1965065502183406,0.8165153859327396,0.5144633650779724,0.012140936752711252,1.0970449687915935
33,46,1,0.20087336244541484,0.8164825173500116,0.4953133761882782,0.011613175105974462,0.8012003983864374
33,47,1,0.2052401746724891,0.8160592873782648,0.49508529901504517,0.0116808701573766,0.8283059350649808
33,48,1,0.2096069868995633,0.8154369484839528,0.4887743294239044,0.011983401113078253,0.928068991093736
33,49,1,0.21397379912663755,0.8148097651028665,0.49477365612983704,0.012136280505886533,1.0155935568794505
33,50,1,0.2183406113537118,0.8142147930063675,0.5242000222206116,0.012304847394917308,1.2042311213009866
33,51,1,0.22270742358078602,0.8141268534956647,0.5178895592689514,0.011825855819708998,0.980434887972951
33,52,1,0.22707423580786026,0.8147097500614967,0.514370858669281,0.010759850783226978,0.5248823057946044
33,53,1,0.2314410480349345,0.8143161044595212,0.4982682466506958,0.010971696779588487,0.5475535964290874
33,54,1,0.23580786026200873,0.8134401272719807,0.48316967487335205,0.011724258806292666,0.7981441014135988
33,55,1,0.24017467248908297,0.8130400153817252,0.4863733947277069,0.011930704262951432,0.8965547525400901
33,56,1,0.2445414847161572,0.8130158151227908,0.4790131747722626,0.011683194993401015,0.7643556495663479
33,57,1,0.24890829694323144,0.8122931958379983,0.452013224363327,0.011982330543516974,0.7791533966570272
33,58,1,0.25327510917030566,0.8124226290048405,0.47307124733924866,0.011347170221294035,0.6012381438370399
33,59,1,0.2576419213973799,0.8126496778029182,0.4734445810317993,0.010865746856431331,0.4034299263960432
33,60,1,0.26200873362445415,0.8121349713751826,0.4561258554458618,0.011282868889465121,0.5061766947219174
33,61,1,0.2663755458515284,0.8118419096798248,0.46336206793785095,0.011355719647920905,0.5655638672428107
33,62,1,0.27074235807860264,0.811727709662815,0.46344122290611267,0.011357098125387328,0.5664542708876233
33,63,1,0.27510917030567683,0.8118900079309997,0.4483684301376343,0.011021070021696257,0.36645724641446575
33,64,1,0.2794759825327511,0.8121565067876113,0.4459992051124573,0.010564653697105082,0.16792552942660227
33,65,1,0.2838427947598253,0.8112890575545273,0.46931514143943787,0.011437486783296265,0.6234601473598291
33,66,1,0.28820960698689957,0.8110105011703586,0.4606982171535492,0.011577830136140617,0.6467618604157781
33,67,1,0.2925764192139738,0.8113146781800121,0.4517870247364044,0.011094351003372922,0.4106037748104377
33,68,1,0.29694323144104806,0.8109361439188206,0.44282254576683044,0.011329052826817516,0.47156750463919306
33,69,1,0.30131004366812225,0.8110444853816726,0.45148569345474243,0.010915620646767855,0.33538985974917757
33,70,1,0.3056768558951965,0.8106993054197159,0.4516831934452057,0.011199657565510897,0.4537828164124128
33,71,1,0.31004366812227074,0.8104282839330477,0.4362332820892334,0.011392880114518479,0.47137989359521393
33,72,1,0.314410480349345,0.8100565862831199,0.42791253328323364,0.01154297920270509,0.4999168250122781
33,73,1,0.31877729257641924,0.8097533475201907,0.439892441034317,0.011626328556709177,0.5828096084472217
33,74,1,0.3231441048034934,0.810993354363897,0.438157856464386,0.010063537247632405,-0.07121372177665206
33,75,1,0.32751091703056767,0.8101616796401037,0.4289929270744324,0.010968724207470977,0.26653071039768306
33,76,1,0.3318777292576419,0.8099723781558796,0.43247002363204956,0.011091374618459,0.33135315817775973
33,77,1,0.33624454148471616,0.8095513046363433,0.42474842071533203,0.011491396106185277,0.46578133987596193
33,78,1,0.3406113537117904,0.809065899281916,0.4332345724105835,0.011926290739650743,0.6801080853432052
33,79,1,0.34497816593886466,0.8083217334331456,0.44058069586753845,0.012188592817925843,0.8183746859302712
33,80,1,0.34934497816593885,0.8074342394748972,0.4435310363769531,0.012616100224434719,1.0072847383550145
33,81,1,0.3537117903930131,0.8076840464011668,0.43006274104118347,0.011731758627919593,0.5867585194287681
33,82,1,0.35807860262008734,0.8066164576852771,0.42516571283340454,0.012332532785015095,0.8157091500886671
33,83,1,0.3624454148471616,0.8059584378849592,0.44266173243522644,0.01237819218617326,0.9052764766740777
33,84,1,0.36681222707423583,0.8056101016041187,0.4470846354961395,0.01213570457996719,0.8227466071331968
33,85,1,0.37117903930131,0.804942561053601,0.44865062832832336,0.012347210662790327,0.9166379050387579
33,86,1,0.37554585152838427,0.8037987370636961,0.4364069998264313,0.012805663315803746,1.056993656891191
33,87,1,0.3799126637554585,0.8028685186344962,0.4379422962665558,0.013031451589608424,1.1566740050940627
33,88,1,0.38427947598253276,0.8024606917526411,0.44994550943374634,0.012666798658847685,1.0541816594306312
33,89,1,0.388646288209607,0.8016467130435005,0.45370325446128845,0.012693424905118857,1.0803822458613896
33,90,1,0.3930131004366812,0.8002204519755434,0.47197479009628296,0.013295723970550934,1.4035384219345928
33,91,1,0.39737991266375544,0.7992446544331504,0.47083717584609985,0.013376950240905718,1.4325725956065467
33,92,1,0.4017467248908297,0.7984887587446265,0.45253923535346985,0.013226879879093136,1.296538827406553
33,93,1,0.40611353711790393,0.7971119075205402,0.46487608551979065,0.013610747851175865,1.5052921862342736
33,94,1,0.4104803493449782,0.7960360117686833,0.4701939821243286,0.01355294222229262,1.502837995744021
33,95,1,0.4148471615720524,0.7953018866538428,0.46835997700691223,0.01324095728541811,1.3662645772363868
33,96,1,0.4192139737991266,0.7944433584464894,0.4862288236618042,0.013113793547944654,1.3857864804578166
33,97,1,0.42358078602620086,0.7940941171565743,0.4780712425708771,0.012451684763325456,1.0787169214549404
33,98,1,0.4279475982532751,0.7935071362891657,0.47535282373428345,0.01228421803974259,0.9984040698771075
33,99,1,0.43231441048034935,0.7927450248701087,0.48235413432121277,0.012414110588920203,1.080458615076744
33,100,1,0.4366812227074236,0.7926599139440511,0.49071046710014343,0.011860006069044228,0.884801462607074
33,101,1,0.4410480349344978,0.7926535906187271,0.5018660426139832,0.011420468268758678,0.7478822500678942
33,102,1,0.44541484716157204,0.7919369742806808,0.49781399965286255,0.011776952972343192,0.8791063696182547
33,103,1,0.4497816593886463,0.7915907809462492,0.5001224875450134,0.011730605804653495,0.869241611547009
33,104,1,0.45414847161572053,0.7909294675039207,0.49243342876434326,0.012103358266017196,0.9925114729291613
33,105,1,0.4585152838427948,0.7897614454812546,0.495502769947052,0.01283876867865067,1.30937833186319
33,106,1,0.462882096069869,0.7896968182341773,0.5049393773078918,0.01218035964135989,1.0749007004127473
33,107,1,0.4672489082969432,0.7891059902685841,0.5034172534942627,0.012211148595327188,1.0815001405967952
33,108,1,0.47161572052401746,0.7894221398611354,0.4997793734073639,0.011273801333359569,0.6787323418803359
33,109,1,0.4759825327510917,0.7893932669327416,0.4970207214355469,0.01092584235105707,0.5235306575956025
33,110,1,0.48034934497816595,0.7891477597393396,0.5001276731491089,0.011079304907330813,0.5996148102834065
33,111,1,0.4847161572052402,0.7890676175007418,0.49711766839027405,0.011022182522219155,0.5638083990276523
33,112,1,0.4890829694323144,0.7886068309876076,0.49334096908569336,0.011473375843392787,0.7353552902745506
33,113,1,0.49344978165938863,0.7882290416057727,0.4870319962501526,0.011647338006845816,0.781897119996322
33,114,1,0.4978165938864629,0.7876274847527767,0.48595303297042847,0.011957838528099597,0.9060909449959045
33,115,1,0.5021834061135371,0.7883254660865918,0.47437387704849243,0.010879788447643708,0.41299662444836643
33,116,1,0.5065502183406113,0.7880296471280533,0.47891131043434143,0.010990069552644678,0.4769805402183688
33,117,1,0.5109170305676856,0.7882705694370559,0.477001816034317,0.010604851278753581,0.3097825992635918
33,118,1,0.5152838427947598,0.7874406541945902,0.4803506135940552,0.011445148479040053,0.6712027462967274
33,119,1,0.519650655021834,0.7869566593093894,0.4841006100177765,0.011882435724694225,0.867391475259075
33,120,1,0.5240174672489083,0.7868922803389222,0.48737362027168274,0.011604613000860804,0.7655881318166233
33,121,1,0.5283842794759825,0.7869300911133783,0.47382915019989014,0.011282460529121942,0.577508471154603
33,122,1,0.5327510917030568,0.7869725143691122,0.47346219420433044,0.010904917692468659,0.41971834109315737
33,123,1,0.537117903930131,0.7870164514242394,0.47627994418144226,0.010743945680971985,0.3644541132334692
33,124,1,0.5414847161572053,0.7864588110502114,0.46432167291641235,0.011316534083712422,0.553216186407432
33,125,1,0.5458515283842795,0.7876302388147318,0.4629290997982025,0.010036738997014329,0.01773860912205716
33,126,1,0.5502183406113537,0.7875553080895469,0.4578765332698822,0.010286706647537648,0.10082220993631782
33,127,1,0.5545851528384279,0.7875519341618643,0.4538303017616272,0.01043577900532889,0.14619816846205275
33,128,1,0.5589519650655022,0.7873849520069442,0.4448220133781433,0.010736631844655183,0.23437241122487656
33,129,1,0.5633187772925764,0.7874756920456474,0.4435596466064453,0.010877427045135259,0.2875651050452454
33,130,1,0.5676855895196506,0.7881663062233163,0.4370526075363159,0.010148176175195235,-0.04063594147047925
33,131,1,0.5720524017467249,0.7878858058787162,0.43826204538345337,0.010581426053237732,0.14362034101922003
33,132,1,0.5764192139737991,0.7878779628526364,0.4322226941585541,0.010672737008530393,0.15703236600211565
33,133,1,0.5807860262008734,0.7889345040736836,0.4098740220069885,0.009739448498906296,-0.3196250197726084
33,134,1,0.5851528384279476,0.7890340547521072,0.4026772677898407,0.010004600827491751,-0.2389147876508615
33,135,1,0.5895196506550219,0.7900310015885634,0.40262025594711304,0.00922459112323324,-0.5620800536345434
33,136,1,0.5938864628820961,0.7910909676337067,0.3925739526748657,0.008700924005551815,-0.819461066555254
33,137,1,0.5982532751091703,0.7920604913379931,0.3924158811569214,0.008534651496532993,-0.8889386534287208
33,138,1,0.6026200873362445,0.7925613876186223,0.38284802436828613,0.008815252031981143,-0.8114091591454172
33,139,1,0.6069868995633187,0.7933419890297548,0.3823745846748352,0.008916483837477347,-0.77140991481339
33,140,1,0.611353711790393,0.7938190167826642,0.3632107675075531,0.009267202944865834,-0.7036069298037789
33,141,1,0.6157205240174672,0.7947238961775616,0.3595185875892639,0.009044335837207852,-0.8107891896753989
33,142,1,0.6200873362445415,0.7948473551926691,0.366970956325531,0.009586728031992404,-0.5561322276708545
33,143,1,0.6244541484716157,0.7952647885023507,0.35601088404655457,0.00974078661582254,-0.5366158246980693
33,144,1,0.62882096069869,0.7958619185382443,0.34174221754074097,0.009624356448077943,-0.6424484702167884
33,145,1,0.6331877729257642,0.796992644782071,0.34079405665397644,0.009004355643146257,-0.9029670099902143
33,146,1,0.6375545851528385,0.7977497207492246,0.3418487012386322,0.008814466827120039,-0.977324109613867
33,147,1,0.6419213973799127,0.7994184043265373,0.3501688838005066,0.00787137463894614,-1.3341736407588456
33,148,1,0.6462882096069869,0.7998648311015758,0.33753859996795654,0.008463351819954314,-1.1400984941237569
33,149,1,0.6506550218340611,0.8000490583825723,0.33721092343330383,0.009279852679790652,-0.8033790720424818
33,150,1,0.6550218340611353,0.800125625210771,0.32882359623908997,0.009967389251717314,-0.552604352228274
33,151,1,0.6593886462882096,0.8006192193129068,0.3270478844642639,0.01006777126496814,-0.5182166074586175
33,152,1,0.6637554585152838,0.8017004898011998,0.3285582363605499,0.009286704523267526,-0.83548916441387
33,153,1,0.6681222707423581,0.8023480154161196,0.32291850447654724,0.00909809358325376,-0.9363547466843167
33,154,1,0.6724890829694323,0.8028512982706693,0.3305168151855469,0.00916954998709086,-0.876082398453677
33,155,1,0.6768558951965066,0.8033308931312544,0.3296113610267639,0.009371373391480288,-0.796181654312262
33,156,1,0.6812227074235808,0.803538290888559,0.32997217774391174,0.009841894088762577,-0.599922175937873
33,157,1,0.6855895196506551,0.8046264845707702,0.3233731985092163,0.009213150678391131,-0.8868830505072174
33,158,1,0.6899563318777293,0.8044693115920584,0.3167702257633209,0.009939940945765675,-0.6126500188741857
33,159,1,0.6943231441048034,0.8050865260452147,0.32246431708335876,0.00972722982295663,-0.6777178739862322
33,160,1,0.6986899563318777,0.8052226743811748,0.3208107650279999,0.01002998971548661,-0.5590494526556218
33,161,1,0.7030567685589519,0.8057399370726268,0.32434362173080444,0.009933822897188534,-0.5845952133353254
33,162,1,0.7074235807860262,0.8064155083062865,0.3114659786224365,0.009536614788992988,-0.8010557546654418
33,163,1,0.7117903930131004,0.8072125841546591,0.3106316924095154,0.00922608811917739,-0.9329877215090686
33,164,1,0.7161572052401747,0.807799415304501,0.3051339387893677,0.009170771496696685,-0.9780941508217253
33,165,1,0.7205240174672489,0.8087969174880845,0.3054535388946533,0.008817454543944704,-1.1230815308305295
33,166,1,0.7248908296943232,0.8085346890106355,0.30753546953201294,0.009843928125258063,-0.6896984174395984
33,167,1,0.7292576419213974,0.8088647745981656,0.30717456340789795,0.010043637713815202,-0.6084734783382362
33,168,1,0.7336244541484717,0.8100874799297002,0.3102251887321472,0.009233979993157261,-0.931362179406318
33,169,1,0.7379912663755459,0.8101916770584994,0.31228604912757874,0.00970179902065791,-0.7293550193984044
33,170,1,0.74235807860262,0.810436123016449,0.3170556128025055,0.009806042955312046,-0.6669330391925608
33,171,1,0.7467248908296943,0.8108578592143757,0.31664979457855225,0.00985966525883867,-0.6463716867019365
33,172,1,0.7510917030567685,0.8115652013086757,0.3100017011165619,0.009650594318591173,-0.7597806122202566
33,173,1,0.7554585152838428,0.8121682582452688,0.3111500144004822,0.009416967726741922,-0.8518674538330322
33,174,1,0.759825327510917,0.8131235351522568,0.31198886036872864,0.008955836116446354,-1.039394467674799
33,175,1,0.7641921397379913,0.8127410018335648,0.30854156613349915,0.010010222469090287,-0.6167867497417754
33,176,1,0.7685589519650655,0.8128926099007147,0.3000151515007019,0.010329400056737693,-0.5190795902281404
33,177,1,0.7729257641921398,0.8129583639225222,0.29805269837379456,0.010595498182939901,-0.41683725973769065
33,178,1,0.777292576419214,0.8126721748254249,0.3010214567184448,0.011079213699350561,-0.20458187135776548
33,179,1,0.7816593886462883,0.8134721735474091,0.297036737203598,0.010166374895658366,-0.5986036534398067
33,180,1,0.7860262008733624,0.8134426430560364,0.2986064851284027,0.010378698315492103,-0.5043588002668244
33,181,1,0.7903930131004366,0.8138146510625163,0.30007368326187134,0.010144198597842692,-0.5955192021414023
33,182,1,0.7947598253275109,0.8140734903060703,0.2946150004863739,0.010099431139287136,-0.6361003279622325
33,183,1,0.7991266375545851,0.8142277951014439,0.2908523678779602,0.010295455214074913,-0.5701402856057283
33,184,1,0.8034934497816594,0.8146150751400525,0.2854955792427063,0.010097080563975076,-0.6739054177706301
33,185,1,0.8078602620087336,0.8149229760291861,0.2936156690120697,0.010082287695845522,-0.6472340988054014
33,186,1,0.8122270742358079,0.814891285533408,0.29497233033180237,0.010391059433291085,-0.5139189071871472
33,187,1,0.8165938864628821,0.8153376301453914,0.2905668020248413,0.010149163628142034,-0.6318604186021048
33,188,1,0.8209606986899564,0.8149817070955542,0.29551249742507935,0.010782545438966125,-0.3496565361812495
33,189,1,0.8253275109170306,0.8146613218601906,0.2902132272720337,0.011194588663205142,-0.200467762423871
33,190,1,0.8296943231441049,0.8150390337514297,0.28298982977867126,0.01075146322971713,-0.41310210797345015
33,191,1,0.834061135371179,0.8153057413706615,0.282798707485199,0.010521692664990819,-0.5090022712061345
33,192,1,0.8384279475982532,0.8161031517464916,0.29225945472717285,0.009716310095478194,-0.8042315179178209
33,193,1,0.8427947598253275,0.8158192128185218,0.2964255213737488,0.010280610186182405,-0.553777239454204
33,194,1,0.8471615720524017,0.8155512471714819,0.29168346524238586,0.010838048572805105,-0.34214232013758994
33,195,1,0.851528384279476,0.8164675740786299,0.287475049495697,0.010049775020670094,-0.6854958077180249
33,196,1,0.8558951965065502,0.8166920042745855,0.2832353413105011,0.010115803001706565,-0.6752828129436755
33,197,1,0.8602620087336245,0.8159947649285789,0.2822118401527405,0.010960255479736676,-0.3298013542382838
33,198,1,0.8646288209606987,0.8159160312713288,0.2925349771976471,0.01108287716450105,-0.23734071091365247
33,199,1,0.868995633187773,0.816326357942407,0.29636624455451965,0.010763746518384583,-0.35399140273205676
33,200,1,0.8733624454148472,0.816396812214729,0.2959182858467102,0.01065798821200687,-0.3995860664631147
33,201,1,0.8777292576419214,0.8164515819348892,0.2889974117279053,0.01052942047688258,-0.4807672496489603
33,202,1,0.8820960698689956,0.816535672022566,0.2843414843082428,0.010559534640783304,-0.4871041255180139
33,203,1,0.8864628820960698,0.8174490168235706,0.28485599160194397,0.00980110002758803,-0.7990287233583255
33,204,1,0.8908296943231441,0.8172334081122055,0.2905018925666809,0.010297373459244093,-0.5707616201470562
33,205,1,0.8951965065502183,0.817486604625226,0.28332993388175964,0.010253325920592617,-0.6179643428793329
33,206,1,0.8995633187772926,0.8175360329219294,0.2861754894256592,0.010462653296473425,-0.5198071063300025
33,207,1,0.9039301310043668,0.8181824379354012,0.28950387239456177,0.010066338507842477,-0.6704441918172717
33,208,1,0.9082969432314411,0.8180369554335674,0.3029962182044983,0.010395176287634013,-0.4798072412135217
33,209,1,0.9126637554585153,0.8189603240940475,0.2964312732219696,0.009672694457494337,-0.805439682848425
33,210,1,0.9170305676855895,0.8188986236648097,0.29720214009284973,0.010102824753937513,-0.6242462707761696
33,211,1,0.9213973799126638,0.8186651100977618,0.2964507043361664,0.010676986006705504,-0.38957035672413637
33,212,1,0.925764192139738,0.8194108479628883,0.2893221080303192,0.010051916182169086,-0.6771493556724655
33,213,1,0.9301310043668122,0.8194730223553682,0.293166846036911,0.01033321492201942,-0.5451594187610682
33,214,1,0.9344978165938864,0.8198829507981541,0.2988821566104889,0.010051461044563732,-0.638726245516773
33,215,1,0.9388646288209607,0.8203089270491705,0.2953173518180847,0.009871566576883463,-0.7276027789196344
33,216,1,0.9432314410480349,0.8209101609673533,0.3013665974140167,0.00968128689655285,-0.781949288229722
33,217,1,0.9475982532751092,0.8213401941933334,0.3056071996688843,0.009626081921688963,-0.7876777949980401
33,218,1,0.9519650655021834,0.8211733846333032,0.309526652097702,0.010259684441210372,-0.5095273711945386
33,219,1,0.9563318777292577,0.8220646790554593,0.31252360343933105,0.009690998477841585,-0.7328671514766663
33,220,1,0.9606986899563319,0.8224012248388359,0.3184376358985901,0.009793390696037192,-0.6665894772405747
33,221,1,0.9650655021834061,0.8229974007157114,0.32386964559555054,0.009569980787032424,-0.737145287285667
33,222,0,0.9694323144104804,0.8231852679636351,0.31405875086784363,0.009796415169703178,-0.6830229354747572
33,223,0,0.9737991266375546,0.8235028811996357,0.31694695353507996,0.009981772766285597,-0.5946172800985761
33,224,0,0.9781659388646288,0.8240826967952477,0.31876805424690247,0.009761507706717638,-0.6784549757747369
33,225,0,0.982532751091703,0.8247090376640703,0.34660977125167847,0.009555534826997954,-0.6512823012694108
33,226,0,0.9868995633187773,0.8251045277720601,0.3527413010597229,0.009587953956097912,-0.6130960336623295
33,227,0,0.9912663755458515,0.8258620310620849,0.34843528270721436,0.009310265618179388,-0.7454542526152834
33,228,0,0.9956331877729258,0.8266319748273021,0.3531273901462555,0.009130109318574477,-0.801090808832196
