sequence,frame,valid,relative_phase,predicted_phase,feature_raw,time_raw,P0,P1,P2,P3
12,8,0,0.03463203463203463,0.47599483163309897,0.5146612524986267,nan,0.4248476271197482,0.4966212695116277,0.2766743074366123,nan
12,9,0,0.03896103896103896,0.4753039821590058,0.5156687498092651,nan,0.8988248520210018,0.6963979679090575,0.32392249715777877,nan
12,10,0,0.04329004329004329,0.4756270337669505,0.5232894420623779,nan,1.2187337011036132,0.07589022364331942,0.6813069879943178,nan
12,11,0,0.047619047619047616,0.47635198831857445,0.5106346011161804,nan,2.683192966715711,0.5442177220936791,0.08783808281357956,nan
12,12,0,0.05194805194805195,0.47687179210547953,0.5079091191291809,0.009770177686438682,0.758768569125339,0.5080286596491653,-0.039977732319240546,-0.528653521069393
12,13,0,0.05627705627705628,0.4755518236861427,0.5198002457618713,0.011309386223870711,2.3960759706212484,0.429951217047523,0.517675574748896,0.6237171278624825
12,14,0,0.06060606060606061,0.47721976775522684,0.5264108777046204,0.009703402536570767,0.6719485423868782,0.3433320934705486,0.8276916799133717,-0.1327155844877878
12,15,0,0.06493506493506493,0.4767430482225496,0.5297194719314575,0.010578305566317094,0.8682309743933201,0.9784076790170715,0.9828534715025706,0.4413973078518232
12,16,0,0.06926406926406926,0.47872963302313243,0.533372163772583,0.008689485741728072,1.022693692850164,0.9722210156526356,1.1541522683133452,-0.5449114956579351
12,17,0,0.0735930735930736,0.47879431429180197,0.5372793078422546,0.00908926470247174,1.2174472390543984,1.4102776371788004,1.3373840073189764,-0.22640985846918704
12,18,0,0.07792207792207792,0.48043393716319127,0.5089719295501709,0.00826026448249726,0.23979426335192927,-0.31883932666974185,0.009864453737561172,-1.3606505004130653
12,19,1,0.08225108225108226,0.4799323801401386,0.504770040512085,0.00956536385754101,1.354523325946604,-0.012958433334800712,-0.18718981962121253,-0.7184971544016895
12,20,1,0.08658008658008658,0.482121947455989,0.4886639714241028,0.008173129521087875,1.149836870503081,-0.1727552788582817,-0.9425095608212953,-1.8862890410470177
12,21,1,0.09090909090909091,0.48125563737500393,0.5104133486747742,0.00988751821028707,-0.06276027733310958,-0.38322148098397973,0.0774620974710386,-0.4033395693482853
12,22,1,0.09523809523809523,0.48338717248539836,0.5118754506111145,0.008371313870693183,0.46303421669116207,-0.06581938625149479,0.14602969457570722,-1.2295442390174485
12,23,1,0.09956709956709957,0.48334456130580994,0.496478796005249,0.009152233880833381,0.7470869765477962,-0.8324987254517746,-0.5760209255179848,-1.1473755508799586
12,24,1,0.1038961038961039,0.4837764586025423,0.5205731391906738,0.009573381875518823,0.5798663040501221,-0.08956800250610761,0.5539216420809889,-0.3433909735698507
12,25,1,0.10822510822510822,0.4831370144001424,0.5047956109046936,0.010626453864557066,1.5220284423144563,-0.680353498485629,-0.18599065536691564,-0.11569924653505459
12,26,1,0.11255411255411256,0.48354887670934243,0.5176576375961304,0.010684935811641642,1.3359472018339482,-0.08992402747330627,0.4171945550537667,0.21908350313754082
12,27,1,0.11688311688311688,0.48238171059578383,0.5005736947059631,0.011892527981186264,0.9531407019581982,-0.3983525420899231,-0.38398413429548833,0.503836568501162
12,28,1,0.12121212121212122,0.48250581981109003,0.5118811130523682,0.01152770608837355,1.42239874446786,0.5147814610761958,0.1462952437695492,0.5619296058902989
12,29,1,0.12554112554112554,0.4811461273362655,0.5191729068756104,0.012569738865335002,0.7176825914681322,0.8626966464400683,0.4882555193258778,1.3242925570986903
12,30,1,0.12987012987012986,0.48027466786982803,0.5116679072380066,0.01294347656580324,0.5969200069939835,-0.4497572945260259,0.13629661780773103,1.36041972877461
12,31,1,0.1341991341991342,0.4806313893387944,0.4944210946559906,0.01176820288695827,1.7552336280600436,-0.6400380483065339,-0.6725201049328207,0.2890106068595978
12,32,1,0.13852813852813853,0.4808479481856876,0.509295642375946,0.011114063725817712,2.072925107881948,0.5606415623837948,0.02504548186130578,0.2665510880731335
12,33,1,0.14285714285714285,0.4803706132912702,0.5114922523498535,0.011176930713884516,1.8851953858810893,0.033050498082037034,0.1280590022892859,0.3537366264376944
12,34,1,0.1471861471861472,0.48031838649027153,0.5087500214576721,0.011035279003634345,2.1983454607302635,0.18567431598769568,-0.0005422794063720225,0.20904466893740636
12,35,1,0.15151515151515152,0.4804267008734872,0.5138694047927856,0.010937894275529526,1.8959880913643254,0.4093659701735934,0.23953934911881686,0.2738169199023074
12,36,1,0.15584415584415584,0.48089589174673264,0.519424557685852,0.0104175312859573,0.5717337952163928,0.7815667274803128,0.5000570845511493,0.10875520310141756
12,37,1,0.16017316017316016,0.4790754749559701,0.506308376789093,0.012249933966981132,0.7941301138952109,-0.12310438712124774,-0.1150470917910294,0.8411430062654855
12,38,1,0.1645021645021645,0.4810378403318529,0.5063645839691162,0.009963784007273331,0.9280870151655769,-0.9501124488370856,-0.11241116663531385,-0.45499322356486144
12,39,1,0.16883116883116883,0.4807384399976098,0.5070374011993408,0.010443047801911735,1.3301257994454163,0.005038336933348368,-0.0808583318975438,-0.1672211669849163
12,40,1,0.17316017316017315,0.48173399014832347,0.5162384510040283,0.009525432432228705,0.5305928681751743,0.6371519114822758,0.350639541312953,-0.47224467724296215
12,41,1,0.1774891774891775,0.4823414810543168,0.5107207894325256,0.0091274661266331,0.8080258434167539,-0.32226533741967,0.09188002106932155,-0.8274814724379349
12,42,1,0.18181818181818182,0.48420038365087603,0.4991051256656647,0.008085065054660508,0.5626542175876387,-0.380195268762791,-0.45285501653207116,-1.691440822412519
12,43,1,0.18614718614718614,0.48461850289243574,0.5100532174110413,0.0084575816428566,2.5210599607141773,1.9180626240020553,0.060573168742689316,-1.2233131227874345
12,44,1,0.19047619047619047,0.48657458597829295,0.5050570964813232,0.007471514280705894,0.16368936649574686,-0.757502941582606,-0.17372787312076068,-1.9000845153013781
12,45,1,0.19480519480519481,0.487568629712664,0.51161789894104,0.007687619503827159,-0.17723600581298027,-0.14482191012036652,0.13395139913790563,-1.6235991067241897
12,46,1,0.19913419913419914,0.48893283524057,0.506804347038269,0.0076302011405079756,-0.28653033061221983,-0.005797078666722579,-0.09178777766514486,-1.7690552259844405
12,47,1,0.20346320346320346,0.4890460984131793,0.5017286539077759,0.008700050865322197,0.4827642778680632,0.05128948205737865,-0.32982048451574253,-1.280901868248539
12,48,1,0.2077922077922078,0.49073611159143926,0.5023863315582275,0.008116936567248108,1.1445940528050251,-0.4435356123123574,-0.29897764446466574,-1.5964141594945451
12,49,1,0.21212121212121213,0.49130876558532,0.4991845488548279,0.008584663976654007,0.4339659925489812,0.08714294719674619,-0.44913033968160354,-1.4060420899241703
12,50,1,0.21645021645021645,0.49313177950359227,0.490416944026947,0.007696684026545698,-0.23208195569005408,-0.6683595426234443,-0.8603011209171656,-2.1155809959927527
12,51,1,0.22077922077922077,0.4926449054000015,0.4947424829006195,0.009233294195892021,-0.05090413965341212,-1.3873461274062828,-0.6574480917412848,-1.1420851327386878
12,52,1,0.22510822510822512,0.4948862098190352,0.4985869526863098,0.0078916915235639,-0.8231692471870327,-1.3679048296072869,-0.47715556302328344,-1.813335995618292
12,53,1,0.22943722943722944,0.49496327733772294,0.4977283477783203,0.00885214856177511,-0.013968456647440737,-0.9648320384645452,-0.5174212065737421,-1.288382522610665
12,54,1,0.23376623376623376,0.4959542123380307,0.5015995502471924,0.008774841499568094,-0.36726390499220996,-0.7011109213682858,-0.33587500613533944,-1.2414833474318292
12,55,1,0.23809523809523808,0.4953495774702927,0.4923273026943207,0.010085084575915719,-0.37687035024413496,-0.7913924329275087,-0.7707118110515649,-0.715302072509929
12,56,1,0.24242424242424243,0.495403576670538,0.4980233311653137,0.010707253393243195,0.3783895390962227,-0.9972682475662928,-0.5035874912019115,-0.22864166677695635
12,57,1,0.24675324675324675,0.49593691045182087,0.499898225069046,0.010303261324836034,-0.08169195628348802,-0.7672936281805693,-0.4156613578661633,-0.4139554245049445
12,58,1,0.2510822510822511,0.4960374782310685,0.49160686135292053,0.01044610182411291,-0.8758883326711836,-0.5315467351463299,-0.8044980542722796,-0.5273077849561973
12,59,1,0.2554112554112554,0.49522961111621666,0.4954880475997925,0.011274785412224174,-0.0016985824293023505,-1.0139605657005255,-0.6224836486763135,0.03400058553607643
12,60,1,0.2597402597402597,0.4951907680448108,0.48499494791030884,0.011283636895111006,-0.23411185058177983,-1.3087434020661508,-1.1145742574122037,-0.20702125414978045
12,61,1,0.26406926406926406,0.49528120177731755,0.49080657958984375,0.011140001006172469,0.11760622721018339,-1.0089937255843604,-0.842028541126166,-0.15226578968963417
12,62,1,0.2683982683982684,0.4957487473325205,0.4970099925994873,0.010508528282343672,-0.1228975296588379,-0.852535343687726,-0.551109615880936,-0.3651848006417878
12,63,1,0.2727272727272727,0.4952765390199793,0.5012022256851196,0.010908553870247882,-0.3341358910665776,-0.18542918404306707,-0.35450817377902966,-0.03985834407731198
12,64,1,0.27705627705627706,0.49520788434532365,0.5066180229187012,0.010988940520844225,0.7566255431488833,-0.07948549216453876,-0.10052574376988169,0.13275454871221737
12,65,1,0.2813852813852814,0.4956109485617305,0.49111223220825195,0.01059015537956557,0.29561960519109365,-0.8272458980668763,-0.8276944751680436,-0.45715156426551506
12,66,1,0.2857142857142857,0.49557963837130564,0.4974830150604248,0.01070390226609367,-0.421356725076653,-0.23995936877318444,-0.5289264748037795,-0.24321301718125196
12,67,1,0.29004329004329005,0.49490155975681654,0.4881022274494171,0.011339703640279052,0.523038944031921,-0.22639540117040238,-0.9688534384777547,-0.10234139501606909
12,68,1,0.2943722943722944,0.4954267073524894,0.4924677610397339,0.010720811228815484,0.8244977293534328,0.3490430841329076,-0.7641247934169482,-0.35121586611478584
12,69,1,0.2987012987012987,0.49536660029334917,0.5006728172302246,0.010835624039747173,-0.22400116392362995,-0.4144845586364333,-0.37933562577591784,-0.09366179341081629
12,70,1,0.30303030303030304,0.4951439459318898,0.5062727332115173,0.01099719133411118,0.02884034581436769,-1.1271210587584168,-0.1167186540848978,0.12934066138825442
12,71,1,0.30735930735930733,0.49453098328610634,0.506547749042511,0.011501230870040714,-0.596315563769855,-0.11465317150643345,-0.10382134902819412,0.4218458808772645
12,72,1,0.3116883116883117,0.4952132754850161,0.49475884437561035,0.010726294553453412,-0.18232043999241435,0.4541579965795964,-0.6566807943338151,-0.29438192612084213
12,73,1,0.31601731601731603,0.49491891205827937,0.5212827324867249,0.010967300013321794,1.34932576068244,1.8228959829748768,0.5871991489513957,0.4643354003806133
12,74,1,0.3203463203463203,0.4956337978218956,0.4983300268650055,0.010140492190938134,0.5956335449447687,-0.5000910538230967,-0.4892045082870288,-0.5431030462969737
12,75,1,0.3246753246753247,0.4953272486545019,0.506059467792511,0.010569504330833292,0.08140104777989675,-0.2025358918932195,-0.12672007530138799,-0.11838441342238148
12,76,1,0.329004329004329,0.4953281885690385,0.4889802038669586,0.01076763075839559,0.12681509750720033,-0.3955218517769501,-0.9276793371588894,-0.40642174240326717
12,77,1,0.3333333333333333,0.4952069865885569,0.489374041557312,0.01091756100988276,0.8501429301033564,-0.45650134124074826,-0.9092096919135123,-0.31209729889424387
12,78,1,0.33766233766233766,0.49588976041419575,0.492599755525589,0.010306805816813265,0.9235876303100319,-0.07803220992138354,-0.7579347019457582,-0.5830804979808387
12,79,1,0.341991341991342,0.4947615097920926,0.48502060770988464,0.011499047086991475,0.6600342230064624,-0.7404429255314304,-1.1133709002758987,-0.08416825284753565
12,80,1,0.3463203463203463,0.49619869484759743,0.4924825131893158,0.009920427315884307,0.5353249798335923,-0.2449816554006345,-0.763432967885623,-0.8051102620213364
12,81,1,0.35064935064935066,0.4951903092993669,0.49576181173324585,0.011146439433754589,0.0907359784284699,0.06452077059245047,-0.6096450439677222,-0.0324200529617058
12,82,1,0.354978354978355,0.49618718247034965,0.4933892786502838,0.010145396940474331,-0.5247132840859241,-0.27549766426945804,-0.7209087585601716,-0.6561715885712622
12,83,1,0.3593073593073593,0.4959366982525014,0.4941743016242981,0.01047023667236107,0.5850315461472203,0.2729558794626544,-0.6840938569023225,-0.45340848329039823
12,84,1,0.36363636363636365,0.4962706284513694,0.49807897210121155,0.010430103588595287,-0.16523764619819373,0.11095284643751614,-0.5009781209655801,-0.3846272654560546
12,85,1,0.36796536796536794,0.49668799698769767,0.5152767300605774,0.010030718453209998,-0.22045854481322963,0.16985455084684337,0.30553810717989843,-0.20803141213780732
12,86,1,0.3722943722943723,0.4970141087395672,0.4925305247306824,0.010079028623423143,-0.38906264886131564,0.8538076952098458,-0.7611813902473102,-0.7139737849208274
12,87,1,0.37662337662337664,0.4964044569693166,0.49505725502967834,0.010895411960978117,0.15471322300160295,-1.1134345251833206,-0.6426863518183433,-0.19140583502983416
12,88,1,0.38095238095238093,0.4962952932204646,0.492652952671051,0.011121515389033922,-0.6524350464293173,-1.1068072079660405,-0.7554399371509797,-0.11946259365675566
12,89,1,0.3852813852813853,0.49665356047172393,0.49227970838546753,0.010769414330048431,0.18059115055439956,-0.2047887711938537,-0.7729438219071736,-0.3280417578635041
12,90,1,0.38961038961038963,0.49698060940747285,0.49076297879219055,0.010433756265306064,-0.9747228806079637,-0.9392332596754738,-0.8440732699187492,-0.554101843499581
12,91,1,0.3939393939393939,0.4964860594465237,0.5089303255081177,0.010919931393231656,-0.2473093996947037,0.5322792127427796,0.0079133659764907,0.14780948905294167
12,92,1,0.39826839826839827,0.49676204436862975,0.49678879976272583,0.01066434709042733,-0.0880208323949514,-0.7071604275732271,-0.561482805968805,-0.2819398538501944
12,93,1,0.4025974025974026,0.49724515879115844,0.5070347785949707,0.01029792045493997,-0.9604942224656442,-0.06540207829813897,-0.0809813231031127,-0.24964650051619086
12,94,1,0.4069264069264069,0.4974225344511813,0.5007987022399902,0.010268444374775705,-1.106588472969179,-0.0641326450134552,-0.37343204790861007,-0.41260036474905293
12,95,1,0.41125541125541126,0.4975612329718739,0.4978834390640259,0.010240227115010221,-0.22724964221373245,-0.9371029463471539,-0.5101479539171442,-0.49697240371716367
12,96,1,0.4155844155844156,0.4975366410711766,0.5012634992599487,0.01053361239704504,-0.10126040162506068,-0.8019097606470498,-0.35163465197619237,-0.2512113803845211
12,97,1,0.4199134199134199,0.4923738070003678,0.49259239435195923,0.015890095643490563,0.40694382488205894,-0.500479179402092,-0.7582799158977528,2.585420394474681
12,98,1,0.42424242424242425,0.4958901571390512,0.48735448718070984,0.011155907557109497,0.13109468482669853,-0.71777989360303,-1.0039199083382548,-0.22418405971225835
12,99,1,0.42857142857142855,0.49296358234528304,0.4952818751335144,0.01369938802284517,0.018894507308252883,-0.3798800991196971,-0.6321524345868332,1.4051961457848332
12,100,1,0.4329004329004329,0.4940671940606153,0.5010179281234741,0.011446363650865217,-0.06884672969158023,-0.31465749242387553,-0.3631511012249178,0.26104231974088027
12,101,1,0.43722943722943725,0.4917704336562085,0.49927499890327454,0.012875762302631676,-0.22627994720176156,-0.6046865200061677,-0.4448885407168121,1.031397406850572
12,102,1,0.44155844155844154,0.49349351211283216,0.49635085463523865,0.011001840509968157,-0.21568764535433282,-0.71809798148356,-0.5820209396714773,-0.10067194377050104
12,103,1,0.4458874458874459,0.49202874064315694,0.5039461851119995,0.01186745072308864,1.4371478055999374,0.22332833362510893,-0.22582582969788312,0.568683673809913
12,104,1,0.45021645021645024,0.49323960757412416,0.49882468581199646,0.01042287336658989,0.7235751048242086,-0.08821394033577824,-0.4660066897639287,-0.3712449035364299
12,105,1,0.45454545454545453,0.49216473720023096,0.4976848363876343,0.01129084711886031,0.8806075150627753,0.09966802227229278,-0.5194617424843173,0.09462700742439695
12,106,1,0.4588744588744589,0.49354278697644294,0.4925948679447174,0.010011373228653982,0.6059349382886062,0.27864644246296105,-0.7581639128288639,-0.7508613794046815
12,107,1,0.46320346320346323,0.4928712582888244,0.49012282490730286,0.010695220632175172,0.6203898586003858,-0.8183627833115259,-0.8740943050962519,-0.4207240029584749
12,108,1,0.4675324675324675,0.49371027020607583,0.49701663851737976,0.010066838126340578,0.15089262465443765,-0.036529037105814184,-0.5507979449850057,-0.615700511134271
12,109,1,0.47186147186147187,0.49322620349322466,0.4804377257823944,0.010668570497179682,0.05555867571087241,-0.775175787495353,-1.3282924414982291,-0.6629477698833227
12,110,1,0.47619047619047616,0.49368607607018566,0.49378320574760437,0.010474064493467113,0.5220886429201895,-0.9079409996486597,-0.7024349204327865,-0.460406619268235
12,111,1,0.4805194805194805,0.49311354722490663,0.48576223850250244,0.011082415612181824,0.038142953295875144,-0.514577184455672,-1.0785909440192807,-0.3032283165835342
12,112,1,0.48484848484848486,0.4941194289809816,0.49302685260772705,0.01013710609012742,-0.03971062689856142,-0.9949394940923212,-0.7379053045933937,-0.6693751515866995
12,113,1,0.48917748917748916,0.4944618154705761,0.4893942177295685,0.009897009294259358,0.583299024392499,-0.8675671847208435,-0.9082634982070333,-0.8908159109585632
12,114,1,0.4935064935064935,0.494784189436884,0.49635064601898193,0.00988353832228931,0.3754061107760589,0.2834673707073233,-0.5820307230628294,-0.7353446776267306
12,115,1,0.49783549783549785,0.49582960452331226,0.4930242598056793,0.009112651577535637,0.3343556886026243,-1.072030572440577,-0.7380268981716266,-1.2508426039845315
12,116,1,0.5021645021645021,0.49622742490538446,0.5026260614395142,0.009393845520064843,0.8219506637886559,-0.11557825277366278,-0.28773513017379837,-0.8661112745667432
12,117,1,0.5064935064935064,0.4977645917536951,0.4933624267578125,0.008383677652854922,0.13601103853739097,-2.2876982506024826,-0.7221680207899169,-1.6566263037153326
12,118,1,0.5108225108225108,0.49863615010753737,0.4952929615974426,0.008337813369792398,0.789074770566136,-0.8345852652185537,-0.6316325172178373,-1.6373878183335293
12,119,1,0.5151515151515151,0.4993139784684251,0.49535423517227173,0.008622975176567994,-0.19473576846234836,-0.4793861592142889,-0.628758995415,-1.4741137378177032
12,120,1,0.5194805194805194,0.49891214273575224,0.5048657655715942,0.009895904395519121,0.7646222946809366,0.2682604354280425,-0.18270064061794725,-0.528661543174003
12,121,1,0.5238095238095238,0.499221281692043,0.4983649253845215,0.010257944896820283,1.3236676306656903,0.31395419720178636,-0.4875678866765607,-0.47562703221668473
12,122,1,0.5281385281385281,0.49952471268957044,0.491864949464798,0.010318686383879845,-0.19114789691805603,-0.7433728359172294,-0.7923946015424298,-0.5935678929072749
12,123,1,0.5324675324675324,0.49978083326506534,0.5018317699432373,0.010284706453893157,0.23095387715946128,-0.3281806047025528,-0.32498469393314666,-0.37914750196857977
12,124,1,0.5367965367965368,0.5005678964588682,0.5143306255340576,0.009614356959250316,1.0620374518025297,-0.050075495283979914,0.2611690297709133,-0.46651277100556665
12,125,1,0.5411255411255411,0.5002237268979879,0.5154157280921936,0.010372464950909661,0.7834311455964654,-0.4910882913328681,0.31205664107505077,-0.010821427172625186
12,126,1,0.5454545454545454,0.5006114790127645,0.5163775682449341,0.010235324137619302,0.47287662106266665,0.23958291614393337,0.3571636657174494,-0.06609917102002388
12,127,1,0.5497835497835498,0.49966441368981007,0.502357542514801,0.011454081041372237,-1.3351100318069469,-0.1820936386536566,-0.30032775247125176,0.2968338295809408
12,128,1,0.5541125541125541,0.501078618955795,0.5206385254859924,0.010010770881573518,0.22668398679008275,0.409663630392071,0.5569880364561957,-0.09362725361660418
12,129,1,0.5584415584415584,0.5014816758200966,0.5100821256637573,0.00973539464150356,0.5591633155445435,0.8857157033356674,0.061928867258619374,-0.49744057439429157
12,130,1,0.5627705627705628,0.5016390174018006,0.521306574344635,0.009892540290326747,-0.1478833378006213,0.39765800158014214,0.588317250820204,-0.1450618214614341
12,131,1,0.5670995670995671,0.5009855835665705,0.528237521648407,0.010802858722815868,0.6277595406913645,0.9045529259854003,0.9133550545921191,0.5340883108668322
12,132,1,0.5714285714285714,0.5011258977438539,0.505897045135498,0.010992837014722652,-0.14967727357276744,-0.6978570866270848,-0.13433714428264448,0.11806021796674279
12,133,1,0.5757575757575758,0.5007261914001429,0.5086238384246826,0.011404363055448376,2.0598083666866884,0.25112454520352956,-0.006459833547039918,0.41555143822971224
12,134,1,0.5800865800865801,0.5023513348487484,0.5180705189704895,0.009590348501854397,-0.1116943199538675,-0.6576145923838911,0.4365572841668543,-0.3924441164365088
12,135,1,0.5844155844155844,0.5020814250100422,0.5312922596931458,0.010038337702297569,-0.06920874916271604,0.04621174891864355,1.0566118565331817,0.17182959999521275
12,136,1,0.5887445887445888,0.5021449406171622,0.5130927562713623,0.010248782456045442,-1.0696754161801538,-0.13319565217512475,0.2031171807423867,-0.13548444050818453
12,137,1,0.5930735930735931,0.5024690812196444,0.5200559496879578,0.010179402571890324,-0.00018262589392118516,0.09235200102010376,0.529667217291865,-0.011584451497649695
12,138,1,0.5974025974025974,0.5010979426224502,0.5184847712516785,0.011986263623959888,-0.569891374693648,-0.14752419798615313,0.4559843041373984,0.9770183927908351
12,139,1,0.6017316017316018,0.502245783338393,0.510044515132904,0.010525074851442585,0.27651014882185393,-1.123283576530005,0.060165061560574294,-0.050156820088376755
12,140,1,0.6060606060606061,0.5007269520187448,0.5277056694030762,0.01208499575317843,-0.6951501117066351,-0.9212073070329642,0.888412997153678,1.2492659905019536
12,141,1,0.6103896103896104,0.4990809824578408,0.5338464975357056,0.013376468164478107,0.5478275808546037,3.052007981004686,1.1763969049932863,2.1262047431673947
12,142,1,0.6147186147186147,0.5005168099866977,0.5179170370101929,0.011093615945170367,-1.4448633455785191,-0.5970728385355012,0.4293595033864009,0.4571034100821348
12,143,1,0.6190476190476191,0.4998535145339084,0.5239523649215698,0.011611628239021475,0.1868165925312527,0.7656915158281754,0.7123958104565324,0.8926080624127626
12,144,1,0.6233766233766234,0.5010979973750358,0.5185827612876892,0.00976907819677298,-0.8032484793244439,-0.43753863438126506,0.4605797028182005,-0.2789987947092178
12,145,1,0.6277056277056277,0.500268113382239,0.520843505859375,0.010691723528642512,-0.272175612118344,0.5007593301959532,0.5666009172732749,0.29763890393317427
12,146,1,0.6320346320346321,0.5009831738910754,0.5202144384384155,0.010273445750905642,-0.6676818843342063,-0.14945898940625735,0.537099799464768,0.04550398010071102
12,147,1,0.6363636363636364,0.5003175694733577,0.5006428956985474,0.011055641144717777,2.447757482442591,-0.4358635660929697,-0.38073884362127225,0.03050247273014961
12,148,1,0.6406926406926406,0.5008546268264213,0.5198063850402832,0.010634597526516444,-0.39434102204314386,0.5064557296711318,0.5179634859801141,0.24089958060105957
12,149,1,0.645021645021645,0.5011470953939191,0.5090467929840088,0.01028128632186507,-0.10527493897462017,0.4940444658555914,0.013375293605619216,-0.21190852900563512
12,150,1,0.6493506493506493,0.5017340517529291,0.504622757434845,0.009914075465775142,-0.35893099252267335,-0.389965527698702,-0.19409689391577578,-0.5240470780420915
12,151,1,0.6536796536796536,0.5013527540973439,0.5251761078834534,0.010483092586823707,-0.5884642664895973,0.3783976345021814,0.7697851841277901,0.2808271290868564
12,152,1,0.658008658008658,0.5025855199330391,0.5083987712860107,0.009509122907125057,-0.46394896231912125,-0.6958580939833874,-0.017014715188590213,-0.6653279182137491
12,153,1,0.6623376623376623,0.5025036401408021,0.5139949321746826,0.010023725976016563,-0.8421720371049556,-0.5942684123594526,0.24542615545809252,-0.24205581483414867
12,154,1,0.6666666666666666,0.5022726861562994,0.5102792978286743,0.010593816147239983,-0.39474182931475854,-0.0312120084973226,0.07117556971366397,-0.005638953542916922
12,155,1,0.670995670995671,0.5029435997870862,0.50532066822052,0.0100575611172957,0.2559364529845381,-0.6677292033372565,-0.161367256961085,-0.4262501298283548
12,156,1,0.6753246753246753,0.503340598309725,0.5041567087173462,0.010058274017092535,-0.4662245132805463,-0.32168752640733117,-0.2159529901963059,-0.453138405825721
12,157,1,0.6796536796536796,0.5022240480543806,0.5061637163162231,0.011363593866608408,-0.825157121961573,-0.405020714631308,-0.12183117488002372,0.3347281099669276
12,158,1,0.683982683982684,0.5035034566961911,0.5039125680923462,0.010014287203192508,-1.059105740549671,-0.3848702851353506,-0.22740235333290282,-0.4838268374152838
12,159,1,0.6883116883116883,0.5034117230781721,0.5036939382553101,0.010413713456184505,-1.1247250020097415,-1.3279424861579543,-0.23765534746987488,-0.2622677383347736
12,160,1,0.6926406926406926,0.5031547422485227,0.530803918838501,0.010787725108605269,-1.424464194843358,0.1565824069876668,1.0337103350053158,0.5856772007508837
12,161,1,0.696969696969697,0.5029440640890531,0.524133026599884,0.01095193925277433,-0.21966016258670693,-0.17728146512160248,0.7208682273674273,0.5224522773520568
12,162,1,0.7012987012987013,0.5027660848960758,0.5147303342819214,0.011309922454419814,-0.2934410237308657,-0.9028399206104362,0.2799140076014843,0.5051406701581609
12,163,1,0.7056277056277056,0.5028607934870594,0.5226517915725708,0.011030870913407383,1.8801529718188408,1.9254924565142504,0.65140335351304,0.5325157706162427
12,164,1,0.70995670995671,0.5035916164986429,0.4978581666946411,0.01016231550404565,-0.18040044386871196,-1.2806495302692524,-0.511333141898081,-0.5417820211159212
12,165,1,0.7142857142857143,0.5038135911221558,0.5267646908760071,0.010049559443062774,-0.1278397419031829,-0.0975552183685892,0.8442843116464868,0.07203448002809831
12,166,1,0.7186147186147186,0.5031503873009175,0.5054062604904175,0.010930145022576755,-1.3491415186301656,-0.11601015191419886,-0.15735327125206322,0.0709726914224394
12,167,1,0.7229437229437229,0.5035549628966715,0.5112810730934143,0.01062164502803329,-0.4116145225230521,-0.3736146433444878,0.11815541498631646,0.033644639102667656
12,168,1,0.7272727272727273,0.5035494254122748,0.5326908826828003,0.010800724864833001,0.2057547361150443,-0.7013122797513736,1.1222025074121482,0.6373010130506722
12,169,1,0.7316017316017316,0.5036589232043256,0.5112814903259277,0.010680679301190134,-0.1796828695598535,-0.2793964294840271,0.1181749817690206,0.06715802748627837
12,170,1,0.7359307359307359,0.5022561274423146,0.517915666103363,0.012044808083743537,-0.7866440684027957,0.37564573659998185,0.4292952125289444,0.9968994691580767
12,171,1,0.7402597402597403,0.5023493477626512,0.5194556713104248,0.011728022798756267,0.46291138865631243,0.3981803660811959,0.5015162074899442,0.8532254366016694
12,172,1,0.7445887445887446,0.5017607602069297,0.5238484740257263,0.012015206570972638,0.4578754392274769,1.1727301916465152,0.7075236815632002,1.1192140153244292
12,173,1,0.7489177489177489,0.502883666081873,0.5234650373458862,0.010445134394693141,0.785477202071724,0.873736338660663,0.6895418082580909,0.21916310299220662
12,174,1,0.7532467532467533,0.5014191717734013,0.5253725647926331,0.011715814422551603,0.7508914133114287,0.5571250862733489,0.7789983435267704,0.985037908872469
12,175,1,0.7575757575757576,0.501731844977984,0.5267810821533203,0.011193902300740667,0.18666467364604394,0.22452481097389135,0.8450530066812925,0.7218654799585986
12,176,1,0.7619047619047619,0.5017583201256836,0.5322527885437012,0.011013051456874264,0.18470265740515615,0.32219238148376866,1.1016573855727958,0.7475297455102337
12,177,1,0.7662337662337663,0.5021759823978039,0.5292500257492065,0.010594779164442354,-0.0187328914729244,0.3728004550998285,0.9608380457057353,0.43973882371283435
12,178,1,0.7705627705627706,0.5017006199056684,0.5292938947677612,0.010893220735560628,-0.7946408199348489,-0.47959919054712086,0.9628953531443426,0.6101414355979389
12,179,1,0.7748917748917749,0.5025699509624735,0.5229410529136658,0.010094251711822301,-1.102638581953751,-0.2230598557809919,0.6649687244363566,0.007740801853892587
12,180,1,0.7792207792207793,0.5024444194259479,0.5266856551170349,0.010429309744470296,-0.6790046897573198,0.9108767465093307,0.8405778039513873,0.2857001682067503
12,181,1,0.7835497835497836,0.5017000418381187,0.5340690016746521,0.011345212157365565,-0.04272314606908433,0.12854689993948967,1.1868315906839397,0.9786273574379766
12,182,1,0.7878787878787878,0.502676215232637,0.5250587463378906,0.010250053622925977,-0.4772693394668948,0.2544746817801203,0.7642813276785813,0.14581905580070073
12,183,1,0.7922077922077922,0.5028349140962053,0.533435046672821,0.010335253591099776,-1.22172359405719,0.3094892939246227,1.157101261992327,0.3905823934050093
12,184,1,0.7965367965367965,0.5025118559939965,0.5301747918128967,0.010724552476741513,-0.7047403953750273,0.05353360664570468,1.004206421942137,0.5350730046454886
12,185,1,0.8008658008658008,0.5027760012328807,0.535053014755249,0.010477266379869489,-0.17401338605653033,0.7450274765434723,1.23297845006433,0.5091172262758399
12,186,1,0.8051948051948052,0.5033081727535422,0.5382905602455139,0.010214084707898453,0.25907180018991066,0.18056156399972792,1.3848082980844802,0.4356691733675222
12,187,1,0.8095238095238095,0.5023336496404238,0.5273717641830444,0.011346597201243182,-0.32131652300832236,0.4143036279153979,0.8727539804810179,0.8223746035655928
12,188,1,0.8138528138528138,0.5039545821718765,0.5334742665290833,0.009600348555845135,-0.8363538670331302,0.3888215786237686,1.1589405395665169,-0.02557717775390611
12,189,1,0.8181818181818182,0.5028447649739103,0.5375916957855225,0.011070847298281346,-0.8926672886949867,0.758781129579598,1.3520339370550372,0.9055187815072401
12,190,1,0.8225108225108225,0.5027339024815831,0.5447392463684082,0.011198900725865914,-0.9374348750809763,0.3145144987895088,1.6872296963050755,1.1457905711556742
12,191,1,0.8268398268398268,0.5029040718099382,0.520746111869812,0.010885163829521018,-0.9712546047818146,0.5169117744045157,0.5620334711391931,0.4051379745493615
12,192,1,0.8311688311688312,0.5024563539508633,0.5415765643119812,0.011475487230974558,-0.45700594603340966,0.38805700041552227,1.5389106881529833,1.2286016625967353
12,193,1,0.8354978354978355,0.5018790700518632,0.5341740846633911,0.011678214074721395,0.2112787653665718,1.7250037081824232,1.1917596246707123,1.170079297956954
12,194,1,0.8398268398268398,0.5019427311925813,0.530428409576416,0.011373129203491518,-0.21431714307074728,0.1485805999380049,1.0161002305715852,0.9091053836889743
12,195,1,0.8441558441558441,0.5023586823400701,0.5424177646636963,0.01075938523375223,-0.9514308064204229,0.37263703380340946,1.5783601173392119,0.8419184184543904
12,196,1,0.8484848484848485,0.5021709571907036,0.5335007905960083,0.010810763015651682,-0.33415205265011044,-0.14232973534997584,1.160184427895566,0.661988905293022
12,197,1,0.8528138528138528,0.5019300104078899,0.5377411246299744,0.010980360608425478,-0.4770042894969561,1.2273304140750978,1.3590416405177932,0.8576689000278528
12,198,1,0.8571428571428571,0.5015495623135156,0.5384215116500854,0.011373543791806474,0.6602216973754435,1.7424285039131056,1.3909494725989098,1.0967652951940061
12,199,1,0.8614718614718615,0.5013926718884036,0.5370888113975525,0.011432141997151958,0.1259035841959477,0.30219370033448606,1.3284503733871982,1.098771869872671
12,200,1,0.8658008658008658,0.5019669128113117,0.5412479043006897,0.010616398461327316,-0.23312599398627606,0.8064972298965276,1.523497653891461,0.7333381848665543
12,201,1,0.8701298701298701,0.5015319296281935,0.5432919859886169,0.011000370549597523,0.1913870883543422,1.4141909935805497,1.6193581176137402,0.9991833411526813
12,202,1,0.8744588744588745,0.5012790216012561,0.5446609258651733,0.011153758381610764,-0.22006420217502812,1.6972658613527236,1.6835567316660403,1.1183345429440466
12,203,1,0.8787878787878788,0.5016102163942715,0.5388115048408508,0.010754928410530558,-2.0138642170195076,1.0396352186629343,1.4092388239179414,0.7548283996221998
12,204,1,0.8831168831168831,0.5007519767307955,0.534201443195343,0.011667554200473503,-0.48586730190637006,0.8787936441373457,1.1930426465651698,1.1646710314279758
12,205,1,0.8874458874458875,0.5009585042044039,0.5489470362663269,0.011157292706736079,-0.604231507384244,1.244796065129885,1.8845606998763793,1.220842355639638
12,206,1,0.8917748917748918,0.5004516624044619,0.540958046913147,0.011520778150730666,-0.9699131933485882,0.5895758865622768,1.5099043304214241,1.2398023503850473
12,207,1,0.8961038961038961,0.5000515710218263,0.5396149754524231,0.011714029734167748,0.49883858884983406,0.23848857710541288,1.446918856896781,1.3179853048674124
12,208,1,0.9004329004329005,0.5012308772588514,0.5331082940101624,0.010145062154031333,-0.11067614019129807,0.44434980055701667,1.1417776758803095,0.27498162795712267
12,209,1,0.9047619047619048,0.5003335867407482,0.5487472414970398,0.01116207780414847,-0.2543202946312533,1.4250876921667779,1.8751910062157657,1.2188731857370083
12,210,1,0.9090909090909091,0.4959283367193569,0.5157850384712219,0.015411098459625908,-0.3641253254701308,-0.4224425921245543,0.32937603902289125,2.857404041812253
12,211,1,0.9134199134199135,0.49621292400860717,0.5359860062599182,0.013995679749099356,-0.1872464906532265,1.5272902036522842,1.2767325714454705,2.5277925097373393
12,212,1,0.9177489177489178,0.49562637077749416,0.5441187024116516,0.013622571226907583,-0.21544522160134008,0.7495915998934618,1.6581282999146676,2.506740827847318
12,213,1,0.922077922077922,0.4954826315888125,0.5129536390304565,0.01236518379524993,0.39889212396599394,0.8111167997578022,0.1965930563378903,1.0623705888036197
12,214,1,0.9264069264069265,0.49610238147368335,0.5160219669342041,0.010532695122395165,-0.15395686089226565,-0.34266673533512815,0.3404871763441737,0.09432895469684127
12,215,1,0.9307359307359307,0.49635391492917685,0.5198190212249756,0.010324672855483254,-0.2078395803907817,-0.09352221423196166,0.5185560799705825,0.06530493830981676
12,216,1,0.935064935064935,0.49659720609701996,0.5245888829231262,0.010116629417782554,1.0672835018172921,0.9146938010756902,0.7422463350990418,0.05907958265767477
12,217,1,0.9393939393939394,0.49600568980059023,0.5141768455505371,0.010950854544093773,0.9637944178230518,0.45487880122630187,0.2539572727170998,0.2883811974417895
12,218,1,0.9437229437229437,0.49424478408312783,0.5252264738082886,0.012842524814500593,0.39329051911350876,0.6346743278990654,0.7721471743256476,1.6210520580726389
12,219,1,0.948051948051948,0.4951117908053215,0.5271281599998474,0.01151111874466803,-0.13759164140690353,1.0974630116957935,0.8613297746364692,0.9100330887587715
12,220,1,0.9523809523809523,0.49553890664386946,0.5388975739479065,0.010773471875156239,-0.2058710995164808,0.9261741471491292,1.4132751716643395,0.7673705095207671
12,221,1,0.9567099567099567,0.49510781134729703,0.5236607789993286,0.010939992308441053,-0.22252076287202105,0.11341583883354628,0.698721424601007,0.504598650137266
12,222,1,0.961038961038961,0.4950305476131462,0.516605019569397,0.010792786429268598,0.8259522718713891,1.0425301101995006,0.3678303575458805,0.25560965338743535
12,223,1,0.9653679653679653,0.4953046813818046,0.547619640827179,0.010715093543114736,0.7221399562064917,3.8500496179302455,1.8223103783304775,0.9387567728332858
13,8,0,0.034482758620689655,0.47655983684872155,0.515307605266571,nan,0.9553516065854919,1.4609469937810176,0.30698604910000515,nan
13,9,0,0.03879310344827586,0.4752419646979469,0.5154354572296143,nan,1.2226124811514967,1.2772293559941965,0.3129818703714896,nan
13,10,0,0.04310344827586207,0.4746238715166784,0.5220486521720886,nan,1.7390688122104887,0.5823444941957333,0.6231181714868622,nan
13,11,0,0.04741379310344827,0.47343892668639864,0.5135636329650879,nan,0.6664148161852309,1.107533849087618,0.22519969265135048,nan
13,12,0,0.05172413793103448,0.47334919287685584,0.539633572101593,0.012439467883091353,1.6476265725816333,0.9083962446886842,1.4477909763544514,1.7301278511532707
13,13,0,0.05603448275862069,0.4730113428980585,0.5257436037063599,0.011974656868922247,0.30739170263642035,0.21702494076323087,0.7963988038600995,1.140638483782797
13,14,0,0.0603448275862069,0.472286444662718,0.5192671418190002,0.012141899654290654,0.8281243886982039,1.0018994903773115,0.49267481696234255,1.0836914595400502
13,15,0,0.06465517241379311,0.47192832932784884,0.5218596458435059,0.01191565827566974,0.5208862211053457,0.7404283343442501,0.6142544189218844,1.0160829356673975
13,16,0,0.06896551724137931,0.4720342919794603,0.5302640795707703,0.011432046284420842,1.0271219667381644,0.3926765702767968,1.008393713440824,0.9386892202413505
13,17,0,0.07327586206896551,0.47162534848042564,0.5245948433876038,0.011512264559106596,0.36727683425903623,0.7493377132365251,0.7425258605662439,0.8512814135394806
13,18,0,0.07758620689655173,0.4696065149675714,0.5234584212303162,0.013184599467552634,1.3128264404318557,0.9446582630690994,0.6892315349894966,1.7737311937842006
13,19,1,0.08189655172413793,0.47050197837018093,0.5155028104782104,0.011619153641156447,0.40723796570235676,0.8956435470931253,0.3161405081508731,0.6987512879397922
13,20,1,0.08620689655172414,0.4703006377059414,0.5253806114196777,0.011463906565979003,0.7984969737657865,1.2862700555710938,0.7793757029074933,0.842261817934897
13,21,1,0.09051724137931035,0.47135823369496693,0.5271040797233582,0.00997289700857374,0.7892008309176922,1.7119270862314624,0.8602004917489728,0.036484489340522064
13,22,1,0.09482758620689655,0.47090322389814965,0.5157442688941956,0.010361128109026334,1.6991044484504616,0.4275232435007255,0.32746408482722905,-0.00955168088406591
13,23,1,0.09913793103448276,0.4725800755498002,0.5301975011825562,0.009008453690020325,1.4775840875991237,1.8131665793630705,1.005271413972177,-0.43832867017692034
13,24,1,0.10344827586206896,0.4721578536998496,0.5343687534332275,0.009950199834875766,2.4880386132398615,2.070692278382586,1.200888926429532,0.19394742431119777
13,25,1,0.10775862068965517,0.472460798665089,0.5225788950920105,0.0101115588681134,1.906851907815106,1.1441839930470286,0.6479847570491586,0.009071114546931713
13,26,1,0.11206896551724138,0.4726959946306923,0.5271773934364319,0.010152004145040618,1.1627564403792399,0.7825764376331876,0.8636386549955583,0.13985189202534304
13,27,1,0.11637931034482758,0.47203110200970955,0.535315215587616,0.011265089449159042,2.1997579831310343,1.3462194072199647,1.2452747753665492,0.9623770666999493
13,28,1,0.1206896551724138,0.47254720735034283,0.5251393914222717,0.010611740723503064,-0.4229534895296984,0.3781700119821691,0.7680633072498253,0.35297761475474665
13,29,1,0.125,0.47194378912441737,0.5131722688674927,0.011312497362051872,1.8188294592618013,1.082868906278084,0.20684605047486235,0.4700680238613932
13,30,1,0.12931034482758622,0.47214792985472565,0.5229676365852356,0.010979104246575687,0.349169396068833,1.4975358547542708,0.6662154080200778,0.5105427632082002
13,31,1,0.1336206896551724,0.47146435636291456,0.5179709792137146,0.011525661544395112,0.4318908452233635,1.5260937263035017,0.43188920886457965,0.703566252412995
13,32,1,0.13793103448275862,0.47145211325198694,0.5110097527503967,0.011396218243623989,0.44866656893046,0.9751625989881787,0.10543141571927807,0.466874653819644
13,33,1,0.14224137931034483,0.4712699767306461,0.519364595413208,0.011304581240375873,0.03824638743048537,1.8606287930230634,0.49724505835109645,0.6107749068266273
13,34,1,0.14655172413793102,0.4716636605623668,0.5138688683509827,0.010742444310212339,0.6585958420720389,0.7329839106448748,0.23951419182676867,0.1628810066648661
13,35,1,0.15086206896551724,0.47047004757566685,0.5200937390327454,0.01181498997382257,0.8797477188188277,0.20164291123778677,0.5314394087539261,0.917543347134737
13,36,1,0.15517241379310345,0.4713545661660984,0.5231220722198486,0.01068189418657909,2.13693144330544,1.1549522891860702,0.6734579128752836,0.34548897455592326
13,37,1,0.15948275862068967,0.4704265596757003,0.5016475915908813,0.011585513905505058,0.5523237333934421,0.7288225040610609,-0.3336220308696907,0.3547785253859058
13,38,1,0.16379310344827586,0.4715046803745507,0.5139908194541931,0.010296538942918217,0.8058440296398193,0.4325075930415068,0.2452332828857231,-0.08732324432363497
13,39,1,0.16810344827586207,0.47142418720469154,0.5204722881317139,0.010337287065823354,0.7672437035299646,0.1967110899708544,0.5491920711759298,0.08778185190917959
13,40,1,0.1724137931034483,0.47266553884860746,0.5125641822814941,0.009334470329163576,0.4433752664818055,1.053438481735473,0.1783288623109068,-0.6667763636939494
13,41,1,0.17672413793103448,0.4726455128823846,0.5066184401512146,0.009682239466013716,0.9612020998243829,0.21191802525013523,-0.10050617698717754,-0.6088251487679123
13,42,1,0.1810344827586207,0.4744498812459092,0.501365602016449,0.008432609404160192,-0.4440120328729997,0.16348403852393606,-0.3468463807230208,-1.441195343056021
13,43,1,0.1853448275862069,0.47488003205783413,0.514615535736084,0.008738758810074888,1.4550451432042135,0.3853372031251193,0.2745303471031724,-0.9567586086475466
13,44,1,0.1896551724137931,0.4774857853333478,0.51368248462677,0.006996966747846867,1.6173009772405968,0.4429840654369431,0.23077343046735982,-1.9671528919421846
13,45,1,0.1939655172413793,0.4776998944571252,0.5076735615730286,0.007987919245254584,1.0010274739660276,0.4868043187767398,-0.05102457878306649,-1.5456585737762045
13,46,1,0.19827586206896552,0.4795421843390957,0.5147285461425781,0.007409224756969235,1.0991509122273624,0.20014001895821862,0.2798301499613237,-1.708656554714827
13,47,1,0.2025862068965517,0.4807472165338542,0.5038669109344482,0.007477268335507304,0.883073772709888,-0.2411908649711995,-0.2295435184116707,-1.9247267505369896
13,48,1,0.20689655172413793,0.480007426062531,0.5076606869697571,0.009683854925835546,0.07954893030703235,0.5906906532628496,-0.05162835379222297,-0.5834694184335014
13,49,1,0.21120689655172414,0.4832606307399872,0.5050547122955322,0.007061060430675148,-0.16941056706637517,-1.0117718876234845,-0.17383968330764152,-2.1330844870126295
13,50,1,0.21551724137931033,0.4833882992053606,0.48879486322402954,0.008323576036017251,-0.13040296905149262,-0.9094468101656639,-0.9363711815615379,-1.7978372365543454
13,51,1,0.21982758620689655,0.4857700742604087,0.48969361186027527,0.0069033296975353825,0.1293621630719772,-0.8965773830726629,-0.8942229339894732,-2.5827927252576113
13,52,1,0.22413793103448276,0.4859449310119553,0.49656805396080017,0.007984187377627384,0.0964765728993376,-0.5597806823401587,-0.5718350316466337,-1.8081817397061657
13,53,1,0.22844827586206898,0.4884914542725745,0.49121734499931335,0.006922040354364257,-0.5038745382786696,-0.7294820257216091,-0.8227650435539351,-2.53644495775207
13,54,1,0.23275862068965517,0.48812645375053654,0.5072802901268005,0.00859474675954907,0.4354496259172967,0.19423642462508003,-0.0694676691090593,-1.210488492682688
13,55,1,0.23706896551724138,0.48944835076843424,0.5138705372810364,0.008457388377945359,0.4048622129230281,-0.01753714787197047,0.23959245895758524,-1.1339131609351338
13,56,1,0.2413793103448276,0.4891405639724418,0.5039244890213013,0.00968474430094416,-0.09522889865060172,-0.2656135940735409,-0.22684330239849868,-0.6705721474296239
13,57,1,0.24568965517241378,0.4906968867427505,0.4899490475654602,0.00892732977075706,-1.6233486417985887,-0.22633119994680917,-0.8822438700925284,-1.4281264106314084
13,58,1,0.25,0.48988675653841685,0.491980642080307,0.010288818092634731,-0.37762348003676566,-1.0445378575555062,-0.7869690122240376,-0.6078061908618788
13,59,1,0.2543103448275862,0.4917589558835361,0.4897373914718628,0.00885669444448562,-0.18996486900345155,-0.6822736987185529,-0.892169819432874,-1.4731769131620522
13,60,1,0.25862068965517243,0.49033327023231216,0.47444164752960205,0.01086003137448497,-0.6966466743417769,-1.6374157297766787,-1.6094880733668349,-0.6948861705036583
13,61,1,0.2629310344827586,0.49193115847322394,0.47878298163414,0.009560319698540772,-1.674871770101309,-1.1047119134869532,-1.4058943017028687,-1.3307120970838704
13,62,1,0.2672413793103448,0.49151618729748286,0.4951176345348358,0.0102838588069002,-1.6023094923555268,0.22415127658207634,-0.6398547588355863,-0.537063597851367
13,63,1,0.27155172413793105,0.4934495543338316,0.49211326241493225,0.008757849460317997,-1.0672738048671726,-1.0202639585624036,-0.7807495705787915,-1.4735640882853855
13,64,1,0.27586206896551724,0.49302584993597276,0.48801544308662415,0.009604203470750743,-1.4166064329296872,-1.1442131754213891,-0.972923329280217,-1.089321339899073
13,65,1,0.2801724137931034,0.4924290599911924,0.4815213084220886,0.010874138341446203,-1.0813731703412293,-1.2827389882734677,-1.277476109188228,-0.520874089187008
13,66,1,0.28448275862068967,0.49239991503142805,0.4870748817920685,0.01102775868070268,-0.3849899298110379,-0.8287312809218281,-1.0170324480047042,-0.30346840945135073
13,67,1,0.28879310344827586,0.49288369771735585,0.481966108083725,0.010764907928261173,-0.4018464614357986,-1.4586299132567901,-1.2566165211982734,-0.5724356168564725
13,68,1,0.29310344827586204,0.4929307135663287,0.48528215289115906,0.01057642792516935,-0.8537469632311815,-0.9370416633609967,-1.1011053227750718,-0.6016477032764186
13,69,1,0.2974137931034483,0.4925901698422315,0.49674057960510254,0.010893187556855609,-0.09306324645720004,-1.126426518248636,-0.5637441669984697,-0.15319715431870273
13,70,1,0.3017241379310345,0.4925147676557372,0.4932069778442383,0.011008867206109656,-1.493881428433648,-2.272505906510382,-0.729458044974547,-0.17040264937427202
13,71,1,0.30603448275862066,0.49290111558977995,0.4802069664001465,0.010651232428144176,-0.8375465918978544,-1.87677831899419,-1.3391142699609573,-0.6781985243503877
13,72,1,0.3103448275862069,0.4924900785807405,0.49367594718933105,0.011066623905289653,-0.03703103634881518,-0.49058635449386667,-0.7074649812150878,-0.12662757154984622
13,73,1,0.3146551724137931,0.49362399749602814,0.47710728645324707,0.009822546243604964,-1.1759184340083915,-1.5261374998650425,-1.4844786939247236,-1.2211833775722107
13,74,1,0.31896551724137934,0.49292254098909916,0.47871720790863037,0.01078245966398312,-1.6380265919631214,-0.9361311732809477,-1.4089788652334436,-0.6386556868038371
13,75,1,0.3232758620689655,0.49336653915923906,0.47105908393859863,0.010440404827183718,-0.118330266152455,-0.5166958248342477,-1.7681187760040116,-1.0123513512898539
13,76,1,0.3275862068965517,0.49371719377752843,0.488409161567688,0.010206106101259084,-1.9958505160137947,-1.8876779358178541,-0.954459274544184,-0.7384926958881184
13,77,1,0.33189655172413796,0.4944566437187767,0.4895925223827362,0.009773434959207801,-0.8370197242746836,-0.9733416188280807,-0.8989636859132203,-0.9562979042550299
13,78,1,0.33620689655172414,0.4933788620611602,0.4814898371696472,0.011059378172511451,-0.1927802168548737,-0.9688942249755333,-1.278952003655055,-0.41648323924942904
13,79,1,0.34051724137931033,0.49486036739183403,0.5044683218002319,0.009691953109852887,-0.045855260957750325,-0.8667004682023353,-0.2013393987709815,-0.653728994467323
13,80,1,0.3448275862068966,0.4951388165997687,0.494221955537796,0.00978696096006696,-0.14567243317332765,-0.03452712622468069,-0.6818590507920419,-0.8400692020169119
13,81,1,0.34913793103448276,0.4950654250212248,0.4898920953273773,0.010215758244170904,-0.47062046400148105,-0.4160399791898504,-0.8849147359316442,-0.698242564889755
13,82,1,0.35344827586206895,0.49516199705451425,0.49003687500953674,0.01027138153649352,0.1593419005254107,-0.6465106989397031,-0.8781250623333058,-0.663279950345705
13,83,1,0.3577586206896552,0.49543759365931145,0.4960838258266449,0.010441568680034825,-0.2458386955932145,-0.09105922183593154,-0.5945436806021303,-0.4249032844682825
13,84,1,0.3620689655172414,0.4947832628781693,0.4865955710411072,0.011240206028046311,0.18439881963473861,-0.6826793337221646,-1.0395104884497588,-0.19413760427527382
13,85,1,0.36637931034482757,0.4969146783984651,0.48655760288238525,0.009019902077350685,-1.0085167517751494,-0.8842478299053319,-1.041291065675836,-1.4551126292451246
13,86,1,0.3706896551724138,0.4971701089955146,0.49446699023246765,0.009226784824611263,-0.28687618849982277,-0.812759767434301,-0.6703677588353647,-1.1522392169722577
13,87,1,0.375,0.49763762292660435,0.4908701777458191,0.009261298878771619,-0.5408554737185329,-0.40119782359007644,-0.8390460043911199,-1.2169906464419145
13,88,1,0.3793103448275862,0.4970630957272229,0.49281346797943115,0.01038583339497625,-0.32819812527660913,-0.21673603525706145,-0.7479123163192278,-0.5332189390889908
13,89,1,0.38362068965517243,0.4966154566606301,0.493932843208313,0.011403430673832447,-0.9044232245567805,-0.8647335761704344,-0.6954174335786785,0.07054348550832623
13,90,1,0.3879310344827586,0.4965644076019937,0.4848794639110565,0.011379674298010102,-1.6392031552443127,-1.3478857207959518,-1.119990063339244,-0.15522523864097326
13,91,1,0.3922413793103448,0.4970724385168762,0.48476818203926086,0.010720218034747396,-0.459805132301299,-0.7789169678883751,-1.1252088038119066,-0.5320945255755973
13,92,1,0.39655172413793105,0.4963263957846902,0.49175572395324707,0.011324964664501384,-0.7077626114956699,-0.5311673642796427,-0.7975169057289079,-0.025037910590149814
13,93,1,0.40086206896551724,0.49758683106208,0.49357110261917114,0.009880354401478365,-0.640478706931716,-0.48077815847128696,-0.7123818341831724,-0.8023271975056314
13,94,1,0.4051724137931034,0.49668227612830396,0.5029695630073547,0.011027752935616898,-0.37512489922258735,-1.2600788745825031,-0.27162607749894285,0.06923151530428998
13,95,1,0.40948275862068967,0.497390002988942,0.49193549156188965,0.010349493206556433,-0.6646919913806293,-1.0879553941291273,-0.7890864176380933,-0.5744300654430128
13,96,1,0.41379310344827586,0.4969843120636284,0.4878031611442566,0.010834575249886437,0.049986161708746334,-1.2691049829722203,-0.9828786287946188,-0.3960285125680681
13,97,1,0.41810344827586204,0.49737563385247757,0.4793621003627777,0.010607732530771831,-0.8345211434605052,-1.812226906908661,-1.3787356073095152,-0.7226966042661803
13,98,1,0.4224137931034483,0.4974588744062794,0.4947168529033661,0.010471692674569412,-0.49088385743496615,-0.9661685912102583,-0.6586500512502538,-0.43986025839334375
13,99,1,0.4267241379310345,0.4970378456694994,0.4929148256778717,0.011086870980843301,0.3106757364102951,0.07521319255815474,-0.7431589857494566,-0.13298379083075465
13,100,1,0.43103448275862066,0.4969307443278167,0.488034725189209,0.011105932992665317,0.02526540353690166,-1.1742009833142868,-0.9720190643938182,-0.23659560405661662
13,101,1,0.4353448275862069,0.49741521445030457,0.4868561923503876,0.010608070936224505,-1.0751186375140172,-0.9840515502184013,-1.0272882373963481,-0.5467808647282947
13,102,1,0.4396551724137931,0.4965512445711828,0.4982776641845703,0.011481935964803007,-0.4966018256888879,-0.8122724217824798,-0.49166013951639903,0.21697608599446908
13,103,1,0.44396551724137934,0.4968960108335172,0.48417630791664124,0.010910262243694492,0.02305126659290145,-1.2986900740989424,-1.1529656827050725,-0.4381175487165824
13,104,1,0.4482758620689655,0.49490530823941853,0.48481282591819763,0.012865506128797617,-0.16413219388454692,-2.068235122461428,-1.1231151580625631,0.6864634320037385
13,105,1,0.4525862068965517,0.49548397300459396,0.4812958836555481,0.011780482341522645,-0.8085527110399247,-0.7477035002723345,-1.2880477623578104,-0.01178428714352553
13,106,1,0.45689655172413796,0.49551987947974857,0.48961004614830017,0.011261765504940381,-1.1857705353300159,-0.9575218536872283,-0.8981418810396462,-0.11121769303119394
13,107,1,0.46120689655172414,0.4967187270084465,0.48825451731681824,0.009805076703383896,-0.39224648081728675,-1.0606290187779115,-0.9617115627907418,-0.9697142658244109
13,108,1,0.46551724137931033,0.4959866346043094,0.4966190457344055,0.010492848151253294,-0.5365177046983165,-0.4680517250126526,-0.56944369127472,-0.3832507523116383
13,109,1,0.4698275862068966,0.4971167644714561,0.4905085265636444,0.009633049875329348,-0.6452593033407326,-0.35936197170679685,-0.8560062121136057,-1.014491638032936
13,110,1,0.47413793103448276,0.4968663899142066,0.5677358508110046,0.010291622299294333,0.9036797917142695,3.8105045824342687,2.7656920586094436,1.1701158104477396
13,111,1,0.47844827586206895,0.49680381355510234,0.5534304976463318,0.010690826267013141,0.9755859091686179,4.509833919847843,2.094819756305779,1.06123910232079
13,112,1,0.4827586206896552,0.49779318600266265,0.5011284351348877,0.009722725456116833,-0.9900828495975827,-0.779392640590452,-0.35796869906299134,-0.7145794754319251
13,113,1,0.4870689655172414,0.4981113737284524,0.49435704946517944,0.00985617557991534,-0.22482863700051178,-0.8761205386459197,-0.6755236060779068,-0.7976202425227594
13,114,1,0.49137931034482757,0.49843300338445523,0.5083587169647217,0.009783198238161601,0.5160215844619583,1.4098194739013399,-0.018893126328188146,-0.510721689950992
13,115,1,0.4956896551724138,0.4983821912535528,0.49450063705444336,0.010225663736626152,-0.013234720755049428,-0.17270858705930484,-0.6687898375730089,-0.5845584710500094
13,116,1,0.5,0.49884715648742667,0.49299827218055725,0.010155292927364924,-0.3395920416672672,-0.48429463458173283,-0.7392456292086276,-0.6597237739094843
13,117,1,0.5043103448275862,0.4992544099117369,0.4933195114135742,0.010011532124245694,-0.11513996956307075,0.25120917408917515,-0.7241806041537718,-0.7337795473643358
13,118,1,0.5086206896551724,0.49876712518363586,0.48208215832710266,0.010784575898167899,0.17038026207834606,-1.1802154706699954,-1.251174160351849,-0.5585523121363482
13,119,1,0.5129310344827587,0.4992375775714656,0.4934022128582001,0.010397653960133306,-0.8569178659203264,-0.4217159510029767,-0.7203021882963431,-0.5127053729714064
13,120,1,0.5172413793103449,0.4985516672278002,0.48868584632873535,0.011297410883276883,-0.6016585832858146,-0.5632942402131684,-0.9414837023566638,-0.11265885219580601
13,121,1,0.521551724137931,0.49889084830737657,0.48194387555122375,0.010884357488793898,-0.4110165439323367,-0.5735080712393598,-1.257659151190937,-0.5051659575834216
13,122,1,0.5258620689655172,0.4987186285607818,0.479483038187027,0.010965686834298584,-0.840795070187957,-1.5188185603754174,-1.373064035579985,-0.5167117162048539
13,123,1,0.5301724137931034,0.4998555430965155,0.49648380279541016,0.009816648142851415,-1.2451902133468857,-0.47122676734308006,-0.5757861241255351,-0.7701844301985046
13,124,1,0.5344827586206896,0.5003411948249943,0.5114997029304504,0.00948548779563508,-1.540727394461962,-1.441593243105103,0.12840840912328852,-0.6060299444186655
13,125,1,0.5387931034482759,0.5007720841846575,0.53061842918396,0.009501980335270423,-0.28579013008641535,0.17374456134910424,1.0250115024659874,-0.14836841914990606
13,126,1,0.5431034482758621,0.5002043103597296,0.512055516242981,0.01054006312951853,-0.5809879179473016,-0.025401797762137773,0.15447415893988187,0.005503996593032023
13,127,1,0.5474137931034483,0.5005872323351911,0.511260986328125,0.01052856160379393,-0.647321521399524,-0.3467639406953489,0.11721341416184547,-0.019653814080209747
13,128,1,0.5517241379310345,0.5011440572786299,0.5207752585411072,0.010154658970024051,-0.6591905883460478,0.1065725720459981,0.5634003506738112,-0.008760572531666566
13,129,1,0.5560344827586207,0.5007610106622922,0.5043801069259644,0.01073842119977065,-1.1473867744395012,-0.3049718623736101,-0.20547637568557217,-0.06189750505145014
13,130,1,0.5603448275862069,0.5007105580877809,0.5212766528129578,0.010786105393690633,-1.5117011904369664,-0.4889433868173679,0.5869140329748496,0.3613598161142617
13,131,1,0.5646551724137931,0.5015314586043386,0.5193216800689697,0.01009176680914576,-1.0555501921724444,-0.31750569216146485,0.49523247498724154,-0.07853757480174006
13,132,1,0.5689655172413793,0.5003063872121537,0.5027644038200378,0.01155289476861749,-1.3877483093734335,-0.9418830192674115,-0.28124734408003826,0.3624535941472159
13,133,1,0.5732758620689655,0.5007652303195222,0.5189409852027893,0.010884634144629902,-0.8631853280143649,-0.4006170943403015,0.4773791833970451,0.36251021965331326
13,134,1,0.5775862068965517,0.5000991846179412,0.5281845331192017,0.011551734760518441,-0.659617254151315,0.06683493287924182,0.9108700731886926,0.9578539656655283
13,135,1,0.5818965517241379,0.500537272532021,0.5259386301040649,0.0109608034789788,-0.9293249924641931,-0.3855794168323119,0.8055448771469513,0.5698212991139142
13,136,1,0.5862068965517241,0.5010384830065282,0.514485239982605,0.010211046486392157,-1.8784592378645981,-0.8545197451442431,0.26841992039013507,-0.12424929135843515
13,137,1,0.5905172413793104,0.5013918538706259,0.5156643390655518,0.01004069957088808,-0.9268005531163621,-0.13054297434575107,0.32371564831204924,-0.19327807747725667
13,138,1,0.5948275862068966,0.5001147125026164,0.5196911096572876,0.011474496826673487,-1.8654620923874816,-0.6032624201373731,0.5125574634444261,0.7148629680364549
13,139,1,0.5991379310344828,0.5010687337176774,0.521642804145813,0.010524357582781342,-1.5024858555065363,-0.059761125334245324,0.604085282425073,0.22139622027059877
13,140,1,0.603448275862069,0.5015459770432253,0.5149069428443909,0.010179979553647446,-0.8322423601823736,-0.46937368657118533,0.2881963471946818,-0.1319924332238805
13,141,1,0.6077586206896551,0.501752000451172,0.5275694131851196,0.010100829654875111,-0.8609485648534186,0.4718425154420876,0.8820230449734386,0.12000112921195466
13,142,1,0.6120689655172413,0.4961439533920054,0.4913733899593353,0.01579891335917819,-0.6440180937254099,-0.34007242225447554,-0.8154470668225848,2.5050883164470323
13,143,1,0.6163793103448276,0.4968426476022184,0.4878044128417969,0.01410752937131244,-0.8779667123135079,-0.6313358642722189,-0.9828199284465063,1.461494056006516
13,144,1,0.6206896551724138,0.4960973734319589,0.5032294988632202,0.013796282012707183,0.32729307659876966,-0.1565824069876668,-0.25943597187426043,1.6465444327285905
13,145,1,0.625,0.49707488532466243,0.48404183983802795,0.011456619217187068,-0.1575415001198514,-0.9845272229204781,-1.1592717772451513,-0.1311976968754872
13,146,1,0.6293103448275862,0.4965325942217017,0.49336808919906616,0.010829631538520422,-0.9822800370679237,0.17132826075205096,-0.7219024715960749,-0.26834612876176245
13,147,1,0.6336206896551724,0.4971283923989501,0.491446316242218,0.010330993568696052,-0.10639655287179985,-0.7606225374017485,-0.8120270727313674,-0.5963994560970641
13,148,1,0.6379310344827587,0.4968160129179181,0.49712297320365906,0.010714809248911016,1.610083214034827,-0.16332061722751698,-0.5458112106501207,-0.2454653665875712
13,149,1,0.6422413793103449,0.4975481300919608,0.5003970265388489,0.010162351946358152,1.274795002062357,-0.5922489920537028,-0.3922692691433578,-0.482229402704586
13,150,1,0.646551724137931,0.4969517052759817,0.4888083338737488,0.010877087954161833,0.6219672291531917,-0.9210876592980859,-0.9357394540056612,-0.3483317736897149
13,151,1,0.6508620689655172,0.497695259117767,0.4893067181110382,0.010238311875946517,-0.6871986126084738,0.17499940344660772,-0.9123669320655597,-0.6991688446521256
13,152,1,0.6551724137931034,0.4968324810297569,0.49706971645355225,0.011242806643660806,0.4233381352177802,-0.6332006179938579,-0.5483087706995713,0.052939176867097815
13,153,1,0.6594827586206896,0.4978889968054997,0.49000099301338196,0.010190407895877725,-0.8074149355592122,-0.5159254101511292,-0.8798078056458623,-0.7100761330787447
13,154,1,0.6637931034482759,0.49750769915728466,0.4826451539993286,0.010656922222477501,-0.6104989694782826,-0.9555666346050717,-1.2247715823472771,-0.6177980627508304
13,155,1,0.6681034482758621,0.49776684380435876,0.4913114309310913,0.01053677604572912,-0.29558728202402795,-0.5470279847445998,-0.8183527340541504,-0.48277496210507914
13,156,1,0.6724137931034483,0.49791105612542386,0.49665576219558716,0.010410459896311959,-0.3374037632569195,-0.7210074642073064,-0.5677218143967553,-0.42914745823667355
13,157,1,0.6767241379310345,0.499428777117484,0.4867824912071228,0.009162382678168553,-1.014205629178712,-0.41957688296234863,-1.0307445697983018,-1.3689776460194865
13,158,1,0.6810344827586207,0.5014840365762767,0.5275765061378479,0.007492068297371929,-0.5413338565911052,0.18127361393412525,0.8823556802794091,-1.3603777579289036
13,159,1,0.6853448275862069,0.49994865270779615,0.4945678412914276,0.010021536520600526,-0.6804139798413841,-0.02425201221233224,-0.6656381879303056,-0.6988305638564738
13,160,1,0.6896551724137931,0.5012278605172664,0.5149490237236023,0.009287780936989572,-0.435394676533285,0.3313118734714395,0.29016979699312845,-0.6373534353090735
13,161,1,0.6939655172413793,0.5008878792543283,0.521515429019928,0.010456963297888318,-0.8439368820267427,-0.9727492166285615,0.5981118231909647,0.1801613446351691
13,162,1,0.6982758620689655,0.5017356983571457,0.5124566555023193,0.009973919729282,-0.8229494496509859,-0.2842465401027499,0.17328622288258141,-0.30639222241962877
13,163,1,0.7025862068965517,0.5008025042258027,0.5306289196014404,0.01097002930584224,0.5742065174969185,-0.07524529316995134,1.025503467288263,0.6850365095677994
13,164,1,0.7068965517241379,0.501474520463336,0.5411742925643921,0.010511475947810663,0.8392144673184444,-0.06659271917204927,1.5200455143715155,0.6720656472722547
13,165,1,0.7112068965517241,0.5009522832277554,0.5238971710205078,0.011095378169908583,-0.6620091685141765,-0.8505130051445401,0.7098074046302412,0.5983274726454678
13,166,1,0.7155172413793104,0.5010016962634853,0.514298677444458,0.011062066127535443,-0.4240944973271175,-0.7778576476990873,0.2596707732667102,0.3543536390421068
13,167,1,0.7198275862068966,0.5009344738309308,0.52110755443573,0.010945788036674876,-0.972137027242708,-0.7256883170547381,0.5789838954703268,0.4480191238229433
13,168,1,0.7241379310344828,0.5002879815016934,0.5146207809448242,0.011625272767194307,-0.34125668477115056,-0.9448041749409022,0.27477632951431025,0.6815419741925018
13,169,1,0.728448275862069,0.5009467243243466,0.5241310000419617,0.010669895204130454,-0.5018866635041292,-0.1819127079326212,0.7207731887085785,0.3623368535516798
13,170,1,0.7327586206896551,0.5007010854569431,0.5203925371170044,0.010914144345681727,-1.5029933292294677,-0.7134609021976691,0.545452020424766,0.41329450455752736
13,171,1,0.7370689655172413,0.5018528724557791,0.5246381163597107,0.009687204645210175,-1.9749568208225285,-0.45951296227475663,0.744555215458131,-0.1834765741566825
13,172,1,0.7413793103448276,0.5014569112460838,0.5265848636627197,0.010312765511117573,-1.1794158006848998,-0.17027477703763524,0.8358510283010002,0.21719466073520766
13,173,1,0.7456896551724138,0.501185188676901,0.516096830368042,0.010876720516398021,-0.6817166034741317,-0.188948578390949,0.3439980162122317,0.2913284301874621
13,174,1,0.75,0.5018526318702297,0.5196989178657532,0.010268893411207937,-0.6679049141869595,0.37249695840647884,0.5129236418064608,0.030832320872129393
13,175,1,0.7543103448275862,0.5010187391486033,0.5197908878326416,0.01139067273615594,-1.4632229044718348,-0.36966626809350583,0.5172367197653888,0.6696300748909856
13,176,1,0.7586206896551724,0.5019768946690831,0.5349786281585693,0.010223983888882134,-0.37321460004900464,-0.30473840337872576,1.229489972233648,0.36362807316548273
13,177,1,0.7629310344827587,0.5016313241841301,0.5185298323631287,0.010699550229584943,0.8281502472318565,-0.11960250219798214,0.4580975166694461,0.24782907583100872
13,178,1,0.7672413793103449,0.5021928145675278,0.5191497802734375,0.010249593722994534,-0.5817151892062798,-0.4073261222057912,0.48717096051313374,0.007002866113978712
13,179,1,0.771551724137931,0.5011076175331928,0.534848153591156,0.011419836431654153,-0.9427585006966965,0.08158954135593417,1.2233711597565948,1.0392485096612787
13,180,1,0.7758620689655172,0.5010779669054306,0.5243191123008728,0.011471706655563692,-1.7309750911772384,0.4248063644477586,0.729595012453476,0.8217982422160917
13,181,1,0.7801724137931034,0.5014764384650469,0.532982349395752,0.010848503155034307,-0.7314522606381189,-0.35598848923071763,1.1358713027583296,0.6712509298368237
13,182,1,0.7844827586206896,0.5010887312229917,0.5290877819061279,0.011197488967318654,-0.3978771765201311,-0.8095993162910537,0.9532293624884949,0.7779891916943613
13,183,1,0.7887931034482759,0.5015469739190936,0.5218589901924133,0.010463225435082664,-0.8015870685372671,0.3049455982366856,0.6142236711204921,0.19177120701142628
13,184,1,0.7931034482758621,0.5015621876512018,0.5299838781356812,0.01055785079944977,-0.8609097770529398,0.11240029220579925,0.9952532212276546,0.43598852908512886
13,185,1,0.7974137931034483,0.5008797421959028,0.5203847885131836,0.011361351441191499,-0.5886679024421112,0.5302568741995937,0.5450886373174033,0.6669153767770513
13,186,1,0.8017241379310345,0.5001714930626129,0.5216938257217407,0.011920426507195415,-0.7358999284263587,-0.37326153661472516,0.6064780204243228,1.014900841482762
13,187,1,0.8060344827586207,0.5008663984396444,0.5320766568183899,0.010996211590069173,-0.6292011539424945,-0.11991475360364,1.0933974080169746,0.733842660229059
13,188,1,0.8103448275862069,0.50081042069351,0.5259492993354797,0.010882045466341285,-0.4025672680613636,0.5126774118848004,0.806045227733243,0.5253740943212227
13,189,1,0.8146551724137931,0.5006367409844568,0.5208536386489868,0.010867783435971591,-0.5928278940434664,0.21802297796636155,0.5670761105675185,0.397795433679641
13,190,1,0.8189655172413793,0.5005926744462282,0.5302456617355347,0.010851099671338606,-0.5102422021906118,0.13007897459341838,1.0075299797471697,0.6085538641250643
13,191,1,0.8232758620689655,0.5007582640590758,0.529705822467804,0.010790805404394928,-1.3244789421590393,0.23995936877318444,0.9822133581826779,0.5616768665536748
13,192,1,0.8275862068965517,0.5001314704492565,0.5464113354682922,0.01139056541907197,-0.9820537748984637,1.249759987008614,1.7656449756192731,1.2937732973642317
13,193,1,0.8318965517241379,0.5004656672995857,0.5321063995361328,0.0108866310076794,-1.5004850514651698,0.5325214264499721,1.094792240098313,0.6723500237648978
13,194,1,0.8362068965517241,0.500135909634347,0.5408833622932434,0.01117362025170044,-0.6549239302933758,0.5518751771258866,1.506401876317382,1.041029283356282
13,195,1,0.8405172413793104,0.49994604716577506,0.5173143744468689,0.011249291517302008,0.47235621807290895,0.4695575355296568,0.40109668339759924,0.5313222515049946
13,196,1,0.8448275862068966,0.5008595034392131,0.520121693611145,0.010132781020538752,-1.234064579242873,0.333208727804875,0.5327503831951038,-0.03650190593367525
13,197,1,0.8491379310344828,0.5004072026916144,0.5338383316993713,0.010767090015626625,-0.940667191787546,0.5230867648192074,1.1760139551032194,0.6451180170471351
13,198,1,0.853448275862069,0.5000866280201166,0.5410839319229126,0.011073048535131615,-1.3778800464682763,-0.11650917051576422,1.515807908288732,0.9886550307464221
13,199,1,0.8577586206896551,0.5015823573954209,0.5331947803497314,0.00956499875626974,-0.4334261956589841,0.9805409105828274,1.1458335904094115,-0.052192654593128274
13,200,1,0.8620689655172413,0.5010542504484059,0.5537897348403931,0.010502183260696192,-0.8629332073112524,0.8456483033386369,2.111666756214048,0.9626024077434617
13,201,1,0.8663793103448276,0.5017749295442959,0.5524361729621887,0.00983019091710436,-0.5905588077154544,1.4544947708099005,2.048189317867129,0.549489194846557
13,202,1,0.8706896551724138,0.49627575836800647,0.5167698860168457,0.015671293806564183,-0.9569160478714716,0.9361720286050524,0.37556203196868987,3.028165192028365
13,203,1,0.875,0.4972815098999091,0.5070797801017761,0.01371282486163402,-1.0233951055754895,0.8714513587482322,-0.07887090582573705,1.689462692868426
13,204,1,0.8793103448275862,0.4970383223478763,0.536912202835083,0.012880800539788857,1.04281486434856,1.5150773799823953,1.3201680337940007,1.916785034935382
13,205,1,0.8836206896551724,0.49805530301329237,0.5283278822898865,0.010859837849240363,-0.15446756693190367,0.9434559492454448,0.9175926606749025,0.5685443655155797
13,206,1,0.8879310344827587,0.4969379837345417,0.5210636854171753,0.011047250495240225,0.9285524687713229,0.49484114467563434,0.5769265880317195,0.5045732597533972
13,207,1,0.8922413793103449,0.49833073373287096,0.5132153630256653,0.009820056838544762,-1.0056270606394762,0.09180920885699759,0.20886701960273332,-0.3759233279685051
13,208,1,0.896551724137931,0.4967173632434972,0.5137125849723816,0.011695733286158964,1.9579128148287868,0.38666208292108817,0.2321850340767303,0.7002346462870093
13,209,1,0.9008620689655172,0.4979171097325117,0.5225207209587097,0.010415747021049672,0.9017113108399686,0.22671348905093233,0.6452565884892664,0.18034233471504454
13,210,1,0.9051724137931034,0.49646325595317137,0.5225864052772522,0.011835052480194834,0.5267076234938776,0.5308288487370604,0.6483369591378332,0.9873781571282911
13,211,1,0.9094827586206896,0.4981755602510861,0.5145300626754761,0.01000406623693751,-1.229077114564636,-0.33600439926861536,0.27052195190349465,-0.24066536968291155
13,212,1,0.9137931034482759,0.4974180441313899,0.5170220732688904,0.01072278898618751,-1.7670639072060883,0.002919696554772686,0.38738875448600957,0.2256633405900676
13,213,1,0.9181034482758621,0.49771492078932844,0.5181586146354675,0.010601082550222136,0.07118369467043009,0.40922881301409886,0.4406886705721009,0.18324148428611475
13,214,1,0.9224137931034483,0.4976150457654897,0.49755677580833435,0.010650410338265089,-0.5894565877185142,-0.2138440619579313,-0.5254673471471538,-0.2718416219964605
13,215,1,0.9267241379310345,0.49767302696028787,0.5111525654792786,0.010880376596546483,-0.5658639080772623,0.02190283107630824,0.11212884591343975,0.17746877301742256
13,216,1,0.9310344827586207,0.497896899316271,0.514968991279602,0.01053087091786379,-1.070942484329129,-0.12904883677849108,0.29110620730825537,0.06860318296730059
13,217,1,0.9353448275862069,0.4989840452852089,0.5069921016693115,0.009563438745146181,-0.7504615151894549,0.3360248269306677,-0.08298272544827955,-0.667486162568181
13,218,1,0.9396551724137931,0.5004059450304175,0.5371707081794739,0.00845882012390773,-1.3246502549444874,1.0898697578871792,1.3322910533065546,-0.5867513077892202
13,219,1,0.9439655172413793,0.5002056471578931,0.5551375150680542,0.009356842812664058,-1.1191298617906693,1.3638980896075839,2.174873054857781,0.34419274415960044
13,220,1,0.9482758620689655,0.5004192017837343,0.541650652885437,0.009776443236224099,1.1403694148695385,1.8456261343643066,1.5423851897103051,0.26608381509797496
13,221,1,0.9525862068965517,0.49936556768249124,0.525492250919342,0.011460652954333038,0.3617269464738561,0.8883362805532445,0.7846112149081881,0.843033058113918
13,222,1,0.9568965517241379,0.49971453065925464,0.5125218033790588,0.011207070576890195,-0.17199642043163088,-0.2771989966946779,0.17634143623910006,0.3949830606138062
13,223,1,0.9612068965517241,0.49959249181764837,0.5169823169708252,0.011156255825705778,-0.03886375992144017,0.6265470366396532,0.38552431961977174,0.47073570645855917
13,224,1,0.9655172413793104,0.4994091431965182,0.5179899334907532,0.011186315611774793,0.05982210144683778,0.7756281142979414,0.43277809985028226,0.511422367868573
15,8,0,0.03389830508474576,0.47511767038460706,0.5233755707740784,nan,0.8039208011994103,0.3048230322643713,0.6853461309953878,nan
15,9,0,0.038135593220338986,0.4747061601847998,0.5200163125991821,nan,0.31919935556551926,1.257294876068507,0.5278083729349712,nan
15,10,0,0.0423728813559322,0.4735882516959405,0.514898955821991,nan,1.3913070900673667,0.7437638797336606,0.287821783068631,nan
15,11,0,0.046610169491525424,0.4721014649064727,0.5145742297172546,nan,1.4645901744387138,0.6791161658127418,0.27259323561546206,nan
15,12,0,0.05084745762711865,0.469792053327868,0.5206831097602844,0.014908844287597832,1.1411742617294744,-0.07119769784614353,0.5590788869508672,2.687212142880822
15,13,0,0.05508474576271186,0.4700405222339409,0.5188577771186829,0.013328971117340181,0.9693346086581122,1.0476662080869568,0.47347700787490415,1.7477888888180213
15,14,0,0.059322033898305086,0.4688648368680492,0.5320389270782471,0.013338246995517146,1.2602819000498593,1.496902597230647,1.0916280118095856,2.0621287116921625
15,15,0,0.0635593220338983,0.46902922087802046,0.5379522442817688,0.011993009278573073,1.5969955636899262,1.4787365691912067,1.3689424325660906,1.4373258051068665
15,16,0,0.06779661016949153,0.46906863251824654,0.5268641114234924,0.011185536631233929,1.5423726436656058,0.7417619688525272,0.8489467964394173,0.7190646228681419
15,17,0,0.07203389830508475,0.4701465368846698,0.529658317565918,0.009926777062405308,2.1637726012367944,0.5260312663921866,0.9799855402090774,0.07020265118643676
15,18,0,0.07627118644067797,0.4702346729477155,0.5324095487594604,0.009865144662041837,2.469649963496187,1.5258223302219487,1.1090089053602104,0.0997362187436926
15,19,1,0.08050847457627118,0.473528422626374,0.534417450428009,0.0069138540032998635,0.9805184244628431,1.2577092657844269,1.2031726494965729,-1.5281220949532643
15,20,1,0.0847457627118644,0.47275459473562853,0.5191001296043396,0.008812482331133763,1.0142929017297895,0.4441221780370044,0.4848425133713405,-0.8097623605362021
15,21,1,0.08898305084745763,0.4743599993002266,0.530317485332489,0.008128568320881165,0.5045436278369295,1.6646924950914816,1.0108982616269546,-0.934874860175633
15,22,1,0.09322033898305085,0.47421719696429815,0.516219437122345,0.009324736260698803,0.07636509835106124,0.9362566574906981,0.3497478550725784,-0.5865912240532211
15,23,1,0.09745762711864407,0.4767575374716284,0.5239936709403992,0.0077800267575142195,1.1330934699630504,-0.04604249114735237,0.7143329219442428,-1.2809646382946767
15,24,1,0.1016949152542373,0.4770384065349605,0.52223140001297,0.008306436405495755,0.27868873028208185,0.8096926998890075,0.6316884223112778,-1.023534655433883
15,25,1,0.1059322033898305,0.47870684092005755,0.5233446359634399,0.0077089549702317245,0.4999117179964152,0.20730721010116884,0.683895393820609,-1.3365186340765525
15,26,1,0.11016949152542373,0.478329973869243,0.530276894569397,0.009172532426003986,-0.07417035530730044,0.7592392928570585,1.0089946931953084,-0.3433477480865056
15,27,1,0.11440677966101695,0.48025144699353295,0.5121946930885315,0.008279253527950232,-0.08815658969662732,-0.04094433034656489,0.16100107859905027,-1.2743053723459847
15,28,1,0.11864406779661017,0.47845403489121097,0.5402719378471375,0.010950143010748349,1.3376344711547776,1.776784913247777,1.4777281538917935,0.8998628229083748
15,29,1,0.1228813559322034,0.48047634437631453,0.530872106552124,0.009281740614707386,0.35616736173855634,0.41200113857835075,1.0369081063501076,-0.2674123328610336
15,30,1,0.1271186440677966,0.47950015145866326,0.5356302857398987,0.010700309396422934,1.5454077890530746,0.5687951177801315,1.2600504915628508,0.6492364117408689
15,31,1,0.13135593220338984,0.4815796536193963,0.5263414978981018,0.008913351633044943,1.5225714715211602,1.1327707664346187,0.8244380034751395,-0.5827184588644295
15,32,1,0.13559322033898305,0.47956543356334475,0.5388763546943665,0.011259623345562332,0.18382993189438235,1.1176280323789312,1.4122800610011,1.042777542488516
15,33,1,0.13983050847457626,0.48146823973589636,0.5262314081192017,0.009634666841044186,-0.33051892867192617,1.2195299654085237,0.8192751680959173,-0.17593327455474278
15,34,1,0.1440677966101695,0.4805022945283013,0.5054132342338562,0.010848585888534705,0.38583679678815913,-0.282489761166245,-0.1570262264554368,0.024849118810779697
15,35,1,0.1483050847457627,0.4807157715567596,0.511409342288971,0.010885644627485917,0.2992494968525714,0.035907452531934544,0.12417080304050507,0.18647950682386097
15,36,1,0.15254237288135594,0.4805087620202386,0.5159024596214294,0.010876683648347714,0.8583885700218156,0.32241124929147275,0.33488269072677207,0.2867498437926185
15,37,1,0.15677966101694915,0.48193329000206925,0.5112833380699158,0.009687987780740571,1.4662160297421183,1.134378715261885,0.11826163466385324,-0.4961789131857812
15,38,1,0.16101694915254236,0.48224098394096887,0.5066465139389038,0.0094965564083841,0.6245627794685671,0.0457127303170782,-0.09918961203665577,-0.7135472069644028
15,39,1,0.1652542372881356,0.48076246301732767,0.5277876853942871,0.011409749685192212,0.9082405905872393,0.7868866743262404,0.8922592675823786,0.8679680521836424
15,40,1,0.1694915254237288,0.48107294816403273,0.49955275654792786,0.01111093740362918,-0.1745273244128749,-0.26229847634618286,-0.43186265394519546,0.03632274468410154
15,41,1,0.17372881355932204,0.4805866914513958,0.5056585669517517,0.011738240652214633,-0.2605909890419984,-0.21336255278098226,-0.14552095822539945,0.535505772030471
15,42,1,0.17796610169491525,0.4817705490342031,0.5035393238067627,0.01021773343173902,0.5882994183375623,0.21536154542467972,-0.24490623808909667,-0.37711734165086874
15,43,1,0.18220338983050846,0.48212942840955847,0.5067327618598938,0.009741245329692179,-0.4753170201761267,-1.132134590673559,-0.09514487852624176,-0.5726570177206025
15,44,1,0.1864406779661017,0.48302688839695845,0.5036861300468445,0.009185526690349895,-0.4444645572119194,-0.7339965390351857,-0.2380215258319096,-0.9594812483006379
15,45,1,0.1906779661016949,0.48418602887839596,0.4923252761363983,0.008514871267143821,2.3134062385340233,-1.0153000366836746,-0.7708068497104137,-1.6064896641649886
15,46,1,0.19491525423728814,0.4847408441408545,0.4984830319881439,0.008859890361435287,0.49110688728771945,0.20497553838976118,-0.48202908954395157,-1.2662927757538358
15,47,1,0.19915254237288135,0.48544422758091454,0.49587011337280273,0.00889908069803811,0.4019208047200497,0.023405723355876387,-0.6045660662286606,-1.3053196494062593
15,48,1,0.2033898305084746,0.48641987532550746,0.49707674980163574,0.00875213274628426,-0.5495439410257922,-1.0950116922495075,-0.5479789306482727,-1.3604231637974988
15,49,1,0.2076271186440678,0.4868211033329584,0.49675995111465454,0.009199151470970536,0.3607119990279933,0.4224075732753217,-0.562835709230063,-1.1141558950383383
15,50,1,0.211864406779661,0.4878016405244927,0.5041654109954834,0.008877382893076831,-0.570838443488673,0.27638480845001867,-0.21554488301419086,-1.1231231703940991
15,51,1,0.21610169491525424,0.4885938720685882,0.5009568929672241,0.008850350444890943,0.06938652658157737,-0.5642514220921944,-0.366013442009067,-1.2136991220687727
15,52,1,0.22033898305084745,0.4864665633224354,0.5011295676231384,0.011765070312962152,-0.280482666054228,-0.9864211590164776,-0.35791558922422295,0.44453504115204645
15,53,1,0.2245762711864407,0.48826340483321035,0.5125040411949158,0.009979900801419132,-0.37676691610952473,0.38428080117326757,0.17550845034683787,-0.30188668257539664
15,54,1,0.2288135593220339,0.4880733078696218,0.5020785331726074,0.010530573140070713,-0.45074494857278424,-0.3202780177257168,-0.3134123395909808,-0.233825087727836
15,55,1,0.2330508474576271,0.4912832104980294,0.4951493442058563,0.0073885873479453195,-1.4745521745283614,0.002934287741952959,-0.6383676833500713,-2.1794677795438453
15,56,1,0.23728813559322035,0.4894016240212732,0.4964454770088196,0.00994250843206184,-1.0658031007656834,-0.6038489858620201,-0.5775834728796444,-0.6996538620622437
15,57,1,0.24152542372881355,0.49161156985359483,0.49459588527679443,0.008466327774449674,-0.33416174960023015,-0.8321660463840644,-0.6643230206071198,-1.5807975425928928
15,58,1,0.2457627118644068,0.4897319919488803,0.5092623233795166,0.011182946934260342,1.1009254540992692,1.4318521665435526,0.023482934499646193,0.3048629662657886
15,59,1,0.25,0.4918212337032726,0.4997009038925171,0.009508376199682651,-0.6916624419802465,-0.3067753331090919,-0.4249150484578879,-0.8697018622552729
15,60,1,0.2542372881355932,0.49146721386107955,0.503484308719635,0.009996901843186488,-0.8399482032108356,0.6441790272282955,-0.2474862581513718,-0.5037354690117486
15,61,1,0.2584745762711864,0.492853266099268,0.4813786745071411,0.009127247064949669,-0.7375807331137749,-1.607474613682758,-1.2841651536183736,-1.5156283834283384
15,62,1,0.2627118644067797,0.49225374987501896,0.4904918372631073,0.010037187350616934,-0.4672944101104209,-1.7268305248173934,-0.8567888834217715,-0.785523626810157
15,63,1,0.2669491525423729,0.493328433041237,0.5006014108657837,0.009592943665933558,0.27493277826904794,-0.05743529009770976,-0.3826843408729987,-0.8005921005882889
15,64,1,0.2711864406779661,0.4927640370924199,0.48139137029647827,0.010534139449241788,-0.42128884642581504,-1.2046878098087497,-1.2835697643732333,-0.7168798196859265
15,65,1,0.2754237288135593,0.4945394281445481,0.49905499815940857,0.009082954204948708,-0.6255615653308971,-0.864762758544795,-0.45520582571124063,-1.126286159238059
15,66,1,0.2796610169491525,0.4933159453074981,0.4873487651348114,0.010727977553318689,-1.1844226592633764,-1.2175659916140589,-1.004188252786769,-0.46718050574230147
15,67,1,0.2838983050847458,0.4939422140833984,0.496980756521225,0.010367257635538245,-0.44957808224171264,-0.6721824336646759,-0.5524806882975621,-0.4460453893148779
15,68,1,0.288135593220339,0.4941564466251658,0.4998069703578949,0.010306470354311183,-1.6173042095573034,-0.2761980412541112,-0.419940892769027,-0.4142739777668115
15,69,1,0.2923728813559322,0.4940732628426216,0.4900605380535126,0.010737756520041837,-1.3993361647664857,-0.164336163855264,-0.8770153462285135,-0.398044214702754
15,70,1,0.2966101694915254,0.494334649326331,0.4889275133609772,0.010359828710850845,-0.07891539623254469,-0.7562072441609977,-0.9301503422889557,-0.6390963393342733
15,71,1,0.3008474576271186,0.4942903437174601,0.4859972596168518,0.010658810324429883,-0.6522798952274018,-1.0504706342630052,-1.067569254847503,-0.5381253482116304
15,72,1,0.3050847457627119,0.4949155667340016,0.5093536376953125,0.010120619716403802,-0.5800246875687439,-0.41018599489312474,0.027765264657181956,-0.29589634623106126
15,73,1,0.3093220338983051,0.494902570600981,0.4952460825443268,0.010323395876633397,-1.7766380292909476,-1.0174011676376338,-0.6338309850173817,-0.5116133154804774
15,74,1,0.3135593220338983,0.49494632144350953,0.4855908453464508,0.010486971973694699,0.23943224388079345,-0.9214466025027207,-1.0866286988286764,-0.6451781515867702
15,75,1,0.3177966101694915,0.493953080203735,0.4989171028137207,0.011633131242763863,-1.2641574477810364,0.4010898488049424,-0.4616726473949606,0.3177773909292828
15,76,1,0.3220338983050847,0.4942743838815707,0.502351701259613,0.011227511686496917,-1.626425807303243,-0.14439876569213858,-0.3006016874291098,0.16811240153067727
15,77,1,0.326271186440678,0.493688197556788,0.4851863980293274,0.011653402298171876,0.041737289473580595,-0.7604532796304573,-1.1055958994056732,0.007320157149810047
15,78,1,0.3305084745762712,0.4940331317877084,0.4981051981449127,0.01100487480620322,-1.2522819162010996,-1.07762775184293,-0.499748208909891,-0.05781353021238955
15,79,1,0.3347457627118644,0.49501983250866216,0.4952634572982788,0.009789876671299193,-1.693467288114204,-0.9999880448566957,-0.6330161682804876,-0.8139930128973532
15,80,1,0.3389830508474576,0.4946443982275467,0.4887267053127289,0.010431999028646465,-0.36443239555725493,-0.6700112650122513,-0.9395675552789935,-0.6028462672466646
15,81,1,0.3432203389830508,0.49509874518398367,0.49556002020835876,0.010070155658703457,-0.10616059375222027,-1.0274136402807375,-0.6191083786598485,-0.6479729353515544
15,82,1,0.3474576271186441,0.4944926944010698,0.4900995194911957,0.011028843348416244,-1.2616717962336843,-1.0087836124889644,-0.875187249673012,-0.23193023095031853
15,83,1,0.3516949152542373,0.4952431467493092,0.4870615601539612,0.010393281653517224,-0.08403861821245759,-0.9062834407849807,-1.0176571874239009,-0.6638642791137175
15,84,1,0.3559322033898305,0.49599354752273067,0.48741239309310913,0.009698709440257476,-0.6403041618295613,-0.8473788181382174,-1.0012043184243868,-1.0498270473814322
15,85,1,0.3601694915254237,0.49591973479184287,0.48151180148124695,0.010109809494941287,-0.3190345074134842,-0.5933550040419675,-1.2779219523084153,-0.954875058449222
15,86,1,0.3644067796610169,0.4966825325731526,0.5001923441886902,0.009552259115596352,0.3330142771693979,-0.4134398296343257,-0.401868173687077,-0.8332736398685348
15,87,1,0.3686440677966102,0.4965113427954111,0.4940785765647888,0.010270908436358576,-1.372549956219143,-0.5284358940394955,-0.6885830359055878,-0.5687774347213869
15,88,1,0.3728813559322034,0.4962604710775709,0.5013564229011536,0.010838829165724255,0.10582120049803045,-0.24022201014242936,-0.347276849942512,-0.07581340664913247
15,89,1,0.3771186440677966,0.4961366022680491,0.4927346408367157,0.011029428863956074,-0.02527833280372794,-0.3431774268864377,-0.7516090406229753,-0.16980882994201515
15,90,1,0.3813559322033898,0.49582193578935385,0.5040885806083679,0.011398312211702892,-0.17097177603564828,-0.6641514442406535,-0.2191479662864256,0.3057733484041879
15,91,1,0.3855932203389831,0.496468171843719,0.49443694949150085,0.010536926961388103,-1.4365013422586235,-0.5962207132041731,-0.6717765671900631,-0.4094012298057699
15,92,1,0.3898305084745763,0.4963020075701133,0.49208807945251465,0.010692298497070797,-1.1741632860367242,-0.4021958607932071,-0.7819305656777202,-0.3763005268405195
15,93,1,0.3940677966101695,0.49649128135105824,0.4876422882080078,0.010513408839261364,-0.9912788067790135,-1.2610856664979422,-0.9904230211544027,-0.58207165040546
15,94,1,0.3983050847457627,0.4969473399729098,0.489181250333786,0.010146019988162093,-0.32715408698038717,-0.8227809947897127,-0.9182509431501634,-0.7544890838368403
15,95,1,0.4025423728813559,0.4959647009516019,0.4940580129623413,0.011410010055359014,-0.44395061885557485,-1.1515933978971713,-0.6895473987674349,0.07721248637765238
15,96,1,0.4067796610169492,0.4968076941834914,0.4809056520462036,0.01044114910044023,-0.669530769490364,-0.7757039884712789,-1.3063482946955303,-0.7810437146974737
15,97,1,0.4110169491525424,0.49611687325261306,0.4757736325263977,0.011258391684663104,-0.7240825785471401,-1.3681120244652467,-1.5470225172111876,-0.43757274870650803
15,98,1,0.4152542372881356,0.49662501670266346,0.49064555764198303,0.010656646210001376,-0.7615063413758034,-0.08046310170561707,-0.84957992162263,-0.4303588772064832
15,99,1,0.4194915254237288,0.4971578416688639,0.4834490120410919,0.010043240426239365,-0.8047773651266513,-1.4749574517115158,-1.1870733802130695,-0.9472305850972382
15,100,1,0.423728813559322,0.49695326308039456,0.4920918643474579,0.010546104194024221,-0.8864224528178941,-0.9664895973282243,-0.7817530670060469,-0.45918114291683604
15,101,1,0.4279661016949153,0.4971163165495356,0.4852251410484314,0.010419442949108994,-0.9392482047533619,-0.9182832331220374,-1.1037789838688596,-0.6920779086781467
15,102,1,0.4322033898305085,0.497665873635963,0.4866145849227905,0.010119746686912214,-1.1084308934919238,-0.8698667558204546,-1.0386188022093843,-0.8295838483754616
15,103,1,0.4364406779661017,0.4977695404219651,0.4793801009654999,0.010276294134234983,0.06424714301813163,-1.1953552864882468,-1.377891440398565,-0.9103751024395454
15,104,1,0.4406779661016949,0.49813959630006566,0.49613988399505615,0.010059162944409707,-0.2755501507600027,-0.9401320768057786,-0.5919147435830947,-0.6406147913462974
15,105,1,0.4449152542372881,0.49808125060123376,0.4974760413169861,0.010414091948159378,-0.23339750858962793,-0.7972931090232113,-0.5292535196004059,-0.4078520195935975
15,106,1,0.4491525423728814,0.49848645568656147,0.4990156888961792,0.01025012037575624,0.07891539623254469,-1.398134851207377,-0.4570492961674383,-0.46480837201977565
15,107,1,0.4533898305084746,0.4979503421129861,0.5013954043388367,0.01099137946198122,-0.6845804360761524,-1.964392561536859,-0.3454487533870105,0.011677211372542767
15,108,1,0.4576271186440678,0.4983729253501316,0.48543116450309753,0.010613996647590933,-0.773436822339752,-1.8629692194467793,-1.0941171860950198,-0.5768323317548932
15,109,1,0.461864406779661,0.4977864797971343,0.4847221076488495,0.011258774463104755,-0.656814835566719,-0.90123197178317,-1.1273695356733786,-0.22752902044109752
15,110,1,0.4661016949152542,0.49873412037096954,0.4925483167171478,0.010237441188244663,-1.2962672819440992,-0.26735286358542953,-0.760347006727712,-0.6236530216629945
15,111,1,0.4703389830508475,0.49811974341019427,0.48764464259147644,0.01091373432012193,-0.8681663280591887,-0.976992333860585,-0.9903126085948579,-0.3548205109521878
15,112,1,0.4745762711864407,0.49681741648585215,0.4817354381084442,0.012258411568766107,-0.46971218300693496,-1.113081418453558,-1.2674341567789935,0.269760750446849
15,113,1,0.4788135593220339,0.49894143216691295,0.4969986081123352,0.00974551867163543,-0.6481974792270044,-0.538068995815912,-0.551643509523292,-0.7984810918668181
15,114,1,0.4830508474576271,0.49795938572578174,0.48732295632362366,0.011016303205211304,-1.0165490587909751,-0.8163083441565434,-1.005398598059754,-0.3041527879647654
15,115,1,0.4872881355932203,0.4990245946443045,0.48656126856803894,0.0097574106253916,-1.146113241657113,-1.2771739094829113,-1.0411191575135068,-1.0364698987244667
15,116,1,0.4915254237288136,0.49757946231940303,0.4854680001735687,0.011428755758820623,-1.46227583567681,-0.672342936723659,-1.0923897187077112,-0.1135699613581343
15,117,1,0.4957627118644068,0.49826201890943217,0.5061841607093811,0.010936710627179207,-0.3318280169380869,-0.3040788817181774,-0.12087240252752061,0.09293929045775517
15,118,1,0.5,0.49804811294756035,0.5122697949409485,0.010980763274680831,0.00018262589392118516,0.8670419019823536,0.1645230994857964,0.260638153900174
15,119,1,0.5042372881355932,0.49871073746183703,0.4834636151790619,0.010340320565848805,-1.3457572830383873,-0.16485561011888175,-1.1863885428184244,-0.7782868587819551
15,120,1,0.5084745762711864,0.4992031196161575,0.5078008770942688,0.009769474115911482,-1.0295979213353967,-0.41478221885491084,-0.0450539148036302,-0.5315909083097763
15,121,1,0.5127118644067796,0.4982716982575297,0.4915904402732849,0.011106809798727892,-0.9693992549922436,-0.753178113702373,-0.8052681469344213,-0.15272253330589314
15,122,1,0.5169491525423728,0.4985664585148323,0.4912848472595215,0.010814469378449688,-0.679505698846838,-0.7152468635085345,-0.8195994176378716,-0.3257995526810926
15,123,1,0.5211864406779662,0.4986704747546006,0.4947061240673065,0.01084003953049937,-1.1588614987478236,-0.9369249338635546,-0.6591531970912174,-0.23106466428205846
15,124,1,0.5254237288135594,0.4982540220912553,0.4931824207305908,0.011246426517035536,-0.0729291456919777,-1.161185644349483,-0.7306096898994195,-0.0361569031125889
15,125,1,0.5296610169491526,0.4988359965451737,0.48227420449256897,0.010427177681891588,0.05551019096027387,-0.8217975487737622,-1.2421678497985982,-0.7568826639522243
15,126,1,0.5338983050847458,0.4980546383446721,0.47789907455444336,0.011349610454304167,-1.1125100771756147,-1.060439333344568,-1.4473465308616,-0.33596554651961485
15,127,1,0.538135593220339,0.49861463230610537,0.4905458688735962,0.010661661450330866,-0.4079910954949875,-0.7326979233761414,-0.8542549850615847,-0.4298501194409687
15,128,1,0.5423728813559322,0.49894658064931535,0.4912312626838684,0.01031575249499709,-0.5602396770078312,-0.43790341406077193,-0.8221123515880183,-0.6100918321201181
15,129,1,0.5466101694915254,0.49808609008289506,0.5091707706451416,0.011349382700932394,-0.13523851484452082,0.0852752752376712,0.019189423323422345,0.39717317414954256
15,130,1,0.5508474576271186,0.4987628796879655,0.49668237566947937,0.010485116480292288,-0.9967769774968884,-0.5225527273684094,-0.5664737331856979,-0.38615371328833215
15,131,1,0.5550847457627118,0.499004871513522,0.4927877187728882,0.01042018499055914,-0.4960846550158367,-1.0184050413156367,-0.7491198663375408,-0.5143272205870265
15,132,1,0.559322033898305,0.49886828550791634,0.4859500825405121,0.010654330798018967,-0.27257318707325207,-1.1226532372438172,-1.0697816989204074,-0.5417738270659992
15,133,1,0.5635593220338984,0.49916321949757453,0.4818795919418335,0.010339823023011015,-0.37358954878696676,-1.066841946279272,-1.2606738333547114,-0.8157118735587361
15,134,1,0.5677966101694916,0.49851596755399763,0.48909565806388855,0.011256357320257794,-0.36442916324054836,0.023621672926144432,-0.9222649288591852,-0.12634851336219965
15,135,1,0.5720338983050848,0.4991416459524488,0.4908236861228943,0.010568950888314659,-0.9856513433928757,-0.9107950358611212,-0.841226303035296,-0.4759516214339512
15,136,1,0.576271186440678,0.4986660526719683,0.496562659740448,0.011078737778526866,-1.0750895466636579,-0.5369338014532867,-0.5720880021944517,-0.05206411937525385
15,137,1,0.5805084745762712,0.49884233155573887,0.4839581549167633,0.010851900685769265,-0.38841295320329516,-0.8962592951921329,-1.1631963148046685,-0.47635468500569567
15,138,1,0.5847457627118644,0.49830969753857085,0.4889279007911682,0.011304312717478372,-1.0456528384169281,-0.2412871668065893,-0.9301321731335875,-0.10306610318785797
15,139,1,0.5889830508474576,0.4988694501732398,0.4877595007419586,0.01069299257895271,-0.10692018817826414,-1.0511885206722746,-0.984926152841874,-0.47740440949661395
15,140,1,0.5932203389830508,0.4989940192412791,0.5002556443214417,0.010500374566111144,-0.5648489606313994,0.10652588024702123,-0.39889961322539097,-0.2937072618584904
15,141,1,0.597457627118644,0.499047264555181,0.4874451160430908,0.010529120894536982,-0.74196698688459,-1.2181875761879386,-0.9996697236094474,-0.5777779697899329
15,142,1,0.6016949152542372,0.498137034983918,0.49001345038414,0.011490583715660536,0.4351005357129872,-0.9680508543565135,-0.8792235974194099,0.028102198086968122
15,143,1,0.6059322033898306,0.4987527537708931,0.4903774857521057,0.010831699290022194,-0.5285532763333288,-1.309718093369793,-0.8621515795100433,-0.33729717577383245
15,144,1,0.6101694915254238,0.4988156411540275,0.48223239183425903,0.010739637806301154,-0.29628546243264703,-0.3258197506167846,-1.2441287209510208,-0.5805332193715814
15,145,1,0.614406779661017,0.49836734550675765,0.4843091070652008,0.011143338931758083,-0.5922493093529904,-1.0451827880288742,-1.1467378552958103,-0.30272608042870913
15,146,1,0.6186440677966102,0.4980168575372101,0.49954068660736084,0.011323847139199796,-1.0575542285305175,-0.4543360090631957,-0.4324286930162797,0.15687196882863916
15,147,1,0.6228813559322034,0.49899245845230755,0.4910527765750885,0.01031820186242536,-0.7781753986315831,-0.6543724305924343,-0.8304827417033843,-0.6128869424963206
15,148,1,0.6271186440677966,0.4983592519820548,0.500582754611969,0.01101133450303176,1.645309001503023,-0.21376235130972177,-0.38355925558534115,0.0039470054922003395
15,149,1,0.6313559322033898,0.4996821175967644,0.49371445178985596,0.00957437159532893,-0.6307009488943429,-0.20854746101149207,-0.7056592466969624,-0.9726197242206356
15,150,1,0.635593220338983,0.4987806075222921,0.5018502473831177,0.010804574692302955,0.09438849630689361,-0.26641610936845594,-0.32411816498482027,-0.08367443813196716
15,151,1,0.6398305084745762,0.5000200833894226,0.5114063620567322,0.009756036321442903,0.12692176395851712,0.29988537452256686,0.12403104030690404,-0.4546747558325922
15,152,1,0.6440677966101694,0.4988599931236963,0.49654242396354675,0.011173032821448,-0.8160743120161122,0.3489380275852096,-0.5730369911556027,0.0009764664834204795
15,153,1,0.6483050847457628,0.49968550072273016,0.4877440333366394,0.010472710507824494,-0.3507047465044536,-0.9729797573860098,-0.9856515214292634,-0.602783344576498
15,154,1,0.652542372881356,0.4986730564564034,0.5045831799507141,0.011486000555642688,-0.45471100117174523,-0.22091495126549174,-0.19595294301799754,0.36713645349254354
15,155,1,0.6567796610169492,0.49953051242854984,0.5017956495285034,0.010601656817024123,0.2645182538404805,-0.449707684489613,-0.32667861826439126,-0.20011624762292157
15,156,1,0.6610169491525424,0.4983797916345233,0.4922946095466614,0.011629984870832465,-0.17964731407608123,-0.6973522315506474,-0.7722450082391683,0.16070555623024363
15,157,1,0.6652542372881356,0.4992138466813829,0.4886440932750702,0.010675879451679603,-1.5270611594265853,-1.12515124848908,-0.9434417782544142,-0.4663744016823732
15,158,1,0.6694915254237288,0.4987588865767029,0.48939019441604614,0.011012926046022782,0.4811448871980718,-1.2589524349321861,-0.9084521778973947,-0.25759621039886416
15,159,1,0.673728813559322,0.49981132913861287,0.4944232702255249,0.009981941014187708,0.028510649510297588,-2.0292824891649706,-0.6724180781372918,-0.7246920688756614
15,160,1,0.6779661016949152,0.4982493822986881,0.48992839455604553,0.011614092031628227,-0.17896529525099503,-0.9439549678470103,-0.8832124258363835,0.09620221564097137
15,161,1,0.6822033898305084,0.49892392666823226,0.47760286927223206,0.010906945328125243,-0.31209795576118576,-0.8857390492351559,-1.461237548954207,-0.5941359244136115
15,162,1,0.6864406779661016,0.4989348824593993,0.48800718784332275,0.010823509533670554,-1.6549025174881216,-1.1168984730199174,-0.9733104720522918,-0.39752453836738155
15,163,1,0.690677966101695,0.4992971719151763,0.4898693263530731,0.010505219048567653,0.19095395791566186,-0.9355971358301497,-0.8859825232163561,-0.5344993372489495
15,164,1,0.6949152542372882,0.4992358856316617,0.47933855652809143,0.010437966026223093,0.4715933913301585,-0.4021754331311547,-1.3798397329049634,-0.8195959176551995
15,165,1,0.6991525423728814,0.49841695914669465,0.48166030645370483,0.011503518344433576,-0.5996416176609152,-0.2871647775388046,-1.2709575752930757,-0.16042402640982373
15,166,1,0.7033898305084746,0.4988578458919035,0.48747551441192627,0.010935889718840318,0.12725792489600035,-0.6881276830152786,-0.9982441437267168,-0.34621246863763094
15,167,1,0.7076271186440678,0.4938100713745965,0.4974008798599243,0.015964405094273385,-0.784989122249032,-0.6987296396204652,-0.5327783357418241,2.740343881074289
15,168,1,0.711864406779661,0.49334368471760304,0.4903416335582733,0.015059016616121877,-1.2782988333722787,-1.1644248879035037,-0.8638329251952638,2.060983243198942
15,169,1,0.7161016949152542,0.49400413809880356,0.49280744791030884,0.012925513006406701,-0.5768699464631319,-0.4544206379488413,-0.748194637041102,0.9079792777995146
15,170,1,0.7203389830508474,0.49416310512854794,0.49170437455177307,0.011663340714689545,-0.3414958762074367,-0.3137703482433149,-0.7999250176288537,0.16579592802706977
15,171,1,0.7245762711864406,0.49465410765719137,0.4937123656272888,0.009998652995207198,0.48485558677721374,-0.5659702639420306,-0.7057570806104831,-0.7318770523774907
15,172,1,0.7288135593220338,0.49279159503707254,0.492218017578125,0.012072174685974761,-0.6532916103565581,-1.0310410094137534,-0.775836910492715,0.4098647216129361
15,173,1,0.7330508474576272,0.4944970922566274,0.5089004039764404,0.010228655046287276,-0.034791040871162415,-0.03251062415636692,0.006510148131136291,-0.24521082610642114
15,174,1,0.7372881355932204,0.4940310218144963,0.48799002170562744,0.010817964027874306,0.392928499642373,-1.069561743569675,-0.9741155053978338,-0.401074285043072
15,175,1,0.7415254237288136,0.49335547214906983,0.5199921727180481,0.01146049286478789,-0.37656651247371736,-0.243353278911316,0.5266762947928028,0.7139747427513793
15,176,1,0.7457627118644068,0.49287042664584196,0.49589604139328003,0.011620879490985385,0.6490734370544847,-0.05793722693671116,-0.6033501304463316,0.23998543680184736
15,177,1,0.75,0.4936021988130198,0.49413689970970154,0.010908815225999909,-0.5289120634877581,-0.968929243824766,-0.6858478792090155,-0.20537987007614314
15,178,1,0.7542372881355932,0.49371233552587274,0.507007360458374,0.010574955152245068,0.4973129353643332,0.39576406548414267,-0.08226714025224224,-0.09306445193747317
15,179,1,0.7584745762711864,0.49454598396765165,0.5050133466720581,0.00966163513831026,0.38713618810420014,0.14189491797200368,-0.1757795900500239,-0.658155388895888
15,180,1,0.7627118644067796,0.4938805049467953,0.5230858325958252,0.01062474211381207,-0.2745061124637807,0.8048863628318255,0.671758398034695,0.3122038136304863
15,181,1,0.7669491525423728,0.4944033407843437,0.5044533014297485,0.010354425851501987,1.3783228738570763,-0.6430263234410538,-0.20204380294833071,-0.2781093438090143
15,182,1,0.7711864406779662,0.4932045203720822,0.48487356305122375,0.0117535317565945,-0.009682404694529384,-0.9876059634155158,-1.1202667935517738,0.05681098477599278
15,183,1,0.7754237288135594,0.4939508816031214,0.5086800456047058,0.01088021673710763,-0.1669572386860888,0.13138634496477086,-0.003823908391324365,0.11940167115196772
15,184,1,0.7796610169491526,0.4940021151895528,0.5018122792243958,0.010680207559543721,0.32634277548703816,-0.04553179959604281,-0.32589874221089743,-0.15514656111289665
15,185,1,0.7838983050847458,0.49435369164366594,0.4933534860610962,0.01035903366611992,-0.7062304933767559,0.3571061741687266,-0.72258730899072,-0.5357660328583599
15,186,1,0.788135593220339,0.4933632528811632,0.49090826511383057,0.01133706014345321,0.42286621697862103,-0.1549336028362959,-0.8372598366556986,-0.03804485266189589
15,187,1,0.7923728813559322,0.49356474229958247,0.5009177327156067,0.011175253852304189,-0.9785984283391408,-0.11958499277336582,-0.36784992432858465,0.10483049717253218
15,188,1,0.7966101694915254,0.49387651414956707,0.49681732058525085,0.010766947176434859,-0.1085751343320278,-0.6250149619857245,-0.5601452766082431,-0.223042664054299
15,189,1,0.8008474576271186,0.49348152178825944,0.49737969040870667,0.011130539277746064,-0.7944759717828138,-0.2936432646468459,-0.5337720487777274,-0.0035073396489265773
15,190,1,0.8050847457627118,0.49531229274072536,0.4928075075149536,0.009081725861428531,-0.3035161549052433,0.00037499351053302363,-0.74819184178643,-1.273476286658922
15,191,1,0.809322033898305,0.49429648032524715,0.5186954140663147,0.01058479824179729,-0.798448489015188,0.16280117096389926,0.4658627341483197,0.18658671452635636
15,192,1,0.8135593220338984,0.49440728814220614,0.507236897945404,0.010656924931254468,-1.4105070513043905,-0.20546580227901837,-0.07150261451029039,-0.041162041525470226
15,193,1,0.8177966101694916,0.49296035552040746,0.5018544793128967,0.012236551051212886,-1.5734836919663386,-0.24453224683548208,-0.32391970190310676,0.7291115213322812
15,194,1,0.8220338983050848,0.49438630224375785,0.5038574934005737,0.0106803127608995,0.5984391958460712,-0.2697954283194073,-0.22998516864985,-0.10713006961373732
15,195,1,0.826271186440678,0.4926139135532425,0.49710655212402344,0.012221203827172948,-0.16764895446129469,0.2840597729068424,-0.5465813033122624,0.6090707407386365
15,196,1,0.8305084745762712,0.49318658129522286,0.5055115818977356,0.011227894392191455,-1.1103702835158658,-0.054756348131411586,-0.15241405624660256,0.2424234133324104
15,197,1,0.8347457627118644,0.4923439110819703,0.4996824860572815,0.011765387893698208,-0.20955917287867676,0.06380872065805314,-0.42577878215154236,0.410783680659205
15,198,1,0.8389830508474576,0.4916096065759568,0.5212531685829163,0.012345581290102388,-0.9615382607618662,0.7221572497571119,0.5858127026340735,1.2458554407408846
15,199,1,0.8432203389830508,0.4922416195395179,0.5097658038139343,0.01101939440959105,-0.3733051049167886,0.6353367677970498,0.04709445071420534,0.22384808156701155
15,200,1,0.847457627118644,0.4925119426514018,0.5068627595901489,0.010655997794276,0.2797133746780644,-0.06136323768663933,-0.08904842808656455,-0.05046112454038631
15,201,1,0.8516949152542372,0.49180855034752957,0.5069502592086792,0.011190730437192938,-0.18695234983292863,0.1106522679816025,-0.08494499422803811,0.2550663580200939
15,202,1,0.8559322033898306,0.4911132504765929,0.5170868635177612,0.011752190124519467,-1.0640802759610817,0.9537427362075376,0.3904271963144961,0.8113965658950298
15,203,1,0.8601694915254238,0.4918364832767504,0.5014932751655579,0.010904868299520983,-0.4011870688276584,0.2617323382835882,-0.34085894521555243,-0.035125394504936513
15,204,1,0.864406779661017,0.4918686965404056,0.5238001942634583,0.010771370970173895,-0.47658085600839545,0.25238522377590517,0.7052595252788635,0.4121703638534607
15,205,1,0.8686440677966102,0.49171344090044283,0.5137498378753662,0.010765815082387602,-0.9189137003523322,-0.6834906037293877,0.23393206824674326,0.17335351326407994
15,206,1,0.8728813559322034,0.49129872284038206,0.51726233959198,0.011156755780676687,-0.8399934556447277,0.9747044357107182,0.39865642606892515,0.47758549814494
15,207,1,0.8771186440677966,0.4925808245573698,0.5159354209899902,0.009921022154636257,-0.19318102412648835,0.6164295074488517,0.33642846656039954,-0.25484195713079416
15,208,1,0.8813559322033898,0.49108457688599305,0.5171220898628235,0.011603355146167844,0.15442877913142483,0.6151980112508366,0.39207919182566037,0.7277545409737537
15,209,1,0.885593220338983,0.4937864814163019,0.5258480310440063,0.00870542070225589,0.08281033786396112,0.2750190733299451,0.8012960900454799,-0.7122960479692351
15,210,1,0.8898305084745762,0.4932076544828164,0.5232754349708557,0.00980250776470614,-0.0355280090802603,0.4324579830050939,0.680650103146393,-0.1499913775734853
15,211,1,0.8940677966101694,0.49523921909019886,0.5113127827644348,0.008248176067932218,-0.6060577663234559,0.038600985685412995,0.11964249047183148,-1.3126219962000356
15,212,1,0.8983050847457628,0.49480735859230557,0.503864586353302,0.009344635199032801,-0.3831539739217063,-0.3670748732502893,-0.22965253334387953,-0.8649982129070566
15,213,1,0.902542372881356,0.49568656852338827,0.5193613767623901,0.009396120694528227,-0.34960899114092653,0.7405158814673318,0.49709411459880737,-0.47240542688988457
15,214,1,0.9067796610169492,0.4953437590199185,0.5237085223197937,0.010213951974769576,-0.8539829223507611,0.6766911105033804,0.7009604235932956,0.09366990635023159
15,215,1,0.9110169491525424,0.496542254955147,0.514336109161377,0.009549482173816633,0.04295587287195735,1.414579119159545,0.26142619320073923,-0.5032024487338238
15,216,1,0.9152542372881356,0.49611435923677777,0.5121588110923767,0.010303136858422886,0.4845291227898502,1.3103221685190563,0.15931833528649378,-0.1265362161073879
15,217,1,0.9194915254237288,0.49687756920649073,0.53822261095047,0.009866677049827945,-0.07634570445082182,0.6313621284091434,1.3816217077583766,0.23691229297058275
15,218,1,0.923728813559322,0.4971234857046557,0.5240839123725891,0.00991851072243858,-0.24665647171997662,0.10831767803275878,0.7185649375176821,-0.06519902983020504
15,219,1,0.9279661016949152,0.49603109432560455,0.521445631980896,0.01145583377267407,-0.762230380318075,0.6008694654398082,0.5948385799700284,0.7454117199517053
15,220,1,0.9322033898305084,0.49709836436011645,0.5134689807891846,0.010260773580776546,0.06530411058117991,0.6104879760290444,0.22076082823218157,-0.11985731731738014
15,221,1,0.9364406779661016,0.4958125220649099,0.5115929841995239,0.011792617156817793,0.21884885109335794,0.18303622934550226,0.13278298268500097,0.7055179332471253
15,222,1,0.940677966101695,0.49715071454967585,0.5099119544029236,0.010188162886656617,0.6930103180468861,0.2849031435258622,0.05394841517000018,-0.24447212834072063
15,223,1,0.9449152542372882,0.4964393735910808,0.5016239285469055,0.010906311056506697,0.5952230407230344,0.4344569756487914,-0.334731746974483,-0.031242990348541083
15,224,1,0.9491525423728814,0.496309073513787,0.5072506666183472,0.011138680950169587,0.4640685580372644,0.08394164072939422,-0.0708569106810536,0.23257085674463668
15,225,1,0.9533898305084746,0.4954441279883466,0.5114108920097351,0.01180630376402763,0.7323767032161977,0.6982131115942835,0.12424347966197762,0.7090157150196144
15,226,1,0.9576271186440678,0.49537046780016053,0.5085351467132568,0.011787865433072857,-0.31175209787358277,0.10775737644503629,-0.010619172499006771,0.6311201192193274
15,227,1,0.961864406779661,0.493724600416196,0.5092787146568298,0.012988671129658576,-0.11360785144415673,0.1574899788302798,0.024251629534451893,1.3300464166171178
15,228,1,0.9661016949152542,0.4939581786432185,0.5087063312530518,0.012076399608914844,-0.06884672969158023,0.3106624253739167,-0.002591201080963221,0.7988853385294381
22,8,0,0.03418803418803419,0.4809457723700425,0.540579617023468,nan,0.7274150970716133,1.6352533158365623,1.4921572585087646,nan
22,9,0,0.038461538461538464,0.48182791367241257,0.5312631726264954,nan,0.6633990646980015,0.9211051687227022,1.0552477722532356,nan
22,10,0,0.042735042735042736,0.4799574081137662,0.524736762046814,nan,1.6511401008416744,1.0871995706331892,0.7491813619403253,nan
22,11,0,0.04700854700854701,0.4804899257228838,0.526423990726471,nan,1.2642608819156467,0.5649576355517196,0.8283066359412162,nan
22,12,0,0.05128205128205128,0.4795540602397251,0.5422031879425049,0.012073705552562007,1.2436904183950375,2.018954846878773,1.5682972005199374,1.58280058682407
22,13,0,0.05555555555555555,0.47981692102484874,0.5244426727294922,0.011462916734859004,1.0854103339077348,2.06504548894382,0.735389575388575,0.8197069972657629
22,14,0,0.05982905982905983,0.4790563723770074,0.5121160745620728,0.011720717220809397,-0.32061834259970334,0.405502223808257,0.15731413768665492,0.6769782814094979
22,15,0,0.0641025641025641,0.4796598721551043,0.5235286951065063,0.01089195850852278,1.6833598337727607,0.7666224335702768,0.692527140247809,0.47424097992022907
22,16,0,0.06837606837606838,0.47876420824415533,0.5300828814506531,0.011580109027526868,1.4494887907856204,1.7790261195986672,0.999896139237881,1.018470190665901
22,17,0,0.07264957264957266,0.4798628330580976,0.5177929997444153,0.010284021214692136,0.7307120601123144,1.01740408587507,0.42354257841392573,-0.005272758251722104
22,18,0,0.07692307692307693,0.47882137824609367,0.5283253788948059,0.011336954035008333,0.09199658194403207,1.6280744517438677,0.9174752599786776,0.8392624761381638
22,19,1,0.0811965811965812,0.47936111436727613,0.5139639973640442,0.010738469381097411,0.16980167738787008,0.8497309175116774,0.24397541828331376,0.16285573618665267
22,20,1,0.08547008547008547,0.4787847744078018,0.519252598285675,0.011240119893614682,0.6070112997518939,0.6736999171314244,0.4919927748223695,0.5715651436561352
22,21,1,0.08974358974358974,0.47886447443662633,0.5039847493171692,0.011165561405701803,0.5327229648848036,-0.1512216048176344,-0.2240172999250857,0.1712460742079126
22,22,1,0.09401709401709402,0.4779980158307405,0.49935847520828247,0.011782430356219835,0.5153395656368721,0.44268348698102944,-0.44097378654864705,0.4128582537126501
22,23,1,0.09829059829059829,0.47750786922189625,0.49679744243621826,0.01206673636122576,0.5443269818613887,-0.21723797209606285,-0.561077494041362,0.5141580280847347
22,24,1,0.10256410256410256,0.47520536787422424,0.5171730518341064,0.013905926422552804,0.12613954331552726,0.11525141018082466,0.3944691345702381,2.0357232623262127
22,25,1,0.10683760683760683,0.4755044872356617,0.5069563984870911,0.01271195542772096,0.26198088522582336,0.17014929282788488,-0.08465708299681997,1.1185481420120098
22,26,1,0.1111111111111111,0.4747418697845988,0.5191951990127563,0.012634576078542674,1.0302346877265909,0.5399308313001149,0.48930094457321355,1.3616122058739615
22,27,1,0.11538461538461539,0.474645261910491,0.517396092414856,0.011917147441115071,0.3909955742518443,1.4558371600304858,0.40492897755293966,0.9122653581206402
22,28,1,0.11965811965811966,0.4737855509525989,0.5166871547698975,0.01206120657115587,0.3417512292272557,0.12372888993256344,0.3716822184839251,0.9773995734597446
22,29,1,0.12393162393162394,0.4734865599272924,0.5210258364677429,0.012005243366056038,0.12080945306639392,0.13319565217512475,0.5751516013149863,1.0473735771001575
22,30,1,0.1282051282051282,0.4735171581751235,0.5058776140213013,0.011470163291132575,-0.09594647295946017,-0.18957599943970074,-0.13524839730572324,0.388500634754921
22,31,1,0.13247863247863248,0.47312249519145116,0.49584731459617615,0.011558648372436107,0.8278625710449717,0.011070333713673346,-0.6056352511407085,0.2035249720813465
22,32,1,0.13675213675213677,0.47243817584220615,0.5119853019714355,0.011862276041921159,0.556987966401022,1.1787242513401714,0.15118134893624144,0.7542504864966351
22,33,1,0.14102564102564102,0.4711120979710857,0.5112968683242798,0.01285151013544341,1.283658014471771,0.8070400220596339,0.11889615747440195,1.2995259711779121
22,34,1,0.1452991452991453,0.47140577604922146,0.5180859565734863,0.011964216568256004,0.7612154328722122,0.6264040430052865,0.4372812551269077,0.9551545461031391
22,35,1,0.14957264957264957,0.4721318287683787,0.5306525230407715,0.010710318317623223,1.4461304137274944,2.00353488026666,1.0266103881383832,0.5381967034014109
22,36,1,0.15384615384615385,0.47217443532791326,0.5216675400733948,0.010420045152320624,1.6808612529585825,1.0393959231931778,0.6052453131139616,0.1627760070181202
22,37,1,0.1581196581196581,0.4732495848721471,0.5228631496429443,0.009278960479513577,0.92709469393666,0.8212781025101445,0.6613153265800255,-0.4567865274072918
22,38,1,0.1623931623931624,0.4746512249419942,0.5384920835494995,0.008411692134931793,1.9472138465300413,1.7776545480037214,1.3942590541305824,-0.5825137623142275
22,39,1,0.16666666666666666,0.47476999643234447,0.5201027393341064,0.009104282867774628,2.1482898042123257,0.4527951796969588,0.5318614922094013,-0.6206478861930662
22,40,1,0.17094017094017094,0.47626266766636494,0.526714563369751,0.008271153549745648,2.4518108075926293,1.0779341667737157,0.8419335024673172,-0.9384361251189679
22,41,1,0.1752136752136752,0.47683470848176807,0.5049259662628174,0.008721170818955466,2.297781219574466,-0.3374635179866427,-0.17987743339920628,-1.1939441769234131
22,42,1,0.1794871794871795,0.4789573393192832,0.5061872005462646,0.007494820883845544,2.253029794772009,0.9451981369947695,-0.12072984453924755,-1.86035835034803
22,43,1,0.18376068376068377,0.4798833565689856,0.49903297424316406,0.0076453322284653685,0.26918895148147365,0.06776001414647115,-0.4562386723125523,-1.9426933567051134
22,44,1,0.18803418803418803,0.4817236408724013,0.5021615028381348,0.007083387959209936,0.7793164064290022,1.0703058941158687,-0.309521345087528,-2.1882538195257655
22,45,1,0.19230769230769232,0.482771987752957,0.5145871639251709,0.007400284380163386,0.6441279924934332,0.6610960496451043,0.27319980587929055,-1.7170456412290398
22,46,1,0.19658119658119658,0.48355233492997496,0.5058268904685974,0.008104257020942647,-0.3436809223010778,-0.9032718197509723,-0.13762715903161288,-1.522934914766688
22,47,1,0.20085470085470086,0.4842944164712337,0.5077319145202637,0.008510924382356823,-0.5121363397806616,-0.7325607662166468,-0.04828802445915819,-1.247470219303548
22,48,1,0.20512820512820512,0.4848760039027563,0.501569926738739,0.009032101926396259,0.08504386870820074,0.033791730390794916,-0.33726424770733376,-1.096175463915095
22,49,1,0.2094017094017094,0.4865608794994487,0.5020944476127625,0.008135317087292628,0.02029410044219754,-0.5857559137584811,-0.3126660065935513,-1.5928268801514416
22,50,1,0.21367521367521367,0.48566023353768883,0.5015891194343567,0.009983185985675415,0.532412662480973,-0.00037499351053302363,-0.3363641757029431,-0.555958561437494
22,51,1,0.21794871794871795,0.4868490476455607,0.5007415413856506,0.009321346529732023,-0.6963331396212397,-0.47147189928770866,-0.3761126971390779,-0.9514452675109275
22,52,1,0.2222222222222222,0.4863606214830355,0.5011693835258484,0.010448430485838968,-0.37489540473642086,-0.2722467477656932,-0.3560483591033131,-0.3017613565601205
22,53,1,0.2264957264957265,0.48687032672471736,0.499823659658432,0.010309879639226895,-0.3729333884955331,-0.34998567482475323,-0.41915822146086124,-0.41194777734665267
22,54,1,0.23076923076923078,0.4862208675437713,0.4952077269554138,0.011036700626490127,0.5948707182020183,0.4466435351817556,-0.635629731398827,-0.10769224623417434
22,55,1,0.23504273504273504,0.48533844582279384,0.5015596747398376,0.012059280848988198,0.6873796223440417,-0.9461553188737954,-0.33774503151092133,0.6215930471461804
22,56,1,0.23931623931623933,0.485340674563591,0.5034635066986084,0.011679401652499345,0.7748170215734572,-0.21855701541715955,-0.24846180203190704,0.45064256828736654
22,57,1,0.24358974358974358,0.485544557758076,0.49440819025039673,0.011220531728153217,0.17269460084024993,0.08231618247751178,-0.6731252775693131,-0.022110715576683038
22,58,1,0.24786324786324787,0.48479545422481396,0.49264010787010193,0.01163819301975489,-0.6417425427639848,-0.5866751585508384,-0.7560423145328001,0.17346525770539367
22,59,1,0.25213675213675213,0.48538516379837615,0.49709248542785645,0.010692130116453362,0.3429019339747945,-0.8854092884048816,-0.5472409834148593,-0.2590512964298912
22,60,1,0.2564102564102564,0.4856389118659286,0.4954696595668793,0.010450061542796464,0.2736560131699529,-0.6679889264690654,-0.6233459847426318,-0.4344844988311031
22,61,1,0.2606837606837607,0.48613980142560453,0.5030226111412048,0.010023731308704993,0.7022676730945014,0.0281420227145931,-0.2691383008408444,-0.4993350165334358
22,62,1,0.26495726495726496,0.4866993957314968,0.49807554483413696,0.009612947919694866,0.041233048067355726,-0.0481261126766954,-0.5011388481092214,-0.84846637939458
22,63,1,0.2692307692307692,0.4872332459770693,0.5032666921615601,0.009555083050793063,-0.013625831076544356,0.19220241313214995,-0.2576917329589195,-0.7595827571136958
22,64,1,0.27350427350427353,0.486897366495625,0.5103066563606262,0.010352983076910661,-0.13158599696609713,0.3275181648045684,0.07245859160812149,-0.14167696155832699
22,65,1,0.2777777777777778,0.48916404103665834,0.49786582589149475,0.008400922193301387,-0.15919644627361507,0.49025075718872035,-0.5109739516727263,-1.5412425090173112
22,66,1,0.28205128205128205,0.4883830064211892,0.4939618706703186,0.00993801671153393,0.5424069857376863,-0.43035685205113455,-0.6940561445534044,-0.760439375220286
22,67,1,0.2863247863247863,0.4898038485023887,0.48814162611961365,0.00893807730275762,0.31681390583607083,-0.44346265637645604,-0.9670057751395491,-1.4644078374466618
22,68,1,0.2905982905982906,0.48948710455075484,0.4999632239341736,0.0098974718857213,0.14472859669500932,-0.22089452360343934,-0.4126131326463247,-0.6427281945551979
22,69,1,0.2948717948717949,0.49048962096939386,0.4933440685272217,0.009542389980864714,0.09556829190479152,0.38997720064844626,-0.7230289592288993,-0.9994550432724676
22,70,1,0.29914529914529914,0.4900140838779966,0.49151208996772766,0.010349322055445871,0.9843196289097691,-0.2116612203557624,-0.8089425092007926,-0.5844552442776825
22,71,1,0.3034188034188034,0.49220590857403285,0.49416837096214294,0.008565266723611499,0.2885634578206521,0.22636038232116973,-0.6843719847421885,-1.5346713973416142
22,72,1,0.3076923076923077,0.4910984606436584,0.5089232921600342,0.010273229671896929,0.49830848890995666,0.4815223090174809,0.007583525925192253,-0.21937678756411347
22,73,1,0.31196581196581197,0.4936354135785672,0.5078211426734924,0.00813911576021404,-0.816992289960778,-0.5669245275836204,-0.04410352821514315,-1.4563897875867642
22,74,1,0.3162393162393162,0.4926312306262821,0.500585675239563,0.009929746864792484,1.2303571119804375,-0.8771185758490504,-0.38342228810641216,-0.609815816860696
22,75,1,0.32051282051282054,0.49488689463096086,0.48596784472465515,0.00832836954718514,0.09423011278827169,-0.9426884527997625,-1.0689487130281452,-1.8614055503178546
22,76,1,0.3247863247863248,0.49373228969496674,0.4771875739097595,0.01015322099741122,-0.37264894462535497,-1.3325036912705077,-1.4807134858815116,-1.0316335805794512
22,77,1,0.32905982905982906,0.4949916517692967,0.48892709612846375,0.009552316185908329,0.14800293351876437,-0.6193973549213193,-0.9301699090716599,-1.097392118558862
22,78,1,0.3333333333333333,0.49401231995338873,0.4883861839771271,0.010870707549498669,-0.782044481729347,0.11134389025394746,-0.955536845220248,-0.36185152781258423
22,79,1,0.33760683760683763,0.49492765622177753,0.490195631980896,0.010300643612886566,0.34881707354781694,-1.2243071200913451,-0.8706799015143786,-0.6429503212457083
22,80,1,0.3418803418803419,0.4944461912599666,0.48335686326026917,0.010792298972401658,-0.760856645717783,-1.4704575295851197,-1.1913948439360136,-0.52427959279094
22,81,1,0.34615384615384615,0.49511157996128247,0.4953421652317047,0.010305385662335749,-0.7203072326338666,-1.0222045864573799,-0.6293250344860842,-0.5195816417298178
22,82,1,0.3504273504273504,0.493938754512619,0.48648327589035034,0.01150819315899567,0.0027943377928294614,-1.092688775250408,-1.044776748251846,-0.04468052457076116
22,83,1,0.3547008547008547,0.4952619820639985,0.4891744554042816,0.010166574247423683,-0.9986258626530463,-1.3929754074204324,-0.9185696021827737,-0.7429832950009774
22,84,1,0.358974358974359,0.4942883192283919,0.4877017140388489,0.011223818543585555,-0.3329528631519731,-0.36877036920063705,-0.9876361522463981,-0.17750079301429245
22,85,1,0.36324786324786323,0.49450274726122156,0.4869212508201599,0.010969922502862238,-0.5678550151685092,-0.9686520112683408,-1.0242372169218377,-0.33989444622253284
22,86,1,0.36752136752136755,0.4941367584080836,0.49051618576049805,0.011183703180985001,0.8572023097905045,-0.7307631319560371,-0.855647021888251,-0.1342728207111808
22,87,1,0.3717948717948718,0.49401205691806405,0.49188941717147827,0.011357905644870665,0.2878652774120331,-0.7959127827159574,-0.7912471494995653,-0.003208102643481592
22,88,1,0.37606837606837606,0.4931616275843639,0.48214977979660034,0.011895853692087212,-0.3111444223327477,-1.068928486046051,-1.2480029439264415,0.07371459785545598
22,89,1,0.3803418803418803,0.4934533569734243,0.48139598965644836,0.011322451392019796,-0.8504370709236542,-1.1266395495814678,-1.2833531321361518,-0.26938237638453444
22,90,1,0.38461538461538464,0.49247307040962085,0.47531306743621826,0.012040390383873924,-0.9619293710833611,-0.8301203619413902,-1.5686214500618918,-0.004566030659813869
22,91,1,0.3888888888888889,0.4933544289056414,0.4897940456867218,0.010743109888237685,-0.51452178951011,-1.4858745779597964,-0.8895129298671183,-0.401254819993778
22,92,1,0.39316239316239315,0.4936025557637425,0.4866640269756317,0.010330576027030892,-0.3250983335550089,-1.3102696402452072,-1.036300138458943,-0.7087729555612563
22,93,1,0.3974358974358974,0.4937824111574754,0.4895744025707245,0.010260952678142678,-0.396202836466128,-0.6147865397723529,-0.8998134433335147,-0.6800428103241056
22,94,1,0.4017094017094017,0.49005142773784455,0.4788929224014282,0.014074199643786315,0.13095246289160947,-0.8195359147608199,-1.4007384544603263,1.2336192382579036
22,95,1,0.405982905982906,0.4891756401985281,0.4855384826660156,0.014344576515158684,-0.48242811693057996,-0.8254336726190863,-1.0890843300580466,1.5428927547490026
22,96,1,0.41025641025641024,0.49027387798631533,0.49551957845687866,0.012201641550593119,-1.3146139115705886,-0.8116975290075771,-0.6210049589548144,0.5607567725464846
22,97,1,0.41452991452991456,0.49094769338304084,0.4854063391685486,0.010695656709510844,0.5230906610992262,-0.9355971358301497,-1.0952814096659165,-0.5310700691302552
22,98,1,0.4188034188034188,0.49021505865822484,0.5061535835266113,0.010719611990718199,0.45022131326632,-0.8221769196404494,-0.12230636817426724,-0.0309872547332771
22,99,1,0.4230769230769231,0.4906891924757389,0.5024327039718628,0.01028638590329923,0.46344148859618983,0.10434887511972445,-0.2968029363298336,-0.36410348854703833
22,100,1,0.42735042735042733,0.4896611203704256,0.495583176612854,0.011692846077915216,1.7110446263645298,0.1508860075124881,-0.6180224222197683,0.27349234651999965
22,101,1,0.43162393162393164,0.4902600455287288,0.49617671966552734,0.010940731515639575,1.4382209347465187,-0.30573352234442036,-0.5901872761957859,-0.13943617945292278
22,102,1,0.4358974358974359,0.4894404643376342,0.4864833354949951,0.01158840074315614,-0.010665028973326557,-1.7791837044202141,-1.044773952997174,0.0008409256191963532
22,103,1,0.44017094017094016,0.48972732243671646,0.48904916644096375,0.011107894063926226,-0.4702940000141175,-0.675281601821766,-0.9244452275033613,-0.21169572269385395
22,104,1,0.4444444444444444,0.4895684357371977,0.49058663845062256,0.011026313253689392,0.37326631711630975,-1.3507543481955935,-0.8523430308659226,-0.22194402123332088
22,105,1,0.44871794871794873,0.49007833687506197,0.4831303656101227,0.01049324095751817,0.07121278552078922,-1.4100996246952011,-1.2020168116896923,-0.699314383951817
22,106,1,0.452991452991453,0.49119040435943867,0.47536325454711914,0.009335746309724759,-0.6802846871731213,-0.8748511053612359,-1.5662678456280503,-1.5383505629239245
22,107,1,0.45726495726495725,0.4911317224000472,0.49016648530960083,0.009831913274567332,0.6585376603713207,-0.5351653495670377,-0.8720467810489967,-0.9096513684664396
22,108,1,0.46153846153846156,0.49047237981789565,0.4834737777709961,0.010842355847551548,-0.013548255475586683,-0.5429541252838676,-1.1859119518968448,-0.49312946682177805
22,109,1,0.4658119658119658,0.49217793109697766,0.48796024918556213,0.009362790588644011,0.5355997267536506,-0.5915486150690497,-0.9755117351065081,-1.2276241212130685
22,110,1,0.4700854700854701,0.49189975086714444,0.4991947114467621,0.010165869373956214,-0.3409205238336673,-0.7733110337737141,-0.448653748760024,-0.5084254037429208
22,111,1,0.47435897435897434,0.49244750728218123,0.48821765184402466,0.009795449585845807,0.9120224011339257,0.22507343961186962,-0.9634404278053866,-0.976042357422669
22,112,1,0.47863247863247865,0.49153020542192233,0.48536327481269836,0.01104169766663824,0.43386579073107756,-1.4097465179654385,-1.0973009811664516,-0.33569191074615223
22,113,1,0.4829059829059829,0.4915108827266512,0.4874038100242615,0.011325476762916016,0.6166759267045372,-0.28933594619122927,-1.0016068350971576,-0.12679224506772674
22,114,1,0.48717948717948717,0.4913420169642862,0.4921313226222992,0.011327580432699429,-1.4355251826132396,-0.8040692563497301,-0.7799026084131692,-0.014746240149048684
22,115,1,0.49145299145299143,0.4910325344536757,0.4888206720352173,0.011497629467595395,-1.349619901502738,-1.73593834385532,-0.9351608362885528,0.004132240397105302
22,116,1,0.49572649572649574,0.4920858691016738,0.49103018641471863,0.010090551612470862,-0.6525708037309932,-0.6894671539984277,-0.8315421432240803,-0.7426145420874128
22,117,1,0.5,0.4911951863063313,0.49310243129730225,0.011120150327751245,-0.16513097974687693,-0.2883233178009183,-0.7343609216692714,-0.10969779646215505
22,118,1,0.5042735042735043,0.4935651626785489,0.4799480736255646,0.008671249850453679,0.03310377155033306,-1.7844832236040893,-1.3512554586288794,-1.8079647386550017
22,119,1,0.5085470085470085,0.49196796864282805,0.4826529920101166,0.010824230314740217,-0.13787608527708167,-1.209459128016699,-1.2244040063579065,-0.5226622420566694
22,120,1,0.5128205128205128,0.4944357252372775,0.49843713641166687,0.008590332267578805,-0.33849628630374007,0.06527659408838862,-0.4841814356414076,-1.4203507238985233
22,121,1,0.5170940170940171,0.4935694498566748,0.4907721281051636,0.01004407168208251,0.16318512508952202,-1.2413583814302125,-0.843644198326594,-0.7750442331594636
22,122,1,0.5213675213675214,0.4916355787696135,0.4903779923915863,0.012571508656729631,-0.9258146965208585,-1.1806473698105315,-0.862127819845331,0.6501052937441377
22,123,1,0.5256410256410257,0.4915332696127029,0.491593599319458,0.012191421836406403,0.443957083488988,-0.7142750904423283,-0.8051199984368043,0.4628992785035142
22,124,1,0.5299145299145299,0.4914844139617314,0.49189284443855286,0.01213160272984657,-0.5562057457580322,-1.6780667772609201,-0.7910864223559241,0.4359670465933609
22,125,1,0.5341880341880342,0.49215150955377246,0.48432883620262146,0.010726679318919026,-0.9730485405539607,-0.4712851320918012,-1.1458126259993715,-0.5387294767653112
22,126,1,0.5384615384615384,0.4929987861782351,0.48987188935279846,0.00952491761873079,-0.2777125706366978,-0.36933650726323164,-0.8858623272654591,-1.0907877826245946
22,127,1,0.5427350427350427,0.4924486973018465,0.4884154498577118,0.010415808347274798,-0.5151908790683699,-0.842344858561023,-0.9541643751762858,-0.6193333427657439
22,128,1,0.5470085470085471,0.4926842493278771,0.48968860507011414,0.010409113243530103,0.8429380961644126,-0.874425042695572,-0.8944577353819229,-0.5932796819352284
22,129,1,0.5512820512820513,0.4928683066046297,0.491529256105423,0.01052501480831388,0.7006256562075641,0.18410722248453432,-0.8081374758552506,-0.48434216495508753
22,130,1,0.5555555555555556,0.49475277023912395,0.48384562134742737,0.00881975043653397,1.8150153255480492,0.5733621593675571,-1.1684737556254434,-1.6322956414648098
22,131,1,0.5598290598290598,0.4940232101041683,0.48362287878990173,0.009987806586711827,0.3216009668785005,-0.7777846917631859,-1.178919622334785,-0.9746139641306224
22,132,1,0.5641025641025641,0.49520186297704843,0.5021882653236389,0.009202781914412157,-0.31274441910249967,0.3258751971280696,-0.30826627573979065,-0.9848107998636811
22,133,1,0.5683760683760684,0.49561829384737827,0.49944162368774414,0.009415754456375165,-0.6002040407678583,-0.5334085706305327,-0.4370744062811781,-0.9283469770658885
22,134,1,0.5726495726495726,0.49594652653473975,0.4949917793273926,0.009775018579700818,-0.8499102033004834,-0.8657695504602338,-0.6457569390755581,-0.8287957818109546
22,135,1,0.5769230769230769,0.4954220114079965,0.49982061982154846,0.010597972780347999,-0.3443338502758048,-0.9114983310832103,-0.4193007794491343,-0.24851812230783546
22,136,1,0.5811965811965812,0.4967169131824793,0.4906715154647827,0.009652771331822275,0.10123454309140811,-0.6046631741066794,-0.848362588212965,-0.9994773466485831
22,137,1,0.5854700854700855,0.49771787259219635,0.4818260371685028,0.009030574473462873,-0.4142003758883078,-0.17232629795518167,-1.2631853696775222,-1.5600028972607327
22,138,1,0.5897435897435898,0.49873776411458143,0.48910456895828247,0.008535577637282361,-0.46413320437139577,-0.40777261253350755,-0.9218470382857181,-1.6702583129135047
22,139,1,0.594017094017094,0.49965942993230533,0.4882637858390808,0.008311721214518904,-0.42428197169609855,-0.8821408624765005,-0.9612769006892425,-1.8170180396583702
22,140,1,0.5982905982905983,0.49994674808309314,0.4884415864944458,0.009083757694808271,-0.0049632223029376955,-0.44922909355010004,-0.9529386560026047,-1.3746965713632826
22,141,1,0.6025641025641025,0.4997484448563113,0.5007316470146179,0.010089519646743574,-1.194151932550151,-0.7310345280375903,-0.3765767094146334,-0.5157174946632089
22,142,1,0.6068376068376068,0.4994231188589028,0.4980463981628418,0.01092248871018086,-0.6889828514305002,-1.012180440864532,-0.5025057276438395,-0.10594870869634013
22,143,1,0.6111111111111112,0.49994379361967095,0.505079448223114,0.010573152635492987,-0.4478972775542964,-0.15761254480259407,-0.1726796526187529,-0.13929368690956181
22,144,1,0.6153846153846154,0.4993114203898308,0.497109055519104,0.011276616787174586,-0.7438255689908675,-0.29703425654754145,-0.5464639026160376,0.07304981519161563
22,145,1,0.6196581196581197,0.5000961702362559,0.5259513854980469,0.010333035017433913,-0.2604746256405619,0.0010286786962092672,0.8061430616467639,0.21384419048102038
22,146,1,0.6239316239316239,0.49954539369793544,0.4965193569660187,0.01097074290074048,-0.34190314811246447,0.17417937872707637,-0.5741187547136747,-0.11436961632339024
22,147,1,0.6282051282051282,0.5007795721750465,0.5084782838821411,0.009767133133387541,-0.7517318156551368,-0.8924334859134653,-0.013285845456114552,-0.5170354468458133
22,148,1,0.6324786324786325,0.4996216528513524,0.4984530508518219,0.011133997095925587,-0.6535760542267363,-0.6463064223191793,-0.48343510264397804,0.023623542171825385
22,149,1,0.6367521367521367,0.5002572985263248,0.5089741349220276,0.010575909536333535,-0.4844353856053597,-0.2788244549465604,0.00996787816042594,-0.04640530300558617
22,150,1,0.6410256410256411,0.5001694887912385,0.5068033337593079,0.010704001343937182,-1.0850321528530662,-1.2566411908828308,-0.09183529699456922,-0.024611198822890028
22,151,1,0.6452991452991453,0.5002185069197334,0.5160878300666809,0.01081100698876803,0.2077652371065306,-0.9965532793944594,0.3435759327567566,0.2538231193067243
22,152,1,0.6495726495726496,0.49946389094736043,0.5012478828430176,0.011425356647312652,-0.6496455571115476,-0.4521385762738465,-0.3523670087002618,0.25451230257361046
22,153,1,0.6538461538461539,0.5001601782701066,0.5148339867591858,0.010689628848568479,-1.466969159534749,-0.0883189968834762,0.2847749554761284,0.15553713337000907
22,154,1,0.6581196581196581,0.49863054252966466,0.49337202310562134,0.012194984524955883,-1.4120941188073162,-0.31115560750060994,-0.7217179847877215,0.5066222109568356
22,155,1,0.6623931623931624,0.5003495606764694,0.526271402835846,0.01009122981275768,-1.8379841680649331,0.5074975404358034,0.8211507839808432,0.08411681919058811
22,156,1,0.6666666666666666,0.49956228910212785,0.5016189217567444,0.010911264826283247,-0.05690331946080539,-0.5081016155850667,-0.33496654836693274,-0.028548987821842037
22,157,1,0.6709401709401709,0.5001079791270395,0.508773148059845,0.01039017434006343,-1.149161316311408,-0.3622918820925957,0.0005422794063720225,-0.1565280331945042
22,158,1,0.6752136752136753,0.4995902180969679,0.5120717287063599,0.010894885584368276,-0.6699768291958706,-0.2522655760410269,0.1552344682106715,0.2072558415020668
22,159,1,0.6794871794871795,0.5003227182584186,0.5102075934410095,0.010402304314743434,-0.5824133696148989,-0.2822125286098198,0.06781287834322303,-0.1160086330416307
22,160,1,0.6837606837606838,0.49950723536919167,0.5089472532272339,0.011211076599457616,0.4898204252385047,0.14584037498554958,0.008707218303344588,0.313439481758383
22,161,1,0.688034188034188,0.5006989430328292,0.5083010792732239,0.01000560550258598,0.11159411813596384,-0.1137164172894599,-0.021596137596032197,-0.38585083802516185
22,162,1,0.6923076923076923,0.500054850730026,0.5288189649581909,0.010797438781836678,-0.24116799795222135,0.2559162910735313,0.9406227639176814,0.5446461970804772
22,163,1,0.6965811965811965,0.5006169162466659,0.510147213935852,0.01035153142346127,-0.26787986321531293,-0.19075496736386682,0.06498128536046602,-0.14623946871055682
22,164,1,0.7008547008547008,0.5003547896485776,0.503803551197052,0.010687207518611415,-0.3882481050512601,-0.6887025757901813,-0.23251487412802874,-0.10448195406263391
22,165,1,0.7051282051282052,0.5004049874120131,0.5244803428649902,0.0108488983250224,-0.33706113768602314,0.036864634410960474,0.737156176341292,0.4721176366748031
22,166,1,0.7094017094017094,0.5007290728536908,0.5134999752044678,0.010451323978140643,-1.466287140709663,-0.5994366108587054,0.22221436066163233,-0.01098785867984578
22,167,1,0.7136752136752137,0.5005709183918725,0.5105298161506653,0.010778033970875185,0.25778210582398936,-0.25567991384121086,0.08292402510016711,0.10478405345366493
22,168,1,0.717948717948718,0.4969099391573533,0.49464151263237,0.014427513741696017,-1.2489849531603985,-0.19022968462537698,-0.6621832531556879,1.8034124943348808
22,169,1,0.7222222222222222,0.49553007130349436,0.49428021907806396,0.014946168972748912,-0.7990400029724902,-0.19701458666420407,-0.6791266893501416,2.089292159919429
22,170,1,0.7264957264957265,0.49611489125178543,0.48992791771888733,0.013142619997328152,-1.2225607640841916,-0.21584305460162873,-0.8832347878737596,0.9636735061413563
22,171,1,0.7307692307692307,0.4970418381777295,0.48876771330833435,0.011062127670907702,-1.074381669304919,-0.677528644647528,-0.9376444200646432,-0.24426903003449638
22,172,1,0.7350427350427351,0.49604444113909035,0.4839271903038025,0.011177254656011111,-0.08164993616630262,0.36604181719792594,-1.164648449606783,-0.29243325327205455
22,173,1,0.7393162393162394,0.4967364493888556,0.49217501282691956,0.010268871901680153,-1.150069597305954,-0.6041437278430616,-0.7778536867385779,-0.6145685506604086
22,174,1,0.7435897435897436,0.49655986244339995,0.5107723474502563,0.010747053368476082,-1.2328912482783883,-0.034302421942104484,0.09429791636061949,0.0928886387075031
22,175,1,0.7478632478632479,0.4949752007014777,0.5175604820251465,0.012442957908301959,-0.18489982872425692,0.7651312142404528,0.41263828993837287,1.2145321950921453
22,176,1,0.7521367521367521,0.4961967976715242,0.49553799629211426,0.010704701569192544,0.14057506972706732,-0.07809932938241279,-0.6201412252611601,-0.28836676549354656
22,177,1,0.7564102564102564,0.4952868160245588,0.499246746301651,0.011652772349266365,-0.04258738876740841,-0.4300650283075291,-0.4462134914313499,0.3366538474730108
22,178,1,0.7606837606837606,0.49622650877402097,0.502372682094574,0.010350671258730036,-0.8432225400345907,0.11169991522114614,-0.2996177577845585,-0.32902715788203263
22,179,1,0.7649572649572649,0.4948367919793559,0.5071385502815247,0.01165704963605032,-0.36732855132634135,-0.47215476684774543,-0.0761147847191246,0.524130680989123
22,180,1,0.7692307692307693,0.49624492335274967,0.504694402217865,0.01021431608212612,0.6843444769565727,-0.31464290123669525,-0.19073699780000686,-0.35197216321414077
22,181,1,0.7735042735042735,0.4951762387151365,0.5002433061599731,0.011295032140045673,0.34056173667923806,0.18805267949808022,-0.39947823094249924,0.15699388004151676
22,182,1,0.7777777777777778,0.4965377665999539,0.5042471289634705,0.009905859927872664,-1.0865157862213817,-0.4080994551263457,-0.21171258885885044,-0.5375174735889184
22,183,1,0.782051282051282,0.49555474837900304,0.4957379400730133,0.010966692605306784,-0.06107947264569337,-0.12853522698974545,-0.6107645434638665,-0.1349911669037044
22,184,1,0.7863247863247863,0.4965221450560064,0.5050667524337769,0.01017878502821521,-0.6654580504400863,0.0684895735054848,-0.1732750418638933,-0.36340605442346846
22,185,1,0.7905982905982906,0.49641568822190163,0.5052012801170349,0.010354547288134154,0.38893335619305286,0.44019714868551085,-0.16696615206914253,-0.2605015996762927
22,186,1,0.7948717948717948,0.49709022754385357,0.49648043513298035,0.009989870342873526,-0.5426558741240922,-0.9677444394257279,-0.5759440560145043,-0.671954941493065
22,187,1,0.7991452991452992,0.4965007764866865,0.5036354660987854,0.01071743663601548,-0.04241607598196022,-0.3984896992494177,-0.2403974923031272,-0.09126739157572296
22,188,1,0.8034188034188035,0.4967947875644268,0.5177803039550781,0.010659932585196034,-0.38380366957972684,1.3643183157983756,0.4229471891687853,0.20776978824293268
22,189,1,0.8076923076923077,0.49777799064204725,0.5156837105751038,0.009744890134680696,-1.1290724679800777,0.8859258164310634,0.324624106080456,-0.36070399640725526
22,190,1,0.811965811965812,0.4973562924031798,0.521111011505127,0.010507163978584526,0.3285989325482238,0.7373554303240847,0.579146020241304,0.1991687367889184
22,191,1,0.8162393162393162,0.49791376758478667,0.5063020586967468,0.0100162050118092,1.3453726373503054,0.7228605449792012,-0.1153433887862636,-0.42670894498785467
22,192,1,0.8205128205128205,0.49671872168317294,0.5194167494773865,0.011564498687948017,-0.891823654034572,0.8150885209082726,0.4996909061891146,0.7595082688078976
22,193,1,0.8247863247863247,0.4970737468372744,0.5129136443138123,0.01119045706353309,-0.6038953464467608,0.32909984949491,0.19471744045296438,0.3947424281448328
22,194,1,0.8290598290598291,0.49541375853532077,0.5104213953018188,0.012674384414293506,-2.012703815321849,-0.3033055487976229,0.0778394568517614,1.178473808544743
22,195,1,0.8333333333333334,0.49515211545964405,0.5120412707328796,0.012450394023005469,-0.7453770810100209,0.35609938225328774,0.1538060930732689,1.0893363002190006
22,196,1,0.8376068376068376,0.4952994223351743,0.5081175565719604,0.011612674116189554,-0.5801054954864082,-0.1653604651953192,-0.03020272673118404,0.5219023584320682
22,197,1,0.8418803418803419,0.4952046243174021,0.521115243434906,0.011352647296962108,0.05195141026634068,0.5863687436200526,0.5793444833230175,0.6791034539163824
22,198,1,0.8461538461538461,0.49496250560997834,0.5154529213905334,0.011127485374417788,-0.7788412558731365,0.7822174944285529,0.3138008799903917,0.4185459489827481
22,199,1,0.8504273504273504,0.49531574731422945,0.5188184380531311,0.010661430438831061,-0.26691016820334207,0.4113678810547269,0.4716321397913705,0.23296233748315856
22,200,1,0.8547008547008547,0.4962804474468688,0.5330542325973511,0.009737638269838068,0.6119147241957601,0.9499694552027189,1.1392423798927866,0.04248950390084205
22,201,1,0.8589743589743589,0.49432986604294354,0.5352345705032349,0.011933475951686943,-0.581466300819874,1.5683527226150091,1.2414927957953052,1.3398141547472977
22,202,1,0.8632478632478633,0.49525180450292633,0.5119792819023132,0.010792847923089537,0.015426231482103649,-0.8470607302576874,0.15089902821436735,0.14717888818898828
22,203,1,0.8675213675213675,0.4958648201618915,0.5325144529342651,0.010252156987361337,-0.013470679874629013,0.5601075249329968,1.1139285535829668,0.3218363870359974
22,204,1,0.8717948717948718,0.4956966608912537,0.506176769733429,0.010557584469914665,-0.3170854204394227,0.5637203028788325,-0.12121901410685118,-0.12239873805961933
22,205,1,0.8760683760683761,0.4961045508086176,0.5199187994003296,0.010003747913646978,-0.28292306516768806,1.08040883211949,0.5232353362915453,-0.11448933488018664
22,206,1,0.8803418803418803,0.4963724780653434,0.5309710502624512,0.010179491848339668,-0.9405605253362291,0.9295359566754642,1.041548229105662,0.24440672129704116
22,207,1,0.8846153846153846,0.49697962474548135,0.5116121172904968,0.009852513558806043,-0.7855871008397474,0.45693324038128436,0.13368025943471962,-0.395096609407626
22,208,1,0.8888888888888888,0.49653670729304816,0.5150846838951111,0.010574132157136686,-0.2957650594428893,0.6933425733135082,0.29653179662664764,0.09586794370599545
22,209,1,0.8931623931623932,0.4965627885915555,0.5389536023139954,0.010758062459077962,-0.14217829881352587,1.0454074923114505,1.415902711056039,0.7599390036022918
22,210,1,0.8974358974358975,0.49667611077705226,0.5299992561340332,0.01075929971931567,-0.301062826524957,1.0326927318025603,0.9959743969330359,0.5506770264112302
22,211,1,0.9017094017094017,0.49732865107098806,0.5190490484237671,0.010182667603307084,-0.8680693585579916,0.21683525532988732,0.4824469801174187,-0.033341573223476306
22,212,1,0.905982905982906,0.49722140541085674,0.4954322278499603,0.010377169844815078,-0.9218389469717777,-0.23916560819057756,-0.6251014046766609,-0.4767302908594494
22,213,1,0.9102564102564102,0.4967008653419993,0.5199512839317322,0.011068884443124684,-0.3318474108383263,0.36618481083229265,0.5247587500877966,0.4907672126952356
22,214,1,0.9145299145299145,0.4962267787330751,0.5040269494056702,0.011577490239659836,0.3368607340502158,-0.8373400813581894,-0.22203825961729504,0.4060167557082773
22,215,1,0.9188034188034188,0.4969493410208642,0.5028866529464722,0.010742594940876433,-0.005338171040899775,-0.2738867972047559,-0.2755142767477237,-0.09454774049770351
22,216,1,0.9230769230769231,0.49718193236215147,0.501062273979187,0.010415176087058185,-0.8684830950964325,0.20504849432566255,-0.36107143174893436,-0.32314569644987445
22,217,1,0.9273504273504274,0.49689681839218924,0.49262920022010803,0.010690421794844092,-0.33511205071196165,-0.10735174144142469,-0.75655384613778,-0.36467724819595887
22,218,1,0.9316239316239316,0.4961344619540818,0.5155749320983887,0.011501766495499034,0.29531253510396954,0.39684381333548285,0.31952276630401816,0.6338219210067725
22,219,1,0.9358974358974359,0.49719082339463905,0.5108440518379211,0.010422325860193461,-0.18646427001023663,0.33216108056533133,0.09766060773106043,-0.08972198001778559
22,220,1,0.9401709401709402,0.49638097125896546,0.5298503041267395,0.011292548589310746,1.056620089002319,1.1796726785068892,0.9889890555076561,0.8498180386002859
22,221,1,0.9444444444444444,0.49771403282080234,0.5151702761650085,0.009759246751677338,-0.5544085776691795,0.7540594214080615,0.30054578233566936,-0.36459537565848055
22,222,1,0.9487179487179487,0.4966425716874519,0.5213419198989868,0.011035011492181078,0.08091296795720473,-0.1902938858489702,0.5899748368407123,0.504151406811763
22,223,1,0.9529914529914529,0.49694984361179995,0.518475353717804,0.010854767001175568,-0.1261880280661258,-0.09438601251303384,0.4555426538992191,0.3346415136940447
22,224,1,0.9572649572649573,0.49674204950796,0.5116585493087769,0.011002316159305713,0.18704608701741915,-0.5244379087521007,0.13585776282422377,0.25853735181083787
22,225,1,0.9615384615384616,0.49504537608985727,0.5253024697303772,0.01278925913965711,-0.18686184496514469,0.5163018627803803,0.7757111240324741,1.5926042691943838
22,226,1,0.9658119658119658,0.49387396184301785,0.5104547142982483,0.01329350920376026,-1.1259112622410525,-0.7738917630234889,0.07940200421342099,1.5306257568860218
33,8,0,0.034934497816593885,0.4818837473201808,0.530514121055603,nan,1.2406294144739158,1.9137669784961828,1.020119806789951,nan
33,9,0,0.039301310043668124,0.48222858562131704,0.5374704003334045,nan,2.1326712498861813,1.7469780360759148,1.3463455937974749,nan
33,10,0,0.043668122270742356,0.48246095222957336,0.5304179191589355,nan,2.107045443036497,1.4569402537813145,1.0156082657493095,nan
33,11,0,0.048034934497816595,0.4826886968688413,0.5298413634300232,nan,2.4146650240007306,1.053064947343658,0.988569767306853,nan
33,12,0,0.05240174672489083,0.4823869615805018,0.5150580406188965,0.010751044751987147,2.2297635791181203,-0.2538618519185488,0.29528231778825437,0.19564606145889946
33,13,0,0.056768558951965066,0.4825743081233078,0.5254597067832947,0.010689501774261402,1.757535037555121,0.5982984982586441,0.7830850058572648,0.40462004032889076
33,14,0,0.0611353711790393,0.48380649960971267,0.5127919316291809,0.009543740913354228,1.0878184098541293,-0.8130691006025228,0.18900953041269802,-0.5426691063916241
33,15,0,0.06550218340611354,0.48364808450895364,0.5234605073928833,0.010038542859148063,1.282840238345009,0.1353288837408807,0.6893293689030173,-0.011695211555815821
33,16,0,0.06986899563318777,0.485026484593502,0.5136787295341492,0.00889998968462783,0.3162223918787686,0.4078397319945368,0.23059732942302252,-0.8872220762080838
33,17,0,0.07423580786026202,0.4849481589682248,0.5329800248146057,0.009638196063155087,1.3792311548516225,0.805715142263665,1.1357622878261209,-0.015686782202957716
33,18,0,0.07860262008733625,0.4883004494671107,0.5318047404289246,0.006879368275498405,0.9421120373553826,0.26529842443044704,1.080645456203216,-1.6089573089053837
33,19,1,0.08296943231441048,0.48692601712823425,0.5352520942687988,0.009377288078724379,0.792371733606837,0.5673885273359531,1.2423146006688792,-0.11048322127993493
33,20,1,0.08733624454148471,0.4880339596715861,0.5180181264877319,0.009088828690192695,1.2228031878371843,-0.5326644200843388,0.43410025531014806,-0.6782991836651937
33,21,1,0.09170305676855896,0.4872191969340362,0.5119978189468384,0.010655460197263593,1.318185621531348,0.4560781968125203,0.15176835241736578,0.06964216433596207
33,22,1,0.09606986899563319,0.4888100505581499,0.5079095363616943,0.009632366064602695,-0.018519558570290803,-0.051949003717927,-0.0399581655365364,-0.6068556965018309
33,23,1,0.10043668122270742,0.4879226608293618,0.5170973539352417,0.010647156066150638,0.34688738047399487,1.0414503623481604,0.3909191611367718,0.1845047414897948
33,24,1,0.10480349344978165,0.48919280712533975,0.5093490481376648,0.009626170695454607,0.003072317029594451,-0.19881222092481374,0.02755003004743636,-0.5766176443833008
33,25,1,0.1091703056768559,0.48884298686560845,0.5116210579872131,0.010265702818624274,0.7788994375738547,0.08603985344591752,0.13409954763552273,-0.16039047695012373
33,26,1,0.11353711790393013,0.4897446599221865,0.5163949131965637,0.009769977244939283,0.6642394670417096,0.3840765245527437,0.3579770848270074,-0.32978986866638504
33,27,1,0.11790393013100436,0.48990011969557806,0.527561366558075,0.009848169812556908,1.9233399553353179,-0.026560338024251475,0.8816456855927158,-0.023579094098252318
33,28,1,0.1222707423580786,0.4899351428106204,0.5223413109779358,0.010307511414068639,1.7103561429060306,-0.43389667406106885,0.6368428719264839,0.11470873517852717
33,29,1,0.12663755458515283,0.4903408220570003,0.5203397274017334,0.01008741608900885,0.3536849425079108,0.013973979962547732,0.5429754247853557,-0.057135255549125574
33,30,1,0.13100436681222707,0.49151901022053235,0.5006633400917053,0.009283686723324781,0.04531223175104662,0.2726056909703279,-0.3797800712687691,-0.9746519504725965
33,31,1,0.13537117903930132,0.4901403965827577,0.5052587389945984,0.011105887935685892,1.0681885504951318,0.28902077654813535,-0.16427152656531455,0.16725259375867724
33,32,1,0.13973799126637554,0.49179079811998827,0.508630096912384,0.009515555620250256,2.464281085446575,0.40476974621180734,-0.00616633180647774,-0.6562529814884893
33,33,1,0.14410480349344978,0.4900229263953448,0.5085132122039795,0.0117473411722357,0.002432318321693661,-0.07263347066468243,-0.011647826218310401,0.6076071382713262
33,34,1,0.14847161572052403,0.4921100011241717,0.5144909620285034,0.009580792527994937,0.5529572674679297,0.6168905889637484,0.26868826483864905,-0.4818019091594725
33,35,1,0.15283842794759825,0.49142259003456906,0.5210984945297241,0.010415951343507375,0.7621786632507699,0.4702987678384147,0.5785590167601796,0.14710950757325436
33,36,1,0.1572052401746725,0.49296395496742,0.5215013027191162,0.009195134773609233,0.8409728476068182,0.36614687374562394,0.5974493478336957,-0.5362929548637003
33,37,1,0.1615720524017467,0.4914969139623439,0.5168984532356262,0.010955464990543305,0.928995296160123,0.23051011595523943,0.38159139629623856,0.35481481684142213
33,38,1,0.16593886462882096,0.4906879890488917,0.5086985230445862,0.012132886795745278,0.7617261389118501,0.6818096989662202,-0.0029573794429979374,0.8307603114450381
33,39,1,0.1703056768558952,0.48848879025876607,0.5076489448547363,0.013976582567050928,1.3588029132661024,1.2307243242132293,-0.052179018962611054,1.8524985283475237
33,40,1,0.17467248908296942,0.4887196420947083,0.5062673687934875,0.013012280787157958,1.2813727665602264,-0.007717278899646544,-0.11697022700537966,1.2728346308548135
33,41,1,0.17903930131004367,0.4877802082350289,0.5194310545921326,0.012890636428659445,0.9235520748262597,0.9552777290989023,0.5003617673103996,1.5124640443684376
33,42,1,0.18340611353711792,0.4857922493464318,0.5158236622810364,0.013949418885427785,0.37522186872378444,0.5735781089378251,0.3311873640503607,2.0287655690221134
33,43,1,0.18777292576419213,0.4854656916576492,0.5080337524414062,0.013052041648595393,1.1336009436859817,0.14227720707612684,-0.034132854800045194,1.3368187204852335
33,44,1,0.19213973799126638,0.48351656684283306,0.5196854472160339,0.0142453918131323,1.155328576587543,0.37570993782357504,0.5122919142505841,2.2872907779443947
33,45,1,0.1965065502183406,0.4839440735004483,0.5535227060317993,0.012517116342548228,6.995555977618542,5.449162022239989,2.099144015283395,2.099872048168185
33,46,1,0.20087336244541484,0.48289359148784283,0.5313026309013367,0.01260856467150858,5.275902075706064,3.4467025124685144,1.0570982308461134,1.6307486463108414
33,47,1,0.2052401746724891,0.48158867497408253,0.5354955196380615,0.013188816720621645,2.6855848810785723,2.2041987228446507,1.253730420749412,2.0583740460079327
33,48,1,0.2096069868995633,0.4797891164705337,0.5453099012374878,0.014019121053278828,2.1766695448960074,2.0949661773756887,1.713991464535002,2.7597255535610254
33,49,1,0.21397379912663755,0.4801597993195272,0.5074552893638611,0.012716575611210472,3.8917400217185696,1.623075511015906,-0.06126080139200642,1.1328683664676382
33,50,1,0.2183406113537118,0.47894180679637366,0.5460230112075806,0.012988499589133722,4.379292976787416,3.4873302140532676,1.747433891431058,2.191540193508573
33,51,1,0.22270742358078602,0.4791167779371102,0.5447105169296265,0.011825582275529857,4.624903794052817,3.1395813682232503,1.6858823835531616,1.5007762626994299
33,52,1,0.22707423580786026,0.478930752745855,0.517859697341919,0.011393633207542005,2.76041301283566,0.6339389320651796,0.42667046839191697,0.6260270997101447
33,53,1,0.2314410480349345,0.4773572295493184,0.5387882590293884,0.01275256547290892,2.7981212195345013,2.0154091883939667,1.4081486745958534,1.8879983599206684
33,54,1,0.23580786026200873,0.4770659140861235,0.5437430143356323,0.012343238493551671,2.4402875985337085,2.746287590728728,1.640509809716921,1.7718743915614634
33,55,1,0.24017467248908297,0.4768266583362396,0.5282094478607178,0.012113521065872997,2.4470883928843308,1.1787796978514564,0.9120384896415973,1.2772676513830137
33,56,1,0.2445414847161572,0.47708175607212494,0.5278643369674683,0.011285893429770023,3.0622919993290254,1.4983412882866218,0.8958539650905972,0.7994735037806466
33,57,1,0.24890829694323144,0.4776004225608014,0.5721768140792847,0.010304977772661018,6.227250458050469,5.468346515144612,2.9739580984576923,1.28182843591682
33,58,1,0.25327510917030566,0.47783987701482267,0.549090564250946,0.010126321571510534,5.9423766897503665,2.9501644127238142,1.8912916731266052,0.6391028206233901
33,59,1,0.2576419213973799,0.4776179203016747,0.5338683724403381,0.010541769016833243,2.461077859590364,2.575512335970809,1.177422763457918,0.5179464377262526
33,60,1,0.26200873362445415,0.47712085723018394,0.5320168733596802,0.011236647579682825,2.921482586640732,2.37641558689598,1.0905937675809378,0.8688950045357161
33,61,1,0.2663755458515284,0.4785429422221223,0.5155937671661377,0.009824337877259205,1.9009141420251376,1.5670278428190403,0.3204060667803767,-0.31772419489394954
33,62,1,0.27074235807860264,0.4781527389118334,0.5364298820495605,0.010450171102878318,3.562373413952536,2.7196907747365255,1.297548832988009,0.5260250884520934
33,63,1,0.27510917030567683,0.4788753100466477,0.545150876045227,0.009805815442316741,3.372568544626059,3.464071861687912,1.7065337250700507,0.3648276331602942
33,64,1,0.2794759825327511,0.4777170488651105,0.5427460670471191,0.011278424060097124,3.6830972106262054,2.0735375598827392,1.5937563800727022,1.1441856345848886
33,65,1,0.2838427947598253,0.47752105988536747,0.5341824889183044,0.011623460948571827,2.733461956136282,1.8555685693089448,1.1921537555794672,1.1392024293640257
33,66,1,0.28820960698689957,0.47631164521506364,0.5486369132995605,0.012577405034686955,3.470362286583324,3.0169774588222857,1.8700169898178554,2.019524058366464
33,67,1,0.2925764192139738,0.47795188147415474,0.535872757434845,0.010476895351403427,2.097387280717267,1.5668264844359525,1.2714215875686312,0.5281282259720324
33,68,1,0.29694323144104806,0.47683292013688805,0.5303800702095032,0.011364999545546865,3.285060034429099,2.431663658035367,1.0138332790325764,0.9033580991278181
33,69,1,0.30131004366812225,0.4782755595529857,0.5555984377861023,0.009701327947393652,4.608124838029014,4.099404252128807,2.196488759236517,0.5505055676564254
33,70,1,0.3056768558951965,0.47694306204257075,0.5395229458808899,0.011222450374713096,4.459722713396989,3.2862607364716654,1.4426029836831809,1.0368423007599232
33,71,1,0.31004366812227074,0.4788329206752881,0.5540140271186829,0.00949044594887253,4.377266314212397,3.433958569585264,2.122185299544862,0.3936723917519923
33,72,1,0.314410480349345,0.47715153761179885,0.5600768327713013,0.01139208881264512,3.069516227168209,3.699048340039033,2.406510219018795,1.6150704876238011
33,73,1,0.31877729257641924,0.47943433413485137,0.5407030582427979,0.00918894665832027,2.5061137282629993,2.017428608699716,1.4979462309345195,-0.0895564422183357
33,74,1,0.3231441048034934,0.47723809541754914,0.5458945035934448,0.011674879021088956,3.4476520294029656,2.77318790341428,1.7414073223581814,1.4430104103688812
33,75,1,0.32751091703056767,0.48013699007113597,0.5369783639907837,0.008849742711246701,4.469364714132686,2.36637101364108,1.3232707664799437,-0.36940192370467184
33,76,1,0.3318777292576419,0.47759681167660034,0.5225332975387573,0.011715938454744286,2.45334615802825,0.7912056657316012,0.6458463872250627,0.9185323224681001
33,77,1,0.33624454148471616,0.4796763688616025,0.5354791879653931,0.009747699785942567,3.0038549455909527,1.9501778269858367,1.2529645209692784,0.10506076689445609
33,78,1,0.3406113537117904,0.4796727232198023,0.5372365117073059,0.009811854109430508,2.7827968060286548,2.6228490654210517,1.3353770144644657,0.18267639073347236
33,79,1,0.34497816593886466,0.4805986827781203,0.5151171088218689,0.009494551501675837,2.711356142180052,0.8963731064521391,0.2980524151682269,-0.5160640341247594
33,80,1,0.34934497816593885,0.4795051179595851,0.5259494781494141,0.010703539496957064,3.893382038605507,2.692472374170444,0.8060536134972591,0.4240711453143189
33,81,1,0.3537117903930131,0.4810973907005361,0.5281389355659485,0.00958834332675227,3.1700735999095904,2.518700089565697,0.9087317033645967,-0.1574948999214768
33,82,1,0.35807860262008734,0.4800796101677755,0.5204592943191528,0.010961379319246269,2.6028957550911076,2.5564971008374773,0.5485827056574293,0.4416670188641353
33,83,1,0.3624454148471616,0.48038255635335436,0.5493016839027405,0.010760154870660711,2.8088977634342043,2.419491689689583,1.9011924651749026,1.0037713828939168
33,84,1,0.36681222707423583,0.480862274759166,0.5078405141830444,0.010226404858657605,1.9507920211242138,0.7553988923912106,-0.043195070446736414,-0.27134047995729643
33,85,1,0.37117903930131,0.4811627566822525,0.5382080674171448,0.010265212135466308,3.359681297916966,0.7446539421516574,1.3809396656184036,0.4627511055932848
33,86,1,0.37554585152838427,0.48150828099353987,0.5187672972679138,0.009936029319608082,4.9335932718469255,1.8178503504479382,0.4692338112827767,-0.17992229793496026
33,87,1,0.3799126637554585,0.4810375401273274,0.5171721577644348,0.010763937892261564,1.0542152453726312,1.4828746298755322,0.39442720575015777,0.2525357239938289
33,88,1,0.38427947598253276,0.4823856394687064,0.5338988900184631,0.009579584494375883,1.8501764666821137,2.7479743319667675,1.1788539338499926,-0.02740466759881155
33,89,1,0.388646288209607,0.48033735442590286,0.5168566107749939,0.012008710714564504,2.8576378670525684,1.3945425009235937,0.37962912751648004,0.9515801576836314
33,90,1,0.3930131004366812,0.481457306285886,0.5344175100326538,0.01068240829049396,1.1196211739300679,1.0960097294526383,1.2031754447512448,0.6106395088780595
33,91,1,0.39737991266375544,0.4805646826859454,0.532819926738739,0.011562288213521128,3.1306716592565063,2.2453546254053296,1.1282542337770731,1.0725354263958424
33,92,1,0.4017467248908297,0.4800035540998366,0.5274742245674133,0.0120052024392844,1.7385387122706113,2.1386697012180433,0.8775590232622216,1.198554060983523
33,93,1,0.40611353711790393,0.47918834090697443,0.5228191018104553,0.012224894289929102,1.7779018651232164,0.5852831592938403,0.6592496333774022,1.2140806501565775
33,94,1,0.4104803493449782,0.4790592564516046,0.5220581293106079,0.012066725365566848,1.3870792198151736,0.5967926877416398,0.6235626169797135,1.1064718432505865
33,95,1,0.4148471615720524,0.48003134641617023,0.5440560579299927,0.01049512294243083,3.053936460642543,2.7325047553182418,1.655190487254374,0.730357344718001
33,96,1,0.4192139737991266,0.47947126482835384,0.5763373374938965,0.010921870462803442,6.196039207931833,4.344159744128148,3.1690724650740836,1.729489514943896
33,97,1,0.42358078602620086,0.4796017739383856,0.5271790027618408,0.010658289034900993,2.8398633574831416,0.5231217836684401,0.8637141268717029,0.42722049622641783
33,98,1,0.4279475982532751,0.47859131727877724,0.5332850813865662,0.011772103952362147,2.776455000650365,2.2362322151802227,1.150068401237523,1.2025188239245281
33,99,1,0.43231441048034935,0.48009011329870876,0.5429031252861023,0.010156323139223801,3.496385668387916,3.045118022418161,1.601121876133477,0.5110446528725956
33,100,1,0.4366812227074236,0.47951230712823395,0.5267931222915649,0.010748821030333248,2.957354837450242,-0.001746565105478713,0.8456176481250406,0.46955170224855547
33,101,1,0.4410480349344978,0.47965171219436564,0.5511271953582764,0.010619676539171598,3.546334658454537,1.9230936653418134,1.9868027300148816,0.9668511240030252
33,102,1,0.44541484716157204,0.47912603647302165,0.5405081510543823,0.011157836824510568,4.158671199980504,2.388003907754553,1.4888057481570116,1.0232736818708572
33,103,1,0.4497816593886463,0.4790562099162899,0.5269156098365784,0.011361343179803439,2.731794080715692,1.6367532898786943,0.8513618964760432,0.8200473177870464
33,104,1,0.45414847161572053,0.47853100829481143,0.5227513909339905,0.011628068955677175,3.273982885075685,2.587208631614516,0.6560742240699866,0.8737778368231386
33,105,1,0.4585152838427948,0.47973980374454583,0.5289612412452698,0.010173948797587158,3.098768693362664,2.7901136805433966,0.9472950368197949,0.19413428845733438
33,106,1,0.462882096069869,0.4796665491224153,0.5354209542274475,0.010269226307262729,1.2557243334935961,1.9779594473770772,1.250233557154714,0.39967620638980866
33,107,1,0.4672489082969432,0.4798859827031445,0.5413272976875305,0.010184920888881989,4.8145858353444435,2.6787070481845743,1.5272209331145927,0.49032420600781795
33,108,1,0.47161572052401746,0.48080453491954717,0.5181409120559692,0.00947381186919289,4.572223496369145,1.6846386479669153,0.43985847993451077,-0.4569313245936862
33,109,1,0.4759825327510917,0.47982513521458664,0.5128121376037598,0.011021593230337363,2.9635188654096702,0.6956071255638867,0.18995712174651305,0.2965273094987717
33,110,1,0.48034934497816595,0.4807066665049121,0.5337610840797424,0.010161394807522116,2.537072857678523,3.018217709732609,1.1723913050482806,0.2995576812692079
33,111,1,0.4847161572052402,0.4799651744896616,0.5038832426071167,0.01116291616839684,1.2713978372037524,0.36793867153136145,-0.22877761863153703,0.16736466852713744
33,112,1,0.4890829694323144,0.4808134380500934,0.5317040681838989,0.010334450554594289,3.8060965582613004,3.1945784709431364,1.075924271062173,0.34953815221062157
33,113,1,0.49344978165938863,0.4798352370178656,0.5115677118301392,0.011314877369458638,4.087201445281543,2.1762157440703223,0.13159779470406416,0.43379461690082166
33,114,1,0.4978165938864629,0.48081608615191007,0.5102462768554688,0.010336553686233936,1.4604237182039455,0.8005527802392843,0.06962699862536448,-0.15241689784277235
33,115,1,0.5021834061135371,0.4804116238203831,0.5448090434074402,0.010768370929510405,2.187895380817924,3.067670161323991,1.6905029395260118,0.9030894637969105
33,116,1,0.5065502183406113,0.48180750387181626,0.5032479763031006,0.009484103210757634,2.1147480537482526,-0.16465716997323002,-0.25856944292593403,-0.8003046611768889
33,117,1,0.5109170305676856,0.4811932165412202,0.5441025495529175,0.010346906996784387,2.4397801248107767,2.3265750097256026,1.65737078589855,0.6473307897774766
33,118,1,0.5152838427947598,0.48131146933571184,0.5367411971092224,0.01056814908313141,4.189394370276449,2.928627820445731,1.3121484481399732,0.6002807072342622
33,119,1,0.519650655021834,0.4807121815772604,0.5229856967926025,0.011291282637533255,2.332667613788472,1.7579418541231722,0.6670623701857001,0.6881362328156984
33,120,1,0.5240174672489083,0.4808661452574651,0.512168824672699,0.01121245839654788,2.5600449325121137,0.653394821051356,0.15978793807139327,0.3897640502286407
33,121,1,0.5283842794759825,0.4810841562288965,0.512517511844635,0.010759107771528727,0.9639463367082606,1.1247631229100847,0.17614017790271458,0.14065098114588614
33,122,1,0.5327510917030568,0.48202513689078613,0.52732253074646,0.009790862031558163,1.3930008240216092,1.783992959714832,0.8704451001219288,-0.0617031591254405
33,123,1,0.537117903930131,0.48110789323083825,0.5451425909996033,0.010886522580274609,2.9281120682059063,2.493288077972533,1.70614518467064,0.9779649604591723
33,124,1,0.5414847161572053,0.4825522733078763,0.5153533816337585,0.009541070416630971,2.332134281531888,2.080030638177961,0.3091328046881171,-0.4841230510094718
33,125,1,0.5458515283842795,0.48132173887459,0.5158381462097168,0.011193136862520124,2.922397332268691,2.48883776588255,0.3318666109356617,0.46483787443721414
33,126,1,0.5502183406113537,0.4831031175026977,0.5269374847412109,0.009471153895835784,2.9294858028061985,1.0609587796081856,0.8523877549406749,-0.25217516148478936
33,127,1,0.5545851528384279,0.48212189144548256,0.5069218277931213,0.010721875106028837,0.7795232746982227,0.49982257597897967,-0.086278330706592,-0.01168885461613501
33,128,1,0.5589519650655022,0.48365385166081903,0.5348837375640869,0.009443414444353433,2.3311257987194383,3.050248283830745,1.2250399267957912,-0.08159199192544686
33,129,1,0.5633187772925764,0.48308730880021367,0.5164801478385925,0.010285351893194496,3.947387586138873,1.7264540721881425,0.36197429900799705,-0.03530170060015503
33,130,1,0.5676855895196506,0.48259151798148553,0.5193047523498535,0.011222535193328546,0.78272003592102,-0.6251871379944517,0.49443862266038763,0.5628082571906127
33,131,1,0.5720524017467249,0.4846789541002779,0.5267820954322815,0.009007199194233158,3.2820151920915106,1.8580665805542076,0.8451005260107168,-0.5191260756855927
33,132,1,0.5764192139737991,0.48293520387442623,0.5274297595024109,0.011390215083783635,1.2208347069628833,-0.14572656372554346,0.8754737632768941,0.8484888660955596
33,133,1,0.5807860262008734,0.4839480517050108,0.5382870435714722,0.010197705306600836,2.959581903661068,2.5679599374863,1.384643378058831,0.42629094393568456
33,134,1,0.5851528384279476,0.4837321516203814,0.5327655076980591,0.010628791117429516,2.570549961808465,1.608288801927417,1.1257021662615183,0.5414736208071788
33,135,1,0.5895196506550219,0.4848507626042742,0.5039896965026855,0.009795338543260708,1.9501390931494866,-0.39095772842696064,-0.223785293787308,-0.6062778101936581
33,136,1,0.5938864628820961,0.482702228059769,0.514784038066864,0.011986825213765005,2.738727400051284,1.254032286614998,0.282432532060975,0.8905612247107213
33,137,1,0.5982532751091703,0.48422339235919004,0.5259266495704651,0.010407416960679615,1.6410778989341233,0.5890972956227638,0.8049830309578752,0.2554780131631682
33,138,1,0.6026200873362445,0.48338158538533876,0.5289983153343201,0.011318059098075713,2.96242634236285,0.9801732126658846,0.9490336852257918,0.8443182823489368
33,139,1,0.6069868995633187,0.4836322632294752,0.5525224804878235,0.01097973969517859,7.7148983637154975,4.4544983015853745,2.052236846632215,1.203914117410679
33,140,1,0.611353711790393,0.48274340132218024,0.5405077338218689,0.011563976758773832,6.664780079768444,2.5331015913126267,1.4887861813743075,1.2537596969623024
33,141,1,0.6157205240174672,0.4828644537382788,0.5328524708747864,0.01145321765827808,3.8810410534198243,2.3821907787819323,1.1297804428279965,1.0113979331204184
33,142,1,0.6200873362445415,0.48199705378525726,0.5310253500938416,0.011980882956071824,2.721292283736047,2.4784721865096837,1.0440947061118728,1.2680199139091384
33,143,1,0.6244541484716157,0.48282211673995473,0.5519802570343018,0.010809687101353958,2.688322653329037,1.6033628171353569,2.0268084148808425,1.0946902872593576
33,144,1,0.62882096069869,0.48108142725485464,0.5427497029304504,0.012347839964073938,3.2507554572222754,1.7069777555399137,1.5939268906076953,1.751194395526558
33,145,1,0.6331877729257642,0.4820019335617243,0.5426884889602661,0.01101184014037284,3.750306771905908,0.9640178502198861,1.5910561640595302,0.991541678680813
33,146,1,0.6375545851528385,0.4809008734014468,0.5242426991462708,0.011897270256511737,2.6126832100786004,1.7287565615251896,0.7260114959639454,1.0615257578237491
33,147,1,0.6419213973799127,0.48018628138702624,0.5348972678184509,0.01233781717497972,2.430293275276995,2.4156717168857873,1.2256744496063399,1.5613799612345245
33,148,1,0.6462882096069869,0.4805912343430241,0.5469511151313782,0.011273905380749745,3.229021359687301,2.8411332256379405,1.790958801929093,1.2402223683061058
33,149,1,0.6506550218340611,0.48084904298082837,0.5325774550437927,0.010893548514987826,3.6200282470476184,1.784468632416909,1.1168831377712929,0.6873213519253668
33,150,1,0.6550218340611353,0.4811204002064124,0.5480075478553772,0.010333968644179799,4.790424267962836,3.6409929244861616,1.8405018957359884,0.7315534668773565
33,151,1,0.6593886462882096,0.4812844614049858,0.5461390018463135,0.010224789146847775,3.7795398442001242,2.2855708555115988,1.7528734570228104,0.6257768220302891
33,152,1,0.6637554585152838,0.48129781061338245,0.5261120200157166,0.010485984942941014,3.1715249101108403,1.7082180064502368,0.8136762729878597,0.304414166698212
33,153,1,0.6681222707423581,0.48236151801704835,0.5346332788467407,0.009598921606864715,2.7100826093976638,2.39550669620265,1.21329426666396,0.0007898522451228462
33,154,1,0.6724890829694323,0.48220742051722204,0.521936297416687,0.01013113786574605,2.1320086249613346,1.2080291916730324,0.6178491164301031,0.00511492427451582
33,155,1,0.6768558951965066,0.48273731539893233,0.5463123917579651,0.009872998061738171,4.040436287170893,3.433535425157036,1.7610048528637188,0.430191216986512
33,156,1,0.6812227074235808,0.4818462454223701,0.5181063413619995,0.011127281536787013,3.311710485674766,1.2859928230146687,0.43823723222473876,0.4806484415300421
33,157,1,0.6855895196506551,0.4820444736608447,0.5151576995849609,0.011066162000559342,2.3836832683682605,1.409764027390055,0.299955983599873,0.3768207669740752
33,158,1,0.6899563318777293,0.4813975980813701,0.5322874784469604,0.011633776490982996,2.0706140014367507,2.997690827607401,1.103284223791912,1.1006220229760635
33,159,1,0.6943231441048034,0.4825805292831896,0.5034248232841492,0.010248389680200524,1.8117086655572283,0.2838438233365744,-0.2502759223140485,-0.36240390333953054
33,160,1,0.6986899563318777,0.48243084465580205,0.5355992317199707,0.010358877778652402,4.560900690946031,1.7154464805793441,1.258594163878728,0.45473623306837485
33,161,1,0.7030567685589519,0.4824348981899115,0.5310625433921814,0.010500974052900965,4.46676916381731,2.1688997228181335,1.0458389450272139,0.4290022428271387
33,162,1,0.7074235807860262,0.48173511263980295,0.5267746448516846,0.011298365735276199,2.373517632326099,1.4576785678526363,0.8447511191767142,0.7810004638489603
33,163,1,0.7117903930131004,0.48199765332676126,0.541573166847229,0.011120203687926093,1.3570413006610218,2.8905302307180376,1.5387513586366781,1.0268886270859532
33,164,1,0.7161572052401747,0.48205999455360427,0.5331112146377563,0.010912143471975992,2.344601327069127,1.961246701580792,1.1419146433592384,0.7103902641039628
33,165,1,0.7205240174672489,0.48401743749610066,0.5161951184272766,0.0088619880039301,0.8677881470045201,1.6063131551832082,0.3486073911663939,-0.849784064477229
33,166,1,0.7248908296943232,0.48380957954064935,0.5393058657646179,0.0094654807859288,2.379807720637084,2.8077806899812714,1.4324226661676813,0.03462264521567848
33,167,1,0.7292576419213974,0.4853692472409528,0.5124995708465576,0.00842442981083686,0.8585307919569046,1.1306521260560431,0.17529880624643635,-1.1847648980902405
33,168,1,0.7336244541484717,0.48450182214944976,0.5336190462112427,0.010134753380887825,3.808107059252787,3.318842857445216,1.1657302131648553,0.28110737884274795
33,169,1,0.7379912663755459,0.48528258474814806,0.5327286124229431,0.009964447681150908,3.448728390866253,2.734071848821403,1.1239719036195375,0.16357496509362296
33,170,1,0.74235807860262,0.48477180530861697,0.5305800437927246,0.010791513933693854,2.251908180874829,2.072195170662154,1.023211358457206,0.582577976931097
33,171,1,0.7467248908296943,0.4859599424434237,0.5435773134231567,0.00984393324087899,1.0861699283337787,2.3573828423380316,1.6327390017287033,0.34956319077383124
33,172,1,0.7510917030567685,0.4866073457858264,0.5261439681053162,0.009344203699094063,1.4684754191200105,0.9576531743718508,0.8151745294920628,-0.3428295698010541
33,173,1,0.7554585152838428,0.48518192058161075,0.5113633871078491,0.011296009812403841,1.8060294851037855,0.486013476431569,0.12201566168837709,0.4182956828284304
33,174,1,0.759825327510917,0.4875469432096012,0.5255167484283447,0.00890582114277911,2.4956571837172463,1.2023036098234932,0.7857600645783887,-0.6063311926495695
33,175,1,0.7641921397379913,0.48725641189253216,0.5165590643882751,0.00989013693509417,2.246280717488691,1.1585504759447256,0.3656752161937525,-0.257746810245172
33,176,1,0.7685589519650655,0.4868079494858554,0.5344460606575012,0.010662716704048038,3.2152387612504882,2.938027463227263,1.2045143717391429,0.6001334450270327
33,177,1,0.7729257641921398,0.4848700791093593,0.5338271260261536,0.01265073800555138,1.6267070188567145,1.9149371917080407,1.1754884472248794,1.7138783038631438
33,178,1,0.777292576419214,0.4844358212115746,0.534604549407959,0.01300703553527325,1.435822555750244,2.495826944541901,1.211946953912046,1.934316393822769
33,179,1,0.7816593886462883,0.4853535132009173,0.5365769863128662,0.011311563046423855,2.1233524808211413,2.070750643131307,1.304447521518556,1.0183385090715942
33,180,1,0.7860262008733624,0.483755545938732,0.5107786655426025,0.012433805635705474,0.7606465451318559,0.14394352065211405,0.09459421335585368,1.050315985526185
33,181,1,0.7903930131004366,0.4855260987041417,0.5199155807495117,0.009900151983514884,1.683094783802822,1.3749465365404867,0.5230843925392561,-0.17335840133028158
33,182,1,0.7947598253275109,0.4846783800953656,0.5181183815002441,0.01091187549098658,3.7517031327231463,1.926537185516358,0.43880187366848694,0.3586817925344755
33,183,1,0.7991266375545851,0.4833954954563774,0.5612152814865112,0.01225539985092259,4.6230484442632465,3.499464245312383,2.459899583254391,2.1317183861563906
33,184,1,0.8034934497816594,0.4844853719545512,0.5466774106025696,0.010676018916613773,3.668551785446642,1.5995982908428463,1.7781229924751738,0.8944871339423438
33,185,1,0.8078602620087336,0.48392442549825343,0.5462943315505981,0.011419421876866377,1.4089199838014648,2.6720680580175498,1.7601578906980966,1.3074066036682754
33,186,1,0.8122270742358079,0.48573076427260686,0.5399545431137085,0.009212664801040889,1.7035165607549292,2.598341707433065,1.4628434227632832,-0.09364713539199931
33,187,1,0.8165938864628821,0.4861556077416281,0.536080539226532,0.009050917376329938,2.3761584350753666,2.619603985392159,1.2811658453552954,-0.27628212207124603
33,188,1,0.8209606986899564,0.48703634717508815,0.5456717014312744,0.008860206014182588,2.285220436852736,2.261632553823642,1.730958660394168,-0.1596197590016255
33,189,1,0.8253275109170306,0.48559207309968244,0.529895007610321,0.010942223894722512,2.612395533891716,1.2082918330422772,0.9910854965116717,0.6520471738679541
33,190,1,0.8296943231441049,0.4864489057868936,0.5369858145713806,0.010502303107868628,1.9986658638652168,0.8114407241132042,1.3236201733139463,0.5686471329235823
33,191,1,0.834061135371179,0.48599024907192234,0.5234929323196411,0.011140495201411547,1.490442243457858,1.3930016715573568,0.6908499874445966,0.6144539442482684
33,192,1,0.8384279475982532,0.4867150929834031,0.5296216607093811,0.010374311622504358,2.181705494324843,1.5059753974193408,0.9782664585857845,0.32333151948260286
33,193,1,0.8427947598253275,0.4853002574783057,0.5319403409957886,0.011708833579680507,0.9425871879112483,2.2338188328206052,1.0870046605820631,1.1350792433687626
33,194,1,0.8471615720524017,0.48694807478834107,0.5197229981422424,0.009988062364300922,0.4252710606083089,0.39356955093222956,0.5140529246939571,-0.1279825296639323
33,195,1,0.851528384279476,0.4838313882084746,0.539156973361969,0.013229541194529272,1.1856153841281005,2.1947377970769613,1.4254401199969737,2.1673411762503583
33,196,1,0.8558951965065502,0.4832375357997071,0.5245683789253235,0.013283678387434862,1.4603267487027485,2.1314820824130405,0.7412847674918667,1.855987874661988
33,197,1,0.8602620087336245,0.48515793981342076,0.5312805771827698,0.010493885077797173,0.9804861012957774,1.341007435159171,1.0560639866174657,0.4300915715174617
33,198,1,0.8646288209606987,0.4832276030020512,0.5341302156448364,0.0123886424729455,1.2466867759820275,0.4739144640216864,1.189702317232105,1.5722386764870848
33,199,1,0.868995633187773,0.48390577314249783,0.5336682796478271,0.010780354385926415,0.1482970743390622,1.7932612818117417,1.1680390935239442,0.6486584882579931
33,200,1,0.8733624454148472,0.48161420169036934,0.5332814455032349,0.013090522071560702,0.6239357100274926,1.6720697993298277,1.1498978907025297,1.950672812035336
33,201,1,0.8777292576419214,0.48237828951826917,0.5678431987762451,0.011920600716326439,4.113363816704518,4.383480075341549,2.770726312273753,2.0971238559731384
33,202,1,0.8820960698689956,0.4811452948718042,0.5569197535514832,0.012458682789003521,4.424105815607297,3.0488271021993865,2.258453964805873,2.1463643431577175
33,203,1,0.8864628820960698,0.48037366191304376,0.5582544207572937,0.012709738715202194,2.2697796599454527,2.8572156321480375,2.321045307421761,2.320141290723247
33,204,1,0.8908296943231441,0.4797775592445784,0.5601080656051636,0.012422813576304058,2.473758238030237,2.46280125147807,2.4079749324669337,2.2007680432183645
33,205,1,0.8951965065502183,0.480460902566929,0.5683680772781372,0.011280309642505683,3.2490003092506083,3.600724166106043,2.7953413249155674,1.7460482278838811
33,206,1,0.8995633187772926,0.4792462979882378,0.6068892478942871,0.012015567483361848,7.289564272931411,6.69110551027613,4.601852923839783,3.0665834643614707
33,207,1,0.9039301310043668,0.480402281443828,0.5937671065330505,0.010384834806880038,6.481009945733133,6.202189846714405,3.986469222030403,1.833405103346654
33,208,1,0.9082969432314411,0.478258853353443,0.544775664806366,0.012535417779961151,3.348752835132054,2.2228375053487315,1.6889375969096803,1.9051554177784285
33,209,1,0.9126637554585153,0.4790022321577969,0.5344652533531189,0.011412362502823369,2.451374444837242,2.0702428698174336,1.2054144437435335,1.026028487518026
33,210,1,0.9170305676855895,0.47851355849097343,0.5271917581558228,0.01153636856736382,1.4719727857965188,1.4316362169732846,0.8643123113715153,0.9258543393635078
33,211,1,0.9213973799126638,0.4800851153126044,0.5345788598060608,0.009781626871416753,3.730958124100382,3.6176586979474687,1.210742199148405,0.10320417810766991
33,212,1,0.925764192139738,0.4778018754324215,0.5735855102539062,0.01198557521879378,4.623995513058271,4.411465972353312,3.04002114737623,2.26864612517963
33,213,1,0.9301310043668122,0.4783738158610104,0.5398669838905334,0.011299390309949482,4.574233997360631,2.875936125300328,1.4587371936500846,1.0885749759358152
33,214,1,0.9344978165938864,0.47755809483436346,0.5275052189826965,0.011958007262399796,2.294991730256696,1.8152589556047216,0.8790125556916724,1.1724962412395028
33,215,1,0.9388646288209607,0.47626700120842724,0.5311414003372192,0.013010234974183514,2.065468153239892,0.9017309903847354,1.0495370669582973,1.8549272216210246
33,216,1,0.9432314410480349,0.4762980157821154,0.543208658695221,0.012024691874451078,1.6072161491160994,2.465608595891555,1.6154503515822551,1.5785605259704052
33,217,1,0.9475982532751092,0.4742091988758519,0.5578200221061707,0.01373754386813806,4.081376810576304,3.7571241832539566,2.300673491372074,2.893263620634744
33,218,1,0.9519650655021834,0.4761317436247371,0.5733065605163574,0.010773844872963227,4.360154429567817,4.43887989482761,3.0269393555111734,1.574414288156327
33,219,1,0.9563318777292577,0.47433765407737655,0.5355440378189087,0.012211346617917195,1.4230419754924675,1.99445916184053,1.2560057580524369,1.5047700288298498
33,220,1,0.9606986899563319,0.47574750467659704,0.5548956394195557,0.010319159235933996,1.910148870855807,2.815009164110379,2.1635299113987205,0.8846627203600369
33,221,1,0.9650655021834061,0.47525740364161423,0.5418128371238708,0.010671632494537252,0.7531217118389618,2.2327069843574683,1.5499910776728736,0.7779317590431472
