sequence,frame,valid,relative_phase,predicted_phase,feature_raw,time_raw,P0,P1,P2,P3
03,8,0,0.014545454545454545,0.02269068721476216,0.5658352375030518,nan,8.698632968971783,5.5464511310676174,4.320830448937881,nan
03,9,0,0.016363636363636365,0.024250878899027172,0.5611007213592529,nan,8.103282860768141,4.621513069124575,3.9476179295601908,nan
03,10,0,0.01818181818181818,0.026059798966012807,0.574171781539917,nan,11.68171174588406,5.910757213336414,4.977983684538662,nan
03,11,0,0.02,0.026456098487300184,0.5935486555099487,nan,12.747268342296177,5.583626158887428,6.505424236513851,nan
03,12,0,0.02181818181818182,0.02633411882765119,0.6015567183494568,0.0027747292372992545,14.01259649913719,7.52625932728948,7.136683950683843,3.2999441667961853
03,13,0,0.023636363636363636,0.02831908554709586,0.6165668964385986,0.0018442073461641907,15.085580507155509,8.853505632202163,8.319906525242764,3.7028772182412295
03,14,0,0.025454545454545455,0.029363149232518558,0.6214636564254761,0.001673608397671349,15.361258996115886,9.552111253888908,8.705908405051341,3.8612864855116027
03,15,0,0.02727272727272727,0.030695732444762393,0.6226826906204224,0.0011668627520539532,15.353045630372518,9.148234084263972,8.802002453373333,3.8065827035467654
03,16,0,0.02909090909090909,0.031567455454097906,0.6303740739822388,0.0013550482320839764,14.413230095107801,8.783855791981752,9.408298952271725,4.147888576927201
03,17,0,0.03090909090909091,0.03253488401547744,0.6413360834121704,0.0016959538273161202,13.315040450904592,8.372888911947953,10.2724124186806,4.649069386531413
03,18,0,0.03272727272727273,0.03291770816748743,0.6486363410949707,0.0023670792924015017,12.84640007057091,7.878959291037099,10.847877255878966,5.072883255746874
03,19,1,0.034545454545454546,0.03446427186398673,0.650424599647522,0.0017091553296444562,12.79499402968066,8.042948231522121,10.988842131576035,5.0099610592834045
03,20,1,0.03636363636363636,0.034774334404799344,0.6408514380455017,0.00234122764363791,13.90662609980919,7.384274747258635,10.234208785446388,4.760807184171232
03,21,1,0.038181818181818185,0.03539548393544812,0.6309424042701721,0.002521797850664491,15.20831406114335,8.42922585151172,9.453099301907468,4.406865947608481
03,22,1,0.04,0.036821437756744346,0.6250874996185303,0.0018109940093609545,14.332294220178367,8.458871344295451,8.991568778114146,4.031973808011088
03,23,1,0.04181818181818182,0.035994587453107976,0.6368508338928223,0.003613776710311532,12.897460987688751,6.5293213174164215,9.918849093028832,4.861157068590105
03,24,1,0.04363636363636364,0.03740619021199879,0.6314022541046143,0.0025847528487010097,14.050861734878005,7.965768856265631,9.48934835250419,4.43775560834283
03,25,1,0.045454545454545456,0.037578046936150473,0.6088842749595642,0.003070860076349201,13.142614874089473,7.473053676489628,7.714300708189832,3.648797822098186
03,26,1,0.04727272727272727,0.03966872114466475,0.6284462213516235,0.0017222672876326907,13.137388714107287,7.657602777160355,9.256330152206864,4.146363729352151
03,27,1,0.04909090909090909,0.04255281524647893,0.630797266960144,0.0007629184786780231,14.027422320351913,8.037716287822247,9.441658415555812,4.044504505318551
03,28,1,0.05090909090909091,0.04347519158477587,0.6249373555183411,0.0006780593444155879,12.240803556586437,9.464651798539563,8.979733216422229,3.796335355428111
03,29,1,0.05272727272727273,0.044937811897543575,0.6141562461853027,0.0004975168183399707,11.248723521300102,10.440648904519776,8.129879745938313,3.3348007277361598
03,30,1,0.05454545454545454,0.046335698232452156,0.5998976826667786,0.0005674189090885006,11.495054888806687,8.5057815948341,7.005905457578311,2.7869873534472487
03,31,1,0.056363636363636366,0.04800429602403994,0.5603612661361694,0.0005655653894475909,7.459455913440072,5.754074613300526,3.8893281406161933,1.2283228641348436
03,32,1,0.05818181818181818,0.04869035698069249,0.5624949932098389,0.0012423746271852543,5.054964090071595,5.327346256700355,4.057525614791369,1.4496555278923446
03,33,1,0.06,0.051491637827004666,0.5563372373580933,0.0003737876439571043,2.6881516620907693,3.509071860507112,3.5721219314281254,1.030833746179739
03,34,1,0.06181818181818182,0.05285953008238219,0.5750644207000732,0.00040224303841493827,2.0250267855055077,3.4156583613236577,5.048348659488308,1.7747168977639174
03,35,1,0.06363636363636363,0.056137456792075754,0.5768923163414001,0.0016315193903710511,3.155730569309313,4.780302888643097,5.192438048295786,2.0960170859391414
03,36,1,0.06545454545454546,0.05896202700389777,0.5627829432487488,0.0024227994101841243,1.3717306859344665,3.90369958386715,4.080224145372415,1.7003548479352313
03,37,1,0.06727272727272728,0.07047152191546167,0.520991861820221,0.011364376815946693,0.2628393045868282,1.6087833004313332,0.7859160653614012,1.8662490194427637
03,38,1,0.06909090909090909,0.07717419781350306,0.520082950592041,0.013322081691873834,1.1382530038002694,1.411311889631117,0.7142683955559023,2.227381243063041
03,39,1,0.07090909090909091,0.10380407435017998,0.5175766348838806,0.03387329129577053,0.5983170125664455,1.8149954051291437,0.5167004981428637,6.295684613061764
03,40,1,0.07272727272727272,0.1340322765501943,0.52263343334198,0.052184839106258804,0.8211248597536622,1.7894691653838968,0.9153178932919703,10.207953284169072
03,41,1,0.07454545454545454,0.14806590968263814,0.5314185619354248,0.047450909852128506,-0.0810982861164483,1.2592179077209662,1.6078321599738836,9.594330345108173
03,42,1,0.07636363636363637,0.18472822605142855,0.5240934491157532,0.06471462927912482,-0.4735678197397493,1.6183937967633484,1.0304080416220704,12.80611425110802
03,43,1,0.07818181818181819,0.18325421336977465,0.5262061357498169,0.03793801231345146,0.03409764867400074,0.8533943500069308,1.1969469396649528,7.459995204460166
03,44,1,0.08,0.20306781351382314,0.5201625227928162,0.03630317492713937,0.2883900645441257,0.42589794144579946,0.7205409143565018,6.89030269449895
03,45,1,0.08181818181818182,0.1914393709329361,0.5279709696769714,0.014078965830423593,0.3226443240056059,0.3654811361235985,1.3360652985915065,2.6917500915195136
03,46,1,0.08363636363636363,0.2020188855457592,0.5102975368499756,0.009374254258895636,-0.4942926472828648,0.8655223499887601,-0.057096365891299336,1.0412135405761478
03,47,1,0.08545454545454545,0.20599069551078103,0.5278739929199219,0.007886390802458858,-0.13650950288649663,0.23017926460777474,1.3284208131318995,1.432283954025008
03,48,1,0.08727272727272728,0.19903110698270488,0.5221509337425232,0.007091745287274338,-0.634905932841277,0.21284557911277047,0.8772834066321556,1.045588129159699
03,49,1,0.0890909090909091,0.20495027871514204,0.5277009606361389,0.004384775785224823,-0.12371672170923904,1.302008905221131,1.314781021313068,0.7154554593741784
03,50,1,0.09090909090909091,0.20480774204107322,0.5240333080291748,0.0036250064806126647,-0.11129226590253503,0.2896704688488185,1.0256672390229657,0.4168431576030532
03,51,1,0.09272727272727273,0.20699925997608581,0.5149571895599365,0.002624427735171206,-0.6897951136530605,0.795097893260714,0.3102148174462761,-0.1437664397040359
03,52,1,0.09454545454545454,0.21590535285829765,0.5292894244194031,0.007713773756371318,0.7338520483308477,-0.377392506065157,1.439996471527282,1.4530709089380363
03,53,1,0.09636363636363636,0.2173795901959025,0.5245473384857178,0.005081227390910468,-0.31848833773786384,0.7153681916210343,1.0661872406232427,0.732375300797418
03,54,1,0.09818181818181818,0.215535555068321,0.5279198288917542,0.003671692389990324,-0.3129692575790969,1.4634606484163144,1.3320339719016832,0.5794928408519577
03,55,1,0.1,0.21378448954165333,0.5198341012001038,0.004414932156173295,0.2554350945787714,0.5430422768589224,0.6946520914416681,0.4115056822539207
03,56,1,0.10181818181818182,0.2132281548609325,0.5178543925285339,0.006667574228285985,0.44370736292699847,0.3070074366171602,0.538595582495518,0.7902367326201498
03,57,1,0.10363636363636364,0.21521300474776248,0.5269880294799805,0.004156953350894758,-0.7481413325884646,0.10605353380592358,1.2585820719692702,0.6411613326447498
03,58,1,0.10545454545454545,0.20551905193988257,0.51815265417099,0.01316573128795963,1.098705879761937,1.0687377391294908,0.562106956336866,2.1195979717311277
03,59,1,0.10727272727272727,0.2094369760959889,0.5467119812965393,0.007853746993161891,1.5224511676848402,2.3453681069055596,2.813382082353366,2.1681455328050894
03,60,1,0.10909090909090909,0.2138897178376918,0.548184871673584,0.005069075762475795,1.1120641998939813,2.467363642311414,2.9294871101298554,1.6615612980147976
03,61,1,0.11090909090909092,0.21859851236939248,0.537288248538971,0.005042174468611058,0.3464288623041072,1.0001612022904216,2.07052791572417,1.2266270320756067
03,62,1,0.11272727272727273,0.22732729151805658,0.5334016680717468,0.011221744784142769,0.05392631448876157,1.4984956340201159,1.7641564843294975,2.326448297145814
03,63,1,0.11454545454545455,0.22214766157834467,0.5309754610061646,0.004028766354378298,-0.33949158445872063,1.234334993549857,1.5729033923606577,0.7723300236132224
03,64,1,0.11636363636363636,0.21108699165690878,0.5218900442123413,0.013648286342137496,-0.6988379365301154,0.24434227405881495,0.8567180022949094,2.364749270486794
03,65,1,0.11818181818181818,0.21722970104916622,0.5278103351593018,0.009027353666178042,-0.9480898052032161,-0.08833582233043921,1.32340279809142,1.6611234642881854
03,66,1,0.12,0.21886792456317705,0.5200920701026917,0.0070171426444810454,-0.8721828766717351,-0.44830273924714376,0.7149872684970946,0.9493131778931331
03,67,1,0.12181818181818181,0.22675429546683984,0.5076537132263184,0.0062690123760581005,-0.6987625313361437,0.2495512418453273,-0.2655037396136885,0.30737226444959087
03,68,1,0.12363636363636364,0.22967613111953503,0.5161067843437195,0.006946920762337201,0.16687169425913537,0.259112504077281,0.40083509468010514,0.7779984782597822
03,69,1,0.12545454545454546,0.2311512457512783,0.5053467154502869,0.0038860896471872063,-0.056055061118575,-0.38022510795536507,-0.44735979967151773,-0.26673156283505317
03,70,1,0.12727272727272726,0.23460390224135821,0.5248284339904785,0.0037470208429757745,0.2991817078813679,1.6901213160063568,1.0883454418694052,0.47292262769084115
03,71,1,0.1290909090909091,0.23953680763555424,0.5063146948814392,0.004745931817626515,-0.32493838202220315,0.6251647557615935,-0.3710559005541131,-0.05423282427536383
03,72,1,0.13090909090909092,0.2341450156242761,0.5221304893493652,0.0038414882358302357,-0.08958137043825251,0.653461234203637,0.8756718156594173,0.3857405934228229
03,73,1,0.13272727272727272,0.24142846107221377,0.5327669978141785,0.0030767022368623736,-0.651863400885581,0.45658719715083446,1.714126686435278,0.6498954029533426
03,74,1,0.13454545454545455,0.2365026088461133,0.5239603519439697,0.005170419970412165,-0.7321728326650957,0.09576032461972148,1.0199162554934273,0.7273250340721444
03,75,1,0.13636363636363635,0.23495755218894027,0.526864230632782,0.007190153278773955,-0.7097020848615611,0.46733336005760284,1.2488232543296858,1.2513118514145467
03,76,1,0.13818181818181818,0.2502620079181255,0.5070406794548035,0.009259116312064759,0.7611081257518105,0.6596975535447671,-0.3138279762160596,0.8895016702726807
03,77,1,0.14,0.24066299947819977,0.512977123260498,0.005524070976683091,0.7673899584495978,0.09088614871362768,0.15413011740439297,0.36614037790856535
03,78,1,0.14181818181818182,0.2462028089474704,0.5143089890480042,0.005089427021048334,-0.7736949927455302,0.9162695780588719,0.2591184564301569,0.330503515205511
03,79,1,0.14363636363636365,0.24421623892810515,0.5330395698547363,0.00436216986497897,0.8346919942690127,1.3859431990060673,1.7356129998998033,0.9212877358156129
03,80,1,0.14545454545454545,0.2461390895504968,0.5234045386314392,0.0037452910494576914,0.04553313635976963,0.02825709116199425,0.9761025942083412,0.4164504604845122
03,81,1,0.14727272727272728,0.24819742292623345,0.5250844359397888,0.0011970388415139693,0.8813214061411386,0.07220344887693686,1.1085255678983001,-0.03403705313087524
03,82,1,0.14909090909090908,0.2581583295065436,0.5100195407867432,0.007724957245292275,0.6565530239106605,-0.5586330752117477,-0.07901024430777565,0.6958351827443632
03,83,1,0.1509090909090909,0.2649572822495937,0.5024362206459045,0.011535029848574059,-0.10407366867963906,-0.2806245235308424,-0.6767883337788373,1.1694994589321603
03,84,1,0.15272727272727274,0.2663076249224962,0.5168457627296448,0.007873836789288161,0.32999343021806804,0.07479972708684945,0.45908729549645877,0.9950716677132492
03,85,1,0.15454545454545454,0.2811343543667863,0.5115026831626892,0.017484707292394666,-0.6806304823857438,1.2108175050871217,0.037902928213060544,2.733237604256342
03,86,1,0.15636363636363637,0.2826104333987752,0.5152968168258667,0.010837410382885913,-1.233736280766683,-0.13585001116317574,0.3369869613607448,1.534933572389789
03,87,1,0.15818181818181817,0.2765756606975885,0.510883092880249,0.006422177279097956,-0.05334337433536579,-0.028122517955159337,-0.010938145144416133,0.4657117020197469
03,88,1,0.16,0.2753783802577236,0.4994630217552185,0.006662912190936612,-0.0602922529798249,-0.491097019020646,-0.9111597066713483,0.06441378520090618
03,89,1,0.1618181818181818,0.2804038107740238,0.4988304376602173,0.004645479571832296,-0.1956764783562839,-0.11926796626244454,-0.961025056507125,-0.3695857059990703
03,90,1,0.16363636363636364,0.2732940265368662,0.4972352087497711,0.009692526918336457,0.17726020982860638,-0.9829555254555774,-1.0867737882822888,0.5909097150934126
03,91,1,0.16545454545454547,0.2736138787803351,0.5120235085487366,0.007043572959390303,-0.0359624771249136,-0.8678100945049536,0.07895856063226508,0.636657994160942
03,92,1,0.16727272727272727,0.2677284627063369,0.5147067308425903,0.012188543554075172,1.2831527846159898,-0.04714329194560615,0.2904716534012432,1.7856398364500354
03,93,1,0.1690909090909091,0.2845099144248197,0.5080031156539917,0.007847921465396293,2.3292867431808855,0.13742878463848288,-0.23796103908251695,0.6412927529110181
03,94,1,0.1709090909090909,0.2793868439763667,0.5060834288597107,0.0041153998687534915,0.016357126692299412,0.7398736443583382,-0.3892861424614733,-0.19119840945130967
03,95,1,0.17272727272727273,0.2773407158848097,0.5031759142875671,0.005472978545661282,-1.0717398223177879,0.32972405038556096,-0.6184797507710176,-0.03052436591765939
03,96,1,0.17454545454545456,0.2751905883208903,0.49709373712539673,0.006630855169104643,-0.8717739485044277,0.5512479602025145,-1.0979257159026803,-0.03546929467680793
03,97,1,0.17636363636363636,0.28463132316837125,0.5000454187393188,0.004614706710238928,-0.2793878444638247,-1.5443654039107966,-0.8652505072701068,-0.3279381225606697
03,98,1,0.1781818181818182,0.280407253210902,0.5073668360710144,0.003885136375618274,-0.7272308922601882,-0.29018906803613354,-0.2881176969075351,-0.18730380255089712
03,99,1,0.18,0.2912892353427171,0.5013837218284607,0.00765228302329894,-0.7205836343916155,-1.9789416760607792,-0.7597547285211482,0.3407270766811448
03,100,1,0.18181818181818182,0.29223076865543157,0.5130207538604736,0.0054848162498142596,-1.9003907004697689,-0.9995572639963332,0.1575694310838228,0.35990050936329615
03,101,1,0.18363636363636363,0.29441174006877,0.503523051738739,0.0031641533074831772,-1.6889690375722626,-0.8467313351319338,-0.5911155938461552,-0.4849936302012212
03,102,1,0.18545454545454546,0.2939936014613622,0.5077915787696838,0.0032332184179580314,-0.2024339438160459,-0.18297032719541984,-0.25463607220860496,-0.3027498106641616
03,103,1,0.18727272727272729,0.3023734495099908,0.49461761116981506,0.005147630954745698,-0.6168347880860079,-0.5262501664645952,-1.2931138149842556,-0.43381083955138766
03,104,1,0.1890909090909091,0.30353565992178594,0.5084631443023682,0.003806579053459828,0.27448650685567116,-0.4508826060903691,-0.20169789293792773,-0.1600226574260221
03,105,1,0.19090909090909092,0.30568602690081,0.5036941170692444,0.002904436161018205,1.3459972133917761,-0.45650514031739853,-0.5776308530538552,-0.5309130762306742
03,106,1,0.19272727272727272,0.30538138285436167,0.5023294687271118,0.002558588725260275,1.113105371610743,0.2994943129477671,-0.6852033758551471,-0.6548254514480143
03,107,1,0.19454545454545455,0.3042441217768317,0.5124518871307373,0.004244490193080293,-0.1248216978208997,-0.0042406971519684715,0.11272679480448104,0.08598319260874156
03,108,1,0.19636363636363635,0.3165517993839755,0.490440309047699,0.007595519347353292,0.0030104073593274446,-0.9963340715789701,-1.6224022579519053,-0.10210643362854432
03,109,1,0.19818181818181818,0.31435741671651857,0.4943326413631439,0.004093189582712448,-0.6571301636645199,-1.1993197015860801,-1.315577419767526,-0.6588475397766169
03,110,1,0.2,0.3217610082555041,0.505618155002594,0.00738284589940731,1.1297641190789287,-0.5224525762131806,-0.425962758010147,0.45299036421240346
03,111,1,0.2018181818181818,0.31249767987116284,0.5055196285247803,0.006706582143845166,-0.17468193223473152,-0.39771306029722886,-0.4337294048845971,0.31198371936403074
03,112,1,0.20363636363636364,0.318446378142601,0.49807319045066833,0.004215532788448226,-0.10533235537901105,-0.43153688703951604,-1.020717352463841,-0.48661045919286827
03,113,1,0.20545454545454545,0.31227527114128345,0.4921189546585083,0.008734831778338047,-1.2564071423542194,-1.2948995011722426,-1.4900779530970119,0.19506958487808546
03,114,1,0.20727272727272728,0.31972987929293906,0.4969073534011841,0.004707505281049662,-1.2315466299417386,-0.04470784512922798,-1.1126179752955452,-0.4328054581680096
03,115,1,0.20909090909090908,0.32157453262119207,0.5014095902442932,0.0025753604006299884,-1.0117201881161682,0.9242947363689051,-0.757715572596459,-0.6876808236768219
03,116,1,0.2109090909090909,0.32231563666809765,0.4952505826950073,0.002408854264083255,-0.2939671486982554,-1.1246381363393785,-1.2432179247947681,-0.9641937891530328
03,117,1,0.21272727272727274,0.32310333315249723,0.4833453297615051,0.0021334242186226626,-0.8092775437008177,0.3306004173666566,-2.1816854061995126,-1.4892753885338363
03,118,1,0.21454545454545454,0.3220194333100119,0.4961932897567749,0.003905894296844446,-0.6097263984543012,0.24663986539502078,-1.1689061964424976,-0.6234890509033053
03,119,1,0.21636363636363637,0.3282091170620697,0.48752665519714355,0.001789694469046207,-0.6599317566405415,-0.17349768634357696,-1.8520798134048664,-1.3941693111194284
03,120,1,0.21818181818181817,0.32164382788813245,0.4969092607498169,0.006512534333211544,-0.5845874668640794,-1.03235702145734,-1.112467622784969,-0.06673169505912169
03,121,1,0.22,0.3231790991156562,0.4869825541973114,0.004809310910696503,-0.874717651269088,-1.2280494401086655,-1.8949702163046958,-0.8033388546455905
03,122,1,0.22181818181818183,0.3184063749584261,0.50014728307724,0.009600976558716322,0.1918192126646601,0.34129406390002603,-0.8572207435021484,0.6871229339140602
03,123,1,0.22363636363636363,0.33218474920704943,0.4909646809101105,0.006488431943853465,-0.9251985284333013,0.4941035813977382,-1.5810670638333482,-0.3059185615460239
03,124,1,0.22545454545454546,0.3196494473217917,0.4921433925628662,0.008448547643699221,-0.838349146176635,-1.273010020284876,-1.4881515615552547,0.13798408132696616
03,125,1,0.22727272727272727,0.32430576876978834,0.4886874258518219,0.005175902945256957,-0.14718803843278144,-0.5014099218468727,-1.76057856442938,-0.6618106148112066
03,126,1,0.2290909090909091,0.3212641156914059,0.494709849357605,0.006616951546032883,-0.11168959327076997,-0.9678308099166681,-1.2858428615431114,-0.13224705004165593
03,127,1,0.2309090909090909,0.31794494139481977,0.4862140715122223,0.010650561025863942,-0.2123816290207599,-1.1326993996561234,-1.9555481825190244,0.350779296885417
03,128,1,0.23272727272727273,0.3146409780143806,0.47578954696655273,0.01039457245324567,-0.6176236424229415,-1.4240274165403477,-2.777292781299131,-0.11199879078917596
03,129,1,0.23454545454545456,0.3121904080714414,0.5005812048912048,0.011593025069332146,-0.5378797495982137,-0.6594546653177967,-0.8230155473460704,1.108145313203367
03,130,1,0.23636363636363636,0.3225634651225887,0.4891837239265442,0.0047922106193708635,-0.7227587842177191,-1.5707483169971144,-1.7214563713258662,-0.7200492904529704
03,131,1,0.2381818181818182,0.3167505074162782,0.4937743544578552,0.004911179710852757,-0.6430670949888179,-1.2046238552993782,-1.3595860694647657,-0.5149912483648077
03,132,1,0.24,0.32146438153542045,0.49493128061294556,0.0029308943689274297,-1.3868987307218292,-0.05554591168944461,-1.2683878747684094,-0.8709267611346755
03,133,1,0.24181818181818182,0.3254259790134915,0.4912801682949066,0.00405473866233798,-0.9451548030378603,-1.550838046932222,-1.556197818880859,-0.7869542800612126
03,134,1,0.24363636363636362,0.32003422856108726,0.49664029479026794,0.005761336884032313,-0.15770706299181866,-1.0330003470314777,-1.1336696760341862,-0.2296500511573668
03,135,1,0.24545454545454545,0.3302834086299223,0.49103376269340515,0.005120152325178052,-1.0139388409387937,-1.4232232595726755,-1.5756214838409175,-0.5806364067883326
03,136,1,0.24727272727272728,0.3359517576326792,0.48839879035949707,0.007405276024523967,0.19057792716389696,-0.44541105643686185,-1.7833311279439141,-0.2211457531841473
03,137,1,0.24909090909090909,0.34115919093917935,0.4881407916545868,0.008990865306709435,0.5258004175639182,-0.3624745737465063,-1.8036686542573186,0.09018913808235318
03,138,1,0.2509090909090909,0.3497179947724777,0.4895293116569519,0.013616366158585842,-1.6676902718734328,-1.351705805823263,-1.6942143758158468,1.0828107523251225
03,139,1,0.25272727272727274,0.34829353766623367,0.4886261522769928,0.006332092487251171,-0.6924400958416025,-1.0001283795570473,-1.7654086388316395,-0.4297896810245175
03,140,1,0.2545454545454545,0.3457399598157091,0.4896965026855469,0.003783657963083295,-1.0364124889420967,-1.3325767168126808,-1.6810350385606547,-0.9043388488875714
03,141,1,0.25636363636363635,0.34317583273701885,0.4981384873390198,0.007296320234555969,-0.7663255851346911,-1.285000164786533,-1.015570128234585,0.1406422129741518
03,142,1,0.2581818181818182,0.34824790782862824,0.5119431018829346,0.004415546703576186,-0.44125959432268985,0.12152617031860112,0.07262026260828855,0.10061437717841774
03,143,1,0.26,0.34352874887058976,0.5067858099937439,0.007080042814482575,1.516192536585198,0.20456112120907974,-0.33391883044179993,0.43761414659632314
03,144,1,0.26181818181818184,0.3526708502859609,0.4992307126522064,0.003253255799799583,-1.5572332635041215,0.2353094578341886,-0.9294721726079298,-0.6361049603639842
03,145,1,0.2636363636363636,0.35171248143868356,0.49243083596229553,0.002704647692110146,-1.5033185498144326,-0.6347818166402837,-1.4654929683598308,-1.0153544498824076
03,146,1,0.26545454545454544,0.35636957270078184,0.49482083320617676,0.0030850934216413283,-0.9128030746242787,-1.2338032652691922,-1.2770942248339607,-0.8440136054012751
03,147,1,0.2672727272727273,0.35803174576169894,0.49902403354644775,0.0027346601686965054,-1.3696135401037255,-0.9460069744960502,-0.9457642766836442,-0.7494045931183665
03,148,1,0.2690909090909091,0.3588231576343716,0.498506635427475,0.0011261358795236882,-1.7711316970036177,-1.5081849049122296,-0.9865497444354071,-1.0959514218836546
03,149,1,0.27090909090909093,0.37345317049055954,0.49949464201927185,0.012974448933500677,-1.6715852401620424,-0.33956102357785933,-0.9086671439569527,1.3454253566991787
03,150,1,0.2727272727272727,0.36871786904392495,0.5001367926597595,0.006020522381849363,-1.3882125212167957,-1.0837968092016512,-0.8580476823103173,-0.03928503815903189
03,151,1,0.27454545454545454,0.37613551010491797,0.5014510750770569,0.007491165261195028,-0.8862343445483647,-0.49631255135383323,-0.7544454054914274,0.3107125281484333
03,152,1,0.27636363636363637,0.37141081316112134,0.4945968687534332,0.005014337855332013,-1.108676766564796,-0.015013118245436368,-1.2947488985367714,-0.46165569480180546
03,153,1,0.2781818181818182,0.3824656062507089,0.5047211050987244,0.005791783377403088,-1.0767020641210725,-0.4908213080603013,-0.49667542314050045,0.09502059007861738
03,154,1,0.28,0.3810247532470133,0.5059099793434143,0.003769212103010172,0.5087878457240196,0.07519359988734188,-0.4029588238919935,-0.26822987134553716
03,155,1,0.2818181818181818,0.38022552392399883,0.5066596269607544,0.0036387950176502404,0.8145472066795248,-0.08433473113210364,-0.34386558871960443,-0.26512740926261896
03,156,1,0.28363636363636363,0.3899081895075652,0.5012097954750061,0.006882033188679705,0.031264153500529725,0.48710905691566014,-0.7734649980793125,0.17769143574499258
03,157,1,0.28545454545454546,0.38340872464503994,0.48474499583244324,0.0042417757604564805,-0.8985978961599378,-0.36263212286670327,-2.0713525052743615,-1.0066068521754263
03,158,1,0.2872727272727273,0.39205575190782743,0.48970556259155273,0.004793483572887055,-0.578934977515978,-0.09714544396811985,-1.680320864135418,-0.6992234251184929
03,159,1,0.28909090909090907,0.3844299089184169,0.5018249750137329,0.006214120750865847,-0.7819721628837967,-0.4193333947709257,-0.7249716149025431,0.06650816952243171
03,160,1,0.2909090909090909,0.3837460821627945,0.4962575435638428,0.007949043755092743,0.5271896132528564,-0.052230815618633346,-1.163841196242463,0.19885684022464822
03,161,1,0.2927272727272727,0.37886259064263794,0.5054094195365906,0.011292008439056618,-0.14773617618895957,0.8659917150760136,-0.44241696088632626,1.2374086573617695
03,162,1,0.29454545454545455,0.3795776130656025,0.49480926990509033,0.009440452515491542,0.06018494558840379,-0.5417556257106471,-1.2780057369293287,0.44418161317687377
03,163,1,0.2963636363636364,0.3835294192899655,0.5057035088539124,0.0041317397125126675,-1.225723028807317,-0.7896493195205687,-0.41923448316186357,-0.20285941444380357
03,164,1,0.29818181818181816,0.3792639882595532,0.5067738890647888,0.006409420203871767,1.283141183816917,-0.8295683278504763,-0.33485853363290097,0.30116480619329006
03,165,1,0.3,0.3840167242342282,0.5133457779884338,0.002063632306088965,-0.6160894367455964,-0.048708936327563554,0.1831904385891927,-0.3209888956306321
03,166,1,0.3018181818181818,0.38448888456640307,0.4962523877620697,0.002267189103264126,-0.48594877254993124,-0.7630333650272929,-1.1642476178726142,-0.9534335188754643
03,167,1,0.30363636363636365,0.38533296960822466,0.5080166459083557,0.00222406802291848,-0.3932409867616258,0.3768148259577681,-0.23689447596061727,-0.49850043847503595
03,168,1,0.3054545454545455,0.38341570960690574,0.4925649166107178,0.004104414233371422,0.01743310080627868,-0.28599104043755175,-1.454923656717922,-0.7262446803254822
03,169,1,0.30727272727272725,0.386274783861512,0.49481201171875,0.0028639110082714315,-0.7816560411090696,-1.2524465778258338,-1.2777896051953754,-0.8892095769064821
03,170,1,0.3090909090909091,0.3890813278158185,0.5020284056663513,0.00173063304582245,-0.7399395676441698,-0.9585419763717217,-0.7089355799464039,-0.8345728450931968
03,171,1,0.3109090909090909,0.39824357070221605,0.5033469796180725,0.007972890805925987,-0.5441296800985516,0.02540807790509902,-0.6049950099787176,0.48311530533856195
03,172,1,0.31272727272727274,0.3922691458875772,0.5484684109687805,0.0027108083931342447,0.2638833765033579,1.1294991831521226,2.951837950530194,1.194560190491935
03,173,1,0.3145454545454546,0.4030926654154525,0.4969191551208496,0.007380976175496724,-0.12570045835064558,0.4403826136839085,-1.111687669136355,0.10974879214241484
03,174,1,0.31636363636363635,0.39625621618153156,0.49579620361328125,0.00414754416893324,-0.5726154422212049,0.22670333714342905,-1.2002077097380734,-0.5901414207429013
03,175,1,0.3181818181818182,0.3977760300272943,0.5013579726219177,0.004140604458528525,-0.09539047057383332,-0.30502822579468575,-0.7617844874139266,-0.37233694715473953
03,176,1,0.32,0.39850189215144394,0.49699488282203674,0.0030911043996948314,-0.09398677388605443,-0.8912356793142407,-1.1057182046148857,-0.7571067730957429
03,177,1,0.32181818181818184,0.397485812033452,0.4922250509262085,0.005665371083653449,-0.6112490033325738,-0.8891481534716308,-1.4817145946962127,-0.42313111548028953
03,178,1,0.3236363636363636,0.3901105750448128,0.5020328164100647,0.011638894726792541,-0.36035272139093866,0.1871749193406765,-0.7085878897656965,1.1746599506369697
03,179,1,0.32545454545454544,0.398922445876248,0.493222713470459,0.0048476525922602435,-0.9703401378243723,-0.35612665711190333,-1.4030708346329663,-0.5496147730024907
03,180,1,0.32727272727272727,0.39957425891320236,0.4958325922489166,0.003959453601386501,-1.1869879607040634,-0.9861491774129034,-1.1973392657472375,-0.6268455776506635
03,181,1,0.3290909090909091,0.40061402570040505,0.5135658383369446,0.002858765463589858,0.08728151202211892,0.15292767933785992,0.20053735949691795,-0.15108943626156307
03,182,1,0.33090909090909093,0.4021192089123459,0.4950404167175293,0.0020393308397226783,-1.3716262787428135,-0.8233976539760949,-1.2597848920538794,-1.0474040729708132
03,183,1,0.3327272727272727,0.4057194250514872,0.48868921399116516,0.0011674580277620094,-0.5917915630881346,-0.6073420115393111,-1.760437608950715,-1.4745166259192521
03,184,1,0.33454545454545453,0.40434219807127086,0.4948770999908447,0.0019090137462641642,-0.8812402005476307,-1.535578758186478,-1.2726588257719638,-1.0802649203715893
03,185,1,0.33636363636363636,0.4094100641277847,0.49250343441963196,0.001966867520732508,-0.7075327354349936,-1.3317659952983338,-1.4597701759260255,-1.1620898148973597
03,186,1,0.3381818181818182,0.416844967361168,0.49568209052085876,0.0072027611472709595,-0.6906999759807195,-0.8227773043153194,-1.209203018534888,0.024855162507363526
03,187,1,0.34,0.42553918865415236,0.49618250131607056,0.012215542828049803,-0.05151624848143873,-1.1281239106237364,-1.169756627830444,1.0610002316090885
03,188,1,0.3418181818181818,0.42738924202315676,0.4971463978290558,0.00911065529638795,-0.5939377109165569,-0.965103240773258,-1.0937745770559915,0.4694255181144097
03,189,1,0.34363636363636363,0.42419869893286094,0.502626359462738,0.004970556927819171,-0.823679935749392,-0.3158892682682644,-0.6618000678807756,-0.1540585646242313
03,190,1,0.34545454545454546,0.42249176429758556,0.5084648728370667,0.005245742118423826,0.3514781101004358,1.062685227095257,-0.2015616359752181,0.13185886175829808
03,191,1,0.3472727272727273,0.42543845552388193,0.5008851289749146,0.004335199304745056,-0.8008698645729851,-1.3976543502740422,-0.7990578144889494,-0.3515163849822591
03,192,1,0.3490909090909091,0.4251564770874787,0.5148752331733704,0.003967545280067474,0.1239632386895308,1.1058208632958528,0.3037543580074564,0.1253419518422599
03,193,1,0.3509090909090909,0.4269777834468465,0.5376279354095459,0.0016498044318290729,1.0708726625871146,1.3687243930778734,2.0973047581545945,0.552158026254044
03,194,1,0.3527272727272727,0.4199186195063902,0.5307270288467407,0.009341982755732852,1.717663614078222,0.7436187182363537,1.5533199778581122,1.8398781476594315
03,195,1,0.35454545454545455,0.4252408595799832,0.5110080242156982,0.005188680086502539,0.45369275072869825,1.1510440253390584,-0.001090055701677209,0.2205244098420819
03,196,1,0.3563636363636364,0.4219946925122142,0.5143271088600159,0.0065732245661353095,0.10714498023409741,1.3858151903459073,0.2605468052806305,0.6320814369639233
03,197,1,0.35818181818181816,0.4223223596209817,0.5029762983322144,0.005455111313551685,-0.18309831196186857,0.38142641999686694,-0.6342150807060045,-0.04201489872501696
03,198,1,0.36,0.4223841984345298,0.5066145658493042,0.004229416543537425,-0.4053725223917478,0.23317269789151718,-0.3474176667819664,-0.14714546235937762
03,199,1,0.3618181818181818,0.42430688255581805,0.4976283609867096,0.003035572780293215,-0.9101493918364323,-0.3122459448637095,-1.0557823770397763,-0.7433987856801992
03,200,1,0.36363636363636365,0.42294620211254047,0.4979395270347595,0.004050313341520314,-0.2395507004486785,-0.6718944812666826,-1.0312537744940615,-0.5253795626306929
03,201,1,0.3654545454545455,0.4220596115143891,0.48925936222076416,0.005174781339753286,-1.5097366919013224,-1.2512583948776816,-1.7154939545783299,-0.6394957333882889
03,202,1,0.36727272727272725,0.4244381839661006,0.4934976398944855,0.0030709116526143844,-0.9978108300281773,-0.22400530846005592,-1.3813989297881986,-0.8990415389759553
03,203,1,0.3690909090909091,0.42160357209343446,0.49027004837989807,0.006078630116952465,0.28086404614580707,-1.8912918488578643,-1.6358235687788059,-0.41639070625065366
03,204,1,0.3709090909090909,0.4229141997935441,0.4943176507949829,0.004092174801246922,0.5327898990051312,-0.1473576614842295,-1.3167590965303357,-0.6596441413738011
03,205,1,0.37272727272727274,0.4209769741549563,0.498678594827652,0.006021399860085668,0.5005454779829708,-0.6173332515784691,-0.9729945259037746,-0.09658053717158288
03,206,1,0.37454545454545457,0.4251908634247944,0.4940301179885864,0.0027948994506734005,0.46528774940171475,0.21034448682964355,-1.3394247374996928,-0.9340203430723433
03,207,1,0.37636363636363634,0.4223980649724158,0.49713101983070374,0.004517819567441407,0.004283595057540112,0.43920427755576863,-1.094986794172512,-0.4624516879543637
03,208,1,0.3781818181818182,0.42584360739749894,0.5085036158561707,0.002144775140010209,0.09597341072722909,0.21697139669792864,-0.1985076006041397,-0.495384904394646
03,209,1,0.38,0.4273824589669026,0.49026936292648315,0.0012588048216620779,-0.5107802829647304,0.6487249137777156,-1.6358776017122942,-1.3937145949448646
03,210,1,0.38181818181818183,0.4283291460853543,0.4871383607387543,0.001537936030787846,1.3384450931955443,0.1250119446029591,-1.8826882955970052,-1.4605216129215952
03,211,1,0.3836363636363636,0.4220726100695241,0.49599921703338623,0.00816019145919364,1.257265601485588,0.04826254715367214,-1.1842045643936225,0.23148873924666613
03,212,1,0.38545454545454544,0.42815672718610537,0.49252456426620483,0.004187872740545157,-0.5089937599075574,-0.07203605293672759,-1.4581045520197988,-0.7109125772563014
03,213,1,0.38727272727272727,0.4227662161684279,0.4836648404598236,0.007963501581718548,-0.2699824966157526,0.154641026020002,-2.156499011420027,-0.29454051116137814
03,214,1,0.3890909090909091,0.43109153686289275,0.5016688704490662,0.003760658193011904,0.8496657256719102,0.5205652690441545,-0.7372770281900113,-0.43712341592232273
03,215,1,0.39090909090909093,0.424321525614984,0.49669551849365234,0.005944729129928399,0.5409510611526721,-0.4356331641646373,-1.1293165010014108,-0.19028774479757093
03,216,1,0.3927272727272727,0.4325001367250152,0.4891006648540497,0.003889027001031517,-0.036577319475758895,0.35513212829066,-1.7280037533098627,-0.9064579440571248
03,217,1,0.39454545454545453,0.4293272231041274,0.5187137126922607,0.0033921687871792017,3.7940384364786164,1.2312233984259668,0.6063340870260366,0.15996500533614388
03,218,1,0.39636363636363636,0.43653961775409117,0.5106251239776611,0.0036565752971021792,3.0686259694730507,0.840872477224609,-0.03127332219984269,-0.10522603920863906
03,219,1,0.3981818181818182,0.4338969064494299,0.49710607528686523,0.002998855005363754,0.27518545499979247,-0.2370786031630671,-1.0969531230998908,-0.7714292764054513
03,220,1,0.4,0.43958846258458684,0.5330644845962524,0.002451379857268145,0.13234481601945017,1.83651398912938,1.7375769795692044,0.5348264090130912
03,221,1,0.4018181818181818,0.4406078058024197,0.5228630304336548,0.0023770912616451834,1.021122635764472,1.7187919736088682,0.9334165767525764,0.11768300350577526
03,222,1,0.4036363636363636,0.4446977880168059,0.5243675112724304,0.0027951076959990676,-0.1367966226635423,0.3136540401254699,1.0520118179854834,0.26174015974957066
03,223,1,0.40545454545454546,0.4457349916433981,0.525187075138092,0.0021230633782514706,-0.6220638482679611,1.123912753931805,1.1166164123736801,0.15777469421485463
03,224,1,0.4072727272727273,0.4459643651847099,0.5353693962097168,0.0010689693875077628,0.8523136080602204,1.7446004888611344,1.919268591568591,0.34536632310598514
03,225,1,0.4090909090909091,0.4541756319526232,0.5260913372039795,0.005679912117614967,-0.12499280960721985,0.589227144989997,1.1878975979346498,0.9146234086595756
03,226,1,0.4109090909090909,0.456190968646995,0.5264893174171448,0.004303292274435861,-0.5190139501064748,1.2802408684472495,1.219269588969558,0.6511776546715429
03,227,1,0.4127272727272727,0.4581549761164176,0.5204606056213379,0.0033940045863111567,-0.48694064087063454,0.06899666782626102,0.7440381926499834,0.22918929586209635
03,228,1,0.41454545454545455,0.4598446755600178,0.5204725861549377,0.001982754624491355,-0.41073789196280347,0.6189382832404757,0.7449825943570398,-0.05649206469360246
03,229,1,0.4163636363636364,0.4610213722887918,0.5232334136962891,0.0003419573829408416,-0.23899096189342783,0.3719898841517359,0.9626131549000858,-0.2803747379544721
03,230,1,0.41818181818181815,0.46103900886945487,0.5402236580848694,0.0020084714567755613,0.08150721428375579,1.1909203641155792,2.301920429500891,0.7271913530344825
03,231,1,0.42,0.4602921769883193,0.5274960994720459,0.003967313393526075,0.9587045363546018,1.9187447830521864,1.2986322219739965,0.6227338651105897
03,232,1,0.4218181818181818,0.46519784805653813,0.5165578126907349,0.0015815083670288174,1.4212544971751941,1.0850900248966013,0.43638876491541306,-0.29214809274042886
03,233,1,0.42363636363636364,0.4702440907746329,0.5218832492828369,0.004112007050682027,0.45893051150995584,1.986001846009606,0.8561823714759818,0.4308478992441643
03,234,1,0.4254545454545455,0.4802550668757152,0.5247340202331543,0.011817303530304009,1.1701958040465434,1.2552890265360541,1.080902992595885,2.1055806378002178
03,235,1,0.42727272727272725,0.48244814136922404,0.5326820015907288,0.009206363522247752,2.6965303392209203,2.0901089917264293,1.7074266026827274,1.8894324856113198
03,236,1,0.4290909090909091,0.4900593515924777,0.5279064774513245,0.0112785826502753,0.6524347402399042,0.8220453573610709,1.3309815043276498,2.121385595989349
03,237,1,0.4309090909090909,0.5001063608526469,0.510547399520874,0.015110216026459606,1.498289603416481,-0.36159820676541066,-0.037400187005821484,2.2141198637134054
03,238,1,0.43272727272727274,0.5041841372535405,0.5073999762535095,0.01172242490784965,0.41701972466059084,0.0007089710408863698,-0.2855053220362742,1.4031383182510593
03,239,1,0.43454545454545457,0.5081112157007766,0.5018354058265686,0.009667235760629373,1.1252601088390102,-0.3916933709963696,-0.7241493746103298,0.7670937341201168
03,240,1,0.43636363636363634,0.5100813677536328,0.5079829096794128,0.005221619230597481,1.3378853546402938,-0.5577928132373637,-0.23955383599143323,0.10797145939431109
03,241,1,0.4381818181818182,0.5126585535925361,0.5260077714920044,0.002793301029212032,2.9790765012322478,-0.6904426078965386,1.1813102785650313,0.32602305937548165
03,242,1,0.44,0.5123564365528717,0.5223143696784973,0.0013374281065503734,4.824076286330345,1.4073239275261313,0.8901667373821509,-0.1147502935364183
03,243,1,0.44181818181818183,0.5148968663686799,0.5739247798919678,0.0005708276777183732,9.735523990875622,5.105297183149411,4.958513034419048,1.7639823243723807
03,244,1,0.44363636363636366,0.5146630496429716,0.6146990060806274,0.002079738597133384,11.521658421279819,6.839883456058026,8.172664432229142,3.6770139099887356
03,245,1,0.44545454545454544,0.5185114876432599,0.6147669553756714,0.0010923976439982186,12.288703255957008,7.188112963520056,8.178020740418418,3.479492852243902
03,246,1,0.44727272727272727,0.5197481699986997,0.6130759119987488,0.0007483205193891755,12.162750480226533,7.613292087104957,8.04471914424478,3.3430748993155968
03,247,1,0.4490909090909091,0.5215539321567886,0.5986595153808594,0.000598180027202125,12.666228060175092,8.6175233083338,6.908303185634601,2.7444235274766586
03,248,1,0.4509090909090909,0.5214648738164513,0.5938597917556763,0.0014040945653534453,12.092539544039676,6.769688758463601,6.529950489801588,2.718659276298915
03,249,1,0.4527272727272727,0.5238665614014526,0.5941046476364136,0.0010494840333878054,12.586811889924164,6.479837764581223,6.549251993346804,2.6564070559684527
03,250,1,0.45454545454545453,0.5252969385502619,0.5788282155990601,0.0008241674638963286,12.615970498393025,6.1819780237555,5.34504114801464,2.008615085526415
03,251,1,0.45636363636363636,0.5267919146032909,0.5811588764190674,0.0006149751406374476,12.261342771344392,6.321783174290287,5.528762518906805,2.058058672698278
03,252,1,0.4581818181818182,0.5270457638525967,0.6025291681289673,0.0015537904134423509,13.786995759573257,7.198603109106505,7.213340238497911,3.0907073844594466
03,253,1,0.46,0.5288908736600249,0.6029239892959595,0.0011775615841296506,13.758504197051067,8.469696281762317,7.244463208187177,3.029982440729919
03,254,1,0.4618181818181818,0.5291949315638226,0.6062958240509033,0.0020559232758958924,12.787015580118512,8.383050830200657,7.510258255790107,3.340981883471551
03,255,1,0.4636363636363636,0.5319083999910394,0.5835028290748596,0.0008247908810426432,10.74665253823909,7.508009887533331,5.713531658857048,2.192986748771525
03,256,1,0.46545454545454545,0.5322608637757555,0.5433496236801147,0.0012436106642902279,4.617532759442848,3.065101722065385,2.548334098787362,0.6953103962352064
03,257,1,0.4672727272727273,0.5361557985413503,0.5243992209434509,0.001347549120514836,2.1523223537286293,-0.3868224773636132,1.0545114284738122,-0.030525750102646576
03,258,1,0.4690909090909091,0.5363784356657824,0.5254655480384827,0.0008032043635679357,3.6481380867428883,1.5349124566989782,1.1385678789178004,-0.09887215379042813
03,259,1,0.4709090909090909,0.53925019773347,0.5390271544456482,0.0009804343400233412,2.444749496350003,1.7071366209876297,2.2076024202100792,0.47158133674817526
03,260,1,0.4727272727272727,0.5391202448192851,0.5252085328102112,0.0011696660662042146,1.792291554511954,0.9024905945883118,1.118307878117662,-0.0346961671814785
03,261,1,0.47454545454545455,0.5423549769187253,0.517470121383667,0.0008257253820731977,2.861203682055807,0.6654776368919935,0.5083042501303758,-0.40943747052164714
03,262,1,0.4763636363636364,0.5444029848414125,0.5179738402366638,0.0008825388839219084,1.3950830944675152,-1.1503547479381966,0.5480114084703503,-0.37806404275646527
03,263,1,0.4781818181818182,0.5495639463515918,0.5282093286514282,0.004037363100193687,0.6812424245368209,0.26310374845560425,1.3548546638975718,0.6650487874583183
03,264,1,0.48,0.5570974232418635,0.5262270569801331,0.008992402835934983,1.3956399328229976,0.9630682313040472,1.1985961187653351,1.5916332833009001
03,265,1,0.4818181818181818,0.5649178298571219,0.5191497802734375,0.012318514845548785,0.44166852248999733,-0.6826898782735126,0.6407084297565128,1.9871119882714774
03,266,1,0.48363636363636364,0.5695551177651295,0.5202538967132568,0.011315089518957168,0.560257691009168,-0.7772423263050573,0.7277437393162912,1.8271690665549463
03,267,1,0.48545454545454547,0.578333569348795,0.5271228551864624,0.013805507871693446,0.9793887611009635,1.2090582065782554,1.269210115060623,2.602874513285803
03,268,1,0.48727272727272725,0.581814169299145,0.5370440483093262,0.01009370207274264,1.7434521904165068,0.7690136670481029,2.0512780958544656,2.2412803532028756
03,269,1,0.4890909090909091,0.5921553323714286,0.5236758589744568,0.014255678630705882,0.5604027009975749,0.28990679252911394,0.997490238837801,2.5582939157722784
03,270,1,0.4909090909090909,0.5965784707211055,0.5206080675125122,0.011869441351806105,-0.29580877555102314,0.8207226012060839,0.7556623211239032,1.953532081487133
03,271,1,0.49272727272727274,0.6068079553291172,0.508557140827179,0.015343087720823862,-0.4678921287935029,0.1454966125019028,-0.19428833327609601,2.1828942610806905
03,272,1,0.49454545454545457,0.6063350211645673,0.5082272887229919,0.008836920578103289,0.556478730711284,0.5023125470146679,-0.22028992057386185,0.8506637424492463
03,273,1,0.49636363636363634,0.6106794246167593,0.5094332695007324,0.0059657475470297604,-0.3338042927134016,0.4681637752119744,-0.1252248472461249,0.3160199032113077
03,274,1,0.49818181818181817,0.612559240353739,0.5201977491378784,0.0032145402226767938,-0.16750103760882135,-0.5517928175765291,0.7233177372862054,0.18243979045523775
03,275,1,0.5,0.6128822881829109,0.5100317001342773,0.0011845485615765545,-0.4175417606188557,-0.08969468349213809,-0.07805174705285257,-0.6298583151653779
03,276,1,0.5018181818181818,0.61562418020602,0.5323219895362854,0.001005338905755021,-1.160810757596848,-0.019171758563968917,1.6790475663114761,0.21235370988551516
03,277,1,0.5036363636363637,0.620931398625002,0.5154018402099609,0.003750633111969838,0.9965492431290371,0.019089701730532996,0.345265746474345,0.10211522546036818
03,278,1,0.5054545454545455,0.6232228950666425,0.5139820575714111,0.00347913605154966,0.06438733505243603,0.6958485120832971,0.23334709641421084,-0.008894482459480754
03,279,1,0.5072727272727273,0.6255346952939795,0.5116011500358582,0.0031250226006607883,0.2196263280415691,-1.0581425607962445,0.04566487657155516,-0.17453777332407416
03,280,1,0.509090909090909,0.6227730488450911,0.5178732872009277,0.002978574206990428,0.5079757897889409,0.9672170248025674,0.5400850120534131,0.042977534065970185
03,281,1,0.5109090909090909,0.6289146494153774,0.5096818804740906,0.0015624735930947725,-0.6211212833433162,-1.0960889228503523,-0.10562733719571267,-0.5670157494641632
03,282,1,0.5127272727272727,0.627403731703758,0.5160526633262634,0.002569621184753044,-0.13602806972498568,-1.5657756728908974,0.3965688421925064,-0.11170233433889556
03,283,1,0.5145454545454545,0.6276501223795046,0.5071637630462646,0.0027508911082218136,-0.5988390485247105,-0.2507689652535164,-0.30412554076794135,-0.4252941418826841
03,284,1,0.5163636363636364,0.6267448805041407,0.4992355406284332,0.004184989754966966,-0.021887807650138945,-0.9879150404684445,-0.9290915928155339,-0.446990669213432
03,285,1,0.5181818181818182,0.6292093113344811,0.5171986222267151,0.003096835819924172,-0.23397361629454874,0.5551604300207393,0.4869025099530496,0.04036572155221363
03,286,1,0.52,0.6307976455619011,0.50396329164505,0.0015274377513551135,-0.1811058747211576,-1.6371979407135244,-0.5564123549987937,-0.7995123371341775
03,287,1,0.5218181818181818,0.6296537021546706,0.5011806488037109,0.0031912699635110882,-0.07197425764588554,-0.30574047910890956,-0.7757625723815545,-0.5718187826003127
03,288,1,0.5236363636363637,0.6328656258168361,0.5207958817481995,0.0012373066415848856,0.0026043793917880976,-0.2012493074116059,0.7704673448997001,-0.1949012224072193
03,289,1,0.5254545454545455,0.6323799790058179,0.517733633518219,0.0024960743843292377,-0.1561757575142417,-0.10433034030376921,0.5290763891696644,-0.06036135407681731
03,290,1,0.5272727272727272,0.6281359783900766,0.5360824465751648,0.007532741917904694,-0.05633058009654813,0.6356384899813546,1.9754769379442998,1.6841040337623687
03,291,1,0.5290909090909091,0.6321402464290834,0.5211536884307861,0.004016294670810213,0.2860177011337886,0.016542657620681963,0.798672536180598,0.3826857616763704
03,292,1,0.5309090909090909,0.6288514656010948,0.5176557898521423,0.0067734739825335444,-0.34362146892854945,0.263973550890025,0.5229401273317745,0.8038818784839041
03,293,1,0.5327272727272727,0.6297410641408122,0.5171982645988464,0.0048803353888808455,-1.3148577684812763,-0.2799582220433427,0.4868743188573166,0.40198476487839385
03,294,1,0.5345454545454545,0.6269690630044982,0.5240010619163513,0.006992607808943467,-0.4194036888700004,-0.3279877277900568,1.0231253418910373,1.098407383229532
03,295,1,0.5363636363636364,0.6301328492545308,0.5104231834411621,0.00427008940289755,-0.5272128148510015,-1.0153975151228036,-0.04719189425709435,0.011214498392674934
03,296,1,0.5381818181818182,0.6320109536936597,0.5078310370445251,0.0020704472399894597,0.007531818797854888,-0.8678593286050151,-0.2515256546460605,-0.5369651051115687
03,297,1,0.54,0.6238860481528301,0.5060116648674011,0.010071916543719988,-1.1866138349339737,0.4806790834476213,-0.3949431556719016,1.013752362064548
03,298,1,0.5418181818181819,0.6274321659103884,0.5123286843299866,0.005986207233310333,-0.29777511099382087,-0.6858704011374889,0.10301496232445177,0.43428833749377443
03,299,1,0.5436363636363636,0.6257977418822525,0.4966254234313965,0.006812244543774675,-0.5819743868729869,-1.6974375032755038,-1.1348419557650848,-0.017147810024927934
03,300,1,0.5454545454545454,0.6268753630797825,0.49436822533607483,0.0046508465031750035,-0.033491506922459856,-1.657856569099352,-1.3127724057420895,-0.5443711492194908
03,301,1,0.5472727272727272,0.6267499799413134,0.49629607796669006,0.0034923319881748223,-0.437086206856339,-1.1591118532024782,-1.1608036056772288,-0.7032941457364998
03,302,1,0.5490909090909091,0.6286572624557364,0.504162073135376,0.0024057772434491987,-0.73134047533164,-1.0741534901362615,-0.5407428042871838,-0.6135801441777426
03,303,1,0.5509090909090909,0.6304695977618202,0.4968522787094116,0.0010142585105162422,-0.27345983613775027,-0.5238902119349781,-1.116959404038432,-1.1838411823839732
03,304,1,0.5527272727272727,0.6306739580657145,0.49516794085502625,0.0017585749171235444,-0.4276982602068756,-1.8581244767830645,-1.249732417167076,-1.09930560120464
03,305,1,0.5545454545454546,0.6349703494512771,0.5193690061569214,0.001588167721956064,-0.9117125995114588,-0.24071207974760972,0.6579895714408609,-0.17999739847279866
03,306,1,0.5563636363636364,0.6331950676221363,0.5101423263549805,0.0022422064846756174,-0.23859073432542474,-0.207357618092576,-0.0693313014394349,-0.41104098721394056
03,307,1,0.5581818181818182,0.6370835130194492,0.5069094300270081,0.0012416268159466033,-1.246305746561794,-1.1254587046737377,-0.3241741083500821,-0.7413459643993667
03,308,1,0.56,0.6357687926895852,0.5048063397407532,0.0024564115232339357,-0.1965117358895077,-0.7360268200068621,-0.48995654532412797,-0.5779201024681996
03,309,1,0.5618181818181818,0.6408757694402938,0.502029299736023,0.0018197323155385104,-0.3862109025236588,-0.8306908653318797,-0.7088651022070713,-0.8164713004393059
03,310,1,0.5636363636363636,0.6391204633653179,0.5225834250450134,0.0018548045007230774,0.17836808614003516,0.16652613777486097,0.9113758384053015,0.0007606178516345596
03,311,1,0.5654545454545454,0.647203135922001,0.49340179562568665,0.004746519120164562,-1.2397541952855697,-0.5983912521481207,-1.388954143444651,-0.5630628607127084
03,312,1,0.5672727272727273,0.6455201400176112,0.4850724935531616,0.0024485158922129347,-1.4563527147692026,-0.9835791573896904,-2.045536509356838,-1.357311050293134
03,313,1,0.5690909090909091,0.651960820151781,0.5007211565971375,0.004536460792300202,-1.41608924138814,-1.2066523002219143,-0.8119834318825442,-0.3171701995274042
03,314,1,0.5709090909090909,0.6510184302902039,0.48792335391044617,0.002781941738078255,-0.6958971339652232,-0.6765750030458676,-1.8208088404630016,-1.1773397785803092
03,315,1,0.5727272727272728,0.6549234880522734,0.4899842441082001,0.001969833202723033,-0.807102393874714,-0.924977449223092,-1.6583529527854532,-1.2607798637440406
03,316,1,0.5745454545454546,0.6510988024556155,0.49397870898246765,0.004001399345526778,-0.6868543110881683,-0.881703957542324,-1.343477207511316,-0.6914093762411672
03,317,1,0.5763636363636364,0.6538767087136004,0.4897115230560303,0.0031582153914004275,0.12353400912384635,-0.3779833152658956,-1.6798510125398673,-1.0305653472578362
03,318,1,0.5781818181818181,0.651697838212896,0.4881897270679474,0.0052760013382022065,-0.4413814027129516,-1.4002046766572307,-1.7998111726578487,-0.6611303645179654
03,319,1,0.58,0.6498577716202742,0.503002405166626,0.007285919911496923,-0.39425605668047414,-0.5022633129146064,-0.6321571307174932,0.33023987944666183
03,320,1,0.5818181818181818,0.6575691664547257,0.48846855759620667,0.0025527682032813587,-0.04515030999037539,-1.0824018430332405,-1.7778315150179953,-1.2023197252020428
03,321,1,0.5836363636363636,0.6555027678096041,0.4942459166049957,0.0031167908393398037,0.34368237312368033,-1.327072344425799,-1.3224137604827861,-0.8602462134685329
03,322,1,0.5854545454545454,0.6633018119230898,0.5173704624176025,0.005400443725539895,-0.5133237581613876,-0.37696909280462765,0.5004483314527711,0.5142320772027724
03,323,1,0.5872727272727273,0.6588135026156605,0.5035091638565063,0.003071138768591073,-0.9204886040098449,-0.04199012280583023,-0.5922103480637879,-0.5044011967073084
03,324,1,0.5890909090909091,0.6641722556645362,0.4969659447669983,0.0024875734227726904,-1.3906051860255098,-0.19963442892958697,-1.1079993341112835,-0.880622921999396
03,325,1,0.5909090909090909,0.6636597236632327,0.49812284111976624,0.002440552855955355,-0.528671615334375,-1.57318704608683,-1.0168034886729052,-0.8445591732524143
03,326,1,0.5927272727272728,0.6642262947429443,0.4983396828174591,0.0026647176565973542,-1.4197782954932119,-1.3310931292641592,-0.9997102876267772,-0.7905595645580821
03,327,1,0.5945454545454546,0.6691341752375999,0.5138620734214783,0.0022374784102046795,-0.7539214307263641,-0.8355781703313232,0.22388898379577885,-0.2653895375175525
03,328,1,0.5963636363636363,0.6679675386696162,0.519158124923706,0.0017478849247029343,-0.2790833234881702,-1.226303270693149,0.6413662219902835,-0.15592384902036488
03,329,1,0.5981818181818181,0.672072958799363,0.49964678287506104,0.0018099446362282684,-1.077511219856383,-1.7884057088225673,-0.8966741819805256,-0.9123604492672766
03,330,1,0.6,0.676321842115039,0.5021013021469116,0.0037271180794832674,-0.7210041633579956,-1.5278457222034767,-0.703189294932821,-0.4268803451810224
03,331,1,0.6018181818181818,0.6720908786345059,0.4929530918598175,0.0035277322440735045,-1.5030836336332134,-1.5930579288716729,-1.4243245715576942,-0.8278766590935529
03,332,1,0.6036363636363636,0.6708949273354204,0.4890015423297882,0.00546285939238546,-2.057253805329059,-1.6880075319770476,-1.7358173853438676,-0.5912450038075645
03,333,1,0.6054545454545455,0.6735647034717795,0.48168447613716125,0.004010922056021988,-1.6717389507497538,-0.6494535784586265,-2.3126072040416874,-1.174043492241556
03,334,1,0.6072727272727273,0.6760819965727567,0.48647207021713257,0.0026860653548561714,-1.1531803320068765,-1.3768709955013918,-1.9352106562056202,-1.2539811606810436
03,335,1,0.6090909090909091,0.6739760813154947,0.49191009998321533,0.0034265273612958265,-1.1347988658764168,-1.258945479033959,-1.506541553005102,-0.8895060627825914
03,336,1,0.610909090909091,0.6810070819628493,0.49467864632606506,0.003133172615811598,-1.2518190263210247,-1.1329751106164683,-1.2883025346458183,-0.8398689326624064
03,337,1,0.6127272727272727,0.6795147232861609,0.5102999806404114,0.0019587528337971817,-1.0689440297413026,-0.9434927531195736,-0.05690372673712362,-0.4623019732110296
03,338,1,0.6145454545454545,0.6776935523316465,0.49567893147468567,0.004195900625843756,0.07907684687805598,-0.3111726414823676,-1.20945203988053,-0.5849585387023957
03,339,1,0.6163636363636363,0.6773899789641749,0.49700525403022766,0.004902362933037878,-0.9319414928942227,-1.0795462652296703,-1.104900662838628,-0.38943628814483905
03,340,1,0.6181818181818182,0.6757372219308373,0.49669086933135986,0.007408594378545479,-2.3204933374838905,-1.5287549119179467,-1.12968298524594,0.10635116765781538
03,341,1,0.62,0.6724448084820087,0.4978490471839905,0.009383542819371054,-0.6244420120778345,-1.8918859403319404,-1.0383861217145183,0.5524520672578525
03,342,1,0.6218181818181818,0.6785416155057264,0.49759456515312195,0.003718764171839163,-1.590217235467157,-0.38807958805185155,-1.058446435586548,-0.6062028042509982
03,343,1,0.6236363636363637,0.6730257015085852,0.4848015010356903,0.007247186885276495,-0.7846780492674695,-2.006916491715754,-2.0668983121485427,-0.3949844534810788
03,344,1,0.6254545454545455,0.67298627947753,0.4962262511253357,0.006195539552434308,-0.19492822681610425,-0.19511802081727378,-1.1663079171191033,-0.15792761754707813
03,345,1,0.6272727272727273,0.6758113963340078,0.5114896893501282,0.003246349076233608,1.0218302845078977,-0.148788732659352,0.03687865173476041,-0.15432999715599946
03,346,1,0.6290909090909091,0.6796728959596399,0.502872884273529,0.0031671110915858303,-0.22847773773392688,-0.7736974711006254,-0.642367005888806,-0.5100195980629351
03,347,1,0.6309090909090909,0.6898151728881223,0.5139160752296448,0.01019662239500675,0.07870562130773429,-0.8430584712673419,0.2281458392514666,1.3505829707324006
03,348,1,0.6327272727272727,0.6805640113399899,0.4990454316139221,0.003645187190700025,0.8562868817425697,-0.2597722410181058,-0.9440775094556177,-0.5639372540360634
03,349,1,0.6345454545454545,0.678656426715381,0.5140380263328552,0.007053924588233883,2.0877262042928875,1.0781414522412474,0.23775900289643023,0.7181571740459851
03,350,1,0.6363636363636364,0.6833413129453886,0.5323384404182434,0.004573842633938392,2.24539556468772,0.8908221128737237,1.6803443567151954,0.9365734626412271
03,351,1,0.6381818181818182,0.6878853999032707,0.5121453404426575,0.004907158988841096,-0.42320585076602957,-0.07629972600205812,0.08856232724531773,0.2082676841236617
03,352,1,0.64,0.6892827700355942,0.5149503350257874,0.0025767115048850363,-0.2317143606751691,-0.16552504440694274,0.30967448811139303,-0.15371183526806734
03,353,1,0.6418181818181818,0.6886932725058923,0.5100575685501099,0.0020948147002538987,0.24738414002241976,0.38217806059114,-0.07601259112816332,-0.44426768001280686
03,354,1,0.6436363636363637,0.6919133687540766,0.5132756233215332,0.0012833961218960133,-1.4056833246200602,-0.15324277757825386,0.17766028530956307,-0.4819593709506753
03,355,1,0.6454545454545455,0.6998798035447567,0.507994532585144,0.006191618571873321,-1.1695403588989441,0.22541340372181634,-0.2386376253801097,0.30511248663448404
03,356,1,0.6472727272727272,0.7012332208940889,0.5213301181793213,0.004718622770802931,-0.6183341913661353,-0.10579423421226607,0.8125801434088934,0.5320478505184143
03,357,1,0.649090909090909,0.7073052231859787,0.5197862982749939,0.007630824588100172,-0.677970999198361,0.3293761294117926,0.6908838816453529,1.0616953399075166
03,358,1,0.6509090909090909,0.7068831496714372,0.5180000066757202,0.003615696595442812,0.42346396854539387,-0.48055107478746123,0.5500740569748171,0.1771588380618925
03,359,1,0.6527272727272727,0.7223396106936877,0.5053493976593018,0.014269779196447464,0.14009414979991544,-0.3972994938567118,-0.44714836645352,1.8388337289558476
03,360,1,0.6545454545454545,0.7193594164160202,0.5187334418296814,0.008013626705015934,-0.7419349050846489,-0.773146049179936,0.6078892958073088,1.0978173150373558
03,361,1,0.6563636363636364,0.7345780006435283,0.5247043967247009,0.016361668478572497,-0.05120882730601608,-1.2387266752753476,1.0785678301659989,3.0258559260068214
03,362,1,0.6581818181818182,0.7395004285654008,0.5142766237258911,0.01446590203605756,-1.215856549196111,0.020435433798882123,0.2565671622663176,2.2304585441901215
03,363,1,0.66,0.7298127352269397,0.5133927464485168,0.006397057655535348,-0.4745770892590614,-0.9083757106823361,0.18689286916213083,0.5595338026623619
03,364,1,0.6618181818181819,0.7391023307993425,0.5119313597679138,0.006226569391492298,-0.29703846025271374,0.3456594874388171,0.07169465496505403,0.46736546597710577
03,365,1,0.6636363636363637,0.740024520544515,0.514595627784729,0.0033764352269804216,-1.0210414301709643,-1.4217659302108536,0.2817136196601815,-0.005535459989888081
03,366,1,0.6654545454545454,0.7315459184366357,0.5084162950515747,0.009808567520588606,-0.5065604923020894,0.244417766345576,-0.20539092647895482,1.0551302389983528
03,367,1,0.6672727272727272,0.7413667702790909,0.5115942358970642,0.00444204942007051,-1.1404977584208082,-0.8002576269471647,0.04511984872071655,0.0922380210173027
03,368,1,0.6690909090909091,0.7366309889115534,0.5114796161651611,0.006468120644706369,0.5337208631307035,-1.6890972467250767,0.036084602538280025,0.49853883001354915
03,369,1,0.6709090909090909,0.7332876661452032,0.5060039162635803,0.008348865570920393,-1.445848191209006,-1.6566651038778626,-0.39555396274611726,0.6640707419141609
03,370,1,0.6727272727272727,0.7312066562587516,0.5228332281112671,0.008745661857544123,-1.7715029225739394,-0.342593844141651,0.9310673187748238,1.4078381930506765
03,371,1,0.6745454545454546,0.7390586571787716,0.5155255794525146,0.005073652065942331,0.20545885217421403,0.28923064422160194,0.3550198655979738,0.37525559466504216
03,372,1,0.6763636363636364,0.7337964709652423,0.5213491320610046,0.005494003331502588,-1.000829937986809,-0.06858310138574397,0.8140789699986996,0.6900181069625917
03,373,1,0.6781818181818182,0.7371976304124561,0.5042587518692017,0.0026846954596302292,2.70600239166366,0.7174688465569939,-0.5331218114073544,-0.5532145065074314
03,374,1,0.68,0.7330459952618633,0.5164386034011841,0.006513340615116952,-0.37490012342791984,-0.38646142729649513,0.42699173300440263,0.7031614694219055
03,375,1,0.6818181818181818,0.7375789381086535,0.5169737935066223,0.00385780750786482,-0.1379886047682471,-0.10507541635136738,0.46917970776888396,0.18580353358819598
03,376,1,0.6836363636363636,0.7389735507997306,0.5157288312911987,0.001941674960161764,0.15276222238714304,0.27843852948810943,0.37104180500624656,-0.2517920200899433
03,377,1,0.6854545454545454,0.7386930143941133,0.5197252631187439,0.0025273166869575316,-0.9679474730156583,0.17384232504400782,0.6860726013069155,0.0244716298699858
03,378,1,0.6872727272727273,0.745929359373448,0.5184980034828186,0.0046120025591829105,1.1203964738278425,1.1510702835257578,0.5893301577830632,0.3988038999739206
03,379,1,0.6890909090909091,0.7465817218731978,0.5128848552703857,0.00256623921579666,0.5305509447841286,-0.8696580143939305,0.1468568147052709,-0.23724409652370138
03,380,1,0.6909090909090909,0.7502916476765847,0.49752819538116455,0.0035027538932874535,-0.2454526069768397,-0.22879086298603893,-1.0636782331030028,-0.6526182510558838
03,381,1,0.6927272727272727,0.7428816690379324,0.5235975384712219,0.00673674896457842,-0.3564635535018653,0.26409171273017273,0.9913163888722671,1.0306234229193487
03,382,1,0.6945454545454546,0.7427754393822101,0.5164784789085388,0.007890142281255468,-0.26959967024635834,-0.44698982991216896,0.43013504017863563,0.9839017400353514
03,383,1,0.6963636363636364,0.7449672651406465,0.5031771063804626,0.005156852969592863,-0.3690504204955851,-1.1125528059109357,-0.6183857804519075,-0.09457691088519324
03,384,1,0.6981818181818182,0.7493279157909924,0.5122698545455933,0.0037318799898101796,-1.0722792594746617,-0.42846796146901256,0.09837752707636813,-0.025131380492798214
03,385,1,0.7,0.7577674168582756,0.5115489959716797,0.008534862347155404,-0.30288526298528035,0.697177832784959,0.041553675110488096,0.9203383899798985
03,386,1,0.7018181818181818,0.7537196515038549,0.5168074369430542,0.0036384391494941925,-0.42119021192717354,0.1741508587377269,0.4560661497370689,0.13476630199016393
03,387,1,0.7036363636363636,0.7571146836302018,0.5054782032966614,0.0034487986168914536,-0.13687492805728205,0.3655796043237216,-0.4369948734736732,-0.35021686878965996
03,388,1,0.7054545454545454,0.7559952347862954,0.4974122941493988,0.0027316643327107023,-1.4450651372716088,0.3516857412863512,-1.0728144973784828,-0.8135371572549288
03,389,1,0.7072727272727273,0.7682416989024852,0.5036628246307373,0.007847970034653358,-1.611472799567842,0.021003267086258704,-0.5800975739304954,0.4702343336827842
03,390,1,0.7090909090909091,0.7675535264590583,0.5030090808868408,0.005734209736522503,-0.9463380845432606,0.20960269305538282,-0.6316308969304767,0.01586887420967703
03,391,1,0.7109090909090909,0.7602814075553234,0.5177333950996399,0.006189360562361678,-0.9508449949829474,0.947214851084227,0.5290575951058424,0.6885022492381805
03,392,1,0.7127272727272728,0.775254553702252,0.4987866282463074,0.007992104603286627,-0.38695045346453405,0.5202337594370733,-0.9644784657344214,0.3072694829995506
03,393,1,0.7145454545454546,0.7634100283560803,0.5045276880264282,0.008667250471874293,-0.7628743474106067,-0.17669462057424049,-0.5119221074161149,0.6704443140586704
03,394,1,0.7163636363636363,0.7836466660570048,0.5012378096580505,0.012777304865651469,-0.3990964900934968,-0.15544846526101144,-0.771256695580225,1.3741564596106794
03,395,1,0.7181818181818181,0.7746154932042886,0.5049402117729187,0.007953549527328333,-0.6824547080399027,0.42598328055257284,-0.4794036784880633,0.5419892166798782
03,396,1,0.72,0.7836869668260341,0.5092323422431946,0.006888441807708114,-0.6864946863169192,0.06279645349184272,-0.141063544532133,0.4951916127990483
03,397,1,0.7218181818181818,0.7773064640705836,0.5028838515281677,0.006830438832154997,-0.3875855972137563,0.31817044823778307,-0.6415024789529931,0.233211112124742
03,398,1,0.7236363636363636,0.7803923897253737,0.5037007331848145,0.004701815336676676,-0.09144329868939724,0.15976465469974097,-0.5771093177827942,-0.16620485688061531
03,399,1,0.7254545454545455,0.7742124796275367,0.503400981426239,0.00903233100220817,-0.6510542451502704,-0.1299222255157647,-0.6007381545230299,0.7000622226806129
03,400,1,0.7272727272727273,0.7920034950293573,0.5105612277984619,0.008859437793800396,-0.48057760257933935,0.31289255271118455,-0.036310131304144275,0.9472193636662608
03,401,1,0.7290909090909091,0.7848254177794936,0.5142756700515747,0.004370338829517715,-1.0316445605232774,1.0332497998051229,0.2564919860110295,0.18338361743386802
03,402,1,0.730909090909091,0.7892737810102994,0.5178928375244141,0.005233503175483125,-0.696564179911895,1.0115506907713276,0.5416261252868189,0.5009711004370647
03,403,1,0.7327272727272728,0.7869815415656121,0.5055484771728516,0.005330679199732338,-0.4957920505629923,1.310227717658073,-0.4314553231621326,0.03413437350208712
03,404,1,0.7345454545454545,0.7930717641331895,0.5026410222053528,0.0034176743004478228,-0.5729315639959319,-0.08753822990944204,-0.6606442329557213,-0.46835250281782387
03,405,1,0.7363636363636363,0.7931715097685036,0.5144792795181274,0.0017857500149608488,0.0195531468367877,-0.08171547700882899,0.27254211651503535,-0.33265814748091393
03,406,1,0.7381818181818182,0.7948442027463026,0.5166919827461243,0.0014095698327137424,-0.34174793987833213,0.6794469922161249,0.4469651243312553,-0.3217232081742819
03,407,1,0.74,0.796932463140474,0.5067604184150696,0.0012870662141598204,-0.24031345298769882,0.046086399930951476,-0.3359203982388451,-0.7380055426625931
03,408,1,0.7418181818181818,0.7971219668768385,0.5031023025512695,0.0016275002434538322,-0.647707414617839,0.03852075988815942,-0.6242824179760665,-0.8131580936877001
03,409,1,0.7436363636363637,0.8008580467033704,0.5165718793869019,0.001096028897165825,-0.36164331028776014,1.81713872961849,0.4374976146809123,-0.39003241581216624
03,410,1,0.7454545454545455,0.8011472966113535,0.5051583647727966,0.0008512274265552771,-0.42544480498703224,0.29514530077566326,-0.4622071100909142,-0.8895222021474798
03,411,1,0.7472727272727273,0.7983279756405723,0.5002598166465759,0.0049314498656116024,-0.79576841318083,0.37373277129391486,-0.8483499453781546,-0.25526308737979486
03,412,1,0.7490909090909091,0.804760796691126,0.5106607675552368,0.0017478073699445534,-0.3958105637561962,0.2406562811008733,-0.028463609658450573,-0.49085449031570827
03,413,1,0.7509090909090909,0.8070073245854864,0.5104809999465942,0.0018102602981878515,-1.558752968182626,0.6957533261565114,-0.042634333780254295,-0.48527651964269114
03,414,1,0.7527272727272727,0.8105447020866736,0.5162938833236694,0.0034893715313641786,-0.17398588429037837,0.37729075559169645,0.415583736264436,0.08429924514031474
03,415,1,0.7545454545454545,0.8077398934019762,0.5124590992927551,0.002975161664325313,-0.36812815696931717,-0.18264209986167615,0.11329531523509717,-0.17110926209411942
03,416,1,0.7563636363636363,0.8159527304454515,0.5054527521133423,0.004195069080961051,-0.5929661439942306,0.4934504090035883,-0.439001139786674,-0.1999016977155882
03,417,1,0.7581818181818182,0.8206534012570894,0.5082064867019653,0.006097756454017623,0.10671285046864483,0.5331330936532004,-0.2219297026423332,0.2944343983789486
03,418,1,0.76,0.8213533806926389,0.5077489614486694,0.003885123438526571,-0.4139252115079874,-0.09336426508339254,-0.2579955111167912,-0.17224533285833493
03,419,1,0.7618181818181818,0.8228638863131361,0.4918525218963623,0.0028807466563052103,-0.3042309556776965,-0.6994064963810787,-1.5110803194181202,-1.002441236392463
03,420,1,0.7636363636363637,0.8194524684575974,0.5058491230010986,0.0049978633926563865,0.4762244027273639,-0.7034765153195004,-0.4077560086825643,-0.02149971137654319
03,421,1,0.7654545454545455,0.8178501644441218,0.5122852325439453,0.00747510190916849,-0.32948879545841203,-0.4912315922274809,0.09958974419288848,0.7344730007656695
03,422,1,0.7672727272727272,0.8234770264346218,0.5150951743125916,0.00342645139528387,0.31440195626455714,-0.9858504905391967,0.3210918818832707,0.024295251334434276
03,423,1,0.769090909090909,0.828343876121437,0.5091511011123657,0.0038440983702822755,0.14821470915070237,-0.5388278378936534,-0.14746762177948658,-0.12529987867879744
03,424,1,0.7709090909090909,0.8331927180408945,0.5039417147636414,0.0066673520032750466,0.33818069416352214,-0.12517605826983094,-0.5581132177746866,0.2418372728003464
03,425,1,0.7727272727272727,0.8378304767533289,0.5182183384895325,0.007870048319885232,0.9547080610741074,-0.24875364942433012,0.5672847209198327,1.0484022074993262
03,426,1,0.7745454545454545,0.8373066822726096,0.5214924812316895,0.0034619694368588127,0.10752490640372352,0.6587916461036345,0.8253789008716895,0.2836406133465668
03,427,1,0.7763636363636364,0.8364250404709739,0.5015704035758972,0.0026328764354970253,-0.24310054496487965,0.23559829788788306,-0.7450389765485059,-0.6696802272219446
03,428,1,0.7781818181818182,0.8368799311388162,0.5121999979019165,0.0035532804188103824,-0.11737398481632082,0.13344082253349707,0.09287086637651602,-0.06409863799270263
03,429,1,0.78,0.8388035468136323,0.5210500359535217,0.002664379421247777,0.7342551760986189,-0.7045596655208546,0.7905018169339744,0.10447790508102212
03,430,1,0.7818181818181819,0.8381465574517146,0.514072597026825,0.0034517248954682596,0.5599038666374552,-1.3536686052790503,0.24048414215062325,-0.01088401106850706
03,431,1,0.7836363636363637,0.8432718256742329,0.49991756677627563,0.0014635745322737327,-0.6788642607269476,-1.0376808688106627,-0.8753288239946655,-0.9719198634497229
03,432,1,0.7854545454545454,0.8451035819841367,0.5114538073539734,0.0015836345413628283,0.2986973745200888,-0.5977151038406088,0.03405014512954627,-0.4928862866905356
03,433,1,0.7872727272727272,0.8481008311615058,0.4968627393245697,0.0025249710074018005,-0.6029109289991764,-0.15123074402240505,-1.1161348144882408,-0.8771077021742402
03,434,1,0.7890909090909091,0.8496846919329244,0.5066708922386169,0.001841476740777702,-0.19482091942468313,-0.3110413505488701,-0.34297756920401395,-0.6291185030138948
03,435,1,0.7909090909090909,0.8446560305020876,0.5119069814682007,0.006128684359287222,-0.25077157335160516,-0.08448899797896317,0.06977296193925239,0.4465568594415791
03,436,1,0.7927272727272727,0.8480175209269878,0.50929194688797,0.003945093919165834,-0.07329674874015656,-0.6302982312613448,-0.13636502857662777,-0.09927011491606999
03,437,1,0.7945454545454546,0.8523858503720988,0.5014362335205078,0.002975785785608654,-0.4261611543297624,-1.4440197434386757,-0.7556153359643482,-0.6054380370948618
03,438,1,0.7963636363636364,0.8507816893079534,0.5038233399391174,0.002664956397774099,-0.25427791487128426,-0.7005815502358811,-0.5674444704623199,-0.5743782473736718
03,439,1,0.7981818181818182,0.8563799870470222,0.5015508532524109,0.0031752320965654623,-0.6738498153278366,-0.538456941006523,-0.7465800897819117,-0.5604794760165641
03,440,1,0.8,0.8623795950560263,0.5114696621894836,0.0062438509693359245,-1.094300476314135,-1.8284822662726719,0.035299950373710656,0.4526722307269699
03,441,1,0.8018181818181818,0.8660910526901756,0.521295428276062,0.006364790071225547,-0.6457671809729545,-0.7501898294579024,0.8098456071227893,0.8644674014615564
03,442,1,0.8036363636363636,0.8611367905485887,0.5232114195823669,0.0037977375316583157,-0.4008395101541478,0.573015996976396,0.9608794025125044,0.41947322996599423
03,443,1,0.8054545454545454,0.8618668718317392,0.5069838762283325,0.003874466676888942,0.5760956819429707,-0.009942005939096362,-0.3183056619216561,-0.2045612375810137
03,444,1,0.8072727272727273,0.8626791668322408,0.504524290561676,0.004433892872566557,-0.4750034186249777,-0.8525343943925222,-0.5121899228255786,-0.18807073556555587
03,445,1,0.8090909090909091,0.8656051301360401,0.4933761656284332,0.002368244012966048,-0.6640268387131526,-1.617894891216058,-1.3909745053055182,-1.0463064590727493
03,446,1,0.8109090909090909,0.8646715652389185,0.4990662634372711,0.002394906771408538,0.27881360490973334,-1.0376546106239632,-0.9424353781291687,-0.8166305936303843
03,447,1,0.8127272727272727,0.8622580963548084,0.5030139088630676,0.005692069328101084,0.546174320935089,0.10462574490413853,-0.6312503171380808,0.007514520509584677
03,448,1,0.8145454545454546,0.8644969269699427,0.5024629831314087,0.003821563716666278,0.366237226720491,-0.8597061616348218,-0.6746787001148155,-0.3934746802463176
03,449,1,0.8163636363636364,0.8643412682704593,0.5059794783592224,0.004161143577643011,-0.08273399878567823,-1.1961162028087418,-0.3974803542878744,-0.18602024481362664
03,450,1,0.8181818181818182,0.8617517180886841,0.5101137161254883,0.006434728293023011,1.5543330637359833,-0.5378497204390972,-0.07158658909807741,0.4379323993918033
03,451,1,0.82,0.8680506270179468,0.5143991708755493,0.0018633021106718834,0.9633680575817681,0.12300319332044772,0.2662273110708363,-0.32009061912571113
03,452,1,0.8218181818181818,0.8645778964531179,0.4936071038246155,0.00432672080681522,-0.6278816490028463,-0.755484136351188,-1.3727701052359134,-0.64009168177729
03,453,1,0.8236363636363636,0.8670346172118074,0.49554190039634705,0.0023644666212859966,-1.0195652284889818,-0.5897424619039745,-1.2202539280622364,-0.961712097190756
03,454,1,0.8254545454545454,0.8702340849238774,0.501050591468811,0.0020908484087531092,-0.34249329121874367,-0.08303495089047863,-0.786014734196467,-0.8000729807545716
03,455,1,0.8272727272727273,0.8673562504491512,0.5077353119850159,0.00436253812571104,-0.5543441836819343,-0.48935741415180445,-0.25907147127060187,-0.07597982900051284
03,456,1,0.8290909090909091,0.8715008716000977,0.5170626640319824,0.0013336388083539377,-0.5173695368379404,-0.7046548514476403,0.47618519505854223,-0.3225094056750071
03,457,1,0.8309090909090909,0.8803254390610833,0.5079376697540283,0.007049500841674978,-1.4021276797043227,-0.6447336693993923,-0.2431200096016617,0.47682068224026986
03,458,1,0.8327272727272728,0.8750727585696407,0.5122861862182617,0.0029256004839279537,0.13269283999162676,-0.8255573898321283,0.09966492044817656,-0.1879737836059392
03,459,1,0.8345454545454546,0.8799434477188262,0.5087023377418518,0.004023924166056566,-0.8597845226629444,-0.26537836387844804,-0.18284274840848533,-0.10652487810581446
03,460,1,0.8363636363636363,0.8793420520775843,0.5113126039505005,0.002574917717907779,-0.4948436852388111,-1.0239150144334523,0.022919360830954423,-0.2974531179841686
03,461,1,0.8381818181818181,0.8770618226811439,0.5118882060050964,0.005853583848814641,-0.10685786045705173,-0.8995562422246433,0.06829292941326826,0.3900358030035956
03,462,1,0.84,0.8791483588713589,0.5194485783576965,0.003145515224087288,0.435534599980385,-0.8574578043986776,0.6642620902414603,0.13891604154259335
03,463,1,0.8418181818181818,0.878019034080255,0.5121649503707886,0.005099368430148231,-0.23859073432542474,-1.2903896576066043,0.09010813899467895,0.24801413660917124
03,464,1,0.8436363636363636,0.8827781463827025,0.5065711736679077,0.0018183858679229137,0.18099276693020022,-0.8387685400153119,-0.3508381863975742,-0.6377308563810606
03,465,1,0.8454545454545455,0.875461446437081,0.5196369290351868,0.008034876239958898,-1.237387632274769,-1.3353929073362016,0.6791094006608568,1.1377360514440946
03,466,1,0.8472727272727273,0.8825573024746388,0.5144057273864746,0.003237957725529312,-0.6015478351081515,-1.531265851021086,0.2667441478259419,-0.04109873003443418
03,467,1,0.8490909090909091,0.8761858485434384,0.510068416595459,0.007762615973405789,-1.1500249146591421,-0.7004469770290462,-0.07515746122426137,0.705397485329071
03,468,1,0.850909090909091,0.8860028130383463,0.5071075558662415,0.004295897316424222,-1.303201865613129,0.45928194356087015,-0.3085562413139828,-0.1142347067970665
03,469,1,0.8527272727272728,0.879967876268292,0.5094662308692932,0.004521679521415859,-1.5298727788915059,-0.933714860847349,-0.12262656792273052,0.02451109273938261
03,470,1,0.8545454545454545,0.8952566173321642,0.5051447153091431,0.009833675077810479,-1.4510627503921185,-1.117745362330761,-0.4632830702447249,0.9312751269820392
03,471,1,0.8563636363636363,0.8889643620552229,0.5139560699462891,0.005427529955060054,-0.9241109535202495,-1.1010615669565693,0.23129854345761058,0.3851493506114159
03,472,1,0.8581818181818182,0.896447057976966,0.5220402479171753,0.005757231177153845,-1.2339421949502207,-1.2171325989883501,0.8685582625027825,0.7706314201999318
03,473,1,0.86,0.8906130665813174,0.5175913572311401,0.005717403417991531,-0.6088447377247872,-0.30476892620102825,0.5178610315838734,0.5872070878685003
03,474,1,0.8618181818181818,0.8963461275093917,0.5166353583335876,0.0038804581027824443,-1.0157195635964307,-0.29617921687695586,0.44250153417352533,0.17705721814858139
03,475,1,0.8636363636363636,0.898093011582534,0.5226128697395325,0.002479588379755526,-0.35090677074611254,0.66591746151921,0.9136969052873211,0.12860610217524027
03,476,1,0.8654545454545455,0.89941208214452,0.523414671421051,0.002060034418903523,1.6083579850168617,0.15841235808471696,0.9769013419207772,0.07513702671043637
03,477,1,0.8672727272727273,0.9004921161516423,0.5109893083572388,0.001412377022595882,-1.528912812768252,-1.8837820074618086,-0.0025653897117058457,-0.5459192624293793
03,478,1,0.8690909090909091,0.9007384088742497,0.523460865020752,0.002091907645947121,-0.6853404068092002,-0.8499775034626589,0.9805426917862937,0.08342050956445718
03,479,1,0.8709090909090909,0.9030740541120121,0.5150017738342285,0.0011732589336454448,-0.8961327263570203,-0.6287030464193505,0.313729307380994,-0.4362569410587274
03,480,1,0.8727272727272727,0.8992144190546947,0.5091040134429932,0.0059592284390862105,0.044213545465266756,-0.7203441180005886,-0.1511794493843357,0.30172074846232516
03,481,1,0.8745454545454545,0.8998693777981922,0.5126057267189026,0.005254853923132368,-0.37909381229264766,-0.5750083368922203,0.12485366448563999,0.29691407651574575
03,482,1,0.8763636363636363,0.9016257879490238,0.5117340683937073,0.003372067824719073,-0.16387288769888048,-1.8076562419466347,0.056142567152331777,-0.11920654709058176
03,483,1,0.8781818181818182,0.903317400844318,0.5157957673072815,0.0018992097111305323,-0.8627282254276046,-0.2835523113478361,0.3763182384242789,-0.25776431362019553
03,484,1,0.88,0.9022912260525782,0.5144794583320618,0.002960002532153881,0.747854212811419,-0.5829284624554555,0.2725562120629018,-0.09455257082890453
03,485,1,0.8818181818181818,0.9019423011932262,0.5291585326194763,0.0040781291409767596,-0.2093219182653741,-1.1727267230061664,1.4296785304889923,0.7107266892714608
03,486,1,0.8836363636363637,0.9079540395911633,0.4989849030971527,0.001875208256154321,-0.6103615422035235,-1.3882736130756475,-0.9488488524084333,-0.9252145389346964
03,487,1,0.8854545454545455,0.9081768323795233,0.5251523852348328,0.0017594782974192367,-0.285333253988508,-0.4583760361197376,1.1138818760875762,0.08268472026478552
03,488,1,0.8872727272727273,0.9103167369620954,0.5249403119087219,0.0014975991686016726,-0.8544017518932799,-0.2701343779443941,1.0971645563178885,0.02122586736150578
03,489,1,0.889090909090909,0.9139145318707439,0.5165629982948303,0.002572572166067001,0.8055913897955141,0.09736535628172811,0.436797535803542,-0.09098962874826785
03,490,1,0.8909090909090909,0.9169234273957487,0.5191192626953125,0.002588410021692396,0.6556046585864793,-0.48323925665082207,0.638302789587294,0.012974377357002687
03,491,1,0.8927272727272727,0.9193378702100705,0.5193235874176025,0.0027605058848678265,0.3850566230159398,-0.892988413276432,0.654409302282766,0.05592282979596985
03,492,1,0.8945454545454545,0.9231377640145517,0.523097574710846,0.0037701402317122227,-0.3044832730575245,-0.386858582370325,0.9519052370374894,0.40939035209757324
03,493,1,0.8963636363636364,0.91951312553943,0.5258944630622864,0.0030597550065235997,0.3350977818099913,-0.4257436745989399,1.172378399733616,0.3755849368753816
03,494,1,0.8981818181818182,0.9247533117505801,0.5120431780815125,0.0016708017887107315,-1.1854566552264865,-0.08724938985574761,0.0805090708975818,-0.45198226654050566
03,495,1,0.9,0.9214724643156766,0.5297037363052368,0.004457535736156303,0.353328437552508,0.20769569224633197,1.4726558559339986,0.8091461235581853
03,496,1,0.9018181818181819,0.9218515931438124,0.5235517621040344,0.004612055434422101,-0.09742931101083446,-0.03403717450922063,0.9877079286184391,0.5980035066942935
03,497,1,0.9036363636363637,0.9242212882767794,0.5265934467315674,0.0022567687156187744,-0.21691174105859176,-0.28923064422160194,1.2274778963438255,0.24031633753007842
03,498,1,0.9054545454545454,0.9248484140740696,0.5172080397605896,0.002470732470817404,-0.39870496312479814,-0.6310662832223051,0.4876448754740194,-0.08621559028727857
03,499,1,0.9072727272727272,0.9248491805829546,0.5149648189544678,0.002493741542804755,-0.5722993204464778,-0.5094974433503172,0.3108162274885808,-0.16996445594729295
03,500,1,0.9090909090909091,0.9278878933040715,0.530556321144104,0.0009696678144308315,0.7300092836380646,0.05245072793224162,1.539863428161545,0.13552875500156913
03,501,1,0.9109090909090909,0.9230559097700867,0.5172277688980103,0.006640266462556986,-0.37575278215975244,-0.43042419637812496,0.48920008425529166,0.7600018960747834
03,502,1,0.9127272727272727,0.926952813307294,0.5368314981460571,0.0035515736326451846,-1.2321382706944388,0.42664958204007253,2.034523187957134,0.9063814445315665
03,503,1,0.9145454545454546,0.9236991893297324,0.5250152349472046,0.006231742084544177,-0.7657281439824546,-0.409952657572531,1.1030705908739586,0.9841022804002328
03,504,1,0.9163636363636364,0.9262040431320987,0.5091699361801147,0.0038429209354204864,-0.4850642116206491,-1.372666403356135,-0.14598289073754694,-0.12479625695810655
03,505,1,0.9181818181818182,0.9255606502252847,0.538088321685791,0.0036618208326931346,-0.6143754186826267,0.14766291290461114,2.1335960953949167,0.9782722860503597
03,506,1,0.92,0.9286003405746515,0.5197710394859314,0.0019192643371742603,-0.7268799680882435,-1.1584455517149785,0.6896810615607435,-0.09701650501359382
03,507,1,0.9218181818181819,0.9309301966948674,0.5203121304512024,0.0008532712287713124,0.12889647849513386,-0.293468059100233,0.7323341894048199,-0.2918371387246743
03,508,1,0.9236363636363636,0.9303376969449886,0.530994176864624,0.0017305928849118567,0.3237638011161072,-0.16761913479622748,1.5743787263706863,0.307076164796681
03,509,1,0.9254545454545454,0.9312397636651244,0.5105192065238953,0.0018619396179985082,-0.4591306252939574,-1.3647725359795992,-0.03962258505277545,-0.473291834426793
03,510,1,0.9272727272727272,0.9331210574782556,0.5210825204849243,0.001492174636757877,0.0932791251426287,0.15574386986138078,0.7930625081297247,-0.1319250675549497
03,511,1,0.9290909090909091,0.9376597112119571,0.5150963068008423,0.002038878822968307,0.1567818992657826,-0.7259108535808816,0.3211811536864253,-0.2570127037464213
03,512,1,0.9309090909090909,0.9376297361717257,0.5023050904273987,0.0011595806282201125,-0.06129282189983258,-0.02919910360983864,-0.6871250688809487,-0.9394576249681892
03,513,1,0.9327272727272727,0.9369318979140199,0.520491898059845,0.002225151390920709,-0.5133788619569822,-0.32402930614510794,0.7465049135266236,-0.006581073495424972
03,514,1,0.9345454545454546,0.9371589906943396,0.5216453075408936,0.0034210921728248397,0.6111358955416164,-1.393889582756002,0.837425895781605,0.2813755899863295
03,515,1,0.9363636363636364,0.9402732623306317,0.5157169699668884,0.0020245432240648354,0.6689919807162051,-0.18181496698064206,0.37010680033110105,-0.23545665299601873
03,516,1,0.9381818181818182,0.9374200897197047,0.5105881094932556,0.004822864231149403,0.46451049586385373,-1.0989346538339102,-0.03419110060821143,0.12979885627364746
03,517,1,0.94,0.9414567189018102,0.5204076766967773,0.0019032415924564409,0.7777726736195325,-0.2536442366971111,0.7398659104814947,-0.07517294899509414
03,518,1,0.9418181818181818,0.94136320796197,0.5065773129463196,0.002232305874689093,1.5936858743898505,1.076493751025854,-0.35035423925415715,-0.5535599635681855
03,519,1,0.9436363636363636,0.9434498355087191,0.5025798678398132,0.0015855673223267503,1.6273513932983985,-0.0012964979682875744,-0.6654649103260697,-0.8422519120826744
03,520,1,0.9454545454545454,0.9447500960119947,0.5042465329170227,0.0006862665918362852,2.0272744403258147,1.025654619302294,-0.5340850071782329,-0.9589096053412345
03,521,1,0.9472727272727273,0.9481023926490022,0.5124011635780334,0.0011756947446477173,0.9734549523753527,1.014783730008703,0.1087283577263461,-0.5382635161432154
03,522,1,0.9490909090909091,0.9485528945226094,0.5087358951568604,0.0005156748143443954,1.121017116578224,1.1846019879410132,-0.1801974839255359,-0.8165560623133596
03,523,1,0.9509090909090909,0.9512012948265209,0.5237682461738586,0.0008913497607753136,1.3217660443289816,-0.1599254860932754,1.004772938568834,-0.14789673112869328
03,524,1,0.9527272727272728,0.9508584431951251,0.5262259244918823,0.0015377084805815334,0.6290040263131158,1.0423843665032098,1.1985068469621805,0.08002981890453609
03,525,1,0.9545454545454546,0.9529955185889322,0.5261793732643127,0.0011473611448256605,0.9250042150488361,-0.5142829978763003,1.194837306000931,-0.0009541337444343156
03,526,1,0.9563636363636364,0.9564279556839081,0.5154523849487305,0.001281435727436371,1.7416888689574788,0.49870861089016216,0.34925008800461343,-0.39656197101790325
03,527,1,0.9581818181818181,0.9572393669242723,0.5237398743629456,0.0009438221815929458,0.7143076020933644,1.2016041638289363,1.0025364449740135,-0.13837535312613747
03,528,1,0.96,0.958217258585185,0.5377810001373291,0.0007555473367608249,1.1369856165015928,0.5005466839591268,2.1093705471283317,0.37686595387304933
03,529,1,0.9618181818181818,0.9623943680362,0.5224014520645142,0.001929860917450772,0.48808331957928097,0.7313889677810638,0.897031269193144,0.008807225386781858
03,530,1,0.9636363636363636,0.9690604047328456,0.5248608589172363,0.006246185252279364,0.23388951050127274,0.8747619494336449,1.0909014345492,0.9809462861154573
03,531,1,0.9654545454545455,0.9701777263772142,0.5145149827003479,0.004495630246864283,1.347270401089989,-0.1590031672854556,0.27535652757238294,0.21822073232982717
03,532,1,0.9672727272727273,0.9816677244540383,0.5156105160713196,0.012460802848002174,0.8491117875161959,0.7393714565377103,0.36171525083456874,1.8764665731236219
03,533,1,0.9690909090909091,0.9769072536519523,0.5264879465103149,0.005066847414380854,1.3414816023527851,1.2631730470925775,1.2191615231025814,0.8059466711897854
03,534,1,0.9709090909090909,0.9818981944830126,0.5259882807731628,0.0047829928606079285,1.297996007029321,1.46251863596847,1.1797738638475812,0.7286967787230637
03,535,1,0.9727272727272728,0.9820411567497518,0.5263012647628784,0.0032713382923361205,0.5481957601734813,1.7261508304314017,1.204445771129939,0.4345205268484217
03,536,1,0.9745454545454545,0.9806860359085297,0.5163396000862122,0.0041870285993339685,0.8027665952213475,0.16421213507196797,0.4191874980023085,0.22756228458702932
03,537,1,0.9763636363636363,0.9778635025287291,0.5394302010536194,0.006764139842757354,3.298249286115392,2.9123972373144706,2.2393737851012054,1.6602060608411369
03,538,1,0.9781818181818182,0.9792672247094496,0.5232650637626648,0.0055994798812310665,3.564896552997786,1.4902078938430878,0.9651080668724591,0.7869197173420923
03,539,1,0.98,0.9745851320759225,0.5244232416152954,0.009623830071367455,2.170973538437526,0.8446963256627229,1.0564049304038807,1.6485696870497188
03,540,1,0.9818181818181818,0.9748775260009305,0.5280829071998596,0.007467429977902106,2.5110451628498742,1.2116807429748675,1.3448891115559454,1.3555670773512503
03,541,1,0.9836363636363636,0.9691389097802157,0.5372225642204285,0.01175391872171712,1.9927823644833473,1.4040482187353691,2.0653501511412036,2.5849519306551034
03,542,1,0.9854545454545455,0.9811299310439682,0.5267844796180725,0.0048824833004443655,2.299347980974395,2.1800465634455377,1.2425366399812199,0.7802514489550465
05,8,0,0.013289036544850499,0.02547926722002804,0.526499330997467,nan,6.466256401043235,1.6559364391969515,1.220058939650083,nan
05,9,0,0.014950166112956811,0.028331950809890732,0.5548308491706848,nan,11.23239829680525,3.631116630013028,3.453376337684642,nan
05,10,0,0.016611295681063124,0.027611674687038554,0.5747179985046387,nan,13.092853246467756,6.711362761257347,5.021040884754911,nan
05,11,0,0.018272425249169437,0.030167662144175655,0.6010130047798157,nan,14.551726234835472,7.5468851329419335,7.093824088137724,nan
05,12,0,0.019933554817275746,0.030818844375580936,0.6047077775001526,0.0013232765128771851,14.833167420735139,8.397282767391784,7.385075695187582,3.12983472280562
05,13,0,0.02159468438538206,0.03344242329987794,0.6116417050361633,0.0008661699074967085,13.760113807922384,9.038015345592841,7.931663453323414,3.3104429071971397
05,14,0,0.023255813953488372,0.0318514598217281,0.6136600375175476,0.00290317347811503,13.528756171818696,7.958140853029427,8.09076460060873,3.80302862139286
05,15,0,0.024916943521594685,0.0346918723731782,0.6169135570526123,0.0016940170514274057,12.510353923436737,7.843274415312486,8.347233094039984,3.686087011840369
05,16,0,0.026578073089700997,0.03423637891711342,0.611002504825592,0.0027092532236527456,13.283773397204294,7.782703343143425,7.881276568216576,3.6589641637831223
05,17,0,0.02823920265780731,0.037076495935247145,0.618654191493988,0.0013605106681886443,13.187753583280776,6.099140009265267,8.484443855488601,3.68706862505476
05,18,0,0.029900332225913623,0.03619190670384575,0.6174275875091553,0.00251662723114582,13.958252555881817,6.441573022013384,8.38775309564026,3.8731444184483133
05,19,1,0.03156146179401993,0.03908959245393584,0.5960038304328918,0.0013039996419952305,14.358465622886047,6.532091556113218,6.698960807237066,2.78286858412359
05,20,1,0.03322259136212625,0.036658782142917797,0.5925225615501404,0.004234293532792617,13.573578759235271,5.862711296223012,6.424539284339829,3.2398219009833333
05,21,1,0.03488372093023256,0.04085484944379019,0.600612223148346,0.001892964254172537,12.16943834089186,6.68547875371832,7.0622312668529075,3.083925834039994
05,22,1,0.036544850498338874,0.038190840637211426,0.6092400550842285,0.004252424222085828,14.40975855598534,7.98012551984358,7.742346149928243,3.902401621786339
05,23,1,0.03820598006644518,0.04404776254385274,0.6129189133644104,0.0021226012140341728,15.591987288869888,7.943587253051232,8.032343253217979,3.6155444034304045
05,24,1,0.03986710963455149,0.04527156386513963,0.6085231304168701,0.0016643508672434606,15.15870034370981,8.15667900266431,7.685832400015426,3.3493713702400836
05,25,1,0.04152823920265781,0.04728643972265754,0.5956218838691711,0.0012089483059579604,13.078906185782781,8.158057557466034,6.668852716994189,2.7485413563203984
05,26,1,0.04318936877076412,0.04791294329536886,0.6003572344779968,0.001496156160560167,13.374923775717109,9.788730338784733,7.042131015595256,2.9934165039788323
05,27,1,0.044850498338870434,0.0502131024494682,0.572469174861908,0.0004622402228760771,11.826791339085405,6.934898704630149,4.843770576269655,1.684593247454898
05,28,1,0.046511627906976744,0.05071003746378793,0.558173418045044,0.0012054570425454759,10.770773499710694,5.322875800414766,3.716864413953419,1.2718392951551394
05,29,1,0.04817275747508306,0.05307462973123112,0.5427991151809692,0.0005680367878772215,5.670006554700893,2.602741006113999,2.5049386054223155,0.5366292122023387
05,30,1,0.04983388704318937,0.0539579095047573,0.5205738544464111,0.0007642509033816014,3.515825172920888,3.0715776473601477,0.7529653729654432,-0.29957184550042143
05,31,1,0.05149501661129568,0.05613894974148075,0.5300350785255432,0.0005038427376735296,3.599655447218922,2.089419714325568,1.4987749061306521,0.02053098942344278
05,32,1,0.053156146179401995,0.05784393383340428,0.5309709906578064,0.00029110730273347824,2.7343460439976743,1.3446948699744978,1.572551003663995,0.014283517203074747
05,33,1,0.054817275747508304,0.06056762359678541,0.5094694495201111,0.0010692857208921668,0.47863736893445485,1.1806402840227268,-0.12237284806113324,-0.6753902550422772
05,34,1,0.05647840531561462,0.06525052228617388,0.5341392755508423,0.0038789359438920605,1.8650836684924545,2.1410892612034993,1.8223006192788744,0.8666481185759783
05,35,1,0.05813953488372093,0.07117627753662704,0.5243680477142334,0.006981537998991106,1.0158442721864605,1.2966817755944708,1.052054104629083,1.1106271831086063
05,36,1,0.059800664451827246,0.0784534636745392,0.5297021865844727,0.010499392188116697,0.8859530251708553,2.6471074948161335,1.4725336945191554,2.034168329317163
05,37,1,0.061461794019933555,0.08661810799574464,0.5271755456924438,0.01351165404903838,1.670506365848295,1.6938532607910226,1.2733636031652895,2.545367682378792
05,38,1,0.06312292358803986,0.09177022198308325,0.5157895684242249,0.012151146936637198,0.9331305747991593,1.0204620628824688,0.3758295927649064,1.8207360422317458
05,39,1,0.06478405315614617,0.09886019741898724,0.5135183930397034,0.012611197448313806,1.4620806093112755,0.5400389967551675,0.1967973407963358,1.8245025351356428
05,40,1,0.0664451827242525,0.10053424592279446,0.514972448348999,0.007376138164262362,0.8568466202978204,1.8075544914731743,0.31141763753088547,0.8203204611130204
05,41,1,0.0681063122923588,0.10588490353498096,0.513837456703186,0.007194728031653675,0.23456525704724893,1.59114108124261,0.2219484967061552,0.7388020771126238
05,42,1,0.06976744186046512,0.10750128372353447,0.5058137774467468,0.00403511567575635,0.47255274982090095,1.1836763868598559,-0.4105422286441789,-0.21810536015827253
05,43,1,0.07142857142857142,0.11077637875352733,0.5054330229759216,0.003336738930278178,0.4091224806919505,0.4409012128712235,-0.4405563485679462,-0.3747195048539389
05,44,1,0.07308970099667775,0.11504908636044049,0.5116564035415649,0.004630401203556301,1.107397778467047,0.4845062141590727,0.05002040086230849,0.13287964171193714
05,45,1,0.07475083056478406,0.11528556786341473,0.520689070224762,0.001968828280266903,1.4202365270565778,1.3922747042739831,0.7620476043074348,-0.05078334934111578
05,46,1,0.07641196013289037,0.10651333970280372,0.5168671011924744,0.00988422164560042,0.8774873420476599,2.3195398980132684,0.4607693642085296,1.4035504714231348
05,47,1,0.07807308970099668,0.10968228421980422,0.5064070820808411,0.007203866947282488,-0.5027989332028142,0.1818280960739918,-0.36377320082308,0.4477942900488767
05,48,1,0.07973421926910298,0.10712497575001032,0.5169849991798401,0.008752075959780352,0.33767315920409796,1.0910473510040493,0.4700630287685189,1.1786366101363075
05,49,1,0.08139534883720931,0.1128976688685352,0.5176864862442017,0.003681280592236233,0.7147252308599764,1.1451260865116595,0.5253598630488597,0.17809994819306219
05,50,1,0.08305647840531562,0.1090405298581516,0.5162525177001953,0.004258519450311639,0.20594028533572498,-0.011320560740819859,0.41232296619131537,0.23862593518739195
05,51,1,0.08471760797342193,0.11478816317539582,0.5138750672340393,0.0024525083046793767,0.12096733232904404,-0.1269058163186602,0.22491326027407899,-0.2212766398253852
05,52,1,0.08637873754152824,0.11234366372586663,0.5255265235900879,0.0028636528603314827,1.5166855705457813,1.858436292750121,1.1433744607402823,0.32132011242670705
05,53,1,0.08803986710963455,0.1172803185792704,0.5046424269676208,0.002424306049613154,0.5007252903685954,0.6223321538713855,-0.5028774642017674,-0.5908904615462511
05,54,1,0.08970099667774087,0.11700454492419636,0.5142449736595154,0.0018221756080270073,-0.777972787403534,0.6454295113469289,0.2540722502939443,-0.33450720745465257
05,55,1,0.09136212624584718,0.11977500823107555,0.5010250806808472,0.0015289647107858046,0.1250943165991047,0.7111865753891398,-0.7880256990254232,-0.9150093936356829
05,56,1,0.09302325581395349,0.11549625236247524,0.49845457077026367,0.005349113675801877,0.7947417424629091,1.3824213197149975,-0.9906538981225409,-0.24172702832871046
05,57,1,0.0946843853820598,0.12013231122064812,0.5157660245895386,0.0029703349712326093,0.6147611452517892,1.481165230798449,0.37397367896248185,-0.04174876965871624
05,58,1,0.09634551495016612,0.11804956026970911,0.5154248476028442,0.004296951088064592,0.02198061404271937,-0.17745282571518842,0.34707937363317,0.21379676977550865
05,59,1,0.09800664451827243,0.11946393539033151,0.5216383337974548,0.00314382980382036,1.0957795781958855,0.4244767170906893,0.8368761694148108,0.22488133514173933
05,60,1,0.09966777408637874,0.11713868381817512,0.5217576622962952,0.005391313165790753,0.3341378156867375,0.6740903221294279,0.8462825983577322,0.6852978432429856
05,61,1,0.10132890365448505,0.11768904620444232,0.5163400769233704,0.005251558643448536,0.2074686906135338,0.3575905510204002,0.4192250861299525,0.443431616536925
05,62,1,0.10299003322259136,0.12213850831543059,0.49913784861564636,0.0023692342786257436,0.5737697217289239,0.7186734408718333,-0.9367924604666069,-0.8190146444102968
05,63,1,0.10465116279069768,0.1194078635227785,0.5132433772087097,0.003944162082491239,-0.3681368575686216,2.0314055330863705,0.17511838817763475,0.056282648631795676
05,64,1,0.10631229235880399,0.12394383584339261,0.5116888880729675,0.0014009573103000402,0.6465560353098881,0.9523286329439536,0.052581092058058825,-0.5206615513458299
05,65,1,0.1079734219269103,0.11947641883864572,0.5020190477371216,0.005562876806040161,0.26225346423366425,0.6927664574194439,-0.7096732469514182,-0.05789280005365521
05,66,1,0.10963455149501661,0.12118296344142238,0.5175817012786865,0.004307551228567696,0.2617053264774862,0.8940781280244611,0.5170998719990816,0.3009563674356753
05,67,1,0.11129568106312292,0.1193035401425694,0.5140385031700134,0.005943712442165268,-0.6888032453323572,1.8761671333189551,0.23779659102407427,0.49306265146698247
05,68,1,0.11295681063122924,0.11974029880355344,0.49884024262428284,0.005480872936128952,0.1743542096609319,0.10328657738246429,-0.9602521506324444,-0.19980985158187542
05,69,1,0.11461794019933555,0.12007187596778268,0.5044912695884705,0.004098411511939905,0.3932757891588434,0.6829885651472193,-0.5147929006649286,-0.2573964503324643
05,70,1,0.11627906976744186,0.124599243807758,0.5018605589866638,0.0019675376011232615,-0.0743785232536721,1.3537375330191364,-0.7221666008771066,-0.7931521578278642
05,71,1,0.11794019933554817,0.12021464632447429,0.5168939232826233,0.0049585755291164536,0.3637024521231383,1.2675089301713318,0.46288369638850696,0.40585389678254297
05,72,1,0.11960132890365449,0.1219049794934399,0.5063363909721375,0.0034960189056270504,0.06735133921547326,2.034382555003426,-0.3693456407463092,-0.30681758163198264
05,73,1,0.1212624584717608,0.12608228845532513,0.507948637008667,0.0023356663586765864,-0.6623824254446182,0.5804601929057029,-0.24225548266584873,-0.4785525895948936
05,74,1,0.12292358803986711,0.1269273261924443,0.5119619965553284,0.0021404766112922136,-0.675703042979677,-0.04653935365151777,0.07410969216618371,-0.3599478536408408
05,75,1,0.12458471760797342,0.12954963200000943,0.5172934532165527,0.0015228397104136825,0.2956811667612251,-0.04096933579788735,0.4943778488382584,-0.27504956175346706
05,76,1,0.12624584717607973,0.1324423621155034,0.5052486062049866,0.002081823407023854,0.36069494496357896,0.43063426187172094,-0.45509355693427933,-0.6364423559544214
05,77,1,0.12790697674418605,0.13231995109049724,0.5187618136405945,0.0008245564186197518,-0.13516671039384864,0.34290566010870754,0.6101257894021292,-0.3587637269721552
05,78,1,0.12956810631229235,0.13337441627593863,0.5138880014419556,0.001179883746849868,-0.11506252560111468,0.3727382424726715,0.22593283823642363,-0.4788118885143404
05,79,1,0.13122923588039867,0.1328847602026397,0.5213795900344849,0.003281312341022359,0.10912871687550393,0.3793257650609073,0.8164799116519627,0.24255999543039136
05,80,1,0.132890365448505,0.1341028311901447,0.5194247364997864,0.002897023404174902,-0.7603279720141813,-1.323195979614286,0.6623826838592582,0.08759063690049104
05,81,1,0.1345514950166113,0.13662416361421245,0.5151454210281372,0.0013744868626828339,-1.0616297259260583,0.7714425493178063,0.32505273083376157,-0.389793039708331
05,82,1,0.1362126245847176,0.14314907490540935,0.5162075757980347,0.004658049911500607,-1.2664215321536005,-0.05537851574923533,0.40878028516086445,0.3178658027881757
05,83,1,0.1378737541528239,0.14812978133634616,0.524850070476532,0.007195091685069778,-0.731128760748566,-0.3791911918540724,1.0900510031612536,1.172927066902052
05,84,1,0.13953488372093023,0.14892854529471244,0.5347921848297119,0.004632114815461223,-0.8319745070862672,-0.13818042523275595,1.8737681630554786,1.0451009851027528
05,85,1,0.14119601328903655,0.1522899283212759,0.5346704125404358,0.003837554860430954,-0.694464435279763,0.14045504065559972,1.8641690949583813,0.8791916781321351
05,86,1,0.14285714285714285,0.14911503725258426,0.5247069001197815,0.003253777385026567,-0.7147774344558029,-0.2689199368095424,1.07876516783613,0.36811946962727
05,87,1,0.14451827242524917,0.15218872820709928,0.5277155637741089,0.002359526059927823,-0.1920454282465749,0.7743834662281497,1.3159321577221668,0.30537916765627265
05,88,1,0.1461794019933555,0.15549060117215507,0.5198015570640564,0.001676469908346174,-0.2743298960681917,0.4671856577574182,0.6920867017299622,-0.14504414897086565
05,89,1,0.1478405315614618,0.15296898439088977,0.5224725604057312,0.003546571520563745,0.08439581325282143,0.32306103551056403,0.9026365987280618,0.33942389147565105
05,90,1,0.14950166112956811,0.153902803530839,0.518404483795166,0.0027825163980179798,-0.6595286288727703,0.028207857061932694,0.5819581862488755,0.02416025629399976
05,91,1,0.1511627906976744,0.15412055140228406,0.5153864622116089,0.0037617100961365602,0.8827483044270625,1.6004561729742557,0.34405352935782463,0.10375515307906832
05,92,1,0.15282392026578073,0.1490093682544836,0.5224707126617432,0.009355849042733235,0.12025098298631391,0.796164632095381,0.9024909447334412,1.5172752431545131
05,93,1,0.15448504983388706,0.16207746557318692,0.5225887298583984,0.005332556505387926,-0.3806367185692972,0.9754653776995463,0.9117940063253415,0.7061396920730934
05,94,1,0.15614617940199335,0.15492759300573747,0.5137677788734436,0.005355755863992815,-0.13123403950825324,0.4151714721790557,0.21645593155416962,0.36317469668346847
05,95,1,0.15780730897009967,0.15573527672820484,0.5284519791603088,0.00435921493684875,-0.30030988559117366,1.240367811944066,1.3739823223524337,0.7398732379765272
05,96,1,0.15946843853820597,0.15782025177138934,0.5226029753684998,0.003065103399058966,-0.8052810684203233,0.606468926831553,0.9129169516387071,0.2469386851845011
05,97,1,0.1611295681063123,0.1493513321098443,0.5289770364761353,0.012533296832960216,-0.21221051723443973,1.4610514597866358,1.415371549404479,2.4179940404158144
05,98,1,0.16279069767441862,0.14981070055605009,0.5289888381958008,0.00889239502091878,-0.8787605297458726,1.658329216459943,1.416301855563669,1.6802079634202678
05,99,1,0.1644518272425249,0.1522260190556687,0.5184881687164307,0.005556616224052647,-0.3459503293423644,0.5934415839552659,0.5885549026504049,0.5899518413508427
05,100,1,0.16611295681063123,0.1603943709564316,0.5273309946060181,0.0059563390560374106,0.6802766580140309,0.8210147235331158,1.285617332777247,1.0195332707940938
05,101,1,0.16777408637873753,0.1607570759065271,0.5210090279579163,0.004234532023440794,0.2696518738421848,1.2499717437294064,0.7872692379565868,0.4212352355952088
05,102,1,0.16943521594684385,0.15890124949055517,0.5178061723709106,0.0030808889435400438,-0.5215545251033639,1.0592650982776477,0.5347944830875142,0.061078223198896
05,103,1,0.17109634551495018,0.1614346251626,0.5287907123565674,0.002506044579183714,1.2048879936730124,1.6106738898736968,1.4006839885275697,0.377464062496901
05,104,1,0.17275747508305647,0.16521887331508128,0.5153407454490662,0.0019016859217208368,-0.763260073979769,1.089130503374986,0.34044976761995216,-0.2751964576151774
05,105,1,0.1744186046511628,0.16202785034997308,0.5145958065986633,0.003794587791892694,-0.48273535120683414,0.1985611255482451,0.281727715208048,0.07925872606517154
05,106,1,0.1760797342192691,0.16309613772730208,0.520423948764801,0.0030439940254251715,0.3439404909030446,1.0884970246208607,0.7411486053373476,0.15677424800700138
05,107,1,0.1777408637873754,0.16694162020021966,0.5218859910964966,0.00208017046937149,-0.36016420840600966,0.3088258160461002,0.8563985032099349,0.018968514501170042
05,108,1,0.17940199335548174,0.1713899592350302,0.5199048519134521,0.003134399442276761,-0.7369349606843787,1.2985296954834478,0.7002292298808528,0.15464570834086558
05,109,1,0.18106312292358803,0.1714080284663289,0.5269182324409485,0.0021395162340083805,-0.16876262450796148,0.054876327928607485,1.2530801097853734,0.22934262327327115
05,110,1,0.18272425249169436,0.1743391123706033,0.5280384421348572,0.0021089100916916142,-0.13760577839885285,0.7662893801780304,1.3413840186531385,0.26728869153398643
05,111,1,0.18438538205980065,0.16832547577707113,0.5286915898323059,0.006938686464149248,-0.4160249561401194,1.2735680067522401,1.3928703564935645,1.2723464731587633
05,112,1,0.18604651162790697,0.1731003909567367,0.5218684673309326,0.00404829633389436,0.15799998316840064,0.9343352105081246,0.8550171395190165,0.4173469137337408
05,113,1,0.1877076411960133,0.18480982316017705,0.5251636505126953,0.00877208909431716,0.29617130052204044,0.8703505740681298,1.1147698956031666,1.5050480275235902
05,114,1,0.1893687707641196,0.18556656297101337,0.5287760496139526,0.0066489067609082665,-1.0182978411903054,1.316854627526358,1.3995281536025155,1.2169178898001205
05,115,1,0.19102990033222592,0.1906531883056781,0.5125418305397034,0.008458142916253642,0.13897177248964596,0.5192162547024679,0.1198168553813384,0.9439138851812134
05,116,1,0.19269102990033224,0.19159870828903697,0.5126135945320129,0.0041978712104163195,-0.1463411801004851,0.7276668698164104,0.12547386859176668,0.08290398315731524
05,117,1,0.19435215946843853,0.19769178427509826,0.5122925043106079,0.005290231420447029,-1.0602463306366563,-0.05381287136727793,0.1001629631394601,0.2917420807579549
05,118,1,0.19601328903654486,0.21294827783239362,0.5299021005630493,0.01732623469901208,0.4773873828343873,0.5686111861575558,1.4882925170339198,3.4262995389969597
05,119,1,0.19767441860465115,0.21787166321151083,0.5249475240707397,0.015404191362784215,-0.6758306517694751,1.3684519643908661,1.0977330767485047,2.841294709395079
05,120,1,0.19933554817275748,0.2245714877011416,0.5196559429168701,0.015299397125956805,-0.871991463487038,-0.4274406099143948,0.680608227250663,2.6114835725862076
05,121,1,0.2009966777408638,0.22812528852520358,0.5069052577018738,0.010610003096992655,-0.7592055947039118,-0.5563978470689531,-0.32450300446696745,1.1580781154215347
05,122,1,0.2026578073089701,0.23017795015140244,0.511344313621521,0.005054288660665164,0.06638847289245138,0.33376452886394575,0.025418971319283196,0.2065289065825781
05,123,1,0.20431893687707642,0.22555407573928135,0.5134250521659851,0.004322624356553497,-0.06615355671123219,0.3082743941254108,0.18943946481001464,0.140182482261978
05,124,1,0.2059800664451827,0.2279797408538743,0.5208399295806885,0.0037358779712193357,-0.8964285467333705,-0.16434342600546545,0.7739395481908186,0.3134602849091596
05,125,1,0.20764119601328904,0.22427530017896108,0.5337709784507751,0.007928445811654224,0.975012359650843,1.7200261083837445,1.7932684891898076,1.673235119587657
05,126,1,0.20930232558139536,0.22293837832997726,0.5250073671340942,0.008302870574077416,1.0618414405091323,0.047025130105458425,1.102450386767832,1.4037466934578842
05,127,1,0.21096345514950166,0.21940715788186302,0.5193432569503784,0.010024198066835356,0.7168278756918766,-1.06981432478417,0.6559598125480827,1.5295281597440846
05,128,1,0.21262458471760798,0.2204043746424548,0.518454372882843,0.007490251841888966,1.4116896383398745,0.8348724815637744,0.5858908441036335,0.9806954425335201
05,129,1,0.21428571428571427,0.21380300177521372,0.5357695817947388,0.012197783156275193,0.5747122866535688,1.8377710998176182,1.950814427693853,2.6176847011141935
05,130,1,0.2159468438538206,0.21279278301886198,0.5330771803855896,0.010589927311690091,0.3271947374418147,0.9391142004874328,1.738577763467727,2.1855478119714613
05,131,1,0.21760797342192692,0.20921208530692093,0.5178791880607605,0.01163422619585232,1.1954420430281862,-0.5045477751574624,0.5405501651330081,1.7982823585708316
05,132,1,0.21926910299003322,0.22222430662193973,0.5218859910964966,0.006412383011699422,-0.13471717942978723,1.2183765805832387,0.8563985032099349,0.8973940814151271
05,133,1,0.22093023255813954,0.20781446901485084,0.524385929107666,0.010938057339058132,-0.5902167546140356,0.8615376701571117,1.0534636594157345,1.9135797058161161
05,134,1,0.22259136212624583,0.20934807064341335,0.5331128239631653,0.007907322520404896,-0.6162953509291342,-0.6876690869264044,1.7413874760091193,1.6430115269507521
05,135,1,0.22425249169435216,0.2113191110858218,0.5182272791862488,0.00526625593691908,0.4221153756532096,0.28852823772739045,0.5679894983131586,0.5207939345742881
05,136,1,0.22591362126245848,0.2122293065525482,0.5127003788948059,0.004691664962133109,-0.7496030332716063,-1.281356841381978,0.13231490782298228,0.18644910470607462
05,137,1,0.22757475083056478,0.21300831682925794,0.5079675316810608,0.0014139046680754653,-0.6393606396851372,-0.34772731964140235,-0.24076605310795357,-0.6647098395082791
05,138,1,0.2292358803986711,0.22068843267319196,0.5104112029075623,0.0049677492222567465,0.40916308348870445,0.7280213553368535,-0.048136295964150894,0.15220401400525013
05,139,1,0.23089700996677742,0.22028121236627943,0.5067101716995239,0.002777944995990798,0.9296967382736837,-0.45725349863833414,-0.33988124718933604,-0.43768638549586003
05,140,1,0.23255813953488372,0.2130969384307529,0.5235559344291687,0.007699360847741381,0.7655715331949752,0.4214734369869345,0.9880368247353245,1.2241686371832963
05,141,1,0.23421926910299004,0.22022231475655915,0.5066468715667725,0.003716097444865118,0.09369385370947247,-0.19418913746277916,-0.34487107113408255,-0.24995584368398524
05,142,1,0.23588039867109634,0.2307152890222626,0.517274796962738,0.00789858229239186,0.9317094769127716,1.0917727334116227,0.49290721334418525,1.016999174225107
05,143,1,0.23754152823920266,0.2347454361036591,0.501582682132721,0.009422015286520714,-0.5385670969432625,-0.6515476688479113,-0.7440710822616718,0.7074104966664122
05,144,1,0.23920265780730898,0.24916018858679492,0.5261005163192749,0.020220711835311614,-1.2460041257859076,0.48483772376615386,1.1886211693917974,3.863365522130878
05,145,1,0.24086378737541528,0.24072454985937983,0.5161466002464294,0.007835976367228511,0.1160891963190356,-0.17679637104770105,0.4039737033383826,0.959838063909196
05,146,1,0.2425249169435216,0.2452132036085883,0.5228712558746338,0.005803640900762585,0.6233196347675649,0.20867052742755074,0.9340649719544362,0.8127950906415754
05,147,1,0.2441860465116279,0.24294109007530154,0.5222790241241455,0.0044664778847601835,-0.567960621593343,0.791874700843351,0.8873805174205364,0.5183216183325456
05,148,1,0.24584717607973422,0.2500272403966995,0.5141130089759827,0.004235060024596096,-0.4548035272398952,0.89751138593542,0.2436697359684558,0.14954254530272382
05,149,1,0.24750830564784054,0.24179974789835942,0.5083970427513123,0.007171255259807748,-0.030649311149684427,-0.042124696012665136,-0.20690854713258303,0.5196140742780545
05,150,1,0.24916943521594684,0.2445817298298672,0.5233397483825684,0.005200167369163785,-0.5269982000681592,0.5280225940668111,0.9709953073647071,0.7088963221517917
05,151,1,0.25083056478405313,0.25170927736512644,0.5145938992500305,0.004333013961586101,-0.6544851814759779,-0.6338135460057397,0.28157736269747186,0.18835809024000058
05,152,1,0.25249169435215946,0.25289271499753124,0.5083003640174866,0.0038387600083998326,0.05568673574802145,-0.46922723177330394,-0.21452954001241248,-0.15991327627609656
05,153,1,0.2541528239202658,0.25676540153462646,0.5139505863189697,0.0047750518387304885,0.5833548819626206,0.20827009008038344,0.2308662799897041,0.2526328172614877
05,154,1,0.2558139534883721,0.2604477944100736,0.5016700029373169,0.0047160313051109026,-0.08069805854844522,-0.26500746699131766,-0.7371877563868567,-0.2433615606068166
05,155,1,0.2574750830564784,0.27082603360761764,0.5110421180725098,0.011127754357603338,0.3822608304394546,1.0399357905934818,0.001597495424871772,1.4261107364258152
05,156,1,0.2591362126245847,0.27098182729012094,0.5171535015106201,0.007275358572867156,0.6799257338420862,0.11861807614163203,0.48334573337473213,0.8858498307176327
05,157,1,0.260797342192691,0.26753594147813325,0.5077110528945923,0.004450873368989682,0.19857957832419024,0.8277236902348367,-0.2609837672644925,-0.0590245898258059
05,158,1,0.26245847176079734,0.26636615246291534,0.5061437487602234,0.005326228906745905,0.38238843922925264,0.7619731907393008,-0.38453124431450203,0.05669404465533728
05,159,1,0.26411960132890366,0.2757478502078725,0.5093502402305603,0.0036742346084424455,0.7973548224540016,1.1111151701891384,-0.13176987997214368,-0.15189360952524927
05,160,1,0.26578073089701,0.26144328609371936,0.5033420920372009,0.012959138939216021,-0.011522493678813042,-0.8000377146335566,-0.605380288287069,1.4939644376726617
05,161,1,0.26744186046511625,0.27151062756358724,0.5075609087944031,0.004717484716977768,-0.614653837860368,-0.8915540598279721,-0.27281932895641015,-0.010882644327802476
05,162,1,0.2691029900332226,0.2678634072847079,0.5070380568504333,0.0066603216967148805,0.10829925974181641,-1.6129189648365037,-0.31403471091810187,0.36245101883135533
05,163,1,0.2707641196013289,0.28452763640623036,0.5031750798225403,0.011141861445583724,-0.0018242256541589235,-1.6246530920178406,-0.6185455299943946,1.1188996620339235
05,164,1,0.2724252491694352,0.2692063829427308,0.5137524604797363,0.00686030125347111,-0.8408694197751471,-1.158757367682035,0.21524841295360478,0.6676416428915699
05,165,1,0.27408637873754155,0.27303565670886004,0.5027108192443848,0.005591014870229678,-0.804498014482926,-0.695983085290132,-0.6551422707718247,-0.024921868210571185
05,166,1,0.2757475083056478,0.2759165751173836,0.506300687789917,0.0048660420569047475,-1.8780098588590464,-0.18800861676838548,-0.3721600518036568,-0.030430622726685397
05,167,1,0.27740863787375414,0.27637189478837937,0.506518542766571,0.004580216797516076,-1.6437462225876838,1.0062137143246552,-0.35498697598628526,-0.0797997398242301
05,168,1,0.27906976744186046,0.281054893366428,0.49803993105888367,0.0031777838039146866,-1.2598699808773763,-0.31229846123710847,-1.023339124367013,-0.6983415937233509
05,169,1,0.2807308970099668,0.2782734707947498,0.5010574460029602,0.0025657663736878434,-1.290545393824974,-0.9795682193713425,-0.7854744048615838,-0.7035055826274708
05,170,1,0.2823920265780731,0.28569857910850444,0.49174296855926514,0.003549888418594367,-1.5366302443512678,-1.5741224939879994,-1.5197161917443387,-0.8710799494930758
05,171,1,0.2840531561461794,0.285147478823599,0.4946655035018921,0.0021781302883158516,-0.2041508620787837,-1.2562966844506473,-1.2893385574140073,-1.0340370915774602
05,172,1,0.2857142857142857,0.30802301703484153,0.5001598596572876,0.02123492933834635,-1.3070707321038253,-0.8537685291673985,-0.8562293566355368,3.0465891224572834
05,173,1,0.287375415282392,0.2994563691948784,0.5102108716964722,0.011058470935896337,-1.072392367265619,-0.8364709486791061,-0.06392800809060391,1.3792996598465053
05,174,1,0.28903654485049834,0.29935089153967825,0.5098431706428528,0.007460539205134177,-1.194888104872472,-0.6914502658111317,-0.09291315302011556,0.63526873037996
05,175,1,0.29069767441860467,0.3143233902936391,0.5010645389556885,0.012084468972214919,-1.6107912526223296,-0.4850707651731119,-0.7849152814628787,1.2268435785434333
05,176,1,0.292358803986711,0.3055963863734283,0.5043187737464905,0.005884786648481008,-1.433884867165436,-0.1065983911799381,-0.5283904058401606,0.09802100339603481
05,177,1,0.29401993355481726,0.30535817433337614,0.5050635933876038,0.0040250192831487435,-1.3722121190959773,-0.4419023062391418,-0.4696777504601675,-0.2497203265792625
05,178,1,0.2956810631229236,0.3109253209893309,0.507159948348999,0.004769352137184645,-1.015052517649759,-0.5729798919696842,-0.30442624578909366,-0.01616915152016124
05,179,1,0.2973421926910299,0.305694799351532,0.5103951096534729,0.007600500819086519,0.902965597010754,0.651409813367739,-0.0494048952721373,0.6854023209911179
05,180,1,0.29900332225913623,0.3117600321427337,0.5134955048561096,0.0022160798540977107,-0.860155748233266,-0.011596271701164559,0.1949931106694218,-0.2841763744914905
05,181,1,0.30066445182724255,0.30400289132844316,0.509154736995697,0.008676172548974891,-0.5463947361174675,-1.3247517771762312,-0.14718101230620076,0.8546239558255498
05,182,1,0.3023255813953488,0.30854033945471077,0.49819496273994446,0.005219731299972868,-1.908453255825193,-1.7176234843007407,-1.011118284366744,-0.2781935730034716
05,183,1,0.30398671096345514,0.30063287044548026,0.5020495057106018,0.01111112729704951,-0.9455347292074864,-0.7786011874667561,-0.7072723052981551,1.0683044328955043
05,184,1,0.30564784053156147,0.30727871361227155,0.5148308873176575,0.005673827052505959,-1.441837214929671,0.31906650885890336,0.30025866213656055,0.46957009622592827
05,185,1,0.3073089700996678,0.30867691903966166,0.5059082508087158,0.0030054982715604123,-0.14952849964566897,-0.5511101047223422,-0.40309508085470314,-0.42315322652608645
05,186,1,0.3089700996677741,0.31410786346640196,0.4882335066795349,0.004192994387890317,-0.07830539373973122,-0.9319030459650839,-1.7963601126885302,-0.8790018614576293
05,187,1,0.3106312292358804,0.3201704941295923,0.4934524893760681,0.00825192031546358,-0.5638887411188771,-0.3728301461261197,-1.3849580556244938,0.1497114902588803
05,188,1,0.3122923588039867,0.31744295915209453,0.4996896982192993,0.002882888366745317,-0.4841448482941493,-0.2715982718528909,-0.8932912504925619,-0.6931124357921998
05,189,1,0.313953488372093,0.32235761356202447,0.4991112947463989,0.0036178055949658526,-0.7604642814032838,-1.1017081748040443,-0.9388856493247845,-0.5668933816134314
05,190,1,0.31561461794019935,0.3140542019604616,0.4909321963787079,0.008710012790241613,-0.9472748490683692,-0.9362848808705622,-1.5836277550290985,0.143262236063321
05,191,1,0.31727574750830567,0.3186460326594914,0.4954220652580261,0.005551785629606631,-1.6821854703145875,-0.08358309053783058,-1.2297002943907795,-0.3201552376599873
05,192,1,0.31893687707641194,0.32213419954120603,0.49658891558647156,0.003472877392811433,-1.1558572163928682,-0.4205872231858266,-1.1377197967878319,-0.6956969724872804
05,193,1,0.32059800664451826,0.31921785874771014,0.4933299124240875,0.004359774445979956,-0.5343966096766798,-0.41338591548349,-1.3946205536869902,-0.6443147505942088
05,194,1,0.3222591362126246,0.31564071450289016,0.49662673473358154,0.00711684089750199,-0.2422159840355975,-1.4561444611471677,-1.1347385884140637,0.04466566905849301
05,195,1,0.3239202657807309,0.3183722351726332,0.4864667057991028,0.005298812263602649,-1.136463580543328,0.13055898654322745,-1.9356335226416157,-0.724416258575237
05,196,1,0.32558139534883723,0.3186263569406759,0.49573808908462524,0.004459377223608828,-0.21221341743420788,-0.8445945751892624,-1.204788762794691,-0.5292027946939635
05,197,1,0.3272425249169435,0.3143212166063274,0.5030806660652161,0.007887556907824835,-1.0087619843526672,-0.8280059657418564,-0.6259879792679149,0.4553160043884172
05,198,1,0.3289036544850498,0.3190872237047516,0.5022342801094055,0.0034314963886320454,-0.2753826685840259,-0.4367688307393905,-0.6927069058360888,-0.4815811892193657
05,199,1,0.33056478405315615,0.3170794836630371,0.49513310194015503,0.004766756616234798,-1.259255138526531,-0.7114885445361839,-1.2524786997430688,-0.4907216619930599
05,200,1,0.33222591362126247,0.3199851177564489,0.4957493543624878,0.0024271165286507052,-0.011795112457018033,-0.9667804824486883,-1.2039007432791005,-0.9408322313895279
05,201,1,0.3338870431893688,0.3258298877026884,0.49795690178871155,0.003967145096872278,-0.3638619631103859,-0.6959994966568191,-1.0298841570930317,-0.5415584492683878
05,202,1,0.33554817275747506,0.32752999219639645,0.4967428147792816,0.0027900818164900546,-1.5804696640464446,-0.6423737148697751,-1.1255882285907173,-0.8280789412069983
05,203,1,0.3372093023255814,0.32659894528951844,0.4926661252975464,0.0023760267506297856,0.9348648942605059,-0.8258692057991849,-1.446945576625474,-1.0727139198627584
05,204,1,0.3388704318936877,0.32688226247537405,0.48962467908859253,0.002401192054986573,0.09611262031609973,-1.0482662003238967,-1.6866967502870385,-1.187486837669298
05,205,1,0.34053156146179403,0.33524166845246367,0.5058080554008484,0.004286914363294465,-0.39878036831876973,-0.7450530716848136,-0.4109932861759074,-0.1672746670311076
05,206,1,0.34219269102990035,0.33973363583039795,0.5062048435211182,0.00642593655378494,-0.44393937890844953,-1.4355810186881255,-0.3797152654601092,0.28208539509066843
05,207,1,0.3438538205980066,0.34167321581477916,0.5019441246986389,0.005314605629665748,0.914154567716231,-1.4391586966259318,-0.7155792815074883,-0.11118677976699554
05,208,1,0.34551495016611294,0.35009815599333355,0.49732571840286255,0.009970978176904967,-1.1637805621594217,-1.217506778148818,-1.079639091803854,0.6509375214186757
05,209,1,0.34717607973421927,0.3520036003477125,0.48852136731147766,0.006072449151794014,-0.5351738632145409,-1.7871453158609916,-1.7736686298814177,-0.48656652660949756
05,210,1,0.3488372093023256,0.348333134024667,0.4909210801124573,0.003475933304697284,-0.9020549342835585,-1.2675778579114179,-1.5845040282548002,-0.9184694530794737
05,211,1,0.3504983388704319,0.3509494098439142,0.4985729157924652,0.0030238516253999486,-0.17108278432247204,-0.22917817123985648,-0.9813249946928853,-0.7085467466288288
05,212,1,0.3521594684385382,0.3456219929155922,0.5011895298957825,0.008968564309989479,0.37647493190201886,-0.010936534760339742,-0.7750624935041842,0.599970333741799
05,213,1,0.3538205980066445,0.34926730736138895,0.5042799711227417,0.005177969883020796,0.7752465996214841,-0.7153091107009605,-0.5314491397271945,-0.04682679768184256
05,214,1,0.3554817275747508,0.34859740233162484,0.5009564757347107,0.004190040877940645,-0.7113145959326459,-0.9357039184898358,-0.7934336908902097,-0.37813752206502094
05,215,1,0.35714285714285715,0.3519475883172894,0.48742347955703735,0.002348226924156502,-2.074188071775218,-0.9577246903107,-1.860212944523846,-1.2849844644440829
05,216,1,0.3588039867109635,0.352704298519885,0.48905476927757263,0.0008999786732303642,-1.9633279356381357,-0.6012796526850652,-1.7316216105956015,-1.5143443553322373
05,217,1,0.36046511627906974,0.35529285747266554,0.503754734992981,0.0008271951414271147,-1.1299874344610754,-0.1634506476576826,-0.5728524623271064,-0.9497178094714396
05,218,1,0.36212624584717606,0.3542470828867921,0.5053722262382507,0.002132935946748961,-1.174995634662812,-0.47413751268610954,-0.4453488348425615,-0.6212061078079741
05,219,1,0.3637873754152824,0.36324853116576367,0.5050604343414307,0.005456092193430779,-0.5241531040956157,0.033915730395735456,-0.4699267718058093,0.04032814485054473
05,220,1,0.3654485049833887,0.3593484090501388,0.5000097751617432,0.0021221358467160595,-0.6884378201615717,-0.8299228133709194,-0.868060219811499,-0.8347516937709911
05,221,1,0.36710963455149503,0.37180799545879606,0.5049741864204407,0.009529293141781177,-1.353674042178038,-0.8053484328935294,-0.4767255243934253,0.8628355811265813
05,222,1,0.3687707641196013,0.3689813349280954,0.5066019296646118,0.004836074814533164,-0.9958647959837565,-1.097815398625844,-0.34841375216453346,-0.02463381187062269
05,223,1,0.3704318936877076,0.3754138970241814,0.5000895857810974,0.005322847200308024,-1.4117998459310637,0.6744907594765952,-0.8617689069470774,-0.18261048187230206
05,224,1,0.37209302325581395,0.3748137958285918,0.5107007026672363,0.003874140691550864,-1.136063352975325,-0.5132556463216825,-0.02531560396826208,-0.058132307359308216
05,225,1,0.37375415282392027,0.3774713102855336,0.5101593732833862,0.0017055868662075508,-0.9844264080982195,0.34041769691893037,-0.06798752587616042,-0.5191773326305444
05,226,1,0.3754152823920266,0.375602934038595,0.5071216225624084,0.002811632651180411,-0.380842632752835,-0.5083092604021651,-0.30744739154848355,-0.4146387453503095
05,227,1,0.3770764119601329,0.3762202392806781,0.4929892420768738,0.0038497271867222196,-0.9542759313086548,-0.8162061930937706,-1.4214749216306803,-0.7611621958041215
05,228,1,0.3787375415282392,0.3762989938058483,0.5041496753692627,0.003972558225676203,-1.0339415187396428,-0.8223112215014033,-0.5417200956059289,-0.29637881985166253
05,229,1,0.3803986710963455,0.38217749656941735,0.4956951141357422,0.002577137640176732,-0.9503055578260736,0.11447584718978666,-1.2081763927986102,-0.9125508699589167
05,230,1,0.38205980066445183,0.3764989878862791,0.49674659967422485,0.00532041021053044,-1.3082366124106168,-1.0048811113496559,-1.1252898728275427,-0.31486510357096864
05,231,1,0.38372093023255816,0.3803474274267018,0.4906507134437561,0.0027713074676051735,-0.2468795052627637,-0.7729458305063523,-1.6058164966289719,-1.0719998755392468
05,232,1,0.3853820598006645,0.3685452380628378,0.5141876339912415,0.014529970532398727,-0.10322971054711086,0.2327394378109755,0.24955227794474832,2.239942017103317
05,233,1,0.38704318936877075,0.3800339900778006,0.5056847929954529,0.005998259154529723,-0.9032759183859447,-1.0549193683788813,-0.42070981717189215,0.17486966804466614
05,234,1,0.38870431893687707,0.3761265820826763,0.5049288272857666,0.006567190094552689,-0.2608062645493633,0.1369856777379289,-0.4803010950355648,0.26043390092004604
05,235,1,0.3903654485049834,0.3853899780286108,0.5115335583686829,0.005756496880517223,-0.6493083248898512,-0.47184648589657857,0.04033675947801225,0.3563717782688506
05,236,1,0.3920265780730897,0.3843479343496077,0.5001091957092285,0.004339140555589366,-1.05075397679554,-0.0503763311829815,-0.8602230951977162,-0.3812998735236978
05,237,1,0.39368770764119604,0.38481818884336355,0.5033554434776306,0.002700028540923866,-0.7610066187599257,-1.2453273269569332,-0.6043278207130358,-0.5857084830375053
05,238,1,0.3953488372093023,0.38737437975636246,0.4901342988014221,0.002198285363044672,-0.19683945846330733,-1.240856870671344,-1.646524438867469,-1.2085432676840637
05,239,1,0.39700996677740863,0.3872125355212938,0.5133986473083496,0.0025145668963671725,-0.20658412968425166,-0.41852923780325363,0.18735802224172582,-0.22747088416808825
05,240,1,0.39867109634551495,0.39026556203245094,0.5029537081718445,0.0007717938699631973,-0.15200817044742712,-0.36621636535118435,-0.635995818253141,-0.9925229836717617
05,241,1,0.4003322259136213,0.38698667992936986,0.5061855316162109,0.004675468782172719,-1.176083209575864,-0.8077149519698215,-0.38123758462969287,-0.07361117673888151
05,242,1,0.4019933554817276,0.3901296415891347,0.5083655714988708,0.0027972142891569086,0.2311923247169042,-0.43413972979610355,-0.20938936355708976,-0.3685332854763731
05,243,1,0.40365448504983387,0.3849773653205403,0.5001911520957947,0.007915721620696927,-0.5918698684818744,-0.7959086147750609,-0.8537626357588965,0.34713952334396003
05,244,1,0.4053156146179402,0.3882887347784416,0.49175775051116943,0.004852347906922901,-0.31151335729549146,-0.8996382990580791,-1.5185509597873734,-0.6064027852349602
05,245,1,0.4069767441860465,0.3870022835191051,0.4981374144554138,0.004837804058441421,-0.8421165056754465,-1.3624355573633442,-1.015654701521784,-0.3579036546156571
05,246,1,0.40863787375415284,0.39189007961951655,0.5033539533615112,0.002561457867885233,0.0005800399536276386,-0.8742827375263791,-0.6044452836119235,-0.6138646406479014
05,247,1,0.41029900332225916,0.3874983080680384,0.4857933521270752,0.004785789914537321,-0.20336490794161827,-1.361592013115623,-1.988712657390958,-0.8549793343567882
05,248,1,0.4119601328903654,0.39152161063357804,0.5018641352653503,0.002555477884007072,0.78997381404409,-0.107228587660726,-0.7218846899197763,-0.6737968814317307
05,249,1,0.41362126245847175,0.39534393335930573,0.5010336637496948,0.002441143160081665,-0.5935780861453077,0.35682249905943997,-0.7873491127278304,-0.7297122916517967
05,250,1,0.4152823920265781,0.4016757193965129,0.4988487958908081,0.005867754303228374,-0.06639427329198766,-0.9663603514614965,-0.9595779135928294,-0.12102633162116838
05,251,1,0.4169435215946844,0.3985892540912576,0.4989300072193146,0.002802140644280584,-0.6755928353884877,-1.069348241970254,-0.9531761856034536,-0.7394277989962463
05,252,1,0.4186046511627907,0.4051244564561022,0.4982993006706238,0.004097344912763741,-0.89125749054678,-0.4017601033222885,-1.002893532186632,-0.501663036180907
05,253,1,0.420265780730897,0.4036355084287834,0.5111034512519836,0.002367850665877977,-0.1591977656726417,-0.8228856193354548,0.006432268343086635,-0.3476828296785031
05,254,1,0.4219269102990033,0.4053005313952401,0.5033709406852722,0.00200913471918508,-0.7307981379749983,-1.0094631649287178,-0.6031062065646045,-0.7251874779082617
05,255,1,0.42358803986710963,0.41046966557043485,0.4958864748477936,0.003062745804414164,-0.35591831594545537,-0.21941669033431915,-1.1930918073234607,-0.8065437344186172
05,256,1,0.42524916943521596,0.4144114861277122,0.508158802986145,0.004034463491897273,0.38144587430460775,0.19707425572638618,-0.22568851540673734,-0.12581074427579084
05,257,1,0.4269102990033223,0.41801505517162324,0.4993281364440918,0.0053162751179057065,-1.1358371373934102,-0.6679491887150835,-0.9217924482786565,-0.21395484763901404
05,258,1,0.42857142857142855,0.41654429896331685,0.5033479928970337,0.0024662932141451977,-0.7240522733143088,-0.24390901397827328,-0.604915135207474,-0.6333957261088958
05,259,1,0.43023255813953487,0.41602613462197047,0.4932146966457367,0.0030784740094761827,0.4130551515775459,-0.6709787270055377,-1.4037027850289818,-0.9086600774681299
05,260,1,0.4318936877076412,0.41518357350883556,0.497562974691391,0.005310152385495011,-0.8034394415675555,-0.19205894206678262,-1.0609366490429657,-0.2847684302052439
05,261,1,0.4335548172757475,0.41384822876946853,0.5072365403175354,0.006838518970142872,-0.7235708401527978,-0.35440018133641155,-0.29838865278626947,0.4064064027630813
05,262,1,0.43521594684385384,0.41458321945317794,0.5056353807449341,0.005061821685894781,-0.0028885989690656407,-0.1968609079594528,-0.424604886899006,-0.016955580857153818
05,263,1,0.4368770764119601,0.41255906675665616,0.5070670247077942,0.00659570450488184,-0.6350915456264379,-1.0461163112878755,-0.3117512321637263,0.3504905863243757
05,264,1,0.43853820598006643,0.416535507091838,0.4941368103027344,0.002891820936327362,-0.7030548269929883,-1.4987483690670986,-1.3310143939393384,-0.9101627857847887
05,265,1,0.44019933554817275,0.4119010957274026,0.5023823380470276,0.0067248919635574545,-0.20106504952548468,-1.5539824647894867,-0.6810357922026139,0.1920431352789323
05,266,1,0.4418604651162791,0.41680846350438444,0.4961254894733429,0.00293552837991506,-1.0280077100140321,-0.772446924959062,-1.1742507583418849,-0.8229185828798935
05,267,1,0.4435215946843854,0.41387730961407904,0.5039339661598206,0.004818205829166132,-0.08272529818637382,-0.4420893958193757,-0.5587240248489023,-0.13341217155373244
05,268,1,0.44518272425249167,0.4128832122585902,0.5043854713439941,0.0061418638990106845,0.22508160380543704,-0.9199719823835008,-0.5231327664859503,0.15277635826290825
05,269,1,0.446843853820598,0.41471382385810984,0.5004766583442688,0.0034645879563039534,0.7055693001919641,-0.9139522930826415,-0.8312567443320266,-0.5441462624456417
05,270,1,0.4485049833887043,0.4212492674618723,0.5053029656410217,0.003609266739702502,-0.5587089843329822,-0.7743407966747631,-0.4508085103828586,-0.3245862019813138
05,271,1,0.45016611295681064,0.4243718105107175,0.49157124757766724,0.0044464250393797655,-0.7589851795215333,-0.7432543858958982,-1.5332526162121494,-0.6960609844641248
05,272,1,0.45182724252491696,0.427262789265522,0.5050911903381348,0.004713778570024708,-1.03442875230069,-0.28614202501107383,-0.4675023375727686,-0.10897562936470855
05,273,1,0.45348837209302323,0.4253724793752499,0.4930672347545624,0.0027051675920105106,0.39128045171836434,-1.0468318468754367,-1.4153269135029016,-0.9901660044117176
05,274,1,0.45514950166112955,0.42499235396724894,0.49241387844085693,0.003816214859266366,-0.8032625293816992,-1.4839978326886571,-1.466829696149172,-0.7906347448788112
05,275,1,0.4568106312292359,0.42916482836926934,0.5055744647979736,0.002015234477705142,-0.7228486904105315,-1.205523198193836,-0.4294067702055323,-0.6371009358693994
05,276,1,0.4584717607973422,0.42778298977701007,0.4917904734611511,0.0031596051404873416,-0.03778960297884066,0.12156227532531293,-1.515971474527801,-0.9483437843375818
05,277,1,0.4601328903654485,0.4326977684379864,0.5104135870933533,0.0016251233926169572,0.56671933609258,0.11996052593664372,-0.04794835532593069,-0.5254730069864132
05,278,1,0.46179401993355484,0.4295953553737486,0.4964473247528076,0.003308611937304919,1.0081413416022855,-0.37819666303282906,-1.1488811214401344,-0.7345850901766793
05,279,1,0.4634551495016611,0.4346608306956406,0.4980802834033966,0.0019699593487592293,0.2288808655016981,-0.4862655126679389,-1.0201582290651359,-0.9416569237520898
05,280,1,0.46511627906976744,0.4296549313709861,0.5015414357185364,0.005773786873285185,-0.13088601553607668,0.15151630180276204,-0.7473224553028814,-0.033952005815204744
05,281,1,0.46677740863787376,0.43441130406892625,0.49952664971351624,0.0030146894881741366,0.010104295992193466,-0.7179611875576095,-0.9061440408888464,-0.6728140399788668
05,282,1,0.4684385382059801,0.4350123111545484,0.4944351017475128,0.0022936734184630697,-1.0106732159998701,-0.38052707710240924,-1.3075006708400125,-1.019689925734225
05,283,1,0.4700996677740864,0.44124964364961017,0.5237784385681152,0.0036714964154650836,1.0709364669820136,0.5255805827037581,1.0055763847972254,0.4162243103219713
05,284,1,0.4717607973421927,0.4419422170809155,0.5212556719779968,0.0031182970657052155,-0.30385973010737477,1.1163865011690621,0.8067116969804674,0.20462192681342986
05,285,1,0.473421926910299,0.44527922762265515,0.5212826132774353,0.0028808764609801873,1.2519002319145325,1.7136716272024666,0.8088354261923557,0.1575429563922521
05,286,1,0.4750830564784053,0.44670545391547883,0.5213990807533264,0.0017259051535947522,1.199777841681553,0.03562907707787752,0.8180163263694129,-0.07205554790376784
05,287,1,0.47674418604651164,0.4519790008076183,0.5284865498542786,0.00394038306727852,2.258234749061268,2.0443344077625345,1.3767074616066266,0.6563109294093599
05,288,1,0.47840531561461797,0.45122528798267647,0.5293390154838562,0.001730083799940556,-1.0342895427118195,0.5860794448593949,1.4439056368022622,0.24173639487054593
05,289,1,0.48006644518272423,0.45960929495897757,0.5317530035972595,0.006567570203695512,-0.21703934984838982,1.6736081988457119,1.6341955330002234,1.3177592881623055
05,290,1,0.48172757475083056,0.4603773543909289,0.5166887044906616,0.004217979520225543,0.9417876711070517,0.6563496347405815,0.44670670595370254,0.24759768412101194
05,291,1,0.4833887043189369,0.464208108323873,0.5228725671768188,0.0041658916156478,0.45964106045314973,1.2110406996740672,0.9341683393054573,0.48076684283089355
05,292,1,0.4850498338870432,0.4702323650371002,0.5273535251617432,0.007132871449811324,0.5709826297517431,0.7359743036334632,1.287393371808428,1.2589821007260016
05,293,1,0.4867109634551495,0.47329113500987924,0.5159825086593628,0.005439872158984461,0.6389111087210758,0.23904796716552923,0.39103868891287674,0.4675220031117024
05,294,1,0.4883720930232558,0.48704019948218114,0.5171830058097839,0.01576847661856097,2.6911794706487058,0.15324934212492874,0.48567149877270727,2.6091285979126244
05,295,1,0.4900332225913621,0.4970049787187653,0.5237757563591003,0.01906754458233205,2.0009290256320473,1.2004291099741338,1.0053649515792278,3.5379142598017324
05,296,1,0.49169435215946844,0.5045373911679398,0.5225368142127991,0.01840073943278349,0.7012973059334965,-0.3067940888502268,0.9077015989280964,3.3538771461181485
05,297,1,0.49335548172757476,0.5101618589037489,0.5280399322509766,0.015448950635882626,2.2574371941250297,1.144761754171204,1.341501481552026,2.9722545722040734
05,298,1,0.4950166112956811,0.5114632661726795,0.5216736197471619,0.007730869731515464,2.886615232424234,0.31379189560564225,0.8396576908604699,1.1563680017264104
05,299,1,0.49667774086378735,0.5146000817478671,0.5187477469444275,0.004563725833908834,4.263389365755493,1.6309714681924066,0.6090169396366301,0.3988584106568823
05,300,1,0.4983388704318937,0.5144544740591366,0.550597071647644,0.0015436133191555823,7.188414843908949,3.878035488641731,3.1196360508491514,1.0417917215624406
05,301,1,0.5,0.5157124186848989,0.6269999146461487,0.0012019837091339514,11.158628815502889,6.527194404293763,9.142320662546531,3.9838631454020526
05,302,1,0.5016611295681063,0.516844610437334,0.6561771631240845,0.0014574319019863991,13.732039874166807,9.486203205273174,11.442305303473754,5.185651683486829
05,303,1,0.5033222591362126,0.5171114305796027,0.6246927380561829,0.0025359478258812785,12.264770807470331,8.080871617662867,8.960450506940836,4.163410684517853
05,304,1,0.5049833887043189,0.5178352499792878,0.6166402697563171,0.002439965634130169,11.425540000564181,7.808771157989349,8.325690398383992,3.8265687016339367
05,305,1,0.5066445182724253,0.5191272177826232,0.6070226430892944,0.001993191810832561,11.47372391951203,8.098247972711258,7.567551959351538,3.356908924711302
05,306,1,0.5083056478405316,0.5210301482553672,0.5880113244056702,0.0010465299142566288,11.44411287987934,7.581841343985636,6.068927405731461,2.41564576713291
05,307,1,0.5099667774086378,0.5208784167349638,0.5981186032295227,0.0021420770874312645,11.056063250702682,6.578023689197311,6.8656641533383915,3.0361538991486503
05,308,1,0.5116279069767442,0.5224971050695962,0.5913442373275757,0.0014651352916391237,10.483076582911155,6.113175010056147,6.331654322415447,2.631888178745939
05,309,1,0.5132890365448505,0.5227369273210389,0.5991478562355042,0.002390776812773542,10.75906539324672,5.424810081182207,6.946798126858055,3.12714874351949
05,310,1,0.5149501661129569,0.5243370641426353,0.5903589129447937,0.0016930673757811644,11.778772731524342,6.386529298144567,6.25398315515499,2.6392694804310284
05,311,1,0.5166112956810631,0.5244667698568286,0.5875144004821777,0.002390090633404828,11.005721583127338,5.768089920451382,6.029755878210414,2.668488485324679
05,312,1,0.5182724252491694,0.527732382711585,0.6001608967781067,0.0008054760518578743,13.855370869306883,7.184889771102693,7.026654104037822,2.8456315800005223
05,313,1,0.5199335548172758,0.5261863714589936,0.6031721830368042,0.0028763967222032046,13.072827367068763,5.906437741624347,7.264027828625901,3.3842308187322154
05,314,1,0.521594684385382,0.5303645950423506,0.6184074282646179,0.0012029728192344742,14.061302454043304,9.467435166329711,8.46499199943281,3.6453993717800355
05,315,1,0.5232558139534884,0.529799095607159,0.591981053352356,0.00174148553826806,10.992676484570252,7.699130099425607,6.381853266884065,2.7130220952024584
05,316,1,0.5249169435215947,0.5353329708561754,0.5407622456550598,0.002567877477978471,4.992464785068217,3.6165728768548453,2.344376219674836,0.8618477898905976
05,317,1,0.526578073089701,0.5373261211809788,0.5167685151100159,0.0026608807666342726,1.4333222284104172,-0.02747262783434683,0.452998018818124,-0.06498340230631341
05,318,1,0.5282392026578073,0.5391182524539657,0.5341768860816956,0.001668074609124921,3.693946742080631,1.5889091353731528,1.8252653828467982,0.4198429100383929
05,319,1,0.5299003322259136,0.5406399093251311,0.5264794826507568,0.001130283923632585,3.1134253552914815,1.7865118371068662,1.2184943338368996,0.007411699716099229
05,320,1,0.53156146179402,0.5414750113777348,0.5285952687263489,0.0008737842495028114,2.1304374462782585,1.3603250556073723,1.3852775547094682,0.038793887840056884
05,321,1,0.5332225913621262,0.5434925932340564,0.5267031788825989,0.0005516070170968847,3.3753800989490275,0.9348538096954396,1.2361278642179108,-0.1011075579032289
05,322,1,0.5348837209302325,0.5476643833773458,0.5252658128738403,0.002238459606448929,1.7822075599181375,0.8155136334195715,1.1228231519509024,0.18427649983358202
05,323,1,0.5365448504983389,0.5516955894330406,0.5370984077453613,0.004133132931298756,1.338964228954041,1.2011413632883576,2.055563142405886,1.0348218957914421
05,324,1,0.5382059800664452,0.5612250675783146,0.5203268527984619,0.0108986910495953,-0.19044741817433075,0.07328988135162848,0.7334947228458296,1.7456130910411616
05,325,1,0.5398671096345515,0.5638709801733512,0.5159084796905518,0.008607089594487012,0.5528302794029661,-0.3515675794462035,0.38520313209613927,1.1068083511486373
05,326,1,0.5415282392026578,0.5704947499905307,0.5131453275680542,0.010136262676842795,2.077102772542197,0.5999765901701027,0.16738932943082868,1.307965814999721
05,327,1,0.5431893687707641,0.5738519206571766,0.5135207176208496,0.007785841690192431,0.35703489285618856,0.19441889659639974,0.19698058291860052,0.8461758939405091
05,328,1,0.5448504983388704,0.580313255260676,0.5201663374900818,0.008708093487657843,0.5341355916975473,-0.45843511703981144,0.7208416193776541,1.2951077538887512
05,329,1,0.5465116279069767,0.5851961667377217,0.5116764307022095,0.008818958044113158,-0.7189769237200669,-0.31771421224387936,0.051599102223358236,0.9829660620233956
05,330,1,0.5481727574750831,0.5871973587559012,0.5176742076873779,0.005488853421200047,0.6614572617185822,0.9786229246501607,0.5243919687620257,0.5441303794433662
05,331,1,0.5498338870431894,0.5961261881599491,0.5077357292175293,0.01024203063390537,0.2035128181297933,0.5376166790321392,-0.25903858165891336,1.1161980089076418
05,332,1,0.5514950166112956,0.6020745412097299,0.5175666809082031,0.010621816807993052,0.08084886893638842,-0.8861087683611643,0.5159158459782943,1.5806829600012466
05,333,1,0.553156146179402,0.6101095862470185,0.512593150138855,0.013216540358018154,0.525084068221188,0.27454575330990927,0.12386227761902839,1.9107779861312761
05,334,1,0.5548172757475083,0.6067599497551719,0.5204613208770752,0.00616226366940562,2.353958742608437,0.9778811308758999,0.7440945748414494,0.7905264095171265
05,335,1,0.5564784053156147,0.6119337946528245,0.5180208683013916,0.004707434803049217,-0.3903958907890822,0.05394416230077541,0.551718537559244,0.3993485077145675
05,336,1,0.5581395348837209,0.6101783782999441,0.5140302777290344,0.002453326049100321,-0.6813787339259234,-0.08130519284164939,0.23714819582221455,-0.21499336125613128
05,337,1,0.5598006644518272,0.6147688014441377,0.5186727643013,0.0021251596458167128,-0.8018907348913697,0.18719133070736368,0.6031062065646045,-0.09855535682382727
05,338,1,0.5614617940199336,0.6140723435985718,0.49926117062568665,0.0015921705758265652,0.19276757798884128,0.919072639489043,-0.9270712309546666,-0.9717161568561543
05,339,1,0.5631229235880398,0.6177152379756368,0.4914762079715729,0.0014618649842465443,-0.1497663160266563,-0.6600979908919344,-1.5407443999032024,-1.3049742896818406
05,340,1,0.5647840531561462,0.6222267709340621,0.519404947757721,0.003798598431314622,-0.024297873657461784,-0.5070291738005647,0.6608227765620305,0.2696194782019763
05,341,1,0.5664451827242525,0.6226524097537575,0.5230461359024048,0.0018482161172677968,-0.7942516087020938,0.8445223651758388,0.9478504177678885,0.01766200713210392
05,342,1,0.5681063122923588,0.6271330465737812,0.5024653673171997,0.0037218738350993223,-0.3379167759846216,0.1979473404341444,-0.6744907594765952,-0.41359443210160063
05,343,1,0.5697674418604651,0.6261963337985632,0.5136541724205017,0.001399146009977295,0.5094084884744011,-0.3575577282870258,0.2075005601429767,-0.4435690874909052
05,344,1,0.5714285714285714,0.629106287935119,0.5334376096725464,0.0010208376855042017,0.14639048349654343,-0.57073153473354,1.7669896894506671,0.2594673975969788
05,345,1,0.5730897009966778,0.6251951615772351,0.5210203528404236,0.005321340111245009,-0.508126600176884,-0.3824143842714355,0.7881619559881328,0.6420493631191931
05,346,1,0.574750830564784,0.628352330276463,0.5114451050758362,0.003529547282865499,-1.3974670586769247,-1.2772572819835193,0.03336416180004251,-0.09866426419255771
05,347,1,0.5764119601328903,0.6258696939863995,0.5141907334327698,0.005587316583620482,-0.8706080681976361,-0.8452313362167252,0.24979660077443458,0.42679768064460316
05,348,1,0.5780730897009967,0.6280700404344584,0.5291870832443237,0.003556586971915128,-0.583279476768649,0.4206003522791763,1.4319291196316795,0.6061009453027337
05,349,1,0.579734219269103,0.6252668972486581,0.5127332210540771,0.005849391493155708,-1.375373336843248,-0.3582929575146117,0.13490379011446565,0.42249116601321746
05,350,1,0.5813953488372093,0.6254374536897573,0.5319941639900208,0.005696768969912268,-0.17717320383556223,0.3140085256459131,1.6532057285561974,1.1506954711002144
05,351,1,0.5830564784053156,0.6227786317425665,0.5130735039710999,0.007626871770426662,0.3102633711954239,-0.0304233915647026,0.1617276177044449,0.7963157107640049
05,352,1,0.584717607973422,0.6220262954420783,0.5072199106216431,0.007606442509956639,-1.1804538106264482,-0.5539361420658754,-0.29969953873785543,0.5614597723666919
05,353,1,0.5863787375415282,0.6205698835540069,0.5191217660903931,0.007551918149933072,0.6272291040550152,0.6283715368122693,0.6385001272574252,1.019503916984236
05,354,1,0.5880398671096345,0.6245706415877834,0.5098274350166321,0.0035283892747470192,-0.5648806094395803,-0.5747621663919125,-0.09415356123236894,-0.16265793042529747
05,355,1,0.5897009966777409,0.6169860011255973,0.5121902823448181,0.009744844129186346,-0.123925536092545,-0.28677550376519917,0.09210500827576867,1.1909572668624075
05,356,1,0.5913621262458472,0.6213954852663301,0.5048268437385559,0.005243047969942651,-0.08554429236100415,-1.0151874496292077,-0.4883402558354342,-0.012076729981347983
05,357,1,0.5930232558139535,0.6183277683232591,0.518311083316803,0.006797216733345228,0.22335598494339481,0.2819669733258541,0.5745956117465989,0.8345238441713682
05,358,1,0.5946843853820598,0.6251887591048616,0.5048955082893372,0.003710829835945042,0.6202657244117155,-0.024282258150358164,-0.4829275654546922,-0.32005218302736943
05,359,1,0.5963455149501661,0.6231127171105603,0.5103242993354797,0.0023009500420072865,-0.3741083688912181,-0.4239252951699999,-0.05498673222727749,-0.3919575043119709
05,360,1,0.5980066445182725,0.6263279715581875,0.5165053009986877,0.0021348361689780744,-0.3213624357080888,-0.7168780373562553,0.432249372358613,-0.1820217036773316
05,361,1,0.5996677740863787,0.6252841467293975,0.5089744925498962,0.0022822429325238176,0.7786920369460324,-0.6125870843325353,-0.16138932455564853,-0.44895196692235007
05,362,1,0.6013289036544851,0.6216307652122682,0.4987439215183258,0.007592115586658359,-0.49695793086978385,0.27921314599574454,-0.9678449524165409,0.22448205207349348
05,363,1,0.6029900332225914,0.621133818566207,0.5010974407196045,0.007199563759571275,-0.6026615118191165,-1.091451070624554,-0.7823217006554398,0.237647499815751
05,364,1,0.6046511627906976,0.6263454319613206,0.5172584056854248,0.0039096764965473995,-0.2758321995480873,-1.22937547853699,0.49161512145642133,0.2075385096895494
05,365,1,0.606312292358804,0.6262201342854667,0.5117473602294922,0.0024682534953663943,-0.4861488863339328,-0.24646262263479918,0.05719033621040944,-0.30194551194611197
05,366,1,0.6079734219269103,0.6302309720067706,0.5144293308258057,0.002153952327280063,-0.39328738995791596,-0.5111549913857228,0.26860476014432194,-0.2599679021305765
05,367,1,0.6096345514950167,0.63213852514995,0.515750527381897,0.0019114537718338386,-0.2885756773292865,0.1342252858611445,0.3727520648140505,-0.25706472076461817
05,368,1,0.6112956810631229,0.6300453856173676,0.5094708204269409,0.002932862406684293,-0.20710616564251652,-0.11535877871755719,-0.12226478219415662,-0.29746616363171197
05,369,1,0.6129568106312292,0.6394406577649203,0.5102695822715759,0.005537421326856735,-1.190610310214468,-0.5731833929166054,-0.05929996987443128,0.2621323318610769
05,370,1,0.6146179401993356,0.639915329628356,0.48989906907081604,0.0033185228233461356,-0.5007049889702184,-2.3354293832398008,-1.6650671320858703,-0.9906685044177816
05,371,1,0.6162790697674418,0.6346907174218837,0.5133450031280518,0.004938739291439663,-0.29611329652667767,-1.3141565988429849,0.18312935788177115,0.261954612234409
05,372,1,0.6179401993355482,0.6360151047235718,0.5101843476295471,0.004252400057734933,-0.09661725507575578,-0.7444655447574124,-0.06601884769080374,-0.001785776732841974
05,373,1,0.6196013289036545,0.6354729267584396,0.5059844255447388,0.006287007799418225,-0.1854619747729012,-0.36586844437741606,-0.39709037746356746,0.2452278061963118
05,374,1,0.6212624584717608,0.6315281246965323,0.48786163330078125,0.009239877109705323,-0.8756776173923416,-1.7500096753212304,-1.8256741537349273,0.1296775247034907
05,375,1,0.6229235880398671,0.6349874846530136,0.5013874173164368,0.004564499463873797,0.1304625863699285,-0.4472392826858142,-0.759463420531907,-0.2852249035455961
05,376,1,0.6245847176079734,0.6387223750537563,0.5034016966819763,0.002940898402386328,-0.858288019582585,-0.6967872422578041,-0.6006817723315638,-0.5350452317017843
05,377,1,0.6262458471760798,0.6396898098058648,0.4977840185165405,0.0019199231156624974,-0.6281600681805876,-1.5009507744765187,-1.0435122026219745,-0.9634795592018961
05,378,1,0.627906976744186,0.6376653987254712,0.5045205354690552,0.002811031999995371,-0.7221729438645552,-0.25504576741219664,-0.5124859293307755,-0.5172798059016247
05,379,1,0.6295681063122923,0.6475618884612906,0.5080255270004272,0.0055511392285892535,-1.7398617431035517,-1.2047912512395875,-0.236194397083247,0.1764666428214316
05,380,1,0.6312292358803987,0.6481110852553864,0.5170245170593262,0.003531033108202884,0.1541775198739945,-0.40763537259630056,0.47317814484701887,0.12154400224567098
05,381,1,0.632890365448505,0.65465271179673,0.5100107789039612,0.007151184061551892,-0.8134973343634588,-1.3623699118965955,-0.07970092615323492,0.5791481274475883
05,382,1,0.6345514950166113,0.6494273710048044,0.5117650628089905,0.004300282629216714,-0.6237981677293077,0.3261069851677055,0.05858579544919449,0.07022550407870438
05,383,1,0.6362126245847176,0.6562769212252872,0.5038608312606812,0.00297986307755085,-0.4416511212913885,-0.6434437359777796,-0.5644891039263071,-0.5090481847486635
05,384,1,0.6378737541528239,0.6462862356710017,0.5022432804107666,0.010075268822725152,-1.2453660818369172,-1.3241773793421798,-0.6919974299268076,0.8659049532645475
05,385,1,0.6395348837209303,0.6590533010402507,0.5114862322807312,0.004652903021187751,-0.8971796984733182,-1.4057943881508856,0.036606137809341105,0.13073511456286457
05,386,1,0.6411960132890365,0.6568017490308238,0.5158708095550537,0.004055257462797982,-1.2352008816495927,-1.1500232383311155,0.38223367001226,0.18236665949840736
05,387,1,0.6428571428571429,0.6550941713345881,0.49796393513679504,0.005612141108315883,-1.3943174417287267,-1.4478370273301149,-1.0293297322102821,-0.20773191536480523
05,388,1,0.6445182724252492,0.6597150774408205,0.4926300644874573,0.0036186607663711567,-0.5563018185254276,-1.6925600450960725,-1.4497881787785547,-0.8221712466238499
05,389,1,0.6461794019933554,0.6555736328537745,0.48903509974479675,0.006336924031021195,-1.179174822528699,-1.4711608616659415,-1.7331721208609183,-0.41269174905825273
05,390,1,0.6478405315614618,0.6616658899635073,0.5062112808227539,0.0023111520054553887,-0.18505014640582557,0.05161046595785777,-0.37920782573691464,-0.5519994393728861
05,391,1,0.6495016611295681,0.6518477952482897,0.497457891702652,0.01040887982305773,0.12044239617101103,-2.1722839870024995,-1.0692201326725213,0.7449385821950821
05,392,1,0.6511627906976745,0.6605159101452273,0.49931395053863525,0.004414331918379389,-0.6592618104941016,-1.0666699069269054,-0.9229106950760667,-0.39739741884343416
05,393,1,0.6528239202657807,0.6471822198195947,0.5248878002166748,0.014463069406279882,0.4923843158354299,0.9431021625924185,1.0930251637610884,2.6481131838243335
05,394,1,0.654485049833887,0.6514730533083428,0.5244409441947937,0.009370902968725888,-0.16861471431978642,0.9638133073516454,1.057800389642666,1.5979823905179162
05,395,1,0.6561461794019934,0.6540157617581724,0.5087718367576599,0.005124900935664823,-0.7750000826411925,-1.2385297388751013,-0.17736427880436625,0.1194550526576998
05,396,1,0.6578073089700996,0.6549908618612637,0.49994707107543945,0.003969099693865552,0.2475552518087399,-1.0336732130656523,-0.8730030585966904,-0.4627215741347418
05,397,1,0.659468438538206,0.6557883235543185,0.5271928310394287,0.0012790989345217918,1.5022280747016126,1.5446772198778531,1.274726172792386,0.06570224913834033
05,398,1,0.6611295681063123,0.6613119120650064,0.5269916653633118,0.0030004297713071685,2.698911403230562,1.7273357311062165,1.2588686814425558,0.4068009349146898
05,399,1,0.6627906976744186,0.6615047393638426,0.5077478885650635,0.0014860251661943423,1.476169779784891,1.2773327742702805,-0.2580800844039903,-0.6587432675951597
05,400,1,0.6644518272425249,0.6836300330316472,0.5054137110710144,0.020986591647364508,0.006812569255356616,-0.19381824057564878,-0.4420786677375299,3.2033100175676577
05,401,1,0.6661129568106312,0.6713707283449417,0.4905727207660675,0.008546042946050885,-1.0958027797940306,-0.7371953093149897,-1.6119645047567503,0.09584634577112339
05,402,1,0.6677740863787376,0.6868772690845502,0.4987480938434601,0.013252608552834272,-1.8531029432502757,-1.6853915601271103,-0.9675160562996555,1.3724022240820928
05,403,1,0.6694352159468439,0.676037823321963,0.48703235387802124,0.008559062167218282,-0.8463914001336822,-0.8544348306548982,-1.8910446062238713,-0.04105384908671328
05,404,1,0.6710963455149501,0.6806258907977668,0.48611047863960266,0.006623584046958111,-0.6140012929125369,-1.1816840469440317,-1.9637142032496926,-0.4698378749695964
05,405,1,0.6727574750830565,0.6944187505421398,0.5101649761199951,0.011446340481659446,-1.4490471115532626,-0.3438804952899263,-0.06754586537634293,1.4561375017156233
05,406,1,0.6744186046511628,0.6899684609206385,0.5152468681335449,0.006158076376740013,-1.0708349599901288,-1.2603601388423942,0.33304960499003144,0.5841548838535306
05,407,1,0.6760797342192691,0.702184090804706,0.5067617297172546,0.012676877235904117,0.5802487680109446,-0.6512621110675543,-0.335817030887824,1.5715129795079397
05,408,1,0.6777408637873754,0.6975056317495387,0.5265941619873047,0.005653225972475149,-0.2528858189825779,-0.12158196896533754,1.2275342785352916,0.9290307050777797
05,409,1,0.6794019933554817,0.7065476288241453,0.5171499848365784,0.006283913146714738,-0.4675093024241086,-0.5870247395805768,0.48306852093335734,0.6846797649314366
05,410,1,0.6810631229235881,0.7042909301663296,0.5286835432052612,0.0044655103050335685,-0.4663318213182445,-0.04747808382602472,1.3922360568395713,0.7705531957358035
05,411,1,0.6827242524916943,0.7124736787091975,0.5185518860816956,0.0055971261498427415,-1.754936981498334,-0.54381361109322,0.5935776162068399,0.6006772352244525
05,412,1,0.6843853820598007,0.7147165188238565,0.5120489597320557,0.005267569288378777,-0.9101261902382871,-0.056999958777929155,0.08096482694526581,0.2775479019604866
05,413,1,0.686046511627907,0.7224164867162586,0.5109673142433167,0.008664815412201472,-0.9005236288059816,-0.7948911100404554,-0.004299142099287269,0.9237620493183434
05,414,1,0.6877076411960132,0.7198606530371713,0.506886899471283,0.004268580534264492,-0.33611865212837594,0.15334124577837696,-0.32595014738126304,-0.12847057548188365
05,415,1,0.6893687707641196,0.7241045153063224,0.52435302734375,0.003346977385764584,0.2490140522921134,0.24552389246029221,1.0508700786082956,0.3730697197740598
05,416,1,0.6910299003322259,0.7269170496349446,0.5280418992042542,0.002694431835429489,-0.7886455225502826,-1.3498381922942615,1.3416565325785577,0.3861488718171826
05,417,1,0.6926910299003323,0.7275969272808621,0.5095594525337219,0.0013420920019273919,-0.9487452503508154,-1.125754109274107,-0.11527808896832037,-0.6165270271309418
05,418,1,0.6943521594684385,0.7332626819292982,0.5027554631233215,0.00439841344129825,-1.5662499845832631,-0.15475262331347484,-0.6516230823211513,-0.264981338972417
05,419,1,0.6960132890365448,0.7287523733855212,0.4969136416912079,0.0034624023255104704,-0.9540700171251171,-1.5123238515907376,-1.1121222818622394,-0.6850222029042121
05,420,1,0.6976744186046512,0.7329254439795674,0.5075449347496033,0.0018065041590998507,-0.3470205030568074,-0.39629840048879356,-0.27407853123248554,-0.6017602358045966
05,421,1,0.6993355481727574,0.7335585767650028,0.5106461048126221,0.002025570872455144,-0.09621412730798456,-0.8794720116728668,-0.029619444583504857,-0.43511140326220105
05,422,1,0.7009966777408638,0.7414653410784497,0.5092272162437439,0.005096089890427464,-0.12415465187422792,-0.8499315516359348,-0.14146761690430643,0.13156148215466498
05,423,1,0.7026578073089701,0.7299644208243314,0.5007345676422119,0.008455495150978725,-0.5507421355699066,-1.488428901694197,-0.8109262657925556,0.47800544772362596
05,424,1,0.7043189368770764,0.7242573149233352,0.5137103199958801,0.014465612911677488,-0.8635866845589736,-0.45935415357429377,0.21192656217306258,2.2080796195388626
05,425,1,0.7059800664451827,0.7224308668642239,0.5124096274375916,0.014125028706730812,-0.3586648051258822,-0.029963873297461436,0.10939554699202785,2.0877552025829567
05,426,1,0.707641196013289,0.7311499245576143,0.5221391320228577,0.007883187898075473,-0.5982880105687641,-0.6050083151963935,0.8763531004729657,1.2056006574681155
05,427,1,0.7093023255813954,0.7278375472811971,0.5166626572608948,0.00436311402357065,-0.621515710511783,-0.5860794448593949,0.44465345448114674,0.27599940640184073
05,428,1,0.7109634551495017,0.7356923432111875,0.5082287788391113,0.00502894763141999,-0.4813925587141862,-0.88060767824762,-0.22017245767497423,0.0785948920220565
05,429,1,0.7126245847176079,0.732347009647939,0.516622006893158,0.0032945669712102304,-0.3089495807004573,-0.8766459743293337,0.4414490665994922,0.0577321617339413
05,430,1,0.7142857142857143,0.7432686812665412,0.5100198984146118,0.007267492918881886,-0.5689495897142782,-0.48055763933413614,-0.07898205321204262,0.60309104994039
05,431,1,0.7159468438538206,0.7445161051858749,0.5053660869598389,0.005710412135951946,0.29557095917003584,-0.3818334218907091,-0.44583278198597853,0.10394258653365901
05,432,1,0.717607973421927,0.7465564102938992,0.5164799094200134,0.003409821648429647,-0.6887916445332847,0.6736373684088616,0.43024780456156775,0.07550126481430106
05,433,1,0.7192691029900332,0.7408029304459964,0.5068770051002502,0.0059459779862308295,0.5838508161229723,-0.35367479892883796,-0.32673010102987693,0.211258680830922
05,434,1,0.7209302325581395,0.7476082878210063,0.4982376992702484,0.0029760084031164548,-1.024414362501309,-0.5459339596692042,-1.0077494484266467,-0.7314599540562766
05,435,1,0.7225913621262459,0.7462745449149871,0.5097883343696594,0.0038788850601073383,-0.9707896687884338,-1.6577318427125296,-0.09723578769918036,-0.09313040241640438
05,436,1,0.7242524916943521,0.7450462887328045,0.516423761844635,0.004508736809342594,-0.7804205560078428,-0.17242438296223508,0.42582180253148183,0.2961109355365459
05,437,1,0.7259136212624585,0.7332110744972598,0.501099705696106,0.01596642065461372,-0.3508777687484312,-1.178185143566324,-0.7821431570491306,2.015357597660606
05,438,1,0.7275747508305648,0.7420809314053806,0.5053383708000183,0.00878463177873417,-1.2365784765394585,-1.4375569472372625,-0.44801759190528845,0.7261975141769166
05,439,1,0.729235880398671,0.7452708115873894,0.5187485218048096,0.005704999805557788,-0.5762870951276678,-0.5134985345486528,0.6090780203440517,0.6303005509158843
05,440,1,0.7308970099667774,0.7514305035399196,0.5047233700752258,0.005987223146018525,-1.0442169265181565,0.5442665648137863,-0.49649687953419125,0.134738409157824
05,441,1,0.7325581395348837,0.7562665865946662,0.5043709874153137,0.009023774164003974,-1.0973282848720713,-0.5092676842166967,-0.5242745058631381,0.7365590108420716
05,442,1,0.7342192691029901,0.7549656743287452,0.5128802061080933,0.003458336441326847,-0.2171495574395791,0.22885650845278765,0.1464903304607415,-0.056540319963907154
05,443,1,0.7358803986710963,0.7498451624513213,0.5350030660629272,0.006382713734533684,0.1646414406374371,0.6561494160669978,1.890391512506056,1.4083746643235224
05,444,1,0.7375415282392026,0.7630325127427836,0.5050485730171204,0.005661048840945688,-0.6674606752386282,-0.08158746834866895,-0.4708617764809548,0.08141888960426616
05,445,1,0.739202657807309,0.7538158683108434,0.5168105363845825,0.006743657952201668,-0.8759908389673006,-0.1352230969557253,0.45631047256675517,0.7645213728038731
05,446,1,0.7408637873754153,0.767435785636885,0.5093165040016174,0.007776499005286748,-1.3555881740250093,1.0362301039955157,-0.1344292400029596,0.6785766032902067
05,447,1,0.7425249169435216,0.7586611518582523,0.507875382900238,0.005852920469741016,-0.7830510371975441,-0.04304701482048491,-0.24802995877516462,0.2317398481638573
05,448,1,0.7441860465116279,0.7702316859385263,0.5086618661880493,0.005550716846609651,-0.9954007640208544,1.163618414494779,-0.18603304074227336,0.20146167627198341
05,449,1,0.7458471760797342,0.7677392378879683,0.5120539665222168,0.005448716416943925,-0.30841304374335177,0.7069163377771343,0.08135950228552825,0.3144757249311311
05,450,1,0.7475083056478405,0.7788902248581862,0.5087740421295166,0.008628777354603307,-0.7006302599868247,-0.0062002143344182985,-0.17719043371401255,0.8300091094050608
05,451,1,0.7491694352159468,0.778554699874887,0.5161139369010925,0.0064463014922634156,1.1216435597281418,0.8152871565592883,0.4013989165947658,0.6767718039789767
05,452,1,0.7508305647840532,0.7773328378337132,0.5115525722503662,0.0031707073573746963,-0.8430996733968453,0.7171504660432626,0.041835586067818405,-0.16718910152405653
05,453,1,0.7524916943521595,0.7769489900506126,0.5086923241615295,0.004134032579033211,-1.0221957096786831,0.42415177203028304,-0.1836320990890102,-0.08459330695055482
05,454,1,0.7541528239202658,0.7811970042507599,0.5153389573097229,0.0024885670814567946,-0.8986239979578511,1.0853197840302218,0.340308812141287,-0.15626736864000243
05,455,1,0.7558139534883721,0.7829869157820761,0.5182403922080994,0.001413528391353427,-1.1015074727379583,0.5896997923505878,0.5690231718233697,-0.2598915231822097
05,456,1,0.7574750830564784,0.7816226986545967,0.5090491771697998,0.002238220497868664,-0.6575738942290451,0.1497668501139082,-0.1555020840634005,-0.4549346012727068
05,457,1,0.7591362126245847,0.7823234676832463,0.5145205855369568,0.0026099166744398424,0.06974110382441913,-0.11543427100431825,0.2757981880722004,-0.16391710466242523
05,458,1,0.760797342192691,0.7874364903690656,0.5009620785713196,0.001757231293018203,-1.4684407474028025,-0.06309842263888692,-0.7929920303903921,-0.8712078491508176
05,459,1,0.7624584717607974,0.7909236299826699,0.5006203055381775,0.0030867546872487953,-1.0502203400382026,0.38458724922081866,-0.8199333208792591,-0.6150963051809594
05,460,1,0.7641196013289037,0.7847757335334649,0.5054407715797424,0.005045320312104628,-1.6191786303517852,0.900268495538867,-0.4399455414937305,-0.02797182631639042
05,461,1,0.7657807308970099,0.7915526749672818,0.5061494708061218,0.002815229783756062,-0.49137794651588595,0.14046160520227458,-0.38408018678277356,-0.4522257666519672
05,462,1,0.7674418604651163,0.7943633126193689,0.5114407539367676,0.0022735462186288962,-0.8668262076999839,0.6680345278218568,0.03302117013529063,-0.35351011778479247
05,463,1,0.7691029900332226,0.8022896255722443,0.5146267414093018,0.007641305623373047,-0.1973614944215722,0.10719904720068907,0.2841662449889552,0.8604617195610568
05,464,1,0.770764119601329,0.7969209759880498,0.4993760585784912,0.0033833395534466786,-0.02575087374129902,0.19972961485637264,-0.9180148414504303,-0.6039997276322429
05,465,1,0.7724252491694352,0.7995234869154252,0.5080910921096802,0.002078219653193627,-0.1622429754291868,0.9540944959994947,-0.23102602953219126,-0.5251393111344124
05,466,1,0.7740863787375415,0.8039918573179543,0.5168541073799133,0.0031685983020573066,-1.2766911395325777,1.238618360255212,0.4597450877302295,0.04133800451947306
05,467,1,0.7757475083056479,0.8053864186952733,0.5159409046173096,0.0024592549966808985,-1.231468324547999,1.148044027508641,0.3877591247759341,-0.13848570757715234
05,468,1,0.7774086378737541,0.8111095551596857,0.5062682032585144,0.005409388257335236,-0.27115707752184853,0.5751822973791044,-0.37472074299940716,0.07846118723806172
05,469,1,0.7790697674418605,0.8103927918460083,0.5122151374816895,0.0023527582422225067,-1.0064128225404751,1.095478420009589,0.09406428942921434,-0.3069270500627377
05,470,1,0.7807308970099668,0.813327206934458,0.4960692524909973,0.0019515359884365552,-0.23654899368865545,-0.3580631983809911,-1.178683808145904,-1.0246553450459446
05,471,1,0.782392026578073,0.8147304778161888,0.5174276828765869,0.0013154914535805722,-0.3471742136445187,0.06360717500618963,0.5049589067700562,-0.3118022170214083
05,472,1,0.7840531561461794,0.8176157382658055,0.5135384798049927,0.0011237423390254098,-0.07774855538424869,0.1546082032866276,0.19838074067334105,-0.5039715080495565
05,473,1,0.7857142857142857,0.8164558309885542,0.5037169456481934,0.001805204900235795,-0.09901572028400606,-0.099400365750939,-0.5758313214428967,-0.7529000764801834
05,474,1,0.7873754152823921,0.8213689462754767,0.5043947696685791,0.0015921506010502361,-0.11638791689515383,-0.7325673039092037,-0.5223997979968915,-0.769384490583495
05,475,1,0.7890365448504983,0.8129407684764227,0.5111405849456787,0.008846462033258467,0.4090325744991382,-0.17128215184080706,0.009359443783366382,0.9674231076730664
05,476,1,0.7906976744186046,0.8221564759457229,0.5111245512962341,0.0032459177037112903,1.6507299036293606,0.22105454472970015,0.00809554299133548,-0.16880901922436015
05,477,1,0.792358803986711,0.8307041965840517,0.5104721784591675,0.008229208989332671,0.367159490246759,0.8768002411761933,-0.043329714141669064,0.8159205754148123
05,478,1,0.7940199335548173,0.8349041257192897,0.5046943426132202,0.008867046725696338,-0.12857455632087053,-0.9097509832107222,-0.4987850568045223,0.7175247338793665
05,479,1,0.7956810631229236,0.8338239630671632,0.5068354606628418,0.005929976601028996,0.23282513718636602,0.37477981648855724,-0.33000496665086404,0.20637671056295262
05,480,1,0.7973421926910299,0.8340460285436782,0.5089234113693237,0.0031448345189913273,-0.37080504135530873,-0.05939930058759553,-0.16541595272951648,-0.276061003817296
05,481,1,0.7990033222591362,0.8368975163377648,0.5188462734222412,0.0012933917763641401,-0.12823523294799835,0.7454797672186804,0.6167835865110802,-0.26037094111019776
05,482,1,0.8006644518272426,0.8401422970454915,0.5111123919487,0.0017564065307816648,-0.7748695736516262,-0.06410608055348004,0.007137045736412417,-0.47131054485725515
05,483,1,0.8023255813953488,0.8410859707535108,0.5115983486175537,0.0009910969124368217,-0.16476034882793075,-1.4202101326489085,0.04544404632164641,-0.6073358426478058
05,484,1,0.8039867109634552,0.8407778060809702,0.5111979842185974,0.0015096292623159745,-0.45614921993231133,-0.25581053709981944,0.013884114648517902,-0.5179750590508114
05,485,1,0.8056478405315615,0.8423520670807068,0.5094656348228455,0.001618312646902419,0.049419404049074814,-0.6882566138538055,-0.12267355308228557,-0.5642165937794137
05,486,1,0.8073089700996677,0.8472962646048948,0.5049533843994141,0.0019622471915501493,0.6248596408444463,-0.9751371503658026,-0.4783653064618966,-0.6723242260013865
05,487,1,0.8089700996677741,0.8403835424328782,0.5259230136871338,0.006738966870317347,-0.21273255319270462,-1.002665576846886,1.174628988876303,1.1227294388776001
05,488,1,0.8106312292358804,0.8440001402859421,0.507307231426239,0.003906164428992272,2.265369240490888,0.01921114584401816,-0.2928162128630403,-0.18538928548860392
05,489,1,0.8122923588039868,0.8398703457807492,0.5083418488502502,0.007882139993531172,1.3504084172391144,-1.4835415966947534,-0.21125937290738084,0.6615819413267597
05,490,1,0.813953488372093,0.8495893748142045,0.5141942501068115,0.004706349998798634,0.14280003618358836,0.3079986831650661,0.2500738132158094,0.2483061840844733
05,491,1,0.8156146179401993,0.8453887785300273,0.5089471936225891,0.0033779779769601876,-0.686050955752394,-0.10349664287606024,-0.1635412448632699,-0.22785007495275283
05,492,1,0.8172757475083057,0.8455145122170494,0.5081882476806641,0.0037175237231013964,-0.8734850663676292,-1.2383229556548427,-0.22336744852471777,-0.18891483159424474
05,493,1,0.8189368770764119,0.8505420740874565,0.5018635988235474,0.003277178746052977,-0.45134648911627445,-0.735252203499227,-0.7219269765633758,-0.5274816013461265
05,494,1,0.8205980066445183,0.8552392162117064,0.5088633894920349,0.0038067141661360464,0.4010251229393087,-0.42727321397418555,-0.17014735829671024,-0.14421999384356224
05,495,1,0.8222591362126246,0.8590305559825375,0.511161208152771,0.005614928547802751,0.3446684410448473,-0.6311286464157163,0.010985130303971186,0.3129907139493342
05,496,1,0.8239202657807309,0.8600706788280957,0.5138115882873535,0.003573442042089263,0.2840368646921502,-0.145926590309107,0.21990934078146593,0.0035086916534407264
05,497,1,0.8255813953488372,0.8534896425612498,0.5020241737365723,0.006975470889374101,-0.5346692284548847,-1.1673011251793832,-0.7092691745792448,0.22873533973378835
05,498,1,0.8272425249169435,0.8540661203629042,0.5028733611106873,0.007135885206168051,-0.01497663160266563,-0.7522215566537758,-0.642329417761162,0.2947317933729363
05,499,1,0.8289036544850499,0.8575767833130025,0.5045396089553833,0.004584160840889763,0.07688719605311164,-0.6624776390615762,-0.5109824042250138,-0.156997735900536
05,500,1,0.8305647840531561,0.8608306204228472,0.5008221864700317,0.003300946924523437,-1.0960927997708443,-1.445585387820633,-0.8040194473379628,-0.5637084573877782
05,501,1,0.8322259136212624,0.8582219280808794,0.5038794875144958,0.002513345757296408,-0.9151696376350794,-0.8668090011370353,-0.563018468432234,-0.6029067350345837
05,502,1,0.8338870431893688,0.8549282414958814,0.506156325340271,0.006990103722201756,-0.5716061727018928,-0.8391755419091541,-0.38353985744789043,0.3945670398161503
05,503,1,0.8355481727574751,0.8593455668789496,0.5051320791244507,0.0041480748792770104,-1.4451724446630299,-1.6275579039214723,-0.464279155627292,-0.22206953365452206
05,504,1,0.8372093023255814,0.8519240393245933,0.5003778338432312,0.010652032068221006,-1.0642718079148321,-0.510314729411339,-0.8390468837862542,0.9093282236802136
05,505,1,0.8388704318936877,0.8526883707438931,0.511111319065094,0.007661055374357644,-0.13496079621031082,-0.9662717300813856,0.007052472449213323,0.7259094120221573
05,506,1,0.840531561461794,0.8595443512542776,0.503260612487793,0.0041131424458561005,-0.09515555439261413,-0.6410247005280886,-0.6118031595982446,-0.30291464671352797
05,507,1,0.8421926910299004,0.8563297064389546,0.5048485398292542,0.003913232762909478,-0.34240048482616325,-1.2963207255273528,-0.4866299960276303,-0.28086295901714614
05,508,1,0.8438538205980066,0.859593728179289,0.5027959942817688,0.0019007334724487587,-0.3722435404403053,-0.7874042445577619,-0.6484280914714078,-0.7698285115248187
05,509,1,0.845514950166113,0.8550997731252706,0.4982720613479614,0.006183748202007832,-0.6865062871159917,-0.5283212809405179,-1.005040753978298,-0.0796849213688065
05,510,1,0.8471760797342193,0.8628784896824897,0.5023441314697266,0.002776046401970342,-0.3261013621292266,-0.3086649846525658,-0.6840475409300928,-0.6101545027508776
05,511,1,0.8488372093023255,0.8606094947015698,0.4945555627346039,0.0031674797469857002,-0.7417927952960102,-1.0313789040027839,-1.2980049700939367,-0.8377638293711978
05,512,1,0.8504983388704319,0.8587036596463966,0.5022542476654053,0.005086193948933048,-1.0926096598493105,-1.3931806117151158,-0.6911329029909946,-0.14527772172392128
05,513,1,0.8521594684385382,0.8654566078872343,0.5062693357467651,0.003146901626660386,-0.7144816140794528,-1.5442800648040231,-0.37463147119625256,-0.38024962382138483
05,514,1,0.8538205980066446,0.8625416626533837,0.5071330666542053,0.003836091133437362,-0.5478274348029277,-1.305232097638494,-0.30654527648502655,-0.20646230171072305
05,515,1,0.8554817275747508,0.869018675040423,0.5003580451011658,0.002946336645101978,-1.1591373423306324,-2.291450202791484,-0.8406067910834819,-0.6539050501562256
05,516,1,0.8571428571428571,0.8683781435662743,0.49931949377059937,0.0024585937223342647,-0.5157744269654644,-0.9589621073589136,-0.9224737330922048,-0.7937362204895936
05,517,1,0.8588039867109635,0.8692880097866122,0.5080657005310059,0.002131728936100791,-0.6228091996083726,-0.9835561814763283,-0.2330275973292365,-0.5152902298165745
05,518,1,0.8604651162790697,0.8683203530726226,0.5274748802185059,0.0032307518622256156,-0.9638233889453658,-0.48322940983080975,1.2969595502938367,0.4725478668571458
05,519,1,0.8621262458471761,0.8797519477319196,0.5237960815429688,0.006756170192261669,-1.1189521743433095,-0.2678335043348508,1.006967145520055,1.0423867666064695
05,520,1,0.8637873754152824,0.8705086025443467,0.5066380500793457,0.005170493168185341,-1.2745826943011414,-0.5822424673279312,-0.3455664514954973,0.04459852260003691
05,521,1,0.8654485049833887,0.8804634593728277,0.5074504613876343,0.0055937859645934195,-0.6680030125952701,-0.5256462281705068,-0.2815256790219613,0.1624483114855392
05,522,1,0.867109634551495,0.8784319823127562,0.5234575867652893,0.0044977164373095155,-0.5370328912659174,0.06230083021788975,0.9802842734087409,0.5711076138161775
05,523,1,0.8687707641196013,0.8844658599604442,0.5078082084655762,0.003971009421084396,-0.6418693124845768,-0.3267470284685057,-0.253325186257019,-0.15249541014575518
05,524,1,0.8704318936877077,0.8882664579133546,0.5050439238548279,0.005554499692585991,-0.21076911794967507,-0.06473627703426793,-0.47122826072548424,0.05963109896606636
05,525,1,0.872093023255814,0.8956006755733932,0.5138294100761414,0.008449253510372635,-0.7898984088501183,-0.20120663785821924,0.221314197052162,0.9928600864184102
05,526,1,0.8737541528239202,0.896272699288768,0.5058748126029968,0.00584985775255362,2.1173633457234913,0.5185466709416308,-0.4057309483057416,0.15226833837325568
05,527,1,0.8754152823920266,0.9027965393470616,0.5233307480812073,0.00740063398989675,-0.48799051318670056,-0.8355650412379735,0.9702858314554258,1.1547214795524048
05,528,1,0.8770764119601329,0.9014652336481455,0.5283949375152588,0.003001207728419307,1.1488706351514233,0.6806450219842893,1.3694858425830152,0.46226725876519215
05,529,1,0.8787375415282392,0.9019826305054349,0.5146878361701965,0.0016039149365105591,0.023364009332121287,0.048351168533782934,0.28898222384334804,-0.3613080719888601
05,530,1,0.8803986710963455,0.9007666490245428,0.5151804685592651,0.0041071088459845185,0.07044295216830858,-0.5850323996647525,0.32781545821559865,0.16567125306100644
05,531,1,0.8820598006644518,0.9015767860812203,0.5084400773048401,0.00442045922325081,0.14704882884391082,-0.23328757745832748,-0.20351621861270824,-0.03645777128794071
05,532,1,0.8837209302325582,0.9037846641254366,0.5081856846809387,0.0021626854500473537,-0.10551506796440376,-0.29613326505023174,-0.2235694847108045,-0.5042842438674804
05,533,1,0.8853820598006644,0.9030085519180153,0.5155925750732422,0.0032636126893182005,-0.8520641908801605,-0.6542161570712475,0.36030099753196165,0.010881650145149219
05,534,1,0.8870431893687708,0.9007400965027594,0.5058302283287048,0.005788548457719188,-0.6161793429384087,-1.7487853873663666,-0.40924543824045945,0.13807965068561617
05,535,1,0.8887043189368771,0.903980198466097,0.5228120684623718,0.0033129629109695763,-0.39225201864069065,-0.30261903716500704,0.9293993456106194,0.30543737303402846
05,536,1,0.8903654485049833,0.9099497443313873,0.5129492878913879,0.0031399300406998814,0.1904445179745626,-0.3158662923549024,0.15193591045317204,-0.11837953385069593
05,537,1,0.8920265780730897,0.9134687216321286,0.521318793296814,0.004804591654388913,0.7189276203240086,-0.25893197904372195,0.8116874253773474,0.5490330612982445
05,538,1,0.893687707641196,0.9111286662430926,0.5236176252365112,0.002976749879394907,1.002546856249547,-0.018715522570065188,0.9928997887492724,0.26901501073789713
05,539,1,0.8953488372093024,0.9180464787423015,0.5064993500709534,0.004170163900950248,0.0535492885189036,-0.04031944567707484,-0.35649989812395794,-0.1637010015258149
05,540,1,0.8970099667774086,0.9182533214997022,0.5200254917144775,0.0017603010153525525,0.506635897496061,-0.8017182385823242,0.7097390261747953,-0.11921988543702733
05,541,1,0.8986710963455149,0.9201563691646198,0.5011512637138367,0.0013821995925437842,0.4005262885791889,-0.7157226771414775,-0.7780789407476186,-0.9397949958337546
05,542,1,0.9003322259136213,0.9232517963577671,0.5069137215614319,0.002111105272163195,-0.06425682606286981,-0.49199307964176625,-0.32383581520128574,-0.5648761173493829
05,543,1,0.9019933554817275,0.9224088530454476,0.5288698673248291,0.001762620568824912,2.4247294173505454,-0.6545575134983409,1.4069236177164806,0.229842736998086
05,544,1,0.9036544850498339,0.9262496554850645,0.5061463713645935,0.0011864516006267162,0.4171270320520119,-0.5869525295671532,-0.38432450961245984,-0.7826088247594865
05,545,1,0.9053156146179402,0.927698627524145,0.5142369866371155,0.0008851609735560732,0.20164218927934416,0.26429849595043126,0.25344264915590664,-0.5248167516909592
05,546,1,0.9069767441860465,0.9281100178854993,0.5315751433372498,0.001340590506902562,0.3125545290122531,-0.40274806759685705,1.6201751613889956,0.2508951458525579
05,547,1,0.9086378737541528,0.9331651939709673,0.5091904401779175,0.0028039233127533213,-1.325675513616432,0.31057198546161663,-0.14436660124885314,-0.3346615421981585
05,548,1,0.9102990033222591,0.9268532329555981,0.5197336673736572,0.00619712293399584,-0.7181880693831334,-0.42407299747018457,0.6867350920566417,0.7689149430444507
05,549,1,0.9119601328903655,0.9304072932134689,0.521124005317688,0.003722090738058816,0.4541219802943827,-0.5836341512230044,0.7963326752347564,0.32186126580749835
05,550,1,0.9136212624584718,0.9277077938194589,0.5246981978416443,0.006170622860099383,0.8625948162382703,0.46094277386961324,1.0780791845066264,0.9592136743158678
05,551,1,0.915282392026578,0.931383327111779,0.5165563821792603,0.003383403762794275,0.6695807212691373,-0.47749199603697007,0.43627600053248095,0.07315871283413752
05,552,1,0.9169435215946844,0.9295606699193139,0.5201395750045776,0.003771724028937233,-0.35580520815449795,-0.44963862449548053,0.7187319857136323,0.2931248667217371
05,553,1,0.9186046511627907,0.9304531018612382,0.5087707042694092,0.0035561513279418356,-0.09053553616196998,-0.8771612912433113,-0.17745355060752085,-0.19867872361869937
05,554,1,0.920265780730897,0.9314835284567723,0.5088754892349243,0.002537176894350056,-0.04168747146721839,-0.6267861987902873,-0.16919355955774268,-0.4011621353893132
05,555,1,0.9219269102990033,0.9306986659563712,0.529427170753479,0.004265973054079513,0.5513540777209838,1.4661127252729635,1.4508547419004545,0.7594031607363554
05,556,1,0.9235880398671097,0.93120731841315,0.5264944434165955,0.0035861553084487892,0.9252391312300553,1.1161994115888283,1.2196736613417314,0.5059686705655269
05,557,1,0.925249169435216,0.9337393090656975,0.530227780342102,0.0018829256709990928,-0.4275097472219467,-0.4135894164304111,1.5139652082148003,0.3077573209977879
05,558,1,0.9269102990033222,0.9325640467853958,0.5151676535606384,0.0034626408607767597,-0.2520360604505134,-0.588107889781931,0.326805277285165,0.03448994352002471
05,559,1,0.9285714285714286,0.9331705068160294,0.5217699408531189,0.0031263104122990644,-0.23092260613846738,-0.8824949854166463,0.8472504926445663,0.22651615917421122
05,560,1,0.9302325581395349,0.9352661357191121,0.5159827470779419,0.0018475597410373091,0.9628605226223439,-0.9239665090351614,0.3910574829766988,-0.26086755107026494
05,561,1,0.9318936877076412,0.937429102580969,0.5221245288848877,0.0011644711982578943,1.6149704404882166,-0.2678105284214888,0.8752019640638669,-0.15730246699250872
05,562,1,0.9335548172757475,0.9343836086598104,0.5319597721099854,0.004468321488741061,1.2400210136642384,-0.584096951763583,1.650494684849871,0.9002525223194743
05,563,1,0.9352159468438538,0.9338967015533544,0.5218307971954346,0.005410119063800749,0.47011658201566486,0.32752820952281564,0.8520476774351371,0.6919935801858672
05,564,1,0.9368770764119602,0.9345970915142241,0.5275372266769409,0.004891277787262243,0.050591084755402645,-1.4840503490620562,1.301874197983295,0.8117034511920704
05,565,1,0.9385382059800664,0.9361654493865779,0.5162020325660706,0.003155658863686477,1.3144401397146646,-0.6614207470469214,0.40834332317700245,0.013013443608584474
05,566,1,0.9401993355481728,0.9397073762865167,0.5073475241661072,0.0014358832600368876,-0.15344376933265552,-1.057788075275801,-0.2896400160771188,-0.6846903090108091
05,567,1,0.9418604651162791,0.9362399293959276,0.5240368843078613,0.004096207462415529,1.279275217525989,-0.10708416763387878,1.025949149980296,0.5125276686036214
05,568,1,0.9435215946843853,0.9383562449859717,0.5131563544273376,0.0027749601934018114,-0.6494098318817361,0.7953374992143469,0.16825855488259714,-0.18422170105089386
05,569,1,0.9451827242524917,0.9401989927871575,0.5057516694068909,0.002016955692068762,0.27647894409638213,0.8497378975090261,-0.4154380822698153,-0.6297675880868917
05,570,1,0.946843853820598,0.9425062706806215,0.5107408761978149,0.0016322911850407762,0.3478644611893356,-0.5090412073564136,-0.02214880421425157,-0.5111198465696287
05,571,1,0.9485049833887044,0.9407237361311884,0.4934092164039612,0.00284610550440602,1.927261051321569,-0.6688419670628662,-1.3883691782081906,-0.9481097148613342
05,572,1,0.9501661129568106,0.9431404884947396,0.5118750333786011,0.0019097845718106478,2.120518763071226,0.4031517872173618,0.06725455738710161,-0.41015193155108653
05,573,1,0.9518272425249169,0.9458100191699493,0.5052275061607361,0.0014080525797326832,0.8475949830374595,0.3838290440798708,-0.45675683158252817,-0.7738918335046616
05,574,1,0.9534883720930233,0.9441666224713532,0.4966282546520233,0.003122988320946417,2.065037941506742,-0.2080895650468244,-1.1346187762571984,-0.7650920825734685
05,575,1,0.9551495016611296,0.9477823782057727,0.5197515487670898,0.001015037265536839,0.941413545336962,0.6095641105887559,0.6881446468432934,-0.2811312518741022
05,576,1,0.9568106312292359,0.9461920931657875,0.5238650441169739,0.0032772660928411398,0.8497295300668093,1.4072878225194194,1.0124033284805745,0.339701262137894
05,577,1,0.9584717607973422,0.9466800198053644,0.5102693438529968,0.003552240621026119,2.0224804101090825,0.7864162802831934,-0.0593187639382533,-0.14040428882566724
05,578,1,0.9601328903654485,0.9482429433396722,0.5114837884902954,0.0022068172455721336,0.4978511923983704,0.4715970331229334,0.03641349865516539,-0.3653443229179216
05,579,1,0.9617940199335548,0.949789107978312,0.5164448022842407,0.0016797328240121135,1.4000598372696402,0.7425421325816743,0.4274803786637752,-0.27668570202661863
05,580,1,0.9634551495016611,0.9497875272487455,0.5201948881149292,0.0021829959967133872,1.7548470753055216,0.6777467746273326,0.7230922085203411,-0.026835108203269287
05,581,1,0.9651162790697675,0.9504466577926857,0.5170610547065735,0.0024227239735127182,0.5369661866712502,0.6399678085134339,0.4760583351277436,-0.1017433531819796
05,582,1,0.9667774086378738,0.9490070644589503,0.5248669385910034,0.004803976804078363,1.4957954316158821,1.5534835592421963,1.0913806831766617,0.6887550194373293
05,583,1,0.96843853820598,0.952544254576269,0.5149722695350647,0.002377515590603586,1.616446642170199,0.012088612701780093,0.31140354198301895,-0.19323747437789376
05,584,1,0.9700996677740864,0.9521436546316264,0.5114473104476929,0.0025472035607110744,0.5667280366918843,0.910591245185106,0.0335380068903962,-0.29776328476691577
05,585,1,0.9717607973421927,0.9552016085824148,0.5110218524932861,0.0013089447542294548,0.2259052605395883,-0.32987503495908305,0.0,-0.5656091186866702
05,586,1,0.973421926910299,0.9547804856760215,0.5253545045852661,0.0016881420594685326,0.6775736718301261,0.39925244649248676,1.1298145436926943,0.07618648783217002
05,587,1,0.9750830564784053,0.9581092320943809,0.5200549960136414,0.0010543271473939437,1.552227518704315,0.08524392084657366,0.7120647915727704,-0.26120452588674065
05,588,1,0.9767441860465116,0.9566925255378819,0.5042359828948975,0.0026107018814039025,2.2064487820013925,0.4585401497866094,-0.5349166445023573,-0.5691153076456914
05,589,1,0.978405315614618,0.9557732142394421,0.523270845413208,0.00466723090640757,2.3523665329357293,1.3108021154921243,0.9655638229201431,0.5981191656171391
05,590,1,0.9800664451827242,0.9552959794401472,0.5176446437835693,0.00528736711995924,2.5984745850601683,1.2525122232925825,0.5220615048480951,0.5021105687547337
05,591,1,0.9817275747508306,0.9587449778941937,0.519936203956604,0.0028428448993324763,1.8973570915122964,1.1890724442266023,0.7027006492734484,0.09676405891180712
05,592,1,0.9833887043189369,0.9556175122458233,0.5099697113037109,0.00525364420526782,1.6463680031780807,1.1343142781381423,-0.082938203646578,0.19277285275283898
05,593,1,0.9850498338870431,0.9579425223322034,0.5187758207321167,0.0029734894044280936,1.540052480077671,0.5164591450990209,0.611229940651673,0.07751897310264522
05,594,1,0.9867109634551495,0.9537473286947007,0.5117796659469604,0.007397401456566076,1.6914342073751802,0.1086695056558608,0.05973693185829326,0.6987915817822024
12,8,0,0.013559322033898305,0.02728024514996489,0.5293622016906738,nan,3.9313106919041334,2.588361366622688,1.4457333595089537,nan
12,9,0,0.015254237288135594,0.02644451952164958,0.5419057011604309,nan,9.907146212354967,4.463645568413872,2.4345125497652482,nan
12,10,0,0.01694915254237288,0.027483674563048392,0.5591365098953247,nan,13.786024192650931,6.608351894835227,3.792783034762472,nan
12,11,0,0.01864406779661017,0.027832495862261268,0.567051112651825,nan,14.823619963098427,6.660526911807124,4.416675475914232,nan
12,12,0,0.020338983050847456,0.029894308563955363,0.5849378108978271,0.0017924172996626143,14.96695653623912,8.18738795200937,5.826648430485835,2.4457469083983425
12,13,0,0.022033898305084745,0.027502595835692426,0.5958578586578369,0.0046556359652110985,13.123058827052917,7.716283259887052,6.687454141662034,3.4567132647170733
12,14,0,0.023728813559322035,0.0288200050108298,0.6033718585968018,0.00360274586858446,13.666161836433547,8.827772609236659,7.279767857076843,3.539379770556756
12,15,0,0.025423728813559324,0.02918313458722334,0.6187098622322083,0.00357369890413624,14.684529282418287,9.239625703071566,8.488832269391043,4.138022238857448
12,16,0,0.02711864406779661,0.030872161432074132,0.6321790218353271,0.002222331740525956,15.060644589549057,9.828820025328188,9.550579412436335,4.394884446624291
12,17,0,0.0288135593220339,0.0321332751750891,0.6338055729866028,0.0012056812145406926,13.804739181754726,9.128855542479744,9.678797214346115,4.252851149818475
12,18,0,0.030508474576271188,0.03298400969933382,0.6233415007591248,0.0015126165251451319,13.690555416683358,7.546333711021244,8.853935150229532,3.9026561741838446
12,19,1,0.03220338983050847,0.033547412531979785,0.6157829165458679,0.0019902148646251828,14.288492503080176,7.237419273595033,8.258106944880005,3.701582793891896
12,20,1,0.03389830508474576,0.033843802109411195,0.6312868595123291,0.002784894773382911,13.796264798032226,6.6160455435381795,9.480252025614332,4.473789429723021
12,21,1,0.03559322033898305,0.0342202796864153,0.6155263781547546,0.0031513273657130677,14.087543461545417,6.283918869069614,8.237884532207511,3.9269057674472325
12,22,1,0.03728813559322034,0.03520456871578364,0.6164587736129761,0.0026887894641762656,13.024005404171925,5.9547134178713685,8.311383417299478,3.869868232921604
12,23,1,0.03898305084745763,0.03588541438688322,0.6128959059715271,0.0025630835471891367,13.512686164903442,7.127167712190528,8.030529626059154,3.7039524467368716
12,24,1,0.04067796610169491,0.03808750325625937,0.612790584564209,0.0011976431415919543,13.744374423780698,7.469049303017955,8.022227348365776,3.4229363686345926
12,25,1,0.0423728813559322,0.038288677282231676,0.6280184984207153,0.0018052464022785975,13.672579978520437,8.334328764779745,9.22261360171016,4.146330800301075
12,26,1,0.04406779661016949,0.041982027439643695,0.6083813905715942,0.0008778607327892064,11.876486262112454,8.197641773915523,7.674659329073235,3.184311347381186
12,27,1,0.04576271186440678,0.040012944404225426,0.5861899256706238,0.002792443360203929,11.163356141124954,8.296805815986167,5.925350155163133,2.6978690915290455
12,28,1,0.04745762711864407,0.04568956324869257,0.5692936182022095,0.0018522929799276843,11.181830413647994,6.586216243447553,4.5934477417082045,1.8412873183855674
12,29,1,0.04915254237288136,0.04664709298726247,0.5598113536834717,0.0014935958158348109,8.298068977795607,5.455722531474187,3.8459796324107023,1.3948216614342668
12,30,1,0.05084745762711865,0.04918826681780868,0.5178362131118774,0.0013608776246777487,3.7377281577804453,2.698182950219989,0.5371625351290888,-0.2864976288120961
12,31,1,0.05254237288135593,0.04967468004436387,0.5228813290596008,0.001389551074837645,3.7152429089780696,1.822715312018795,0.9348590211509165,-0.08183538395663026
12,32,1,0.05423728813559322,0.05263330883379399,0.5337215662002563,0.000588925886087206,4.748320168186807,4.211957566625874,1.7893734194626938,0.18308221887470155
12,33,1,0.05593220338983051,0.055893845466991096,0.5227733850479126,0.0021135261230089807,3.4360957810950006,2.1029787854825197,0.9263500087554966,0.060707660960206467
12,34,1,0.0576271186440678,0.059551040489106845,0.5265109539031982,0.0034590330251925276,2.9912428392595873,3.7015082640076997,1.2209751502614064,0.4808433334860284
12,35,1,0.059322033898305086,0.06297154898593413,0.520631730556488,0.004288848104195287,2.6919973269833206,2.3981208039848454,0.7575276319582388,0.4173778890142354
12,36,1,0.061016949152542375,0.06954726370278211,0.5162501931190491,0.007540345585650711,2.18171587837871,1.235017706404044,0.4121397240690507,0.9039771923972225
12,37,1,0.06271186440677966,0.07254117698769602,0.5172285437583923,0.006305770153317609,1.9683568820360875,1.0600528438786327,0.4892611649627132,0.6922079455469051
12,38,1,0.06440677966101695,0.08490085870326247,0.5223113894462585,0.014503618988707818,1.0594661768990272,1.2948305734321566,0.8899318115843756,2.5547885858506496
12,39,1,0.06610169491525424,0.09026608391638709,0.5300570726394653,0.013531389648293547,2.542523931133246,2.2100760822097483,1.5005086585182335,2.6629419192961477
12,40,1,0.06779661016949153,0.09919740195180105,0.5191159844398499,0.01563907395109425,0.35199144545939626,1.2449334541564407,0.6380443712097412,2.6590765681235267
12,41,1,0.06949152542372881,0.10545590878641233,0.5150406956672668,0.0144850462234508,-0.14211558903830776,0.8369009264863103,0.3167974382999389,2.264455473208575
12,42,1,0.0711864406779661,0.1122346175058831,0.5196453332901001,0.013035071993242482,0.8337175271469183,1.5789901053474185,0.679771891410583,2.15193717193332
12,43,1,0.07288135593220339,0.1122751380497652,0.5144838094711304,0.007070788999163362,0.5510756585432425,1.4546247685919345,0.2728992037276537,0.7391468042253505
12,44,1,0.07457627118644068,0.12138245854629469,0.518713116645813,0.009847209799654406,1.163345532194201,1.1432125211559339,0.6062871018664815,1.4688045949424104
12,45,1,0.07627118644067797,0.11670445543904857,0.5155945420265198,0.0031226108693650583,0.276792165671341,1.103132681432492,0.36045604855849334,-0.017631204526782934
12,46,1,0.07796610169491526,0.12018639079253274,0.510525643825531,0.0025885679802608963,-0.30463698364523584,0.4766024999625247,-0.03911514532958089,-0.32570256146855303
12,47,1,0.07966101694915254,0.1168663515504304,0.5163626074790955,0.005015241329654781,0.17835938554073075,0.7225498056833463,0.4210011251611335,0.3964025109547439
12,48,1,0.08135593220338982,0.11470042938083504,0.5132687091827393,0.00832896687441645,-0.07827349154228169,1.5366225211077829,0.17711525745872447,0.9463705721929835
12,49,1,0.08305084745762711,0.11048642744163782,0.5176138281822205,0.010872461522248732,0.9206423145975562,-0.3642962354487838,0.519632372099099,1.6333634583658574
12,50,1,0.0847457627118644,0.11292903151267235,0.5122154355049133,0.007247756052743827,-0.3204894755778792,0.5618956549091598,0.09408778200899187,0.6856240014292005
12,51,1,0.08644067796610169,0.109617574201151,0.5065847039222717,0.008372467943417785,-0.8040310823202558,-0.28474049429598824,-0.3497716232756745,0.6917476711750206
12,52,1,0.08813559322033898,0.10926807906767098,0.5135627388954163,0.006909768739577939,-0.259666486040485,0.5560335147284976,0.20029303666723167,0.6701942808468001
12,53,1,0.08983050847457627,0.10903983045647676,0.5205904245376587,0.0057799297724811394,-0.15072628214991005,1.0500222165594255,0.7542715604010737,0.7180905733599661
12,54,1,0.09152542372881356,0.10628644195446754,0.5132814049720764,0.008171669028200103,0.24888644350231534,1.2092748366185262,0.17811604135724707,0.9149763032993373
12,55,1,0.09322033898305085,0.10787227977204802,0.5151209831237793,0.004925183821068423,0.7489649893226159,1.5492559911835775,0.32312633929200446,0.3292045139381089
12,56,1,0.09491525423728814,0.10771802867019842,0.508349597454071,0.004643111315642297,1.1688994147501857,0.630209609881234,-0.21064856583316516,0.005122337416611569
12,57,1,0.09661016949152543,0.10796811264119831,0.5119097232818604,0.004005514745274262,-0.08729311282119148,1.1544247668766183,0.06998909367320563,0.016158237646913067
12,58,1,0.09830508474576272,0.11096534951130098,0.513912558555603,0.0013900704217683314,0.5918930700800195,1.8984701806468387,0.22786862681009176,-0.43522527520828724
12,59,1,0.1,0.11126878077511737,0.5055919885635376,0.001606644046743948,0.592554315627155,1.3764804049742367,-0.4280254065146138,-0.7192585163023739
12,60,1,0.1016949152542373,0.11113029803281022,0.5036019086837769,0.0025942520398184194,0.3400803250116527,0.7748987831421273,-0.5848994572370219,-0.5974421831939998
12,61,1,0.10338983050847457,0.10982060560475514,0.5213660001754761,0.004757011808526447,0.9260395863660614,1.2197255949249253,0.8154086500141076,0.5412460968490829
12,62,1,0.10508474576271186,0.11126029692510903,0.5201112627983093,0.0037804437290617516,1.2271818292906906,1.1449882310314872,0.7165001906347673,0.2937770282168884
12,63,1,0.10677966101694915,0.11174626440852556,0.5055410265922546,0.003368213099097255,1.2320425641020902,0.20828650144707062,-0.43204263765657075,-0.3640807569315472
12,64,1,0.10847457627118644,0.11278566313849386,0.5256766080856323,0.00244818527748099,0.9449053858578004,1.041363579495267,1.1552053239162445,0.24299282890456936
12,65,1,0.11016949152542373,0.11627330177420427,0.5123165249824524,0.0008350366149811446,0.9868886777013688,1.162971806647304,0.1020564650695287,-0.6106733612594726
12,66,1,0.11186440677966102,0.11702341937823783,0.517812967300415,0.0007504177880734707,0.6576841018202344,0.2763477213721621,0.5353301139064418,-0.41119436099477397
12,67,1,0.1135593220338983,0.12097781692776712,0.5035668611526489,0.0022761725797268827,-1.1219973840998547,0.2939768114675357,-0.5876621846188589,-0.6633192583313496
12,68,1,0.1152542372881356,0.12311288527554828,0.5074571967124939,0.002103352797697645,-0.12465058603457956,-0.39006208114766344,-0.2809947467189892,-0.5450275216294521
12,69,1,0.11694915254237288,0.12650621339719442,0.5175575613975525,0.002914875385080158,0.842293417861303,0.31560042821456996,0.515196973037102,0.017617556903019388
12,70,1,0.11864406779661017,0.13062294241187256,0.5133647322654724,0.00447337649401079,-1.3854863334347458,0.9377126697723471,0.18468456666304336,0.16837244660959247
12,71,1,0.12033898305084746,0.13005921990459554,0.5128595232963562,0.0016405309165985526,-1.0374768622570034,0.25565627025295995,0.14485994542418118,-0.42594473403979927
12,72,1,0.12203389830508475,0.1315494328556456,0.5079732537269592,0.0010930526163407317,0.33776306539691026,0.0229956070020829,-0.24031499557622507,-0.7295422096074459
12,73,1,0.12372881355932204,0.13213217879995645,0.5027107000350952,0.0017967555155454385,-1.036757612714505,0.04818377259357365,-0.6551516678037358,-0.79427349790597
12,74,1,0.12542372881355932,0.12990552122554674,0.5031993389129639,0.00542990444064566,-0.42988791103182,0.07019797986776292,-0.616633234000504,-0.03833507308648565
12,75,1,0.1271186440677966,0.1268680666136163,0.4965995252132416,0.00828800375599466,-1.00181020550844,-0.13106773891053017,-1.1368834609477518,0.2810652838206077
12,76,1,0.1288135593220339,0.13586600623656897,0.5064091086387634,0.0034247988233796884,-0.6536528241425222,-0.13539705744260944,-0.36361345128059286,-0.31839250070270386
12,77,1,0.13050847457627118,0.1271483300768313,0.5035808086395264,0.0082890953152657,-0.3275311606149187,0.28535427941008895,-0.5865627318852706,0.5564469794989506
12,78,1,0.13220338983050847,0.1318124257970033,0.50858473777771,0.003862188839763424,-0.7906930635865882,0.6295268970270471,-0.1921129203886971,-0.14395439518648817
12,79,1,0.13389830508474576,0.1304164746797127,0.5162904262542725,0.004251714674467154,0.010797443736778494,0.16972635427886196,0.4153112223390167,0.23874028583330917
12,80,1,0.13559322033898305,0.13381035439990618,0.5084579586982727,0.003377303253892036,-0.9138761485384899,0.018446376156395362,-0.2021066638260567,-0.24726959535647747
12,81,1,0.13728813559322034,0.12993874639725256,0.5111790895462036,0.005102632014285681,-0.7743533380928976,-0.0165459398940194,0.01239468509062275,0.2098191536778025
12,82,1,0.13898305084745763,0.13311654536425696,0.5128477811813354,0.0033624401762538353,0.06779796997976655,1.0279719042785245,0.14393433778094666,-0.07726282189734265
12,83,1,0.14067796610169492,0.13923409513744278,0.5131325721740723,0.003169082753985793,-0.6390155159127289,-0.06914765239978311,0.16638384701635056,-0.10524438544000433
12,84,1,0.1423728813559322,0.136737858591559,0.5183213353157043,0.0024972894439598547,0.7477759074176792,0.4379799896009047,0.5754037564909458,-0.03695129759064447
12,85,1,0.1440677966101695,0.13734226516914821,0.5173769593238831,0.001965202024062424,-0.3480761757724097,0.22092981834287756,0.5009604696919212,-0.1820621982471487
12,86,1,0.14576271186440679,0.13907348987649273,0.5240591764450073,0.0017953992813211596,-0.40769558240602655,0.8081810347837375,1.027706394947655,0.046880535231367926
12,87,1,0.14745762711864407,0.13923281046433386,0.5203927755355835,0.0031085989025016903,-0.7481094303910151,-0.26375692084975416,0.7386912814926184,0.16864526095443264
12,88,1,0.14915254237288136,0.14566286774342682,0.5179780125617981,0.003321779544868493,-1.1337373927612782,-0.8964249534607285,0.5483403045872357,0.1166955664341677
12,89,1,0.15084745762711865,0.14503943889975704,0.5117230415344238,0.001627709269701645,-0.5234280541535812,0.19605675099178074,0.05527334170056331,-0.47333783042557076
12,90,1,0.15254237288135594,0.1470543471149986,0.5200421810150146,0.001559766379305157,-0.930859718380707,0.3754526825227318,0.7110546106423368,-0.159223706555486
12,91,1,0.15423728813559323,0.15025832567882821,0.5092602372169495,0.002015437786228496,-0.759420209486754,0.4151583430857059,-0.13886463906495655,-0.4917886462356241
12,92,1,0.15593220338983052,0.15602173584672774,0.5084194540977478,0.004773508814300205,0.21674642967180788,0.6170017419713879,-0.20514190513331307,0.034315851751874446
12,93,1,0.1576271186440678,0.15720216409883456,0.5237959027290344,0.0036229023491633244,0.7092148513005138,0.7307883117603129,1.0069530499721884,0.4070594166831977
12,94,1,0.15932203389830507,0.16283300214818405,0.5128735899925232,0.005954376790161904,0.08042543977024023,-0.13872528260677047,0.14596879518968042,0.4493111211259799
12,95,1,0.16101694915254236,0.16220724260101696,0.5120872855186462,0.002545729692916961,-0.32675100687728953,0.6755082642112006,0.08398597270465566,-0.2728381521908699
12,96,1,0.16271186440677965,0.16543922016218218,0.5096872448921204,0.00202338567758736,-0.6111677977390659,-0.2974527389318814,-0.1052044707597172,-0.47334699965284516
12,97,1,0.16440677966101694,0.1686845505988721,0.5098093748092651,0.0025196611731427964,-0.5956778307774399,-0.5937435531023101,-0.09557721156688702,-0.36790555476126113
12,98,1,0.16610169491525423,0.1663011925999483,0.5057068467140198,0.0027342934507904055,-0.3619797334608642,-0.7386821791368486,-0.41897136626835524,-0.48608249584709196
12,99,1,0.16779661016949152,0.16741796070320916,0.5192511677742004,0.0024845729604705976,0.6832232609784593,-0.09397148565081836,0.6487006053968271,-0.002881344094301963
12,100,1,0.1694915254237288,0.17027498113840148,0.512580156326294,0.0017989472337441698,-1.3046635662962707,-0.9976601100072947,0.12283800114072826,-0.4048342574212385
12,101,1,0.1711864406779661,0.17217180127918416,0.5100950002670288,0.001409608244285412,0.40593516114676664,0.31092647098205983,-0.07306192310810604,-0.5817289433318157
12,102,1,0.17288135593220338,0.17565235400558085,0.5103373527526855,0.0023663879022201694,-0.15854232052504247,0.1924429680472627,-0.053957757233021854,-0.3781744412559326
12,103,1,0.17457627118644067,0.17315927334699782,0.5199302434921265,0.002464483107770964,-0.4992925916831351,-0.3722491837453934,0.702230797677898,0.01981021223846341
12,104,1,0.17627118644067796,0.17772405180422565,0.5154609680175781,0.0013269111584572298,-0.03606108391703029,0.36813649525358494,0.34992667430220614,-0.38700280495835876
12,105,1,0.17796610169491525,0.18046770363309034,0.5300541520118713,0.0016853658410685309,-0.6462515143342337,1.1701435738896035,1.5002784312364137,0.2608555088023271
12,106,1,0.17966101694915254,0.172564457695016,0.511530876159668,0.008430870175632531,0.1343372532601611,0.1780403526425896,0.04012532626001451,0.8985381350976058
12,107,1,0.18135593220338983,0.18201364476544024,0.5077800750732422,0.003117006098825536,-0.7052850806146865,0.19602064598506894,-0.2555428857880175,-0.3267671288083862
12,108,1,0.18305084745762712,0.1708445653339676,0.5116139054298401,0.011592381313650328,-0.18864059371878064,-0.5024832252282146,0.04667035898603327,1.5428577345812784
12,109,1,0.1847457627118644,0.18007493890722998,0.5222354531288147,0.005616977777021725,-0.9938520573446686,-0.004454044918901869,0.883945902257062,0.7498866140126946
12,110,1,0.1864406779661017,0.17744250443547094,0.5170363783836365,0.004777556094599084,-1.1901723800494792,0.9027531764553067,0.47411314952216443,0.3747640300648238
12,111,1,0.188135593220339,0.17475972114038865,0.5226285457611084,0.007078674393313432,-1.2683385642003397,-0.0014934343685337882,0.9149326149836189,1.0617623999721668
12,112,1,0.18983050847457628,0.17834460386193232,0.5279059410095215,0.00297828921708615,-0.670268068614186,0.43134979745928215,1.3309392176840504,0.43834685060792755
12,113,1,0.19152542372881357,0.18045628404236383,0.5254589319229126,0.002801072454364934,-0.6476755124203895,0.0029441991836808967,1.1380463436467394,0.3059668729933184
12,114,1,0.19322033898305085,0.1870460129936695,0.5239261984825134,0.005050752450455732,-2.161469583797337,0.6092687059883866,1.017224005850923,0.7017144005196493
12,115,1,0.19491525423728814,0.1880735361087977,0.5158368349075317,0.004012533303105168,-0.8959529139713958,0.006013124754184395,0.37955551591762204,0.17236457392313756
12,116,1,0.19661016949152543,0.18955593358360978,0.5234466195106506,0.0023818724302728405,-1.16861229497314,0.8495705015688167,0.979419746472928,0.1416540469788944
12,117,1,0.19830508474576272,0.18628514334196522,0.5091955661773682,0.004242280513319862,-0.3935774099347298,-0.24237947460302767,-0.14396252887667968,-0.04280951723901537
12,118,1,0.2,0.19270147845015134,0.5122953653335571,0.001642431349492125,-0.47976554664426063,-0.44558501692374597,0.10038849190532435,-0.4477951175535748
12,119,1,0.2016949152542373,0.19004232955044584,0.5160807371139526,0.0035369757288304144,-0.1815525054854509,1.1822551625047457,0.39878184320754934,0.08555081305759427
12,120,1,0.2033898305084746,0.19287685753981804,0.509016215801239,0.002331381219972526,-1.0360673651696881,-0.061129058636424774,-0.15810036338679487,-0.43734391054666766
12,121,1,0.20508474576271185,0.1942829405482534,0.5220934152603149,0.001463819339754599,-0.15719082743309007,0.20871647925427486,0.8727493387350931,-0.09783114344221844
12,122,1,0.20677966101694914,0.1961122119804887,0.5205673575401306,0.001162162907452516,-0.4670916736574967,-1.0143471876548238,0.7524532347262932,-0.2191448746392209
12,123,1,0.20847457627118643,0.2029379171171859,0.5047749280929565,0.005364850039259529,-0.5490426185057776,-1.1988437719521519,-0.49243266323267926,0.010574389165015713
12,124,1,0.21016949152542372,0.1983993151760009,0.524769127368927,0.002397648793610487,-0.461514589503367,-0.17017274345275338,1.0836704184936776,0.19697829365519548
12,125,1,0.211864406779661,0.21014844633727245,0.5130823254585266,0.00797086795861533,-1.0145826852873205,-0.3373783118084638,0.16242299806585966,0.866414144629023
12,126,1,0.2135593220338983,0.21000835593978398,0.5086761713027954,0.00478334274725133,-1.4993017731355611,-0.14278217245184247,-0.1849053969129521,0.04642809347073862
12,127,1,0.21525423728813559,0.2123718717668965,0.5127828121185303,0.003339961105618735,-0.7547682890586604,0.0663347441495997,0.138812955389446,-0.0843815051522098
12,128,1,0.21694915254237288,0.20581492649507174,0.5185156464576721,0.006473772904087119,0.34124910551821236,0.07205902885008965,0.5907209185058928,0.7770030742298217
12,129,1,0.21864406779661016,0.2170596912153707,0.5165767669677734,0.00322930890743965,0.5835085925503319,0.40564303268047636,0.43788289298926375,0.042716955981916965
12,130,1,0.22033898305084745,0.2212404359238455,0.5196251273155212,0.005682242396389909,0.8614289359314787,0.8431273990074281,0.6781790945016668,0.6602366583344508
12,131,1,0.22203389830508474,0.2209353107764878,0.5087074637413025,0.0035705562613306306,0.1330292631647308,-0.8467871337786702,-0.18243867603631186,-0.19825045508237082
12,132,1,0.22372881355932203,0.2216357743931558,0.5259754061698914,0.0033861370932151335,-0.7196758718641882,-0.46394277170003057,1.178758984401192,0.4449544313446471
12,133,1,0.22542372881355932,0.22185664324826407,0.5167986750602722,0.002605642002125723,-0.1948847238195822,-0.3952480730208137,0.45537546789160965,-0.07499522311561574
12,134,1,0.2271186440677966,0.2238726260221138,0.5196288824081421,0.0019479921887892394,0.763405083968176,1.0977038013323712,0.6784751010068636,-0.09679445267854936
12,135,1,0.2288135593220339,0.22145062212342848,0.523290753364563,0.004868948659751739,0.09779763638138801,0.21306549142637873,0.9671331272492818,0.6398053271390368
12,136,1,0.2305084745762712,0.22207524701438053,0.5139003992080688,0.00437315160553488,-0.7146237238680915,-0.462045617710992,0.2269101295551687,0.16916302465077995
12,137,1,0.23220338983050848,0.22098742899675325,0.517328143119812,0.005570837778468328,0.14305525376318454,0.1735370736236262,0.49711238512436245,0.5471142308109714
12,138,1,0.23389830508474577,0.22917576996262573,0.5156587958335876,0.00357882051856582,-0.9957951911893212,-0.4727392642443614,0.365521048758528,0.07740511800006619
12,139,1,0.23559322033898306,0.22632349967922613,0.5203818082809448,0.0023134919902122225,-0.4445948240560488,-0.018318367496235322,0.7378267545568055,0.00699232020882018
12,140,1,0.23728813559322035,0.23602923434944467,0.5267238020896912,0.00714426576302339,0.0882443783451408,1.3242069198022166,1.2377535507385156,1.2364725699208279
12,141,1,0.23898305084745763,0.2339602288470049,0.5181686282157898,0.003624622474387795,0.1899137814169933,0.449251316241663,0.5633661586129414,0.1856147539777947
12,142,1,0.24067796610169492,0.2430823827441525,0.5163014531135559,0.007465717361402264,-0.6508309297681238,-0.6403157294872023,0.41618044779078517,0.8908654850087826
12,143,1,0.2423728813559322,0.23925965985651165,0.5148261189460754,0.00385807570720654,-0.960427255016876,-0.7221624974295286,0.29988278086012016,0.10120945185135323
12,144,1,0.2440677966101695,0.24467830403195526,0.5051125288009644,0.0032507776348705236,-0.9877442366329696,-0.16095283764789314,-0.4658202688606977,-0.4047814961710732
12,145,1,0.2457627118644068,0.23875978815113888,0.5041704773902893,0.005729837891942079,-0.2553915915822493,-0.11649116301897292,-0.5400803135374576,0.060757704307985494
12,146,1,0.24745762711864408,0.24430923060025436,0.5046982169151306,0.003306110058782864,-0.9755227948100352,-0.9507203190086096,-0.49847965326741445,-0.4098916520822895
12,147,1,0.24915254237288137,0.2403611156278138,0.5142132043838501,0.0056351122053261305,0.1983794645401887,0.9926021267943044,0.25156794128966004,0.4373746796822735
12,148,1,0.25084745762711863,0.24159614496246878,0.5129983425140381,0.004675446813496674,0.5621602220570667,0.2547766209985268,0.15580278908455283,0.19490455561687037
12,149,1,0.25254237288135595,0.24522251175283855,0.5055293440818787,0.0019757324095476376,-0.8134538313669367,-0.7131099875648778,-0.4329635467838498,-0.6468890019563338
12,150,1,0.2542372881355932,0.2470612556435498,0.5218609571456909,0.0019640959514232526,0.36217984724486574,0.2445523395524109,0.8544251265086228,-0.00555414380403374
12,151,1,0.2559322033898305,0.2486400527901463,0.506216824054718,0.0008948114816404216,1.0975719016525949,0.05729536337829848,-0.37877086375305263,-0.8389667128700052
12,152,1,0.2576271186440678,0.2488930088907317,0.5062671899795532,0.0012343107952855958,-0.9950469396491416,0.45434540446136507,-0.37480061777065077,-0.7681426596227627
12,153,1,0.2593220338983051,0.2582913241509792,0.5018097162246704,0.006592634708487711,-0.47227433064315966,-1.1111315815558256,-0.7261744349871525,0.14265653446465804
12,154,1,0.26101694915254237,0.251850991903568,0.49893856048583984,0.0031149006384585966,-0.7627177366231271,-0.39830715177130493,-0.9525019485638386,-0.6756735760501182
12,155,1,0.2627118644067797,0.26174126098232525,0.5083470344543457,0.005577934375294092,0.5032194621691942,-0.12384017302149414,-0.2108506020192519,0.19457168605086822
12,156,1,0.26440677966101694,0.2623467209838098,0.5097898840904236,0.0039732496501162316,-1.4176089460666446,-0.28519016574321715,-0.09711362628433723,-0.07393538779755411
12,157,1,0.26610169491525426,0.27593840553668597,0.5136116743087769,0.013136348858340542,-0.4363031529189417,-0.3202579740803929,0.20415051826670147,1.9346619938965226
12,158,1,0.2677966101694915,0.2685204877656997,0.504582941532135,0.005864516061055666,-0.44726300784273587,0.18691233747368155,-0.5075665831253615,0.10432272808165655
12,159,1,0.26949152542372884,0.2794752801441773,0.4990939795970917,0.008094079153872237,-0.11691285305318685,-0.8495770661154916,-0.9402505682098588,0.34006040721807884
12,160,1,0.2711864406779661,0.27364324018225694,0.49836355447769165,0.005287722798203451,-0.11986235621738339,-0.27286194708780415,-0.9978285319865974,-0.25776233019472916
12,161,1,0.27288135593220336,0.27924475993997977,0.5376031994819641,0.004161385867861611,2.715132220533759,1.2045877502926665,2.0953548740330596,1.0604464975741728
12,162,1,0.2745762711864407,0.26410191651387377,0.5019485354423523,0.015363507667329525,-0.40498679582258545,-0.7541580979228636,-0.7152315913267809,1.9265631036758724
12,163,1,0.27627118644067794,0.28293105269521984,0.49062374234199524,0.0062379707899916734,0.15533759978124978,-1.1802267175822097,-1.6079425750988379,-0.3701413326694317
12,164,1,0.27796610169491526,0.27764838521941293,0.49787047505378723,0.006651780770094141,-0.7134636439608363,-0.49596791265340234,-1.0366970052285143,-0.0006119381636244814
12,165,1,0.2796610169491525,0.29146614509678204,0.4956565797328949,0.011240134331485586,-0.38632691051438434,-0.9041317312570303,-1.2112139833638442,0.8424918389287025
12,166,1,0.28135593220338984,0.28262837890663,0.5069334506988525,0.007312827580043807,-0.8465422105216254,-1.290583311733513,-0.3222806064200135,0.49063410290078324
12,167,1,0.2830508474576271,0.2892770120459304,0.49889159202575684,0.004379004851124723,1.23761964825622,0.2240020261867185,-0.9562043791367767,-0.4212073902856973
12,168,1,0.2847457627118644,0.29267879631667504,0.49790486693382263,0.005119697520269738,0.35395778090219393,-0.3123739535238695,-1.0339859615221878,-0.3099108646176526
12,169,1,0.2864406779661017,0.29331405684299383,0.5135785937309265,0.0030598876152241605,0.7823230870557414,-0.9863756542731866,0.20154284191139607,-0.10980595349509704
12,170,1,0.288135593220339,0.28658083175023846,0.49608108401298523,0.007138211450993736,-0.5230539283834913,-0.6332949468184247,-1.177751152728736,0.027492609332613105
12,171,1,0.28983050847457625,0.28742360026723357,0.5032538175582886,0.007283556144900729,-1.4106658678217217,-0.9875047563012649,-0.6123387904171722,0.33966975801266597
12,172,1,0.29152542372881357,0.2903392626389888,0.5016494393348694,0.0046948981548191725,-1.7176114104823954,-0.6930191924664265,-0.738808744391506,-0.24845713973465433
12,173,1,0.29322033898305083,0.2962524769127651,0.5043626427650452,0.004519932568380828,-1.5524479338866934,-0.22831165107877313,-0.5249322980969088,-0.1769959950907451
12,174,1,0.29491525423728815,0.2967098226290719,0.5027683973312378,0.0029365211400721497,-1.0657654107954233,-1.7316420737249336,-0.6506035043588067,-0.5608936578460075
12,175,1,0.2966101694915254,0.30131837609065204,0.49975308775901794,0.004392603305462301,-1.385953265597416,-1.0811775550783764,-0.8882943787738821,-0.3844950854143417
12,176,1,0.2983050847457627,0.307945127997599,0.4949745833873749,0.007545661256554632,-1.2410969877782179,-1.2281085210287392,-1.264974402926735,0.06649796642038452
12,177,1,0.3,0.3087445722655518,0.5017667412757874,0.004392813485513489,-0.8672989402621905,-1.8486190131978473,-0.7295620649910718,-0.3050863111469849
12,178,1,0.3016949152542373,0.30994796696003124,0.49667030572891235,0.002967582516586758,-0.6651608168224946,-1.6939681403578328,-1.1313039732505894,-0.7949457000847107
12,179,1,0.30338983050847457,0.3134809408582814,0.4810611307621002,0.0022474478566479727,-0.4181421019708603,-1.005678703770653,-2.361744283904361,-1.556184706225226
12,180,1,0.3050847457627119,0.3242524855837363,0.4918513000011444,0.009978351390195607,-0.8155767775972139,0.13810821521933234,-1.5111766389952082,0.43666378505894365
12,181,1,0.30677966101694915,0.3109697307397094,0.5015583038330078,0.007381242850365665,-0.9383132317848223,-0.10341786831596175,-0.7459927752874735,0.2926503116730914
12,182,1,0.30847457627118646,0.31606888727961135,0.49000099301338196,0.00453905776431909,-0.607873170802461,-0.9054151001319681,-1.6570326698019564,-0.7391682407636809
12,183,1,0.3101694915254237,0.3215741051525476,0.4848175346851349,0.005022491383537374,-1.1507296632027997,0.04776692387971917,-2.0656344113565117,-0.8454451926131734
12,184,1,0.31186440677966104,0.323188539796461,0.4987456500530243,0.004696993179240799,0.48500910782505446,0.24931820043836928,-0.9677086954538312,-0.3624823154672648
12,185,1,0.3135593220338983,0.3287961563032455,0.47409674525260925,0.006601358387988294,-0.828128842193716,-0.6708277424320156,-2.9107329836934563,-0.9478538739715975
12,186,1,0.3152542372881356,0.31971946949352736,0.4924326241016388,0.0069319348126138675,-0.8910805783609236,-0.5927687179210913,-1.4653520128811657,-0.15813371715093105
12,187,1,0.3169491525423729,0.32407866299849164,0.491451621055603,0.004816087178975758,-1.072667886243592,-1.1899389643876856,-1.5426825377348483,-0.6258210182987483
12,188,1,0.31864406779661014,0.31703043151720717,0.49837395548820496,0.01115975780389908,0.11361822611658186,0.1804593880922806,-0.9970086409523617,0.9332968802001073
12,189,1,0.32033898305084746,0.32402139459058726,0.4944702684879303,0.005275852762760583,-1.2032319796054054,-0.3029439822254133,-1.3047285464262646,-0.4136191774556073
12,190,1,0.3220338983050847,0.32823829529152687,0.4867829978466034,0.003248196625785948,-0.16954567844535878,-0.7025016801382816,-1.9107008477237273,-1.1277451265850944
12,191,1,0.32372881355932204,0.3263758066526819,0.4907178580760956,0.0033368698837786376,0.5870497364672287,-0.8434260858811349,-1.6005236184050953,-0.9546765868502464
12,192,1,0.3254237288135593,0.3255708506286635,0.4875044822692871,0.0034647373747004524,-0.8499818474466373,-1.0925571967392702,-1.8538276613403144,-1.0554014239737324
12,193,1,0.3271186440677966,0.32515328546548405,0.49253326654434204,0.00514278349855571,-0.9417992719061243,0.534114493381094,-1.4574185686902952,-0.5169461158836404
12,194,1,0.3288135593220339,0.3261737285631288,0.5050439238548279,0.004405313119635117,0.5843409498837876,1.3540165262528185,-0.47122826072548424,-0.17338490774440632
12,195,1,0.3305084745762712,0.32739420768117455,0.484672874212265,0.0026686923194899227,-1.1078270080327315,0.27624268862536416,-2.0770377095805226,-1.3284173488934101
12,196,1,0.33220338983050846,0.3359081740618573,0.48052945733070374,0.00559067380406973,-0.8547091730687025,-1.8052733115036554,-2.4036550462274677,-0.8992474125718636
12,197,1,0.3338983050847458,0.3349179918486688,0.4829358756542206,0.0033601482738119426,-1.372560143068154,-1.2963141609806779,-2.213961861555856,-1.256675641540159
12,198,1,0.33559322033898303,0.3318051126396684,0.49517035484313965,0.0035378950722138327,-1.801966620938463,-0.10677235166682227,-1.249542127270878,-0.7384247605674898
12,199,1,0.33728813559322035,0.3391161485303424,0.4964595437049866,0.0033079968689876276,-0.6994150762839748,-0.9676699785231337,-1.1479179256692558,-0.734228207256175
12,200,1,0.3389830508474576,0.3336207164594509,0.49690672755241394,0.006060622483858179,-0.2482832019505426,-0.13531828288251097,-1.112667309713078,-0.15846391310885383
12,201,1,0.34067796610169493,0.3329020632460496,0.4954926669597626,0.006207411296657904,-1.0811074675688743,-0.5282064013737076,-1.2241349022414836,-0.1844339235845281
12,202,1,0.3423728813559322,0.326154804498567,0.48775067925453186,0.012450687893485706,-1.5580714212371134,-1.385723286692459,-1.8344204411861,0.7763477578756003
12,203,1,0.3440677966101695,0.3443675294286727,0.4777289927005768,0.007944509361270122,-1.724421079537984,-1.6832055660843774,-2.6244101198809244,-0.532347042658376
12,204,1,0.34576271186440677,0.3316429492257931,0.4999391734600067,0.007909090849909917,-0.8998304810613965,-0.20894295611455801,-0.8736256119607948,0.33586354013093
12,205,1,0.3474576271186441,0.35113416405237996,0.48803532123565674,0.01312284527943451,-0.916692242513352,-0.05210937150514818,-1.811982678240585,0.9238573284681963
12,206,1,0.34915254237288135,0.3401385378744387,0.5010511875152588,0.008577088504538139,-0.5179640777904088,0.24947574955856625,-0.7859677490369118,0.5151397084795173
12,207,1,0.35084745762711866,0.3500323214428602,0.5019984245300293,0.00677894802984017,-1.5554235388488034,-0.18658082786660043,-0.711298933472023,0.18787229895852742
12,208,1,0.3525423728813559,0.34655040938198634,0.4969415068626404,0.006497353164117087,-0.07369697630815963,-0.4680259197318021,-1.1099257256530406,-0.06853897198138548
12,209,1,0.35423728813559324,0.35212950537575705,0.48447832465171814,0.004468280994338733,0.6081863923774198,0.3396988790580317,-2.092373665659292,-0.9711898638245717
12,210,1,0.3559322033898305,0.35294820946378264,0.48776349425315857,0.0030193234559130837,-0.536186032933621,-0.34570872153887866,-1.8334102602556666,-1.1355075383901212
12,211,1,0.3576271186440678,0.36657274075455043,0.4944898784160614,0.011913147165278982,-0.28974735803561436,-0.4421944285661737,-1.3031827346769034,0.9329716081609769
12,212,1,0.3593220338983051,0.3625744171898365,0.48977911472320557,0.006627776989634451,0.2504641521761825,-0.6706669110384812,-1.6745228954463245,-0.32439203469974254
12,213,1,0.3610169491525424,0.3693318092510194,0.504105806350708,0.0068493675028983535,-0.9114109787355723,0.2630085625288186,-0.5451782033491808,0.28521134147137317
12,214,1,0.36271186440677966,0.36550625840678175,0.49212175607681274,0.004478456664150011,-1.1090885949318716,-0.5207556408977259,-1.4898571228471031,-0.6678683121811005
12,215,1,0.3644067796610169,0.36631499788818617,0.4960396885871887,0.003925790685535698,-1.4896528085069654,-1.250352487436549,-1.1810142720598347,-0.625508776834408
12,216,1,0.36610169491525424,0.36006773616071897,0.49973639845848083,0.010108616696411861,-0.5436163447395911,-0.13810165067265745,-0.8896099632414236,0.7738605027837104
12,217,1,0.3677966101694915,0.35746981072283524,0.5109732747077942,0.012079871877016203,0.27811465676561203,0.5731735460965931,-0.0038292905037367476,1.6164544392496907
12,218,1,0.3694915254237288,0.3578526127533912,0.5063264966011047,0.008731570214414204,-0.41883234951567716,0.48865500765759295,-0.3701255943949231,0.7543844298391768
12,219,1,0.3711864406779661,0.3590029113404181,0.49535033106803894,0.005667860214039646,-0.8806949629912207,-0.7426865526085216,-1.2353549583432302,-0.29944658620081016
12,220,1,0.3728813559322034,0.36202666626877683,0.49394941329956055,0.0018682985667061564,-1.0197015378780843,-0.8593418292943664,-1.345786528103447,-1.12508442712574
12,221,1,0.37457627118644066,0.3660328661447181,0.49505454301834106,0.002700383700187893,-0.9534783763724168,-0.4813650785751456,-1.2586713437724246,-0.9128082303308716
12,222,1,0.376271186440678,0.36352087513912806,0.49637576937675476,0.0019523711608728529,-0.7942835108995433,-0.005222096879862103,-1.1545216898447184,-1.0124049412905667
12,223,1,0.37796610169491524,0.3682093130065369,0.4944150149822235,0.001928570548462318,0.27437919946425005,-0.684150489908672,-1.309084070717018,-1.0945120875738386
12,224,1,0.37966101694915255,0.36893874888935574,0.49102985858917236,0.0013247630012025529,-1.5926389022735525,-0.21241888357890368,-1.5759292366360032,-1.3503663337599865
12,225,1,0.3813559322033898,0.3751203814026025,0.4898732006549835,0.0042004484344929215,-0.7777378712223149,-0.9484686794991278,-1.6671062880105596,-0.8128635216324068
12,226,1,0.38305084745762713,0.3864861311030045,0.49147969484329224,0.013294319320423837,-1.5861134527952416,-0.533205303666624,-1.5404695367198054,1.0943830108996717
12,227,1,0.3847457627118644,0.3743806797165036,0.5032413601875305,0.004726722166715212,-0.38387044131077125,-0.56969433635891,-0.6133207802518729,-0.17926032890398635
12,228,1,0.3864406779661017,0.3874117479874911,0.49719735980033875,0.008170764963476292,0.06965989823091126,-0.58945362185028,-1.0897573459140346,0.2808562960428199
12,229,1,0.38813559322033897,0.3884913043670462,0.49719277024269104,0.005250308058212397,0.5659913859507772,0.35666166766590557,-1.0901191316426084,-0.31149406856111705
12,230,1,0.3898305084745763,0.391001360875268,0.5042904615402222,0.003702383760989894,0.21120704811466393,-0.5559022237950001,-0.5306222009190256,-0.34561207790301274
12,231,1,0.39152542372881355,0.3814678245542555,0.4977428913116455,0.008245917535832653,-1.1540126893403322,-1.0541710100579458,-1.046754178631273,0.317596268921148
12,232,1,0.39322033898305087,0.39261428306636165,0.5115363597869873,0.0034475913742465455,-0.23098061013383012,0.35362556482877644,0.04055758972792099,-0.11168542499518458
12,233,1,0.3949152542372881,0.3864811984048676,0.500585675239563,0.006965871040076222,-0.19508483760358372,0.22790136691159352,-0.8226631586494075,0.17009182430462466
12,234,1,0.39661016949152544,0.3941170071676117,0.5023491382598877,0.004765551680261623,1.228571024979629,-0.2668980564336813,-0.6836528655898304,-0.20655306500807746
12,235,1,0.3983050847457627,0.38492564732733303,0.5079125761985779,0.007988913144115971,-0.12269005099131813,0.40360145866459063,-0.2450980848189294,0.6663125539302939
12,236,1,0.4,0.39237444911929104,0.5083410739898682,0.004680007560078156,0.1318604826581711,0.16469134697923377,-0.21132045361480242,0.012267698775453889
12,237,1,0.4016949152542373,0.3905105118321701,0.5032445192337036,0.0043031852289291996,-0.4747598018444541,-0.9781010431895082,-0.6130717589062311,-0.26501472445947327
12,238,1,0.4033898305084746,0.39185791575766116,0.5168473720550537,0.0037879151883743302,0.9973177960675937,0.8917871012349301,0.4592141554272574,0.16664896880555852
12,239,1,0.40508474576271186,0.39254586882587517,0.49724459648132324,0.0020302693671447247,-0.9321358062786879,-1.2607146243628373,-1.0860337720192967,-0.9623658718339075
12,240,1,0.4067796610169492,0.38614464443560825,0.5064039826393127,0.009922024121315988,0.15640487329592462,0.27812014897437803,-0.3640175236527663,0.9988220856669768
12,241,1,0.40847457627118644,0.3974664744733667,0.4929910898208618,0.002957257087363148,0.013688942905612272,0.022729742861750512,-1.4213292676360596,-0.9420519936373046
12,242,1,0.4101694915254237,0.39949817571576507,0.49335893988609314,0.0032499676694623786,-0.7602902694171955,-1.1135637460988663,-1.3923323764166593,-0.8682017834246462
12,243,1,0.411864406779661,0.3959050659030909,0.49438804388046265,0.004586728562574178,-0.8748075574619002,-0.25659171815412946,-1.311210149186884,-0.5565909616324318
12,244,1,0.4135593220338983,0.4060468331792983,0.5118399262428284,0.0070487608741657114,-0.41570593416562424,-0.8930606232898556,0.06448713148930903,0.6304742125066888
12,245,1,0.4152542372881356,0.40618981763047696,0.4906742572784424,0.002993602348467493,-0.14920077707186935,-0.06751964482441442,-1.6039605828265473,-1.0259980666892508
12,246,1,0.41694915254237286,0.40689375240625264,0.49826306104660034,0.0025105594284598903,0.8704456570106204,-0.9705025804133418,-1.0057502298875791,-0.8248375886170995
12,247,1,0.4186440677966102,0.4042677819312207,0.49723878502845764,0.004521339797258888,-0.27551607777336024,-1.066666624653568,-1.0864918773249586,-0.4574904464825774
12,248,1,0.42033898305084744,0.4013587262524732,0.5122517943382263,0.008735302207513814,-0.6433339133674866,0.269930876997473,0.09695387674185005,0.9886808868569873
12,249,1,0.42203389830508475,0.4001585519584354,0.5133630037307739,0.008763449769845335,-0.6459005901622888,0.048676113594189184,0.1845483097003337,1.0381854729901256
12,250,1,0.423728813559322,0.40375585309696976,0.5077829957008362,0.0046080863479328145,0.46891589931165567,-0.959641537939763,-0.2553126585061977,-0.02431158280437777
12,251,1,0.42542372881355933,0.41092634353847546,0.5007189512252808,0.0043629379904383345,0.3040134406950861,-0.7434907095761937,-0.8121572769728979,-0.35244165286573137
12,252,1,0.4271186440677966,0.41205676342800596,0.5037822127342224,0.004046099033112319,-0.6570489580710122,0.7753583014093685,-0.5706864464716186,-0.2959504172323678
12,253,1,0.4288135593220339,0.4054846151147255,0.497146338224411,0.005484245063921008,-0.11061361915679069,0.5304088067831277,-1.093779275571947,-0.26588966106432493
12,254,1,0.43050847457627117,0.40926072958746906,0.49442559480667114,0.004078807181986787,-0.38361812393094324,-0.033111573428063416,-1.3082500841349156,-0.658100134352238
12,255,1,0.4322033898305085,0.40815035321566784,0.4946720600128174,0.005526241874676043,-1.4380118514354967,-0.3495555458903547,-1.2888217206589017,-0.35489535674118955
12,256,1,0.43389830508474575,0.4098720845422098,0.5030816793441772,0.0031224821960681532,-0.20573147095241903,0.4642709990337742,-0.6259081044966713,-0.5108393716287949
12,257,1,0.43559322033898307,0.41484069122163836,0.509431004524231,0.002404263433445448,-1.0096755472796306,-0.1615108241152574,-0.1254033908524341,-0.4062173867149929
12,258,1,0.43728813559322033,0.4175716894298754,0.49360984563827515,0.0027962426149542433,-0.5258033177636863,-1.0660790977261667,-1.37255397350196,-0.9503126129757486
12,259,1,0.43898305084745765,0.4164959209980629,0.49919307231903076,0.0018996928541390754,-1.003744638753788,-0.8669632679838949,-0.9324392854338314,-0.9120451105562977
12,260,1,0.4406779661016949,0.42219265018879426,0.5051763653755188,0.003253071467672798,-1.3997147134972319,-0.7256056021605,-0.46078815827235164,-0.40180032949096134
12,261,1,0.4423728813559322,0.4229872652220779,0.49565064907073975,0.0014191340073035116,-0.9720425550882694,-0.45961345316795127,-1.211681485701417,-1.1491072234157063
12,262,1,0.4440677966101695,0.4254214018829122,0.5051129460334778,0.0014484552722456817,0.5894017984791887,-0.1358992452632373,-0.4657873792490092,-0.7702148135090982
12,263,1,0.4457627118644068,0.42683553821661935,0.5145377516746521,0.001183820028256463,-0.23781058058779558,0.8591448928941202,0.27715136066738594,-0.4524044831191042
12,264,1,0.44745762711864406,0.4214465318989336,0.5058952569961548,0.007157164151842201,-0.37211303145073904,0.6850170100697553,-0.4041193573330033,0.41815147106437645
12,265,1,0.4491525423728814,0.42690441499855664,0.4976387321949005,0.003392796594930549,-0.5311222841384518,-1.4558851615535102,-1.0549648352635186,-0.6705571577191467
12,266,1,0.45084745762711864,0.42145998064785795,0.5097768902778625,0.007936473274572394,0.07379558310027633,0.4953081757125775,-0.09813790276263736,0.7291596204513001
12,267,1,0.45254237288135596,0.4268458782778189,0.4944007396697998,0.00355725660173111,0.04639739589067482,-0.13346708072019656,-1.3102093652883613,-0.7648325189735112
12,268,1,0.4542372881355932,0.42047544248533164,0.5002904534339905,0.007933241143635002,-0.8338886389332385,-0.6728660341745639,-0.8459349081770249,0.3546057513641613
12,269,1,0.4559322033898305,0.42804204265542956,0.49714016914367676,0.003802613970431487,0.15891934649490044,-0.1649342352062041,-1.0942655719733418,-0.6071104811141733
12,270,1,0.4576271186440678,0.4209326635719083,0.4987964630126953,0.007517654617876098,-0.21618089071702093,-0.5452282709016553,-0.963703210601763,0.21145476745955322
12,271,1,0.45932203389830506,0.4294597903073313,0.5103715062141418,0.004218850153637118,0.6515066763141,-0.5562041929420443,-0.051265507590517366,-0.0012118877649019734
12,272,1,0.4610169491525424,0.425572527157644,0.5059624910354614,0.00402157869412895,-0.35749602461932256,0.20401954610840267,-0.3988194313351934,-0.21498880161588627
12,273,1,0.46271186440677964,0.4310888488456439,0.5018285512924194,0.0035980569929371015,-0.42059857117447336,-0.9886962215227545,-0.7246897039452129,-0.4637997546853939
12,274,1,0.46440677966101696,0.4268140979866599,0.4989131689071655,0.0041938416571468285,-0.16235318302037607,-0.8357094612648207,-0.9545035163608838,-0.45790176586473075
12,275,1,0.4661016949152542,0.43945987614882126,0.5171881318092346,0.006981577901326625,0.08063135395377805,0.9538647368658741,0.4860755711448807,0.8276460072049295
12,276,1,0.46779661016949153,0.43180811767308064,0.49510258436203003,0.003969419008726913,0.1782346769507008,-0.7572204589466922,-1.2548843399122875,-0.6535974685836748
12,277,1,0.4694915254237288,0.4402339236966591,0.5148062109947205,0.005007475455283791,0.22149985709178638,0.6066691455051366,0.2983134765309814,0.3334840310727334
12,278,1,0.4711864406779661,0.43569141447413384,0.5026098489761353,0.0044189996117999595,-0.12761459019761678,0.4146922602717899,-0.6631015568004506,-0.2665464000106759
12,279,1,0.4728813559322034,0.43890451644961953,0.5216763019561768,0.003897463359201456,-0.9023826568573582,0.26258843154162664,0.8398691240784676,0.37918910154649166
12,280,1,0.4745762711864407,0.4326865053279804,0.49350401759147644,0.008217469918567729,-0.43452533046107295,-0.6375159503303686,-1.3808961885809596,0.14475705334279998
12,281,1,0.47627118644067795,0.439380466584914,0.5130081176757812,0.0042411897691909065,0.5317023240920794,0.6670728217339879,0.1565733457012557,0.10723725418598004
12,282,1,0.47796610169491527,0.43484699743214694,0.4984578788280487,0.0060632104501898865,-0.36589500314785073,-0.5861385257794688,-0.9903931304870104,-0.09680207181988709
12,283,1,0.47966101694915253,0.44005125959966296,0.5091923475265503,0.003536766503236552,-0.1862537293096029,-0.01219692772191551,-0.144216248738277,-0.18599065675974152
12,284,1,0.48135593220338985,0.4415734010317871,0.5058750510215759,0.002125659421477391,0.01797543816292052,0.579084920377317,-0.40571215424191953,-0.6028631996971847
12,285,1,0.4830508474576271,0.44606783957963275,0.5162155032157898,0.0029122254855106305,-0.22559203896462937,1.4695098781772107,0.40940518778294666,-0.03581564535715773
12,286,1,0.4847457627118644,0.4460345023261401,0.5310804843902588,0.002020710803539082,-0.292888274384508,1.3378119427858925,1.581182177474258,0.3693039508549706
12,287,1,0.4864406779661017,0.44912649892213524,0.5184880495071411,0.001618729312673341,-0.14902386488601294,-0.007148791328937562,0.5885455056184938,-0.2085225787620676
12,288,1,0.488135593220339,0.45032350334989285,0.5079615712165833,0.0010477123513252334,-0.41684281247473437,0.5973967233268773,-0.2412359047035041,-0.7391961300066434
12,289,1,0.48983050847457626,0.4523460481726912,0.5179519057273865,0.0005579796410687317,1.6326616590738596,1.5769944831582567,0.5462823545987244,-0.4447381610073124
12,290,1,0.4915254237288136,0.45339186982468993,0.5264195799827576,0.0005933485519348446,-0.13820031935132118,0.9334194562469798,1.2137723253016168,-0.10382156178070778
12,291,1,0.49322033898305084,0.4540985614799268,0.5377066135406494,0.001442900760600373,-0.24495087241695182,1.2680406584519965,2.1035067992158614,0.5133060094117728
12,292,1,0.49491525423728816,0.45609936343082425,0.5294293761253357,0.0008366189899645617,0.4173532476339267,0.06442117879387398,1.4510285869908082,0.06413355160496859
12,293,1,0.4966101694915254,0.45538031836052384,0.5243181586265564,0.0028481245396840705,0.9050537408438134,1.4019377169793974,1.0481214467743252,0.2705449894110084
12,294,1,0.49830508474576274,0.4671473395578296,0.5346211194992065,0.00816032911066354,0.1622429754291868,1.1926041703376844,1.8602834222631786,1.7537606436180502
12,295,1,0.5,0.47050468278846636,0.532317042350769,0.008078804908015364,0.29260405480723045,1.7258685549243822,1.6786575894871691,1.6464173877721504
12,296,1,0.5016949152542373,0.48421834543653647,0.5201172232627869,0.017690937228950585,-0.20539794797908312,0.8375934861605095,0.7169700422303178,3.114587588128556
12,297,1,0.5033898305084745,0.48575465891712033,0.5176255702972412,0.012278244902449418,-0.6597809462525983,1.298500155023411,0.5205579797423334,1.9188713865080467
12,298,1,0.5050847457627119,0.4911244850981509,0.5210835337638855,0.009973746249987798,0.12865286171461027,0.07713342342976709,0.7931423829009683,1.58788952997911
12,299,1,0.5067796610169492,0.5010968448677424,0.4976246654987335,0.013951819634499025,1.3308610708018629,0.2897525256822544,-1.0560736850290178,1.4698996694929387
12,300,1,0.5084745762711864,0.5035663044194552,0.518200695514679,0.008773238666392747,0.3096456286448105,-0.15099442034210958,0.5658939601970032,1.2308431539940607
12,301,1,0.5101694915254237,0.5078227400997706,0.5167964100837708,0.008192684600978507,2.976054493073848,0.7163889786289772,0.45519692428530045,1.0577779891625068
12,302,1,0.511864406779661,0.5109023927805199,0.5356140732765198,0.005755316986065224,3.9160962439204803,1.176314247763985,1.9385559995659398,1.3052421557911769
12,303,1,0.5135593220338983,0.5126998657258378,0.5200812220573425,0.002608313010790937,3.5670949044220346,0.55279062867111,0.7141321385931927,0.054924702075943854
12,304,1,0.5152542372881356,0.5144791267227159,0.520888090133667,0.0014868187931451737,4.484091667911041,1.2155406964196933,0.7777359490828667,-0.14067433026037263
12,305,1,0.5169491525423728,0.5156635191848815,0.58023601770401,0.0005817981245199642,6.733994143038448,3.7440629378275694,5.456015396367718,2.0149579393643986
12,306,1,0.5186440677966102,0.5162856835136953,0.6056296229362488,0.0013950247629683377,10.036179000239203,6.5848376886458295,7.457742942955425,3.180716454993466
12,307,1,0.5203389830508475,0.5176334359315724,0.6128517389297485,0.0013930950283850985,12.216398375537555,7.36581524200889,8.027048025736125,3.4649777117506835
12,308,1,0.5220338983050847,0.5197629512921028,0.6151441335678101,0.0007536744848523743,12.112666930430555,8.609770578710775,8.207752949384856,3.4256774042426974
12,309,1,0.523728813559322,0.5224305238667292,0.5957918763160706,0.000861727610607357,11.604189406081726,7.313443288636747,6.68225288449929,2.6848368758514263
12,310,1,0.5254237288135594,0.5235832176890645,0.5899962186813354,0.0005831363883319938,12.58917265253543,7.195819741316358,6.22539268556574,2.3999179384124996
12,311,1,0.5271186440677966,0.5246814717449557,0.5922709703445435,0.0005439747912381253,12.830979708403719,6.8465136481996485,6.404706848491641,2.4816343780458245
12,312,1,0.5288135593220339,0.5263680576842571,0.5872358083724976,0.0004909656371308179,12.924731566108553,7.349502343521828,6.007795014634383,2.272430005035371
12,313,1,0.5305084745762711,0.5272603501392414,0.5779886841773987,0.0012499497801850435,12.356425820742803,5.966063519072225,5.27886255078135,2.061859979637736
12,314,1,0.5322033898305085,0.5280520756402172,0.5985629558563232,0.0016656808473373853,13.02329485522873,7.328147873188464,6.900691589786683,2.9570706399181135
12,315,1,0.5338983050847458,0.5288137498425578,0.5897120833396912,0.0020212211327849273,13.593184109667886,6.502951533423453,6.202994860005847,2.680313769559306
12,316,1,0.535593220338983,0.5299929491999043,0.600692868232727,0.001875091299838998,12.02648459412056,6.643754495052821,7.068588358940706,3.08348035197136
12,317,1,0.5372881355932203,0.5314626519641448,0.5882422924041748,0.0013116114145102654,12.898826981779544,6.898819956105043,6.0871341550590445,2.478498666978949
12,318,1,0.5389830508474577,0.5328395406912103,0.583880603313446,0.0009852981436705589,11.534111879084204,6.504113458184906,5.743310852983039,2.240421767322999
12,319,1,0.5406779661016949,0.5358201600601946,0.5378240942955017,0.0007984549625654603,5.579407214144024,2.1531942852719665,2.1127675741641623,0.38726467661525976
12,320,1,0.5423728813559322,0.537220240323461,0.5255077481269836,0.000595788974424448,1.395016389872848,0.5007698785460726,1.1418944282142982,-0.1392656755285222
12,321,1,0.5440677966101695,0.5394842308876666,0.5167262554168701,0.0009041004547390552,1.4657261604198253,1.7136420867424296,0.4496667710056708,-0.42286440723135543
12,322,1,0.5457627118644067,0.5411193973104557,0.5412244200706482,0.0005651853698880924,2.6304202855062107,2.618502482680371,2.3808085123938234,0.4739859949637488
12,323,1,0.5474576271186441,0.542424063018042,0.5323865413665771,0.000286648343962898,3.7149992921975463,1.8441584037322705,1.6841360590912882,0.06917191951945079
12,324,1,0.5491525423728814,0.5458659517907842,0.5204414129257202,0.0015594867327030203,2.750030324343766,1.1471742250742203,0.7425252705123107,-0.1435450794536628
12,325,1,0.5508474576271186,0.5476724195067995,0.5148809552192688,0.0012045265818874506,0.5511858661344318,0.19822961594116398,0.30420541553918495,-0.4346788698718168
12,326,1,0.5525423728813559,0.5546056751274739,0.5178423523902893,0.006090735047778724,1.009179613119279,0.452684574152622,0.5376464822725059,0.6727987881219524
12,327,1,0.5542372881355933,0.5647254187089193,0.51578688621521,0.01283890917496956,-0.2602291247955038,0.9417597127974069,0.37561815954690864,1.960085148812118
12,328,1,0.5559322033898305,0.5721347618212638,0.5188418626785278,0.014672913364594654,0.35338644154787074,0.9045026281441606,0.6164358963303728,2.4523677778407875
12,329,1,0.5576271186440678,0.5781169266889525,0.5008938312530518,0.014087875724663535,1.1575683342560696,0.6683266501488887,-0.7983718311594457,1.6263381505855903
12,330,1,0.559322033898305,0.5846300490624206,0.5128235220909119,0.012989871302593282,0.5982793099694598,0.24955780639200217,0.14202204178705605,1.8738970822270633
12,331,1,0.5610169491525424,0.5903209452228757,0.519676685333252,0.011174673979311779,1.281270554966468,0.986250927886364,0.6822433108031788,1.7759473498475316
12,332,1,0.5627118644067797,0.5944302666456158,0.5186963677406311,0.00888511377356281,0.5843554508826283,-0.24046590924730196,0.6049668188829845,1.2730640554120556
12,333,1,0.5644067796610169,0.6008757290478806,0.5139602422714233,0.00975669996973953,-0.12043949597124289,-0.3926025607108396,0.23162743957449594,1.2631224443112945
12,334,1,0.5661016949152542,0.6043251166356893,0.5124407410621643,0.0075163869678162975,-0.8556894405903333,-0.9601010562070043,0.11184817232080158,0.7489734225424148
12,335,1,0.5677966101694916,0.6063489703770835,0.5196076035499573,0.004616473815893236,1.005592066006092,0.9743297111247932,0.6767977308107482,0.4434443054895342
12,336,1,0.5694915254237288,0.6087714174884893,0.5137779116630554,0.0030319146387471196,1.5754755200457107,0.2897393965889047,0.2172546792666055,-0.10762200438962961
12,337,1,0.5711864406779661,0.6092489189465047,0.5148228406906128,0.0008668808247280145,0.05912637267303335,0.43287277228785287,0.29962436248256735,-0.5054324883539411
12,338,1,0.5728813559322034,0.6073095611880048,0.5059868097305298,0.004108526847111731,0.0403591799734111,-0.47203029320347506,-0.39690243682534726,-0.1964001719910082
12,339,1,0.5745762711864407,0.6180159989976735,0.5088449120521545,0.005851799824478017,-0.35636494670974866,-0.07978221801307867,-0.17160389824291686,0.26972564963156886
12,340,1,0.576271186440678,0.6156772409609454,0.4990643560886383,0.002614560085601491,0.45100426554363415,-0.2161836510969438,-0.9425857306397448,-0.772167537940849
12,341,1,0.5779661016949152,0.6200248077566741,0.5116279721260071,0.003910784049986762,0.38141687230692634,-0.24376459395142605,0.0477792087515325,-0.01415487244167354
12,342,1,0.5796610169491525,0.618025009607738,0.5084770321846008,0.0034385132625880306,0.943974421732228,-1.2480023797269442,-0.20060313872029503,-0.2341065219400963
12,343,1,0.5813559322033899,0.6164173156228347,0.5021947026252747,0.005762930881097876,0.2142812598688904,-1.1248285081929499,-0.6958267204305444,-0.010405364888210589
12,344,1,0.5830508474576271,0.6174408671083221,0.5043694972991943,0.004339708551900816,-0.132278111424783,-0.07167172059627208,-0.5243919687620257,-0.21326913994497676
12,345,1,0.5847457627118644,0.6178419753946807,0.4968356490135193,0.004379506802386456,0.9964883389339062,-0.4556320556096403,-1.1182702899900179,-0.5021385670444104
12,346,1,0.5864406779661017,0.6157841196168556,0.507231593132019,0.005891654489713115,0.8287001815480393,1.1392967690643716,-0.29877862961057644,0.2142194564574551
12,347,1,0.588135593220339,0.6127849559087984,0.5025846362113953,0.008330595700049724,0.1783158825442087,-0.32720654673574684,-0.6650890290496293,0.525598699456777
12,348,1,0.5898305084745763,0.6128012392507036,0.5063382983207703,0.007406222429635472,-0.16244888961272463,-0.7239841591318061,-0.36919528823573305,0.4861140654834205
12,349,1,0.5915254237288136,0.6148175481221486,0.5115116834640503,0.004389264594873372,1.4233310402091812,0.716011517195172,0.038612404122341834,0.07828132892030074
12,350,1,0.5932203389830508,0.6115945204387645,0.4991197884082794,0.006696927459036954,-0.5324853780294767,0.4053312167134199,-0.938216110801125,0.05778272423258951
12,351,1,0.5949152542372881,0.6136200837768873,0.4997571110725403,0.0037878495608178147,0.25812067956406737,0.305300654481693,-0.8879772289468855,-0.5069600304210393
12,352,1,0.5966101694915255,0.609567189185428,0.5324035882949829,0.007885640884872912,-0.2819081180623368,1.7575556217239978,1.6854798346545627,1.6106614069696612
12,353,1,0.5983050847457627,0.6152377465604986,0.5240841507911682,0.0033929532463837188,0.33846781394056785,-1.086635975638534,1.0296750731330118,0.3717945600734053
12,354,1,0.6,0.6114098475870036,0.5071060061454773,0.005339519576565881,0.3839864493014968,0.6016571141188705,-0.3086784027288259,0.09731536189132298
12,355,1,0.6016949152542372,0.6154646744099654,0.4995882511138916,0.0028190948258735504,0.01242445580670402,0.29433457926131634,-0.9012881246488318,-0.7100460363135435
12,356,1,0.6033898305084746,0.6109176147875761,0.5046355724334717,0.006246731821322642,0.6603696868055303,-0.3403028173521201,-0.5034177935366504,0.18389749771116554
12,357,1,0.6050847457627119,0.6156460081993541,0.5174559354782104,0.0033712450813357065,0.03519972458589325,-0.22217708221110358,0.5071860033329656,0.10614834658475159
12,358,1,0.6067796610169491,0.6130317524147022,0.509926438331604,0.004572266004447477,0.7289391099236217,0.6701154891177918,-0.08634932623027479,0.052906934255433476
12,359,1,0.6084745762711864,0.6122067734178505,0.5125060677528381,0.005802721208223881,-0.3004055921835222,-1.0916709829381623,0.11699774580803528,0.40407499515741196
12,360,1,0.6101694915254238,0.6083227017381645,0.5062611699104309,0.008872317639881099,-0.7985468045587064,-0.6693211789701321,-0.37527516788215676,0.7803484407190486
12,361,1,0.611864406779661,0.607842606835576,0.5026538372039795,0.008703684280116685,-0.7735557831566596,-1.3576434382906863,-0.6596340520252877,0.6039758806496156
12,362,1,0.6135593220338983,0.6070622199147041,0.5301139950752258,0.007533220860044059,0.38467669684631367,0.9325299601725343,1.5049957412557409,1.4489605486174488
12,363,1,0.6152542372881356,0.609130685943547,0.5063554048538208,0.0041577082859881,0.8113975897313268,-0.4381867728211632,-0.36784681415650305,-0.17190003522137012
12,364,1,0.6169491525423729,0.6106776815821479,0.5473807454109192,0.0017662921634768497,0.8036337549520208,0.2789833868621239,2.866099431374135,0.960175118522486
12,365,1,0.6186440677966102,0.6150592073412173,0.5233108401298523,0.002136426599048709,1.3980209968326391,0.3347623399585266,0.9687165271262871,0.08653435890841649
12,366,1,0.6203389830508474,0.6173814469752956,0.5195348858833313,0.002654516106716671,1.94159093837594,1.2942660224181173,0.6710655413450319,0.042759822091345545
12,367,1,0.6220338983050847,0.6162222605300888,0.5003812313079834,0.0014602788284345683,1.5667111163463971,0.09287848862945187,-0.8387790683767904,-0.9543132424460581
12,368,1,0.6237288135593221,0.6211818481197884,0.5088008046150208,0.002102216839426114,-0.23533961038534185,-0.9120288809069035,-0.17508080004999071,-0.4923008820514134
12,369,1,0.6254237288135593,0.6200463791986438,0.5191971659660339,0.0018735601811361619,-0.23677520927057025,0.31899429884547975,0.6444437499411394,-0.1289024113993607
12,370,1,0.6271186440677966,0.6198817711591567,0.5144060254096985,0.0030706947199723596,0.8912197879497943,0.6213868591502036,0.26676764040571943,-0.07500224045102868
12,371,1,0.6288135593220339,0.6215202954028656,0.5049334168434143,0.0020572515222287025,-0.3395553888536197,-0.20620554015113562,-0.47993930930699086,-0.6538475758324666
12,372,1,0.6305084745762712,0.6259827558053763,0.5026931762695312,0.002075832057833773,-0.7412388571402957,-1.1752212507426185,-0.6565330314946543,-0.7383769353637645
12,373,1,0.6322033898305085,0.6293823294337286,0.5053646564483643,0.0032800468690431643,-0.9177160130315047,-0.16683467146858005,-0.44594554636891065,-0.3889093283176942
12,374,1,0.6338983050847458,0.6273611615043302,0.4954162836074829,0.00179296180000073,-1.4326377812651365,-1.119337264899418,-1.2301560504384637,-1.08254492588832
12,375,1,0.635593220338983,0.6364958991812942,0.4973355531692505,0.006189781471544182,0.4089571693051666,0.39855332227161266,-1.0788638366711958,-0.1153731205636338
12,376,1,0.6372881355932203,0.6442057976863735,0.49764013290405273,0.010155779032016322,-1.1719504249062669,-0.498406641743118,-1.0548544201385641,0.7008011942024264
12,377,1,0.6389830508474577,0.6377949255161393,0.5047590136528015,0.004291758613132289,-1.007187175878568,-0.03863892172830716,-0.49368716699279913,-0.2076393580996406
12,378,1,0.6406779661016949,0.6458296835640317,0.5041049718856812,0.006006605349263391,-0.10023960458616038,0.6209962686230487,-0.5452439825725578,0.11429491017116572
12,379,1,0.6423728813559322,0.6471686467950606,0.5036894679069519,0.0030872677036079626,-1.1126297388487683,-1.0942606966014,-0.5779973372983847,-0.4940242910966631
12,380,1,0.6440677966101694,0.6534084262764661,0.5082967877388,0.005414180712889972,-0.4373617258343121,-0.7049797965080465,-0.21481145096974277,0.15938758047130647
12,381,1,0.6457627118644068,0.652946612746894,0.5105433464050293,0.0037315132352157597,-0.6066028833040163,-1.3811149749266975,-0.03771968609079584,-0.09325435245189533
12,382,1,0.6474576271186441,0.6627434991592236,0.509688675403595,0.008660674640435613,-1.0963915203469625,-0.3731124216331393,-0.10509170637678507,0.8725261593001685
12,383,1,0.6491525423728813,0.657841850625806,0.5067008137702942,0.0031602700387987986,-0.9537509951506218,-1.1288886803113594,-0.34061891419435036,-0.36053268537550076
12,384,1,0.6508474576271186,0.6605950268628646,0.5066412687301636,0.002387476505041754,-1.589938816289416,-0.8636941237398077,-0.3453127316339,-0.5195758760448205
12,385,1,0.652542372881356,0.666707356499212,0.5072277784347534,0.004495887611250764,-1.0034111157804522,-0.778036636452717,-0.29907933463172875,-0.06894501401562009
12,386,1,0.6542372881355932,0.6654627285981113,0.489857941865921,0.002753494542441226,-1.8677692534777504,-1.1844936729208777,-1.6683091080951689,-1.1068580375080803
12,387,1,0.6559322033898305,0.6668273434342793,0.500685453414917,0.0017355090328932004,-1.45973724789862,-1.1990242969857108,-0.8147978429398919,-0.8865152920170951
12,388,1,0.6576271186440678,0.6650760413421399,0.4879639744758606,0.004066554679651739,-1.4650678150724579,-0.33142426797435326,-1.8176068018393248,-0.9152628845413449
12,389,1,0.6593220338983051,0.6659002509466045,0.5002288818359375,0.004362598695005953,-0.7807917815781644,0.22376570250642303,-0.8507884751590618,-0.37182604954887366
12,390,1,0.6610169491525424,0.6705050958024814,0.5041019916534424,0.0020262378051814755,-0.8805470528030457,-0.48957076191873783,-0.5454789083703331,-0.6929059038500185
12,391,1,0.6627118644067796,0.6664240332492088,0.4953843355178833,0.004897631805342322,0.13527401778526976,-0.9402925366155725,-1.2326744549906143,-0.45428249623230577
12,392,1,0.6644067796610169,0.6716103916360501,0.509852945804596,0.0016631096718369629,-0.7629149502073606,-0.1301618314693976,-0.09214259640341271,-0.5398678002425562
12,393,1,0.6661016949152543,0.6700118327548477,0.5089817643165588,0.00293869921046289,0.30723556263748764,0.07553495631443531,-0.1608161056090769,-0.3155583197705777
12,394,1,0.6677966101694915,0.6690413020558921,0.5044444799423218,0.004841018477929797,0.412910141589139,-0.9725277430625403,-0.5184812356900002,-0.10866514660013932
12,395,1,0.6694915254237288,0.6609596394132882,0.496862530708313,0.012556732683886367,0.8185175801621061,-0.5246123120692141,-1.1161512592940852,1.1569846306731617
12,396,1,0.6711864406779661,0.6648257880480719,0.5049980878829956,0.008408663472879354,-0.4083307261552488,0.23066175878837794,-0.4748414194952677,0.6365519971167625
12,397,1,0.6728813559322034,0.672041854244307,0.49794018268585205,0.005014719706614863,-0.8127432824237428,0.11529969779748332,-1.0312020908185509,-0.32980486447150137
12,398,1,0.6745762711864407,0.6776587551582012,0.5106201767921448,0.006697127044636526,-0.2654842867753702,-0.08539162314675831,-0.031663299024149626,0.5110995993020647
12,399,1,0.676271186440678,0.6791120614249697,0.500434160232544,0.006118313337078495,-0.41395711370543686,-0.41761676581544616,-0.8346067862083018,-0.007735905700945789
12,400,1,0.6779661016949152,0.6797227487814408,0.48890212178230286,0.0032780007034280572,0.03783600617513087,-0.4269515511871167,-1.7436545099576504,-1.0381787030040652
12,401,1,0.6796610169491526,0.6909607077697488,0.5128317475318909,0.009582370694344295,-0.973860980342892,0.8550617448623486,0.14267043698891577,1.1832958867833707
12,402,1,0.6813559322033899,0.6841563415210077,0.48857608437538147,0.002470712436270815,-1.2543073977220873,-0.5216221610588091,-1.769355392234264,-1.2147197864670272
12,403,1,0.6830508474576271,0.684461810560244,0.4948188364505768,0.003270636487222605,0.05489498121131972,-0.35821418295451324,-1.27725162511847,-0.8064704735171155
12,404,1,0.6847457627118644,0.6943787868055579,0.5238655805587769,0.006146552260273068,-0.9039400641328483,0.5615838389421034,1.012445615124174,0.92151618949929
12,405,1,0.6864406779661016,0.6880277699081373,0.5102585554122925,0.004791310733853863,-0.4205550681779513,-0.7643495566356051,-0.06016919532619974,0.11041183132718743
12,406,1,0.688135593220339,0.6879423522347172,0.5134095549583435,0.004058307137194366,-0.6076730570184594,-0.013211150183183511,0.18821785066158328,0.08597712021334238
12,407,1,0.6898305084745763,0.6908795107052312,0.5120683908462524,0.0026873341457297707,-0.6704623819986513,-0.7196318646863649,0.08249654314676051,-0.24487029330814017
12,408,1,0.6915254237288135,0.6996909574748681,0.5194172263145447,0.005878870792167097,-1.0029818862147677,-0.6860082566176613,0.6617906708488646,0.6919120070026843
12,409,1,0.6932203389830508,0.6980052705676059,0.5205000042915344,0.0038173807019586154,-0.6329976013938421,-0.1611202335881024,0.7471439116965722,0.3165884523460666
12,410,1,0.6949152542372882,0.7011630559099278,0.5209148526191711,0.003750794642887408,0.27613382032397366,0.26989148971742377,0.7798455827468885,0.3194378965805838
12,411,1,0.6966101694915254,0.7049473088820264,0.5187990665435791,0.003268128044443276,0.0918203246592552,-0.02519801241150306,0.6130623618743201,0.1381778929788786
12,412,1,0.6983050847457627,0.7013992837821382,0.5181040167808533,0.003796846599643676,0.850123957235276,1.6507241891371018,0.5582729673171738,0.21798936161484095
12,413,1,0.7,0.7126454157861899,0.5214089155197144,0.007022203827590457,-0.7080054679972002,0.6831198560807168,0.8187915815020712,1.0022415704352206
12,414,1,0.7016949152542373,0.7192034898119162,0.5145411491394043,0.009920241548670728,-0.4183654173530069,-0.6247347779543893,0.27741917607684974,1.319178990341555
12,415,1,0.7033898305084746,0.733890989406466,0.5086314678192139,0.020097632667723478,-0.05800109516299573,-0.08532925995334702,-0.18842928387958102,3.1498840204953913
12,416,1,0.7050847457627119,0.7282620150016538,0.5058287382125854,0.010896121768842418,0.6030733401861922,-0.5979776857076037,-0.4093629011393471,1.1736633161734003
12,417,1,0.7067796610169491,0.7410501874862843,0.5084973573684692,0.013305227811552923,-0.2641472946822585,-0.3420883740476857,-0.19900094477946775,1.7673291783813647
12,418,1,0.7084745762711865,0.7423825461687248,0.49813610315322876,0.007719110662384569,-0.7210215645566044,-1.3060296900594912,-1.0157580688728052,0.22627578201800302
12,419,1,0.7101694915254237,0.7376040322154955,0.5133458375930786,0.005161203776477509,-0.6384905797546958,-0.33184439896154516,0.1831951371051482,0.3070957437613434
12,420,1,0.711864406779661,0.7418980027176995,0.5179114937782288,0.004391671609464937,0.09141719689148399,-1.0151250864357964,0.543096760780892,0.3310115680583442
12,421,1,0.7135593220338983,0.7371127572095698,0.4967350363731384,0.007865417110656069,0.9076987230323554,-1.3361740883905115,-1.1262013849229107,0.20072010263789453
12,422,1,0.7152542372881356,0.736550711690106,0.5067713260650635,0.007443105060941273,-1.5862990655804026,-0.8483232377005907,-0.3350605698189877,0.5106599696610267
12,423,1,0.7169491525423729,0.7328974983028064,0.5162779092788696,0.0096383598285862,-0.8757791243842266,0.5988540526886993,0.4143245339883606,1.330475630125955
12,424,1,0.7186440677966102,0.7354917962509462,0.5070049166679382,0.006315680941709031,-0.3093672094670692,1.0103165559964513,-0.31664708578936274,0.2912633914525709
12,425,1,0.7203389830508474,0.7321135765560276,0.5155309438705444,0.007644096480504363,-1.732251618911957,-0.5621090026760933,0.35544273203396926,0.896665854122796
12,426,1,0.7220338983050848,0.7260044174049924,0.516844630241394,0.01250346046815397,-1.7467265159547347,-1.5622997454265517,0.45899802369330417,1.933757476121931
12,427,1,0.7237288135593221,0.7358645830700058,0.5021283626556396,0.004265618017453078,-1.133255959599767,-0.7068277163970235,-0.7010561686890217,-0.3166242839279725
12,428,1,0.7254237288135593,0.7309941706686687,0.510380744934082,0.006415988587567371,-1.4985738229937584,0.10394303204995166,-0.050537237617414056,0.44465729932985504
12,429,1,0.7271186440677966,0.7290408312411665,0.5155229568481445,0.006447837856932025,-1.4456857800219902,-0.526076205977711,0.3548131308959316,0.6537904337041849
12,430,1,0.7288135593220338,0.7225833033568112,0.49925050139427185,0.012137179412572018,-1.2401892252507905,0.5424645967515335,-0.927912265310702,1.1660329736981385
12,431,1,0.7305084745762712,0.7198723473117747,0.51325523853302,0.013992856945563169,-0.6636179105458451,-0.11237519225382706,0.1760533928527803,2.09428418135101
12,432,1,0.7322033898305085,0.7292738878789798,0.5085787773132324,0.0060926306795822515,-0.08463072943404062,-1.0850900248966013,-0.1925827719842476,0.30806853074122864
12,433,1,0.7338983050847457,0.7263944154678008,0.5070697665214539,0.0046059003613002115,-1.9679653550673888,-1.459354524471181,-0.31153510042977306,-0.05286604761171755
12,434,1,0.735593220338983,0.7229505423277871,0.5139211416244507,0.005824928349229418,-0.9523763004605243,-0.3458039074656643,0.22854521310768453,0.4643515827731329
12,435,1,0.7372881355932204,0.7190950364160922,0.5066124200820923,0.009772244003668317,-0.7991993495065375,-1.1710363522373866,-0.34758681335636454,0.9766671199983705
12,436,1,0.7389830508474576,0.7176458151607723,0.508392870426178,0.011027137535067554,-1.2993881029180272,-0.6884765261674138,-0.20723744324946838,1.301291592767841
12,437,1,0.7406779661016949,0.7218835674438242,0.5174723863601685,0.005152346779354745,-2.100394276880115,-0.7674874099461948,0.508482793736685,0.467943673874357
12,438,1,0.7423728813559322,0.7233452815935062,0.5051103830337524,0.0024448812638846224,-1.1625131748607453,-0.7587434337752629,-0.4659894154350959,-0.5682744825129068
12,439,1,0.7440677966101695,0.7316440002844706,0.5210713148117065,0.006907092957747036,-0.7931901355869552,-1.094057195654479,0.7921791871300897,0.9655947984015723
12,440,1,0.7457627118644068,0.7346998245024776,0.5203227400779724,0.00682567620865941,-0.41403251889940845,-1.4473381217828245,0.7331705252448998,0.9195819159336731
12,441,1,0.747457627118644,0.7435237887309127,0.5121979713439941,0.011386138101668204,-0.5451737520150813,-0.7180038571109961,0.09271111683402884,1.524058994836135
12,442,1,0.7491525423728813,0.7423406296350172,0.5192092061042786,0.006233399666583293,-0.36418098508488106,1.4895514391756004,0.6453928501641514,0.7555995113857389
12,443,1,0.7508474576271187,0.7453216594013943,0.5158390998840332,0.0038239739740290285,0.4895044174656687,0.32854243198408367,0.37973405952393124,0.13422041790568517
12,444,1,0.752542372881356,0.7471438637158193,0.5113176703453064,0.0021645577866456094,-1.2383127960008051,-0.07502948622047004,0.02331873468717237,-0.3804604878972837
12,445,1,0.7542372881355932,0.7506114258138958,0.5002900958061218,0.0017844582699350752,-0.02112215491135046,0.0460437303775648,-0.8459630992727579,-0.8921726773939835
12,446,1,0.7559322033898305,0.7452493863624042,0.5116462111473083,0.005349490452302307,0.027502594401254486,0.11875264934846694,0.04921695463391709,0.27828479552719443
12,447,1,0.7576271186440678,0.7575441018829121,0.50661700963974,0.006218035886358815,0.047989605563382685,0.24887181126447785,-0.34722502762779067,0.25617531966646656
12,448,1,0.7593220338983051,0.7509793840201205,0.50288325548172,0.004569498556400407,0.19237025062060636,-0.8091427408716064,-0.6415494641125481,-0.2252542791577024
12,449,1,0.7610169491525424,0.7608713310927363,0.5022673606872559,0.0055649526640861,-0.23360819112376333,-0.12814651564021134,-0.6900992294807835,-0.04768487780981995
12,450,1,0.7627118644067796,0.7531362932100532,0.5081394910812378,0.005317107487949576,-0.7262013213424992,0.894626267671813,-0.22721083457632105,0.1335047355869332
12,451,1,0.764406779661017,0.7613631273440401,0.5128063559532166,0.004423835371003651,-0.2887380885163022,0.400539097640762,0.14066886919187055,0.1363193407131661
12,452,1,0.7661016949152543,0.754424131503928,0.5065773725509644,0.006407884585984446,1.0404147646221273,1.0029839573606174,-0.3503495407382016,0.2931079314878965
12,453,1,0.7677966101694915,0.7667521955728289,0.5010920763015747,0.00551414611045826,0.29198921245638515,-0.6162008672770534,-0.7827445670914353,-0.10430939012753682
12,454,1,0.7694915254237288,0.7661873924086898,0.5115002393722534,0.004289828116087005,0.10182311365956383,0.7860224074827009,0.03771028905888483,0.0576679306916623
12,455,1,0.7711864406779662,0.7674086468411311,0.5136488676071167,0.0029631154041121328,-0.676271482134232,0.6923561732522643,0.2070823922229367,-0.12665829603947104
12,456,1,0.7728813559322034,0.768584379313955,0.508815586566925,0.003037732607337965,-0.19982086382495337,-0.23029742644792245,-0.1739155680930254,-0.3020274416372196
12,457,1,0.7745762711864407,0.772347498891827,0.4943682551383972,0.0014677972635417725,-0.09000189940463256,-0.4633388334059422,-1.3127700564841118,-1.1897842532116014
12,458,1,0.7762711864406779,0.773458488519304,0.5023024678230286,0.0008754286031248713,-0.6120436580690436,-0.19153049605945527,-0.687331803582991,-0.9971773722394598
12,459,1,0.7779661016949152,0.7678383511995697,0.5072140097618103,0.006855884365159453,-0.8282622513830503,0.40220649249617996,-0.3001646918174505,0.40903949556898545
12,460,1,0.7796610169491526,0.7749429829572553,0.5133236050605774,0.0025620981412913203,0.021377372490946622,0.2291092434997703,0.18144259065374477,-0.22079087781417495
12,461,1,0.7813559322033898,0.7681317718071584,0.5084774494171143,0.008259540758005434,-0.8462985937411017,1.0877913358533118,-0.2005702491086065,0.7434505604481689
12,462,1,0.7830508474576271,0.7799830002547418,0.5105282664299011,0.004778949331566066,-1.5252237586631803,0.5034285199493964,-0.03890841062753866,0.11853575112781077
12,463,1,0.7847457627118644,0.7772770517487342,0.5067635178565979,0.0038900686166822656,0.5806779975766291,-0.43312878960817297,-0.33567607540915884,-0.21008290082961067
12,464,1,0.7864406779661017,0.7826072773338661,0.5076766610145569,0.003664747798426623,0.9301143670402956,-0.3526179069141833,-0.263694810970819,-0.21977967789146657
12,465,1,0.788135593220339,0.783159410999771,0.5222033262252808,0.0034464670735438545,0.8045734196768975,0.7047467551010885,0.8814134021570448,0.30851451122194673
12,466,1,0.7898305084745763,0.7911161990640502,0.5113700032234192,0.0061150318065970165,0.01176611045933665,0.09796601230247907,0.027444031696105944,0.42262412032154867
12,467,1,0.7915254237288135,0.7866106805439401,0.5156105756759644,0.0024728569777177994,-0.20672913967265855,-0.3953432589475994,0.36171994935052426,-0.14874727550510494
12,468,1,0.7932203389830509,0.790242313259264,0.5127590298652649,0.002259174872345278,-0.763512391359597,0.13609946393682093,0.1369382475231994,-0.30446560001736456
12,469,1,0.7949152542372881,0.786139851739601,0.5047619938850403,0.005886781400330209,-0.2999966640162147,0.09669249024755355,-0.49345224119502384,0.11589455364506496
12,470,1,0.7966101694915254,0.7926828515307589,0.5174296498298645,0.0030008914445782326,0.2183879427405741,0.23320223835155413,0.5051139577965879,0.030017184751083392
12,471,1,0.7983050847457627,0.792280890086724,0.5152111053466797,0.002255242659133437,-0.3608167533538408,0.18002612801173895,0.33023049541672833,-0.20861679535862887
12,472,1,0.8,0.7973237334849188,0.49837467074394226,0.0027427746576569726,-0.5909476049556064,-0.5739744207909276,-0.9969522587608957,-0.7733532413914488
12,473,1,0.8016949152542373,0.7972963402355078,0.5109435319900513,0.0020475643627032108,0.1856823899552797,0.4156670954530087,-0.0061738499655338485,-0.41892907310462796
12,474,1,0.8033898305084746,0.8023271728854225,0.5127556324005127,0.003186736877770309,0.31033297598985926,0.23839807704471672,0.1366704321137356,-0.1165214361818906
12,475,1,0.8050847457627118,0.8105741877097707,0.504808247089386,0.009022671363452596,-0.199791861827272,0.5464098893031326,-0.4898061928135518,0.7535695568699023
12,476,1,0.8067796610169492,0.8110664649840128,0.5145862102508545,0.005544382029446908,0.38909370109318814,-0.08581503640728767,0.28097125413921165,0.4336793379440548
12,477,1,0.8084745762711865,0.821926972554172,0.5028770565986633,0.01236644892731868,-0.30098563213714985,-0.6551450404257422,-0.6420381097719207,1.355458122285773
12,478,1,0.8101694915254237,0.8261853731884276,0.49693065881729126,0.010467191481908151,-0.6547868022518644,-0.6731417451349087,-1.1107808555569427,0.7359818447055062
12,479,1,0.811864406779661,0.82855430930479,0.5127294063568115,0.006871577522519363,-0.4113759359117939,-0.029018578576279607,0.1346030850933133,0.6296054233439667
12,480,1,0.8135593220338984,0.8287729439329369,0.5130631327629089,0.0037387683694882373,-0.5345996236604494,-0.5646888695193186,0.16091007592818699,0.007531623379022689
12,481,1,0.8152542372881356,0.8312839067361518,0.5084564089775085,0.001012518971484379,0.8082885755798827,-0.4706812788617885,-0.20222882524089983,-0.7268286124202079
12,482,1,0.8169491525423729,0.8304948768692201,0.515412449836731,0.0024487385945313623,-0.3902740823988204,-0.17188937240823288,0.3461020823144249,-0.16144659799105363
12,483,1,0.8186440677966101,0.833940975778741,0.5026713609695435,0.0009914952443311948,0.6013448211243818,-1.1870932334041278,-0.6582526883343692,-0.9591034417963404
12,484,1,0.8203389830508474,0.8356308651994377,0.5132291913032532,0.0006403689935490035,-1.116231786960796,-2.1166986880330056,0.17400014138022452,-0.6141735051561483
12,485,1,0.8220338983050848,0.8362627640835196,0.4995374381542206,0.001156628538787769,-0.38328460095760736,-0.29780722445232455,-0.9052936095009,-1.049140478752048
12,486,1,0.823728813559322,0.8318941924431277,0.5131994485855103,0.0064326602127768185,-0.8174590072467356,-1.3776160715489898,0.17165558191842742,0.5591341484651657
12,487,1,0.8254237288135593,0.8381658898778062,0.5062055587768555,0.0027977439542795036,-0.8310928463567532,-1.2448940668763915,-0.37965888326864317,-0.45356064723451633
12,488,1,0.8271186440677966,0.8260175278839273,0.5063911080360413,0.013715382190220326,0.3588011145149847,-1.1674356983862182,-0.3650324030991554,1.7674788269777912
12,489,1,0.8288135593220339,0.8399874651563817,0.5056669116020203,0.0049781298432026635,0.6985305153546927,-0.8017444967690237,-0.42211937195854377,-0.03268268662530219
12,490,1,0.8305084745762712,0.8370438459710522,0.5089437365531921,0.005032271216725868,0.12323238834795998,-1.2968688651747047,-0.1638137587886892,0.10744815168497182
12,491,1,0.8322033898305085,0.843793840794323,0.5172397494316101,0.004827286679137741,-0.30141776190260244,-0.32812230099689177,0.4901444859623482,0.39286337180958947
12,492,1,0.8338983050847457,0.839000719710501,0.5259629487991333,0.005050442588841816,-0.3059159717429848,0.15139157541593945,1.1777769945664915,0.7819280654660855
12,493,1,0.8355932203389831,0.8395533455563222,0.5127846002578735,0.004647604524917125,-0.10931432966066479,-0.5201320089636128,0.13895391086811112,0.18083464600351812
12,494,1,0.8372881355932204,0.841648779210982,0.5028708577156067,0.002642461362937383,0.3934091983481778,-1.122222383163025,-0.6425267554312932,-0.6164806189151644
12,495,1,0.8389830508474576,0.845395350948162,0.49678927659988403,0.002746528118575433,-0.9231828895944453,-1.370900540300594,-1.1219257354034011,-0.8350789053187346
12,496,1,0.8406779661016949,0.8401196940157165,0.5045855045318604,0.00552433701395018,-0.8265917363166028,-2.1985027864219457,-0.5073645469392748,0.03544698905896687
12,497,1,0.8423728813559322,0.846092961554381,0.4944283962249756,0.001968550386286845,-1.5226077784723195,-2.702968504745972,-1.308029253885007,-1.085878125898268
12,498,1,0.8440677966101695,0.8516776527481031,0.4952913224697113,0.004118974142617899,-1.0348376804679975,-0.8130617752365061,-1.2400064891391802,-0.6158338414449565
12,499,1,0.8457627118644068,0.852529643178896,0.5067423582077026,0.0028866474083690296,-0.09458131483852276,-1.4294727080071554,-0.3373440485733632,-0.41437662886114823
12,500,1,0.847457627118644,0.8500642847862694,0.5052310824394226,0.0033618949079161826,-0.36819196136421617,-2.296268580050841,-0.45647492062519784,-0.3775780130001239
12,501,1,0.8491525423728814,0.8489877978310114,0.5036963224411011,0.005347819909075834,-0.4580604515795144,-1.1596173232964435,-0.5774570079635015,-0.03539091520051474
12,502,1,0.8508474576271187,0.8523480217145953,0.5072886943817139,0.0035425206018065104,-0.5977630744107312,-1.0302399551546932,-0.29427745132520244,-0.2598545222919716
12,503,1,0.8525423728813559,0.8502550857473549,0.505727231502533,0.004971833303513045,-0.8728238208204937,-1.404924585716465,-0.4173644738115725,-0.031581961948971254
12,504,1,0.8542372881355932,0.8491598986544412,0.5107632875442505,0.005498381038541432,-0.9882227695947124,-0.9455343271354593,-0.020382162214981608,0.2736751911614107
12,505,1,0.8559322033898306,0.8501255007869255,0.49606820940971375,0.004306682373100073,0.2853187529896673,-1.3224705972067126,-1.1787660321751252,-0.5471527590309757
12,506,1,0.8576271186440678,0.8484281195799541,0.498671293258667,0.006288489319049977,-0.6559497823588878,-1.6637318383733641,-0.973570094108324,-0.04271165026219198
12,507,1,0.8593220338983051,0.8503920647258822,0.5010980367660522,0.003477644777790635,-0.4615957950968749,-0.8297652642507225,-0.7822747154958848,-0.5170077680841307
12,508,1,0.8610169491525423,0.8541944774861464,0.4898811876773834,0.0018140966531525313,-0.14588294853711925,-2.1572741510304008,-1.6664766868725218,-1.2964198136976484
12,509,1,0.8627118644067797,0.8616093272471754,0.5088130235671997,0.006579804429273485,-0.9353086248250311,-1.4530492773899646,-0.17411760427911213,0.416083404953946
12,510,1,0.864406779661017,0.8631188096544589,0.5081684589385986,0.005312485452487695,-0.5708318193637999,-1.2035735278313984,-0.2249273558219455,0.13370928315249359
12,511,1,0.8661016949152542,0.8655649979572595,0.5017014741897583,0.0039918460056688875,-0.4156740319681747,-1.1357880188666516,-0.73470693996235,-0.3889613353259556
12,512,1,0.8677966101694915,0.8645296412282579,0.5045193433761597,0.0026087401636928553,-1.4455407700335834,-0.4210434591797303,-0.5125798996498856,-0.5583447049446514
12,513,1,0.8694915254237288,0.8652183615855351,0.5004052519798279,0.0027318146094276897,-0.5038517057186483,-1.8576682407891607,-0.8368855664467219,-0.6955422207747517
12,514,1,0.8711864406779661,0.8724527878367299,0.5211158394813538,0.0036003530571771373,-0.8889808337287916,-0.724095756425279,0.7956889785488521,0.2968551504073682
12,515,1,0.8728813559322034,0.8671004256614718,0.49459409713745117,0.004085503663648642,-1.460349190049697,-2.195351804018006,-1.2949673795287024,-0.6501009630033967
12,516,1,0.8745762711864407,0.8739123571861412,0.5112027525901794,0.0033105791295319448,-1.7756067052458548,-1.206553832021791,0.014259995924958318,-0.15261565172302982
12,517,1,0.8762711864406779,0.867429154368618,0.5025116205215454,0.0064863108720263785,-1.8549039673062895,-1.2935307931905315,-0.6708447110951231,0.1487625334953676
12,518,1,0.8779661016949153,0.8778797154474461,0.5078766345977783,0.004093673944212792,-0.5209454831520548,-0.839595672896346,-0.24793128994009903,-0.12492626280119735
12,519,1,0.8796610169491526,0.8670378544881396,0.5178042650222778,0.00878704085095454,0.5599328686351366,-0.13471434458842257,0.534644130576938,1.2180168534440359
12,520,1,0.8813559322033898,0.8773260300969442,0.5062181949615479,0.005180162378842409,-0.8455445418013858,-0.9557651731282502,-0.37866279788607604,0.030010936926725823
12,521,1,0.8830508474576271,0.8762310903185502,0.5140613913536072,0.004335787737273203,-0.9680750818054564,-0.18318367496235324,0.23960082115098827,0.16793224696924824
12,522,1,0.8847457627118644,0.8787353343637672,0.5219737887382507,0.0038330966190601085,-1.1868342501163522,-0.10478985857101038,0.8633194172123941,0.37786285932617175
12,523,1,0.8864406779661017,0.8764083026343066,0.510135293006897,0.003958395190262163,-0.7906988639861244,-0.1039463143232891,-0.06988572632218452,-0.06333341776691188
12,524,1,0.888135593220339,0.8860215837387022,0.4972473084926605,0.004601912212135307,0.3207185913595621,-0.4461725438511472,-1.0858199895433212,-0.44081715336802635
12,525,1,0.8898305084745762,0.8780621740165317,0.516380250453949,0.005531385920474656,-0.47944652466976545,-0.7867904594436612,0.42239188588396304,0.5017544843089133
12,526,1,0.8915254237288136,0.8892207107680911,0.5051583051681519,0.005267609261164787,-1.0213807535438364,0.31606979330182344,-0.4622118086068697,0.005967689307809915
12,527,1,0.8932203389830509,0.8830294093193118,0.5027666687965393,0.004429090425391028,-1.2564796473484228,-1.8541299501314037,-0.6507397613215163,-0.25831942799328467
12,528,1,0.8949152542372881,0.8891649333630444,0.5115706324577332,0.004386574227372394,0.4271675236493064,-0.5443256457338601,0.04325923640233648,0.08005922990512895
12,529,1,0.8966101694915254,0.8864101931797032,0.4996544420719147,0.0034820197032622764,-0.9891247317226034,0.7877817059915672,-0.8960704226802433,-0.5730185353780075
12,530,1,0.8983050847457628,0.8896626337462223,0.5216121077537537,0.0030854068426650815,-0.6673359666485983,-0.486101399001067,0.8348088223943885,0.21200146935167286
12,531,1,0.9,0.8961612178995756,0.5126262307167053,0.0048499433243302924,-0.13699673644754384,-0.30857308099911757,0.12646995397433378,0.2156201039639143
12,532,1,0.9016949152542373,0.8962860037936408,0.5061767101287842,0.0024782805609319153,0.5021811906522007,0.06380082913309841,-0.3819329649911077,-0.5194740142034278
12,533,1,0.9033898305084745,0.8931061820980554,0.5046607851982117,0.003268312229904967,-0.13379491590351927,0.10243975086140557,-0.5014303212874717,-0.41903110204595095
12,534,1,0.9050847457627119,0.8993376766654093,0.5239104628562927,0.0024196014622346607,-0.16634965830087048,0.23913987081897745,1.0159835976386695,0.16758613883739476
12,535,1,0.9067796610169492,0.8928745594237895,0.5194345712661743,0.007592692863555671,-0.20648552289213495,-0.16255458703656234,0.6631579389919167,1.0401005499262106
12,536,1,0.9084745762711864,0.8976192365386935,0.5093448162078857,0.0035497932525221615,-0.19830695954598523,-1.5025951934185746,-0.13219744492409463,-0.1773398725302335
12,537,1,0.9101694915254237,0.8960972961808651,0.5134891867637634,0.003881599673796686,0.7020107550764585,0.003643323404554956,0.19449506797813826,0.053285456880942356
12,538,1,0.911864406779661,0.9017559965798059,0.49776214361190796,0.003215747985783287,0.45065914177122574,-0.5477293631847823,-1.045236557977645,-0.7015924638384329
12,539,1,0.9135593220338983,0.9019197707971713,0.49241018295288086,0.0017519479438262233,0.6007067771753914,-0.36467369688258905,-1.4671210041384135,-1.2093436198004566
12,540,1,0.9152542372881356,0.903864529848389,0.509028971195221,0.0011884379697507026,-0.45676116208338846,-0.11920888534237067,-0.15709488097231675,-0.6685912422449207
12,541,1,0.9169491525423729,0.9062842394357731,0.5345728397369385,0.0014129267869616873,0.7134433425624592,0.08372751056467781,1.8564776243392194,0.38371371813760125
12,542,1,0.9186440677966101,0.9093559896189747,0.5068123936653137,0.0016553732805149723,0.26208525264711224,-0.17331059676334304,-0.33182329232564456,-0.661276825609614
12,543,1,0.9203389830508475,0.9115581469416435,0.5027055144309998,0.001957532343391589,0.06552131316177806,-0.6898911859758491,-0.6555604386918646,-0.7618778031906497
12,544,1,0.9220338983050848,0.9169235220135216,0.5198638439178467,0.004913313379151614,-0.15859742432063711,0.6831067269873671,0.6969966509034652,0.5137327472836848
12,545,1,0.923728813559322,0.9144490515167453,0.524495005607605,0.0015127254608540064,-0.474231965486653,0.6906428265701222,1.062061943614309,0.006741659338165618
12,546,1,0.9254237288135593,0.9161591869112962,0.5193718671798706,0.0011691569548612781,0.5447909256456871,-0.26351075034944643,0.6582151002067251,-0.2648457866261421
12,547,1,0.9271186440677966,0.9125404978286772,0.5212196707725525,0.006476461190299309,-0.953690090955491,0.5354503786294308,0.8038737933433422,0.884124604789037
12,548,1,0.9288135593220339,0.913392220595699,0.5168461799621582,0.005870326145035897,0.19580698734585011,-0.4859832371609193,0.4591201851081473,0.588844199899392
12,549,1,0.9305084745762712,0.9126180856707484,0.5057505369186401,0.00576163571553086,-0.006702361664167365,0.0719211733699173,-0.4155273540729699,0.12948170270181264
12,550,1,0.9322033898305084,0.9159493842468552,0.5080960988998413,0.0027893485313432676,0.0475429747990894,-0.44257188999997893,-0.23063135419192884,-0.38074918933051527
12,551,1,0.9338983050847458,0.9162089150890225,0.5124046802520752,0.001758236009514445,0.33445973786100086,-0.528682331007636,0.10900557016772092,-0.4200053264899121
12,552,1,0.9355932203389831,0.9176830723035243,0.5202533602714539,0.0011035612702318554,0.5372910090452817,0.5108497399653412,0.7277014526726917,-0.24340318738348965
12,553,1,0.9372881355932203,0.9164493537886906,0.5029394030570984,0.003409992712021846,-0.35291660918543233,0.2828334934869374,-0.6371234620824623,-0.4581496826211173
12,554,1,0.9389830508474576,0.9162121842797845,0.51276695728302,0.004604979250413576,-1.4656188530284042,0.7614808497386852,0.1375631501452816,0.1714963076720581
12,555,1,0.940677966101695,0.9190025205924703,0.5144084095954895,0.0024266146676679657,-0.927228668270998,0.02986540509733833,0.2669555810439396,-0.20550582959040173
12,556,1,0.9423728813559322,0.9220026523843138,0.5107101202011108,0.0016571831681666338,0.2642517018739115,-0.7344086592515058,-0.02457323844729226,-0.5072848149246203
12,557,1,0.9440677966101695,0.9253661248269112,0.5078674554824829,0.0027049648924214868,0.37725218543987993,-1.0918843307050956,-0.24865486139724682,-0.4068710789511769
12,558,1,0.9457627118644067,0.9231362990966105,0.5344049334526062,0.001820525267307408,1.4446359077059243,-0.38424589279372523,1.8432419048925612,0.45974298679790415
12,559,1,0.9474576271186441,0.9268357467038781,0.5160222053527832,0.0013074893805360146,-0.27674866267481896,-0.8456022331038555,0.3941679005392432,-0.36882026877263846
12,560,1,0.9491525423728814,0.9268524919459167,0.513145923614502,0.0018874995355697183,0.0744539284476437,-0.6408080704878177,0.16743631459038374,-0.3645797014234923
12,561,1,0.9508474576271186,0.927439868317959,0.5181955695152283,0.0023522794985450114,-0.021731196862659483,-0.5442665648137863,0.5654898878248298,-0.07131132382296268
12,562,1,0.9525423728813559,0.9256735745598417,0.5163586139678955,0.00463700912942429,0.03558545115505563,-1.0937782024207967,0.42068632459211464,0.3195524665152348
12,563,1,0.9542372881355933,0.9302845846838723,0.5101470947265625,0.002116926498581774,0.2805160221736305,-0.9187083071485875,-0.0689554201629945,-0.4362555728211944
12,564,1,0.9559322033898305,0.929922732925717,0.4918242394924164,0.002311165438022987,-0.3925913420135628,-1.0905911150101455,-1.5133097652390075,-1.1190476854554392
12,565,1,0.9576271186440678,0.933850985048161,0.5029760003089905,0.0014663401265775167,-0.22966971983863166,-1.6012439185752405,-0.634238573285782,-0.8508139694994611
12,566,1,0.9593220338983051,0.9309074079778553,0.5047507882118225,0.003270043499717561,1.1600799072552773e-05,-1.4209256682364697,-0.49433556219465885,-0.41513267978136065
12,567,1,0.9610169491525423,0.9339083933904659,0.5089674592018127,0.0022291127132806855,0.7498669514505069,-0.5027622184618967,-0.16194374943839815,-0.4600021833433109
12,568,1,0.9627118644067797,0.9338694007454498,0.5021659135818481,0.002522461263274921,-0.17384957490127587,-1.0813055637385365,-0.6980961036370533,-0.6685972376181324
12,569,1,0.964406779661017,0.9359292026647762,0.5079128742218018,0.0016303308239099213,-0.043932226087757355,-1.4243425147807416,-0.24507459223915184,-0.6229802352388858
12,570,1,0.9661016949152542,0.9349054430492869,0.5087764859199524,0.002992640318524768,-0.3018846940652727,-0.13340471752678526,-0.17699779455983683,-0.31271173955447185
12,571,1,0.9677966101694915,0.9379778635420443,0.5008149743080139,0.0016070424053690148,0.7005345533944762,-0.027856653814826948,-0.804587967768579,-0.9074590233298065
12,572,1,0.9694915254237289,0.936536218371111,0.5026732683181763,0.0033787413024531517,0.644978326636021,-0.6197982388548842,-0.658102335823793,-0.4749758439481708
12,573,1,0.9711864406779661,0.9375403368952914,0.48473310470581055,0.0030413271846880963,0.21063280856057257,0.6325367416774768,-2.0722898592074848,-1.2504857289919133
12,574,1,0.9728813559322034,0.9388829473075582,0.5066116452217102,0.0021015003300500924,0.9338701257400345,0.9561524813820677,-0.34764789406378616,-0.5787297128246733
12,575,1,0.9745762711864406,0.9378786615920921,0.5156384110450745,0.004100162110083976,0.6011708091382936,0.014980295512062,0.3639141563017452,0.18231203999822404
12,576,1,0.976271186440678,0.9387703169906572,0.5069447159767151,0.003183706224030873,0.020794432337550846,-0.24223505457618044,-0.321392586904423,-0.34616745933802046
12,577,1,0.9779661016949153,0.9333621934817555,0.5308610200881958,0.009150354387819042,0.5318937372767765,-0.16219353696944427,1.5638822417260878,1.8063035549315285
12,578,1,0.9796610169491525,0.9373845047218319,0.5311754941940308,0.005245766479761934,-0.021661592068224166,0.327222958102434,1.5886716119073332,1.0269804253515482
12,579,1,0.9813559322033898,0.9367511008340565,0.5269978046417236,0.004342300535702491,-0.4072605524408058,-0.6019722123592643,1.2593526285859729,0.679128725011418
12,580,1,0.9830508474576272,0.9344422987172227,0.5309864282608032,0.006369212463027423,0.700969583359697,0.17810271583600093,1.5737679192964706,1.2473252684063532
12,581,1,0.9847457627118644,0.9371340284655915,0.505055844783783,0.003092446585849475,0.8208174385782396,0.3181737305111205,-0.4702885575343832,-0.4391197997885361
12,582,1,0.9864406779661017,0.9448092083163225,0.5118277072906494,0.004136742958472007,-0.19502103320868466,-0.41227322482209894,0.06352393571843047,0.039534283349650604
15,8,0,0.013071895424836602,0.023293077380286308,0.5584264993667603,nan,11.99526684381632,5.100869396417209,3.7368143127004942,nan
15,9,0,0.014705882352941176,0.02496638822160186,0.6011267304420471,nan,13.646179460031075,6.899174441625486,7.102788856580829,nan
15,10,0,0.016339869281045753,0.02591586365370391,0.614172101020813,nan,15.403407599346238,7.904475683962334,8.131129551182477,nan
15,11,0,0.017973856209150325,0.027153341629831053,0.6287773847579956,nan,15.406397705307189,9.752848526659873,9.282435106855651,nan
15,12,0,0.0196078431372549,0.02699566496440985,0.6303225755691528,0.00258098493012081,14.769885061794362,9.59541756830305,9.404239434486168,4.394437143417082
15,13,0,0.021241830065359478,0.029031493275725913,0.639844536781311,0.0016398212358586751,14.148227241493942,8.479529972681279,10.154836755410038,4.578899771802253
15,14,0,0.02287581699346405,0.030173272304751277,0.6276007890701294,0.001345300749341265,15.307251476033617,8.916846943068022,9.18968640189398,4.036605843295768
15,15,0,0.024509803921568627,0.031071417696242234,0.6268826127052307,0.0015115075206121754,15.315966576336871,8.523840662736676,9.133073983146097,4.0420007221884084
15,16,0,0.026143790849673203,0.03314835292134014,0.6259067058563232,0.0006036624900310163,15.741208367340134,8.075127639322353,9.05614518140661,3.8194561826212805
15,17,0,0.027777777777777776,0.03359925809738468,0.6282243132591248,0.0015013581253050957,15.588022715786844,8.223131908654057,9.238837577304519,4.092824566607323
15,18,0,0.029411764705882353,0.03464437342586148,0.6142370700836182,0.001598184002242974,14.812230878608949,7.509362184148355,8.136250933573978,3.561164244049005
15,19,1,0.03104575163398693,0.03492155841455785,0.6006561517715454,0.0024387742938241797,14.630855285309353,6.684592539917212,7.065694073112115,3.196328975645912
15,20,1,0.032679738562091505,0.036952549184925854,0.5965682864189148,0.0015369176535840702,14.188693728858773,7.573064545081331,6.7434557533357005,2.852343919235385
15,21,1,0.03431372549019608,0.03585999741451413,0.6000508069992065,0.0034139195393432255,14.762654863772394,7.441675143383732,7.017975945068004,3.370196248166482
15,22,1,0.03594771241830065,0.038289208080006264,0.6051484942436218,0.0019156026012445383,15.029015010877742,7.610587493874909,7.419816522162587,3.2673087496057844
15,23,1,0.03758169934640523,0.036830790045315795,0.6272155046463013,0.0039195204013600955,14.73395158666713,8.50809887981033,9.159315194757593,4.543384555903667
15,24,1,0.0392156862745098,0.04060034540501425,0.621126115322113,0.0016631541945653873,13.553477474642305,8.087396777057693,8.679300709195314,3.8458628802539883
15,25,1,0.04084967320261438,0.042500115688221415,0.6020717024803162,0.0008773103803175593,11.087457913192777,8.19518663345912,7.177279128539408,2.935509654324864
15,26,1,0.042483660130718956,0.043331909823567494,0.5764651894569397,0.0011715577394677385,11.512592396804619,7.849162813679848,5.158768482958636,1.985917702329194
15,27,1,0.04411764705882353,0.041994887117165806,0.5652137994766235,0.0030653852965387847,10.039058898608966,6.1825491393162135,4.271843721585784,1.9264592293927496
15,28,1,0.0457516339869281,0.04592877699785775,0.5238455533981323,0.0015405681895203594,3.0185540204761447,2.9125941737147167,1.0108669137631243,-0.013210295847638331
15,29,1,0.04738562091503268,0.044680983771956014,0.5306797623634338,0.003002420807921945,3.477557036980304,2.75848487597538,1.5495940547053964,0.5525673361492126
15,30,1,0.049019607843137254,0.04924725127849066,0.5289170742034912,0.0014951004177108569,1.224293230321625,0.5449788181280101,1.4106448423532407,0.177459348564602
15,31,1,0.05065359477124183,0.04917836062752448,0.5319042801856995,0.00127614291217166,3.38680978623526,1.9514690482264323,1.6461203664952955,0.2507999650537597
15,32,1,0.05228758169934641,0.054344247342126686,0.5235635638237,0.002840921999994568,4.756472629735044,2.1813200855004635,0.9886382347776291,0.23934295298637026
15,33,1,0.05392156862745098,0.05668876069658663,0.5252145528793335,0.00308156776838729,3.628680646498449,2.3874370042714883,1.118782428229168,0.3532098383935442
15,34,1,0.05555555555555555,0.06233220497714285,0.5017004013061523,0.0057230678177858495,2.901197436858433,0.5854000142785455,-0.734791513249549,-0.037970636652202794
15,35,1,0.05718954248366013,0.06733826589935815,0.5210820436477661,0.007457890315338124,1.9651753628904398,1.006797958978719,0.7930249200020807,1.0777006620057237
15,36,1,0.058823529411764705,0.07737461236525103,0.5271594524383545,0.012954260463272594,1.1985510571796305,2.03235411008089,1.2720950038573031,2.431712894513154
15,37,1,0.06045751633986928,0.08615602752248167,0.5245940685272217,0.01597808436472213,1.6121108435168323,0.9882925019022497,1.0698708771323588,2.9437296190220774
15,38,1,0.06209150326797386,0.09092732109583547,0.5094964504241943,0.013382561231602181,1.4720862985113523,0.5288661383145323,-0.12024442033328939,1.822388031684517
15,39,1,0.06372549019607843,0.09728272348848639,0.5087252259254456,0.0125891845945799,0.5436250453388956,1.59073079707543,-0.18103851828157133,1.6311211464908235
15,40,1,0.06535947712418301,0.09602770006658398,0.5204563140869141,0.005324454920981662,-0.882107360278304,2.133139595180227,0.743699899501187,0.6204499125007825
15,41,1,0.06699346405228758,0.09992048812592032,0.5120849609375,0.0034564734599515606,0.6916367405058282,1.215169799532563,0.08380273058239096,-0.08826186925280768
15,42,1,0.06862745098039216,0.10410929038323594,0.5161992311477661,0.0038252500158545547,0.4983297253601132,0.7129097688912941,0.40812249292709374,0.1486733725507634
15,43,1,0.07026143790849673,0.10562257873045067,0.5023484230041504,0.002135298302246712,0.022348939413272918,0.48069221254097105,-0.6837092477812964,-0.739907308816024
15,44,1,0.0718954248366013,0.10716878918426724,0.5059019327163696,0.001748127361025658,0.18657855168363438,1.114824139060442,-0.4035931235459867,-0.6783543639362136
15,45,1,0.07352941176470588,0.10966074604842914,0.49994590878486633,0.001210977269285719,0.4743479734773785,0.6507271005135521,-0.8730946796578227,-1.0220209371532323
15,46,1,0.07516339869281045,0.11178123447175926,0.49974286556243896,0.0008964012119886522,-0.6554654489976086,1.6048872419797955,-0.8891001742602512,-1.0938090248016321
15,47,1,0.07679738562091504,0.11324626182713081,0.5110747814178467,0.000559825302178578,-0.39851064974033285,1.15120813900593,0.004172282168488628,-0.7154189598342812
15,48,1,0.0784313725490196,0.1121578389831204,0.5170945525169373,0.0025509010729510852,0.2652638715929917,1.2732003921384474,0.4786989010947375,-0.07443310776256043
15,49,1,0.08006535947712418,0.11395186647263622,0.5148239731788635,0.002052253343271494,0.16443842665366742,1.3515843617097778,0.29971363428572195,-0.26503456497347777
15,50,1,0.08169934640522876,0.11044273450199059,0.5274977087974548,0.006586048109845951,-0.3685950891319874,2.3935682908658205,1.2987590819047952,1.1537877544093713
15,51,1,0.08333333333333333,0.11548780767786952,0.5185145735740662,0.0028799900948293334,0.48475099004569017,1.5413522769870296,0.5906363452186937,0.0482636909540366
15,52,1,0.08496732026143791,0.11199870457691861,0.5080468058586121,0.005255839505160441,0.43803167198075205,0.9853745609052683,-0.23451702688713164,0.117428573390936
15,53,1,0.08660130718954248,0.11363930076606506,0.5214548707008362,0.0035754597144635487,0.791299205338129,1.3087835173896007,0.8224141373037658,0.3051702053450806
15,54,1,0.08823529411764706,0.11434486945100948,0.5076126456260681,0.00279174960287633,-0.5259396271527889,0.6612205283733378,-0.26874101710703163,-0.39931716502971604
15,55,1,0.08986928104575163,0.11561359022087928,0.5053598284721375,0.0024985625702612525,-0.02017958998670555,1.523401524104587,-0.44632612616130657,-0.5475580921425458
15,56,1,0.0915032679738562,0.11755051083718425,0.514866292476654,0.0007126514632262673,-0.3600424000157479,1.0088625089079668,0.3030495806141307,-0.5349923556471218
15,57,1,0.09313725490196079,0.11713025160873088,0.507300078868866,0.0024012983832285163,-0.449490361264666,0.9685824505109412,-0.2933800347777009,-0.4908069201584317
15,58,1,0.09477124183006536,0.11684936704348321,0.5154734253883362,0.0035549206591426337,0.2583526955455184,0.9701907644462853,0.35090866413690674,0.06525284591873377
15,59,1,0.09640522875816994,0.12100926578506119,0.5092815160751343,0.0014939134707322838,0.16011422879937337,1.1388142748837684,-0.13718726886884117,-0.5966973795809378
15,60,1,0.09803921568627451,0.11883635396798403,0.5089544057846069,0.0035429770238056975,-0.5267284814897224,0.5953682784043414,-0.1629727244326538,-0.19410961196590534
15,61,1,0.09967320261437909,0.11921489621512792,0.5107415318489075,0.003485895559361811,0.6163040515284386,0.41184324701489466,-0.02209712053874101,-0.13524599232752427
15,62,1,0.10130718954248366,0.11920923873265403,0.49813103675842285,0.004012714193434923,1.3895176111124579,0.6053857766301988,-1.0161574427290232,-0.5254552269849615
15,63,1,0.10294117647058823,0.12119476339486042,0.5149083137512207,0.002761023349989451,-0.034651586829715135,0.8653779299619129,0.3063620343627618,-0.117995879812242
15,64,1,0.10457516339869281,0.12124587828223264,0.5156732201576233,0.002612416968598862,0.38842085474698007,0.820978618526404,0.3666580896197602,-0.11798017915168835
15,65,1,0.10620915032679738,0.12212710976509362,0.5160014629364014,0.0023335665642999926,0.47289497339354125,0.8979347991959494,0.39253281698672743,-0.1615842067520211
15,66,1,0.10784313725490197,0.12384486140758576,0.5068078637123108,0.001353847695910372,0.24262781240267312,0.6204382821556844,-0.33218037953826296,-0.7225945169395089
15,67,1,0.10947712418300654,0.11987993371941447,0.5059407353401184,0.006467701666203517,-0.1411005191194594,0.5543431439597176,-0.4005343896589528,0.28014437930448904
15,68,1,0.1111111111111111,0.12551074370963441,0.4951745271682739,0.0024746928175970696,0.31483118583024156,-0.28334224585424017,-1.2492132311539927,-0.9538416197812127
15,69,1,0.11274509803921569,0.11973199183618088,0.5095430016517639,0.007353152487426061,-0.21833863934451575,-0.3990883328256149,-0.11657487937203981,0.6016634880709067
15,70,1,0.11437908496732026,0.12549933197831992,0.5315231680870056,0.0032848163250411484,0.7237477523386543,0.8089556512913726,1.6160780554757952,0.6430695562941051
15,71,1,0.11601307189542484,0.11884285817364777,0.5214294791221619,0.008057124310414528,0.1491282720776659,1.528449660497565,0.8204125695067206,1.2128987889352985
15,72,1,0.11764705882352941,0.1289009882630974,0.5279906392097473,0.0039607381272851825,0.7570710476745621,1.695208839679384,1.3376158088568233,0.6408924178767517
15,73,1,0.119281045751634,0.11911535037453717,0.5126711130142212,0.008372924361449182,1.715500065051191,2.477039784110178,0.13000793648882922,0.9317299971325312
15,74,1,0.12091503267973856,0.1276396396303385,0.5479924082756042,0.004959424357943059,1.6842417119501973,2.2350902873143546,2.914315602109529,1.6317419632999761
15,75,1,0.12254901960784313,0.1293241767269723,0.5536443591117859,0.0037967084016777646,1.1864601243462622,2.0404088088509598,3.3598476790743557,1.618748695639618
15,76,1,0.12418300653594772,0.13467892006442567,0.5089765787124634,0.004696018980390218,0.47036599919572475,0.7039229044933919,-0.16122487649720585,0.04056205957125593
15,77,1,0.12581699346405228,0.13608050438139693,0.5113337635993958,0.004294604785303001,-0.6576405988237123,-0.2875008861727727,0.024587333995158774,0.052074999444873
15,78,1,0.12745098039215685,0.1357999828460092,0.5109145045280457,0.0017511091528579928,0.37786702779072523,-0.4718005340698545,-0.008462027235864887,-0.4801842096693458
15,79,1,0.12908496732026145,0.14340126002796166,0.5136699080467224,0.005185881850085767,0.3665156458982323,-1.043227910750931,0.20874096835523004,0.3248725345628387
15,80,1,0.13071895424836602,0.14160202314077916,0.506522536277771,0.0016158890158821423,0.22123303871311767,0.20116396830483255,-0.3546721754172664,-0.6807073350030649
15,81,1,0.1323529411764706,0.144816289176129,0.5195040106773376,0.0023411426991036505,-0.39120504652439275,0.15344299625183752,0.6686317100800802,-0.021998577378464446
15,82,1,0.13398692810457516,0.14724739948939364,0.5118816494941711,0.002221648091687944,-0.2864469306994731,0.3950314429805429,0.06777609265816269,-0.34665583403010486
15,83,1,0.13562091503267973,0.1491570977184157,0.5170400738716125,0.0011635394799878263,-0.3841053574919905,-0.17203707470841753,0.47440445751140575,-0.35789014108958817
15,84,1,0.13725490196078433,0.15048118547337597,0.5128198266029358,0.0007987533534553219,-0.35983358563244194,0.4957972344398556,0.14173073379781473,-0.5981932400298194
15,85,1,0.1388888888888889,0.15360702755038352,0.5192244648933411,0.001437052412880042,0.11123136170740412,-0.23139370574262638,0.6465956702487607,-0.216335401359684
15,86,1,0.14052287581699346,0.15460367588844695,0.5174718499183655,0.000586588422983124,-0.14729534582420256,-0.6391866274591239,0.5084405070930855,-0.45785819543941453
15,87,1,0.14215686274509803,0.16956066109805984,0.5144628882408142,0.01335393226722943,0.47282536859910596,0.45059376603667467,0.2712500246272714,2.01233027252699
15,88,1,0.1437908496732026,0.16421598731508844,0.5191529393196106,0.006429600965467691,-0.17091167253615186,0.37738922379181955,0.6409574511021545,0.7931647716051802
15,89,1,0.1454248366013072,0.16993705113301008,0.5123846530914307,0.006705328848635363,-0.2071496686390386,1.0645692519909458,0.10742686880667117,0.5823077305072842
15,90,1,0.14705882352941177,0.166070617177985,0.5168318748474121,0.005091093760070336,0.10599360092614656,0.491878200074956,0.45799254127882605,0.43027851569538256
15,91,1,0.14869281045751634,0.16466612297713606,0.5172867178916931,0.007024438377074645,0.05868844250804448,0.3187054587917853,0.4938469165352863,0.840222328694322
15,92,1,0.1503267973856209,0.17335320847008687,0.5068968534469604,0.0037248922814736457,-1.2911428349772105,-0.20089482189116273,-0.3251654952166937,-0.23831976156364054
15,93,1,0.15196078431372548,0.1746995984304752,0.515816330909729,0.0031383798619940002,0.6935914751495533,1.0037684206882647,0.37793922642892824,-0.005692199455030106
15,94,1,0.15359477124183007,0.17474509597504542,0.5076709389686584,0.0026312238170902885,0.30684113546902086,0.6043846832622806,-0.2641458685025475,-0.4295687680833106
15,95,1,0.15522875816993464,0.17767391757465395,0.5022609829902649,0.0021603969870951367,-0.3095673232510708,0.5661330697877909,-0.6906019706880225,-0.7382645094188149
15,96,1,0.1568627450980392,0.17656957394973585,0.5124767422676086,0.0027928633360043854,0.6420288234718244,0.21747686679189393,0.11468607595792672,-0.2073777912450316
15,97,1,0.15849673202614378,0.177715550838468,0.5042984485626221,0.0024509778171844954,-0.16202836064634457,-1.1352464437659746,-0.5299925997809879,-0.5990399007363206
15,98,1,0.16013071895424835,0.17340215804205708,0.5154182314872742,0.007518358715593589,0.5432132169718199,0.2112897815508254,0.3465578383621089,0.8667280590450435
15,99,1,0.16176470588235295,0.17946038891512667,0.5179356932640076,0.0033046123611767354,-0.07939586885255118,0.6712052038658208,0.5450043582588271,0.11154667147321215
15,100,1,0.16339869281045752,0.1847180766141609,0.5144258737564087,0.00368667650463912,-0.10266997199186018,-0.6845968790825634,0.26833224621890267,0.05068024754985444
15,101,1,0.1650326797385621,0.17721616460622108,0.5095145106315613,0.005852361169406949,-0.5727633524093799,-0.0720557465767522,-0.11882076999877131,0.2962310354400464
15,102,1,0.16666666666666666,0.1887869027067951,0.5197800993919373,0.005843223489228845,-1.0453770064254118,-0.9046470481710078,0.6903952359859803,0.6989862272389953
15,103,1,0.16830065359477125,0.1831318702782393,0.5045484304428101,0.004918055072250672,-1.0909362445830946,-0.08794523180328423,-0.510287023863599,-0.08894763578338075
15,104,1,0.16993464052287582,0.18692751096436536,0.5137706995010376,0.004138132543758879,-1.4437948497731643,-0.16064102168083663,0.21668615883598935,0.11639715560956589
15,105,1,0.1715686274509804,0.18541658159786828,0.5087149739265442,0.0035481354714955228,-1.02942880790042,-0.6908102225103314,-0.1818466630259182,-0.20250062326946647
15,106,1,0.17320261437908496,0.19046748993584897,0.5106813907623291,0.0027125834998700605,-0.9496124100814887,-0.9713822296677749,-0.02683792313784577,-0.2944178149847226
15,107,1,0.17483660130718953,0.18960152098511754,0.5056375861167908,0.001523501206492504,0.4584809805458944,-0.33797240328253986,-0.4244310418086523,-0.7343198781387938
15,108,1,0.17647058823529413,0.1936378211070054,0.5063253045082092,0.0014431210139421087,-0.6322551502531987,-0.2474702805493923,-0.37021956471403317,-0.7235125126560229
15,109,1,0.1781045751633987,0.1951069073536976,0.517845630645752,0.0014229056803321898,-0.02861917131198769,-0.32464637353254605,0.5379049006500587,-0.2735492630485944
15,110,1,0.17973856209150327,0.18910319574753967,0.5154315233230591,0.0073447212710525695,-0.9312599459487102,-0.026199105779421313,0.3476056074201866,0.8320441671392552
15,111,1,0.18137254901960784,0.19166470404061514,0.5061676502227783,0.004873997142802535,0.27299580417484814,-0.5660280370409929,-0.3826471394163445,-0.03406114529472723
15,112,1,0.1830065359477124,0.19383741509575705,0.518024742603302,0.003692000037406993,-0.7064828631189276,0.0023829304429791873,0.5520239410963519,0.1936055266286276
15,113,1,0.184640522875817,0.19091451737800225,0.5104911923408508,0.005758020354574985,-0.39624559372141693,-0.11261808048079738,-0.0418308875518629,0.3155968635504673
15,114,1,0.18627450980392157,0.18703375718146104,0.5153323411941528,0.00859068305719238,-0.1637220773109373,1.176366764137384,0.3397872768702259,1.080773734994128
15,115,1,0.18790849673202614,0.2012246529983317,0.5035524964332581,0.006117572401197936,-0.21366061711850884,0.08951087618524163,-0.5887945269641356,0.1150199872892621
15,116,1,0.1895424836601307,0.20520932075782491,0.5052456259727478,0.007712252921262026,-0.35808186497248645,-0.4036047409379281,-0.45532848273205456,0.5051000581009357
15,117,1,0.19117647058823528,0.20913623836130557,0.5021815299987793,0.008796194109225703,-0.17142500789511234,-0.7407500113394339,-0.696865092456711,0.6041182118288256
15,118,1,0.19281045751633988,0.21368397568010503,0.5118371844291687,0.008788501182199327,-0.36708698525255556,-0.664302583037191,0.06427099975535579,0.9831263936118726
15,119,1,0.19444444444444445,0.21500393904681983,0.5245921015739441,0.0036348246755307278,-0.03631340129685832,0.0,1.069715826105827,0.4408582476145796
15,120,1,0.19607843137254902,0.21643551890525028,0.5165027379989624,0.001887796032678623,0.009144329868939724,0.6408671514078916,0.4320473361725263,-0.23221407108878525
15,121,1,0.1977124183006536,0.22094064953261694,0.5238867998123169,0.0031312493610719094,-0.5512844729265485,-0.47013313921443656,1.014118286804334,0.31095150732173216
15,122,1,0.19934640522875818,0.2302696091440661,0.512186586856842,0.009509106179693234,-0.8628065308213444,0.06114218772977452,0.09181370028652734,1.1430119631730036
15,123,1,0.20098039215686275,0.2342288862074068,0.5046850442886353,0.009321974877043655,-0.3675568176149939,-1.171197183630921,-0.4995180252935811,0.8094022278210153
15,124,1,0.20261437908496732,0.23706658674505846,0.5019469857215881,0.007353438624548554,-0.45808945357719577,-0.1450272474146493,-0.715353752741624,0.30233207027636644
15,125,1,0.2042483660130719,0.23648569622436838,0.505683958530426,0.0033235106996756408,0.5896077126627266,0.014126904444328407,-0.42077559639526924,-0.3675113646580995
15,126,1,0.20588235294117646,0.24191199606695293,0.5076146125793457,0.0031548193135531154,0.5940363177086736,0.4318585498265849,-0.26858596608049995,-0.3256214332732349
15,127,1,0.20751633986928106,0.24206636439144616,0.5046310424804688,0.001217103660424082,-0.6689484777196831,-1.2160330374203088,-0.5037748807492688,-0.8361188136491718
15,128,1,0.20915032679738563,0.24238864258718001,0.5071346163749695,0.0016432843204522544,-0.08220906262764523,-0.13543972699599613,-0.3064231150701834,-0.6510279675004089
15,129,1,0.2107843137254902,0.2387635989364112,0.5110678672790527,0.0061940580542505525,-0.4908733117562299,-0.08323188729072484,0.003627254317650024,0.4267395706563492
15,130,1,0.21241830065359477,0.24901189595728704,0.5176323056221008,0.003484763288614591,0.5643092700852571,0.10895178116288037,0.5210889120453055,0.1361174379127278
15,131,1,0.21405228758169934,0.23937362748560165,0.5126553773880005,0.007928480155654312,0.47184800127724336,-0.1327318514926107,0.12876752827657584,0.8409916029278199
15,132,1,0.21568627450980393,0.2557431983886463,0.5048429369926453,0.009114274973851434,-0.7440027475193314,-1.0293635881735976,-0.48707165652744777,0.7735109260317203
15,133,1,0.2173202614379085,0.24609676691814505,0.5089784264564514,0.005805570546345168,0.5356001925804571,0.6697117694972871,-0.1610792225025852,0.26561425999988664
15,134,1,0.21895424836601307,0.24960407760992898,0.5253854393959045,0.005670071420181616,-0.9244676780917305,-0.7294360151452889,1.1322530734736014,0.8848057872131171
15,135,1,0.22058823529411764,0.2524539125314485,0.5062754154205322,0.004696344990196987,-0.03132505769566062,-1.0478591984300545,-0.37415222256879105,-0.06583550974812571
15,136,1,0.2222222222222222,0.2530303480338311,0.5089362263679504,0.003124066598005182,0.7652293096223348,-0.7189852568388898,-0.16440577179908286,-0.27976694237884897
15,137,1,0.2238562091503268,0.2508498100575505,0.5098682641983032,0.0036909483889627378,-1.802494457296264,-0.8036876025847863,-0.09093507780284787,-0.1280872214079098
15,138,1,0.22549019607843138,0.25006478046918484,0.5046818852424622,0.005664238762179823,-0.0444977650425443,-0.8511689686841485,-0.4997670466392229,0.06761306221084179
15,139,1,0.22712418300653595,0.2527045857291946,0.5061374306678772,0.003610615412353936,0.2840194634935414,0.26513219337814026,-0.3850292870057856,-0.2914231252845761
15,140,1,0.22875816993464052,0.2511623763593885,0.5035535097122192,0.0047444868862266554,0.29791142038292334,0.2954603990160572,-0.5887146521928921,-0.1633551831078609
15,141,1,0.23039215686274508,0.2453482519962722,0.5061731934547424,0.010091618330732287,0.7189421213228493,0.6164700136907232,-0.3822101774324825,1.0241137044506667
15,142,1,0.23202614379084968,0.2540598545633629,0.5032786130905151,0.0035115310972323966,-0.7632484731806964,-1.4083939486341357,-0.610384207779682,-0.4241915195378828
15,143,1,0.23366013071895425,0.25199901270106384,0.4959440529346466,0.004691824117291427,-0.2569722004558846,-0.8522652479788524,-1.1885530409104428,-0.4739525983999814
15,144,1,0.23529411764705882,0.25062291945783377,0.496503621339798,0.0043545810472388185,-0.4905368885831259,-0.6947292568752311,-1.1444433731201598,-0.5202792051900144
15,145,1,0.2369281045751634,0.24899774981266176,0.5175782442092896,0.0057542420401462836,-0.3853843455897394,-0.7795202240012384,0.5168273580736623,0.5941598725214958
15,146,1,0.238562091503268,0.25636754598809214,0.4989928603172302,0.0033073423677527475,-0.34004842281420317,-0.8516448983180769,-0.9482216005283733,-0.6345127553070798
15,147,1,0.24019607843137256,0.2566765578921581,0.5042914748191833,0.0021864723546650977,0.14254191840422406,0.09561590459287425,-0.530542326147782,-0.6529474882136617
15,148,1,0.24183006535947713,0.25855434348455403,0.5023501515388489,0.0017480621447317174,-0.8479604082082449,-0.7787718656803029,-0.6835729908185868,-0.8183575212219576
15,149,1,0.2434640522875817,0.25772706086603436,0.49899789690971375,0.002635540389653418,-0.37726958663848875,-1.0070474117523642,-0.9478245759301331,-0.770532867486784
15,150,1,0.24509803921568626,0.2668506973688416,0.5012276768684387,0.005274838137957051,-0.05082020053708556,-0.2106136332433134,-0.772055443292661,-0.14748835733885318
15,151,1,0.24673202614379086,0.26085974650335686,0.5011629462242126,0.003336900572715061,-0.8137264501451418,-0.32111136514812655,-0.7771580316203396,-0.5429875707838625
15,152,1,0.24836601307189543,0.26650792341397816,0.5053941011428833,0.0031346590318082445,-0.9284438519738479,-1.0944740443683334,-0.4436244794868911,-0.4172285104025648
15,153,1,0.25,0.2659451990734276,0.5016291737556458,0.0028440569187221597,-0.37570057856392597,-1.0555298712196446,-0.7404062398163778,-0.6245436292651783
15,154,1,0.25163398692810457,0.2693980788301426,0.49918729066848755,0.0024873152361438084,-0.38841215414767566,-0.8318232496332955,-0.9328950414815154,-0.7931231271639534
15,155,1,0.25326797385620914,0.2660395891267165,0.49973464012145996,0.003882630001684721,-0.34292542098419626,0.21136855611092387,-0.889748569462111,-0.48862744633692756
15,156,1,0.2549019607843137,0.27589545235411006,0.49992141127586365,0.004678272569868981,-1.687971368852023,-0.30359715461956327,-0.8750257697155354,-0.3199367563631657
15,157,1,0.2565359477124183,0.2739284251612215,0.5042266249656677,0.0024782893113921927,0.514211219290438,-1.6199233361385939,-0.5356543115073716,-0.5963329131654108
15,158,1,0.2581699346405229,0.26970206232419636,0.49569597840309143,0.005857806217026184,-0.9406101900011877,-1.128406186130756,-1.2081082643172554,-0.24730864099434852
15,159,1,0.25980392156862747,0.2791657276003314,0.49640199542045593,0.0044414148663897025,-0.5185789201412541,-0.4873453805959556,-1.1524543428242962,-0.5066777406900704
15,160,1,0.26143790849673204,0.27750414686832153,0.5059793591499329,0.0036165015676108037,-0.07051545716251204,-1.3723184823823666,-0.3974897513197854,-0.2964598450693323
15,161,1,0.2630718954248366,0.2821552975416173,0.49554625153541565,0.0030387327785517354,-1.4334556375997516,-1.2473032555060701,-1.2199109363974845,-0.8248223250365122
15,162,1,0.2647058823529412,0.27630967632235426,0.5113139748573303,0.005066614434437263,0.06079108733994467,-0.6524207535556695,0.023027426697931043,0.20783238256769113
15,163,1,0.26633986928104575,0.281727527059632,0.5090660452842712,0.0031606961307028797,0.9886606997597013,-0.7769863089847372,-0.1541724040479925,-0.26722303333570424
15,164,1,0.2679738562091503,0.2838614997737541,0.5160177946090698,0.0021033531262580735,0.14897456148995458,0.3811999431365838,0.39382021035853587,-0.2076199764697937
15,165,1,0.2696078431372549,0.2789570890098202,0.4905143678188324,0.006300893337694085,-0.9618918558997858,-1.1576479592939815,-1.61656435187719,-0.36169366544825443
15,166,1,0.27124183006535946,0.2866541923588434,0.49594753980636597,0.0025805653753029067,-1.2232607592041678,-1.1227705228103768,-1.1882781777270457,-0.9019067341570874
15,167,1,0.272875816993464,0.2856801291329995,0.4946054220199585,0.0030281572830074444,0.022404043208867543,-0.33036409368636116,-1.2940746614971566,-0.8640485389029385
15,168,1,0.27450980392156865,0.29350744689322933,0.49462881684303284,0.005474737151200183,-0.5951789964173201,-0.8196525800980794,-1.2922304939846208,-0.36704315204939625
15,169,1,0.2761437908496732,0.29688795928636075,0.5029194355010986,0.0064437627644628025,-1.4144448281196058,-0.31642427882226665,-0.6386974649275565,0.15620884544368052
15,170,1,0.2777777777777778,0.29247242620530334,0.5027440786361694,0.0033039471179767527,-0.7518390872928408,-1.0520966133086855,-0.6525204988686528,-0.48735064581756293
15,171,1,0.27941176470588236,0.29901637593475217,0.4867418110370636,0.003268487927178289,-2.066374933599854,-1.7101792883714337,-1.9139475222489812,-1.1252540770869528
15,172,1,0.28104575163398693,0.29713619325423385,0.5154544115066528,0.0032134316540477115,-0.9945394046897174,0.23415081534607338,0.3494098375471006,-0.004738939481532062
15,173,1,0.2826797385620915,0.3107463612515805,0.5016813278198242,0.01012364040824308,-0.4610099547437109,-0.8627816517520003,-0.7362950383553107,0.8535642637297942
15,174,1,0.28431372549019607,0.3041504843167921,0.49603939056396484,0.0042099978841789645,-0.7892922670985775,-0.6438934074250084,-1.1810377646396122,-0.567892955882389
15,175,1,0.28594771241830064,0.31092153809445877,0.5073516368865967,0.005524906679775062,-0.14706623004251965,-1.2365570925993017,-0.2893158184761889,0.14458686217200728
15,176,1,0.2875816993464052,0.30629688060286003,0.5027210712432861,0.004871003735354337,-1.196297601959787,-0.39232356747715746,-0.6543341260274779,-0.17051159996449214
15,177,1,0.28921568627450983,0.31740070779404683,0.49328774213790894,0.005195822021755817,-0.8778295656203002,-0.5579930319109474,-1.3979447537255103,-0.47645479726487805
15,178,1,0.2908496732026144,0.31187042793360203,0.5103620290756226,0.0036198238075784094,-1.0848139228725548,-1.4430416259841197,-0.052012571627442696,-0.12304761779229749
15,179,1,0.29248366013071897,0.3132659991052257,0.4920845031738281,0.0035387416214690388,-0.7720679806756047,0.513905536442495,-1.492793695319294,-0.8598788931544334
15,180,1,0.29411764705882354,0.316396836448237,0.4913601577281952,0.0029924753929383313,0.38099634334054633,0.44899529892134293,-1.549892410468571,-0.9991924888163345
15,181,1,0.2957516339869281,0.3098766301147327,0.5020788908004761,0.009101344878720054,-0.13218240483243443,-1.266527530443438,-0.704955936932091,0.6619470016867559
15,182,1,0.2973856209150327,0.3138819900915785,0.4867852032184601,0.004368749035833657,-1.3388511211630838,-1.067582378914713,-1.9105270026333736,-0.9004482330526606
15,183,1,0.29901960784313725,0.3153148256800837,0.4905341565608978,0.0033063253464402265,-1.9410311998206893,0.10556119280530805,-1.6150044445799623,-0.9681103947135513
15,184,1,0.3006535947712418,0.3147955979005512,0.49261122941970825,0.003316454856281627,0.32722373943949606,-0.1279922487933518,-1.4512729098204944,-0.8841907067705821
15,185,1,0.3022875816993464,0.3133834428621482,0.48759642243385315,0.0043283002577632086,-1.0372709480734654,0.02390807898989036,-1.8465802004789476,-0.8766764703900803
15,186,1,0.30392156862745096,0.3202346137423131,0.49545830488204956,0.0019522366215106563,-0.8427922522214227,-0.1988105783218903,-1.2268435966898323,-1.048593174726363
15,187,1,0.3055555555555556,0.324672032692824,0.49410784244537354,0.004495430473375124,-1.1822722358810709,-0.8847302135594408,-1.333297872693714,-0.5861469750818357
15,188,1,0.30718954248366015,0.32387041754874796,0.5020164847373962,0.002604217582786926,-0.3167540182765172,-0.4310839333189498,-0.7098752831375049,-0.6579094224939563
15,189,1,0.3088235294117647,0.32552452165162016,0.4917265772819519,0.0020333055400077343,-0.5018853702758507,0.09143757063431708,-1.5210082836321026,-1.1792374949024473
15,190,1,0.3104575163398693,0.32951990044269586,0.49432238936424255,0.001822777289613708,-0.5284482999522283,-0.06371549002632505,-1.316385564511873,-1.119614114266931
15,191,1,0.31209150326797386,0.3225516313532473,0.48462072014808655,0.007589568903899545,0.17046214157209044,0.1667690260018313,-2.08114891104159,-0.3326863080085116
15,192,1,0.3137254901960784,0.34053544130974206,0.494502454996109,0.010924341387489362,0.004234291661481762,-0.44089793059788607,-1.3021913478102918,0.7329710730653145
15,193,1,0.315359477124183,0.3263865714919855,0.49825263023376465,0.007610461570614863,-0.9809142661790041,0.2881671876602724,-1.0065724701797925,0.20883823564624393
15,194,1,0.31699346405228757,0.3348376188160694,0.491301566362381,0.006128181161436257,-0.320527178174865,-0.2876879757530066,-1.5545110516528327,-0.36568717878832907
15,195,1,0.31862745098039214,0.3323127420397925,0.4940977990627289,0.005759817885509675,-0.9551633924377051,-1.2858634026742788,-1.3340895726322166,-0.3301680007664177
15,196,1,0.3202614379084967,0.336517032519351,0.4868926405906677,0.00501733308314333,-0.4029015521892941,-0.09185770162150901,-1.9020579276235754,-0.7647028788731947
15,197,1,0.32189542483660133,0.33286553905217403,0.49569663405418396,0.003892434337800442,-1.2444612195092581,-0.26692759689371826,-1.2080565806417447,-0.6457934655510715
15,198,1,0.3235294117647059,0.3343117280442925,0.48490458726882935,0.004065987235729112,-0.5495675546638107,-1.066899666060526,-2.0587722288034964,-1.0359606563786143
15,199,1,0.32516339869281047,0.3328287836279261,0.47920888662338257,0.005417458959151274,-0.3341813186832596,-1.1103405536815034,-2.507753016479663,-0.9864184852822528
15,200,1,0.32679738562091504,0.3302877647897176,0.4924093186855316,0.008087488194393174,-0.9829183042187877,-0.6013026285984273,-1.4671891326197684,0.07525470228216735
15,201,1,0.3284313725490196,0.3319880794833464,0.49399349093437195,0.004831117480535437,-1.687924965655733,-0.3168608211761457,-1.3423119755543507,-0.5225881025323498
15,202,1,0.3300653594771242,0.33237803001440414,0.4878609776496887,0.004220541145091379,-0.9555839214040852,-0.5077873789415126,-1.8257258374104377,-0.8880991770397582
15,203,1,0.33169934640522875,0.33775897853509257,0.48087164759635925,0.002574320168025787,-0.6318665234842682,-0.3192043643390757,-2.3766808661269123,-1.497374394284344
15,204,1,0.3333333333333333,0.34033782597506157,0.48637762665748596,0.0029901305962465445,-2.025073188701798,-0.5460192987759777,-1.9426554547371182,-1.196049456082433
15,205,1,0.3349673202614379,0.34369012296698476,0.49233272671699524,0.0038299122918336996,-1.159818889276145,-0.2908980390770199,-1.4732267256225924,-0.791055885502256
15,206,1,0.3366013071895425,0.3494627025663935,0.49210023880004883,0.006676981020332857,-0.5919945770719043,-0.19149439105274346,-1.4915532871070405,-0.2229303242406705
15,207,1,0.3382352941176471,0.3484382745755554,0.4940766394138336,0.00274249532155144,-0.43252709282082574,-0.18383356508316573,-1.335757545796421,-0.9428125247842094
15,208,1,0.33986928104575165,0.3521632579616229,0.48094502091407776,0.0027840594391044765,-0.8733893597752806,-0.8977050400623289,-2.3708969929856853,-1.4519544569978617
15,209,1,0.3415032679738562,0.357633391718587,0.48876550793647766,0.004950320027772971,-1.247564433261166,-0.06483802750772846,-1.7544235085276685,-0.7044736409631036
15,210,1,0.3431372549019608,0.35130080774777134,0.49569156765937805,0.0048680811309432265,-0.4759082809526368,-0.2142536743745309,-1.2084559544979627,-0.4481651191127233
15,211,1,0.34477124183006536,0.35536492612447945,0.48650267720222473,0.0025143918392207813,-1.3077725804477147,-1.0133329651935559,-1.9327979682624683,-1.2875843750639375
15,212,1,0.3464052287581699,0.3590996557476544,0.48731350898742676,0.0025531349757355487,-0.6852127980194022,-0.6577807059157039,-1.8688817064617531,-1.2477704519270518
15,213,1,0.3480392156862745,0.3579233365059826,0.48925361037254333,0.0029354160770160265,0.5238108805229754,-1.2634487580529223,-1.7159473613680363,-1.0937896556067048
15,214,1,0.34967320261437906,0.3518471757605398,0.49283888936042786,0.00831948794410703,-1.2883789445981748,-0.935953371263481,-1.4333269281284422,0.13922747426935733
15,215,1,0.35130718954248363,0.3533058072206988,0.49371516704559326,0.006997448487140125,-0.5473663030397937,-0.8872313058425677,-1.3642516958085824,-0.09429961048788849
15,216,1,0.35294117647058826,0.3562533462799825,0.4859350025653839,0.0046652951873695486,-1.3766030215449385,-0.8965660912142382,-1.9775466342227,-0.873828561031592
15,217,1,0.3545751633986928,0.3718578727092242,0.49308764934539795,0.0127809740942484,-1.8287992691932775,-0.061824900583961395,-1.4137176717881412,1.0536699664466982
15,218,1,0.3562091503267974,0.36827347038182223,0.49231967329978943,0.008354035314371986,-1.0370099300943332,-0.44299202098717083,-1.4742557006168482,0.12576812136871052
15,219,1,0.35784313725490197,0.3692004339600861,0.4798301160335541,0.0059452545283213715,-1.9399233235092606,-1.9082415083723885,-2.4587827339334103,-0.8549143283137919
15,220,1,0.35947712418300654,0.3716040105633677,0.4860685169696808,0.0036693907127444275,-0.08302981916202834,-0.6510290696605963,-1.9670219584823683,-1.0705018263127495
15,221,1,0.3611111111111111,0.3834869841492095,0.49560001492500305,0.009008555072409564,-1.4685799569916733,-0.8836864506381359,-1.2156728750056187,0.38777391138759
15,222,1,0.3627450980392157,0.38323028669496345,0.5037626028060913,0.006821824919925199,-0.3145991698487905,-0.21121428926406433,-0.5722322582209798,0.2660996136482976
15,223,1,0.36437908496732024,0.380368405450756,0.5063976645469666,0.00478041371090983,0.38195630946380005,0.6711822279524589,-0.36451556634404986,-0.043970900334831725
15,224,1,0.3660130718954248,0.3868393979108329,0.5023099184036255,0.0037929764461770315,-0.8566117041166011,0.17856879864991695,-0.6867444890885528,-0.40530410226748514
15,225,1,0.36764705882352944,0.3869702960362581,0.49397850036621094,0.0023586071118383324,-0.605840130764996,-0.8850485940731722,-1.3434936523171603,-1.0245200688253375
15,226,1,0.369281045751634,0.3838902062807636,0.5003107786178589,0.0047063724156139065,-0.3311796119232366,-0.4002929271404542,-0.8443327142361976,-0.2988925342727443
15,227,1,0.3709150326797386,0.3877972405608653,0.4955439567565918,0.00238777055389286,-0.19918862027549925,-0.14485985147444003,-1.2200918292617715,-0.9569058017386509
15,228,1,0.37254901960784315,0.384116917602386,0.4925536513328552,0.006501849767968875,0.25835559574528655,-1.5464069779266822,-1.4558116762335125,-0.2405701887304369
15,229,1,0.3741830065359477,0.3871198799496463,0.5035526752471924,0.003470852082591967,0.9870452884888483,-0.8900179559060516,-0.5887804314162691,-0.4216379539275844
15,230,1,0.3758169934640523,0.3835194276127655,0.49045783281326294,0.006456115658824689,-0.5224332856331098,-0.8769971775764395,-1.6210208942609867,-0.33244812179274397
15,231,1,0.37745098039215685,0.3959220629469754,0.5004884600639343,0.006039214342384759,-0.12594987553070547,-0.1941661615494171,-0.8303264381728366,-0.021634321336257423
15,232,1,0.3790849673202614,0.39366383917399256,0.4986611008644104,0.003727793294000794,0.11381833990058339,0.322128869882732,-0.9743735403367153,-0.5623355573113964
15,233,1,0.380718954248366,0.3928012091527046,0.4995425045490265,0.0035937769073798287,0.3684964823398707,0.0875251008160923,-0.904894235644682,-0.554769876519883
15,234,1,0.38235294117647056,0.38694572980277797,0.4962182641029358,0.008775387092006414,-0.32723534023856865,0.24463767865918426,-1.1669375182571409,0.36486304251360024
15,235,1,0.3839869281045752,0.3974664876254165,0.5011002421379089,0.004157533660641295,-0.7373525894509906,0.0717701887963952,-0.7821008704055311,-0.3790624714353456
15,236,1,0.38562091503267976,0.4035106153313452,0.5020366907119751,0.006546816719447386,-0.4747888038421355,0.7238430213782964,-0.7082824862285887,0.14231217680127928
15,237,1,0.3872549019607843,0.4096631536434096,0.500495433807373,0.010237660992173643,-0.787436139246969,0.11083580605856914,-0.8297767118060424,0.8299429288987756
15,238,1,0.3888888888888889,0.4050298634515312,0.49420127272605896,0.00549259501737011,-0.6231369221821722,-0.7984983284382986,-1.3259329489334595,-0.38027341077841736
15,239,1,0.39052287581699346,0.40842483279559577,0.4980900287628174,0.002669354474451796,-0.9201811828344223,-0.5285313464341138,-1.0193900217064107,-0.7994592424191204
15,240,1,0.39215686274509803,0.4036716736429473,0.49517279863357544,0.007229924835698011,-1.5721344899128156,0.005327129626660084,-1.2493494881167024,0.010289801158230083
15,241,1,0.3937908496732026,0.40100496859084983,0.5054155588150024,0.009936894465696013,-0.6372231924560194,-0.17034998621297498,-0.4419330137429092,0.9628795414147109
15,242,1,0.3954248366013072,0.4111253695263013,0.4943549633026123,0.0038923063726023894,-0.3999839512225471,-0.3884406381189696,-1.3138178255421893,-0.6987000349973256
15,243,1,0.39705882352941174,0.4069789050176959,0.4943205714225769,0.004611463638555597,-0.7381240425893153,-0.0004989055472904084,-1.316528869248516,-0.554234888341511
15,244,1,0.39869281045751637,0.410033185217141,0.4929181635379791,0.0025521888248106806,-0.5278015554039335,-0.16169134914881644,-1.4270779019076203,-1.0270603969230456
15,245,1,0.40032679738562094,0.40617262858861025,0.5016065239906311,0.0053574606725616414,1.441086063189723,-0.35550302517779037,-0.7421916758794698,-0.11580342975668961
15,246,1,0.4019607843137255,0.4143745217593475,0.5062411427497864,0.0033235271207522976,0.6321246412636324,-0.016719900380903555,-0.3768538692432065,-0.34554717144543773
15,247,1,0.4035947712418301,0.40640192519983254,0.5023931860923767,0.0072323671190410044,-0.987373011062648,0.2967273565243078,-0.680180662298712,0.2953694261809367
15,248,1,0.40522875816993464,0.40813316048772946,0.49732229113578796,0.005373608085991726,-0.894488313088486,-0.4279559268283724,-1.0799092564712958,-0.28138807303005275
15,249,1,0.4068627450980392,0.40409619826581233,0.4965696334838867,0.008918842916242483,-0.19593749633541635,-0.2639079054232763,-1.1392397666994378,0.4077998871998967
15,250,1,0.4084967320261438,0.4111770284670727,0.49636679887771606,0.004010423800277853,-0.9378085970251662,-0.8145289514183404,-1.155228816496022,-0.5954553278111744
15,251,1,0.41013071895424835,0.4029815919682738,0.5084948539733887,0.008714968310012812,-0.6587136727379235,0.49298760846300965,-0.19919828244959897,0.8364817834563667
15,252,1,0.4117647058823529,0.41225115001181684,0.5124063491821289,0.003906996114813979,-0.8021140502735165,0.9975485127138218,0.10913712861447507,0.01575602288791718
15,253,1,0.4133986928104575,0.4132011715540109,0.5190796852111816,0.0032387006265659018,-1.1999750552657864,0.9028943142088166,0.6351829749928386,0.14327131864778903
15,254,1,0.4150326797385621,0.42365696800045144,0.5103740096092224,0.009509750326982992,-0.8825510908428292,1.1753558239494535,-0.051068169920386146,1.0717016392624774
15,255,1,0.4166666666666667,0.42591323575885076,0.5013931393623352,0.008646033202037618,-1.2716244905376404,-0.17171869419468616,-0.7590123630001785,0.5425970445543966
15,256,1,0.41830065359477125,0.4290133850891871,0.5158283114433289,0.0060132715847297635,0.05103481531992779,-0.34688377539368104,0.3788836281359848,0.5777104016699917
15,257,1,0.4199346405228758,0.4313361199394314,0.5035319924354553,0.0041454476656314476,0.5190429521041562,-0.8346197465167917,-0.5904108164528294,-0.2856680737655014
15,258,1,0.4215686274509804,0.42942915307220875,0.5026889443397522,0.0022952562979462756,-0.28852057353369187,-0.4476758250396933,-0.6568666261274951,-0.6940519491787421
15,259,1,0.42320261437908496,0.4322577279248689,0.5072540044784546,0.001475118704920615,-0.2565313700911276,0.06914108785310824,-0.2970119876113065,-0.680420679124616
15,260,1,0.42483660130718953,0.4336393540529879,0.4927837550640106,0.0015215322477306376,-0.5382915779652894,-1.408088697213754,-1.4376730553872845,-1.2413401228924812
15,261,1,0.4264705882352941,0.43163879563404284,0.5032560229301453,0.004271275286506284,-0.08270499678799687,-0.5726221241759036,-0.6121649453268185,-0.271031570222976
15,262,1,0.42810457516339867,0.43199775300042953,0.5032545328140259,0.0039879868437724415,0.4722163266477969,-1.2238711061501082,-0.6122824082257062,-0.3285315764199714
15,263,1,0.4297385620915033,0.4297888981921789,0.49923014640808105,0.006838991634078253,-0.877490242247428,0.26067814845923837,-0.9295168085095071,0.09093816509428299
15,264,1,0.43137254901960786,0.42650633716642805,0.5031864047050476,0.009504345226656623,-0.018433669726286357,0.0623500643179513,-0.6176528119628486,0.7873133474706464
15,265,1,0.43300653594771243,0.4340502373998047,0.5066270232200623,0.003533121188236272,-0.402753642001119,-0.48039024339392683,-0.3464356769472658,-0.287839516938999
15,266,1,0.434640522875817,0.4387549572412703,0.5205047130584717,0.003941652246504619,0.4180057925817578,1.2422945063931414,0.7475150944570572,0.3419720922759855
15,267,1,0.4362745098039216,0.43787688134835734,0.5300405621528625,0.002645226056353413,0.4766652330921209,0.7796154099280241,1.4992071695985585,0.4549469295261423
15,268,1,0.43790849673202614,0.43382648545397157,0.5081498622894287,0.004979588413400272,0.04859574731492357,0.7656001027771686,-0.22639329280006312,0.06547610145200926
15,269,1,0.4395424836601307,0.43628254559641066,0.5106955766677856,0.004468210574199726,0.2985842667291314,-0.07570563452798204,-0.02571967634043553,0.0621228520223734
15,270,1,0.4411764705882353,0.4376709685968565,0.5259912610054016,0.0034831796884933664,-0.39485059763294245,0.469873839620779,1.1800087896453564,0.46525627639261424
15,271,1,0.44281045751633985,0.4390617135960718,0.5213920474052429,0.0016679135931472583,0.7124833764392056,0.8127466769961121,0.8174619014866633,-0.0840914792132943
15,272,1,0.4444444444444444,0.4406168047861753,0.5215039849281311,0.00033810569782720564,0.8312610579433053,1.2462463634914156,0.8262857144511021,-0.3493194491036848
15,273,1,0.44607843137254904,0.44180535220902234,0.5171991586685181,0.0008471381080311246,1.8727807986770932,1.667522864078104,0.48694479659664913,-0.41577542371323295
15,274,1,0.4477124183006536,0.44384817143496136,0.5247920751571655,0.00035753371357954554,0.8609127003727501,2.025894596152814,1.0854793471365471,-0.21578329100786997
15,275,1,0.4493464052287582,0.43940785839314894,0.5313878655433655,0.006169634286583627,-0.031641179470387686,0.9457312635357055,1.6054124242567984,1.222679845057277
15,276,1,0.45098039215686275,0.4450025506814676,0.5246596336364746,0.002609927907058603,0.47391874391169403,1.3594716645396387,1.0750392446834145,0.23570570123676848
15,277,1,0.4526143790849673,0.44446261044670343,0.5109828114509583,0.003127438063628769,0.19055472556575184,1.4386204037985921,-0.003077527950855914,-0.19841920173270966
15,278,1,0.4542483660130719,0.44488398077210783,0.5354322195053101,0.002732171025711894,0.6578552136065545,1.2694684473537816,1.9242208273856936,0.6850832452587836
15,279,1,0.45588235294117646,0.4459834011748793,0.5163783431053162,0.00170033107165256,1.4731419712269547,0.8530070417531131,0.4222415333733869,-0.2751284996368669
15,280,1,0.45751633986928103,0.4466852572106203,0.5084378719329834,0.0026423607313441223,-0.3594391584639751,0.964456632925783,-0.20369006370306195,-0.39708267772037087
15,281,1,0.4591503267973856,0.44320956602676004,0.50758957862854,0.006538728547492547,0.42268381480776474,0.6494076266319024,-0.2705593427818121,0.35953374195405063
15,282,1,0.46078431372549017,0.44586283182316355,0.5240232348442078,0.004049938109669967,0.7968211856966642,0.7829239414521605,1.0248731898264853,0.5026078352544799
15,283,1,0.4624183006535948,0.441527360675418,0.525553822517395,0.008152385556612686,-0.6835074805557368,0.8459632831709736,1.1455263810479037,1.3947714400390083
15,284,1,0.46405228758169936,0.4443405371787105,0.5180928707122803,0.004782890745466128,0.500635384175783,0.9815900997472036,0.5573943448334943,0.4174863137334406
15,285,1,0.46568627450980393,0.4463677780272325,0.5258467197418213,0.0024989178682187202,-0.18903502088724744,0.5029985421421922,1.1686148884532563,0.25998445752338323
15,286,1,0.4673202614379085,0.4472024356461961,0.5303276181221008,0.0018575216345940566,-0.45857378693847484,0.3974504784302339,1.5218352224402716,0.30654125233504803
15,287,1,0.46895424836601307,0.4459568926647739,0.5201046466827393,0.0031471173902902646,-0.5476737242152164,0.6672402176741971,0.7159786553637062,0.16509918899466733
15,288,1,0.47058823529411764,0.4512512165870733,0.5301336646080017,0.0011447935586546439,-0.21777020018996066,0.6539568574775899,1.5065462515210577,0.1543797197441047
15,289,1,0.4722222222222222,0.4474369964405615,0.5171532034873962,0.004502066463932296,-0.7043599168886504,0.3114385056227,0.4833222407949546,0.3235086351666873
15,290,1,0.4738562091503268,0.45027650478816933,0.5185906291007996,0.0025007204588256516,-0.2678073467896489,0.40058504946748613,0.5966316515779183,-0.02564165676130703
15,291,1,0.47549019607843135,0.44966603145275325,0.5200192928314209,0.003308853340566147,-0.18103046952718602,1.2329268982880965,0.7092503805154228,0.19452960918360065
15,292,1,0.477124183006536,0.44688544388997714,0.5264922976493835,0.007016725600337075,0.25242178701967577,1.3555591947214138,1.2195045147673333,1.2014872386400925
15,293,1,0.47875816993464054,0.45224316918869356,0.5249764919281006,0.002397523342069853,-0.6489167979211526,1.1242376989922112,1.1000165555028802,0.20512592484811715
15,294,1,0.4803921568627451,0.45032392858444664,0.5261963605880737,0.0037097903965913515,0.4504242255900065,0.9399380510951294,1.19617638304825,0.5192890282260684
15,295,1,0.4820261437908497,0.45261937368682975,0.5319991707801819,0.002023853476390744,0.321408838904379,0.7768517357779022,1.6536004038964598,0.40615029138453146
15,296,1,0.48366013071895425,0.4530339291333596,0.5181179642677307,0.0017285318773020853,-0.7991964493067694,1.0529762625631187,0.559372420050762,-0.20084489070771572
15,297,1,0.4852941176470588,0.4524746863486651,0.5148381590843201,0.0038248959728421363,-1.1054633452216989,0.6713168011592937,0.3008318810831322,0.09495627873036884
15,298,1,0.4869281045751634,0.45402086825534677,0.522477924823761,0.0023365933561533703,-0.7621521976683402,0.9689730410380962,0.9030594651640572,0.09429284792436449
15,299,1,0.48856209150326796,0.4550689521846661,0.5145605802536011,0.002212744344559108,-0.022534552198433762,1.3949202165839572,0.2789508922783444,-0.24287381173621117
15,300,1,0.49019607843137253,0.46990455900409445,0.5263552665710449,0.012010467850410196,-0.7365086313184623,0.7409469477396801,1.2087026265856269,2.2086476183954344
15,301,1,0.4918300653594771,0.4718072610637083,0.5365428328514099,0.009695512442340333,-0.9199520670527394,0.4071397493223476,2.011768275184622,2.1407861096963066
15,302,1,0.4934640522875817,0.47413230240421067,0.5287668704986572,0.007187410104081899,-1.2621669390937418,0.7638276751749526,1.3988045821453676,1.3257462926623798
15,303,1,0.4950980392156863,0.4766881639461378,0.5219516754150391,0.004715413108793044,-1.3888969683620764,0.6075323833928825,0.8615762677929018,0.5558951022658501
15,304,1,0.49673202614379086,0.47424068655620033,0.5228295922279358,0.0031368672215123395,0.5101712410134215,0.9668297165487499,0.930780709301538,0.27042182986600866
15,305,1,0.49836601307189543,0.494321871486389,0.5213295221328735,0.015860285820649897,0.08838938833354772,-0.19938169388260432,0.8125331582493384,2.791175215681863
15,306,1,0.5,0.5006944657685028,0.5206876397132874,0.01660422749709352,3.8975436660037004,0.7684852210407757,0.7619348399245027,2.9167221617130163
15,307,1,0.5016339869281046,0.5066233069449171,0.5117446184158325,0.015892527832434708,5.207430492082388,2.052654970672937,0.0569742044764562,2.419933323737019
15,308,1,0.5032679738562091,0.5088345353859764,0.5205698609352112,0.010619970523799245,0.6688382701284938,1.6485972760144427,0.7526505723964244,1.6986759594818974
15,309,1,0.5049019607843137,0.5109065142623499,0.5091577172279358,0.004043487192728663,1.1047150936815193,0.4634110434193658,-0.1469460865084255,-0.08460982977359548
15,310,1,0.5065359477124183,0.5123807747556375,0.5100842714309692,0.0014833531800172205,4.594670484670615,0.8275431652012777,-0.07390765598009698,-0.5671988414301964
15,311,1,0.5081699346405228,0.5141785690891179,0.5322224497795105,0.00030956953460872414,8.11109019854397,2.161889027342837,1.6712010446657823,0.06735205128809085
15,312,1,0.5098039215686274,0.5144901784275554,0.5828475952148438,0.001329402118889893,8.677011979700312,4.215315332250071,5.661880872958179,2.2694793765438845
15,313,1,0.511437908496732,0.5162404756768567,0.6191296577453613,0.0010192678199989992,11.254854543609945,6.508912141804239,8.521923917265667,3.636616196097995
15,314,1,0.5130718954248366,0.5183064290057054,0.6093900203704834,0.0006549653043557542,12.510928162990828,7.888221866395346,7.754167616072293,3.1788698682811436
15,315,1,0.5147058823529411,0.520435725552123,0.5975441932678223,0.0006543378361766129,12.518094556617898,8.227589235846297,6.820384555075187,2.711851108546814
15,316,1,0.5163398692810458,0.5212601962329527,0.5908377766609192,0.00035248810578229924,12.517070786099746,6.2744659218577965,6.291731032341518,2.386319473699333
15,317,1,0.5179738562091504,0.5224494237806188,0.5804283618927002,0.000855765009465591,11.178556088109765,6.885900928248891,5.471177507356133,2.0780901742785094
15,318,1,0.5196078431372549,0.5236354115929435,0.5693129301071167,0.0012220142230813958,11.717421905629147,5.922986963791704,4.594970060877788,1.7142493524918532
15,319,1,0.5212418300653595,0.5254741067396118,0.575255811214447,0.000786015861921753,11.954289921292297,5.205153784894255,5.063435594221435,1.8600764595075105
15,320,1,0.5228758169934641,0.5260751975799749,0.5819398760795593,0.0013740691797316674,11.439597268840348,6.192757009395642,5.59032717347179,2.2427594896941203
15,321,1,0.5245098039215687,0.5284919801454647,0.5872503519058228,0.0005205317991073224,12.980174685076053,6.648441581378681,6.008941452527527,2.278998237463374
15,322,1,0.5261437908496732,0.5288036711982129,0.5974743366241455,0.0013599849894606764,14.061270551845853,8.374602258630096,6.814877894375336,2.8521790547059327
15,323,1,0.5277777777777778,0.5308681217562913,0.599233865737915,0.0007709281771038869,13.183411984227872,9.350966979224099,6.953578085381849,2.8020884350357385
15,324,1,0.5294117647058824,0.5311867694135308,0.5934049487113953,0.0016174554296300037,11.100935141515315,8.105291731293399,6.494096114545128,2.743994425485461
15,325,1,0.5310457516339869,0.5338536587474972,0.5118203163146973,0.0007130072864008032,3.455544520740135,1.3295537430689015,0.06294131973994782,-0.6549743372293823
15,326,1,0.5326797385620915,0.5349912793381933,0.519218921661377,0.0006357202069259032,2.439833657743009,0.2229878037254505,0.6461587082648987,-0.3790368377523735
15,327,1,0.5343137254901961,0.5385842537302056,0.521679162979126,0.0016148142431525302,3.1620327034054774,2.1559152898687017,0.8400946528443319,-0.08354184827889427
15,328,1,0.5359477124183006,0.5393768963910908,0.5232570767402649,0.0009309990147515255,2.9317684426143775,0.3783279539663265,0.9644784657344214,-0.16000444546302084
15,329,1,0.5375816993464052,0.5408348739480472,0.5191580653190613,0.0005812601396314891,1.364712202495572,1.264423593234141,0.641361523474328,-0.39247808214588276
15,330,1,0.5392156862745098,0.5421033215942965,0.5162303447723389,0.0007484218202742564,2.146252235613916,-0.05124285134406484,0.41057511825586746,-0.47397657329988785
15,331,1,0.5408496732026143,0.5451571955672789,0.5305275321006775,0.0007969917981972631,1.933992414983418,0.39430934284630675,1.537594044955036,0.0993812319708639
15,332,1,0.5424836601307189,0.5542019232860174,0.513451099395752,0.008089369237664136,0.6793572946875311,0.5131670249415717,0.19149271628257042,0.9049770384220617
15,333,1,0.5441176470588235,0.563855414013307,0.5234121084213257,0.01403660324122209,0.06303874216025177,-0.18148673964689835,0.9766993057346904,2.503477400778629
15,334,1,0.545751633986928,0.5696298459021674,0.5130197405815125,0.014055900113767545,1.5461893027870512,-0.6599305949517251,0.1574895563125792,2.0977852764323788
15,335,1,0.5473856209150327,0.5688661991316291,0.5240001082420349,0.007641342086165657,0.4791942072899374,0.7611821628649785,1.0230501656357494,1.2299110733003946
15,336,1,0.5490196078431373,0.5797486806633684,0.5173622965812683,0.011365852906913316,0.9527765280285274,-0.1734123472368036,0.49980463476686693,1.723492605260459
15,337,1,0.5506535947712419,0.5778434627501918,0.5189408659934998,0.004875451040622262,1.6958628124211272,0.1983740359680112,0.6242401313324669,0.46967729117820495
15,338,1,0.5522875816993464,0.5860810117926403,0.504071056842804,0.007814482507626242,-0.3682615661586515,-0.5087425204827067,-0.5479174381512403,0.479534268441609
15,339,1,0.553921568627451,0.5862904337850096,0.505522608757019,0.004655298465827632,0.8620553790813966,0.6594612298644716,-0.43349447908682187,-0.10382947906969502
15,340,1,0.5555555555555556,0.5944321628677234,0.5075849890708923,0.007696783446745998,0.12030898698167668,-0.270840066711943,-0.270921128510386,0.59416705117588
15,341,1,0.5571895424836601,0.5943304861499192,0.5091277956962585,0.004823970971390149,2.29634917441414,0.5805192738257768,-0.14930474151808912,0.07246644515086977
15,342,1,0.5588235294117647,0.6021326014624852,0.5104000568389893,0.007604595640487167,0.31833172695038436,-0.7952652892009233,-0.04901491844783037,0.6864276001092632
15,343,1,0.5604575163398693,0.6018055408139961,0.5103079080581665,0.004277064333416378,-0.4495889680567827,-0.5444503721206828,-0.056278824115041426,0.008085312480560311
15,344,1,0.5620915032679739,0.6049159381985372,0.5111759901046753,0.0028023827030752807,0.9305783990031977,0.4895609150987255,0.012150362260936479,-0.25671544376162664
15,345,1,0.5637254901960784,0.601570868631423,0.5140348076820374,0.0036943607001982876,0.41379470251842115,0.10732377358751166,0.23750528303483295,0.03682485983580659
15,346,1,0.565359477124183,0.6047600155105666,0.5014192461967468,0.002836380944155471,-0.8440074359242726,0.3449045645712066,-0.7569544130116672,-0.6343741428027481
15,347,1,0.5669934640522876,0.6031115309598725,0.49808016419410706,0.004396042001933097,-0.5172564290469831,-0.9769489652480678,-1.020167626097047,-0.44973445822147257
15,348,1,0.5686274509803921,0.6067012646594392,0.5096011757850647,0.0020972849640870568,-0.3998041388369225,-0.2146442649016859,-0.11198912779946672,-0.4617550627416543
15,349,1,0.5702614379084967,0.6055354374555229,0.507178783416748,0.0027449646579773158,-0.1330669657617166,-1.4370186544099228,-0.30294151474715403,-0.42590381169947067
15,350,1,0.5718954248366013,0.6053710058524824,0.49056440591812134,0.003900538467042762,-1.2286754321712818,-1.1228886846505246,-1.6126199477325434,-0.8464319069299165
15,351,1,0.5735294117647058,0.6031533895622132,0.5074595808982849,0.0062709023427908895,-0.6961494513450512,-0.2134987515069204,-0.28080680608076897,0.30010395227976294
15,352,1,0.5751633986928104,0.6058197315262612,0.505587637424469,0.004099299576717088,-0.7641910381053414,-1.2237923315900097,-0.4283683981793657,-0.21400412971456995
15,353,1,0.576797385620915,0.6073373388665111,0.5027503371238708,0.002271216188662693,0.16992850481475302,-0.8355584766912986,-0.6520271546933247,-0.6965067311405049
15,354,1,0.5784313725490197,0.6047596075754358,0.5062092542648315,0.004905241049606062,-0.11838035413586477,0.10334565830253814,-0.37936757527940185,-0.026086160075824427
15,355,1,0.5800653594771242,0.6047529568384853,0.5083215236663818,0.004759042217294911,0.3594594598623521,-0.06953167838026324,-0.21286156684820812,0.027522686356583087
15,356,1,0.5816993464052288,0.6068896838412502,0.5096698999404907,0.0032416741003455053,0.5117489496872887,0.017028434074622623,-0.10657173890276922,-0.2270031188067925
15,357,1,0.5833333333333334,0.6090147668254134,0.5053174495697021,0.0018113693098227974,0.3563678469095168,-0.9985135010750282,-0.4496667710056708,-0.6885678683616387
15,358,1,0.5849673202614379,0.6098278237063786,0.5125258564949036,0.0007709122369424936,1.1615561089372597,1.0741994419629857,0.118557653105263,-0.6154250132259029
15,359,1,0.5866013071895425,0.6106700106450516,0.5102973580360413,0.0011957793310051913,-1.1052806326363063,0.1666804046217205,-0.05711046143916585,-0.6171104537535284
15,360,1,0.5882352941176471,0.6131045705991629,0.5097213983535767,0.0006088663709561084,0.8780499808026787,0.11903492485548652,-0.10251222111721271,-0.7588173483305144
15,361,1,0.5898692810457516,0.6151289499670857,0.5271259546279907,0.0005686690176129684,0.6609874293561437,0.16081498216772078,1.2694544378903092,-0.0809846768459268
15,362,1,0.5915032679738562,0.610611124920612,0.5073142051696777,0.005816195981982563,0.043732112303755816,-0.591984254593444,-0.2922664864962462,0.20217510547439244
15,363,1,0.5931372549019608,0.6114708797652344,0.5037520527839661,0.0051522664409185005,-0.016545639677228392,-0.2367766340160229,-0.5730638955451042,-0.07284596067284155
15,364,1,0.5947712418300654,0.606548533975312,0.4997234642505646,0.010274829510886556,-0.014799719416809201,0.5954339238710901,-0.8906295412037682,0.8070530274256
15,365,1,0.5964052287581699,0.6104972688556987,0.49754226207733154,0.0058125564800955674,0.3014554644995882,-0.8929194855363458,-1.0625693833375036,-0.18371431031905827
15,366,1,0.5980392156862745,0.611196947122816,0.5178252458572388,0.0034559006340551574,0.49058039157964795,0.1094441221634959,0.5362980081932759,0.1378696199159596
15,367,1,0.5996732026143791,0.6088752480269052,0.5062390565872192,0.005297641576034977,0.9775964376442541,-0.16032264116710523,-0.3770183173016492,0.054653968416553234
15,368,1,0.6013071895424836,0.6142563384383098,0.5068053603172302,0.001567608494074363,1.4919584673226352,1.0785484541350896,-0.3323777172083942,-0.6793497559505421
15,369,1,0.6029411764705882,0.611474468354166,0.49852368235588074,0.003976464429941333,2.0182229168494557,0.3658159280040171,-0.9852059688721326,-0.5173297109277762
15,370,1,0.6045751633986928,0.6131064111192528,0.512633204460144,0.0025888215394713355,2.461364740821667,0.41166272198133563,0.1270196803411279,-0.24258373543705464
15,371,1,0.6062091503267973,0.6102725491506139,0.5286456346511841,0.0059000495072194115,2.84397069503353,1.3882440726156107,1.38924780069187,1.0599348960356125
15,372,1,0.6078431372549019,0.6140782525442063,0.5002132654190063,0.0034976266567154036,-0.4049896960223536,-1.6633871996729332,-0.8520194863394042,-0.5478285071125064
15,373,1,0.6094771241830066,0.6120971320964779,0.49275556206703186,0.004380270368756755,0.24085289014457253,-0.008169578336880437,-1.4398954534342385,-0.6627963234399347
15,374,1,0.6111111111111112,0.6157020643443819,0.5055921077728271,0.0020526420387268125,-1.3291035497423713,-0.9473920938444486,-0.4280160094827028,-0.628820572620771
15,375,1,0.6127450980392157,0.6156609887130196,0.5236181616783142,0.0017051284330762179,0.46565607477226834,-0.19878760240852825,0.9929420753928719,0.01119451333488547
15,376,1,0.6143790849673203,0.619332572687539,0.5081641674041748,0.0014719067567163036,0.5121056742587696,-0.14722637055073204,-0.2252656489707419,-0.6451987838114845
15,377,1,0.6160130718954249,0.6175721153250959,0.5036363005638123,0.00237055630843354,-0.16717331503502175,-0.27069236441175837,-0.5821884135306953,-0.641444558197948
15,378,1,0.6176470588235294,0.6283014874348636,0.5056672096252441,0.0069900699941795996,-1.0839873659386356,0.3223454999230028,-0.4220958793787662,0.3752821899533375
15,379,1,0.619281045751634,0.6255059253813742,0.5108407735824585,0.0032913296294494513,-0.5123579916385976,-0.530320185403017,-0.014274091472824834,-0.17078584026016802
15,380,1,0.6209150326797386,0.6349691878748848,0.5093556046485901,0.00804668049449171,-1.3283146954054377,-0.22700202401713582,-0.1313470135361482,0.7349013462522207
15,381,1,0.6225490196078431,0.6358566166255903,0.5051321387290955,0.005430137507643044,-0.9161441047571739,-1.3418918085443268,-0.4642744571113365,0.03789157342941968
15,382,1,0.6241830065359477,0.6461439679398172,0.5139197111129761,0.010741181437464121,-0.11048020996745633,-1.4682002511155734,0.22843244872475238,1.461144354202478
15,383,1,0.6258169934640523,0.6437804994033887,0.502492368221283,0.005947723477646416,0.7439070409269829,-0.2030020413737972,-0.6723623317487514,0.03879649184774142
15,384,1,0.6274509803921569,0.6433301443519088,0.49734872579574585,0.0030768728414127416,-0.1959258955363438,-1.4212013791968146,-1.0778254646450292,-0.7460460797783071
15,385,1,0.6290849673202614,0.6499523331351411,0.4979602098464966,0.004072550588032952,-0.44570850076701385,-1.408974911014862,-1.029623389457501,-0.5200554117721616
15,386,1,0.630718954248366,0.6432865967518182,0.4858175218105316,0.006759621628920619,-0.6882986105727011,-1.2584597025800182,-1.9868074091710006,-0.4538006766071494
15,387,1,0.6323529411764706,0.6416156638689916,0.4870586395263672,0.007716211714747472,-0.22408103488542938,-0.9943581430298332,-1.8889725606874934,-0.21091927201202443
15,388,1,0.6339869281045751,0.6437771097824355,0.48478585481643677,0.005245383439791275,-0.964183013716615,-2.0458212775843934,-2.068131672586863,-0.8014988843922595
15,389,1,0.6356209150326797,0.6427360402740525,0.48599645495414734,0.006166367783718972,-0.9469384258952652,-1.69217930138893,-1.972702464272574,-0.5670399350468158
15,390,1,0.6372549019607843,0.6454662112933778,0.4839518368244171,0.0021483126241492135,-0.3805468123764849,-1.8776999549675382,-2.1338756570942694,-1.4623516510013117
15,391,1,0.6388888888888888,0.642551241776862,0.48901328444480896,0.005091996701027267,-0.926744334909719,-1.0471174046557938,-1.7348917777006332,-0.6659805580352269
15,392,1,0.6405228758169934,0.6508515544788199,0.4967837333679199,0.0029744215239631126,-0.9885736937666572,-0.3241507502585931,-1.122362697387263,-0.7890883437330701
15,393,1,0.6421568627450981,0.6463195042476251,0.4964742362499237,0.00351257824743945,-1.0436484873636014,-0.9790725960973895,-1.1467597414862238,-0.6921669598939453
15,394,1,0.6437908496732027,0.650250870385781,0.48923203349113464,0.002710651371562642,-0.8200198836420016,-0.9261918903579437,-1.717648224143929,-1.140214735486861
15,395,1,0.6454248366013072,0.6535136752514653,0.5067692399024963,0.002991529273600679,-0.7967312795038519,-0.6994426013877905,-0.33522501787743036,-0.39205063338901
15,396,1,0.6470588235294118,0.6557145262622224,0.5004556775093079,0.0022002428449633482,-0.36089795894734866,-1.350901648855591,-0.8329106219483644,-0.8013394483741465
15,397,1,0.6486928104575164,0.6579155879880015,0.5110096335411072,0.0022214617780532252,-0.622333566846398,-1.3108644786855357,-0.0009631957708785685,-0.38106325632190174
15,398,1,0.6503267973856209,0.6564857444749985,0.4988502562046051,0.002107402670043905,-1.0049424212580291,-1.681446267575511,-0.9594627999519195,-0.8834403716815327
15,399,1,0.6519607843137255,0.6657926246168226,0.5052767992019653,0.005640758949475839,-0.3044890734570608,-2.1368748222382306,-0.4528711588873254,0.08630009752470799
15,400,1,0.6535947712418301,0.666194310834265,0.5063673257827759,0.003620761151492628,-1.2248848710743252,-1.5190787701191828,-0.366907110965402,-0.2803048259508605
15,401,1,0.6552287581699346,0.6723698727036198,0.5044156908988953,0.006528323551923022,-2.3611048348371297,-1.545668466425759,-0.5207506188965092,0.23232832418423544
15,402,1,0.6568627450980392,0.6654772397122561,0.49311062693595886,0.0050780424984341235,0.08210755563576039,-1.9661998909648493,-1.411906393887294,-0.5073173044822739
15,403,1,0.6584967320261438,0.6694815618662204,0.49140244722366333,0.0033746969160424983,-1.0995353368956244,-0.6582960228296816,-1.54655881339814,-0.9200241469383089
15,404,1,0.6601307189542484,0.6707787660112999,0.4838375747203827,0.0027994327212172193,0.20417696387669695,-1.0991709775142056,-2.1428827121809726,-1.3348301371119804
15,405,1,0.6617647058823529,0.6789241163906082,0.4975270926952362,0.005271238039129969,-0.4391047458949632,-1.2454881583504676,-1.0637651556481797,-0.29407319128714593
15,406,1,0.6633986928104575,0.6743786086246928,0.4952864646911621,0.002188521698683174,-0.1903923143787361,-0.5150838725706348,-1.2403894181895538,-1.0074554968703737
15,407,1,0.6650326797385621,0.6826918634023408,0.49527525901794434,0.0050566180059605625,-0.8833312445804584,-0.7195465255795915,-1.241272739189189,-0.4263446365582385
15,408,1,0.6666666666666666,0.678083120183788,0.49287599325180054,0.0032657548546040998,-0.5532276067712011,0.13625373078368047,-1.4304021019461401,-0.8840355412291392
15,409,1,0.6683006535947712,0.6817595254235869,0.4952402710914612,0.0031374591807520253,-0.8204839156049037,-1.0318023172633133,-1.2440307680550704,-0.8168638795834361
15,410,1,0.6699346405228758,0.6859847172571754,0.5050230622291565,0.003412218051886006,-1.198185632008845,-0.15223183739032328,-0.472872741309911,-0.3755730988904994
15,411,1,0.6715686274509803,0.6849100436029292,0.5018829703330994,0.002331017542634107,-0.6751781068216439,-0.1589408040920443,-0.7203999588778366,-0.7185674497047008
15,412,1,0.673202614379085,0.6869349216725242,0.500307559967041,0.001228778544075017,-0.4785880655383965,-0.7446493520643088,-0.8445864340977949,-1.0041573204377758
15,413,1,0.6748366013071896,0.6791859777554432,0.5030065774917603,0.009955806406785577,-0.6561933991394113,-1.522265857529834,-0.6318282346006079,0.8717666303249931
15,414,1,0.6764705882352942,0.685615302937281,0.5022512674331665,0.005248860464195782,-0.3920142022597033,-1.3114388765195872,-0.6913678287887699,-0.11241194003555185
15,415,1,0.6781045751633987,0.685319766003675,0.5048720240592957,0.004455378916390255,0.25816998296012567,-1.153686255375695,-0.48477878074116126,-0.17000852457501547
15,416,1,0.6797385620915033,0.6884844309925565,0.5081273913383484,0.0028600166473067485,-0.7423728352496377,-0.9041809653570918,-0.2281646333152886,-0.36518673510433475
15,417,1,0.6813725490196079,0.6884653670544811,0.510044276714325,0.0016745934519117244,-0.7207112431814136,-0.3159516314616757,-0.07706036018624098,-0.529998161563032
15,418,1,0.6830065359477124,0.6896639845643828,0.5055286288261414,0.00155171435579045,-0.6000310306294152,-1.094044066561129,-0.4330199289753158,-0.7328936532589945
15,419,1,0.684640522875817,0.6848573329271606,0.4959748685359955,0.0073705363997881735,-0.0019721358423339715,-0.26215188918774757,-1.1861239081614465,0.07041384068645984
15,420,1,0.6862745098039216,0.6961571959788435,0.5229372978210449,0.004044934921023381,-1.31841921379655,-0.3527590446676931,0.9392709276331359,0.45879222742557796
15,421,1,0.6879084967320261,0.6958268055550838,0.5085476040840149,0.0028104448972067525,0.12411694927724212,-0.4841484463652921,-0.19504009582897686,-0.35867593365625
15,422,1,0.6895424836601307,0.7009224520310509,0.5222333073616028,0.00505164010150831,-0.7388171903339004,-0.4515554721245437,0.8837767556826639,0.6351707609213342
15,423,1,0.6911764705882353,0.6993854908092172,0.5244612693786621,0.003249980947277528,-1.2168281161184373,0.01366738617708724,1.0594025835834933,0.3576683888653827
15,424,1,0.6928104575163399,0.7004120574692216,0.5144439339637756,0.001905410797502076,-0.6148104486478475,-0.18545500811185955,0.26975589655342075,-0.30978811484945623
15,425,1,0.6944444444444444,0.7068945879153112,0.5250667929649353,0.003513404275992989,-0.6623592238464732,-0.18839264274886558,1.1071348071754705,0.4349478049728209
15,426,1,0.696078431372549,0.7115884327701263,0.5246850252151489,0.005440303540751186,0.33687270406809183,0.7852576377950782,1.0770408124804598,0.8106105344665939
15,427,1,0.6977124183006536,0.709251619934518,0.5243393778800964,0.0029735752324797243,-0.6524753430366582,-0.13135657896422462,1.049794118454485,0.2968184650179094
15,428,1,0.6993464052287581,0.717433012631026,0.5204653739929199,0.0061518559355568225,-0.38493481462567797,0.534009460634296,0.7444140739264238,0.7885758241171119
15,429,1,0.7009803921568627,0.7240000642250324,0.5186925530433655,0.008463668739112125,-0.632220347855981,-0.002973739643717829,0.6046661138618322,1.187458963621425
15,430,1,0.7026143790849673,0.7173633257862724,0.5234178900718689,0.0039586023990504215,-0.28710527604684044,-0.368940652221257,0.9771550617823744,0.46022899119011135
15,431,1,0.704248366013072,0.7276359219414488,0.5265167951583862,0.006379434124061707,-1.6560575706034304,0.5395926075812761,1.2214356048250459,1.0732317168660248
15,432,1,0.7058823529411765,0.7174612709826185,0.5158400535583496,0.008391292336501282,0.4558737009543382,-0.9983625165015062,0.3798092357792193,1.0603550482793969
15,433,1,0.7075163398692811,0.72374815765627,0.513969898223877,0.00505174378403255,0.020904639928740098,-0.16134999272172298,0.23238859915928778,0.3094977059541509
15,434,1,0.7091503267973857,0.7272604800369842,0.5031558275222778,0.004198239028294125,-1.3507651418105955,-1.3544760445200597,-0.6200631506480229,-0.2897899454893065
15,435,1,0.7107843137254902,0.7263373994118851,0.5213834047317505,0.0038249153263485,-0.6510484447507342,0.2960282323034338,0.8167806166731151,0.3529345707591399
15,436,1,0.7124183006535948,0.730198449954248,0.5195876955986023,0.002480948669771717,-0.6516632871015795,0.0360721839784315,0.6752284264816095,0.009647683387593253
15,437,1,0.7140522875816994,0.7265260190032445,0.49593350291252136,0.004604584934777155,-0.7180169575968132,-1.1407475338795188,-1.1893846782345672,-0.49205756033663245
15,438,1,0.7156862745098039,0.727238610613387,0.5109951496124268,0.0045864586613783166,-0.2682684785527829,-0.5096878152038886,-0.002104935148066335,0.0979069185912187
15,439,1,0.7173202614379085,0.7326998132282906,0.5150339007377625,0.00239059780664534,-0.13634419149971275,-0.103066665068856,0.3162618074810113,-0.1881557125321744
15,440,1,0.7189542483660131,0.7213889394618986,0.5075221657752991,0.012021265911068767,-0.7427150588222781,0.26796479526834827,-0.2758733643274885,1.468549102901575
15,441,1,0.7205882352941176,0.7303216778708224,0.518142580986023,0.004503622648884592,-1.3384914963918346,-1.230202611418024,0.5613129071403856,0.36281950979439553
15,442,1,0.7222222222222222,0.7227134381215841,0.5065162181854248,0.009443304345190461,-1.2069094329114047,-1.3301642459096648,-0.35517021810855,0.9061776267923694
15,443,1,0.7238562091503268,0.736665999025652,0.5132066607475281,0.007053042521687406,-0.46045021618846027,-1.3783184780432014,0.17222410234904353,0.6852108706346457
15,444,1,0.7254901960784313,0.7315245505348539,0.5164858102798462,0.004872428393612941,-0.8412957491410634,-0.1254386401368259,0.4307129576411628,0.37230081417843386
15,445,1,0.7271241830065359,0.7341294675284211,0.5063949227333069,0.004036318494644078,-0.6440241609123035,-0.6163846745839499,-0.3647316980780031,-0.19495620405657316
15,446,1,0.7287581699346405,0.7321627634830827,0.49874812364578247,0.00466915943492934,-0.984330701505871,-1.5326837931028587,-0.9675137070416777,-0.3680285592789432
15,447,1,0.7303921568627451,0.7408152207243455,0.5084856748580933,0.004271018297361326,-0.37306429697468835,-0.0515415382177716,-0.19992185390674677,-0.06496213318331223
15,448,1,0.7320261437908496,0.7324209880362287,0.5118292570114136,0.006481494704621992,-1.1208402043923675,-0.810363746553133,0.0636460971332736,0.5150313824333793
15,449,1,0.7336601307189542,0.7451787128376319,0.5252903699874878,0.006052120721437555,-0.8514464483295471,-0.11407540984261937,1.1247589405245706,0.9585253433398309
15,450,1,0.7352941176470589,0.744217341083987,0.49786290526390076,0.0045036490760315216,-1.2325384982624419,-1.6093806741787466,-1.0372937167548635,-0.43647844362538757
15,451,1,0.7369281045751634,0.7388041223023034,0.5175007581710815,0.006743303370552163,-0.8944100076947462,-0.5972227628399932,0.5107192873315055,0.7916538830705271
15,452,1,0.738562091503268,0.7396303204410667,0.5135683417320251,0.0049785332610250334,-1.367673306458841,-1.0187093289202775,0.20073469716704917,0.27882614737042977
15,453,1,0.7401960784313726,0.7434769899715266,0.5202434062957764,0.004438195663832146,-1.694827441103902,0.1860884868659849,0.7269168005081224,0.43235508603253253
15,454,1,0.7418300653594772,0.7490983140225393,0.5153223276138306,0.004276737668907274,-1.2563462381590884,-0.017862131502331596,0.33899792618970104,0.20565745116512282
15,455,1,0.7434640522875817,0.7524083600634376,0.5117678046226501,0.005411441205903712,-0.22128524230894414,0.5360083650967951,0.05880192718314773,0.2956387905739114
15,456,1,0.7450980392156863,0.7506777785128829,0.506841778755188,0.0029020480490759715,-1.447840628449717,0.42489028353120634,-0.32950692395958053,-0.40733533967701924
15,457,1,0.7467320261437909,0.7519376482479032,0.5160523056983948,0.0020569379675166788,-0.43463843825203036,-0.19683464977275328,0.3965406510967734,-0.21567117387679857
15,458,1,0.7483660130718954,0.7519486528016571,0.5023350715637207,0.0033263545832085007,-1.6335143178056923,0.09755572813529946,-0.6847617153553296,-0.4989277811456214
15,459,1,0.75,0.7539436963692361,0.5008774995803833,0.0021925210595634915,-0.30828543495355365,-0.5303300322230292,-0.799659224531254,-0.7862794654865912
15,460,1,0.7516339869281046,0.755382266612186,0.5115858316421509,0.001008173579903186,-1.0380337006124858,-0.4780105952242851,0.04445735797099031,-0.6043666186426536
15,461,1,0.7532679738562091,0.7619707384131541,0.5044168829917908,0.004423190232233627,-0.7778074760167502,-0.7301942202862368,-0.520656648577399,-0.19447423040292303
15,462,1,0.7549019607843137,0.7685687632744544,0.5124872326850891,0.008512942552221249,0.9816973201164014,0.621547690543738,0.11551301476609563,0.9528734698658324
15,463,1,0.7565359477124183,0.7719015109791308,0.5102831721305847,0.007690662638698316,-0.10888510009498033,0.15426684685953418,-0.05822870823657609,0.6992721693241708
15,464,1,0.7581699346405228,0.7742846493090547,0.5049625635147095,0.005584347316148498,-0.6897255088586252,-0.27049542801151216,-0.4776417350047488,0.06247644615811382
15,465,1,0.7598039215686274,0.7734883677875652,0.5169920921325684,0.002300758828223829,-0.0697991078197819,1.5739321221344282,0.47062215216722403,-0.129191833775735
15,466,1,0.761437908496732,0.778729975033424,0.5110719203948975,0.002424670022697818,-0.8163859333325244,-0.15248457243730593,0.003946753402624378,-0.33740455136424913
15,467,1,0.7630718954248366,0.7690308783539609,0.508253812789917,0.009814729596507686,-0.4152970059983167,-0.41413427380442563,-0.21819908097366203,1.0499756214623357
15,468,1,0.7647058823529411,0.7795708062141491,0.510837733745575,0.003472740984873121,-0.2572361186347852,0.6854666815169842,-0.0145137157865556,-0.13412159088365447
15,469,1,0.7663398692810458,0.7754715822431486,0.5016488432884216,0.005500465852624984,-1.380007856072733,-1.3134607568954484,-0.738855729551061,-0.08513886301786067
15,470,1,0.7679738562091504,0.77935609249456,0.5107244253158569,0.0042984765972508745,-0.6652246212173937,0.7325311989024919,-0.023445594617971008,0.028843607101436526
15,471,1,0.7696078431372549,0.7789327401451511,0.5088585019111633,0.0027572130932649124,-0.14986782301854115,0.028037178848385975,-0.17053263660506165,-0.3572158059506146
15,472,1,0.7712418300653595,0.7821738568478735,0.5069668889045715,0.001979540514737302,0.10890830169312543,0.11305790510801393,-0.31964473896897505,-0.5894574436526347
15,473,1,0.7728758169934641,0.7780928375021675,0.5113204121589661,0.005135212603690669,-0.20252965040839446,-0.36530717563671433,0.023534866421125608,0.22199548132677496
15,474,1,0.7745098039215687,0.7837412721481594,0.507684051990509,0.002117412660814495,-0.4405577459788004,0.6469196634421253,-0.26311219499233635,-0.5332353830467922
15,475,1,0.7761437908496732,0.7816276559519556,0.504115104675293,0.0034216192376812543,-0.260820765548204,-0.36930170228837506,-0.544445234860122,-0.409453104482568
15,476,1,0.7777777777777778,0.789143069559383,0.49208855628967285,0.0034896817736690803,-0.3295206976558615,0.03921660183569605,-1.4924741962343195,-0.8696668145065126
15,477,1,0.7794117647058824,0.7858974293127388,0.5039623379707336,0.0024420656287198277,-1.1501960264454623,0.03279975746100691,-0.5564875312540818,-0.614094455605275
15,478,1,0.7810457516339869,0.7885059163482897,0.5081209540367126,0.0021887105453469646,0.028883089490888268,-0.0874003744292697,-0.22867207303848316,-0.5015585326052965
15,479,1,0.7826797385620915,0.7953645163007315,0.49875137209892273,0.004826516334464832,0.0425082280016015,0.7355180676395594,-0.9672576379221027,-0.3359938898687772
15,480,1,0.7843137254901961,0.7961900067856397,0.4991706907749176,0.002653942924359946,-0.6585425609516032,0.7755256973495778,-0.9342035781751236,-0.759990959583454
15,481,1,0.7859477124183006,0.7987549843886466,0.518932580947876,0.0030235938539341883,-0.22194358765631153,0.9270912332524014,0.6235870376146517,0.09385700222647914
15,482,1,0.7875816993464052,0.8043136417340402,0.5233615040779114,0.005365303605038464,0.2674506222181679,0.5659591093009068,0.9727102656884665,0.7432378213609203
15,483,1,0.7892156862745098,0.7945270582700104,0.5072148442268372,0.008373211205428987,0.14832781694165975,-0.22187183079072195,-0.3000989125940734,0.7167347348079874
15,484,1,0.7908496732026143,0.7994346775752807,0.5210042595863342,0.004861140610478539,1.056418066942714,0.7232423653575454,0.7868933566801464,0.5481022346497697
15,485,1,0.7924836601307189,0.799315945809088,0.5133287906646729,0.004882777756350185,1.1546043300930324,-0.07426799880618468,0.18185136154187373,0.2499685153923497
15,486,1,0.7941176470588235,0.8056137231357425,0.5161126852035522,0.00471695515315155,0.12350210692639682,0.7460640118727442,0.40130024775970013,0.32606976647208397
15,487,1,0.795751633986928,0.8017987939266211,0.5045849084854126,0.0024088215338496565,0.01919932246507484,-0.3342732812312485,-0.5074115320988298,-0.5962972293848074
15,488,1,0.7973856209150327,0.8107565320285517,0.5012372732162476,0.004971264743693705,0.008143760948932047,1.554481370336777,-0.7712989822238245,-0.2086645007762344
15,489,1,0.7990196078431373,0.8087152321250177,0.5020647644996643,0.002964982422511289,-0.09181452425971892,-0.12224170590616236,-0.7060694852135457,-0.5828556668366572
15,490,1,0.8006535947712419,0.8042424707029537,0.5076478123664856,0.0067230817742044025,-0.3313391229104842,-0.08982269215229813,-0.26596889269328355,0.3992095401129848
15,491,1,0.8022875816993464,0.8117174274170276,0.5009552836418152,0.0033576248809986387,-0.06618835910844985,-0.4513355598109354,-0.7935276612093197,-0.5469701997264279
15,492,1,0.803921568627451,0.8164724630890203,0.49610960483551025,0.003907685555763353,-1.0837118469606624,-1.2477857496866733,-1.1755029128440269,-0.6264242026325599
15,493,1,0.8055555555555556,0.8213795534056021,0.5052539706230164,0.006848172898922379,0.4488059141193854,-1.487467195606328,-0.45467069049828385,0.3302228727833074
15,494,1,0.8071895424836601,0.821769021751933,0.508827805519104,0.004725723186576718,0.5958866451607457,-0.283378350860952,-0.17295237232214686,0.040721315817552714
15,495,1,0.8088235294117647,0.8254413833478786,0.5017380714416504,0.0033622847588080217,0.868905650933739,-1.3261073560645926,-0.7318220511656698,-0.5151725297501569
15,496,1,0.8104575163398693,0.8317722362671134,0.5044132471084595,0.006262148695329995,0.3736501373278523,-0.35392096942914575,-0.5209432580506849,0.1782607838933713
15,497,1,0.8120915032679739,0.8299018434340624,0.5120428800582886,0.002350905418916198,-0.39024798060090715,-0.20136746925175364,0.08048557831780428,-0.31409209525678183
15,498,1,0.8137254901960784,0.8330126951763576,0.4998486042022705,0.0026246552175837007,-0.501998478066808,-1.5188129059788504,-0.880765006955185,-0.7392102261975888
15,499,1,0.815359477124183,0.8334658743326692,0.5074302554130554,0.00151152973074751,1.1051443232472036,-0.37168463273135427,-0.2831184759308776,-0.6660910038889645
15,500,1,0.8169934640522876,0.8304336187191496,0.5031305551528931,0.005849025756575936,0.5864841975124417,-0.6741920726028885,-0.622055321413157,0.04393745129268645
15,501,1,0.8186274509803921,0.8340788086134857,0.5046816468238831,0.0028428799877819283,-0.887646741835448,-1.294669742038622,-0.4997858407030449,-0.5044720713306137
15,502,1,0.8202614379084967,0.8292588666255556,0.5084913969039917,0.007733364758034782,-0.7427469610197276,-0.6224306220715086,-0.19947079637501827,0.6373096647471987
15,503,1,0.8218954248366013,0.8396982681419929,0.5019147396087646,0.003923882729981046,0.28154559309131955,-0.5842151136037308,-0.7178956498735524,-0.39433633432709136
15,504,1,0.8235294117647058,0.8405658702071215,0.522047758102417,0.003369092910971348,-0.17928454926676685,-0.7091581304666037,0.8691502755131761,0.28669409561998926
15,505,1,0.8251633986928104,0.8406335811752045,0.5085870027542114,0.0026520223659288306,-0.6706392941845076,-1.1203908746407352,-0.1919343767823879,-0.389245782908221
15,506,1,0.826797385620915,0.8424977444916251,0.5080044269561768,0.002592922637088574,-0.021241063101844128,-1.1527048556478015,-0.23785767173149586,-0.4241908481638119
15,507,1,0.8284313725490197,0.8452887498815576,0.5180858969688416,0.0009809960398411539,0.3275340608146869,-0.9017980349141126,0.5568446184667002,-0.3536836704776978
15,508,1,0.8300653594771242,0.8426960667799064,0.5171100497245789,0.003794901832145635,-0.41334807175412785,-0.6004393907106813,0.47992051524316887,0.17841880278015348
15,509,1,0.8316993464052288,0.8452295440057211,0.4969378113746643,0.0022118159277995054,-0.6332412181743656,-2.069407693787215,-1.110217033642282,-0.9376460260831814
15,510,1,0.8333333333333334,0.8475419541732776,0.502776026725769,0.0016630137661587225,0.01610190911270325,-1.3117506924866438,-0.650002094316502,-0.8188169956133651
15,511,1,0.8349673202614379,0.8522858365140974,0.49621543288230896,0.0028522756308068512,0.1551432863967845,-1.601299717221977,-1.1671606977650275,-0.8362543825641389
15,512,1,0.8366013071895425,0.8486073135820316,0.5054982304573059,0.00257551895939394,-1.645323931261551,-1.2424586200600134,-0.4354161721126235,-0.5264989731027696
15,513,1,0.8382352941176471,0.8495673154657444,0.5096853375434875,0.0030933287762124214,-0.4545164074628495,-0.6605968964392248,-0.10535482327029337,-0.2564740544130703
15,514,1,0.8398692810457516,0.8585360873082043,0.5055598616600037,0.004791000201241692,-0.1282468337470709,-2.4249041544183303,-0.4305579066146311,-0.07484548978403308
15,515,1,0.8415032679738562,0.8579406617518646,0.5070604681968689,0.0031618236936314377,-0.269466261057024,-1.2099542671993757,-0.3122680689188319,-0.34604223430508385
15,516,1,0.8431372549019608,0.8533181796632296,0.5026980638504028,0.004589147036906426,0.3352920951944565,-1.5299791998728107,-0.6561477531863028,-0.22856937917717407
15,517,1,0.8447712418300654,0.8541309361478837,0.5061700940132141,0.004954107072551882,-0.1455668267623922,-1.6925239400893606,-0.38245450026216876,-0.017721252770109525
15,518,1,0.8464052287581699,0.851834872657227,0.5046457648277283,0.008391075733743413,-0.6722779070535058,-1.442969415970696,-0.502614347308259,0.6190993370529283
15,519,1,0.8480392156862745,0.855640415220362,0.4982894957065582,0.0039641043547966005,-0.49975372344626906,-1.6201629420922268,-1.0036664380613125,-0.5290661489715341
15,520,1,0.8496732026143791,0.8564003342031529,0.51507967710495,0.002160186795890588,0.5170389140643726,-1.0837147523682151,0.31987026773483934,-0.23307100984485848
15,521,1,0.8513071895424836,0.8577174009530959,0.5007737278938293,0.0014232956212649034,-0.7365463339154481,-1.5277669476433782,-0.8078393408097886,-0.9463423170010838
15,522,1,0.8529411764705882,0.8586342698339038,0.5023427605628967,0.0010125809475290326,-0.532470877030636,-1.9001900918756558,-0.6841556067970694,-0.9677794365613541
15,523,1,0.8545751633986928,0.8606490130180264,0.5050324201583862,0.0008520493652034402,-0.7980914731951088,-1.6810523947750187,-0.4721350743048967,-0.8943195230124552
15,524,1,0.8562091503267973,0.8660075317990463,0.4970274865627289,0.0034127951238267077,-0.8790766515205997,-1.980307101769153,-1.1031481163872245,-0.6905937758389074
15,525,1,0.8578431372549019,0.8680795006071228,0.5133693814277649,0.0030829645329298176,-0.05454695723914314,-1.5291126797117274,0.18505105090757276,-0.11337263385690256
15,526,1,0.8594771241830066,0.8715826995959011,0.5116189122200012,0.003995638608201358,-0.1944148914571438,-1.6264977296334802,0.047065034326295704,0.00269366280227315
15,527,1,0.8611111111111112,0.8732804019175345,0.508405327796936,0.002456278763153745,-0.1513150227028421,-1.5412899137936182,-0.20625545341476778,-0.4360964757487984
15,528,1,0.8627450980392157,0.874324318050959,0.501621425151825,0.0009962244075466691,-1.4812654307775097,-1.370742991180397,-0.7410170468905934,-0.9995267073928193
15,529,1,0.8643790849673203,0.8735751715404697,0.4954700171947479,0.002486040675584515,-0.5746629832575104,-2.2726624702079947,-1.2259203383045756,-0.9398942131684973
15,530,1,0.8660130718954249,0.8759831922964008,0.5154779553413391,0.0018070515963207424,0.5997787132495872,-0.330085100452679,0.35126575134952515,-0.2889770928380241
15,531,1,0.8676470588235294,0.8774845646259516,0.49356117844581604,0.0013075921720352751,-0.2925866536086216,-1.1843065833406439,-1.3763903117796301,-1.254078532307174
15,532,1,0.869281045751634,0.8765784441754231,0.5103438496589661,0.003007849626197061,-0.5255248985859451,-0.6003080997771839,-0.053445618993871784,-0.2478517207353579
15,533,1,0.8709150326797386,0.8721509224925093,0.5070152878761292,0.007998902840226906,-0.3367102928810761,-1.217250760828498,-0.3158295440131048,0.6329723954204527
15,534,1,0.8725490196078431,0.8797900257327227,0.4977421164512634,0.0029743925234950964,-0.14170666087100026,-1.119954332286856,-1.0468152593386948,-0.7513205050187453
15,535,1,0.8741830065359477,0.8782369266205142,0.5242494940757751,0.0038537540040448387,-0.8553501172174611,-0.8372915170134653,1.042708756393583,0.4717461449966275
15,536,1,0.8758169934640523,0.8815620764457079,0.5037503838539124,0.0023440516334155477,-0.49833262555988134,-1.0883690159607007,-0.5731954539918583,-0.6423223263332823
15,537,1,0.8774509803921569,0.8803441464199182,0.5044249296188354,0.0025363498012847736,1.9066783335670925,-0.9867793738936913,-0.5200223489234058,-0.5767442364548909
15,538,1,0.8790849673202614,0.8843480984054719,0.5045933127403259,0.0015416537191345254,-0.47377373392328714,-1.2271894844942568,-0.5067490413491036,-0.7717981648662766
15,539,1,0.880718954248366,0.8797602088787496,0.5123878717422485,0.005607085267328326,-0.7833381569745897,-1.1658897476442853,0.10768058866826845,0.3597480922357463
15,540,1,0.8823529411764706,0.8897305757860544,0.5170600414276123,0.0039824610754176214,0.41141943890831595,0.3034691459594032,0.4759784603565,0.21447841972265858
15,541,1,0.8839869281045751,0.8857871548067052,0.5034160017967224,0.0033187648337260384,-0.18800835016932652,-0.29710153568477565,-0.5995541285022425,-0.457862931140419
15,542,1,0.8856209150326797,0.8889859697725202,0.5039644241333008,0.0029817240611528435,0.12650961408595612,-0.2232832083258198,-0.5563230831956391,-0.5045878301141768
15,543,1,0.8872549019607843,0.8933498987870234,0.4974728524684906,0.0037764671062616045,-0.8336392217531786,-0.6912894344175973,-1.0680408051676895,-0.5992997937285766
15,544,1,0.8888888888888888,0.8993483811465927,0.5036835670471191,0.005640499185341969,-1.1752160498451905,-0.04219690602608875,-0.5784624903779797,0.023451760435505398
15,545,1,0.8905228758169934,0.8938317268379938,0.514234185218811,0.0029073067404958215,-0.35023102420013635,-0.028989038116242677,0.2532218189059979,-0.11490468422732791
15,546,1,0.8921568627450981,0.9018019674619383,0.5012430548667908,0.004149490864328028,-0.4106102831730054,-0.2891387405681537,-0.7708432261761405,-0.3750644552522675
15,547,1,0.8937908496732027,0.900341874140701,0.5118017792701721,0.0026432843112434517,-0.9268168399039224,-0.8237587040432129,0.061480081277785696,-0.2643103345942771
15,548,1,0.8954248366013072,0.9065905301857964,0.5201080441474915,0.0035150606158150643,-0.0452344157836514,0.7047992714744875,0.71624647077317,0.2398394862326546
15,549,1,0.8970588235294118,0.9065817595891316,0.5093981027603149,0.0027058277326249902,-0.633142611382249,-0.7282018803704126,-0.12799697165987298,-0.346367179394207
15,550,1,0.8986928104575164,0.9096698268077942,0.5162107348442078,0.001754456348498547,-0.096915975651874,0.40241984026311334,0.4090293065065062,-0.2707598452044023
15,551,1,0.9003267973856209,0.9122392440587548,0.5125618577003479,0.0021987642047241306,0.21946101665478523,-1.0395550468863393,0.12139555674238817,-0.3244861770496327
15,552,1,0.9019607843137255,0.9106104487587632,0.5237308144569397,0.0024043735747809204,-0.3245671564518815,0.5684963065907455,1.0018222705487767,0.157417776907672
15,553,1,0.9035947712418301,0.9145863573945406,0.5104101896286011,0.0011792156296635548,-0.23547881997421247,0.640742425021069,-0.048216170735394484,-0.6160218644741022
15,554,1,0.9052287581699346,0.9198814973453987,0.4997677803039551,0.003860545917260634,-0.011226673302462947,-0.5028606866620199,-0.88713619459085,-0.49179916117189526
15,555,1,0.9068627450980392,0.9143737039806853,0.5079520344734192,0.004200165081853906,0.9976281174427846,-0.42642638745312683,-0.24198766725638493,-0.1003616655468926
15,556,1,0.9084967320261438,0.9187108525618435,0.5114315748214722,0.0023709255001227174,2.66176274440048,0.6911318852974002,0.03229759867814282,-0.3341266925579689
15,557,1,0.9101307189542484,0.9185765864862713,0.5003678798675537,0.0029596468910436696,0.4868478344780541,0.17074057674012996,-0.8398315359508236,-0.6508185567741366
15,558,1,0.9117647058823529,0.9270908359075644,0.494981974363327,0.004960693640839798,0.37361243473086647,-0.7851821455083171,-1.2643917869482524,-0.4573543637666194
15,559,1,0.9133986928104575,0.9278433265822762,0.5187439322471619,0.004383500772289276,0.08808486735789321,0.1039463143232891,0.6087162346154777,0.36216453670582954
15,560,1,0.9150326797385621,0.9284673320795118,0.5160304307937622,0.0027138879911615004,0.3949057014285371,-0.016591891720743514,0.39481629574110294,-0.08332619901630453
15,561,1,0.9166666666666666,0.9273629541546948,0.5246049165725708,0.0033736463780578347,-0.4164396847069632,0.9128166265078883,1.0707260070362608,0.38840524985544417
15,562,1,0.9183006535947712,0.9254274163448268,0.5239841341972351,0.0065081780093598374,0.10599650112591469,1.0650025120714874,1.021790963359674,0.999514283491646
15,563,1,0.9199346405228758,0.9214883020294042,0.5306046009063721,0.010031437434098055,-0.04184118205492972,-0.21891122024035387,1.5436692260855043,1.97485076432014
15,564,1,0.9215686274509803,0.9219865767806611,0.5197123885154724,0.00794440654462321,0.17387277649942096,-0.3146485689467133,0.6850577218605264,1.1223660304883587
15,565,1,0.923202614379085,0.924020486538459,0.5141482949256897,0.004458366406376586,-0.40113533053049794,-0.4262130396861934,0.2464512574141149,0.19621225600653136
15,566,1,0.9248366013071896,0.9219770313479707,0.5182124376296997,0.005498146248541962,0.016928466046622636,-0.6096100624154801,0.5668195678402378,0.5672284487513946
15,567,1,0.9264705882352942,0.9229253661050517,0.5210867524147034,0.003687215242246926,0.54955305366497,-0.3942240037395334,0.7933961027625656,0.31332141351118775
15,568,1,0.9281045751633987,0.9249548745926431,0.49815794825553894,0.002182830582728108,0.07248469280507787,-0.514581684750007,-1.0140360627751126,-0.8954327841891893
15,569,1,0.9297385620915033,0.9210067572431768,0.5036140084266663,0.0067071645760292,-0.2969108514629157,0.480354138387215,-0.5839456584980542,0.23699369002284676
15,570,1,0.9313725490196079,0.9237569222682626,0.5287631750106812,0.0037297533050308046,0.038793072098616474,1.1683416058273508,1.3985132741561264,0.6245052736032708
15,571,1,0.9330065359477124,0.9205643340637601,0.525608241558075,0.006841128161698283,0.43480084943904607,0.4670281086372212,1.14981612611528,1.1310378476442753
15,572,1,0.934640522875817,0.9293539243847551,0.512864351272583,0.003734781012103458,-0.7858642309726381,-0.1301618314693976,0.1452405252165771,-0.0011116526301992308
15,573,1,0.9362745098039216,0.9252789234295211,0.5133211612701416,0.0032955450472529385,-1.565829455616883,-1.4913173022311415,0.18124995149956905,-0.07216907521334752
15,574,1,0.9379084967320261,0.9279022447939252,0.5116727948188782,0.002665793724569063,0.04105232771799613,-0.6423146339497013,0.05131249275007242,-0.26482998433192234
15,575,1,0.9395424836601307,0.9262938785107282,0.508745014667511,0.0037254603304370678,-0.295637663764703,-0.6877577083065152,-0.1794786109843436,-0.165361138410558
15,576,1,0.9411764705882353,0.9298885256416632,0.5061649680137634,0.0025116264420765822,-0.35388527590799046,-0.8252816788717837,-0.3828585726343422,-0.5131754058684268
15,577,1,0.9428104575163399,0.9286807422078072,0.5211959481239319,0.0029046330593271593,0.42023894640322423,-0.9375813788388497,0.8020037839930512,0.1589441665824987
15,578,1,0.9444444444444444,0.9288885271522129,0.5206689238548279,0.0035473028094929067,-0.14520430179137492,-0.5195641756762363,0.7604595059144741,0.2684836256266323
15,579,1,0.946078431372549,0.9267103649493704,0.5076895356178284,0.005972035601907332,1.0952952448346063,-0.21196264758499994,-0.26267993152442987,0.24856736503759977
15,580,1,0.9477124183006536,0.9275615819974858,0.49983924627304077,0.005224940163452473,0.5405595341839734,-0.9095803049971756,-0.8815026739601993,-0.2123295871972525
15,581,1,0.9493464052287581,0.9271084171835972,0.5070784091949463,0.0050963690662968065,1.0256179454050862,-0.4126835089892785,-0.3108538156162248,0.0469249901832465
15,582,1,0.9509803921568627,0.9286180554622803,0.5013090968132019,0.0031936495315611924,-0.10155049488135884,-1.7799669840720171,-0.7656372704974408,-0.5662736360759177
15,583,1,0.9526143790849673,0.929680233926742,0.5104395747184753,0.0020638531446162556,-0.03588997213071014,-1.0917300638582361,-0.04589980236933042,-0.4354892375569865
15,584,1,0.954248366013072,0.9275275566578586,0.499045193195343,0.004958997657842622,1.103914638545513,-1.1152508345943088,-0.9440963035194397,-0.2975505098026905
15,585,1,0.9558823529411765,0.9319050369859665,0.5028873085975647,0.001912854724246872,0.9482464159906956,-1.311859007506779,-0.6412299650275738,-0.7637716701171752
15,586,1,0.9575163398692811,0.9292511169012393,0.5058509707450867,0.004426086030147424,0.9487858531475692,-0.5752742010325527,-0.40761035468794365,-0.137363913992422
15,587,1,0.9591503267973857,0.9340705621246246,0.5100748538970947,0.002050545773037641,0.033665518908548145,-0.2877142339397061,-0.07465002150106681,-0.45256263011540565
15,588,1,0.9607843137254902,0.9333585165991864,0.5099660158157349,0.0019304407211142888,-0.1689076344963684,-1.3839541413635805,-0.08322951163581932,-0.4812056005368427
15,589,1,0.9624183006535948,0.9348424229949395,0.5145484805107117,0.001797331073934772,0.7976622436294243,0.021265848953253657,0.27799709353937685,-0.327582413540977
15,590,1,0.9640522875816994,0.9375843680304699,0.5059601068496704,0.001249017553279818,-0.32200628005661547,-0.446441690264817,-0.3990073719734136,-0.7772640056944293
15,591,1,0.9656862745098039,0.9321174168621723,0.5052485466003418,0.007091032748307651,0.36310791117066993,-0.6326516212442871,-0.4550982554502348,0.37925281941630584
15,592,1,0.9673202614379085,0.933583379519586,0.5254127979278564,0.005136783775280861,0.9164051227363064,-0.2650304429046797,1.1344096922971785,0.7777514745009622
15,593,1,0.9689542483660131,0.9323488824023859,0.5181137323379517,0.006427496622580896,0.48649110990657307,0.02241464462135657,0.5590388254179212,0.7517787694962621
15,594,1,0.9705882352941176,0.9332695152903011,0.5101262927055359,0.0048834785865272835,1.1138536231509226,-0.7286810922776784,-0.07059520223146581,0.12388733806301938
15,595,1,0.9722222222222222,0.9335937530623619,0.5186794400215149,0.0034805276294242894,0.9505665758052061,-0.11467278359003288,0.6036324403516211,0.1765303542394824
15,596,1,0.9738562091503268,0.9349615115959342,0.5218970775604248,0.0024818531458993976,2.207721969699605,0.9006623683393594,0.857272427177659,0.10085308077522653
15,597,1,0.9754901960784313,0.9347937354967153,0.5153594017028809,0.0029941622642053623,1.338503097190907,-0.6976275042321879,0.3419204031140253,-0.05294404182396714
15,598,1,0.9771241830065359,0.9413809387829704,0.509004533290863,0.0029818277484673487,0.006099120112394621,-0.07846274413142904,-0.15902127251407389,-0.30591590050758644
15,599,1,0.9787581699346405,0.9349513535832646,0.5098716020584106,0.005475613324405675,1.4795833149119895,0.17560818809954887,-0.09067196090933959,0.2339137726564965
15,600,1,0.9803921568627451,0.9417856526651314,0.50897216796875,0.002514721555424811,1.41663447894455,-0.5703836137597716,-0.16157256667791323,-0.40190481902376624
15,601,1,0.9820261437908496,0.9425643137006435,0.5067036747932434,0.002506479157395472,-0.01849167372164912,0.8498724707158609,-0.3403933854284861,-0.49298650677953626
15,602,1,0.9836601307189542,0.9450291525064083,0.5032292008399963,0.0022616274756833616,0.46305169538048024,-0.04180303322559632,-0.6142792775067959,-0.6795770578741486
15,603,1,0.9852941176470589,0.9428121768387893,0.49317246675491333,0.003049749337469979,0.4292556674823659,-1.0439303172451426,-1.4070316835834573,-0.9161489146406827
15,604,1,0.9869281045751634,0.945348302941414,0.5155892372131348,0.002363169776181363,1.0499013180637073,-0.21341013012680962,0.3600378806384534,-0.17182914898236099
29,8,0,0.013675213675213675,0.025515156737721804,0.5806663632392883,nan,13.867537207334223,7.191172042270547,5.489938681566465,nan
29,9,0,0.015384615384615385,0.027076397945412903,0.5916298031806946,nan,13.83140361842299,7.629106080044728,6.354164912358272,nan
29,10,0,0.017094017094017096,0.028720836216222425,0.6103158593177795,nan,14.773597317497579,9.856082587668938,7.827149664409156,nan
29,11,0,0.018803418803418803,0.030096886749212338,0.6115114092826843,nan,14.679946966784629,8.794057097514507,7.921392497444679,nan
29,12,0,0.020512820512820513,0.031837837539694845,0.6106217503547668,0.0002805430062286742,13.285281501083727,7.928167132911954,7.851262448292808,3.151497158985742
29,13,0,0.022222222222222223,0.03252612821604392,0.6126300096511841,0.001151343569766582,12.436213216564052,5.841212405862801,8.009569546381647,3.4072194869672487
29,14,0,0.023931623931623933,0.033945840556753794,0.6126800775527954,0.0010940637967144385,12.90285245905772,6.029411394484757,8.01351629978427,3.397578471109465
29,15,0,0.02564102564102564,0.03477225326606344,0.6255403757095337,0.0015739021725376823,12.643603601783846,6.377923177453807,9.027268102344074,4.00174929806333
29,16,0,0.02735042735042735,0.03546623910298165,0.6095925569534302,0.002048757964832242,12.918275721424678,6.16713558372361,7.7701331732891,3.4694664604956693
29,17,0,0.02905982905982906,0.03694197248135333,0.5932419896125793,0.0014801249772822423,13.09297215465825,6.241144282936137,6.481250371922777,2.70972560264733
29,18,0,0.03076923076923077,0.037656313042677,0.6037464737892151,0.0018697454822859273,13.552297093336673,6.76011108486496,7.309298029857193,3.202751237191984
29,19,1,0.03247863247863248,0.03875760343289206,0.6119955778121948,0.0016960732135516843,14.037683227131586,7.223751887417946,7.959558542551249,3.492666655940547
29,20,1,0.03418803418803419,0.040043148864944006,0.6146115064620972,0.0014068653232069007,12.878337070417647,8.607282615520997,8.16576701080646,3.537129352389673
29,21,1,0.035897435897435895,0.04072341207977108,0.5972404479980469,0.0018708295488703997,11.239210866060608,8.315731404049828,6.796440917765933,2.9465424930310973
29,22,1,0.037606837606837605,0.04213534018294819,0.5772671103477478,0.0014042613452977127,11.97011051102749,8.808630391132727,5.221982316624003,2.064709007018406
29,23,1,0.039316239316239315,0.04378892065498691,0.5666155219078064,0.0008704376583268269,9.738450292441673,5.60613598943557,4.3823387213114,1.5366458961121499
29,24,1,0.041025641025641026,0.049200801944084965,0.5413615703582764,0.003283614325247554,3.9358466043415015,3.707836487002278,2.391619797607441,1.0305967026257876
29,25,1,0.042735042735042736,0.05154256336276414,0.5209534168243408,0.0033359624741414588,2.7309615108682572,1.5295098347855571,0.7828855225701005,0.23684399178164864
29,26,1,0.044444444444444446,0.05430884097419986,0.5331721305847168,0.003397452264828944,3.6147364860132405,2.684440071756141,1.7460624993848468,0.7309005213380486
29,27,1,0.046153846153846156,0.056875283263875615,0.5210674405097961,0.002920519356691782,2.803446203673335,1.2494170395353796,0.7918737835929819,0.15710036793532778
29,28,1,0.04786324786324787,0.06170155915498483,0.5215911269187927,0.004475204595578803,1.1699405864669472,0.9858406437191845,0.8331549447780507,0.49297831257654334
29,29,1,0.04957264957264957,0.06746916061880104,0.5064476132392883,0.007117616756670065,1.8614294167846004,2.0596691887950396,-0.3605782099733365,0.43190317616732654
29,30,1,0.05128205128205128,0.07503537824396503,0.5230560898780823,0.010702185067824816,1.1377976724366716,1.5641476653155288,0.9486350699324578,1.8133385254928047
29,31,1,0.05299145299145299,0.08317888814913924,0.5240103602409363,0.013664060655557737,1.460201279861522,1.9210128339283554,1.0238583103800962,2.4515179195416863
29,32,1,0.0547008547008547,0.09294428467383349,0.5357443690299988,0.016853555958936076,0.7783556137729283,0.6979524492925941,1.9488269554446742,3.560723563492337
29,33,1,0.05641025641025641,0.09782692683265118,0.503002405166626,0.013925516738041611,0.29906569989064236,1.0101754182429417,-0.6321571307174932,1.6765246125829474
29,34,1,0.05811965811965812,0.10342377959936778,0.5029230713844299,0.011932927951295675,0.8534910891660845,0.4497042699622293,-0.6384108554542707,1.2693684193537185
29,35,1,0.05982905982905983,0.1048269909109142,0.5221585631370544,0.006386329702853193,1.4620864097108117,0.33196584307503035,0.8778848166744603,0.9028545119723403
29,36,1,0.06153846153846154,0.1112255888580444,0.5102152824401855,0.007225611180677839,0.23914467248113913,0.15539266661427503,-0.06358031790989653,0.6022997235299355
29,37,1,0.06324786324786325,0.10751620156952162,0.5423559546470642,0.002503153783792975,0.433687172728081,1.8894143885088504,2.4700051392931344,0.9115384827556835
29,38,1,0.06495726495726496,0.11610834684928285,0.5149943232536316,0.005115724441645998,0.42684270127527485,1.568739565714603,0.31314199288655586,0.3628475071810857
29,39,1,0.06666666666666667,0.11354661742603797,0.5152257084846497,0.0028987893720878954,0.7050443640339311,1.987278650337869,0.3313816318258271,-0.07755181080174525
29,40,1,0.06837606837606838,0.12548654361947595,0.5135045051574707,0.009142872770579359,-0.15603654792537108,0.27538273301095567,0.1957025865787031,1.120696709482792
29,41,1,0.07008547008547009,0.11361181616269131,0.5282541513442993,0.006297093376563175,0.6265446569097346,1.9180292474646252,1.3583879478961118,1.1250119813806503
29,42,1,0.07179487179487179,0.13036776810445858,0.5205146670341492,0.008934954916911693,1.883392629628711,1.6319561501936377,0.7482997466216266,1.3548366103778111
29,43,1,0.0735042735042735,0.11691977748666163,0.6043922901153564,0.008077891014679166,6.432805496917529,8.794556003061796,7.360206450235093,4.487006511616457
29,44,1,0.07521367521367521,0.13333207284514428,0.569782018661499,0.007706754827574627,4.9916643299322105,5.101223881937653,4.631947381447614,3.047623163524924
29,45,1,0.07692307692307693,0.12439363361099576,0.5602586269378662,0.007443165390427506,3.132450665770468,4.792220823131331,3.8812372961408133,2.6188211354117406
29,46,1,0.07863247863247863,0.14042219106972603,0.5422474145889282,0.009924395884736077,3.558400105517156,3.796589158046572,2.4614491417381594,2.4120363314308824
29,47,1,0.08034188034188035,0.1304204154349439,0.5338476300239563,0.007261316769668244,2.4216813073942323,3.585122133735525,1.7993107807085875,1.5409851536032086
29,48,1,0.08205128205128205,0.1409835027502116,0.5254159569740295,0.006014079365861399,2.440419498096173,2.141483134003992,1.1346587136428201,0.9557617350019108
29,49,1,0.08376068376068375,0.13338094458461267,0.5274709463119507,0.006016543053300091,2.1848973975243573,2.4455102664307593,1.2966494482407733,1.0372566544382507
29,50,1,0.08547008547008547,0.1440465821517927,0.5311926007270813,0.0052499798847302406,1.2806151098188687,0.9808253300595808,1.5900200859865632,1.0285089978171749
29,51,1,0.08717948717948718,0.14368192140476885,0.5104577541351318,0.004458284785976952,1.5291042259529493,0.6684907638157606,-0.04446675500290133,0.05073669995308374
29,52,1,0.08888888888888889,0.1459248696828402,0.5158080458641052,0.0028407011627906904,0.85578804738245,0.25239697282888507,0.377286132711113,-0.06637787633145176
29,53,1,0.0905982905982906,0.14573003052015834,0.5365988612174988,0.0030519883382531037,0.7491390013087041,1.788379450635868,2.016184880182797,0.7959133605571814
29,54,1,0.09230769230769231,0.15185422376105645,0.5121606588363647,0.0027638906479915525,1.263811352362276,0.6656253391921781,0.08976984584588257,-0.2257105834190462
29,55,1,0.09401709401709402,0.14726672191560633,0.5265100598335266,0.003775521599774499,0.4651021366165539,0.5701965241795378,1.2209046725220738,0.5449812285133357
29,56,1,0.09572649572649573,0.15513760775270888,0.5182092189788818,0.003255264983062441,0.45208023965761346,0.6167227487377058,0.5665658479786405,0.11232144405631239
29,57,1,0.09743589743589744,0.15633172021838823,0.5096279382705688,0.0026498733348652237,0.13106582792170124,0.6053824943568613,-0.10987949413544489,-0.348654092096046
29,58,1,0.09914529914529914,0.15347221749909376,0.5168147087097168,0.00397589157385987,0.9832344259935147,1.200934580068099,0.4566393686836405,0.2034768020929301
29,59,1,0.10085470085470086,0.15883353750654328,0.5059713125228882,0.0026825971390992687,0.5205394551845155,0.5283048695738307,-0.3981240509737786,-0.4861410944282216
29,60,1,0.10256410256410256,0.1588310754688057,0.5198724865913391,0.0023388135641387348,2.715468643706863,1.008383297000701,0.6976779357170134,-0.007947734025538777
29,61,1,0.10427350427350428,0.16421842987623136,0.5312596559524536,0.003106810029848735,3.879846647018521,2.0518245555185657,1.5953059164365067,0.596589855808556
29,62,1,0.10598290598290598,0.16053712504184575,0.5200092792510986,0.002683040251833752,0.6673272660492938,0.761290477885114,0.7084610298348979,0.06724129418905456
29,63,1,0.1076923076923077,0.16590782687372335,0.5041947960853577,0.0019113970977158964,1.5979520682487818,0.5488223602061487,-0.5381633190276115,-0.712533904271722
29,64,1,0.1094017094017094,0.1568911470388189,0.5154154300689697,0.009726949449507515,1.5098410990929754,1.348784582552944,0.3463370081122002,1.314444833505931
29,65,1,0.1111111111111111,0.16454153743578187,0.4972752630710602,0.004567875708894354,1.4457321832182806,-0.10861370700912437,-1.0836163855601892,-0.4466167982383305
29,66,1,0.11282051282051282,0.1633634394946258,0.5215731859207153,0.0043888051347250635,1.5872068281078298,2.5233132736213637,0.8317406914754436,0.4747523096836037
29,67,1,0.11452991452991453,0.16946043019470178,0.5192771553993225,0.004159244388840113,-0.059480197044746205,1.562496681826798,0.6507491583534274,0.33770942052070685
29,68,1,0.11623931623931624,0.164074345813092,0.5146441459655762,0.003930288549661631,1.568515040602179,1.1561413958320979,0.2855382116479627,0.10867947910146869
29,69,1,0.11794871794871795,0.1660853436963215,0.5186362862586975,0.003675679218383489,0.7495102268790258,0.9943482962098208,0.6002307147998354,0.21439960569291772
29,70,1,0.11965811965811966,0.167698170213657,0.5255013108253479,0.002406321090215703,0.1801633097965127,0.9824828780949865,1.1413869884911036,0.22759502586476243
29,71,1,0.12136752136752137,0.16086597393077845,0.5278204679489136,0.010208080721839487,0.7597189300628723,1.7867186203271248,1.3242015458038559,1.9009341835265297
29,72,1,0.12307692307692308,0.16397361825494713,0.532554030418396,0.005656748059139332,2.2631244858703488,0.6553518236460006,1.6973388889262577,1.164647169826719
29,73,1,0.12478632478632479,0.1630803706287425,0.5160990953445435,0.0058198880683583715,1.0153947412223991,0.9573373820568823,0.400228986121845,0.5491714715046434
29,74,1,0.1264957264957265,0.17047660919860214,0.5215252637863159,0.004333960014463326,-0.127492781807355,-0.22665082077003007,0.8279630846472175,0.46174277860720175
29,75,1,0.1282051282051282,0.16053590495526823,0.5305705666542053,0.00830772022117421,-0.3604948311795774,1.4863938922249862,1.540986373474911,1.6239980305321462
29,76,1,0.12991452991452992,0.17956798641514146,0.522833526134491,0.010806878482576566,0.5935432837480901,1.0578373093758628,0.9310908113546014,1.8257946649711436
29,77,1,0.13162393162393163,0.17007721178014845,0.5215696692466736,0.005758183572798248,2.4629511500948387,1.3902790820848214,0.8314634790340688,0.7522771419556651
29,78,1,0.13333333333333333,0.1835066255369829,0.5418195128440857,0.009097715276517966,2.583709668040577,3.2962787977677404,2.4277184956935876,2.2275482579466455
29,79,1,0.13504273504273503,0.18212821777162816,0.5249183177947998,0.007266477369541941,1.6123660610964285,0.8814643515886911,1.0954308039303071,1.190091559596933
29,80,1,0.13675213675213677,0.1787855145438713,0.5191400647163391,0.006086440083235318,1.9773242997191707,1.2955822140264295,0.6399425716557654,0.723075959875781
29,81,1,0.13846153846153847,0.1795644773067098,0.545813798904419,0.004652444299363545,2.8733207166870884,4.417893960363339,2.742580145419858,1.4836291051619273
29,82,1,0.14017094017094017,0.178381594581482,0.5171612501144409,0.006859096381490919,1.5632163756257906,1.496309639977383,0.4839565404489478,0.8017513995232085
29,83,1,0.14188034188034188,0.18155057964037288,0.5125241279602051,0.003144449678535231,0.1461961701120782,1.8103903756367197,0.11842139614255336,-0.1342203619552668
29,84,1,0.14358974358974358,0.1819571140209997,0.5160864591598511,0.0019478765207730825,0.45580699635967104,1.802542460086908,0.39923290073927786,-0.23643900635753967
29,85,1,0.1452991452991453,0.18598529890124532,0.5058652758598328,0.0015625502819514936,0.9342210499119793,0.39619336774199554,-0.4064827108586224,-0.7174278864000895
29,86,1,0.147008547008547,0.18040442578475197,0.5157230496406555,0.005808703174447887,1.1494187729076013,2.0234099152363743,0.37058604895856256,0.5320820863149887
29,87,1,0.14871794871794872,0.19030303082985128,0.5197863578796387,0.0035841940698339418,1.3025000172692396,0.7360662072869114,0.6908885801613084,0.241178457394557
29,88,1,0.15042735042735042,0.18579147119509765,0.5243643522262573,0.0041112081981921934,1.4931649504261806,1.2559684571169036,1.0517627966398417,0.5284761316729032
29,89,1,0.15213675213675212,0.19151097839437453,0.5188045501708984,0.003372004622446709,0.6703579748069983,-0.07410388513931283,0.6134946253422265,0.1594566667300943
29,90,1,0.15384615384615385,0.18679092390510882,0.5184048414230347,0.0044560348190848965,0.8384999565645782,0.9628122139837271,0.5819863773446086,0.3635070492576568
29,91,1,0.15555555555555556,0.19387455369546527,0.5168697834014893,0.003156799965639798,0.12101083532556611,0.6805367069641539,0.46098079742652737,0.039563557453777626
29,92,1,0.15726495726495726,0.19207705513059237,0.5189715623855591,0.002604681583565864,1.3193704793204994,-0.1993160484158556,0.6266598670495521,0.01045223619849639
29,93,1,0.15897435897435896,0.19508598138822367,0.5245605707168579,0.0024782846981696222,-0.28813774716429763,0.686494033071602,1.067230311165365,0.2051084627661009
29,94,1,0.1606837606837607,0.202998941539827,0.5324268937110901,0.0067973308368046,1.5445332887194443,1.1763634818640465,1.6873169543931652,1.3909076518008705
29,95,1,0.1623931623931624,0.1975087130743527,0.5129514932632446,0.0029140417053244833,1.9979882230671553,1.000584615550951,0.15210975554352574,-0.16409509378362
29,96,1,0.1641025641025641,0.2011797975679879,0.5164593458175659,0.002625007466753589,1.682257975308791,2.447180943559515,0.4286268165569185,-0.08444289027346347
29,97,1,0.1658119658119658,0.19447755412916504,0.5039241313934326,0.008960286436607666,1.0889322065433111,0.6045750551158519,-0.5594992799815607,0.7060734689260093
29,98,1,0.1675213675213675,0.1973767474709291,0.5226660370826721,0.006509686516325993,1.2027911492406484,0.8055716274804752,0.9178879815196317,0.9478686665503347
29,99,1,0.16923076923076924,0.19247327768710928,0.5174393057823181,0.00940690754667427,1.509139250749086,1.1366709503944221,0.5058751173813797,1.3293202599573
29,100,1,0.17094017094017094,0.1962311945250231,0.5238052606582642,0.005420193846271553,2.3419635163674175,0.6646603508309716,1.0076907169772027,0.7718579236681058
29,101,1,0.17264957264957265,0.19910375295747418,0.513218343257904,0.0024852502162603773,0.9546500570787447,1.0362563621822152,0.17314501147632255,-0.2405218165822966
29,102,1,0.17435897435897435,0.20234973210336535,0.5241671800613403,0.002718100192378345,0.150389858976806,0.6469492039021622,1.0362201058590303,0.23822979738875777
29,103,1,0.17606837606837608,0.19764789367058672,0.5195944309234619,0.004136077820831115,0.4463523451155405,-0.3573870500734791,0.6757593587845816,0.34551712755948943
29,104,1,0.17777777777777778,0.20165585568214345,0.5175760984420776,0.002576854376287126,1.7362074913956975,0.7730869682598621,0.5166582114992642,-0.050191004106186654
29,105,1,0.1794871794871795,0.20116556372469704,0.5108791589736938,0.0033292692096554594,0.3387810355155268,-0.8641011256336498,-0.011248247197479477,-0.16158005981387882
29,106,1,0.1811965811965812,0.2034951789029351,0.5017163753509521,0.0021469290321912333,0.16947607365092346,0.3155807345745454,-0.7335323109734737,-0.7624605233985042
29,107,1,0.1829059829059829,0.20965866102165495,0.5167041420936584,0.004423055853389491,1.5599130480898813,0.578664789390125,0.4479236215861784,0.28978865721323754
29,108,1,0.18461538461538463,0.21984210286223008,0.5204588770866394,0.011603805856197564,0.24747984661476832,-0.1881169317885209,0.7439019356872737,1.8937900321441625
29,109,1,0.18632478632478633,0.21280037744326769,0.5174301266670227,0.004512212444793289,0.6309790623552178,0.053458385846834745,0.5051515459242318,0.3364805480579226
29,110,1,0.18803418803418803,0.21211817023867338,0.5234630107879639,0.004491301921352699,0.2252208133943077,0.11365199658209,0.9807118383606919,0.5700207503148857
29,111,1,0.18974358974358974,0.21857100936941454,0.522671103477478,0.0039039353550957994,0.058708743906421446,-0.12228437545954904,0.9182873553758496,0.4197105181515662
29,112,1,0.19145299145299147,0.22330037968337674,0.5195906758308411,0.004889429859772013,-1.213925016150531,0.21962019128124022,0.6754633522793848,0.49812333140699844
29,113,1,0.19316239316239317,0.22799673034823534,0.508384108543396,0.007054763991377373,1.9251816080878141,-0.4091846056115708,-0.20792812509492764,0.4954838124988207
29,114,1,0.19487179487179487,0.22478497156641908,0.5184482932090759,0.0034541897366110624,1.2443104091213149,1.7733203805637074,0.5854115954761718,0.16207950166364044
29,115,1,0.19658119658119658,0.22816316607720802,0.5228902101516724,0.001985282273944594,0.5309221703544502,1.2974728034687932,0.9355591000282868,0.03930870960356686
29,116,1,0.19829059829059828,0.22782132503314836,0.5153114199638367,0.0024844690588363017,2.4159360116535504,0.8387586931952996,0.3381380977698436,-0.15818366563037606
29,117,1,0.2,0.23195473723066648,0.5161556005477905,0.0019352890985632,1.4916655471460532,0.9039774644101708,0.4046831792476639,-0.23626616881584758
29,118,1,0.20170940170940171,0.22755600017977218,0.5138696432113647,0.0048695319702631735,0.26741291962118213,-0.49287929344287423,0.224485695322128,0.2685998867359703
29,119,1,0.20341880341880342,0.23620380550972775,0.5092778205871582,0.003085516206354123,0.6431076977855719,0.5067862855735944,-0.1374785768580825,-0.2741200550327878
29,120,1,0.20512820512820512,0.23724226083432084,0.5031914114952087,0.00244348044515572,1.0288951711430825,-0.22760268003788678,-0.6172581366225862,-0.6441928815683056
29,121,1,0.20683760683760682,0.23146481656497955,0.5127275586128235,0.006018866546817147,0.18415978507700714,0.6491351979448952,0.13445743109869265,0.4566317714387281
29,122,1,0.20854700854700856,0.22819896141919033,0.5236350893974304,0.00916224152618464,0.0,0.4573289909250952,0.9942764539242355,1.523910968963503
29,123,1,0.21025641025641026,0.23636040308256537,0.513739824295044,0.005143364959239642,0.2731959179588497,-0.36527435290334,0.21425232757103765,0.3190072327253452
29,124,1,0.21196581196581196,0.23171821923766434,0.5108993053436279,0.005904709450741594,0.7330167907976239,0.8080989779503015,-0.009660148804518716,0.36142579956618803
29,125,1,0.21367521367521367,0.23726183242803156,0.5144330263137817,0.002825906182307511,0.342101764250045,-0.2925358934724009,0.26889606813356326,-0.1235728281743661
29,126,1,0.2153846153846154,0.2330286942340046,0.5090351700782776,0.004600641981033162,0.29558255996910837,0.06311155173223666,-0.1566062353129442,0.023532164021014795
29,127,1,0.2170940170940171,0.2432405405009803,0.5245753526687622,0.004403771082238951,1.5231849182261792,0.8064348653682211,1.0683955431223302,0.5961143213683923
29,128,1,0.2188034188034188,0.24483687850235114,0.5141270160675049,0.004330802162955619,-0.5547531118492418,0.0995874553311729,0.24477388721799953,0.16950787485820576
29,129,1,0.2205128205128205,0.2449148686655079,0.5057364702224731,0.002748930216053868,0.070094928196132,0.0406181325507816,-0.41663620383846917,-0.4819470757510411
29,130,1,0.2222222222222222,0.24144472066971814,0.5177281498908997,0.005117434458484607,-0.022406943408635683,0.3194439702927086,0.5286441257017579,0.4709453069255697
29,131,1,0.22393162393162394,0.24967629379022177,0.4968806207180023,0.002127250286296301,-0.5229205191941569,-0.33882251207693603,-1.1147252597015893,-0.9570471790729238
29,132,1,0.22564102564102564,0.25635977698260004,0.5191560387611389,0.006897104402475441,2.5032465256733505,0.8606974081827278,0.6412017739318407,0.8880807520386726
29,133,1,0.22735042735042735,0.24979343995457476,0.5188332200050354,0.00417762758413545,2.7049061161513035,1.3347922513154507,0.6157546115168245,0.32393963475247317
29,134,1,0.22905982905982905,0.25840929238629984,0.5073723196983337,0.005519287531266317,1.2876190922589226,1.256828412731312,-0.2876854334396286,0.14426268221810584
29,135,1,0.23076923076923078,0.25390977981227747,0.527723491191864,0.004254780198902911,1.8938855523898348,1.9894909025673013,1.316557060344249,0.6899847890758622
29,136,1,0.23247863247863249,0.2550856446237595,0.5114089250564575,0.0038763228640408655,2.399219260190002,0.5080795012685445,0.030512162615050846,-0.02977595360067799
29,137,1,0.2341880341880342,0.26152411232190886,0.5095058679580688,0.003969370290606499,1.1009042311861856,0.1475447510644634,-0.11950205481231956,-0.0859162044138779
29,138,1,0.2358974358974359,0.26703196790239475,0.5116034150123596,0.005555278443158491,2.1505474314705286,0.38402269820677953,0.04584342017786435,0.31832484358482593
29,139,1,0.2376068376068376,0.2626900741220836,0.5023465752601624,0.003192371077796729,-0.29757789740958746,-0.6910793689240012,-0.6838549017759171,-0.5256416787179516
29,140,1,0.23931623931623933,0.2667399157330819,0.5166170597076416,0.0027563027712967335,0.25190845166071535,0.131622443104557,0.44105908977518526,-0.05160452513800806
29,141,1,0.24102564102564103,0.26033757434024885,0.5123411417007446,0.008403425352793316,-0.031240951902384618,-0.3414352016535358,0.10399695215915236,0.9249090700948951
29,142,1,0.24273504273504273,0.2688710445600978,0.5082465410232544,0.003534955227921069,-0.5786275563405554,-0.28374924774808236,-0.21877229992023367,-0.22363594746763066
29,143,1,0.24444444444444444,0.2557609011483805,0.5068039894104004,0.013143233213672405,-0.11867907471198301,-0.8743582298131402,-0.3324857830753708,1.6677397566706702
29,144,1,0.24615384615384617,0.2688711026891964,0.509915292263031,0.005727017635772566,-1.1204051744271468,-0.5888529658295291,-0.08722794871395426,0.28661203455405004
29,145,1,0.24786324786324787,0.26982556644669753,0.5073164701461792,0.004562021505531208,0.11771620838896113,-0.42467693576427296,-0.292087942889937,-0.05203961051659613
29,146,1,0.24957264957264957,0.26873312902880236,0.510260283946991,0.005282931491771571,0.12041629437309778,-0.7856088410421839,-0.06003293836349009,0.21016395240149896
29,147,1,0.2512820512820513,0.2651782770587562,0.5104599595069885,0.006176982159335839,0.004419904446642606,-0.33822842060285996,-0.04429290991254763,0.3993170770080064
29,148,1,0.252991452991453,0.27104762051628833,0.5061550736427307,0.003434655756880729,0.8484418413697559,0.3463979989397404,-0.3836385262829561,-0.3264063868648558
29,149,1,0.2547008547008547,0.27710178014318243,0.506821870803833,0.004161149707371482,0.09253087360244906,-0.020419022432194938,-0.33107622828871924,-0.15281693891330148
29,150,1,0.2564102564102564,0.2737652155650812,0.5066667795181274,0.002741248244108594,1.7413350445857658,0.19648344652564753,-0.3433017668049438,-0.44683750023888924
29,151,1,0.25811965811965815,0.2804164185629185,0.5285370349884033,0.004439186728318497,2.748881845235583,1.0506589775868882,1.3806871046209395,0.7594411923068528
29,152,1,0.25982905982905985,0.2846737413314176,0.5238106846809387,0.0048465004613751205,2.5411405358438444,1.9192010190460902,1.0081182819291539,0.6557461722653493
29,153,1,0.26153846153846155,0.2792446392383621,0.5080758929252625,0.0041821543681982,1.9386878384080337,-0.33383345660403196,-0.2322241511008451,-0.09913186849341658
29,154,1,0.26324786324786326,0.2930353732730363,0.5275506377220154,0.009265887425416548,2.4568172275852262,2.4045836001862586,1.3029313640732838,1.69925429223506
29,155,1,0.26495726495726496,0.2885862696570661,0.5037930607795715,0.003663117766158347,-0.052627024992635656,-0.4757884961748403,-0.5698313165677166,-0.37317844587248283
29,156,1,0.26666666666666666,0.29512705211380336,0.5042914748191833,0.005149517514544396,1.0705333392142424,0.406105833221055,-0.530542326147782,-0.052142564879961106
29,157,1,0.26837606837606837,0.29477299920137123,0.5377728939056396,0.004233982688217919,1.8855068752596835,0.8241821173037424,2.1087315489583833,1.0818550045702005
29,158,1,0.27008547008547007,0.29551212231757046,0.49119898676872253,0.002529020443270924,-0.08539058177329283,-0.8929851310030946,-1.562597197612257,-1.0995178056746027
29,159,1,0.2717948717948718,0.2947071934842385,0.5093833208084106,0.0030368995113891364,0.4627355736057532,0.6170345647047623,-0.12916220361683828,-0.27981968296277704
29,160,1,0.27350427350427353,0.3093425721920745,0.49348965287208557,0.010068248239653755,0.010661134347675998,-0.9116776776597977,-1.3820285309262363,0.5194658669608294
29,161,1,0.27521367521367524,0.30304250857405646,0.49461716413497925,0.004213232845711906,0.4292208650851482,0.16252176430318796,-1.2931490538539219,-0.6232926601609579
29,162,1,0.27692307692307694,0.3083056272437679,0.5074170827865601,0.005626311272031292,-0.6439168535208823,-1.0770156324865066,-0.2841568479570442,0.16772775469635143
29,163,1,0.27863247863247864,0.31717017749040305,0.4902282953262329,0.009076219943693826,-0.1461816691132375,-1.1111414283758378,-1.6391148792056371,0.18977304705489784
29,164,1,0.28034188034188035,0.3086076477863194,0.4929015636444092,0.0053379360641574985,-0.4196850082475098,0.23750529869693388,-1.4283864386012284,-0.4628597385798319
29,165,1,0.28205128205128205,0.30250943739120595,0.49909403920173645,0.011016535055605627,-0.43389598711138694,-0.016148784820189534,-0.9402458696939032,0.9326375568070024
29,166,1,0.28376068376068375,0.31490243854756256,0.4964408576488495,0.005287472758431373,-0.43147142010522344,-0.46197668997090585,-1.1493909104213067,-0.33359421898566033
29,167,1,0.28547008547008546,0.3142103381822039,0.49286335706710815,0.0052388827151100825,-0.6728463462080608,-1.5201487912271872,-1.4313981873287074,-0.4844502679418109
29,168,1,0.28717948717948716,0.3149628827139538,0.48941996693611145,0.0030190982935130567,-0.38321499616317206,-0.20438387844885816,-1.7028338033362211,-1.070264965217843
29,169,1,0.28888888888888886,0.3209431864428765,0.5027109980583191,0.005052430060970099,0.7381675455858374,-0.8273692047143936,-0.6551281752239582,-0.13412152758283571
29,170,1,0.2905982905982906,0.3200190688111023,0.4926571547985077,0.001668101023570359,1.515714003623455,0.053441974480147564,-1.4476527032767776,-1.2166107770709844
29,171,1,0.2923076923076923,0.3223129848424747,0.5114555954933167,0.0015475273012365803,2.5640115112153823,0.7476821726281005,0.03419110060821143,-0.5001371309241445
29,172,1,0.294017094017094,0.3223470537968375,0.4999498724937439,0.0017534588818411889,1.565092804875776,0.8333724826485657,-0.8727822283467817,-0.9118678649917988
29,173,1,0.29572649572649573,0.31956463530788654,0.5030854344367981,0.006085420338611093,-0.10550056696556306,0.1804593880922806,-0.6256120979914744,0.09009185547636345
29,174,1,0.29743589743589743,0.3216116541977924,0.4990736246109009,0.0038683766752756993,1.0414965391356428,0.0540327836808862,-0.9418551114086637,-0.5175708078145186
29,175,1,0.29914529914529914,0.3233276606880088,0.49264395236968994,0.002568730152678262,0.07618824790899034,-0.3121080893835371,-1.448693424560922,-1.0345141387578962
29,176,1,0.30085470085470084,0.3207975417318685,0.5029118061065674,0.0051596914389376875,1.0016477943214241,0.3562021493986644,-0.6392988749698612,-0.10445791296511123
29,177,1,0.30256410256410254,0.3269329280719954,0.48361441493034363,0.001363072917431497,0.872472896648549,-0.5081418644619559,-2.160473955918384,-1.6348707435249796
29,178,1,0.30427350427350425,0.32451518111703803,0.48783591389656067,0.0030577740518679297,-0.5491702272955757,-0.08347477551769517,-1.8277015633697276,-1.1248567150005035
29,179,1,0.305982905982906,0.3373047250608343,0.5046789646148682,0.009166914985431747,0.5882011157751795,0.6724852904674212,-0.49999727392104265,0.7777217238496084
29,180,1,0.3076923076923077,0.3262194240438114,0.4995107352733612,0.005412652124797553,0.9743511141037074,-0.9799128580717733,-0.9073985446489663,-0.18721591211739813
29,181,1,0.3094017094017094,0.33500097824132835,0.4957284927368164,0.004863097773756594,1.2840489463443443,-0.2582131611828233,-1.2055452238635274,-0.44772020938119816
29,182,1,0.3111111111111111,0.32612018129010417,0.5004255175590515,0.008884377998823733,0.1802387149904843,-0.1293708035950753,-0.8352880710218501,0.5527874203319658
29,183,1,0.3128205128205128,0.3317665671133674,0.5053874254226685,0.0058404209266967235,0.2591850528789741,-0.5309044300570807,-0.4441507132739077,0.13114498811209116
29,184,1,0.3145299145299145,0.32197628459924443,0.49277251958847046,0.01204498524608326,-1.889799170916528,-1.4151619962559305,-1.4385587256448973,0.8920158977945324
29,185,1,0.3162393162393162,0.32874435944253144,0.5106626152992249,0.006751266528663058,2.518785796031035,0.08958965074534012,-0.028317955663829913,0.5237499195818199
29,186,1,0.31794871794871793,0.32990266263252627,0.4970935881137848,0.0037590637993314313,0.6149525584364862,0.3891463268865185,-1.097937462192569,-0.6177769218109701
29,187,1,0.31965811965811963,0.3279022522817857,0.49019429087638855,0.004855992875672259,0.5728445580028878,0.37084108848363295,-1.641795382558253,-0.6672859207535642
29,188,1,0.3213675213675214,0.3334429713506808,0.4896398186683655,0.0022644827883141925,0.029950363005563124,-0.633380285925198,-1.6855033272343403,-1.214610122312515
29,189,1,0.3230769230769231,0.3388158133757202,0.4971657693386078,0.004573269775664258,0.9417006651140076,0.6782456801746231,-1.0922475593704524,-0.4498386516033761
29,190,1,0.3247863247863248,0.3332443811568386,0.5044842958450317,0.0036404010601360343,2.292866034492606,0.9857585868857485,-0.5153426270317226,-0.3505402775492234
29,191,1,0.3264957264957265,0.3259783155091365,0.5200541615486145,0.01161752120529472,3.099498596004882,0.7356066890196702,0.7119990123493933,1.8806195774522294
29,192,1,0.3282051282051282,0.33729411004129706,0.4933694899082184,0.004956814884376449,1.3419253329173102,-0.16101848311464187,-1.3915007390925347,-0.5216953199137682
29,193,1,0.3299145299145299,0.3355564735597191,0.49410590529441833,0.005612449790225214,1.5692516913432861,0.32427875891875313,-1.333450574462268,-0.3597297462834733
29,194,1,0.3316239316239316,0.33913503273060497,0.4861312806606293,0.003099821966954983,0.872179976471967,-0.17760709256204796,-1.9620744211812213,-1.1835172548167812
29,195,1,0.3333333333333333,0.33801487234049393,0.4915887117385864,0.00334328547000915,-0.1291110932779761,0.18450314884400287,-1.5318759510371862,-0.9190518901738693
29,196,1,0.335042735042735,0.34973611262147863,0.4925432503223419,0.00799150828027499,1.2396033848976267,-0.6236188050196607,-1.4566315672677481,0.06107201817928465
29,197,1,0.3367521367521368,0.34872502623213353,0.5042172074317932,0.005224360875192017,1.001641993921888,-0.8728779245379561,-0.5363966770283415,-0.03989404871594479
29,198,1,0.3384615384615385,0.34503387586543427,0.49993187189102173,0.004076179747483628,0.5039619133098375,-0.1457198070888485,-0.8742011801653442,-0.4416084368480824
29,199,1,0.3401709401709402,0.34917215756811193,0.4993860721588135,0.0038530976619209904,0.4492003412878522,-0.2622372282945209,-0.9172254907699054,-0.5083540624762227
29,200,1,0.3418803418803419,0.34244352103012116,0.4983145594596863,0.009967754214843307,-0.03942241544830246,-0.6451636472065965,-1.0016907121020227,0.6892580012602019
29,201,1,0.3435897435897436,0.3472843945386649,0.5035918354988098,0.0048752731280970706,-0.463530228342223,-1.0358756184750724,-0.5856935064335022,-0.135325602322374
29,202,1,0.3452991452991453,0.34564613230861374,0.502311646938324,0.004581837115144193,0.26828007935185544,-0.5480346146051639,-0.6866082321258431,-0.24528182251052374
29,203,1,0.347008547008547,0.3500541781137556,0.5035367608070374,0.002940621126645468,1.3312641985696343,-0.02636321944629316,-0.590034935176389,-0.5297780352272162
29,204,1,0.3487179487179487,0.34049948757772897,0.5091907382011414,0.010102051093234756,0.07680599045960378,-0.17504363708550974,-0.14434310866907563,1.1451626487357784
29,205,1,0.3504273504273504,0.34827182361271875,0.49476268887519836,0.004880978278006829,-1.0809972599776851,0.7179316470975725,-1.281677627148556,-0.48216085204449394
29,206,1,0.35213675213675216,0.3458694151208245,0.48927998542785645,0.005480143357832468,-0.09207264203908322,0.3595238100161505,-1.713868268057725,-0.5767658439940826
29,207,1,0.35384615384615387,0.35456414934907704,0.5044631958007812,0.005286541190524416,0.21754978500758215,1.1960866623487048,-0.5170059016799715,-0.017590604947309574
29,208,1,0.35555555555555557,0.3577193342152879,0.5077226161956787,0.006173633127025692,0.0802398269850794,-1.046953290988922,-0.26007225516912447,0.2907483343717462
29,209,1,0.3572649572649573,0.36294383281541254,0.5071523785591125,0.007093170067760597,2.9679107321249156,-0.5672588895425318,-0.3050229573154429,0.4547238442781224
29,210,1,0.358974358974359,0.3559789239905617,0.5159022808074951,0.005198909754092365,1.4095028877146982,1.3914836763996608,0.38471448643676676,0.415500910064222
29,211,1,0.3606837606837607,0.36943869480123936,0.5187149047851562,0.0073926525354797,3.3889182314666964,0.7288616173112374,0.6064280573451467,0.9711742246188213
29,212,1,0.3623931623931624,0.36746210757697506,0.4958094358444214,0.00382217091806559,0.37296569018257164,0.671717238506461,-1.1991646391959512,-0.6555945299657294
29,213,1,0.3641025641025641,0.3811679889205531,0.5136525630950928,0.012967616951331041,1.097070167092707,1.7228488634539403,0.20737370021217805,1.9020604848370894
29,214,1,0.3658119658119658,0.3626779036077779,0.49637696146965027,0.010078507387729268,0.04115383470988096,-0.15210054645682583,-1.1544277195256083,0.6353464794553013
29,215,1,0.36752136752136755,0.38247820271578065,0.5060074925422668,0.009089732787625617,-1.1229776516214853,-1.068462028169146,-0.39527205178878694,0.8144344065705582
29,216,1,0.36923076923076925,0.36877520140792175,0.5029857754707336,0.010266687501326787,-0.050379370172328554,0.5158125372515459,-0.6334680166690791,0.933982866684556
29,217,1,0.37094017094017095,0.37566979392651,0.49887654185295105,0.008897168089793482,0.5069578196703244,-0.36394503220167806,-0.9573907544155418,0.4943294746888015
29,218,1,0.37264957264957266,0.37749734272751034,0.5114425420761108,0.005889704437877981,0.7729380406060462,0.21032479318961894,0.03316212561395578,0.37979442978794775
29,219,1,0.37435897435897436,0.3781626892525559,0.5256840586662292,0.0043339827334618036,0.37828755675710524,0.980789225052869,1.1557926384106827,0.6256621621302112
29,220,1,0.37606837606837606,0.3753727511634906,0.504931628704071,0.0038979878383087765,-0.2352932071890516,1.5607570769579564,-0.480080264785656,-0.2806792463356996
29,221,1,0.37777777777777777,0.379090284100554,0.4962257146835327,0.002839712374034294,-0.7701219466311839,-0.4907425335002028,-1.1663502037627027,-0.8383965373455282
29,222,1,0.37948717948717947,0.3809737365564717,0.5005242228507996,0.0019970420482753443,-0.44333323715690864,-0.4335226624086654,-0.8275073285995335,-0.839840021877994
29,223,1,0.3811965811965812,0.3866717484198701,0.49714845418930054,0.004027400978427227,-0.15653828248525897,0.5324208403389765,-1.0936124782555265,-0.5612047635649364
29,224,1,0.38290598290598293,0.3871658674944288,0.5186699032783508,0.002996092158512963,-0.32274873119725883,0.6600520390652103,0.6028806777987402,0.07792741253819818
29,225,1,0.38461538461538464,0.3836743243855073,0.5172698497772217,0.004045566930498722,0.4243166272772265,1.724289781449075,0.49251723651987833,0.23554353192535732
29,226,1,0.38632478632478634,0.38767298503519854,0.5032487511634827,0.0023433502422564273,0.281681902480422,-0.2688707027094809,-0.6127381642733902,-0.6622358997794889
29,227,1,0.38803418803418804,0.38423439027556017,0.5052474141120911,0.006306323231365889,0.4593336392777271,-0.7380290067426987,-0.4551875272533894,0.22009574488263367
29,228,1,0.38974358974358975,0.3930172060946065,0.5180990695953369,0.0035557485622089795,1.6506196960381714,1.5435907874031616,0.5578829904928668,0.16890787972016522
29,229,1,0.39145299145299145,0.3938559470618158,0.5100857019424438,0.002891264391953145,-0.012233042622006899,0.178696807310077,-0.07379489159716486,-0.28166588291065364
29,230,1,0.39316239316239315,0.399623285228224,0.5014240741729736,0.005683670938253877,1.0454089086228613,0.01346716750350359,-0.7565738332192713,-0.0568501457541451
29,231,1,0.39487179487179486,0.3895032537422903,0.5131217241287231,0.0074239355959361975,2.5815664204119226,1.7603192958741198,0.16552871711244863,0.7570676966839351
29,232,1,0.39658119658119656,0.4014273894428288,0.5092756152153015,0.003978724999887297,1.3512784771695558,1.0890517288148875,-0.1376524219484362,-0.09309457065752924
29,233,1,0.39829059829059826,0.3965999705594261,0.5021387934684753,0.0055975460218364755,1.664526153926394,0.18695828930040567,-0.7002339283968082,-0.04614340129732297
29,234,1,0.4,0.396841563291511,0.49877187609672546,0.0053138590955616165,1.3689348933579812,1.379066836364137,-0.9656413484334089,-0.2363691849914369
29,235,1,0.4017094017094017,0.3935745969914012,0.49994468688964844,0.006762929440787742,0.8569133248924876,0.6627106804685342,-0.8731909992349106,0.10367824026300859
29,236,1,0.40341880341880343,0.39922879220956325,0.49778449535369873,0.004104771209349485,1.6524845244890842,-0.37433670958800325,-1.0434746144943305,-0.5204477766094534
29,237,1,0.40512820512820513,0.3965904160977063,0.5001457333564758,0.004215296838443962,-0.8904396342121651,0.37049644978320206,-0.8573429049169915,-0.4049710780666437
29,238,1,0.40683760683760684,0.40163933430671456,0.4952617585659027,0.0023252320376266544,0.5072362388480656,-0.13985438463484876,-1.2423369530531108,-0.9807090507124248
29,239,1,0.40854700854700854,0.396542894085298,0.501436710357666,0.005459872989223154,0.14518110019322983,-0.30879299331272586,-0.7555777478367042,-0.10173072618689127
29,240,1,0.41025641025641024,0.4031124913213243,0.5077815055847168,0.002782600517953335,1.9124932341022096,0.9666327801485036,-0.25543012140508536,-0.39451684086708977
29,241,1,0.41196581196581195,0.4036403343567715,0.5122537016868591,0.002055732426623638,0.4877758984038583,1.1545166705300665,0.09710422925242622,-0.3656338275478125
29,242,1,0.41367521367521365,0.40236751839551316,0.5020597577095032,0.0034763501463914554,0.5160035427471473,-0.62365819229971,-0.7064641605538081,-0.47936499789076115
29,243,1,0.4153846153846154,0.41206625132736646,0.510871171951294,0.006405959614464813,-0.3893199166751029,-1.4070908861191733,-0.011877848335517176,0.4619534588436361
29,244,1,0.4170940170940171,0.4165728382352121,0.5006500482559204,0.007031707211793343,-0.31652200229506616,0.25181601044815877,-0.817588761417462,0.18597836252455424
29,245,1,0.4188034188034188,0.40619623253431003,0.5029374957084656,0.0067099852175806236,-0.7935787623558856,-0.5631921528774474,-0.6372738145930384,0.21090154228340435
29,246,1,0.4205128205128205,0.4152643079553922,0.4896012544631958,0.005018834658188823,-0.6492329196958797,-1.1117092616632145,-1.688543267057552,-0.6576410801695518
29,247,1,0.4222222222222222,0.4111557246562067,0.5014094710350037,0.006395618221716765,0.9536436877592007,-0.45248763775237577,-0.75772496962837,0.08693301497677042
29,248,1,0.4239316239316239,0.41881724158337263,0.503409206867218,0.004548867629377126,1.4637424237784187,0.7997324632131749,-0.6000897593211701,-0.20870767806589513
29,249,1,0.4256410256410256,0.42028927289902845,0.5098794102668762,0.0033335016524270534,0.9262077979526134,1.672301854057412,-0.0900564553191684,-0.20012596822879347
29,250,1,0.42735042735042733,0.42565104862126085,0.5010766386985779,0.005024929674585966,0.8457649569837643,0.43133995063926983,-0.7839614827239111,-0.2041143256848743
29,251,1,0.42905982905982903,0.4208425554114291,0.5155380964279175,0.0038280783407842523,2.047396026317158,0.9159118102650913,0.3560065539486299,0.12318889129774149
29,252,1,0.4307692307692308,0.42459204911205994,0.525913417339325,0.0020783131055681454,1.7918043209509067,0.3805336416490841,1.1738725278074666,0.17732891650300853
29,253,1,0.4324786324786325,0.4297812222095443,0.5126309394836426,0.003174611035188029,-0.24944038165802973,0.34844285522896357,0.1268411367348187,-0.12389479291218596
29,254,1,0.4341880341880342,0.43010579508170654,0.49450960755348206,0.0024994165768290333,0.6273132098482912,0.615724937643125,-1.3016275258956311,-0.9750356284827293
29,255,1,0.4358974358974359,0.42339663475425005,0.49877554178237915,0.007178252872609802,1.5183038820164025,-0.24002280234674797,-0.9653523897021453,0.14181103120680288
29,256,1,0.4376068376068376,0.427540791808569,0.5199347138404846,0.004895797746520571,0.8976901336325106,-0.1512012035623681,0.7025831863745609,0.5129744396121054
29,257,1,0.4393162393162393,0.4172463624009451,0.510181725025177,0.014704230735747255,-0.13352229712531427,1.0178592201258814,-0.06622558239284596,2.117387137704503
29,258,1,0.441025641025641,0.4312523595263542,0.5059375166893005,0.005257784858027756,-0.8689346529314204,-0.5297556343889778,-0.4007881095205501,0.034687483564919436
29,259,1,0.4427350427350427,0.42405790000304017,0.5013304352760315,0.0067535952244419,1.092832975231457,-0.15191017460325448,-0.7639552017853699,0.15640347693457146
29,260,1,0.4444444444444444,0.42928374942512987,0.49842092394828796,0.005221118667369467,0.2710323689318186,0.5215663624120728,-0.9933062103794236,-0.26900622502149574
29,261,1,0.4461538461538462,0.4280095954486466,0.5109464526176453,0.0039590652022397305,0.6211038821447074,0.9612039000483831,-0.005943622683714093,-0.031226510274511152
29,262,1,0.4478632478632479,0.4292359089205342,0.5068719983100891,0.0032017895082754573,1.5930014272445698,-0.06295072033870225,-0.32712477637013937,-0.3453668781959043
29,263,1,0.4495726495726496,0.423053127333494,0.5038402676582336,0.008838143289018595,1.0664614587397765,0.7389086559971317,-0.5661100919309565,0.6780015810169023
29,264,1,0.4512820512820513,0.4281967165239389,0.5096417665481567,0.005166259091774605,-0.7442318633010143,-0.5958934421383313,-0.10878943843376768,0.1621285022384379
29,265,1,0.452991452991453,0.4266537274240353,0.49731677770614624,0.004817098981793711,0.029840155414373872,0.4096211479654499,-1.0803438691971798,-0.3944465247826975
29,266,1,0.4547008547008547,0.4224257401999816,0.5058538913726807,0.008603612023693892,0.41832191435648486,0.16817055671691686,-0.4073801274061239,0.709811588150791
29,267,1,0.4564102564102564,0.42773686386180076,0.5059658288955688,0.0033966115780111705,-0.39837144015146225,0.17371103411051034,-0.3985563144416851,-0.3415793483092786
29,268,1,0.4581196581196581,0.42933944763576193,0.49523496627807617,0.0029173573884722953,0.4584403777491405,-0.012649881442481801,-1.2444489359751105,-0.8617021316124369
29,269,1,0.4598290598290598,0.41997341098511426,0.5044257044792175,0.010810015968455504,0.44272419520559964,0.815044268332318,-0.5199612682159843,1.1009048007624096
29,270,1,0.46153846153846156,0.425495483171659,0.501179575920105,0.00553000433081793,0.8982353711889205,-1.4978621552659905,-0.7758471456687536,-0.097645170926346
29,271,1,0.46324786324786327,0.4240502442448788,0.5040268898010254,0.006171163102492359,-0.6572896746517676,-0.13401850264088594,-0.5513990384742696,0.14458410563424645
29,272,1,0.46495726495726497,0.42201386073564195,0.5124466419219971,0.0069452679468863954,1.4136385725840632,0.58334531116931,0.11231332540039658,0.6334024587817378
29,273,1,0.4666666666666667,0.4217757444408186,0.4919637441635132,0.005351987516679759,1.5190550337563504,0.459498573601141,-1.5023128886451476,-0.49697380626538845
29,274,1,0.4683760683760684,0.42465615813338814,0.49337124824523926,0.003513467599686108,0.7125848834310904,-0.5457403055422955,-1.3913621328718473,-0.8142878251565614
29,275,1,0.4700854700854701,0.42875256102745046,0.4973351061344147,0.0024285043128477535,0.7964963633226327,-0.24782804834317293,-1.078899075540862,-0.8780500020191179
29,276,1,0.4717948717948718,0.4339947940959194,0.5031080842018127,0.005450730838419722,0.9638987941393373,0.6472019389491448,-0.6238266619283825,-0.0377089009171363
29,277,1,0.4735042735042735,0.43826481655825283,0.526496171951294,0.006725519960683808,1.703040806847269,1.4879661011536183,1.219809918304441,1.1425933270207662
29,278,1,0.4752136752136752,0.4344744904881326,0.5117335319519043,0.003014930004063473,1.9213649451929442,1.0469434441689096,0.05610028050873223,-0.19164311082645763
29,279,1,0.47692307692307695,0.4425517302897497,0.5265963673591614,0.004435582574135994,1.055788723593028,1.9027207246188196,1.2277081236256453,0.6822209017503266
29,280,1,0.47863247863247865,0.4460333496518033,0.5375449657440186,0.0044674096206147994,1.4070580193101578,2.5888701189899908,2.090764423944531,1.1202024959809411
29,281,1,0.48034188034188036,0.44890024926303945,0.5232165455818176,0.0043246703428799615,0.916921358295035,1.4711904021259783,0.9612834748846778,0.5265193438376632
29,282,1,0.48205128205128206,0.44672611432186576,0.5306802988052368,0.0032385489528170474,0.5007890947634944,1.6465294438118574,1.549636341348996,0.6004672475409564
29,283,1,0.48376068376068376,0.45221388866250684,0.524459719657898,0.0019575187772536656,0.0721453694322057,1.9670762579459449,1.05928042216865,0.09553987648758894
29,284,1,0.48547008547008547,0.45230891584000904,0.5240557193756104,0.0014975746977713739,1.6011712899914152,3.3519921053973945,1.0274338810222357,-0.013644432139592655
29,285,1,0.48717948717948717,0.45441160303780376,0.5304267406463623,0.0013686733755528453,1.260577629620802,2.679828477717042,1.5296488544742768,0.21132624436775738
29,286,1,0.4888888888888889,0.467511960355696,0.5285115242004395,0.011852347716974783,2.6693989703899876,2.4641207562540264,1.3786761397919833,2.2615729822353487
29,287,1,0.4905982905982906,0.4650620452161302,0.5344093441963196,0.006279825073369291,0.5022391946475635,1.9584734195285227,1.8435895950732686,1.3641113795718083
29,288,1,0.49230769230769234,0.4840743618729531,0.5268588662147522,0.020006248587368505,1.5843820335336631,2.3649698432767328,1.2484003878936902,3.84976926860017
29,289,1,0.49401709401709404,0.4882192940694667,0.5165526270866394,0.016209819275646034,1.5649825972845868,1.9470740842276044,0.4359799940272841,2.67377214689929
29,290,1,0.49572649572649574,0.4974189232661346,0.5308862328529358,0.016957525714398278,1.6425223382855294,0.9278921079467359,1.5658697139752664,3.3903264779989106
29,291,1,0.49743589743589745,0.49991233105727506,0.5245964527130127,0.011974192777929034,3.634028614870896,2.151297131282928,1.070058817770579,2.13197036131355
29,292,1,0.49914529914529915,0.5081326578748511,0.5268132090568542,0.01148194813521884,3.9340513806850237,0.9657203081606962,1.2448013246717733,2.1195311195245234
29,293,1,0.5008547008547009,0.5092330788042116,0.5175129175186157,0.0068664810340595996,4.076143768125187,1.2341117989629113,0.5116777845864285,0.8171093783249637
29,294,1,0.5025641025641026,0.5119245667286689,0.5364726185798645,0.004005836804875968,7.036386372063145,3.33946038579506,2.006233423389037,0.9843457052538155
29,295,1,0.5042735042735043,0.5127967616296363,0.5829346776008606,0.0018790572508733477,9.550818968242204,3.8124425382663922,5.668745404769171,2.384363035058175
29,296,1,0.505982905982906,0.5165019847154794,0.6049692630767822,0.0017357362829625144,10.020079991326268,5.730612923484527,7.405688084684383,3.223773750390914
29,297,1,0.5076923076923077,0.5170935066566567,0.6022519469261169,0.0007880619780290574,11.258433390123828,6.628708554074011,7.191487440788856,2.924517265644721
29,298,1,0.5094017094017094,0.5188474382123065,0.588320791721344,0.0005488172273777032,12.076704453305641,7.023743279327891,6.093322100572444,2.326923885669734
29,299,1,0.5111111111111111,0.5196978472101281,0.584548830986023,0.0009115148182724718,11.45232044522317,8.0532217470683,5.795985915360208,2.2517985460534913
29,300,1,0.5128205128205128,0.5223543565924946,0.582867443561554,0.0005440800207093612,10.519372583009403,5.572144766753074,5.6634454787713615,2.1110250301485003
29,301,1,0.5145299145299145,0.5234647322962581,0.5736495852470398,0.0004636867186082787,10.24675960520395,4.549719904414817,4.93681998625248,1.7314112526528869
29,302,1,0.5162393162393163,0.5251659034890285,0.5987163186073303,0.0003587002592386953,13.00373010759287,7.907501939979451,6.912780871340198,2.6981040069337734
29,303,1,0.517948717948718,0.5264338438814844,0.6072921752929688,0.00048134818866781167,14.555247077353991,7.615241757467395,7.588798648502332,3.060981730062303
29,304,1,0.5196581196581197,0.5290488124925743,0.6261340975761414,0.0004979790430830823,14.054663896774034,7.900471310490661,9.074070019776862,3.8069895881346136
29,305,1,0.5213675213675214,0.5292933511926361,0.586428165435791,0.0009794540203750968,8.287755867420108,5.873490281863155,5.944130123437287,2.3396464128321046
29,306,1,0.5230769230769231,0.5321161739375164,0.5390822291374207,0.0005503261472096195,5.919232321576081,3.33636191976452,2.211943848952966,0.38654071755385844
29,307,1,0.5247863247863248,0.5325580578574773,0.5338384509086609,0.0009094696917503353,5.151978672515586,3.615893446273996,1.7985872092514397,0.2526845107998691
29,308,1,0.5264957264957265,0.5357259157197265,0.538649320602417,0.0007843688014643825,3.2867267924365793,1.8182547025532185,2.1778185275681317,0.41693395825987856
29,309,1,0.5282051282051282,0.5382177621095833,0.5235251784324646,0.001549905259569313,2.1722380255364344,1.4988895068206083,0.9856123905022838,-0.023944316790781572
29,310,1,0.5299145299145299,0.5407317343474423,0.5132282376289368,0.001832774768191504,2.3855506186827666,1.7082296180089962,0.17392496512493644,-0.37243170034131945
29,311,1,0.5316239316239316,0.5438523155289483,0.5277126431465149,0.002799465847216088,3.0045054527992834,0.40102487409470267,1.315701930440347,0.3944689010261785
29,312,1,0.5333333333333333,0.548875461060857,0.5315943956375122,0.004999046961257093,1.4208136668104372,1.4769409450131679,1.621692782042624,0.9934646715002596
29,313,1,0.535042735042735,0.5581757402875795,0.5096198320388794,0.011011939852696951,1.715189743676,0.8655715840888216,-0.1105184923053936,1.346569494420095
29,314,1,0.5367521367521367,0.5710930037477044,0.5224489569664001,0.01893970876832278,2.821749364410055,2.6084784199078386,0.9007759864096817,3.459699015874844
29,315,1,0.5384615384615384,0.578025136574232,0.5056678056716919,0.01828152424478484,1.0447041600792037,-0.8561908468904269,-0.42204889421921116,2.6648291083715585
29,316,1,0.5401709401709401,0.5817505715070915,0.5186111927032471,0.013463753916323385,2.298692535826796,0.37298113069964184,0.5982526395825676,2.198099680524227
29,317,1,0.5418803418803418,0.5969798231298513,0.504073441028595,0.020474227927524555,1.3574791042738352,-0.7866526039634888,-0.54772949751302,3.0465946419106498
29,318,1,0.5435897435897435,0.5937295141261707,0.5136281847953796,0.009996949149751275,0.6084822127537699,0.5666385398817562,0.2054520071863764,1.2987491021444673
29,319,1,0.5452991452991452,0.607512715534591,0.5074217915534973,0.015646972027079695,0.7817430471021137,0.7548637866904125,-0.2837856651965593,2.199763011484706
29,320,1,0.5470085470085471,0.5992194903740631,0.5134711861610413,0.006404216823160039,0.8667972057023026,-0.6596975535447671,0.19307611615957568,0.5640770622056936
29,321,1,0.5487179487179488,0.6032459952282807,0.4999634027481079,0.0037347799756871,-0.20366652871750462,-0.1737963732172837,-0.871715665224882,-0.509589958000966
29,322,1,0.5504273504273505,0.6071964438546893,0.5159196257591248,0.004729858009593817,0.01845687132443146,-0.8462389941313183,0.38608175457981875,0.3210767809437526
29,323,1,0.5521367521367522,0.6090345751400205,0.5323210954666138,0.003131087654764727,2.0468275871626025,4.075129438008142,1.6789770885721433,0.6433481196586364
29,324,1,0.5538461538461539,0.612061123129815,0.5153511166572571,0.0031425148073767183,2.285096399313764,1.4797013368899523,0.3412673093962101,-0.023189731484580506
29,325,1,0.5555555555555556,0.6167212699127678,0.5323565602302551,0.004592253401391534,3.8218542524548296,1.9016178807774409,1.681772705565669,0.9410207154136903
29,326,1,0.5572649572649573,0.6209442690120222,0.5482136607170105,0.0054464338295241565,5.101622503941402,4.998626581956049,2.9317564933363647,1.7392113892522514
29,327,1,0.558974358974359,0.6232038513627651,0.5296341180801392,0.004269059890933914,3.9908169907467927,2.347071606767689,1.4671679892979685,0.7681856901097083
29,328,1,0.5606837606837607,0.6191619373649786,0.5347974896430969,0.0034699945415806927,2.4408110250648716,3.1980370745049167,1.8741863309755185,0.8096715470762319
29,329,1,0.5623931623931624,0.6224235902113557,0.5431907176971436,0.002610653863506142,2.9191699748215854,4.2574597219027615,2.5358078552499848,0.966237205831665
29,330,1,0.5641025641025641,0.6223530841105716,0.5225604176521301,0.003324810050383724,2.9799929643589795,0.18859614369578667,0.9095622112464764,0.297921003356004
29,331,1,0.5658119658119658,0.6264822392274673,0.5327537059783936,0.0022085330980634666,3.667163397221875,2.03300728247504,1.7130789173772003,0.4733363030521526
29,332,1,0.5675213675213675,0.6257157473732762,0.5171532034873962,0.0011339475284919843,0.8112902823399056,0.028545931215688696,0.4833222407949546,-0.35943149216786663
29,333,1,0.5692307692307692,0.6266931142874776,0.5199738144874573,0.001795033116364907,0.8937255605494656,0.4350587663305859,0.7056654128413723,-0.11421420163869439
29,334,1,0.5709401709401709,0.6281868348834327,0.5377898216247559,0.00136869353944029,1.461396162165995,0.6210684786364723,2.1100659274897464,0.5015388694270317
29,335,1,0.5726495726495726,0.6242785135803588,0.5204122066497803,0.006735452535729535,0.6915816367102335,0.03506780833717581,0.7402229976941131,0.9048138555908503
29,336,1,0.5743589743589743,0.6283661616782378,0.5135340690612793,0.0032918006403779526,-0.0720322616412483,-0.2574582383152128,0.19803305049263367,-0.06453676425827158
29,337,1,0.576068376068376,0.6288059462759268,0.537382960319519,0.002885615483138874,0.4106682871683682,0.6119142182983608,2.077993857577468,0.7930830848252818
29,338,1,0.5777777777777777,0.6291112565666613,0.5159153938293457,0.002542589711002562,0.031153945909340473,-0.7872893649909516,0.3857481599469779,-0.12259374025748518
29,339,1,0.5794871794871795,0.6288232704601681,0.5410126447677612,0.0030616812383029864,1.1415302295382654,0.3110413505488701,2.3641146852039134,0.9718436539940083
29,340,1,0.5811965811965812,0.6315150852171105,0.5199399590492249,0.0020030666451490943,0.6950212736352455,0.845605515377193,0.7029966557786453,-0.07336644605870524
29,341,1,0.582905982905983,0.6314358694635455,0.5259414911270142,0.0023725023395960877,1.7023099565056983,-0.6090192532147414,1.1760855288225096,0.23808700200458321
29,342,1,0.5846153846153846,0.6322605193418385,0.5208578705787659,0.0022053332582077523,0.9664422693359945,-0.0009420124478443895,0.7753538014934256,0.0038249262649693305
29,343,1,0.5863247863247864,0.6320932485139139,0.5357511639595032,0.003159919779926594,2.0001778738920994,2.8283218057760244,1.949362586263602,0.7843870442501747
29,344,1,0.588034188034188,0.631907996317244,0.5140397548675537,0.004162666490032928,1.7962880297924484,1.1637858104349883,0.2378952598591399,0.13197635716927217
29,345,1,0.5897435897435898,0.6346536253944565,0.5176918506622314,0.0020391832918251153,1.7601080376849245,-0.012873076029427511,0.5257827294848553,-0.15465017990384333
29,346,1,0.5914529914529915,0.6332914511556615,0.5228127837181091,0.0036818784093765474,1.4893366867322382,0.45175240852478993,0.9294557278020855,0.3802690975818278
29,347,1,0.5931623931623932,0.6353028499055351,0.5133344531059265,0.0020850155532605675,0.6425972626263795,-0.15705021464968066,0.18229772055764673,-0.31709945836779435
29,348,1,0.5948717948717949,0.6309252745560853,0.5119975805282593,0.007108188310313889,1.6557211474303264,-0.13236423687881776,0.07691470619162032,0.6487378655508731
29,349,1,0.5965811965811966,0.639418297815344,0.5225567817687988,0.0026437649173306566,0.6458860891634483,-0.021456220806824997,0.9092756017731907,0.15968487624489341
29,350,1,0.5982905982905983,0.636834019558854,0.5174698829650879,0.003401510604591766,-0.762923650806665,0.22708736312390918,0.5082854560665538,0.11283489314778322
29,351,1,0.6,0.6398685500759096,0.49585527181625366,0.0025893598361199283,0.13965621963492655,-0.8057521525140342,-1.1955514804261678,-0.9037601675427525
29,352,1,0.6017094017094017,0.6424331623844877,0.5092082023620605,0.0024664017290976664,1.813822637590612,-0.6089798659346921,-0.14296644349411258,-0.40239937710539136
29,353,1,0.6034188034188034,0.6420299904726151,0.5253864526748657,0.0019042953121842072,-0.9632433489917381,0.009131284424749447,1.132332948244845,0.12127422845946678
29,354,1,0.6051282051282051,0.6439921757204292,0.506060779094696,0.0008594256072320395,0.010292808977122448,-1.4762680789789933,-0.3910715785245653,-0.8522921237611527
29,355,1,0.6068376068376068,0.6430682906559666,0.50264972448349,0.003257161180568667,1.2368684965162722,-0.5117917524131856,-0.6599582496262175,-0.5005561202931695
29,356,1,0.6085470085470085,0.6531850961825958,0.5112128257751465,0.006059709201046272,1.1026994548426632,-0.4058465336273975,0.0150540451214387,0.40521158157233966
29,357,1,0.6102564102564103,0.6442096558862356,0.5068106055259705,0.005603714544840975,0.7560704787545545,-0.8061821303212384,-0.3319642478043097,0.13924220596022077
29,358,1,0.611965811965812,0.6462336465223653,0.5120949149131775,0.004287739145546279,0.7084753003596386,-1.0390397299723617,0.08458738274696033,0.08068290525858404
29,359,1,0.6136752136752137,0.6418066336194268,0.4987204670906067,0.009112020865538877,0.047911300169642956,-0.9606688894943808,-0.9696938184450321,0.5317427884643253
29,360,1,0.6153846153846154,0.6475453398872342,0.505754292011261,0.005078357037865268,0.5711189391408455,-0.5134000663485297,-0.4152313475677731,-0.008916003408706102
29,361,1,0.6170940170940171,0.6370587750031397,0.5348076224327087,0.012134526148850648,3.068921789849401,2.0564427141043393,1.8749850786879543,2.566943653928632
29,362,1,0.6188034188034188,0.6475433263268078,0.5464903116226196,0.004577290881393211,2.794269971606946,4.061524415024466,2.7959083015148423,1.495054622510678
29,363,1,0.6205128205128205,0.6353406606669034,0.5225012898445129,0.012392340215423557,2.389085962200127,1.8325358738444064,0.9049012834186153,2.1341776927525196
29,364,1,0.6222222222222222,0.645517698136255,0.49526235461235046,0.0065212040706346865,0.45154950310004416,-1.1753098721227293,-1.2422899678935557,-0.12988493931776707
29,365,1,0.6239316239316239,0.640460489239109,0.5191503763198853,0.006011229384175174,1.3123983990778951,-0.5901625928911665,0.6407554149160678,0.708232206147638
29,366,1,0.6256410256410256,0.649565667461826,0.5062751770019531,0.005490056867413088,0.9749833576531616,-0.24634774306798887,-0.37417101663261304,0.09509290476492557
29,367,1,0.6273504273504273,0.6407932900033466,0.5185195207595825,0.006172321045851624,0.85348238856678,-0.18612787414603413,0.5910263220430007,0.7160315774784465
29,368,1,0.629059829059829,0.6462731344503978,0.5090592503547668,0.004306293023541316,0.9381392197987339,0.9945944667101286,-0.1547080348669201,-0.035202707243754065
29,369,1,0.6307692307692307,0.6399931077494772,0.5369224548339844,0.008524519712367578,1.5682598230225828,0.19220007982029239,2.041693123305235,1.9183109790133495
29,370,1,0.6324786324786325,0.6486848756145125,0.5203850865364075,0.004611997474484977,0.13598746692823174,-0.7270498024289722,0.7380851729343583,0.4731803765455208
29,371,1,0.6341880341880342,0.6425142030703365,0.5163343548774719,0.005666381057271923,-0.4238525953143244,0.028326018902080422,0.41877402859822405,0.5273179845146168
29,372,1,0.6358974358974359,0.6450171341124673,0.5157659649848938,0.003996247368318991,2.6759592222655164,0.6260608163827138,0.3739689804465263,0.16626907173868066
29,373,1,0.6376068376068376,0.6405985096376905,0.5124658942222595,0.007698302672182732,-0.10323841114641527,-0.26558514709870656,0.11383094605402477,0.7868511357785928
29,374,1,0.6393162393162393,0.6527813273704335,0.5109519958496094,0.005680524449086325,1.1782612596017357,-0.4939329031841915,-0.005506660699852109,0.31804543936785695
29,375,1,0.6410256410256411,0.6554521607501089,0.5159033536911011,0.0059798850292021154,1.691872137540169,-0.1656300771537407,0.38479905972396583,0.5738984579239359
29,376,1,0.6427350427350428,0.658299400651874,0.5110935568809509,0.005592635511024053,1.4203148324503174,0.12190363175240636,0.0056523146944727695,0.3058040354332043
29,377,1,0.6444444444444445,0.6560053253782075,0.5111914277076721,0.004329828529212674,1.3849526966774084,-0.8804763873141226,0.013367277893412327,0.05360715034075563
29,378,1,0.6461538461538462,0.6646577663895793,0.5046515464782715,0.0047787306787484395,0.7673551560523801,0.5838507812632753,-0.502158591260575,-0.11313367455392875
29,379,1,0.6478632478632479,0.6693039754429319,0.5118983387947083,0.006455829977314543,-0.3023400254288704,-0.10280080092852362,0.06909167712570415,0.5125502373930594
29,380,1,0.6495726495726496,0.6683660146066923,0.5311121344566345,0.0033727923206240172,1.1821678286894177,1.3199071417301744,1.5836770894466312,0.644707617219746
29,381,1,0.6512820512820513,0.6748615447024905,0.5278564691543579,0.006033792074962864,1.4729447576427213,2.620320862109311,1.327039449440981,1.0559491707961317
29,382,1,0.652991452991453,0.6686547778266494,0.5437041521072388,0.004887029631948968,3.396713968443452,2.1479689061187672,2.576280871690707,1.4480454064300452
29,383,1,0.6547008547008547,0.68021319361422,0.51207435131073,0.00567213329635406,0.06605785011888363,0.4241649011236328,0.08296639474231103,0.3605805263069172
29,384,1,0.6564102564102564,0.6828574068103419,0.5072029829025269,0.0055890419496539955,0.44301421518241346,-1.2088875283647087,-0.3010339172692189,0.15173226725507516
29,385,1,0.6581196581196581,0.6781799991485609,0.5043250322341919,0.004927135120090255,0.580634494580107,-0.27236960608718863,-0.5278970616648326,-0.09591152937143257
29,386,1,0.6598290598290598,0.6840243987945263,0.521747887134552,0.0040589558623378985,0.7135680511524892,-0.5258891163974772,0.8455120417410295,0.41475575517926194
29,387,1,0.6615384615384615,0.6806786005650516,0.5236345529556274,0.004884631200035532,1.5135098517996701,0.16878434183101756,0.9942341672806358,0.6565357336918687
29,388,1,0.6632478632478632,0.6988708115283653,0.5251496434211731,0.013191228025570252,0.3004896979767982,0.32898553888463766,1.1136657443536229,2.4005472381710264
29,389,1,0.6649572649572649,0.6906136178231402,0.5316709280014038,0.005908176428086864,0.34326184415730027,0.7516865460997736,1.6277256765294925,1.1808216974884738
29,390,1,0.6666666666666666,0.6961844697947741,0.5248715877532959,0.006434094179893931,-0.18399447369022326,0.4678519592449179,1.091747167421191,1.0194707010454982
29,391,1,0.6683760683760683,0.7005031482969457,0.5301671624183655,0.006402312115552743,1.9141898509665702,0.02802076748169879,1.5091868174880516,1.2217462028575194
29,392,1,0.67008547008547,0.7099131504741027,0.5217258334159851,0.009125656440121544,0.4641247692946914,1.010388766009875,0.8437735908374925,1.4412413245204703
29,393,1,0.6717948717948717,0.7063944767432159,0.5247990489006042,0.0054546312728787115,0.567833012803545,0.5071276420006878,1.086029073503341,0.8180098424349905
29,394,1,0.6735042735042736,0.7088929751679094,0.5249108076095581,0.003607562189841536,2.738383122074923,0.2615971849937207,1.0948387909199135,0.4478918238505782
29,395,1,0.6752136752136753,0.6999111441956278,0.518025815486908,0.01075927564809047,0.8425341344420584,-0.9533133149451848,0.5521085143835509,1.6266512784059766
29,396,1,0.676923076923077,0.7002744196820335,0.5091758370399475,0.010247999136355311,1.1911787493690231,-0.03740150468009344,-0.14551773765795192,1.1741686404943306
29,397,1,0.6786324786324787,0.7167043138439972,0.5383104681968689,0.008591577723625716,0.7689792679225376,0.9934358242220134,2.151107464361085,1.986615236706324
29,398,1,0.6803418803418804,0.7007857654251892,0.5392824411392212,0.009904429970377647,2.5674366471415535,1.5371805075751472,2.227726164047508,2.291126433264015
29,399,1,0.6820512820512821,0.7083082680407504,0.547534167766571,0.005540690851756954,1.1555468950176773,1.0000167822635744,2.8781934114436054,1.7315419711256756
29,400,1,0.6837606837606838,0.7153712475049572,0.5373547673225403,0.007821796057214657,1.282276924286012,1.1959717827818945,2.075771459530514,1.7928616567460023
29,401,1,0.6854700854700855,0.7268025138404752,0.5333770513534546,0.01226563296357684,-0.39233612443396665,0.018590796183242587,1.7622159972398739,2.5371431223977905
29,402,1,0.6871794871794872,0.7223609100132531,0.5285588502883911,0.00836917748548125,1.072792594833622,1.3807670539529293,1.3824067614606546,1.557169670428797
29,403,1,0.6888888888888889,0.7184894185893038,0.5193379521369934,0.005660787969466832,0.16518957839361523,0.18773947035471564,0.6555416446280427,0.6445677042829354
29,404,1,0.6905982905982906,0.7300437995949267,0.5297349095344543,0.005969341361433693,1.006531730730969,-0.3306890387467674,1.4751131797787278,1.1169176202266933
29,405,1,0.6923076923076923,0.7251342808605974,0.5284987092018127,0.00515900008844403,3.125632296115575,1.4333720487320305,1.3776659588615496,0.9038843215510942
29,406,1,0.694017094017094,0.7361661520036954,0.519119381904602,0.00791456756600027,0.8345034812840837,-0.32929735485169415,0.6383121866192051,1.092942931436151
29,407,1,0.6957264957264957,0.7331263505150091,0.5267567038536072,0.004797666602545251,3.163743821268679,1.8133575507337627,1.2403471315459544,0.7619587490669633
29,408,1,0.6974358974358974,0.73932567494074,0.5205883383750916,0.0040815784247556185,0.44893062270941536,0.3055041554286141,0.7541071123426311,0.37364037779922593
29,409,1,0.6991452991452991,0.7326678234839338,0.5109607577323914,0.005385958842379848,-0.06323015534494889,0.10118920471984211,-0.004815978854392842,0.2586628797002226
29,410,1,0.7008547008547008,0.7349765043962997,0.5081796050071716,0.00489492203426772,0.11089783873406824,-0.4322688339937645,-0.22404873333826603,0.049480915052979746
29,411,1,0.7025641025641025,0.7410583029701174,0.5081832408905029,0.0034701077521631257,0.5273346232412632,0.14349114349272885,-0.2237621238649802,-0.23927972508291645
29,412,1,0.7042735042735043,0.7466331327532725,0.5171268582344055,0.0053815741323248855,1.953130833253362,0.9771360548283018,0.48124549674262135,0.5008045472192475
29,413,1,0.705982905982906,0.7393048485694933,0.5286238193511963,0.0037735745045874166,0.5036747935327919,-0.30651509561654466,1.3875281438521552,0.62789815940441
29,414,1,0.7076923076923077,0.7368951875559943,0.5036970973014832,0.00784249178947634,-0.2773055010303015,-0.1902701030978795,-0.57739592725608,0.47047435495792844
29,415,1,0.7094017094017094,0.7402425143697486,0.5172494053840637,0.005799602737887817,0.5083673167576395,0.5896965100772504,0.49090564554714006,0.5903966251566679
29,416,1,0.7111111111111111,0.7473027847925975,0.5173305869102478,0.005350141526172839,-0.6336791483393546,0.024420113630530517,0.4973050242785381,0.5024608460177662
29,417,1,0.7128205128205128,0.7392081217619415,0.5268245935440063,0.005972694233191788,2.621890797988116,2.534069283348144,1.2456987412192748,1.0028902494645815
29,418,1,0.7145299145299145,0.7368466761209476,0.5307055115699768,0.008309958172297781,1.5769053185314028,2.0332370416086603,1.5516238135981746,1.6297705310732078
29,419,1,0.7162393162393162,0.7377703565733111,0.5236417651176453,0.007374149861172534,2.176852243367542,1.5931235743384218,0.994802687711252,1.161609825866121
29,420,1,0.717948717948718,0.7395177847322875,0.5508673787117004,0.00503349989794002,1.891811909555616,0.3913684259359633,3.1409438207073674,1.7600760762530379
29,421,1,0.7196581196581197,0.742098274860887,0.5125148892402649,0.001468567079657348,1.6375281942847955,1.3475931173314546,0.11769312616945006,-0.4743965693221548
29,422,1,0.7213675213675214,0.735917108735114,0.5121878981590271,0.0073856465099192015,0.6246595270604448,0.3612470035183049,0.09191706763754846,0.7124981457298061
29,423,1,0.7230769230769231,0.7319208251067344,0.5003097653388977,0.01114953829184036,-0.34003392181536246,-0.721991819215982,-0.8444125890074412,1.0075227362164412
29,424,1,0.7247863247863248,0.7302970082538711,0.5160135626792908,0.011310972278059455,1.358247657212392,0.8181952507362574,0.393486615725695,1.659205668141094
29,425,1,0.7264957264957265,0.7345885904676406,0.5213760733604431,0.006011090616935662,0.3321569792450991,-0.7774753677120153,0.8162026992105879,0.7959277110117322
29,426,1,0.7282051282051282,0.7411354815269573,0.5243626236915588,0.0044965155555606404,0.9955689756074064,1.3595931086531239,1.051626539677132,0.6065352489177291
29,427,1,0.7299145299145299,0.7428138256782566,0.5094016194343567,0.004093591525266203,0.6239112755202652,-1.006302335704766,-0.12771975921849818,-0.06483720920353757
29,428,1,0.7316239316239316,0.7383205045362464,0.5147138833999634,0.0037488665212576018,-1.0426334174447531,0.013798677110584716,0.29103547531590385,0.07464188528413417
29,429,1,0.7333333333333333,0.7394407994106602,0.5290204286575317,0.004018283314789888,-0.3232707671555237,0.6413594924085072,1.4187920690200868,0.6931487575540807
29,430,1,0.7350427350427351,0.7532038905290295,0.5091564655303955,0.008531755567824468,-0.6710569229511196,1.2314039234595258,-0.14704475534349112,0.8254092254213862
29,431,1,0.7367521367521368,0.7367901840194624,0.5280826687812805,0.01089905319226066,1.781357801386073,0.9950474204306949,1.3448703174921233,2.051374318597247
29,432,1,0.7384615384615385,0.7515050371017512,0.5170673131942749,0.007868929887635791,1.0880621466128697,1.1502037633646744,0.47655167930307163,1.0028089066165216
29,433,1,0.7401709401709402,0.745426525988012,0.5262203812599182,0.00667331206539357,0.6103702428028279,0.6189021782337639,1.1980698849783185,1.1211373223505081
29,434,1,0.7418803418803419,0.7381975790525013,0.5301523804664612,0.012778312530237356,1.0703187244314003,-0.28053918442406905,1.5080215855310863,2.513999920320637
29,435,1,0.7435897435897436,0.7427926837587056,0.5190051198005676,0.005880285873368193,0.9698442036640207,0.31364091103212016,0.6293051315325016,0.6759561677511152
29,436,1,0.7452991452991453,0.7415205051361218,0.5429040789604187,0.007204433512295593,1.9794588467485204,2.1587019399321856,2.5132126920199602,1.88640211661258
29,437,1,0.747008547008547,0.7438792543892019,0.5402313470840454,0.0029741778241585888,2.759186255011778,2.1265750485053534,2.3025265380591513,0.9233068599466536
29,438,1,0.7487179487179487,0.7575597880374282,0.5307924747467041,0.01171780028012069,2.76359165845958,2.010884760180715,1.5584789483772568,2.324192736022476
29,439,1,0.7504273504273504,0.75080682478749,0.51579749584198,0.004349662843554819,1.7968390677483945,0.8418702883191898,0.3764544953869886,0.23917248439536676
29,440,1,0.7521367521367521,0.7581914912634781,0.5040310621261597,0.006887357258987755,-0.1578752745783707,0.20037950497718515,-0.5510701423573843,0.28996840424089654
29,441,1,0.7538461538461538,0.7556795836626753,0.5073645710945129,0.004417403596418632,-0.4404736401855244,0.6081396039603083,-0.2882962405138443,-0.07946735958059623
29,442,1,0.7555555555555555,0.7524130048955666,0.5074646472930908,0.007390899215376128,0.6226960918174153,-0.006968266295378533,-0.28040743222455106,0.5274009660656811
29,443,1,0.7572649572649572,0.7489790466913595,0.5231698155403137,0.009538161634117847,0.3100922594091038,1.412798759452976,0.9575998383755617,1.5817964915527933
29,444,1,0.7589743589743589,0.7632357803118945,0.5257490873336792,0.0060489577247814594,1.4467211513392157,0.5174438271002519,1.1609187193181387,0.9759638844408813
29,445,1,0.7606837606837606,0.7610703342353651,0.5229246616363525,0.004380828096910927,-0.7097397874585468,0.4263607419863781,0.9382748422505688,0.5264019127297904
29,446,1,0.7623931623931623,0.7713942908955402,0.5135546326637268,0.010725267188818928,-0.029068702276049112,1.183646846399819,0.19965403849728297,1.4435282799655003
29,447,1,0.764102564102564,0.7643796411867445,0.5143366456031799,0.0053394155291228065,1.3406927480158515,0.7192412741592099,0.26129856783351135,0.38228274988484107
29,448,1,0.7658119658119659,0.7807397238303216,0.5161810517311096,0.011475229999760679,1.1023166284732688,1.2217835803074983,0.4066894455606646,1.69911297026878
29,449,1,0.7675213675213676,0.773535158767369,0.5041977763175964,0.0058221133913031,0.6744907594765952,-0.08152510515525765,-0.5379283932298362,0.0805440017424589
29,450,1,0.7692307692307693,0.7720041471134235,0.4996391236782074,0.006018102389179809,-0.09881560650000452,0.370631022990037,-0.8972779412808081,-0.05939085996648236
29,451,1,0.770940170940171,0.7735181312106084,0.5101789236068726,0.004564677960423166,0.3148688884272274,0.12097474839791172,-0.0664464126427547,0.0613197934368423
29,452,1,0.7726495726495727,0.782812768651259,0.5016854405403137,0.005978059575724734,1.3937316013755627,0.13766182604544092,-0.7359708407543809,0.013143367718157384
29,453,1,0.7743589743589744,0.7770337360769941,0.5107168555259705,0.0027383070957686423,0.2927664659942462,1.1049838835948063,-0.02404230614432017,-0.28780413490052026
29,454,1,0.7760683760683761,0.7815365066098673,0.5127096772193909,0.0032857525635869816,2.2004105660841287,1.5008949758297823,0.1330478763120411,-0.09825569590852175
29,455,1,0.7777777777777778,0.7880226931446814,0.5205546021461487,0.005052925334324344,0.3408343769513686,0.5154482049110903,0.751447752311815,0.5692668608001245
29,456,1,0.7794871794871795,0.7950878905796455,0.5168706774711609,0.008491982285770123,2.427049577165056,0.558019290097647,0.4610512751658599,1.121392569911353
29,457,1,0.7811965811965812,0.7853121096673165,0.5230934619903564,0.0050961801652767615,3.3167003570402875,2.7478142053553722,0.9515810394365596,0.6781041149984945
29,458,1,0.7829059829059829,0.7922722413581316,0.517277181148529,0.004065491861785786,1.9349291795085266,2.687902870127137,0.4930951539824055,0.23987259000321387
29,459,1,0.7846153846153846,0.7959937390408887,0.5103403329849243,0.0036692882535533816,1.6388303839806895,1.566576547585232,-0.053722831435246594,-0.11387303803327019
29,460,1,0.7863247863247863,0.8037993240332673,0.5060034990310669,0.007388346698596849,-0.39584536615341387,0.16963773289875117,-0.39558685235780583,0.46929369228836604
29,461,1,0.788034188034188,0.7978903237521102,0.4978233277797699,0.0038543851429070236,0.9104365116134779,1.619299704204481,-1.0404135313493188,-0.5696870253491944
29,462,1,0.7897435897435897,0.8050409905793259,0.506970226764679,0.004384560956292218,0.406320887715929,0.04386758315484413,-0.3193816220754668,-0.10166942233130012
29,463,1,0.7914529914529914,0.7929449333203711,0.49996423721313477,0.011980643204201795,0.6103586420037553,0.26504685427136687,-0.871649886001505,1.1624239367972122
29,464,1,0.7931623931623931,0.8007834611440509,0.5080828070640564,0.006450281427597538,0.8427690506232776,-0.2720315319334326,-0.2316791232500065,0.3610397797702123
29,465,1,0.7948717948717948,0.8089173666796141,0.5054474472999573,0.006116458561235537,0.014854823212403827,1.4649146955047991,-0.43941930770671395,0.18948174800339132
29,466,1,0.7965811965811965,0.8104199433152894,0.5078772306442261,0.005057490698629513,1.8619833549403146,0.7407270354260718,-0.24788430478054396,0.07052653307973639
29,467,1,0.7982905982905983,0.8195319166685018,0.5160266160964966,0.012021008380495536,0.6173887262417224,-0.6882828720405051,0.3945155907199506,1.803691361971657
29,468,1,0.8,0.8196402044085462,0.5142034292221069,0.006277302848120062,0.8088135117379156,-0.020940903892847404,0.2507973846729572,0.5672038527544556
29,469,1,0.8017094017094017,0.8259019710665967,0.5167185068130493,0.00703013112543392,0.7493275142936331,0.9142050281296241,0.44905596393145514,0.8189811484145743
29,470,1,0.8034188034188035,0.8291436351005858,0.5096213817596436,0.006025644062677344,0.27080905354967194,-0.24265190329003494,-0.11039633089055045,0.33557914047306825
29,471,1,0.8051282051282052,0.8353500629166164,0.5120982527732849,0.007551148932383912,2.716019681662809,2.5647749504198663,0.08485049964046862,0.7425231319820316
29,472,1,0.8068376068376069,0.836002797254,0.5178419947624207,0.004771875973682008,2.019101677379201,1.7227372661604674,0.5376182911767728,0.4053648652863673
29,473,1,0.8085470085470086,0.8249823195828476,0.5270093083381653,0.010861779174776947,0.5262934515245017,0.4296528621438273,1.2602594421653854,2.0015109761405694
29,474,1,0.8102564102564103,0.843868451414157,0.5209857225418091,0.008254265527469702,1.8570095123379577,-0.20473836396930134,0.7854321182179843,1.235382106523586
29,475,1,0.811965811965812,0.825272938425954,0.5094838738441467,0.014022451539126167,1.053967398138637,0.5997698069498443,-0.12123580719990099,1.9516403597662082
29,476,1,0.8136752136752137,0.8396874411536662,0.5201670527458191,0.00825289409947382,0.6978808706066297,0.6574065267552361,0.7208980015691202,1.2028369691799474
29,477,1,0.8153846153846154,0.8365788644464309,0.5408912301063538,0.007476262205120439,1.8783462820321504,3.6930826683504994,2.3545438082025494,1.8621853013819587
29,478,1,0.8170940170940171,0.8408995224172328,0.5175788402557373,0.006274918858494564,1.6817301389509898,0.5648398540928408,0.5168743432332173,0.6997589399069293
29,479,1,0.8188034188034188,0.8407114941301621,0.5237002968788147,0.003834893739993553,2.402980819289277,0.9630977717640842,0.9994166303795581,0.44627586099871797
29,480,1,0.8205128205128205,0.8314052408293445,0.540144681930542,0.01230857188070335,3.410739334522168,3.5058683617297737,2.2956948958598464,2.8125891257493887
29,481,1,0.8222222222222222,0.8378387179422954,0.5136975049972534,0.006172386808512531,0.6752738134139925,0.6083562340005791,0.21091638124262896,0.525989941512369
29,482,1,0.8239316239316239,0.8321688006538159,0.5124324560165405,0.00978942534911763,-0.1446706650340375,1.1472989514610428,0.11119507860298634,1.2095418592982479
29,483,1,0.8256410256410256,0.8436186641050144,0.49745187163352966,0.005785119294048799,0.6288155133281867,-0.11121983203904927,-1.0696946827840272,-0.19284028951246307
29,484,1,0.8273504273504273,0.8365783981445809,0.5064979791641235,0.004430945787324062,0.6768834242853092,0.34049647147902884,-0.3566079639909346,-0.1108773249423751
29,485,1,0.8290598290598291,0.8489904956574628,0.5083482265472412,0.007194868272861239,0.3666606558866392,-0.8265256604666723,-0.21075663170014178,0.522477949063301
29,486,1,0.8307692307692308,0.8445902710178023,0.5075056552886963,0.005116593806385109,-1.0680652692115569,-0.17257864980909463,-0.27717485324716346,0.06786536175673483
29,487,1,0.8324786324786325,0.8560811482712865,0.5156709551811218,0.008392208866896496,0.8203302050171923,0.136746071784296,0.366479546013451,1.053876044632173
29,488,1,0.8341880341880342,0.8418694247074248,0.5129825472831726,0.008935135738533205,1.0460614535706925,-0.10501961770463096,0.15455768235634396,1.0580022427286955
29,489,1,0.8358974358974359,0.8559051275224198,0.5095711946487427,0.005563613679454123,1.877600930691739,1.422760459032097,-0.11435248132508585,0.23991699566113553
29,490,1,0.8376068376068376,0.8465955590743528,0.5111613869667053,0.007925690292749452,-0.9658912313800483,0.5912096380858088,0.0109992258518377,0.7815417622715767
29,491,1,0.8393162393162393,0.8464331070815534,0.5193464159965515,0.007924189985492425,0.7906959637863563,-0.1313204739575128,0.6562088338937244,1.1038423549363314
29,492,1,0.841025641025641,0.8508277765892842,0.5193661451339722,0.0039678545901443586,1.1716314029317718,0.4460839224710364,0.6577640426749967,0.3024095117544002
29,493,1,0.8427350427350427,0.8437192389108722,0.498535692691803,0.010465635829205221,1.0532162463986894,0.6043026264288446,-0.9842592179070984,0.7989272299975301
29,494,1,0.8444444444444444,0.857890604894699,0.5159252285957336,0.006752202307508516,1.3929079446414114,0.5491899748199417,0.3865234150796363,0.73136034912118
29,495,1,0.8461538461538461,0.8510637386728296,0.5298511385917664,0.004872882381156244,1.894767213119349,2.719271556413021,1.484275285891963,0.899174031558655
29,496,1,0.8478632478632478,0.8496134739085992,0.5129361748695374,0.005906776226455508,0.8154288674090389,-0.050911341736983716,0.1509022369429609,0.4421260643599779
29,497,1,0.8495726495726496,0.8522014619901376,0.5096014738082886,0.003905407687014306,-0.5614670743124817,-0.38005442974181836,-0.1119656352196892,-0.09511743823852886
29,498,1,0.8512820512820513,0.8542411876276157,0.5060028433799744,0.0034826447864679095,1.7701688306805958,-0.382906725272051,-0.3956385360333164,-0.32267584641039304
29,499,1,0.852991452991453,0.8586528271782059,0.5166459083557129,0.0026283794552355148,1.2315292287431299,0.22954250358031197,0.4433331714976498,-0.07640598806315893
29,500,1,0.8547008547008547,0.8582090466598474,0.5023342370986938,0.0013581135043471736,1.999113500577193,0.38476120970770283,-0.6848274945787066,-0.8980531133901084
29,501,1,0.8564102564102564,0.8695415526870678,0.518133282661438,0.009470939649941263,0.739081108512801,0.2687394117759834,0.5605799386513268,1.369656206386844
29,502,1,0.8581196581196581,0.8700092593299437,0.5082417130470276,0.006218666731781623,1.0634568517799852,-0.568056481963529,-0.2191528797126296,0.32033930765013674
29,503,1,0.8598290598290599,0.8706621962654256,0.5137367844581604,0.00397444167546958,0.03690214184979037,0.3349494295387605,0.2140127032573069,0.0818694792296924
29,504,1,0.8615384615384616,0.8716973803701268,0.5193841457366943,0.003001196655218994,0.522732006209228,1.0398340401200215,0.6591829944935592,0.10711358945152419
29,505,1,0.8632478632478633,0.8721707074092246,0.5086176991462708,0.002551371927091194,-0.8151243464333844,-0.23394074985247743,-0.18951464106530272,-0.40844440561477424
29,506,1,0.864957264957265,0.881901400511333,0.519842267036438,0.006522032494477982,0.37377774611765036,1.2139422293043616,0.6952957881275723,0.8390759149121263
29,507,1,0.8666666666666667,0.8737032984922223,0.5069940686225891,0.0046491048199801144,1.59346835940724,0.42885855199616757,-0.3175022156932647,-0.047089208393517795
29,508,1,0.8683760683760684,0.8854228284485041,0.52280193567276,0.006310149579602504,1.4701808672636856,1.2602616706422711,0.9286005978981836,0.9127656609250077
29,509,1,0.8700854700854701,0.8757552791076775,0.5067844986915588,0.006788761780818402,0.8254403570086519,0.6025170697332789,-0.334022197792821,0.37850056218815775
29,510,1,0.8717948717948718,0.8758226065596624,0.5291730761528015,0.00761757725344671,0.9764798607335209,1.591098411689223,1.4308249683821357,1.4289797737327197
29,511,1,0.8735042735042735,0.880299877855921,0.5115264058113098,0.003584853187616572,0.5198550080392349,0.6761483075120008,0.03977293756335162,-0.08424571720398528
29,512,1,0.8752136752136752,0.87789107644808,0.506462574005127,0.005678553718036149,2.375568131080835,0.8012488734950707,-0.35939888246850465,0.14069973115928322
29,513,1,0.8769230769230769,0.8856215015828512,0.5338825583457947,0.003934809416841168,2.0680628498649103,1.637083061146714,1.8020641110585134,0.8678591071267311
29,514,1,0.8786324786324786,0.8780702944496609,0.5278599262237549,0.006082953335142626,2.860881759881544,3.3058499068197063,1.3273119633664003,1.0660536616397227
29,515,1,0.8803418803418803,0.8826274099375866,0.5292542576789856,0.0035174211290444307,0.6707379009766243,1.513761487312535,1.4372243471135338,0.6008070563146954
29,516,1,0.882051282051282,0.8805985918623593,0.5133605599403381,0.0046984609153602076,0.857551368841478,0.13365417030043045,0.184355670546158,0.213847474568436
29,517,1,0.8837606837606837,0.8895789457644829,0.5205450654029846,0.005021877780917597,0.452344157836514,1.5945054114134827,0.7506959897589343,0.5625955901732904
29,518,1,0.8854700854700854,0.8821090594547579,0.5267736911773682,0.004854233221939385,0.5247331440492433,2.1270148731325698,1.2416862085932734,0.7740980768089969
29,519,1,0.8871794871794871,0.8862138264107824,0.5225638151168823,0.0032235725308730396,0.9128436774210327,0.4246277016642114,0.9098300266559403,0.27752738047440206
29,520,1,0.8888888888888888,0.893659624450696,0.5185097455978394,0.005296386365223881,1.300748296609284,2.0079011737169847,0.5902557654262978,0.538036495659264
29,521,1,0.8905982905982905,0.8921500906946508,0.5083270072937012,0.0037289210874096586,1.0256179454050862,0.13903381630048953,-0.21242930338030164,-0.18113476063357115
29,522,1,0.8923076923076924,0.8968873390184958,0.5286027193069458,0.004193642177969217,0.9471878430753251,1.3290449907015986,1.3858648692039064,0.7122419793154359
29,523,1,0.8940170940170941,0.8958835707875104,0.5318556427955627,0.002196865156304692,2.492698499116632,2.8087857148716,1.6422863774756031,0.43557417079565486
29,524,1,0.8957264957264958,0.8954834276012738,0.5092006325721741,0.003406210809739367,0.89826727338637,1.2356774433448687,-0.14356315502046174,-0.21213637042674152
29,525,1,0.8974358974358975,0.9052655299506189,0.5149766206741333,0.005919940751961379,0.49457396666037423,1.1986763760119425,0.31174653364777083,0.5252175313729198
29,526,1,0.8991452991452992,0.900944791399796,0.5214318633079529,0.0027125466428447637,1.7728254136682104,0.9264216494915642,0.8206005101449407,0.12929392830373038
29,527,1,0.9008547008547009,0.910409151738373,0.5147942304611206,0.006770339630398371,1.71266656987772,-0.4378651100340944,0.2973690748239249,0.6904608120702234
29,528,1,0.9025641025641026,0.9010588940848097,0.5259876847267151,0.006211313260880634,2.309086851795803,3.085455099030831,1.1797268786880262,1.0182881527006225
29,529,1,0.9042735042735043,0.9071567783421466,0.509152889251709,0.004266645485731543,0.8706950741906803,1.5241400356055104,-0.14732666630082142,-0.03955119706331638
29,530,1,0.905982905982906,0.9035607152178617,0.532220721244812,0.0055761708465944405,0.39872236432340696,2.4158713381937043,1.6710647877030727,1.1351717971871729
29,531,1,0.9076923076923077,0.9071043294318253,0.5187904238700867,0.004085476629097021,0.8740854077196338,1.1153197623343951,0.6123810770607718,0.303567783602457
29,532,1,0.9094017094017094,0.9119265085253632,0.5085564851760864,0.003123671295324109,2.9393640658071316,2.696423651711123,-0.19434001695160658,-0.2948142189130091
29,533,1,0.9111111111111111,0.9088985578730064,0.5256449580192566,0.002905239203135052,3.055722980704604,2.006227214314892,1.1527104119438711,0.33442038593544443
29,534,1,0.9128205128205128,0.9111026277375099,0.5368183851242065,0.001642891216580067,2.1789200858022246,1.8254822684422545,2.0334895144469227,0.5188486391440088
29,535,1,0.9145299145299145,0.910831401045028,0.5341986417770386,0.003171087020073059,1.1004401992232835,1.8855511527906872,1.8269803411705576,0.7254602587279048
29,536,1,0.9162393162393162,0.9092236174523811,0.5275675058364868,0.005710638516020649,-0.3506080501699943,0.08654041881486123,1.3042610440886917,0.9790354017602901
29,537,1,0.9179487179487179,0.9119265475288512,0.522651731967926,0.002834554274905139,0.6951981858211019,0.9170376300198322,0.9167603376903104,0.2021128460641729
29,538,1,0.9196581196581196,0.9088008502944042,0.5216076374053955,0.006214680319713272,0.6710714239499602,1.2613284094769381,0.8344564336977256,0.8463356553799628
29,539,1,0.9213675213675213,0.9175762160060597,0.5208427906036377,0.003159308010742748,0.605988040953171,1.7616157938424073,0.7741650769566828,0.196664243583993
29,540,1,0.9230769230769231,0.9120314623327684,0.5193272829055786,0.004094827660830457,0.9129828870099033,0.8766033047759471,0.6547006102720072,0.3266236218507785
29,541,1,0.9247863247863248,0.9223830743116321,0.5332976579666138,0.005554823097936408,0.6312487809336548,1.0713569932527653,1.755957573987141,1.1732895919434978
29,542,1,0.9264957264957265,0.9113281346500146,0.5432804822921753,0.00811424825937636,1.6491927977522474,3.127057913582844,2.5428838202789756,2.0857172110473217
29,543,1,0.9282051282051282,0.9149921121912776,0.5260786414146423,0.0060651841430124885,0.5464933429095842,1.4347374744404042,1.1868968140361271,0.9922430983127852
29,544,1,0.9299145299145299,0.913821239521283,0.5287484526634216,0.0056069385233150516,-0.10278888018235385,1.3370143503648955,1.3973527407151165,1.004554413557204
29,545,1,0.9316239316239316,0.9167658201080258,0.5297865867614746,0.0039053495175380066,0.39401534009971867,1.6188697263972767,1.4791867931121507,0.7004469811332308
29,546,1,0.9333333333333333,0.9249004474942644,0.516548752784729,0.006429138703439237,-0.3756454747683314,1.6536651060474452,0.43567459049017626,0.690429610259811
29,547,1,0.935042735042735,0.9206171846124419,0.5250770449638367,0.0023263750140583017,1.9762106230082057,1.9523290038408407,1.1079429519198174,0.19466265857501092
29,548,1,0.9367521367521368,0.9207403319836203,0.5214909911155701,0.002594283616187096,0.7536459117483909,1.5175525130172747,0.8252614379728019,0.10764466702603892
29,549,1,0.9384615384615385,0.9244394338383026,0.5292536616325378,0.002216201747425472,0.9341369441187032,1.4506039837535742,1.4371773619539787,0.336940466977746
29,550,1,0.9401709401709402,0.9220549113219559,0.5210604667663574,0.004863920333376225,1.9021018183329703,1.7675271681231313,0.7913240572261878,0.5508812183175987
29,551,1,0.9418803418803419,0.9273734369773773,0.537851095199585,0.0014142402209270574,2.3686801566315068,1.303745227816635,2.114896001892006,0.5131892267134878
29,552,1,0.9435897435897436,0.9254504380244428,0.5353921055793762,0.0024460726790460786,2.5659952478567885,-0.06080083130268108,1.9210587261476384,0.6254911668086933
29,553,1,0.9452991452991453,0.9287891249772703,0.5260927081108093,0.0019257768019552619,1.6850421670862035,0.3482688947420794,1.1880056638016263,0.15346630277898432
29,554,1,0.947008547008547,0.9265950226947384,0.5159400701522827,0.0035664373036980875,1.122864543830528,1.2273765740744909,0.3876933455525571,0.08598037099799212
29,555,1,0.9487179487179487,0.9310031209878926,0.515209436416626,0.0018781717435015694,0.6892005727005921,1.5809003884298067,0.33009893696997417,-0.2851397496615788
29,556,1,0.9504273504273504,0.9280924816690641,0.5204506516456604,0.00411142717519679,2.1487870102112687,1.192482726224199,0.7432535404854139,0.37426590469501775
29,557,1,0.9521367521367521,0.9296916569292245,0.5135243535041809,0.0031727628261917096,1.4441950773411674,0.5549864695338552,0.1972671923918863,-0.08905651909664315
29,558,1,0.9538461538461539,0.9294368716701011,0.5102656483650208,0.0036531810733036337,1.2113264371582793,0.14256882468490906,-0.05961007192749462,-0.12008264737942739
29,559,1,0.9555555555555556,0.9309935869547014,0.5184017419815063,0.0028069280325441082,1.618311470621112,2.4007794453881695,0.5817420545149223,0.0290020408067988
29,560,1,0.9572649572649573,0.9310420181768974,0.5158993005752563,0.0027561133020502938,2.012434118112252,1.6509900532774342,0.38447956063899147,-0.07993270763426302
29,561,1,0.958974358974359,0.9412469245887783,0.5250893831253052,0.006711408982872381,2.6952484509234034,3.9093450940075414,1.1089155447226071,1.0842849131864845
29,562,1,0.9606837606837607,0.9266405910836168,0.5130268335342407,0.010783741437177573,0.8306549161917643,-0.23402608895925078,0.1580486797112843,1.4345821921553112
29,563,1,0.9623931623931624,0.9335830823728057,0.5340501070022583,0.005764529211327082,0.7743040346968393,0.6754918528445134,1.8152716394094386,1.2454679021175339
29,564,1,0.9641025641025641,0.9319119140534163,0.5142693519592285,0.006398590790912904,2.123543671429394,0.38065180348923183,0.25599394331974595,0.5943952075252468
29,565,1,0.9658119658119658,0.9320846133544073,0.5165212154388428,0.005680818674912198,1.4240647907505202,0.3403126641721324,0.43350387611873287,0.5376103667817269
29,566,1,0.9675213675213675,0.9341875505744407,0.5409111380577087,0.0016924479970494843,2.196846220569087,2.307582576244986,2.356113112531688,0.6902088701488007
29,567,1,0.9692307692307692,0.9368520144739485,0.5374931693077087,0.001503500993613472,3.880011958405305,3.2253094836656797,2.086681413579197,0.5171809856585057
29,568,1,0.9709401709401709,0.9330448864916376,0.5346676111221313,0.0049586187955904405,2.4848012551479917,1.8086638998612279,1.8639482647084726,1.1063949539139737
29,569,1,0.9726495726495726,0.9386282514326844,0.5411379933357239,0.0016012829999874315,3.1606464079163077,3.892589088619926,2.373995664258341,0.6806649808812607
29,570,1,0.9743589743589743,0.9352251068343425,0.5430053472518921,0.004697551082010214,2.5634807746578128,2.2636591944434055,2.5211954706283635,1.3820828913071945
29,571,1,0.976068376068376,0.947361803817132,0.5243303775787354,0.007179756835803864,3.2952156771579197,2.3932761685387884,1.0490846425452036,1.1493344999865287
29,572,1,0.9777777777777777,0.9430229987150983,0.549543559551239,0.0035811190463240854,1.9488037351992997,2.7764520402245094,3.036589781335597,1.4134055476521579
29,573,1,0.9794871794871794,0.9529781571467454,0.54710853099823,0.007674134773756237,3.521732879848585,3.3162448664793693,2.8446413090053424,2.147355888277375
29,574,1,0.9811965811965812,0.9413685992092784,0.5585245490074158,0.007522899592226006,4.024108383885251,5.67713156172433,3.7445433714473,2.5666415611450812
29,575,1,0.9829059829059829,0.9571081167279337,0.5367562174797058,0.00668074483269533,1.861063991613815,2.8224399719553377,2.0285889623053306,1.5379039737807574
29,576,1,0.9846153846153847,0.9483006203253159,0.5320112705230713,0.006331547486371717,1.1130009644190901,0.8040946044786286,1.6545542026354274,1.280081232040746
29,577,1,0.9863247863247864,0.9629346653641949,0.5289415121078491,0.008751309838701688,3.0555895715152697,2.7435505322900418,1.4125712338949978,1.6497353693648713
