sequence,frame,valid,relative_phase,predicted_phase,feature_raw,time_raw,P3
03,8,0,0.01735357917570499,0.03494762456344824,0.49337679147720337,nan,nan
03,9,0,0.019522776572668113,0.03629132516692438,0.49066537618637085,nan,nan
03,10,0,0.021691973969631236,0.037670176600121785,0.4945756196975708,nan,nan
03,11,0,0.02386117136659436,0.03893041331279317,0.5009500980377197,nan,nan
03,12,0,0.026030368763557483,0.03914008972006364,0.503575325012207,0.004313301684264774,-0.49590690126786074
03,13,0,0.028199566160520606,0.038303195298711026,0.4869213402271271,0.0061983123947712245,-1.0480202246754295
03,14,0,0.03036876355748373,0.04007437958984196,0.4787788987159729,0.004930095636586916,-1.4022321063412793
03,15,0,0.03253796095444685,0.03936702409780535,0.4950549006462097,0.0062385018760535964,-0.7414008037137378
03,16,0,0.03470715835140998,0.03994197194058573,0.5001814961433411,0.0057727067295262596,-0.5670386132203843
03,17,0,0.0368763557483731,0.04066998160626512,0.5033468008041382,0.00524516761897739,-0.46861647533571726
03,18,0,0.039045553145336226,0.03940617901961855,0.5009561777114868,0.007100666782512502,-0.48687677614354796
03,19,1,0.04121475054229935,0.04031031973127674,0.5065585970878601,0.006029475928298415,-0.3179654538939244
03,20,1,0.04338394793926247,0.03923838877379865,0.5036049485206604,0.007337230794144387,-0.37842302618557255
03,21,1,0.0455531453362256,0.03973807280551942,0.5147481560707092,0.006661650970726821,0.013536302800144728
03,22,1,0.04772234273318872,0.03722467387794326,0.51106858253479,0.008942072698116584,-0.03671712040314931
03,23,1,0.049891540130151846,0.040229715943852884,0.5133217573165894,0.005595474081041619,-0.080995625159614
03,24,1,0.052060737527114966,0.03886982185252974,0.509361982345581,0.006731397491255312,-0.1858036404151252
03,25,1,0.05422993492407809,0.03906698566512772,0.48709836602211,0.006442091948340123,-1.0319987568731408
03,26,1,0.05639913232104121,0.03766710311181517,0.480123907327652,0.007674202716554735,-1.246179557493529
03,27,1,0.05856832971800434,0.03864305075341665,0.49707093834877014,0.006808862383421222,-0.6438337336605793
03,28,1,0.06073752711496746,0.03885634081563167,0.4858587086200714,0.0061989060235971396,-1.0878544595206106
03,29,1,0.06290672451193059,0.0401385509216909,0.49158036708831787,0.004913325658313398,-0.9227212861820084
03,30,1,0.0650759219088937,0.039140548952926,0.49218112230300903,0.006179218941219059,-0.8514716363190878
03,31,1,0.06724511930585683,0.03937787909785361,0.4852456748485565,0.006310250256569183,-1.1065631021713789
03,32,1,0.06941431670281996,0.04841346013447199,0.4859086275100708,0.0029578692293249784,-1.2107100291869846
03,33,1,0.07158351409978309,0.05290219190029558,0.5111668109893799,0.004641075630053451,-0.19855216593108466
03,34,1,0.0737527114967462,0.059239050830284745,0.5077442526817322,0.007787024315391469,-0.20585658495375808
03,35,1,0.07592190889370933,0.061285619496455335,0.48762860894203186,0.005084384477838379,-1.0643604151245019
03,36,1,0.07809110629067245,0.07046719652365371,0.48504066467285156,0.008513609439770285,-1.0294586220689141
03,37,1,0.08026030368763558,0.0735090405717742,0.47984594106674194,0.006042019390595345,-1.3194183620306013
03,38,1,0.0824295010845987,0.08269020449274236,0.4883124828338623,0.010071471143693864,-0.846786910058896
03,39,1,0.08459869848156182,0.08710142155827497,0.4972418546676636,0.008619899793612055,-0.5677271346567008
03,40,1,0.08676789587852494,0.09155285311201637,0.4949049949645996,0.0066173808318985864,-0.7324426893735709
03,41,1,0.08893709327548807,0.09700102663650798,0.5007879734039307,0.0067941402092994724,-0.5049821221179649
03,42,1,0.0911062906724512,0.09608996978451304,0.5048145651817322,0.0020931608269741534,-0.5348654114403123
03,43,1,0.09327548806941431,0.09873265654722889,0.5313476920127869,0.0013406221014340691,0.4313757874964535
03,44,1,0.09544468546637744,0.10361685216890729,0.5419749021530151,0.0018674102852384586,0.8502530165913019
03,45,1,0.09761388286334056,0.10319714386518183,0.5530542731285095,0.0021564889126139803,1.2769418445914653
03,46,1,0.09978308026030369,0.1080907961771255,0.5477800369262695,0.0015485646854547243,1.0557209905035951
03,47,1,0.1019522776572668,0.10906653768565897,0.5304962396621704,0.0011736253102944114,0.3930129004721198
03,48,1,0.10412147505422993,0.12007065658645275,0.5120714902877808,0.007584317618727884,-0.05135194555066963
03,49,1,0.10629067245119306,0.1261586241445512,0.4890991151332855,0.009558834072439962,-0.837010287739296
03,50,1,0.10845986984815618,0.12653762262438414,0.48012232780456543,0.0053066645412153685,-1.3373510407184916
03,51,1,0.11062906724511931,0.12429777979144613,0.4971274137496948,0.005074902820410509,-0.7084450861828152
03,52,1,0.11279826464208242,0.12871291157188255,0.48472532629966736,0.002955630299849408,-1.2551793354984353
03,53,1,0.11496746203904555,0.12721043099807655,0.48481422662734985,0.005709810028495936,-1.145853135145186
03,54,1,0.11713665943600868,0.13980726585452516,0.48610931634902954,0.006624073114571307,-1.0620925776094488
03,55,1,0.1193058568329718,0.13464851129987726,0.4794449210166931,0.002973729801109574,-1.4525397082614453
03,56,1,0.12147505422993492,0.14933629767167853,0.4900878965854645,0.010248011247081636,-0.7734009067987364
03,57,1,0.12364425162689804,0.1464483770364561,0.4862808287143707,0.005522454008361197,-1.0980541718816301
03,58,1,0.12581344902386118,0.1638942233193968,0.4886482357978821,0.01484060386025604,-0.6506584204659642
03,59,1,0.1279826464208243,0.15992532096418216,0.4822388291358948,0.00813311461513211,-1.1491925358243194
03,60,1,0.1301518438177874,0.17999700808345553,0.4878600835800171,0.018602446842020642,-0.5354497494124103
03,61,1,0.13232104121475055,0.1695515598173883,0.48845893144607544,0.008080682051852209,-0.9179073730557412
03,62,1,0.13449023861171366,0.18388798175278334,0.48951950669288635,0.009704362975909875,-0.8156417550268524
03,63,1,0.13665943600867678,0.16872932331248253,0.49107611179351807,0.011104650835476307,-0.7033681480645808
03,64,1,0.13882863340563992,0.182027641605,0.4845995008945465,0.007699727975293308,-1.0773271286671777
03,65,1,0.14099783080260303,0.1733009013077506,0.4795815348625183,0.009241731807669431,-1.2061980866706168
03,66,1,0.14316702819956617,0.19253208469650018,0.4929598569869995,0.009924869931436348,-0.6781154599880154
03,67,1,0.14533622559652928,0.18250365412226144,0.4964466989040375,0.0068336741216154795,-0.6662927904370719
03,68,1,0.1475054229934924,0.19909677764006506,0.4958914518356323,0.010012200713680506,-0.5647966595107948
03,69,1,0.14967462039045554,0.18503069603235248,0.49007612466812134,0.008991257070294106,-0.8222073210836963
03,70,1,0.15184381778741865,0.19057806888124174,0.4939301013946533,0.007322329344189138,-0.7418796912651393
03,71,1,0.1540130151843818,0.1821862470344129,0.49626532196998596,0.013609558628073781,-0.4123330066469957
03,72,1,0.1561822125813449,0.20908198041698778,0.4881909489631653,0.013567730332807088,-0.7167955001173641
03,73,1,0.15835140997830802,0.2165029240557642,0.487900972366333,0.018290169471009005,-0.5459337659939674
03,74,1,0.16052060737527116,0.24480276785910535,0.48755306005477905,0.038721956268497226,0.22731278954985035
03,75,1,0.16268980477223427,0.23750258593827772,0.4944803714752197,0.022814391862318734,-0.12504433985645014
03,76,1,0.1648590021691974,0.24794322131488963,0.48533883690834045,0.015504326123359835,-0.7492443636083366
03,77,1,0.16702819956616052,0.24240527000560205,0.49299532175064087,0.00853247906002741,-0.7303699623649261
03,78,1,0.16919739696312364,0.27214905396994993,0.5010104775428772,0.022492086196974737,0.10748262783765644
03,79,1,0.17136659436008678,0.25320538514297675,0.49244046211242676,0.008747403536538634,-0.7429104377474122
03,80,1,0.1735357917570499,0.2826780711092571,0.4854140281677246,0.022258832007396007,-0.48648397967885315
03,81,1,0.175704989154013,0.27299158210486496,0.4784151315689087,0.013505416183955746,-1.0858639762107756
03,82,1,0.17787418655097614,0.3146111300420146,0.5075036883354187,0.037861600466745915,0.9425090634635244
03,83,1,0.18004338394793926,0.2882651353646795,0.47931772470474243,0.01647435717715616,-0.9377530040080863
03,84,1,0.1822125813449024,0.33575288791510866,0.49743470549583435,0.03962290176639813,0.6326245066720682
03,85,1,0.1843817787418655,0.28076031469307744,0.4769035875797272,0.02863837565709597,-0.5601826470434216
03,86,1,0.18655097613882862,0.3548292846631051,0.5201106071472168,0.04348841116587854,1.6319100573681065
03,87,1,0.18872017353579176,0.30924714150301336,0.4970300495624542,0.0290904793314129,0.21211741454040783
03,88,1,0.19088937093275488,0.3761710267289493,0.5078089833259583,0.049530113041866664,1.403010580012036
03,89,1,0.19305856832971802,0.3377873484408789,0.5000892281532288,0.03394951250028959,0.5138556053315988
03,90,1,0.19522776572668113,0.37195839411600085,0.5235855579376221,0.025659906192384535,1.0761367355166496
03,91,1,0.19739696312364424,0.35147813917978854,0.5192378163337708,0.02397503142656318,0.8482214293457531
03,92,1,0.19956616052060738,0.39415400592353733,0.5090000033378601,0.028311772313626443,0.6311175156845885
03,93,1,0.2017353579175705,0.38501652650310014,0.5126980543136597,0.020545989103462142,0.47096557042091
03,94,1,0.2039045553145336,0.39958558612712575,0.5100841522216797,0.017440313203012536,0.25340489269253447
03,95,1,0.20607375271149675,0.4012807936569284,0.5060285925865173,0.013012530293242286,-0.06910924198864055
03,96,1,0.20824295010845986,0.3885472431391346,0.5058358311653137,0.012955491407044828,-0.07853440016986962
03,97,1,0.210412147505423,0.3646671332701666,0.5107290744781494,0.03543391057991213,0.9700594097553992
03,98,1,0.21258134490238612,0.39012194012190926,0.5080331563949585,0.016320457547106093,0.13337986884617556
03,99,1,0.21475054229934923,0.357384717253741,0.5037580132484436,0.03526306678680022,0.7020147971244467
03,100,1,0.21691973969631237,0.34812877207660897,0.5055738687515259,0.03354499286313538,0.7040054397687597
03,101,1,0.21908893709327548,0.34323020602864796,0.5059046745300293,0.028338941145464994,0.5160637965301665
03,102,1,0.22125813449023862,0.3448442223768667,0.5100077986717224,0.021365692986866594,0.4016051803359953
03,103,1,0.22342733188720174,0.32097596596356576,0.508830726146698,0.03391451996390689,0.8403841864505831
03,104,1,0.22559652928416485,0.3308524093685894,0.5014472007751465,0.018575409140149948,-0.02686603442872787
03,105,1,0.227765726681128,0.30909683862907816,0.4725126624107361,0.03237236879884578,-0.5811781955477228
03,106,1,0.2299349240780911,0.33021045797626575,0.5002819895744324,0.012704658086904339,-0.2965003939022396
03,107,1,0.23210412147505424,0.32414724338975753,0.5049578547477722,0.010057980871060815,-0.2229731242819588
03,108,1,0.23427331887201736,0.3260517174027656,0.5062925815582275,0.008599861922403432,-0.2290245122952532
03,109,1,0.23644251626898047,0.3371988317914074,0.5020308494567871,0.00873067793696719,-0.383838815741406
03,110,1,0.2386117136659436,0.3287309781168272,0.5059869289398193,0.007164591016728379,-0.2957238047374139
03,111,1,0.24078091106290672,0.3418673915238971,0.5090218782424927,0.006604815086358935,-0.2034316229923795
03,112,1,0.24295010845986983,0.34545467936740426,0.5175171494483948,0.0054989431651734115,0.07264983162357413
03,113,1,0.24511930585683298,0.36505755244454857,0.5106356143951416,0.02025107575115806,0.38225834731476777
03,114,1,0.2472885032537961,0.35765751646414545,0.5062429308891296,0.01088507889637254,-0.14294261161340135
03,115,1,0.24945770065075923,0.38197541407863694,0.5195348262786865,0.022972622635131612,0.820784991278009
03,116,1,0.25162689804772237,0.38242452935924937,0.5178215503692627,0.01446887593545415,0.42926578284920813
03,117,1,0.25379609544468545,0.40370039713732414,0.5216566920280457,0.025428137557172575,0.9948696515895532
03,118,1,0.2559652928416486,0.38572699535268395,0.5210723280906677,0.011045909650125571,0.41946633926694765
03,119,1,0.25813449023861174,0.4094775978894713,0.5273074507713318,0.01452725741399119,0.7873087366800844
03,120,1,0.2603036876355748,0.39378134125236536,0.5255813002586365,0.009957916280014217,0.5467181256832002
03,121,1,0.26247288503253796,0.42017997408655294,0.5256913304328918,0.015514884685085273,0.7646992626454269
03,122,1,0.2646420824295011,0.41835051054739547,0.528213620185852,0.011778959976900595,0.7155318865477883
03,123,1,0.2668112798264642,0.4355881512908506,0.5228431820869446,0.01864728885339781,0.7784185083948133
03,124,1,0.26898047722342733,0.42548786620352363,0.518164873123169,0.009610367095709393,0.25516845043196534
03,125,1,0.27114967462039047,0.4554422206742095,0.5194244980812073,0.024047088648622317,0.8579965167311522
03,126,1,0.27331887201735355,0.4652833910453539,0.5157873630523682,0.025072697372852587,0.7610447024634637
03,127,1,0.2754880694143167,0.5027288955578166,0.5061784386634827,0.05078498176082574,1.3901445884086638
03,128,1,0.27765726681127983,0.532101310734004,0.4967718720436096,0.06337221087027162,1.521730419171063
03,129,1,0.279826464208243,0.5364730103919693,0.4984627962112427,0.041090549395616766,0.7276669194517247
03,130,1,0.28199566160520606,0.5705755894568671,0.5147407650947571,0.054935431031074705,1.8710251852962871
03,131,1,0.2841648590021692,0.5632570006542179,0.5265349745750427,0.026251788325573067,1.2095411266352676
03,132,1,0.28633405639913234,0.5867039337224218,0.5312904715538025,0.02960869941965072,1.517097055697942
03,133,1,0.2885032537960954,0.5900415840921206,0.5136393308639526,0.01929569404224507,0.4581545750643644
03,134,1,0.29067245119305857,0.6126376420883151,0.513041079044342,0.0284996086134017,0.7899184632762875
03,135,1,0.2928416485900217,0.6038091721930283,0.5096274614334106,0.014868561806597654,0.13730420872346175
03,136,1,0.2950108459869848,0.6165524798414236,0.5091435313224792,0.01240087404479398,0.0241866154610601
03,137,1,0.29718004338394793,0.609358708568575,0.5112705826759338,0.007536140112446133,-0.08324636925452861
03,138,1,0.2993492407809111,0.6065928049264331,0.5034928917884827,0.010490202239908899,-0.2612872196218633
03,139,1,0.30151843817787416,0.5986683531706343,0.5148394107818604,0.01690344470523722,0.41110383066416056
03,140,1,0.3036876355748373,0.586520571933626,0.5142934918403625,0.027766021186647033,0.8086624897731979
03,141,1,0.30585683297180044,0.5702835351580635,0.5103753209114075,0.03649508098526005,0.9976288931866133
03,142,1,0.3080260303687636,0.5736931164757284,0.5061309337615967,0.02372279567509844,0.3469027588440109
03,143,1,0.31019522776572667,0.5522447202461936,0.5105377435684204,0.036540180431825886,1.005456631147179
03,144,1,0.3123644251626898,0.5337958981371087,0.5025451183319092,0.04338309430980067,0.9690124503871649
03,145,1,0.31453362255965295,0.5082147532262857,0.5102435350418091,0.05578307077149433,1.734964062074412
03,146,1,0.31670281995661603,0.513516712838193,0.5059219598770142,0.03631619418389495,0.8237084008697877
03,147,1,0.3188720173535792,0.4608179190394591,0.5126515626907349,0.07261860856599264,2.473182244043335
03,148,1,0.3210412147505423,0.4854279813069153,0.5151806473731995,0.03615817583187962,1.1649011538607028
03,149,1,0.3232104121475054,0.44748576437930304,0.5108155608177185,0.05100208371691674,1.5724282448206577
03,150,1,0.32537960954446854,0.4478764822057429,0.5139065980911255,0.03542911867873122,1.0890572362894475
03,151,1,0.3275488069414317,0.4212452955310558,0.5122684836387634,0.045650247695305804,1.4209644984142877
03,152,1,0.3297180043383948,0.43978354199144226,0.4991633892059326,0.025189267289310424,0.14200042589802236
03,153,1,0.3318872017353579,0.43156008902001936,0.5177778005599976,0.016591182647452324,0.5092995807857713
03,154,1,0.33405639913232105,0.45066925693352416,0.49874818325042725,0.012857816083867157,-0.34813612223669466
03,155,1,0.3362255965292842,0.4746775010638006,0.4912252128124237,0.032369448701283665,0.12057789635572724
03,156,1,0.3383947939262473,0.47648316850500394,0.4926494061946869,0.021212932337400486,-0.2553505028336972
03,157,1,0.3405639913232104,0.47919373510231766,0.49710339307785034,0.014692010306368214,-0.3392416949238027
03,158,1,0.34273318872017355,0.484205979110997,0.48990753293037415,0.0074565572163289035,-0.8875921671479785
03,159,1,0.34490238611713664,0.4980719577085107,0.5019204020500183,0.0129383552694744,-0.22605339019108958
03,160,1,0.3470715835140998,0.47976515048519675,0.5030879974365234,0.011217066115017077,-0.24850135796489586
03,161,1,0.3492407809110629,0.5232961218297176,0.4963739216327667,0.031493409734455635,0.27998170539986966
03,162,1,0.351409978308026,0.5310863843170806,0.4928515553474426,0.028258075539968563,0.0233566792898815
03,163,1,0.35357917570498915,0.55878235605994,0.49250760674476624,0.04423394598130706,0.6252706093461049
03,164,1,0.3557483731019523,0.5597678119787854,0.49668455123901367,0.03084777565157379,0.2667862149648045
03,165,1,0.3579175704989154,0.5557368710750537,0.4977627694606781,0.013444512875579212,-0.3625185096750035
03,166,1,0.3600867678958785,0.5560009737149942,0.4996030926704407,0.00909837814037881,-0.4607483154382803
03,167,1,0.36225596529284165,0.5514965278478714,0.4994848072528839,0.012568981852828422,-0.3316223871160523
03,168,1,0.3644251626898048,0.5532350827661515,0.5025631189346313,0.009008969881531156,-0.3531647300243622
03,169,1,0.3665943600867679,0.5480397924815348,0.5056807398796082,0.012571077862989413,-0.09914530311167001
03,170,1,0.368763557483731,0.558214598658005,0.5054469704627991,0.004260703827673266,-0.42772958459148597
03,171,1,0.37093275488069416,0.5530054878396999,0.5038412809371948,0.006234519092197241,-0.41199540386893985
03,172,1,0.37310195227765725,0.5522019842541113,0.4945317506790161,0.007415262675743048,-0.7157366476987292
03,173,1,0.3752711496746204,0.5271111611139692,0.5013530850410461,0.03224781118787509,0.49577202200243453
03,174,1,0.3774403470715835,0.5308031997703015,0.5014192461967468,0.023870932719116195,0.17587815264357992
03,175,1,0.3796095444685466,0.5132966232182885,0.5007422566413879,0.03397734151973847,0.5394203033518058
03,176,1,0.38177874186550975,0.5235529755352963,0.5005823373794556,0.017623247907180395,-0.09594817663723895
03,177,1,0.3839479392624729,0.4928981777364157,0.49675580859184265,0.037286318666554685,0.5172395446814915
03,178,1,0.38611713665943603,0.4976694705260916,0.5053232312202454,0.02504872512862706,0.36763454551052455
03,179,1,0.3882863340563991,0.4945554324573729,0.49370673298835754,0.018792385790156643,-0.30884460577686534
03,180,1,0.39045553145336226,0.5102984441637486,0.49346140027046204,0.013457994487027058,-0.5233350092707352
03,181,1,0.3926247288503254,0.4995797548756633,0.4983721077442169,0.005769132838750355,-0.6350425097783652
03,182,1,0.3947939262472885,0.4988181357269048,0.49553725123405457,0.008201146272320768,-0.6477785224840574
03,183,1,0.3969631236442516,0.48744643089666284,0.5050082206726074,0.01986001740276605,0.15613715355085914
03,184,1,0.39913232104121477,0.49844681919360945,0.4909762144088745,0.011283871565413935,-0.7002179662134423
03,185,1,0.40130151843817785,0.49627575697921544,0.4943314790725708,0.008107795131374855,-0.6965970254593081
03,186,1,0.403470715835141,0.5103159945354229,0.5157777070999146,0.008575702342818237,0.12581287157324156
03,187,1,0.40563991323210413,0.5075060402155469,0.5045086145401001,0.005594961779452042,-0.411577818311357
03,188,1,0.4078091106290672,0.5190274058698928,0.500181257724762,0.009397746645437664,-0.42754167356994244
03,189,1,0.40997830802603036,0.5346562351663143,0.4998459815979004,0.019881429272788326,-0.03666357983277288
03,190,1,0.4121475054229935,0.5297569692284552,0.4965643286705017,0.009135378055785322,-0.573302068433305
03,191,1,0.41431670281995664,0.5473554013724367,0.48318955302238464,0.018125232258877855,-0.7289966481743932
03,192,1,0.4164859002169197,0.5466979723190972,0.505325973033905,0.009132878741687002,-0.2447673714989357
03,193,1,0.41865509761388287,0.552073315229011,0.4920791685581207,0.006201609883044109,-0.8544340151301828
03,194,1,0.420824295010846,0.5544250793816466,0.4903631806373596,0.0044447424647725275,-0.9864083295675914
03,195,1,0.4229934924078091,0.5583424148121616,0.4974730908870697,0.0017109662431072392,-0.8249370551214585
03,196,1,0.42516268980477223,0.562077342253007,0.5049866437911987,0.0026991403240213562,-0.505090614929148
03,197,1,0.42733188720173537,0.5650226215819091,0.5217543840408325,0.0017995771694460116,0.08921335897233951
03,198,1,0.42950108459869846,0.5738120022136709,0.5096377730369568,0.007351631212983325,-0.15159026253163838
03,199,1,0.4316702819956616,0.575194998395749,0.508334755897522,0.004495099894717582,-0.3103943290524178
03,200,1,0.43383947939262474,0.5849214079207739,0.5147310495376587,0.00940116031618338,0.11832183402007365
03,201,1,0.4360086767895879,0.592897282901666,0.5140171051025391,0.011666018880133803,0.17870399838257997
03,202,1,0.43817787418655096,0.6013792538217346,0.5123297572135925,0.013179324470263213,0.17365311062100175
03,203,1,0.4403470715835141,0.603389661693565,0.5039700269699097,0.008591416802863768,-0.31646365911094243
03,204,1,0.44251626898047725,0.6087518312420646,0.5181768536567688,0.006611423164123195,0.14020658413847342
03,205,1,0.44468546637744033,0.6052793859951805,0.5093158483505249,0.0038148742650355996,-0.2997733857104295
03,206,1,0.44685466377440347,0.608603591251675,0.5100275278091431,0.0029533497595136387,-0.3062346562559759
03,207,1,0.4490238611713666,0.6061598108739901,0.5104700922966003,0.006839813165137679,-0.14006849901568694
03,208,1,0.4511930585683297,0.6126892612128458,0.5106799602508545,0.002968923992114762,-0.28116392738311247
03,209,1,0.45336225596529284,0.6084071265336914,0.5120100975036621,0.006269392293237888,-0.10425819036063971
03,210,1,0.455531453362256,0.6153303654799698,0.5167148113250732,0.0029801800629111193,-0.05437615875390933
03,211,1,0.45770065075921906,0.6096435229193089,0.5100238919258118,0.007496624599321875,-0.13152783454408432
03,212,1,0.4598698481561822,0.6179421449679873,0.5202086567878723,0.0037909456086551163,0.10787211424911797
03,213,1,0.46203904555314534,0.6087665590023112,0.5127771496772766,0.010557737466434597,0.08954481943861517
03,214,1,0.4642082429501085,0.6155590785891337,0.5097891688346863,0.0059526344914770084,-0.19975065453224716
03,215,1,0.46637744034707157,0.6125685808167931,0.5109617710113525,0.006902752046398672,-0.11920452572656151
03,216,1,0.4685466377440347,0.6199454422828093,0.5100845694541931,0.00434022223320546,-0.2507228025379472
03,217,1,0.47071583514099785,0.611449201162154,0.5088454484939575,0.009254220504114395,-0.10808952673162321
03,218,1,0.47288503253796094,0.6188631733092989,0.5127747654914856,0.004919193671801323,-0.12753808638397995
03,219,1,0.4750542299349241,0.611822481874595,0.5214601755142212,0.010377624011675326,0.4082954054971226
03,220,1,0.4772234273318872,0.6142069900844374,0.5205796360969543,0.007806591066283422,0.27632469838413243
03,221,1,0.4793926247288503,0.6124041093411943,0.5103641152381897,0.008174858759933509,-0.09266563792896412
03,222,1,0.48156182212581344,0.6151341480542236,0.5274264812469482,0.005749865149477616,0.4539845285717047
03,223,1,0.4837310195227766,0.6102731787161826,0.5265287160873413,0.009612260115936463,0.568951486680279
03,224,1,0.48590021691973967,0.6103927589419147,0.5133677124977112,0.009105354100601256,0.05580213084573371
03,225,1,0.4880694143167028,0.6134984598492901,0.5199129581451416,0.0053002445625816,0.15486487600258364
03,226,1,0.49023861171366595,0.6144273580060461,0.5168038010597229,0.00439078487786315,0.003247315126886585
03,227,1,0.4924078091106291,0.6096441987385057,0.5171945691108704,0.008997246633359126,0.19517908274530055
03,228,1,0.4945770065075922,0.6030834233345912,0.5208691954612732,0.015400777042854447,0.5794397927864418
03,229,1,0.4967462039045553,0.6079706765620452,0.5094251036643982,0.009831115228595281,-0.06414668649046405
03,230,1,0.49891540130151846,0.6075803186517157,0.5145612955093384,0.00769460200208785,0.04627959919345437
03,231,1,0.5010845986984815,0.6120490753404331,0.5065047740936279,0.003036484627262303,-0.4351663915462065
03,232,1,0.5032537960954447,0.6133540436329935,0.5107111930847168,0.0010997962259455805,-0.3519238829780066
03,233,1,0.5054229934924078,0.6115696934364512,0.5140364170074463,0.005162341603852175,-0.07085889282054897
03,234,1,0.5075921908893709,0.6133018454074897,0.5126140713691711,0.004329943851415189,-0.15624205052333157
03,235,1,0.5097613882863341,0.6072044034384262,0.5192057490348816,0.011857767509422162,0.3806983821315576
03,236,1,0.5119305856832972,0.6066335528557477,0.5140433311462402,0.011217450116598911,0.16242498095370772
03,237,1,0.5140997830802603,0.5987897452217785,0.5263986587524414,0.017381135056256658,0.8630503625637514
03,238,1,0.5162689804772235,0.5972064706227188,0.5074759721755981,0.015769422601648205,0.09127505342866458
03,239,1,0.5184381778741866,0.5846734991192816,0.5040844082832336,0.024278550408892735,0.29152952747954713
03,240,1,0.5206073752711496,0.5867658206114581,0.5116523504257202,0.01655350283693005,0.2780967415958714
03,241,1,0.5227765726681128,0.5751878552026324,0.502742350101471,0.023164535184683366,0.19832002883695862
03,242,1,0.5249457700650759,0.5824499253886849,0.5020561814308167,0.012334326288169271,-0.2442060164307221
03,243,1,0.527114967462039,0.5530026069509428,0.48727738857269287,0.0357601746230779,0.10299185206651795
03,244,1,0.5292841648590022,0.564499143967308,0.5055283308029175,0.02079548177410931,0.21164576345011596
03,245,1,0.5314533622559653,0.5248669159142807,0.4978005886077881,0.05041147345661784,1.0615349487599508
03,246,1,0.5336225596529284,0.5431768790094255,0.49155229330062866,0.027377555788256236,-0.05926179635254436
03,247,1,0.5357917570498916,0.5164636933088949,0.4836440682411194,0.0364161996451009,-0.008039924423545619
03,248,1,0.5379609544468547,0.5400827302500322,0.4823639392852783,0.01788505473709079,-0.7692066671991034
03,249,1,0.5401301518438177,0.5338772413578559,0.5014969110488892,0.009873191183386837,-0.3598972928673917
03,250,1,0.5422993492407809,0.5503686609574283,0.48405319452285767,0.012073932703173501,-0.9294812243639583
03,251,1,0.544468546637744,0.5388772060849267,0.48652583360671997,0.008826333070343306,-0.9617182113228486
03,252,1,0.5466377440347071,0.5724834389198425,0.5096181035041809,0.025188472763775283,0.5341042276163
03,253,1,0.5488069414316703,0.5468168250370626,0.4915684759616852,0.011225711809920769,-0.6802416966907044
03,254,1,0.5509761388286334,0.5603535826298203,0.504039466381073,0.010588218487521672,-0.23701430135999094
03,255,1,0.5531453362255966,0.5685350293866342,0.521932065486908,0.013279068387922754,0.5376540695945633
03,256,1,0.5553145336225597,0.5744513374540059,0.5187616944313049,0.010121467894882996,0.297223145820436
03,257,1,0.5574837310195228,0.5738829036852056,0.5082321763038635,0.0064331217479197695,-0.2396591234671384
03,258,1,0.559652928416486,0.5583994606787587,0.5032843947410583,0.017399759103664314,-0.0032004130081372817
03,259,1,0.561822125813449,0.5981205086163079,0.5192775726318359,0.022809819321650354,0.804870631418217
03,260,1,0.5639913232104121,0.5835271307127101,0.5129735469818115,0.010072370426587401,0.07823242533694386
03,261,1,0.5661605206073753,0.6058189149841144,0.5112006068229675,0.020842907567362373,0.42622605727628093
03,262,1,0.5683297180043384,0.6051594213691007,0.5012602210044861,0.0142045067535371,-0.20208887485385726
03,263,1,0.5704989154013015,0.6241935539322512,0.5088305473327637,0.019543553518186374,0.28732581690678916
03,264,1,0.5726681127982647,0.6222997015106432,0.5168904662132263,0.013377067277097867,0.3523256533949901
03,265,1,0.5748373101952278,0.6464324945109508,0.5294771790504456,0.025571090068416874,1.2937010749849283
03,266,1,0.5770065075921909,0.6470213554862758,0.5398710370063782,0.01701082697307163,1.3541200580358168
03,267,1,0.579175704989154,0.6662351109595336,0.540945291519165,0.024754828105996857,1.69243289969774
03,268,1,0.5813449023861171,0.6611479788934835,0.5351212024688721,0.012999574114852532,1.0215948545807736
03,269,1,0.5835140997830802,0.6794969119058896,0.524192750453949,0.01779417044982215,0.7962066112930186
03,270,1,0.5856832971800434,0.6709311752868512,0.5250456929206848,0.00809197082271465,0.454819653459403
03,271,1,0.5878524945770065,0.6810740877325809,0.5313661098480225,0.006936601661691884,0.6474220416499784
03,272,1,0.5900216919739696,0.6782076010565447,0.5145159959793091,0.005824260065832643,-0.027397650721469824
03,273,1,0.5921908893709328,0.6766894429346506,0.5123212933540344,0.007231507554322472,-0.05555988466802414
03,274,1,0.5943600867678959,0.6739242620762447,0.5043383836746216,0.009294821169918668,-0.27557758887388023
03,275,1,0.596529284164859,0.6652631320586075,0.5229000449180603,0.01870422288490417,0.7827423606282902
03,276,1,0.5986984815618221,0.6614502894171007,0.5199517607688904,0.018564326607917653,0.6667746512676983
03,277,1,0.6008676789587852,0.6402334800526257,0.509133517742157,0.03559180806253168,0.9162899473092857
03,278,1,0.6030368763557483,0.6323599971458493,0.5105441212654114,0.034351300248801814,0.921459073128714
03,279,1,0.6052060737527115,0.6155287682339963,0.5101842880249023,0.04079146292805605,1.1558054310798291
03,280,1,0.6073752711496746,0.5866586691004427,0.5092334747314453,0.05722797110545677,1.752684304092843
03,281,1,0.6095444685466378,0.5698334703734105,0.5161408185958862,0.05535526475332453,1.9396951151254807
03,282,1,0.6117136659436009,0.5505173738244038,0.5116914510726929,0.0570713588825274,1.8388507767119442
03,283,1,0.613882863340564,0.5423731433379798,0.5060787796974182,0.04475493353859,1.1543464700857418
03,284,1,0.6160520607375272,0.5227052370963892,0.5077875852584839,0.04613393355617654,1.271509556287667
03,285,1,0.6182212581344902,0.5285270989615902,0.5085996985435486,0.025935943323861316,0.5246716215171221
03,286,1,0.6203904555314533,0.5222540101456857,0.4915139377117157,0.020270209652911514,-0.3342192408906278
03,287,1,0.6225596529284165,0.49761939160252444,0.48874256014823914,0.03783898727639329,0.23794829887250246
03,288,1,0.6247288503253796,0.522522675060046,0.5025098323822021,0.012900206315067358,-0.20541321898895776
03,289,1,0.6268980477223427,0.5202844346852464,0.48902785778045654,0.012674984694680064,-0.7197611931451426
03,290,1,0.6290672451193059,0.5297401821128378,0.49677586555480957,0.00902826695718481,-0.5694898231062372
03,291,1,0.631236442516269,0.5281536762463193,0.5005327463150024,0.007291056422576936,-0.495431851785095
03,292,1,0.6334056399132321,0.5416626776727571,0.4937158226966858,0.009993929153138239,-0.6471031016055129
03,293,1,0.6355748373101953,0.5382330146842823,0.48538196086883545,0.004792798304424363,-1.1598488562604348
03,294,1,0.6377440347071583,0.5521280841921046,0.4918551445007324,0.01118719001954896,-0.6709718327463713
03,295,1,0.6399132321041214,0.5597151643745848,0.4954560399055481,0.013177294682212487,-0.4593227047162279
03,296,1,0.6420824295010846,0.5712577359397426,0.5080479383468628,0.016829494215303914,0.1535240543485606
03,297,1,0.6442516268980477,0.566116123179149,0.5162494778633118,0.00815862456696201,0.12745719875973818
03,298,1,0.6464208242950108,0.5791032588282545,0.5232994556427002,0.010305475413352808,0.4745063769941096
03,299,1,0.648590021691974,0.5791571501284258,0.5078946948051453,0.004887328703102269,-0.311805579679183
03,300,1,0.6507592190889371,0.5783035362996263,0.5064064264297485,0.004296139876907966,-0.39037868673473103
03,301,1,0.6529284164859002,0.5782020308279319,0.5141686797142029,0.004809641404024788,-0.07947129596163077
03,302,1,0.6550976138828634,0.5828485831229689,0.5100735425949097,0.003360992240414416,-0.28882104234449746
03,303,1,0.6572668112798264,0.5798289343297809,0.5164867043495178,0.006292397258463836,0.06453525356309192
03,304,1,0.6594360086767896,0.5762992190818408,0.5142627358436584,0.0099900585567427,0.1234195057161038
03,305,1,0.6616052060737527,0.5727394722403953,0.5212818384170532,0.013048726093741771,0.5044009346243934
03,306,1,0.6637744034707158,0.5593671061047806,0.5054317712783813,0.02505545258247241,0.37196455420296304
03,307,1,0.665943600867679,0.5614356682739217,0.5017231702804565,0.01711652115878423,-0.07265878096729557
03,308,1,0.6681127982646421,0.5392198568975413,0.5092441439628601,0.034734016021199826,0.8874280720275487
03,309,1,0.6702819956616052,0.5506614241627761,0.494696706533432,0.018444690543806236,-0.28509346616648584
03,310,1,0.6724511930585684,0.5365713580482463,0.5129581689834595,0.022593162305015096,0.5595052520189978
03,311,1,0.6746203904555315,0.546134537196906,0.5030211806297302,0.010813934417850389,-0.2665216191906695
03,312,1,0.6767895878524945,0.5525183803860142,0.5006260275840759,0.00584570560062514,-0.5475558869475264
03,313,1,0.6789587852494577,0.5493201921671333,0.5072723627090454,0.006123052438198411,-0.28759240993182433
03,314,1,0.6811279826464208,0.5542180248186248,0.5033102631568909,0.003335981756640656,-0.5434599534299153
03,315,1,0.6832971800433839,0.5582496319029376,0.5012980103492737,0.002238819904903739,-0.6611584605946026
03,316,1,0.6854663774403471,0.56961253771027,0.52093106508255,0.00954247389808599,0.3563097028314114
03,317,1,0.6876355748373102,0.5728593707489225,0.5131769776344299,0.008515767605674521,0.025958445030183852
03,318,1,0.6898047722342733,0.5768617399931941,0.5153802037239075,0.006633342204498907,0.03615364960038914
03,319,1,0.6919739696312365,0.5884335032840265,0.5104935169219971,0.012544176701689004,0.08033659366488718
03,320,1,0.6941431670281996,0.5911759113708945,0.5043847560882568,0.007740616943284764,-0.333650186498856
03,321,1,0.6963123644251626,0.6000635722756125,0.5086573362350464,0.011237434432846558,-0.03882330188339535
03,322,1,0.6984815618221258,0.6005359062450217,0.5119177103042603,0.005971252334579987,-0.11919704570722237
03,323,1,0.7006507592190889,0.6013282042748327,0.5173148512840271,0.0026501133690256815,-0.04457219262542239
03,324,1,0.702819956616052,0.6085583577573415,0.5198491215705872,0.0037889527222446117,0.09431000912432536
03,325,1,0.7049891540130152,0.6039330811102868,0.5222417712211609,0.005181935521421818,0.23766076380971374
03,326,1,0.7071583514099783,0.6130044353053339,0.5155516862869263,0.0032964052883631147,-0.08583293819588844
03,327,1,0.7093275488069414,0.6130237942919443,0.5138747692108154,0.0027766756206876746,-0.16873183062615005
03,328,1,0.7114967462039046,0.6178825547014548,0.5148035287857056,0.002450180713812366,-0.1464608255224023
03,329,1,0.7136659436008677,0.616913089213828,0.512609601020813,0.002836582488898842,-0.21388017918005317
03,330,1,0.7158351409978309,0.6247506198882389,0.5163257122039795,0.003051145016592124,-0.06623943740492305
03,331,1,0.7180043383947939,0.6246174773115737,0.5140395760536194,0.0018753714722790364,-0.19723602263487205
03,332,1,0.720173535791757,0.6321412947484205,0.501011848449707,0.004606852976140165,-0.5807605083175706
03,333,1,0.7223427331887202,0.6293440531872427,0.4983566105365753,0.0027757503886811914,-0.7508209806233832
03,334,1,0.7245119305856833,0.6319701405713256,0.49798959493637085,0.002251069599389975,-0.7847787582673866
03,335,1,0.7266811279826464,0.6317255454392304,0.5000085830688477,0.004286202508916701,-0.6307307848431016
03,336,1,0.7288503253796096,0.6197549086336411,0.5127169489860535,0.018033856346420185,0.3749974595283797
03,337,1,0.7310195227765727,0.6226950284010193,0.5178505182266235,0.012168498635334951,0.34182468398548194
03,338,1,0.7331887201735358,0.6169757174647058,0.5164164900779724,0.01605419479010481,0.43757426548043327
03,339,1,0.735357917570499,0.6237351320806372,0.5180220007896423,0.007627180406782839,0.17348873689159353
03,340,1,0.737527114967462,0.6205540587042981,0.5130163431167603,0.006729644434209228,-0.04880370669635914
03,341,1,0.7396963123644251,0.6240230749291167,0.5129644274711609,0.0038962225407629097,-0.15979224139938755
03,342,1,0.7418655097613883,0.6259507226241944,0.4953387975692749,0.0019657090265471065,-0.8951864049473057
03,343,1,0.7440347071583514,0.6340480515535822,0.49369674921035767,0.004027143433846831,-0.8774440363371079
03,344,1,0.7462039045553145,0.6310072986666048,0.49506622552871704,0.0016619995660477056,-0.9170979517660842
03,345,1,0.7483731019522777,0.6356408038011345,0.49991360306739807,0.0021910368378799685,-0.7149235519758798
03,346,1,0.7505422993492408,0.6341579000095621,0.4993128478527069,0.0039973256453234,-0.6679434766966905
03,347,1,0.7527114967462039,0.634325426473417,0.5013411045074463,0.005881593527810339,-0.5193537437623788
03,348,1,0.754880694143167,0.6292364832235354,0.494798868894577,0.01103988050765067,-0.5662279656191878
03,349,1,0.7570498915401301,0.6317946712506821,0.5005249977111816,0.008038988619736644,-0.46693909471853956
03,350,1,0.7592190889370932,0.6324486581712452,0.4960675835609436,0.006423468561560478,-0.696298944165013
03,351,1,0.7613882863340564,0.6336679007188547,0.4917932152748108,0.004776915554371734,-0.9199873983414644
03,352,1,0.7635574837310195,0.6364331966717145,0.5035899877548218,0.0019311848405999515,-0.5870302160684012
03,353,1,0.7657266811279827,0.6342329508684283,0.5053561329841614,0.005846662328202271,-0.3701027480486513
03,354,1,0.7678958785249458,0.6223178749708248,0.5118206143379211,0.018371308130242375,0.3543643093215558
03,355,1,0.7700650759219089,0.6131769127313619,0.5080848932266235,0.024979574569600205,0.4685575006429563
03,356,1,0.7722342733188721,0.6175224413270131,0.5143598318099976,0.016385361976200108,0.37317795680543686
03,357,1,0.7744034707158352,0.6092831527936637,0.5132845640182495,0.019022898674249777,0.43434977033896016
03,358,1,0.7765726681127982,0.608432430082319,0.5198618173599243,0.01363617186690341,0.47374616504147027
03,359,1,0.7787418655097614,0.5977711153453527,0.5100685358047485,0.02082612538174325,0.3831186058371515
03,360,1,0.7809110629067245,0.5966924052475711,0.5088315010070801,0.018053386133022542,0.23001404883886828
03,361,1,0.7830802603036876,0.5862968874281416,0.5030873417854309,0.02324139493259153,0.21421780968801643
03,362,1,0.7852494577006508,0.5904298029665573,0.5064235925674438,0.0141296695233018,-0.01130168350856892
03,363,1,0.7874186550976139,0.5772810856544052,0.5102866291999817,0.02200997358600698,0.43685799512674117
03,364,1,0.789587852494577,0.5796952894541078,0.5100277662277222,0.014473262363567522,0.13710611392553396
03,365,1,0.7917570498915402,0.558513708314781,0.4860028326511383,0.031405564554528476,-0.11239669296894061
03,366,1,0.7939262472885033,0.5654888469013281,0.5094677209854126,0.01967349918421349,0.3162256860342719
03,367,1,0.7960954446854663,0.5630063492591277,0.5104779005050659,0.013731889815534245,0.12545875571202084
03,368,1,0.7982646420824295,0.562722366666986,0.5160477757453918,0.010447188308856572,0.20796476578231093
03,369,1,0.8004338394793926,0.5545237308147162,0.48922374844551086,0.014402593464346025,-0.6459285231236022
03,370,1,0.8026030368763557,0.552230485379509,0.48974618315696716,0.015698344524536972,-0.5764674654288019
03,371,1,0.8047722342733189,0.5399283665437025,0.5015110969543457,0.02468587297988878,0.21068540807160802
03,372,1,0.806941431670282,0.5522621978394595,0.496899276971817,0.011450760354452635,-0.4716337869621775
03,373,1,0.8091106290672451,0.5341999239729875,0.4920012056827545,0.022029777664865746,-0.2482277018966786
03,374,1,0.8112798264642083,0.5642627102186006,0.5118309259414673,0.013113960291179505,0.1524275248668871
03,375,1,0.8134490238611713,0.5836751807821636,0.5274612903594971,0.02951837464496959,1.369996455667089
03,376,1,0.8156182212581344,0.5785969366929334,0.5332780480384827,0.017341250339440506,1.1195468860708293
03,377,1,0.8177874186550976,0.5910743788922123,0.5373402833938599,0.019397184482034452,1.351033285733835
03,378,1,0.8199566160520607,0.5950885000288084,0.5190403461456299,0.009192691888824437,0.27193181006227773
03,379,1,0.8221258134490239,0.6052636405968876,0.5133944749832153,0.011661385004351713,0.1551721202643434
03,380,1,0.824295010845987,0.6021632630787355,0.5156349539756775,0.006012782590295919,0.021827206714879976
03,381,1,0.8264642082429501,0.6129696972163203,0.5169149041175842,0.008078745073652891,0.14934186111883668
03,382,1,0.8286334056399133,0.6039545700287501,0.5194439888000488,0.006410211694944376,0.17999074871431914
03,383,1,0.8308026030368764,0.6111215265630521,0.5243939161300659,0.004327577475131905,0.2855041210092407
03,384,1,0.8329718004338394,0.6182469341326853,0.5268455743789673,0.005458648855385718,0.42098877637162735
03,385,1,0.8351409978308026,0.6189497787818166,0.5162368416786194,0.004035133689300863,-0.031705005873790215
03,386,1,0.8373101952277657,0.6329058743806633,0.5213412046432495,0.013344165510580763,0.5179973150740671
03,387,1,0.8394793926247288,0.6329275124110572,0.5230405926704407,0.00741585973650072,0.35359312348683825
03,388,1,0.841648590021692,0.6515043130311605,0.5043237805366516,0.01925328161109846,0.10711564694110533
03,389,1,0.8438177874186551,0.6571096003985897,0.540152370929718,0.016544224253908807,1.3467155834574336
03,390,1,0.8459869848156182,0.667027155539309,0.5453506708145142,0.01692182399043488,1.556224427826268
03,391,1,0.8481561822125814,0.6689795082277623,0.53414386510849,0.010666381343701377,0.8951464910677549
03,392,1,0.8503253796095445,0.6748603247566718,0.5288534760475159,0.007211673963959916,0.5637642951801974
03,393,1,0.8524945770065075,0.6701760191914928,0.5394073724746704,0.004650038734243244,0.861036925324435
03,394,1,0.8546637744034707,0.6722612276058895,0.5189917683601379,0.0044930308164260165,0.08924820214668017
03,395,1,0.8568329718004338,0.6715444879578989,0.5134453177452087,0.006518288481061699,-0.04084758276735326
03,396,1,0.8590021691973969,0.6752512026977389,0.5158225297927856,0.004007474744974563,-0.04830940028690722
03,397,1,0.8611713665943601,0.6731514297975163,0.5359572172164917,0.0056503110592452084,0.7701232846804289
03,398,1,0.8633405639913232,0.6758963389594768,0.5186793208122253,0.003723007831069545,0.0478954188921763
03,399,1,0.8655097613882863,0.676416424109511,0.5111522078514099,0.004037947237153226,-0.22231066643729175
03,400,1,0.8676789587852495,0.6759560710085568,0.5022522211074829,0.005716284376010403,-0.4915414238392386
03,401,1,0.8698481561822126,0.6722312112373275,0.51218581199646,0.009617361224944162,0.03117558549700375
03,402,1,0.8720173535791758,0.6696146811505603,0.5075764656066895,0.012003836671664183,-0.04987029807909166
03,403,1,0.8741865509761388,0.6660066589182274,0.512291431427002,0.014041444451767995,0.20539337961973506
03,404,1,0.8763557483731019,0.6551895311078526,0.5191750526428223,0.022256130964321913,0.7797172026866891
03,405,1,0.8785249457700651,0.648588419519912,0.5225192308425903,0.023665607577086495,0.9593925422440834
03,406,1,0.8806941431670282,0.6204398563849048,0.514487624168396,0.045903472782739735,1.5139449029532466
03,407,1,0.8828633405639913,0.6296473308839471,0.5275486707687378,0.02770732804310344,1.3035776707748654
03,408,1,0.8850325379609545,0.6115222589252651,0.5195052027702332,0.033437532042395496,1.2224050050498376
03,409,1,0.8872017353579176,0.6155942222486082,0.5211313366889954,0.01918603103637581,0.7349437137280126
03,410,1,0.8893709327548807,0.6117820358540434,0.5153428912162781,0.014012387750144347,0.318729011313377
03,411,1,0.8915401301518439,0.6213937900784074,0.5195708870887756,0.007085397204510013,0.21073424752193548
03,412,1,0.8937093275488069,0.5936163003918036,0.5194187760353088,0.027950282878283966,1.0079922558385008
03,413,1,0.89587852494577,0.5917585112284551,0.5107215046882629,0.025331582408267023,0.5809979143485056
03,414,1,0.8980477223427332,0.5783262344780213,0.5047829151153564,0.03280493140366256,0.6458579361068433
03,415,1,0.9002169197396963,0.571759293890993,0.5145518183708191,0.031007921646685366,0.9431129351156251
03,416,1,0.9023861171366594,0.5723976256945174,0.509010374546051,0.017960965796307404,0.23316651933279925
03,417,1,0.9045553145336226,0.5819344064525478,0.5191307067871094,0.009079359127644127,0.27095955479494305
03,418,1,0.9067245119305857,0.5679541031996382,0.5148413777351379,0.01464379342288813,0.324217282929673
03,419,1,0.9088937093275488,0.5270132575439552,0.5126529932022095,0.052991606258975366,1.7179111759635681
03,420,1,0.911062906724512,0.5405421460066946,0.5157274007797241,0.03374195164214494,1.0924228568035304
03,421,1,0.913232104121475,0.5543833986445788,0.5176470875740051,0.02318067912278665,0.7579867137951048
03,422,1,0.9154013015184381,0.5446406826846715,0.5187081694602966,0.01424365883180595,0.4538537575792814
03,423,1,0.9175704989154013,0.01976090151202337,0.5938383340835571,0.47162252379854186,20.873577280000227
03,424,1,0.9197396963123644,0.9811567521799789,0.5407786965370178,0.33043223943920386,13.44986079264035
03,425,1,0.9219088937093276,0.023281665323844233,0.5669640302658081,0.24263974576651678,11.053415071592196
03,426,1,0.9240780911062907,0.9978735579223944,0.5123524069786072,0.128012581694103,4.59374085174496
03,427,1,0.9262472885032538,0.008748235831449128,0.5611986517906189,0.017301765482074877,2.1652705653780204
03,428,1,0.928416485900217,0.991499616671312,0.5400177240371704,0.017758942636611125,1.3884124319509659
03,429,1,0.93058568329718,0.9926034580214296,0.5374711155891418,0.019240817409326927,1.349922902840625
03,430,1,0.9327548806941431,0.9989365588537921,0.5226693153381348,0.008227082362678079,0.3708863475494235
03,431,1,0.9349240780911063,0.00696528535545568,0.5181429386138916,0.008611091950255431,0.2158896707763347
03,432,1,0.9370932754880694,0.9884242529283783,0.5184339880943298,0.01557048329062552,0.4946312464742912
03,433,1,0.9392624728850325,0.005110205674998351,0.5222019553184509,0.006218533314859956,0.2760597383894475
03,434,1,0.9414316702819957,0.9855796474855448,0.4971367120742798,0.02077293471111774,-0.10397393269852306
03,435,1,0.9436008676789588,0.9944452303557091,0.5024299025535583,0.011702214135272502,-0.25451469919609243
03,436,1,0.9457700650759219,0.9842758015296442,0.5002821683883667,0.01560753907501991,-0.1847793382560065
03,437,1,0.9479392624728851,0.9924695831216429,0.5024235844612122,0.009174834130635716,-0.3520152623758287
03,438,1,0.9501084598698482,0.9855062633338055,0.5007230639457703,0.010179808782836221,-0.37712281392961167
03,439,1,0.9522776572668112,0.9877296104967207,0.5039281845092773,0.007938115581986229,-0.3431746983889577
03,440,1,0.9544468546637744,0.985568137425169,0.5001254677772522,0.00842068368879081,-0.46723548668544984
03,441,1,0.9566160520607375,0.9844691138322602,0.49124249815940857,0.00984279125558082,-0.7456886953980928
03,442,1,0.9587852494577006,0.9854869034856127,0.5018118619918823,0.006824884279882618,-0.46539505786452867
03,443,1,0.9609544468546638,0.9851453961937345,0.5065361261367798,0.007161551609712627,-0.275241539615767
03,444,1,0.9631236442516269,0.9809045578228555,0.5000744462013245,0.01075633640484516,-0.3792640388825842
03,445,1,0.96529284164859,0.9792785444647301,0.4905488193035126,0.011216454862392169,-0.7188431206138293
03,446,1,0.9674620390455532,0.9786682483201176,0.494357705116272,0.01052910866512213,-0.6024316143942551
03,447,1,0.9696312364425163,0.9746905585552572,0.5043542981147766,0.012802134638608683,-0.1400053690107122
03,448,1,0.9718004338394793,0.9730447523477107,0.5002389550209045,0.01183423143653586,-0.331611991892281
03,449,1,0.9739696312364425,0.9704314582902952,0.4858446419239044,0.012482574125165177,-0.8465616552923466
03,450,1,0.9761388286334056,0.9698708233541333,0.5048874020576477,0.010831437517718336,-0.19584998398185444
03,451,1,0.9783080260303688,0.970368252990933,0.5024635195732117,0.008134651639422615,-0.39054771902244434
03,452,1,0.9804772234273319,0.9677685100057729,0.5025039911270142,0.00965381823350164,-0.33056617331684923
03,453,1,0.982646420824295,0.9685803238967735,0.4989334046840668,0.00752294375701659,-0.5464958553758046
05,8,0,0.018306636155606407,0.04360559581535787,0.4922828674316406,nan,nan
05,9,0,0.020594965675057208,0.04529766167997829,0.4869060516357422,nan,nan
05,10,0,0.02288329519450801,0.04490982349995267,0.4958166778087616,nan,nan
05,11,0,0.02517162471395881,0.0460911976333929,0.49143916368484497,nan,nan
05,12,0,0.02745995423340961,0.046655630912808915,0.48494383692741394,0.004813945237868015,-1.1754681475446764
05,13,0,0.029748283752860413,0.04720832536268243,0.4779622256755829,0.005023759562357287,-1.429259238512534
05,14,0,0.032036613272311214,0.04988199750030422,0.4707854688167572,0.002865888115521102,-1.7814877500975221
05,15,0,0.034324942791762014,0.056160838560059066,0.48852604627609253,0.0023680289457275743,-1.1352355363420656
05,16,0,0.036613272311212815,0.061556462265189335,0.48421362042427063,0.005086257687719173,-1.1923773743477852
05,17,0,0.038901601830663615,0.06486582609254642,0.47775998711586,0.0046704136769811794,-1.4504429302347441
05,18,0,0.041189931350114416,0.06757051846390516,0.4785378873348236,0.002960730865873925,-1.4870608873501427
05,19,1,0.043478260869565216,0.07278811264620529,0.47975948452949524,0.003756194807273796,-1.41062874140694
05,20,1,0.04576659038901602,0.07558776321800065,0.47158342599868774,0.002399026857532601,-1.7695247207631744
05,21,1,0.04805491990846682,0.07984307082088057,0.4752902686595917,0.003146509222209717,-1.6017227574114996
05,22,1,0.05034324942791762,0.08655279924376207,0.4812101423740387,0.006111926463007652,-1.2655597350386558
05,23,1,0.05263157894736842,0.08870777350912112,0.4923587441444397,0.003742544699424257,-0.9385822821341286
05,24,1,0.05491990846681922,0.10259312804822555,0.49423179030418396,0.01342676985677796,-0.495640944286189
05,25,1,0.057208237986270026,0.09998238057744231,0.49631789326667786,0.006668756212531409,-0.6774707132118134
05,26,1,0.059496567505720827,0.10848341366674404,0.5054960250854492,0.007530886828599761,-0.3000400649325603
05,27,1,0.06178489702517163,0.10887948249447993,0.5169646143913269,0.004297895608400243,0.005704338781344909
05,28,1,0.06407322654462243,0.10764782053383588,0.5278329253196716,0.0038302871563935777,0.39535643420408456
05,29,1,0.06636155606407322,0.11279727724107291,0.5525615811347961,0.002433173762486446,1.269109930587358
05,30,1,0.06864988558352403,0.1099953615522727,0.548688530921936,0.005950143425266991,1.2591868617877358
05,31,1,0.07093821510297482,0.11556701329728689,0.5330566763877869,0.0023070957110623565,0.5326699318625988
05,32,1,0.07322654462242563,0.11482044043581506,0.520077645778656,0.0031749342138085424,0.07925161005147946
05,33,1,0.07551487414187644,0.11252856603335139,0.5209065079689026,0.007259963591767016,0.2675485873396427
05,34,1,0.07780320366132723,0.11574764519893747,0.505725622177124,0.004284544908342262,-0.41636044482533097
05,35,1,0.08009153318077804,0.11557701620561732,0.5012780427932739,0.005582406529236873,-0.5332329559818056
05,36,1,0.08237986270022883,0.11767251373489292,0.4924663007259369,0.0034894097270438663,-0.9442896961640602
05,37,1,0.08466819221967964,0.12007318762296862,0.49590596556663513,0.001801754163737649,-0.8802227564111708
05,38,1,0.08695652173913043,0.11856112220085037,0.49695780873298645,0.005199974983260217,-0.709993342379971
05,39,1,0.08924485125858124,0.12659762689890397,0.4873959422111511,0.002133160464315167,-1.1866620352433204
05,40,1,0.09153318077803203,0.12436893032287326,0.48443132638931274,0.003157190248646037,-1.2584498302170863
05,41,1,0.09382151029748284,0.13305517905445868,0.49288851022720337,0.004161455799553128,-0.902590511896298
05,42,1,0.09610983981693363,0.12996690984745618,0.48921599984169006,0.0028819870587084716,-1.089577684812672
05,43,1,0.09839816933638444,0.13592290858269532,0.489774614572525,0.002627942744459599,-1.078401849966499
05,44,1,0.10068649885583524,0.13376286497350934,0.48704028129577637,0.003559123471868012,-1.1451254294370814
05,45,1,0.10297482837528604,0.14565646891875889,0.4908180236816406,0.005985996810722485,-0.910034555337764
05,46,1,0.10526315789473684,0.14188828034190656,0.4935883581638336,0.003163699371420886,-0.9147383015114645
05,47,1,0.10755148741418764,0.14831374892206323,0.49396514892578125,0.003781374320089627,-0.8768350947969046
05,48,1,0.10983981693363844,0.1332645631303707,0.49370160698890686,0.015634284152195324,-0.43057312061644215
05,49,1,0.11212814645308924,0.13885102396460675,0.4938412010669708,0.011417776975591319,-0.5876051230804746
05,50,1,0.11441647597254005,0.13465758064377079,0.4907797873020172,0.012415329939472513,-0.6640425384569256
05,51,1,0.11670480549199085,0.13848613956219022,0.48178908228874207,0.007394674257027582,-1.1944797029754846
05,52,1,0.11899313501144165,0.13829607122318777,0.4831959307193756,0.004512262095553343,-1.252638400009566
05,53,1,0.12128146453089245,0.133835350331401,0.4830954670906067,0.010230860010544362,-1.0363323003591973
05,54,1,0.12356979405034325,0.14063630553701412,0.481681764125824,0.00427776270073507,-1.3184560739067042
05,55,1,0.12585812356979406,0.1400323936167627,0.47888118028640747,0.004775698585470332,-1.4043375489883245
05,56,1,0.12814645308924486,0.14534336417830226,0.4728642702102661,0.002564859501710814,-1.715101047748429
05,57,1,0.13043478260869565,0.13983356047195428,0.4826156198978424,0.006621799437422246,-1.193221294751616
05,58,1,0.13272311212814644,0.14855254245634242,0.47587692737579346,0.0028271302053511638,-1.5920093894887686
05,59,1,0.13501144164759726,0.15155881664030754,0.48622584342956543,0.0024132226310618907,-1.2197720827726652
05,60,1,0.13729977116704806,0.15013154436969647,0.4814990162849426,0.003936921113303834,-1.3384274948248238
05,61,1,0.13958810068649885,0.15416792138332716,0.4856378734111786,0.0025365635637497885,-1.2370789561954434
05,62,1,0.14187643020594964,0.15965949040584793,0.4742642343044281,0.0020632776999230406,-1.681894187297165
05,63,1,0.14416475972540047,0.15796449273981983,0.48939141631126404,0.002428827242439229,-1.1004375645486433
05,64,1,0.14645308924485126,0.16543646920823368,0.491064190864563,0.003462100490054356,-0.9979308601206595
05,65,1,0.14874141876430205,0.1683491859146759,0.5037415027618408,0.0025485859868622806,-0.557587166837528
05,66,1,0.15102974828375287,0.17470208937304244,0.48038044571876526,0.005356173312391579,-1.3257642863618004
05,67,1,0.15331807780320367,0.1830273137298175,0.47705912590026855,0.009920747927368027,-1.274677122207905
05,68,1,0.15560640732265446,0.18637948515327743,0.4928000271320343,0.007007214103328554,-0.7963932852277668
05,69,1,0.15789473684210525,0.19227644123859522,0.48818379640579224,0.007668416202385428,-0.9440927320763561
05,70,1,0.16018306636155608,0.22044811384578764,0.496070921421051,0.029858274978598026,0.20569034723699886
05,71,1,0.16247139588100687,0.23176480082131576,0.4783547520637512,0.029738455835939842,-0.463417075822825
05,72,1,0.16475972540045766,0.2487711086069519,0.48285889625549316,0.03456039184870138,-0.10890890517885043
05,73,1,0.16704805491990846,0.26718162630598197,0.5011829137802124,0.037373003684312844,0.6866269458257066
05,74,1,0.16933638443935928,0.2509590665482611,0.5103710889816284,0.013337552464055033,0.1062768178807661
05,75,1,0.17162471395881007,0.23707343223559085,0.5012317299842834,0.019089224828543333,-0.015174230161572821
05,76,1,0.17391304347826086,0.23860651327644414,0.4978404641151428,0.018883301641258815,-0.15029823038012408
05,77,1,0.17620137299771166,0.22255914276989353,0.4982016980648041,0.03238952331518248,0.3830237579943841
05,78,1,0.17848970251716248,0.21890658612780076,0.4981772005558014,0.02488645907325314,0.09335730211703197
05,79,1,0.18077803203661327,0.20764683266201278,0.4973895847797394,0.028133092433926032,0.18875878879009972
05,80,1,0.18306636155606407,0.21034623529621146,0.4828726649284363,0.018128039924730874,-0.7407744050131752
05,81,1,0.1853546910755149,0.2010368687699103,0.48255980014801025,0.020321336937575804,-0.6681025567736563
05,82,1,0.18764302059496568,0.17771954684406815,0.4866205155849457,0.03825809036342216,0.17448360905111215
05,83,1,0.18993135011441648,0.1608728423679749,0.49357640743255615,0.044808035018582285,0.6874522967797465
05,84,1,0.19221967963386727,0.1711976410200319,0.4961627423763275,0.026653436820343004,0.08579950281569015
05,85,1,0.1945080091533181,0.14781591188469545,0.490447461605072,0.03638431935930736,0.2459141938227014
05,86,1,0.19679633867276888,0.15701568704489907,0.49387964606285095,0.017180491259200556,-0.36439108017354405
05,87,1,0.19908466819221968,0.19550338595780925,0.4939686059951782,0.02978435888490244,0.1239923267077187
05,88,1,0.20137299771167047,0.1837851643952935,0.5001167058944702,0.016566313504887242,-0.1540880544710049
05,89,1,0.2036613272311213,0.2189563367356545,0.5058000087738037,0.0414327929214737,1.0160412396910539
05,90,1,0.20594965675057209,0.22063803390184084,0.5071956515312195,0.025787236590528367,0.46628594300064036
05,91,1,0.20823798627002288,0.21561616911952738,0.4991759657859802,0.012479052473695545,-0.3466672203747615
05,92,1,0.21052631578947367,0.24285207029665,0.48518699407577515,0.026609637765064448,-0.3275633276174533
05,93,1,0.2128146453089245,0.21839896821932253,0.4922035336494446,0.012610190787602144,-0.6031417862554682
05,94,1,0.2151029748283753,0.26380276440880956,0.48899486660957336,0.03293294753096787,0.05860795910063832
05,95,1,0.21739130434782608,0.25882955574791827,0.4874114394187927,0.02095386187248134,-0.46178569352968907
05,96,1,0.21967963386727687,0.2974186915773886,0.4896177649497986,0.044954345415706976,0.5446025335964461
05,97,1,0.2219679633867277,0.31150268407483706,0.4857671558856964,0.04539668259297086,0.4171971591141326
05,98,1,0.2242562929061785,0.3890891730590906,0.5058534145355225,0.09970724261334568,3.2606758256854405
05,99,1,0.22654462242562928,0.38631982110260904,0.5099798440933228,0.06829966577123597,2.2067616789582134
05,100,1,0.2288329519450801,0.44303204710473154,0.5058081150054932,0.09045594815774369,2.9029503123584424
05,101,1,0.2311212814645309,0.4136649306222651,0.5114553570747375,0.04066775233337609,1.1987196885933533
05,102,1,0.2334096109839817,0.44985060349870454,0.5020579099655151,0.03533060403302399,0.6408465937513259
05,103,1,0.23569794050343248,0.44168573739159633,0.5017480254173279,0.021925773420939182,0.11335254291074093
05,104,1,0.2379862700228833,0.447890250681817,0.4955975115299225,0.01068169694609497,-0.5500568785108712
05,105,1,0.2402745995423341,0.4287151401937721,0.5000022649765015,0.018381546439278446,-0.08852314579035439
05,106,1,0.2425629290617849,0.4255335312663939,0.506325364112854,0.022995408168585058,0.3262026830908179
05,107,1,0.2448512585812357,0.3913463462944105,0.5046160221099854,0.051103325082490825,1.3437927354713004
05,108,1,0.2471395881006865,0.3782676718381579,0.502072811126709,0.05159715176444697,1.2674066373497288
05,109,1,0.2494279176201373,0.359778817666716,0.5103166103363037,0.05268036122497412,1.6183004204418134
05,110,1,0.2517162471395881,0.35326075012528235,0.5045356154441833,0.041964348134643725,0.9890728494074398
05,111,1,0.2540045766590389,0.33113054152442106,0.5010795593261719,0.04602636145022712,1.0157657902049435
05,112,1,0.2562929061784897,0.3219063181169837,0.501181423664093,0.0401966336651671,0.7952355110114
05,113,1,0.2585812356979405,0.3078632441102162,0.47642773389816284,0.04014936924164107,-0.13504233090290896
05,114,1,0.2608695652173913,0.31131926226837364,0.48510465025901794,0.02414376547473611,-0.4255483957979423
05,115,1,0.2631578947368421,0.3080410303955411,0.47975629568099976,0.016507317602964047,-0.9200346800695113
05,116,1,0.2654462242562929,0.30477995757190246,0.4780142605304718,0.013996012644382699,-1.0820197136689962
05,117,1,0.26773455377574373,0.3096894606557398,0.47947052121162415,0.005960969667492403,-1.3366186865095033
05,118,1,0.2700228832951945,0.30813335950258297,0.48616206645965576,0.006817574713812806,-1.0526673244056963
05,119,1,0.2723112128146453,0.32032819834231174,0.5044878125190735,0.00617373981736369,-0.3900843889951644
05,120,1,0.2745995423340961,0.31476824609468446,0.5221898555755615,0.0031780451156044323,0.15859588366062177
05,121,1,0.2768878718535469,0.33360833584798016,0.5153887271881104,0.013885013205643892,0.3155463457971483
05,122,1,0.2791762013729977,0.3316378774639625,0.5041784644126892,0.008218766514276278,-0.3229866662412725
05,123,1,0.2814645308924485,0.34823602129996556,0.5048890113830566,0.01665685036922432,0.028395319306597486
05,124,1,0.2837528604118993,0.360724724505822,0.5113743543624878,0.022168597835667325,0.4837607706162813
05,125,1,0.28604118993135014,0.3709569420822368,0.5078772306442261,0.02091169580929772,0.30422043975462526
05,126,1,0.28832951945080093,0.3880189247765806,0.5174937844276428,0.0286365269450774,0.9621992506916677
05,127,1,0.2906178489702517,0.40045421406932685,0.5278650522232056,0.02697655440966909,1.287321413238514
05,128,1,0.2929061784897025,0.4277609258755946,0.5134075284004211,0.04122871802359654,1.2935297152263547
05,129,1,0.2951945080091533,0.4525351358308952,0.5137307643890381,0.049243877636453964,1.6141086806317746
05,130,1,0.2974828375286041,0.5118727498171742,0.5067821741104126,0.08818694318556844,2.8521649328156986
05,131,1,0.2997711670480549,0.5246087324675771,0.5046805739402771,0.06995946957582286,2.071873003249652
05,132,1,0.30205949656750575,0.5706358160917426,0.5146563053131104,0.08494792360042586,3.0228567661771284
05,133,1,0.30434782608695654,0.5833277957813419,0.5308384299278259,0.06192118073598807,2.7436540828255906
05,134,1,0.30663615560640733,0.5909774738018536,0.5318582057952881,0.03687269376888816,1.8179388250008963
05,135,1,0.30892448512585813,0.5932103001416882,0.5207663178443909,0.0195116272413369,0.7337828539434593
05,136,1,0.3112128146453089,0.6019614099671811,0.5118526816368103,0.010930057019517995,0.06919829451807714
05,137,1,0.3135011441647597,0.5919870853550206,0.5114872455596924,0.0068756660615020265,-0.10053745481893014
05,138,1,0.3157894736842105,0.5823238047240437,0.51179039478302,0.018703769085898714,0.36602525058248536
05,139,1,0.3180778032036613,0.5697211441911343,0.513035237789154,0.029143012349355596,0.8144600921210735
05,140,1,0.32036613272311215,0.5760617737169098,0.513944685459137,0.018801707300128062,0.4505972198661078
05,141,1,0.32265446224256294,0.553483663792462,0.5135725140571594,0.03303329469782154,0.9843256573871739
05,142,1,0.32494279176201374,0.5340809707410266,0.5123900771141052,0.042810132358617387,1.3162263362793505
05,143,1,0.32723112128146453,0.5046395617865296,0.5027211308479309,0.060190832817360096,1.6224426054216394
05,144,1,0.3295194508009153,0.5095497791380057,0.5044119358062744,0.04016662724176956,0.9152504713963472
05,145,1,0.3318077803203661,0.47617935982195003,0.5189421772956848,0.05575264053606244,2.0600607897953154
05,146,1,0.3340961098398169,0.48259785708688846,0.5125961899757385,0.031918614612263904,0.904808490303127
05,147,1,0.33638443935926776,0.4364821736015997,0.5078323483467102,0.06325297235025025,1.931996887922753
05,148,1,0.33867276887871856,0.456642614333484,0.4973677396774292,0.0348347036393743,0.44584394600560184
05,149,1,0.34096109839816935,0.39431822975526704,0.5070124268531799,0.07515077794922001,2.3591180001279817
05,150,1,0.34324942791762014,0.3977423897304191,0.507519006729126,0.05167471414627195,1.4746669046793737
05,151,1,0.34553775743707094,0.33639968786987773,0.5098648071289062,0.09139017047882123,3.091060886912005
05,152,1,0.34782608695652173,0.3647806381911821,0.5181868076324463,0.05088037258653724,1.8442243070917037
05,153,1,0.3501144164759725,0.30301005045891416,0.504543125629425,0.07679369242127883,2.329725547606256
05,154,1,0.3524027459954233,0.35950819036542425,0.506188154220581,0.03207702369690363,0.6705527346267004
05,155,1,0.35469107551487417,0.35138090331170596,0.5061143040657043,0.01992107125825232,0.19997361280993303
05,156,1,0.35697940503432496,0.3189803062361297,0.5024549961090088,0.03627216983168728,0.6919756393280455
05,157,1,0.35926773455377575,0.3428157898935426,0.5148634314537048,0.022224684245521584,0.6167871521876473
05,158,1,0.36155606407322655,0.3450395813660982,0.5220611095428467,0.015057457546690564,0.6109336940258996
05,159,1,0.36384439359267734,0.4833697701055189,0.49300554394721985,0.1373221184101433,4.226348464024585
05,160,1,0.36613272311212813,0.51874968704131,0.5024586915969849,0.1397048186474811,4.672611915337746
05,161,1,0.3684210526315789,0.5662407487146274,0.5064534544944763,0.13725353511950347,4.728111991309009
05,162,1,0.3707093821510298,0.5848116896161079,0.5060099363327026,0.09996823631571275,3.2765907001605385
05,163,1,0.37299771167048057,0.5796962416506763,0.505742609500885,0.03876618656919589,0.9112667478475449
05,164,1,0.37528604118993136,0.6397583435650572,0.5003164410591125,0.07089024531587035,1.9440034777148059
05,165,1,0.37757437070938216,0.6458379805569976,0.5034458041191101,0.046717718176873896,1.1311248061419512
05,166,1,0.37986270022883295,0.6176543968312005,0.5059847235679626,0.027674695616415057,0.4935034710975246
05,167,1,0.38215102974828374,0.5902079710049357,0.5058051347732544,0.03708333562187818,0.8488491750949643
05,168,1,0.38443935926773454,0.6078122397614973,0.5149269700050354,0.029549372801136425,0.9010533532361295
05,169,1,0.38672768878718533,0.5881297127494736,0.515471339225769,0.033741940782690716,1.0828181077346013
05,170,1,0.3890160183066362,0.5764573311517469,0.5118959546089172,0.030987255428536364,0.8427017449150823
05,171,1,0.391304347826087,0.5780322232590132,0.5120207667350769,0.019113096901406723,0.39041857299302546
05,172,1,0.39359267734553777,0.5257589474168929,0.5046486854553223,0.06834243580704635,2.0084470742355887
05,173,1,0.39588100686498856,0.5302029249312715,0.5079933404922485,0.04430842266500462,1.208974119378098
05,174,1,0.39816933638443935,0.5030749329417692,0.5100100636482239,0.05603143024146842,1.7357648956948315
05,175,1,0.40045766590389015,0.5089158837722703,0.5119579434394836,0.03346665397502216,0.9404438841771932
05,176,1,0.40274599542334094,0.5124080467817321,0.5098863840103149,0.013590166505933837,0.09781814036100889
05,177,1,0.40503432494279173,0.5044309597504884,0.5055319666862488,0.015712993849778922,0.016187888284605857
05,178,1,0.4073226544622426,0.5063849071395993,0.5048913359642029,0.007316055165472205,-0.3309882566140988
05,179,1,0.4096109839816934,0.5075164251148163,0.5079934000968933,0.00701203073971268,-0.22633640849166367
05,180,1,0.41189931350114417,0.49751715643544875,0.502785861492157,0.016661434754716764,-0.05031299114494256
05,181,1,0.41418764302059496,0.5064891432992173,0.5048800706863403,0.007154017437560304,-0.33764664657139853
05,182,1,0.41647597254004576,0.49935888553580127,0.49815425276756287,0.011611528954975647,-0.41837526834213107
05,183,1,0.41876430205949655,0.5031102765488057,0.5181088447570801,0.006680626748822636,0.14031894094696706
05,184,1,0.42105263157894735,0.5080939549513106,0.5172547698020935,0.0030752810730430855,-0.030463586968538292
05,185,1,0.4233409610983982,0.5196596286668589,0.5156723260879517,0.00890305708956865,0.13445815729367763
05,186,1,0.425629290617849,0.5319807604559439,0.5052374005317688,0.01793156753674327,0.09051882600960265
05,187,1,0.4279176201372998,0.53713907415217,0.5046891570091248,0.014934412502933734,-0.04538702428508909
05,188,1,0.4302059496567506,0.5431640406516766,0.5036524534225464,0.012452179601599226,-0.17979774431519266
05,189,1,0.43249427917620137,0.549364863271016,0.5103507041931152,0.009885480795847144,-0.027337152256907526
05,190,1,0.43478260869565216,0.5542858994439771,0.5076400637626648,0.007380208317769007,-0.22542038209103735
05,191,1,0.43707093821510296,0.5591376828731043,0.5012929439544678,0.006655706999887881,-0.4913691949703095
05,192,1,0.43935926773455375,0.5547454258389833,0.5029746890068054,0.0038320896133148255,-0.5369544413917223
05,193,1,0.4416475972540046,0.5511177373108278,0.4990729093551636,0.009759237039448861,-0.45520191238163443
05,194,1,0.4439359267734554,0.5497802923766946,0.5016397833824158,0.011534900483535056,-0.2905893015091341
05,195,1,0.4462242562929062,0.5626772305656964,0.5252283215522766,0.005913470820796546,0.3778323683161233
05,196,1,0.448512585812357,0.5588030853999848,0.5155225992202759,0.004184586530814742,-0.05274320375380326
05,197,1,0.45080091533180777,0.572501861446154,0.5103036165237427,0.010413768539346615,-0.008772708756453057
05,198,1,0.45308924485125857,0.569662729654403,0.5092483758926392,0.005350227260091461,-0.24321767643050934
05,199,1,0.45537757437070936,0.5759421646818108,0.5101368427276611,0.004414682401318955,-0.24589661987651285
05,200,1,0.4576659038901602,0.5714077285723688,0.5098617672920227,0.00542075460811267,-0.2174964817074364
05,201,1,0.459954233409611,0.5710022363025818,0.5084143877029419,0.007869891279608795,-0.17753217887295686
05,202,1,0.4622425629290618,0.5711329038005303,0.5119606256484985,0.007364317495767323,-0.06397672074443114
05,203,1,0.4645308924485126,0.5736370815507701,0.5134833455085754,0.005227683282059329,-0.08908883691111774
05,204,1,0.4668192219679634,0.5790569129883616,0.5232684016227722,0.002138631925101137,0.15904914782461388
05,205,1,0.4691075514874142,0.590678079136705,0.5164515972137451,0.010477288982637556,0.22426965407851074
05,206,1,0.47139588100686497,0.5868029809787473,0.5079956650733948,0.004919480493829205,-0.3067810688074512
05,207,1,0.47368421052631576,0.5845904726013621,0.5106989145278931,0.004728687886281196,-0.2127303132596708
05,208,1,0.4759725400457666,0.5886685752455533,0.5105412602424622,0.0038473926976415034,-0.25255932105495454
05,209,1,0.4782608695652174,0.5919143073555129,0.5127633810043335,0.0036529056645368254,-0.17669686850342292
05,210,1,0.4805491990846682,0.5930207160667191,0.5210886001586914,0.0017858923086558611,0.06371455611183119
05,211,1,0.482837528604119,0.6009965850943504,0.5211580991744995,0.004954560783557052,0.18826422131447518
05,212,1,0.4851258581235698,0.5980454213331843,0.5189923048019409,0.00209813110085613,-0.002896896031503171
05,213,1,0.4874141876430206,0.604708109124233,0.5136845707893372,0.0029619857507461335,-0.16873430681684903
05,214,1,0.4897025171624714,0.6046654523503483,0.5146721005439758,0.0023609379059686968,-0.15482483929603025
05,215,1,0.4919908466819222,0.6135232662064559,0.5153443217277527,0.004925867737420433,-0.030902583626313984
05,216,1,0.494279176201373,0.6078691656122772,0.5075505375862122,0.003859903134784652,-0.3642535961778873
05,217,1,0.4965675057208238,0.603456561564834,0.5073408484458923,0.010728443252001143,-0.1077899891977775
05,218,1,0.4988558352402746,0.6048766872122482,0.5092405080795288,0.008995430714737154,-0.10323092657839338
05,219,1,0.5011441647597255,0.5841248470476588,0.5078012347221375,0.02980007959480155,0.6434301765742402
05,220,1,0.5034324942791762,0.5817318371124474,0.5093887448310852,0.02484348474031367,0.5122249609973926
05,221,1,0.505720823798627,0.5747239829808288,0.5106642842292786,0.025317006746974735,0.5782907659657868
05,222,1,0.5080091533180778,0.5606130799996483,0.4949455261230469,0.032244765082154014,0.25532071679483187
05,223,1,0.5102974828375286,0.5448630462859396,0.5048579573631287,0.03692889699271268,0.807379129885379
05,224,1,0.5125858123569794,0.5457983943146523,0.5036447048187256,0.026178098773570246,0.3481393125374715
05,225,1,0.5148741418764302,0.49775260024302037,0.4946366548538208,0.06524053214575337,1.513543303033606
05,226,1,0.517162471395881,0.49487575599142963,0.48882561922073364,0.048874530712891995,0.665755055375905
05,227,1,0.5194508009153318,0.4508254583412059,0.4976225793361664,0.07649049736106106,2.0584822436143835
05,228,1,0.5217391304347826,0.4964765313022067,0.4995321035385132,0.028856862595675936,0.29697370827548886
05,229,1,0.5240274599542334,0.4371244568421605,0.5077629089355469,0.05435163612081165,1.586833715867628
05,230,1,0.5263157894736842,0.47082059156584455,0.5001779794692993,0.02714929432626878,0.2554851732973798
05,231,1,0.528604118993135,0.44085878355063024,0.4992712736129761,0.02944648245573067,0.30988143118027794
05,232,1,0.5308924485125858,0.4653725205252171,0.4995971620082855,0.023627171917516454,0.09815472080946375
05,233,1,0.5331807780320366,0.426540691743119,0.5147212147712708,0.03349690287135061,1.0452524861462003
05,234,1,0.5354691075514875,0.4403120431636842,0.49262407422065735,0.022666584587606328,-0.2003583604966207
05,235,1,0.5377574370709383,0.4368049345577281,0.510260820388794,0.015494300491342983,0.18514107405198146
05,236,1,0.540045766590389,0.4595079295875715,0.4898788034915924,0.01888397626025591,-0.4488974387042656
05,237,1,0.5423340961098398,0.4642651600009849,0.4967271387577057,0.016980253744452667,-0.2652935410015784
05,238,1,0.5446224256292906,0.4900598480083667,0.49277380108833313,0.03334382468736802,0.21616003460025635
05,239,1,0.5469107551487414,0.497091856549125,0.4923696219921112,0.027938882016955685,-0.007003458787272154
05,240,1,0.5491990846681922,0.5220815642844263,0.49980154633522034,0.03785685925440782,0.6534354310835118
05,241,1,0.551487414187643,0.5262672951138978,0.4981542229652405,0.0263991814096656,0.1507110031236435
05,242,1,0.5537757437070938,0.5534018373387233,0.5076331496238708,0.03803318985626283,0.9539683233036199
05,243,1,0.5560640732265446,0.5713419436834988,0.5154744386672974,0.040137798868449176,1.3290722923273623
05,244,1,0.5583524027459954,0.5902621984471668,0.5134620070457458,0.040495531848523725,1.2673571891705127
05,245,1,0.5606407322654462,0.6107422408741606,0.512218713760376,0.04393041573483247,1.3529117946386882
05,246,1,0.562929061784897,0.6313286437957171,0.5216690301895142,0.043398082216323214,1.68688701750323
05,247,1,0.5652173913043478,0.6354713042919832,0.5177522301673889,0.02805904109834087,0.9496690668381129
05,248,1,0.5675057208237986,0.646242201786152,0.5235198140144348,0.02279759844038859,0.9635178890068391
05,249,1,0.5697940503432495,0.6545584744365224,0.536729097366333,0.017118870256012664,1.240430433391649
05,250,1,0.5720823798627003,0.6536418149533754,0.5288947820663452,0.007005183422550023,0.5573670239734629
05,251,1,0.5743707093821511,0.6558751446123217,0.5304782390594482,0.004024293230538046,0.5020427188893386
05,252,1,0.5766590389016019,0.6570136601555219,0.5098141431808472,0.0022501792749572143,-0.34129904862718263
05,253,1,0.5789473684210527,0.653396650898808,0.5166290402412415,0.008369129134133759,0.14979483529334525
05,254,1,0.5812356979405034,0.6583090776087108,0.522398829460144,0.004323758596052494,0.2105256441644775
05,255,1,0.5835240274599542,0.6588707779199331,0.5095503330230713,0.003911022805573925,-0.2872781817137092
05,256,1,0.585812356979405,0.6579408556097247,0.5084978342056274,0.005450192529525247,-0.26752185977175785
05,257,1,0.5881006864988558,0.6486758613587142,0.5053091645240784,0.014946985644086419,-0.021647980197773177
05,258,1,0.5903890160183066,0.6509079945171237,0.4994758367538452,0.011534655100653542,-0.3717638385173353
05,259,1,0.5926773455377574,0.642954554917721,0.5112141966819763,0.0176378239271594,0.3033914816040708
05,260,1,0.5949656750572082,0.6450281544489292,0.5198737978935242,0.011585168645398155,0.395264808791949
05,261,1,0.597254004576659,0.6248270001044792,0.5108276605606079,0.028558147699649317,0.7091505998872442
05,262,1,0.5995423340961098,0.6114001089618684,0.5046505928039551,0.036022823528701425,0.7647320280171473
05,263,1,0.6018306636155606,0.5827127286946356,0.5030803084373474,0.05483323240712032,1.4297329357778241
05,264,1,0.6041189931350115,0.5822922000818085,0.51051926612854,0.04019330446417613,1.1453502513557239
05,265,1,0.6064073226544623,0.5407221218867898,0.5053544640541077,0.06607939406741462,1.947828545090566
05,266,1,0.6086956521739131,0.5585474347712873,0.49954110383987427,0.034841816772042206,0.5276360131236388
05,267,1,0.6109839816933639,0.5082303927594097,0.49808377027511597,0.06433173509272708,1.6078632562631578
05,268,1,0.6132723112128147,0.5467577587584724,0.5033609867095947,0.02514876681068795,0.2978848745165402
05,269,1,0.6155606407322655,0.5307054052118185,0.5098323822021484,0.022992631954479592,0.4576367271020101
05,270,1,0.6178489702517163,0.5381720167421153,0.49972397089004517,0.017891050188334173,-0.11783760944821431
05,271,1,0.620137299771167,0.53120841130133,0.5152016282081604,0.012545692636285438,0.2569863000378409
05,272,1,0.6224256292906178,0.550599271989646,0.49740561842918396,0.010668916071923829,-0.48273044440147783
05,273,1,0.6247139588100686,0.5562483446731409,0.49388983845710754,0.012083561868406922,-0.5601587991653487
05,274,1,0.6270022883295194,0.5523782161908013,0.49431490898132324,0.006769394557432779,-0.7487254856531289
05,275,1,0.6292906178489702,0.6013027977860337,0.5081881284713745,0.047200730253797646,1.327587649876632
05,276,1,0.631578947368421,0.5770056891795816,0.5051390528678894,0.018827280628096993,0.12130059625175275
05,277,1,0.6338672768878718,0.602938823476989,0.497433602809906,0.026490944778018083,0.12721347198673777
05,278,1,0.6361556064073226,0.6025181108613487,0.502831220626831,0.017415727674458648,-0.019583488557001483
05,279,1,0.6384439359267735,0.6188012176022459,0.4998615086078644,0.016366355782751196,-0.1713551332617768
05,280,1,0.6407322654462243,0.614962049271537,0.5042449831962585,0.011370867962044952,-0.19918634806020408
05,281,1,0.6430205949656751,0.6396552739164759,0.4824891686439514,0.02335671711993928,-0.5539383540857072
05,282,1,0.6453089244851259,0.6316822317112196,0.4932415187358856,0.011489784706140706,-0.6073268055283207
05,283,1,0.6475972540045767,0.6510369416472581,0.49127519130706787,0.01826824202838201,-0.4202177542296107
05,284,1,0.6498855835240275,0.6441121269289659,0.48943787813186646,0.009713282346543062,-0.8183602182482022
05,285,1,0.6521739130434783,0.6568237615466598,0.5029178857803345,0.008708611502173395,-0.35141714978008304
05,286,1,0.6544622425629291,0.6589402358369689,0.4929693043231964,0.0067734280384833,-0.7990410662675924
05,287,1,0.6567505720823799,0.6672511932340313,0.491907000541687,0.008029420250561584,-0.7905502992823368
05,288,1,0.6590389016018307,0.6603819693572432,0.5081335306167603,0.005833482542253188,-0.26643560576682396
05,289,1,0.6613272311212814,0.6556535207447187,0.4959966838359833,0.011689275742513577,-0.4963091439540682
05,290,1,0.6636155606407322,0.6539973750015222,0.4990811049938202,0.013052861285224811,-0.3281428155359332
05,291,1,0.665903890160183,0.6481164336710661,0.49390101432800293,0.017698087406819274,-0.3436704532499767
05,292,1,0.6681922196796338,0.6413688640706114,0.49362874031066895,0.01966196711653262,-0.2783050164826375
05,293,1,0.6704805491990846,0.6361142268098866,0.4998930096626282,0.020163328055599505,-0.024051075094469576
05,294,1,0.6727688787185355,0.6273549375439769,0.4988288879394531,0.02403779383780122,0.08514073042758902
05,295,1,0.6750572082379863,0.6194107321317772,0.508979856967926,0.025321389885614526,0.5152801172468107
05,296,1,0.6773455377574371,0.6154692083925021,0.5078063607215881,0.022086488240067453,0.3467729198172747
05,297,1,0.6796338672768879,0.6126800240522455,0.5143386721611023,0.018400758660796657,0.4499447432617687
05,298,1,0.6819221967963387,0.6070975392847106,0.5115004181861877,0.018124692738921366,0.33286368783868314
05,299,1,0.6842105263157895,0.601210816927882,0.49896854162216187,0.01894706553093331,-0.10553252525528686
05,300,1,0.6864988558352403,0.5948506476395348,0.5196059346199036,0.020757256018306774,0.7381960409947723
05,301,1,0.6887871853546911,0.5944262627027614,0.5021098256111145,0.01602700076683827,-0.10008520800912424
05,302,1,0.6910755148741419,0.5978922961171398,0.5144351124763489,0.008431842423576778,0.06991866769569027
05,303,1,0.6933638443935927,0.5935323818354546,0.5181063413619995,0.010056130504881352,0.27012778710308805
05,304,1,0.6956521739130435,0.5992950135409525,0.5053350925445557,0.0039565045803242865,-0.4436326812796452
05,305,1,0.6979405034324943,0.5975570823445238,0.5088112354278564,0.005222912698059826,-0.26451346546060894
05,306,1,0.700228832951945,0.6037081612136872,0.5094373822212219,0.002823162668229767,-0.33337989243478605
05,307,1,0.7025171624713958,0.6015929468085721,0.506814181804657,0.003423719418588903,-0.4086588307980782
05,308,1,0.7048054919908466,0.6068348694527165,0.5022249817848206,0.002261987699087253,-0.6254981202991203
05,309,1,0.7070938215102975,0.6127114657058221,0.513103187084198,0.003794694257440753,-0.15849486985770467
05,310,1,0.7093821510297483,0.6165688414624022,0.5169109106063843,0.003863474173696232,-0.013028233463485528
05,311,1,0.7116704805491991,0.6200153363452179,0.5106269121170044,0.004094798994333156,-0.23982552569285148
05,312,1,0.7139588100686499,0.6190510407753693,0.5064346790313721,0.002388374426198075,-0.4627373555939353
05,313,1,0.7162471395881007,0.6281661113319781,0.49975594878196716,0.004585933766268704,-0.6286717214231328
05,314,1,0.7185354691075515,0.6263146821586915,0.4950438141822815,0.0021635749078153786,-0.8986359501472936
05,315,1,0.7208237986270023,0.6358105210289802,0.495119571685791,0.005930221882659489,-0.7508389630080146
05,316,1,0.7231121281464531,0.6328585327812648,0.4952388405799866,0.003354026058023069,-0.845507648002404
05,317,1,0.7254004576659039,0.6342936636230023,0.4919492304325104,0.0030806915317843344,-0.9794130106870074
05,318,1,0.7276887871853547,0.63611961952742,0.4899386763572693,0.0026932368640711613,-1.069735460826764
05,319,1,0.7299771167048055,0.6380548413850045,0.4907677173614502,0.0032092493486688667,-1.0187816712125952
05,320,1,0.7322654462242563,0.6396741906402776,0.48884227871894836,0.002150980182401755,-1.1317272168988812
05,321,1,0.7345537757437071,0.6423679515451801,0.49453455209732056,0.0012093128960024273,-0.9544610802444526
05,322,1,0.7368421052631579,0.6372518257023183,0.49728119373321533,0.008295831565658742,-0.578723036847663
05,323,1,0.7391304347826086,0.6423333954022572,0.4961729347705841,0.00473939696071257,-0.7571571815245677
05,324,1,0.7414187643020596,0.6377428881581997,0.4981687068939209,0.009157459157815125,-0.512275442308083
05,325,1,0.7437070938215103,0.6449198989917421,0.5025240182876587,0.003787426821823146,-0.5555769546205381
05,326,1,0.7459954233409611,0.6390602436219126,0.4968964159488678,0.007995264935223203,-0.6047222369427917
05,327,1,0.7482837528604119,0.6425101073808277,0.5010696053504944,0.005423736236962932,-0.5471572675292742
05,328,1,0.7505720823798627,0.642038429555972,0.49740076065063477,0.005513361475704995,-0.6813187936863214
05,329,1,0.7528604118993135,0.6450368219878413,0.5002158880233765,0.0037893493105121395,-0.6420760887381001
05,330,1,0.7551487414187643,0.641305086492098,0.4948474168777466,0.007349820638046842,-0.7064151400905703
05,331,1,0.7574370709382151,0.6408630466927998,0.4944406747817993,0.008353071154891447,-0.6830621316431085
05,332,1,0.7597254004576659,0.6396616955477576,0.49233919382095337,0.009142657127926637,-0.7314978762636817
05,333,1,0.7620137299771167,0.642934369783978,0.49354368448257446,0.005613435209061572,-0.822138387502319
05,334,1,0.7643020594965675,0.6392782710309248,0.4893825650215149,0.008406285091740042,-0.8707333237268644
05,335,1,0.7665903890160183,0.6439637208103983,0.4917495846748352,0.004258155038008691,-0.9415878482102151
05,336,1,0.7688787185354691,0.6423931314728712,0.492352157831192,0.0055598893138999435,-0.868890707920627
05,337,1,0.7711670480549199,0.6477171616433961,0.493621826171875,0.00260537332134636,-0.934969582821896
05,338,1,0.7734553775743707,0.6480542769137629,0.4903552532196045,0.0020104709421844267,-1.080386072293358
05,339,1,0.7757437070938215,0.64870174190838,0.4957848787307739,0.0033238372952336093,-0.8261886867236736
05,340,1,0.7780320366132724,0.6494991339818035,0.49661776423454285,0.003710950496305596,-0.7800512525585512
05,341,1,0.7803203661327232,0.6498536350076598,0.49558353424072266,0.00513295009768233,-0.764118875430349
05,342,1,0.782608695652174,0.6512810684381847,0.49511027336120605,0.004239635008223384,-0.8162481971420861
05,343,1,0.7848970251716247,0.6524115735587994,0.4927830398082733,0.0039158277687140735,-0.9159992245314451
05,344,1,0.7871853546910755,0.6411528610322472,0.4924086928367615,0.016101998207871115,-0.4610681274534061
05,345,1,0.7894736842105263,0.6338008778425197,0.4953464865684509,0.02136741316020957,-0.14824364851303684
05,346,1,0.7917620137299771,0.6290759305787847,0.48950424790382385,0.022079171132659503,-0.33998248840232315
05,347,1,0.7940503432494279,0.6215142300343124,0.5044760704040527,0.024089587212281882,0.298947899496354
05,348,1,0.7963386727688787,0.6206874100419424,0.5022263526916504,0.01719207132353012,-0.050877996084402896
05,349,1,0.7986270022883295,0.6057640477149189,0.5013496279716492,0.02699907090297743,0.2936500562892538
05,350,1,0.8009153318077803,0.5988743626592119,0.5015648603439331,0.026879548426784194,0.29712327268132077
05,351,1,0.8032036613272311,0.5912027181204795,0.49916326999664307,0.027000800985623352,0.2117109404720524
05,352,1,0.8054919908466819,0.5801764665230689,0.5005179047584534,0.0304491746045758,0.3952275095842682
05,353,1,0.8077803203661327,0.5732918254848696,0.5039862394332886,0.027206079763056723,0.40051033545846065
05,354,1,0.8100686498855835,0.5781056130247766,0.5057679414749146,0.015382429136889584,0.01231736867797216
05,355,1,0.8123569794050344,0.5645484711491444,0.5077058672904968,0.02263919113266072,0.36427381691012556
05,356,1,0.8146453089244852,0.5660242939209286,0.5118687152862549,0.014499806618042788,0.20717777504132415
05,357,1,0.816933638443936,0.5669652202015816,0.5134179592132568,0.0100208371868547,0.09291819185319317
05,358,1,0.8192219679633868,0.557910763070387,0.49268871545791626,0.017493642997227277,-0.3970090679930457
05,359,1,0.8215102974828375,0.5746645233704186,0.5123116970062256,0.004445608875569829,-0.16313223000557847
05,360,1,0.8237986270022883,0.5707995544226656,0.5154829621315002,0.00593214529040653,0.013023069400232012
05,361,1,0.8260869565217391,0.5859877179463336,0.5113813877105713,0.011909196186563942,0.089202199209454
05,362,1,0.8283752860411899,0.5818210682298809,0.5164307355880737,0.006686779657223613,0.07761337834812632
05,363,1,0.8306636155606407,0.6004349385671763,0.5074079632759094,0.015623216081345148,0.08309757690101488
05,364,1,0.8329519450800915,0.6051301073631403,0.5145643949508667,0.013875781078119709,0.2842720858896327
05,365,1,0.8352402745995423,0.6160625709823964,0.5209746956825256,0.01622560646225707,0.6151395848928469
05,366,1,0.8375286041189931,0.6277342997522496,0.5164982080459595,0.02037862197309462,0.6070604069760825
05,367,1,0.8398169336384439,0.6403061193139947,0.5229004621505737,0.021472133654247577,0.8892781706853836
05,368,1,0.8421052631578947,0.6521528369728642,0.5068275928497314,0.023351056126412445,0.3587269692308374
05,369,1,0.8443935926773455,0.6669185042155066,0.5135747194290161,0.026361040966623867,0.7276336469189637
05,370,1,0.8466819221967964,0.6745244101806771,0.5274350047111511,0.021252963623516835,1.0509248093387156
05,371,1,0.8489702517162472,0.6756886302439324,0.5497486591339111,0.011436247346738928,1.5100770351403439
05,372,1,0.851258581235698,0.6807355004881326,0.5598810315132141,0.00692089859138101,1.7163525550790504
05,373,1,0.8535469107551488,0.6812738763033752,0.5539448857307434,0.0018644927536413673,1.299109685210047
05,374,1,0.8558352402745996,0.6827669040092557,0.5458025932312012,0.0017822067882801696,0.9905427029416963
05,375,1,0.8581235697940504,0.6825268154580901,0.5511001944541931,0.0040829187965903384,1.2777851029970795
05,376,1,0.8604118993135011,0.6874719286864405,0.5376339554786682,0.0020212071872532916,0.693351936364775
05,377,1,0.8627002288329519,0.6892214898398655,0.56244295835495,0.001531832361416434,1.6050524547990486
05,378,1,0.8649885583524027,0.6788039078512756,0.5395379066467285,0.013186383140643798,1.1944453037375744
05,379,1,0.8672768878718535,0.6732878516877496,0.5240730047225952,0.017711690264674812,0.7885410364348266
05,380,1,0.8695652173913043,0.6671259589467083,0.5290287137031555,0.021563842063130972,1.1226653194785068
05,381,1,0.8718535469107551,0.6593565614366044,0.5266456007957458,0.02424674713830191,1.136528563925198
05,382,1,0.8741418764302059,0.6449015212021143,0.5205914378166199,0.03123555527197669,1.1784066199705292
05,383,1,0.8764302059496567,0.6466029906002503,0.5414122343063354,0.021058489211550374,1.5676971939609736
05,384,1,0.8787185354691075,0.6333063800750347,0.5349478721618652,0.027683884464891118,1.5802039748823384
05,385,1,0.8810068649885584,0.6244832536740632,0.5208006501197815,0.0280521161479442,1.063742398008638
05,386,1,0.8832951945080092,0.6222208358646721,0.5254116058349609,0.02159620701669998,0.9882407308450323
05,387,1,0.88558352402746,0.6170037363778493,0.5176994204521179,0.021143135169162247,0.6815368551412259
05,388,1,0.8878718535469108,0.6143489408971492,0.5161990523338318,0.01639811709426214,0.4426541236743077
05,389,1,0.8901601830663616,0.6169777751796225,0.5134435892105103,0.00904563885985282,0.05635002821023799
05,390,1,0.8924485125858124,0.61255846250189,0.5154668688774109,0.011572866071439727,0.22949670430812594
05,391,1,0.8947368421052632,0.6223816883309942,0.5098124742507935,0.003171782316592681,-0.3058947143590849
05,392,1,0.897025171624714,0.6082250947697976,0.5040530562400818,0.014835128451122892,-0.0730666715417646
05,393,1,0.8993135011441648,0.6100818835909423,0.5093622803688049,0.01144737809814028,-0.0043028647213072535
05,394,1,0.9016018306636155,0.600720560385626,0.5019290447235107,0.019084728406286472,0.010807541207834753
05,395,1,0.9038901601830663,0.6093329418946649,0.5058216452598572,0.010520360823999734,-0.1727799456725167
05,396,1,0.9061784897025171,0.59590047747981,0.5008385181427002,0.017683149173954194,-0.0840341363854328
05,397,1,0.9084668192219679,0.6179052715101714,0.5132206082344055,0.008685910414094722,0.034142705826277514
05,398,1,0.9107551487414187,0.6085769647282053,0.5106499791145325,0.007622195609664316,-0.10321214946039184
05,399,1,0.9130434782608695,0.7046624802609707,0.5006961822509766,0.09024005986425127,2.7029042139821806
05,400,1,0.9153318077803204,0.6317978732185621,0.5096421837806702,0.031274073050171824,0.7692054112889306
05,401,1,0.9176201372997712,0.7563618763310727,0.5233726501464844,0.1091327224080888,4.280515326968204
05,402,1,0.919908466819222,0.6911422625061862,0.507696270942688,0.053863678362617684,1.5655557190455522
05,403,1,0.9221967963386728,0.8875278785367867,0.522596538066864,0.18504324896408234,7.172742474076178
05,404,1,0.9244851258581236,0.938775240372562,0.5163626670837402,0.1905742612309036,7.151778306029774
05,405,1,0.9267734553775744,0.957919612066805,0.526542067527771,0.1329742911366466,5.316911435903742
05,406,1,0.9290617848970252,0.9578429861387623,0.52719646692276,0.08384524553739348,3.4507764777834815
05,407,1,0.931350114416476,0.963621311504547,0.5153824687004089,0.021611375732311505,0.612652610536595
05,408,1,0.9336384439359268,0.9629874868233684,0.5259490609169006,0.004957125221405151,0.36806182486781597
05,409,1,0.9359267734553776,0.9609769195643926,0.5242086052894592,0.006109436062484594,0.3471264707654906
05,410,1,0.9382151029748284,0.9575761499677163,0.5082741379737854,0.010274532533557725,-0.09025253975311029
05,411,1,0.9405034324942791,0.9565019366537593,0.5127010345458984,0.011282036804753311,0.11456380569129872
05,412,1,0.9427917620137299,0.9571810004558059,0.5151988863945007,0.008823129290009748,0.11362449058068202
05,413,1,0.9450800915331807,0.9607432135544539,0.5175777673721313,0.004291699850093809,0.028463982157401257
05,414,1,0.9473684210526315,0.9606535991518287,0.5172823667526245,0.0038404824996116616,1.9495906781574757e-05
05,415,1,0.9496567505720824,0.9620166955354804,0.5166794061660767,0.0032467484119880186,-0.045445526886995935
05,416,1,0.9519450800915332,0.9586256357143116,0.5191202759742737,0.008016497953587134,0.229665212609481
05,417,1,0.954233409610984,0.9613260424788557,0.5141438841819763,0.005728752087240217,-0.04503030779031003
05,418,1,0.9565217391304348,0.9640586563711712,0.4976387619972229,0.003277056720938059,-0.7584537202286239
05,419,1,0.9588100686498856,0.9672000935292624,0.4905024766921997,0.0018029357087153979,-1.0828508061230906
05,420,1,0.9610983981693364,0.9616930986805897,0.49902963638305664,0.007603014836316977,-0.5398049544187555
05,421,1,0.9633867276887872,0.9648953230629451,0.48757678270339966,0.005470067088007511,-1.0514617153029708
05,422,1,0.965675057208238,0.9613122513891755,0.4945847988128662,0.00964304801532306,-0.6280129271676587
05,423,1,0.9679633867276888,0.9644337371244699,0.5051008462905884,0.006097002603475675,-0.37004393129113283
05,424,1,0.9702517162471396,0.9616158938717904,0.5013959407806396,0.007961215186011197,-0.43726487870389785
05,425,1,0.9725400457665904,0.9640988270343065,0.5024959444999695,0.005458980821295227,-0.49230193028775704
05,426,1,0.9748283752860412,0.9646233077935535,0.4990996718406677,0.004735376054888522,-0.6475361606047667
05,427,1,0.977116704805492,0.9656805575465331,0.501192569732666,0.004505890403003419,-0.5778674718907569
05,428,1,0.9794050343249427,0.9664538701913582,0.5015885233879089,0.00404428286369418,-0.5807805667399011
05,429,1,0.9816933638443935,0.9672801129667821,0.49988874793052673,0.004427534168162271,-0.6297865476507092
15,8,0,0.023529411764705882,0.0512423148807669,0.4832490086555481,nan,nan
15,9,0,0.026470588235294117,0.05842466584676967,0.4903922975063324,nan,nan
15,10,0,0.029411764705882353,0.06100165386287262,0.49548161029815674,nan,nan
15,11,0,0.03235294117647059,0.06610638028469229,0.4755869209766388,nan,nan
15,12,0,0.03529411764705882,0.06741645467719388,0.4794068932533264,0.0023728585673624975,-1.4770899528570456
15,13,0,0.03823529411764706,0.07383445345980409,0.48464998602867126,0.0041036582984154985,-1.2138245300875723
15,14,0,0.041176470588235294,0.07802091515062094,0.47323206067085266,0.004437673085973705,-1.6292327214691058
15,15,0,0.04411764705882353,0.0819629868125886,0.473747581243515,0.004124929426004316,-1.621932241126094
15,16,0,0.047058823529411764,0.08324324330151447,0.4883292615413666,0.002099607337194472,-1.1529464442770396
15,17,0,0.05,0.08812376588236065,0.48118120431900024,0.00236485970772213,-1.4108470986493646
15,18,0,0.052941176470588235,0.09152436392497246,0.5054927468299866,0.0021931296446948156,-0.5055810462729529
15,19,1,0.05588235294117647,0.09681055140638754,0.5147535800933838,0.004103454932522012,-0.0847097612314574
15,20,1,0.058823529411764705,0.09804436086591047,0.5359941124916077,0.002307169812535011,0.642849843156645
15,21,1,0.061764705882352944,0.10500175749810488,0.5505465865135193,0.004882490484690584,1.2877911146315895
15,22,1,0.06470588235294118,0.10228393049413982,0.5364075899124146,0.002239812512988992,0.655766337443527
15,23,1,0.06764705882352941,0.11201005693535965,0.5136083364486694,0.0049814003757174844,-0.09387863014406894
15,24,1,0.07058823529411765,0.11302341501142384,0.49758481979370117,0.0029869043302078475,-0.7716431912900167
15,25,1,0.07352941176470588,0.11945076317672054,0.48881369829177856,0.0048774666984569585,-1.02787321736577
15,26,1,0.07647058823529412,0.11568540049707533,0.48563826084136963,0.004006077207504648,-1.180511723821369
15,27,1,0.07941176470588235,0.1301513370988568,0.4802761971950531,0.008615421700205435,-1.204245652969883
15,28,1,0.08235294117647059,0.12271526215171735,0.47882080078125,0.004273501517726693,-1.4259287880638878
15,29,1,0.08529411764705883,0.1388825833896075,0.4718300998210907,0.010388386165008479,-1.4528103392872729
15,30,1,0.08823529411764706,0.13735432809417922,0.4790026545524597,0.0063596131612166235,-1.3388260030759103
15,31,1,0.09117647058823529,0.14871344433733386,0.4735100567340851,0.009944060160237165,-1.406898106530762
15,32,1,0.09411764705882353,0.14735395315227132,0.4731811583042145,0.005922489056787885,-1.5740003675595093
15,33,1,0.09705882352941177,0.15426290966478562,0.481076717376709,0.004693325927931149,-1.3251575892614145
15,34,1,0.1,0.15410822046898265,0.4680044651031494,0.0032683168902159225,-1.8703103073469847
15,35,1,0.10294117647058823,0.15911964169647286,0.47811707854270935,0.0016855398786819755,-1.5519189372505522
15,36,1,0.10588235294117647,0.16379855345567537,0.48242342472076416,0.003593865716540775,-1.3169570049998551
15,37,1,0.10882352941176471,0.17122221491758102,0.4762745499610901,0.006906377102595426,-1.4201098369122724
15,38,1,0.11176470588235295,0.17460634869599703,0.47511038184165955,0.006050684567812522,-1.4967057734763367
15,39,1,0.11470588235294117,0.18174596835009235,0.47961917519569397,0.00806577216515431,-1.2500418577784107
15,40,1,0.11764705882352941,0.18290672884353384,0.4821380376815796,0.004288272047171445,-1.3009377697723623
15,41,1,0.12058823529411765,0.18984415170699315,0.49143731594085693,0.005730330011685604,-0.8966452734618077
15,42,1,0.12352941176470589,0.1932767489034453,0.49594753980636597,0.004507443010784708,-0.7745377792600963
15,43,1,0.1264705882352941,0.18761568699771228,0.5000749230384827,0.0058212189468103675,-0.5691690044673596
15,44,1,0.12941176470588237,0.20130771842613912,0.4924951493740082,0.00640338281971148,-0.8310664271659209
15,45,1,0.1323529411764706,0.20002903230742322,0.48794686794281006,0.003084820752108598,-1.1293743138897787
15,46,1,0.13529411764705881,0.22589142482884442,0.489898681640625,0.02384062167665793,-0.25740051929749547
15,47,1,0.13823529411764707,0.2498976342455656,0.48439526557922363,0.039693162112029334,0.1462463946592607
15,48,1,0.1411764705882353,0.264968215146306,0.50262850522995,0.03919325620080638,0.8108985659024488
15,49,1,0.14411764705882352,0.24771925468123562,0.5065762996673584,0.019638945466498373,0.20644478063458663
15,50,1,0.14705882352941177,0.2559578457000302,0.487265944480896,0.010313792470447891,-0.8767148822743246
15,51,1,0.15,0.2661262621054077,0.4935669004917145,0.008314098585169849,-0.7173353890382947
15,52,1,0.15294117647058825,0.2998797513365873,0.49696117639541626,0.03469335043483593,0.4251547803662145
15,53,1,0.15588235294117647,0.2896389112585073,0.4981139004230499,0.022143747646926934,-0.014567343025674306
15,54,1,0.1588235294117647,0.31440494619294196,0.5030062794685364,0.03001074709930232,0.47168879381929785
15,55,1,0.16176470588235295,0.31121551736245723,0.5027549266815186,0.015102958859533347,-0.11144961111672647
15,56,1,0.16470588235294117,0.33940680468634454,0.5238112807273865,0.029128516655214598,1.218088981137214
15,57,1,0.1676470588235294,0.34300733896184493,0.5328240990638733,0.022847287593275672,1.3144143172653395
15,58,1,0.17058823529411765,0.3417944490833627,0.531170666217804,0.011601017425795002,0.8195965397642595
15,59,1,0.17352941176470588,0.3671760735692957,0.5119611024856567,0.026826539552286893,0.6850244918123173
15,60,1,0.17647058823529413,0.3607913806637936,0.5197112560272217,0.010942755346527513,0.36444559860685105
15,61,1,0.17941176470588235,0.376472575772696,0.5113267302513123,0.01678675870961524,0.27486002176515056
15,62,1,0.18235294117647058,0.3702008036808169,0.5056328177452087,0.008967003600007559,-0.23964180266886292
15,63,1,0.18529411764705883,0.33117608922584013,0.5213398933410645,0.04397762568931693,1.6968449119236713
15,64,1,0.18823529411764706,0.3478509140429244,0.5197520852088928,0.0253415158962096,0.9200983051947358
15,65,1,0.19117647058823528,0.3469890862685027,0.510223925113678,0.021238611829501833,0.4048210434385624
15,66,1,0.19411764705882353,0.36522042162560736,0.5080372095108032,0.0173576880499898,0.17344862734946787
15,67,1,0.19705882352941176,0.3652858944620754,0.5108253359794617,0.012249225058317494,0.08143152316134544
15,68,1,0.2,0.38333795186238406,0.5096129179000854,0.02050786626910006,0.35378146486056067
15,69,1,0.20294117647058824,0.3840585276744518,0.5072226524353027,0.013295096018970389,-0.013448317218540614
15,70,1,0.20588235294117646,0.4141818190292517,0.5067439079284668,0.033212613629615556,0.7350998838763628
15,71,1,0.2088235294117647,0.40822088151531033,0.5115670561790466,0.019290496820435085,0.3802278937908883
15,72,1,0.21176470588235294,0.43053454147353704,0.5192299485206604,0.026591239959681073,0.9486083823215598
15,73,1,0.21470588235294116,0.41258377936757723,0.5085626244544983,0.012226490200824475,-0.0043129616883775534
15,74,1,0.21764705882352942,0.40207050636180125,0.5180600881576538,0.020803255478124325,0.681984827764994
15,75,1,0.22058823529411764,0.3765281634260185,0.5096480846405029,0.04331777024704443,1.2329158717845057
15,76,1,0.2235294117647059,0.3817674095565331,0.5198670625686646,0.03147626636076291,1.1605003409451062
15,77,1,0.22647058823529412,0.3206227784705101,0.5120972394943237,0.07910819270097895,2.7021356253859112
15,78,1,0.22941176470588234,0.3439872723682602,0.5164302587509155,0.043136994229135806,1.48034400335768
15,79,1,0.2323529411764706,0.312251601276398,0.4838656187057495,0.04996831117243897,0.5218088529363747
15,80,1,0.23529411764705882,0.32741009163174983,0.5056681632995605,0.025021224158656652,0.37951387728009867
15,81,1,0.23823529411764705,0.31617089161616496,0.5119232535362244,0.016390550814071078,0.2819867096386699
15,82,1,0.2411764705882353,0.3220280205043434,0.5101197361946106,0.012042419075563082,0.04700724434529703
15,83,1,0.24411764705882352,0.3170205172402882,0.5161657333374023,0.008938140510382355,0.154314975932074
15,84,1,0.24705882352941178,0.3104085197795143,0.4778604209423065,0.016742366962128816,-0.9820993305810992
15,85,1,0.25,0.31364722712777093,0.5132580995559692,0.009573919026240314,0.06972301229687605
15,86,1,0.2529411764705882,0.30925527253951507,0.48516708612442017,0.013014305116970628,-0.8515122375342877
15,87,1,0.25588235294117645,0.3099827732186484,0.4835836887359619,0.009093617446630172,-1.0617857262682326
15,88,1,0.25882352941176473,0.29449014559970793,0.49260804057121277,0.02282680906016074,-0.194793677216484
15,89,1,0.26176470588235295,0.30844549269776156,0.48056355118751526,0.010570840667481025,-1.1182153476385879
15,90,1,0.2647058823529412,0.3011320848127479,0.4825988709926605,0.011628409703784218,-1.0011753340661307
15,91,1,0.2676470588235294,0.31637380366075746,0.5075235962867737,0.008366963058785204,-0.1918146049648236
15,92,1,0.27058823529411763,0.32049982795158105,0.5004495978355408,0.008895939765330877,-0.43678831420545816
15,93,1,0.2735294117647059,0.33675501017046405,0.49751973152160645,0.01864870139624558,-0.17135658228805617
15,94,1,0.27647058823529413,0.34666815576487375,0.5086079239845276,0.021484467622479658,0.35366973862050083
15,95,1,0.27941176470588236,0.3611609733953956,0.5082042217254639,0.02459326751497007,0.45816663775152455
15,96,1,0.2823529411764706,0.3643456644272517,0.5110279321670532,0.016581166113166568,0.2557407163531776
15,97,1,0.2852941176470588,0.3865902221702247,0.513748288154602,0.027864264737221978,0.7919938450892474
15,98,1,0.28823529411764703,0.40473894027927393,0.5186435580253601,0.03355417984633097,1.1945755892765333
15,99,1,0.2911764705882353,0.41953662472415165,0.5179139375686646,0.0338341681626087,1.1779841166416674
15,100,1,0.29411764705882354,0.430058799053842,0.5145928859710693,0.029762429660109974,0.8967218338214957
15,101,1,0.29705882352941176,0.4793240193924104,0.5240672826766968,0.06259936634203087,2.5157818350608006
15,102,1,0.3,0.4930773302809884,0.5350053310394287,0.05316922792506237,2.5631360125106575
15,103,1,0.3029411764705882,0.5175689810556974,0.5040502548217773,0.05557628119934277,1.494709045925135
15,104,1,0.3058823529411765,0.5407334774641275,0.5117634534835815,0.05423268852488644,1.7323081664039774
15,105,1,0.3088235294117647,0.5619571522946056,0.5213949084281921,0.04778769375279324,1.845534909915555
15,106,1,0.31176470588235294,0.5591871137200447,0.5339937806129456,0.027043092538665242,1.5197577952094425
15,107,1,0.31470588235294117,0.5848551307564944,0.5262868404388428,0.03349994312936913,1.4791718180378246
15,108,1,0.3176470588235294,0.590088962656764,0.5266921520233154,0.021912237604439472,1.0484334369181867
15,109,1,0.3205882352941177,0.5767864968280966,0.5189121961593628,0.01085255425224943,0.3310032459232519
15,110,1,0.3235294117647059,0.5701442535471042,0.5149976015090942,0.014362443655476786,0.31924945611257205
15,111,1,0.3264705882352941,0.5620701812586081,0.5091090202331543,0.024892036182013216,0.5036015303778186
15,112,1,0.32941176470588235,0.5470697746238082,0.520904004573822,0.034196205442341476,1.3040678781046355
15,113,1,0.3323529411764706,0.5254324679434831,0.5093271732330322,0.04507871511442768,1.2886472863302998
15,114,1,0.3352941176470588,0.5161084731965003,0.5098414421081543,0.041564202640257064,1.1726840830056569
15,115,1,0.3382352941176471,0.4959712874603096,0.528479278087616,0.04819244328879682,2.126831102474599
15,116,1,0.3411764705882353,0.47771492743649313,0.5181599259376526,0.04992407986303868,1.8064141025983544
15,117,1,0.34411764705882353,0.4427423841232762,0.5146384835243225,0.06755791137942682,2.3529518162484786
15,118,1,0.34705882352941175,0.42685384564001083,0.5081047415733337,0.06277392890764048,1.923778298313206
15,119,1,0.35,0.40445975860250394,0.49944600462913513,0.062854359056025,1.602102529483724
15,120,1,0.35294117647058826,0.382859724651636,0.5096663236618042,0.061576510792441544,1.9362685751846793
15,121,1,0.3558823529411765,0.38227414241591595,0.5197879076004028,0.038448292331947284,1.4258425558054129
15,122,1,0.3588235294117647,0.3326287660136889,0.510387659072876,0.07297660830733427,2.4020452204308054
15,123,1,0.36176470588235293,0.32197756181548637,0.5124660730361938,0.06007154259895632,1.9833641626169942
15,124,1,0.36470588235294116,0.2914896734691521,0.49471426010131836,0.06993888174853619,1.697265199549736
15,125,1,0.36764705882352944,0.29002997792254437,0.49186548590660095,0.04855606449952296,0.7675182307426948
15,126,1,0.37058823529411766,0.289170866251341,0.497702419757843,0.02635413504738346,0.13203125131677568
15,127,1,0.3735294117647059,0.29155132830844005,0.4969072639942169,0.013109198049697372,-0.4075109646664815
15,128,1,0.3764705882352941,0.30872269573735495,0.5010094046592712,0.011668727755979103,-0.309083280534192
15,129,1,0.37941176470588234,0.3221396649104974,0.5094920992851257,0.020777441362070853,0.35962412876873595
15,130,1,0.38235294117647056,0.35619047785903657,0.5026199817657471,0.04680083256362169,1.1033485144429434
15,131,1,0.38529411764705884,0.36385538212795987,0.5097692608833313,0.03771083393062116,1.0216838390095058
15,132,1,0.38823529411764707,0.3737081843361847,0.5105628371238708,0.029487622683965986,0.7349875047476591
15,133,1,0.3911764705882353,0.3923087076743393,0.5052170753479004,0.03184177387241316,0.6250762611400382
15,134,1,0.3941176470588235,0.41650673969267615,0.5013987421989441,0.03849754519978954,0.7379990245096827
15,135,1,0.39705882352941174,0.436027363143446,0.4995967447757721,0.0429391031921495,0.8413386146205455
15,136,1,0.4,0.4511816060805934,0.4956571161746979,0.040050350875425356,0.5824007975769347
15,137,1,0.40294117647058825,0.4546010839329575,0.49658089876174927,0.024101473291687353,0.0032740145969103462
15,138,1,0.40588235294117647,0.47441925138002233,0.49487268924713135,0.028346546674097584,0.102569886813063
15,139,1,0.4088235294117647,0.47154198118606433,0.49615535140037537,0.013728484953983352,-0.41188101609501504
15,140,1,0.4117647058823529,0.4971409067787146,0.5118985772132874,0.02771141964029869,0.7167329878915061
15,141,1,0.4147058823529412,0.4878766574929513,0.5064619183540344,0.01288817112158805,-0.05764193552492912
15,142,1,0.4176470588235294,0.5038911051040724,0.503750205039978,0.014652899401127798,-0.09143887908757356
15,143,1,0.42058823529411765,0.4807691252551959,0.5009139180183411,0.015837043878761253,-0.15225148319925846
15,144,1,0.4235294117647059,0.5136004556669598,0.5013353228569031,0.014687500515719737,-0.18068445064580585
15,145,1,0.4264705882352941,0.5194651845719191,0.49964359402656555,0.01643734219861781,-0.17679681336641215
15,146,1,0.4294117647058823,0.5394926066247014,0.5072821974754333,0.02856763248165814,0.5765327370582911
15,147,1,0.4323529411764706,0.5411873723110623,0.5063774585723877,0.021813341243382606,0.28266602350107356
15,148,1,0.43529411764705883,0.5530371566319741,0.49865904450416565,0.0181072453448069,-0.14946071659093307
15,149,1,0.43823529411764706,0.5526183823243781,0.5080981850624084,0.00933738424845665,-0.13291733877322373
15,150,1,0.4411764705882353,0.5616834377423994,0.5161226987838745,0.008606051775863908,0.13992075144162655
15,151,1,0.4441176470588235,0.5710618024648111,0.5233646631240845,0.01243670871885114,0.5589704647356089
15,152,1,0.4470588235294118,0.56679569248943,0.5243261456489563,0.004175022715311978,0.2770912816817426
15,153,1,0.45,0.5737876907276601,0.5228085517883301,0.005488813944877076,0.27072940885339103
15,154,1,0.45294117647058824,0.5670718613865424,0.5131028890609741,0.0077538009630392065,-0.006143953700088051
15,155,1,0.45588235294117646,0.5555272893396495,0.4988430142402649,0.020645478920967936,-0.04487912494047025
15,156,1,0.4588235294117647,0.5510851271891014,0.49790099263191223,0.021204012790225574,-0.058717783491238906
15,157,1,0.46176470588235297,0.5454055770014467,0.5004273653030396,0.022955921652798195,0.10346153626020657
15,158,1,0.4647058823529412,0.5166074100621164,0.5008527636528015,0.04465856016057507,0.9546207540086447
15,159,1,0.4676470588235294,0.5170264525631049,0.49803951382637024,0.03162340482848011,0.3474572964827349
15,160,1,0.47058823529411764,0.510075137926909,0.494150847196579,0.02894951027053988,0.0986995328284419
15,161,1,0.47352941176470587,0.5017260732976603,0.4963235855102539,0.027046077584240436,0.10694276148438148
15,162,1,0.4764705882352941,0.4598170761898873,0.4915950298309326,0.0580351987660668,1.1221685920052895
15,163,1,0.47941176470588237,0.46024660050350374,0.49658557772636414,0.043408090984393105,0.746444568398839
15,164,1,0.4823529411764706,0.44905604444736824,0.5019877552986145,0.04040368402562833,0.8334474345908567
15,165,1,0.4852941176470588,0.4452650418973209,0.4956324100494385,0.02893991320579048,0.1539005110933538
15,166,1,0.48823529411764705,0.4280239948220538,0.5045346617698669,0.03206570243097277,0.6080980180522125
15,167,1,0.49117647058823527,0.4318456300263892,0.5102017521858215,0.020907913188145374,0.3912627910034243
15,168,1,0.49411764705882355,0.4180942174806833,0.5130987763404846,0.026946966811106213,0.7323307664835776
15,169,1,0.4970588235294118,0.4284202389537572,0.5036280751228333,0.012744798034196743,-0.16945100780488873
15,170,1,0.5,0.407475700018165,0.5176492929458618,0.025613826796062347,0.8517065844264111
15,171,1,0.5029411764705882,0.4229778042754128,0.5125638842582703,0.011426999667764988,0.11499833108693727
15,172,1,0.5058823529411764,0.4032220546468227,0.5046124458312988,0.02251344202868838,0.2434067510475037
15,173,1,0.5088235294117647,0.4313564270305572,0.5020508766174316,0.013065682219916469,-0.21625951821135728
15,174,1,0.5117647058823529,0.4196897471240752,0.5112094283103943,0.009610417861544276,-0.005713724243159274
15,175,1,0.5147058823529411,0.46979349825085714,0.49958091974258423,0.04398848348813364,0.8811293576200441
15,176,1,0.5176470588235295,0.44258550520047285,0.5045538544654846,0.019979264767781738,0.1436839418332403
15,177,1,0.5205882352941177,0.48900546056156946,0.4989215135574341,0.041655659666572364,0.7666201234681094
15,178,1,0.5235294117647059,0.5021960881277185,0.5013220310211182,0.040434028849968384,0.809645303908768
15,179,1,0.5264705882352941,0.5443872848987215,0.4994165599346161,0.061998640370060476,1.5680666792438362
15,180,1,0.5294117647058824,0.5407045181394825,0.5006315112113953,0.04280751162717622,0.8750863663892858
15,181,1,0.5323529411764706,0.5673763063870495,0.5307902693748474,0.041809461961670014,1.9678691501104681
15,182,1,0.5352941176470588,0.5934684793898224,0.5178659558296204,0.04830892350807289,1.7332302925930223
15,183,1,0.538235294117647,0.6152089366165628,0.5183734893798828,0.04723128291928738,1.710794935562225
15,184,1,0.5411764705882353,0.6219673915952608,0.5178273320198059,0.03628432496852502,1.2690274548802165
15,185,1,0.5441176470588235,0.6343738015263092,0.5232135653495789,0.028375016535628794,1.1666722659167243
15,186,1,0.5470588235294118,0.6391116296840439,0.5309380888938904,0.01636347090854859,0.9941511104121481
15,187,1,0.55,0.6421602362751622,0.5380589365959167,0.008001289926111491,0.9394293358540616
15,188,1,0.5529411764705883,0.6603265640161085,0.5349206924438477,0.019429792752407943,1.2615344056839959
15,189,1,0.5558823529411765,0.6539005656838563,0.522786557674408,0.007925701779771284,0.3636855438135144
15,190,1,0.5588235294117647,0.6585619490106586,0.5184037685394287,0.006673403702486898,0.15110294126811247
15,191,1,0.5617647058823529,0.6420970145373637,0.509814441204071,0.018133820702589204,0.26997751199323794
15,192,1,0.5647058823529412,0.6346527858061112,0.5154234766960144,0.02556224399939208,0.7662357809988067
15,193,1,0.5676470588235294,0.6381723338641985,0.5068391561508179,0.016085324119147815,0.07954656225486785
15,194,1,0.5705882352941176,0.6178105058668569,0.5168521404266357,0.03205402143123254,1.0696512444027353
15,195,1,0.5735294117647058,0.6116831517673698,0.5194836258888245,0.0279935147447693,1.0120883709723079
15,196,1,0.5764705882352941,0.5996720957214212,0.5058456659317017,0.03240110509821936,0.67017865303357
15,197,1,0.5794117647058824,0.5766580605307234,0.5053525567054749,0.04666996776774465,1.2008054667177792
15,198,1,0.5823529411764706,0.5765900555225896,0.5142027735710144,0.03135940444250976,0.9435474466695031
15,199,1,0.5852941176470589,0.5467683501199981,0.5026577711105347,0.050875997259034356,1.2615943785434063
15,200,1,0.5882352941176471,0.5551196731136705,0.5061671733856201,0.02917293405165397,0.558004924946608
15,201,1,0.5911764705882353,0.5258136228002941,0.49663305282592773,0.04446391851495782,0.7888576815481172
15,202,1,0.5941176470588235,0.5297775241907887,0.5047072768211365,0.028472157088401867,0.4762785997228006
15,203,1,0.5970588235294118,0.49741578012648313,0.5040389895439148,0.048447518923211225,1.2199435242114605
15,204,1,0.6,0.514629576355044,0.49362242221832275,0.026203777011850726,-0.026787260565464877
15,205,1,0.6029411764705882,0.4960829056940993,0.5006346702575684,0.02731972666755969,0.27917359669189834
15,206,1,0.6058823529411764,0.5258148318656323,0.49774497747421265,0.017021030137905402,-0.22554731123376182
15,207,1,0.6088235294117647,0.5460711800435705,0.5014992356300354,0.031091900039749293,0.4567697881233299
15,208,1,0.611764705882353,0.540044388475902,0.49537941813468933,0.017213355575344508,-0.3068730303647877
15,209,1,0.6147058823529412,0.5331285124344738,0.5069852471351624,0.013696318754215758,-0.0069122527604999285
15,210,1,0.6176470588235294,0.5319148232611186,0.5040004849433899,0.01084341143728251,-0.22865557858070912
15,211,1,0.6205882352941177,0.5476161516544122,0.5146777033805847,0.007865460803372607,0.057221136840102355
15,212,1,0.6235294117647059,0.5542312103803094,0.4934728443622589,0.009561734930326277,-0.6728492527930219
15,213,1,0.6264705882352941,0.5606330303201642,0.5024049282073975,0.012416849394079197,-0.2279494415123164
15,214,1,0.6294117647058823,0.5606284865053346,0.4983392655849457,0.006837149313943082,-0.5951728495124236
15,215,1,0.6323529411764706,0.563138702216508,0.5074194073677063,0.0022561361002916844,-0.430891317768745
15,216,1,0.6352941176470588,0.5716372125136537,0.5017403960227966,0.005485848664568196,-0.5196069860587628
15,217,1,0.638235294117647,0.5671780742310584,0.5074371695518494,0.003324790151363247,-0.38909905840847425
15,218,1,0.6411764705882353,0.5696268602509731,0.5121089220046997,0.0025122651091720716,-0.2451406139111037
15,219,1,0.6441176470588236,0.5611571935943845,0.5072454214096069,0.013231525202170247,-0.015040757422694019
15,220,1,0.6470588235294118,0.5705706682714428,0.5079591274261475,0.006730709409408979,-0.23844826253051962
15,221,1,0.65,0.5685031181790783,0.5114045143127441,0.006199147096337175,-0.1296756572898294
15,222,1,0.6529411764705882,0.5734972000851439,0.5176336169242859,0.003933005485939556,0.016754802890958098
15,223,1,0.6558823529411765,0.5781865644501181,0.5161935687065125,0.003349168730865438,-0.05972673052262256
15,224,1,0.6588235294117647,0.5760540120969664,0.5059107542037964,0.0031288821429858705,-0.453891008086836
15,225,1,0.6617647058823529,0.5810098715435199,0.5078898668289185,0.0017816585648043337,-0.43150514468630824
15,226,1,0.6647058823529411,0.5839419013520648,0.5100643634796143,0.0012799182597517675,-0.3692532944071918
15,227,1,0.6676470588235294,0.596902853384774,0.5106384754180908,0.010611259530600214,0.011387380083104554
15,228,1,0.6705882352941176,0.6068856111782055,0.5122613310813904,0.015914945090367727,0.27636409790764116
15,229,1,0.6735294117647059,0.6062265214153106,0.5108765363693237,0.00917620173731182,-0.03491015676382009
15,230,1,0.6764705882352942,0.6117976339035427,0.511332631111145,0.006956296812181463,-0.10323372770417394
15,231,1,0.6794117647058824,0.6152155258105182,0.5211953520774841,0.0032688643465534927,0.1247892293545132
15,232,1,0.6823529411764706,0.6198795516429968,0.5200852155685425,0.003354722072596047,0.086454485298473
15,233,1,0.6852941176470588,0.6253200281126989,0.49776333570480347,0.00554671342610036,-0.6664358497766373
15,234,1,0.6882352941176471,0.6296443921630093,0.5020501017570496,0.005097700802063622,-0.5229280402181977
15,235,1,0.6911764705882353,0.6327573101018794,0.49792540073394775,0.0037489291760671195,-0.7295429836306528
15,236,1,0.6941176470588235,0.6357069481290474,0.4941580891609192,0.002313121130394782,-0.9261025051761562
15,237,1,0.6970588235294117,0.637054119750696,0.49857357144355774,0.0009687969936625625,-0.8122219503685608
15,238,1,0.7,0.6409405753954,0.4953031837940216,0.0006563763657354304,-0.9469105054011464
15,239,1,0.7029411764705882,0.6424984701500351,0.4982561469078064,0.0007345472899940018,-0.8331427337577411
15,240,1,0.7058823529411765,0.6426625108134963,0.5000683069229126,0.0028810240363047724,-0.6825674971846545
15,241,1,0.7088235294117647,0.6474299943146593,0.49775588512420654,0.0009374716581342351,-0.844097169931411
15,242,1,0.711764705882353,0.6388413542205609,0.501155436038971,0.011035039941343305,-0.32799276510724507
15,243,1,0.7147058823529412,0.6333680308981318,0.4988655745983124,0.01598355797006265,-0.22344210125014985
15,244,1,0.7176470588235294,0.6339956165216531,0.5039631724357605,0.013073362533565416,-0.14423774906325654
15,245,1,0.7205882352941176,0.6201973758980708,0.5210028290748596,0.02470487958418699,0.9425107962136173
15,246,1,0.7235294117647059,0.6207394237982286,0.507388710975647,0.017354677079882086,0.14900893511065183
15,247,1,0.7264705882352941,0.6136418359951645,0.5041120648384094,0.019926782277363025,0.12509360675600634
15,248,1,0.7294117647058823,0.5995223261822263,0.509280800819397,0.02911474336455941,0.6725511433720567
15,249,1,0.7323529411764705,0.5843215044458532,0.5150563716888428,0.03569724251607587,1.1425012957646006
15,250,1,0.7352941176470589,0.5828038224780775,0.5119229555130005,0.028245956620797152,0.7382184651836834
15,251,1,0.7382352941176471,0.5510869674735034,0.4970524311065674,0.050478911295333495,1.0360684069580082
15,252,1,0.7411764705882353,0.5533028227275472,0.5000585317611694,0.032624338910874434,0.461706323970871
15,253,1,0.7441176470588236,0.5395087423927083,0.49783989787101746,0.034863543382043505,0.4646634757374162
15,254,1,0.7470588235294118,0.5529308560969914,0.5051752924919128,0.015650594717914412,0.000408422736794721
15,255,1,0.75,0.5490107571040996,0.5000991225242615,0.008843701320387502,-0.4519442492234779
15,256,1,0.7529411764705882,0.5338333336722505,0.5058969259262085,0.02134846740159263,0.2467520678794277
15,257,1,0.7558823529411764,0.5590560882227755,0.5111275911331177,0.009575147245968418,-0.010140617775477923
15,258,1,0.7588235294117647,0.5485829904074049,0.5054428577423096,0.011395700630305481,-0.15330093004869516
15,259,1,0.7617647058823529,0.5752575435080058,0.5238409638404846,0.02114324466286671,0.9118974640183927
15,260,1,0.7647058823529411,0.5777730742870091,0.5163726806640625,0.017138014750093078,0.4776407476943148
15,261,1,0.7676470588235295,0.5831752312925762,0.519012987613678,0.011514300692770877,0.3602503436344252
15,262,1,0.7705882352941177,0.6038813049318399,0.5206730365753174,0.026190588564584394,0.9873169334560745
15,263,1,0.7735294117647059,0.6159197928161221,0.5151403546333313,0.02440449781775783,0.7110618120855199
15,264,1,0.7764705882352941,0.6327435031662687,0.50906902551651,0.031062645840875397,0.7395708926979337
15,265,1,0.7794117647058824,0.6374703517820666,0.5259225964546204,0.022046887236858353,1.0247508743572196
15,266,1,0.7823529411764706,0.6464256265986119,0.5190609693527222,0.017428381931031106,0.5896472892069069
15,267,1,0.7852941176470588,0.6542679727434236,0.512133002281189,0.014634647659149822,0.22227984211457624
15,268,1,0.788235294117647,0.6651441099794004,0.5302724838256836,0.015923739913301233,0.9522630731352247
15,269,1,0.7911764705882353,0.668562849297886,0.5250239968299866,0.01124232752850388,0.5752440723835364
15,270,1,0.7941176470588235,0.6720085925797494,0.525110125541687,0.006914946431412441,0.41193982905648835
15,271,1,0.7970588235294118,0.6751856287603992,0.5310518741607666,0.0036962411167778563,0.5109338232746954
15,272,1,0.8,0.6758613544615504,0.5346318483352661,0.0010212642325846673,0.5422674396874791
15,273,1,0.8029411764705883,0.6768984999409047,0.5341070890426636,0.00249961282749808,0.5794775251941535
15,274,1,0.8058823529411765,0.6788745083370862,0.533126950263977,0.002607517092071241,0.5468671610548624
15,275,1,0.8088235294117647,0.6746044203745984,0.5219370126724243,0.008594083993893161,0.3575428876051905
15,276,1,0.8117647058823529,0.6774626288554684,0.5148847699165344,0.005720976358306705,-0.017540480584987528
15,277,1,0.8147058823529412,0.6637859247763302,0.5138806104660034,0.019667596094190665,0.48151672902377324
15,278,1,0.8176470588235294,0.6587805295260636,0.5085568428039551,0.021394847553313723,0.34830485587163545
15,279,1,0.8205882352941176,0.6427106928740249,0.5215590596199036,0.03244118950259672,1.261097658333937
15,280,1,0.8235294117647058,0.6332324878848488,0.5245051980018616,0.03394596261662952,1.4295107467265447
15,281,1,0.8264705882352941,0.6183610156748263,0.5074190497398376,0.037759899583997114,0.9354205950319145
15,282,1,0.8294117647058824,0.6125864369910459,0.5140916109085083,0.032178250992401514,0.9708904245065161
15,283,1,0.8323529411764706,0.6028688059655667,0.5227856636047363,0.030347358884126263,1.2265261092784558
15,284,1,0.8352941176470589,0.6086711152395874,0.5122645497322083,0.016187031221300052,0.28695577385255244
15,285,1,0.8382352941176471,0.5930405885541739,0.5160683393478394,0.024074761407089196,0.7331790079091877
15,286,1,0.8411764705882353,0.5967586604973056,0.5178398489952087,0.014586917356658902,0.43449482692339014
15,287,1,0.8441176470588235,0.6089029264196759,0.5080426335334778,0.008032570635821244,-0.1852153516396273
15,288,1,0.8470588235294118,0.6077522661008204,0.5197392106056213,0.006943698151945954,0.21159456883251104
15,289,1,0.85,0.6197265009772066,0.49626606702804565,0.011619384090706151,-0.4888948534912898
15,290,1,0.8529411764705882,0.6183007913999572,0.49841076135635376,0.005533752495024554,-0.6426510611158962
15,291,1,0.8558823529411764,0.6595970582011346,0.5020896196365356,0.03943293048321303,0.7999097138739496
15,292,1,0.8588235294117647,0.6528968859657784,0.5007771849632263,0.024708012718871603,0.1840099352906072
15,293,1,0.861764705882353,0.7621292532872985,0.5080000162124634,0.11800543765777283,4.045377307957597
15,294,1,0.8647058823529412,0.7427319111064338,0.4861360490322113,0.07400477978851877,1.5319863643346812
15,295,1,0.8676470588235294,0.8641355806469406,0.5210903882980347,0.1533032970132728,5.894770995770344
15,296,1,0.8705882352941177,0.8943283531529496,0.5118514895439148,0.13236143890783023,4.742313727098597
15,297,1,0.8735294117647059,0.9395216874189221,0.5236433148384094,0.11719690637700994,4.601009104673082
15,298,1,0.8764705882352941,0.9626586204734358,0.5227372646331787,0.09598573089861775,3.75073508756395
15,299,1,0.8794117647058823,0.9610054209077201,0.5246956944465637,0.04147615507271074,1.7264474751224443
15,300,1,0.8823529411764706,0.9740778292590714,0.5222175121307373,0.028205802277308012,1.1228003670773008
15,301,1,0.8852941176470588,0.9645593772729466,0.5201965570449829,0.008574058467554296,0.2914913905081584
15,302,1,0.888235294117647,0.9632296928221423,0.5129657983779907,0.008839125649657635,0.03048165183924814
15,303,1,0.8911764705882353,0.9637668309491374,0.5085684061050415,0.008444755609839202,-0.1496322175721578
15,304,1,0.8941176470588236,0.9649497179829792,0.5030710101127625,0.007952221086351683,-0.3747826742866137
15,305,1,0.8970588235294118,0.9615374114090044,0.49013930559158325,0.00908249984130349,-0.8163261543999114
15,306,1,0.9,0.9608768506308232,0.4943895936012268,0.008987569153499155,-0.6605600854126483
15,307,1,0.9029411764705882,0.9629823671439885,0.503101110458374,0.006293842092503996,-0.43747466033040894
15,308,1,0.9058823529411765,0.965935058023804,0.4967018663883209,0.0033226794026077738,-0.7918389656732974
15,309,1,0.9088235294117647,0.9649824541271418,0.503092885017395,0.00434397416826973,-0.5128218137667122
15,310,1,0.9117647058823529,0.9660373291781402,0.4991043210029602,0.00415035979680564,-0.6698755211309697
15,311,1,0.9147058823529411,0.9609530419076319,0.4947914481163025,0.010524766704143259,-0.586329921174604
15,312,1,0.9176470588235294,0.9632564251061695,0.49475058913230896,0.007714052196516466,-0.6960298736481363
15,313,1,0.9205882352941176,0.9612472141079896,0.4853733777999878,0.0090536049652877,-0.9961980864950035
15,314,1,0.9235294117647059,0.9597114792486829,0.49443259835243225,0.009655529819806354,-0.6332412975804904
15,315,1,0.9264705882352942,0.9599737579664537,0.49829062819480896,0.007811788619671298,-0.5594891582114709
15,316,1,0.9294117647058824,0.9587088268242268,0.4967816472053528,0.008831898776603671,-0.5768299902610459
15,317,1,0.9323529411764706,0.9605993710786018,0.4938064217567444,0.005804454951742919,-0.8049324684340442
15,318,1,0.9352941176470588,0.9607123421197701,0.48994073271751404,0.005529523153227715,-0.960506809928918
15,319,1,0.9382352941176471,0.9643297756593618,0.47979697585105896,0.0026723208025023187,-1.4509342818537416
15,320,1,0.9411764705882353,0.9621956307247637,0.485821396112442,0.005385454689232958,-1.1205587999430748
15,321,1,0.9441176470588235,0.9644366731026327,0.4975128471851349,0.004016113286498145,-0.7347346989123088
15,322,1,0.9470588235294117,0.9640686168833282,0.4899197816848755,0.0053434950118103315,-0.9684517382624585
15,323,1,0.95,0.9643277315606094,0.49174177646636963,0.005923449025418746,-0.877793614597342
15,324,1,0.9529411764705882,0.9659899609257833,0.493774950504303,0.004260708635556719,-0.8655223567185024
15,325,1,0.9558823529411765,0.9662991126679263,0.4909481704235077,0.004900139443668542,-0.9469411131772167
15,326,1,0.9588235294117647,0.9665551146697349,0.4927588999271393,0.005109747333183421,-0.870957910944769
15,327,1,0.961764705882353,0.9648669920908496,0.5012646913528442,0.007419494358670367,-0.46303533043570966
15,328,1,0.9647058823529412,0.9654013571706315,0.5000239610671997,0.0070199444114485395,-0.524948781097138
15,329,1,0.9676470588235294,0.9647910497926803,0.4887278378009796,0.007483100850611793,-0.9308185499718529
15,330,1,0.9705882352941176,0.9657328670424365,0.5039218068122864,0.006164267882043993,-0.41167859198947704
15,331,1,0.9735294117647059,0.9643356350133676,0.5079942345619202,0.007355938004288351,-0.21307019689081386
15,332,1,0.9764705882352941,0.9686561743922821,0.49378785490989685,0.0037641277467592976,-0.8841487374074082
24,8,0,0.021739130434782608,0.042039023655859396,0.48341789841651917,nan,nan
24,9,0,0.024456521739130436,0.0408398476390477,0.4887428283691406,nan,nan
24,10,0,0.02717391304347826,0.04203679774667215,0.4879812002182007,nan,nan
24,11,0,0.029891304347826088,0.04137822904885521,0.48563429713249207,nan,nan
24,12,0,0.03260869565217391,0.04254495109645706,0.5049118995666504,0.005522029919658054,-0.39925815046872226
24,13,0,0.035326086956521736,0.04204227848229195,0.4926455020904541,0.006151184393972565,-0.8351326060255265
24,14,0,0.03804347826086957,0.042925244606194006,0.4847414195537567,0.005568825980881596,-1.1540095996824795
24,15,0,0.04076086956521739,0.04246493741112852,0.48513227701187134,0.006251244890827551,-1.1130871768778299
24,16,0,0.043478260869565216,0.04295692216421181,0.47952985763549805,0.0060309372283125755,-1.3317004732174622
24,17,0,0.04619565217391304,0.04271149612089543,0.48885610699653625,0.006379356038567649,-0.9684839103041523
24,18,0,0.04891304347826087,0.04301448608171321,0.4829561412334442,0.006243670487400708,-1.1950009530152061
24,19,1,0.051630434782608696,0.04254672552229857,0.49043628573417664,0.006733741415695158,-0.8955765724554627
24,20,1,0.05434782608695652,0.04315965505558718,0.4896848499774933,0.006141258910199064,-0.9465624212465489
24,21,1,0.057065217391304345,0.045075312494742885,0.49355071783065796,0.004276284693887243,-0.8733334250460065
24,22,1,0.059782608695652176,0.04844619917357089,0.49201181530952454,0.001928963610823036,-1.0213886317959195
24,23,1,0.0625,0.05091753644636764,0.49327993392944336,0.0007066524870985012,-1.0208635348336217
24,24,1,0.06521739130434782,0.05378556922082638,0.4868142008781433,0.00039238693475274417,-1.275473785586173
24,25,1,0.06793478260869565,0.05647055882561732,0.4894426465034485,0.00042089799823386226,-1.1757890914159774
24,26,1,0.07065217391304347,0.06049935525078564,0.488023042678833,0.0016008828406836061,-1.1836249630960076
24,27,1,0.07336956521739131,0.06365570604225324,0.4678002893924713,0.0017439446128474944,-1.9366323874894913
24,28,1,0.07608695652173914,0.0674605111057527,0.4661102294921875,0.0023642072773755484,-1.976152823137675
24,29,1,0.07880434782608696,0.07268628191925487,0.455260306596756,0.004171242619646133,-2.3135687744786715
24,30,1,0.08152173913043478,0.07836561142531695,0.46215948462486267,0.005796641352298851,-1.992243319240166
24,31,1,0.08423913043478261,0.08036547103099018,0.4848504662513733,0.0036287084102039086,-1.2245828892817032
24,32,1,0.08695652173913043,0.08584583489544334,0.4807261526584625,0.004632859531608137,-1.3406335218786098
24,33,1,0.08967391304347826,0.08790560731635029,0.4877966642379761,0.002365116093340282,-1.1627052229616577
24,34,1,0.09239130434782608,0.08860360036175668,0.5046632885932922,0.0012334980680543664,-0.5736227037077812
24,35,1,0.09510869565217392,0.09501429552539777,0.5124577879905701,0.0028406606307561665,-0.219417424095769
24,36,1,0.09782608695652174,0.0904325531521716,0.5419525504112244,0.005403287866071913,0.9854892124085778
24,37,1,0.10054347826086957,0.10112789675952875,0.5486732125282288,0.004145376177103173,1.1891577148479044
24,38,1,0.10326086956521739,0.09216927377952273,0.5394689440727234,0.008118819163697482,0.9968387454532415
24,39,1,0.10597826086956522,0.0984124092379866,0.5109812617301941,0.004683792637009354,-0.20386780950352668
24,40,1,0.10869565217391304,0.09767199633376104,0.4945392310619354,0.00451100207176444,-0.8272235160337629
24,41,1,0.11141304347826086,0.10038030779849552,0.49444475769996643,0.0037234602697591985,-0.8610747387201294
24,42,1,0.11413043478260869,0.09478179561228854,0.47970929741859436,0.008870207668659423,-1.2157037006896878
24,43,1,0.11684782608695653,0.09591921079978825,0.49114957451820374,0.00838592293935118,-0.8052401244716361
24,44,1,0.11956521739130435,0.09757568993900889,0.48979684710502625,0.006106144190580931,-0.9437129975681984
24,45,1,0.12228260869565218,0.09531853141913273,0.48215529322624207,0.008339226111769068,-1.1443938062816519
24,46,1,0.125,0.09588917311587329,0.4808140993118286,0.006503140320187781,-1.2653590211317378
24,47,1,0.12771739130434784,0.09521116830665459,0.5171810388565063,0.007457989505302698,0.13543488534765574
24,48,1,0.13043478260869565,0.09316411287386313,0.4817928969860077,0.009328034314810742,-1.119933275304913
24,49,1,0.1331521739130435,0.09518964123080685,0.468489408493042,0.006199611691580576,-1.7393132744896318
24,50,1,0.1358695652173913,0.09063188187183059,0.4850159287452698,0.010725148503475373,-0.9452776393250425
24,51,1,0.13858695652173914,0.09606456462410279,0.472933292388916,0.005395783017627274,-1.6035670303695535
24,52,1,0.14130434782608695,0.09594193082931195,0.47119712829589844,0.004371747695683463,-1.708095831373645
24,53,1,0.14402173913043478,0.09617543004344317,0.47550731897354126,0.00477508108907637,-1.5309077653585397
24,54,1,0.14673913043478262,0.09717426915527373,0.47951921820640564,0.00402268918040488,-1.4093848684795187
24,55,1,0.14945652173913043,0.0977157893675448,0.49198317527770996,0.0051167657889945855,-0.8997836155511418
24,56,1,0.15217391304347827,0.09744305954100302,0.504112958908081,0.005802301801396901,-0.41843876558081033
24,57,1,0.15489130434782608,0.10562311290856355,0.4927981495857239,0.0024734331504858717,-0.9709415417642604
24,58,1,0.15760869565217392,0.11034193956342002,0.49311503767967224,0.004359375326817241,-0.8864772161816674
24,59,1,0.16032608695652173,0.11209785907514425,0.5011963844299316,0.003244118779344109,-0.6262823562063725
24,60,1,0.16304347826086957,0.10923285510711754,0.5058802962303162,0.004337236746673702,-0.4085311554394619
24,61,1,0.16576086956521738,0.11726836521523139,0.5009506344795227,0.001895957655720787,-0.6873824962143353
24,62,1,0.16847826086956522,0.11704078296181541,0.4979866147041321,0.0029945396018656993,-0.7562788725072563
24,63,1,0.17119565217391305,0.1252557991421737,0.4960521459579468,0.004852327058840036,-0.7573417191253893
24,64,1,0.17391304347826086,0.13071389092695912,0.4886411428451538,0.007020933826868139,-0.9518563118250742
24,65,1,0.1766304347826087,0.1323465517241589,0.48840948939323425,0.0037657065692089115,-1.0858191739194925
24,66,1,0.1793478260869565,0.13479151145195292,0.48674213886260986,0.002593562539379619,-1.193466731934786
24,67,1,0.18206521739130435,0.13543917521472168,0.482939749956131,0.0018312695900959386,-1.3654224042180798
24,68,1,0.18478260869565216,0.1370753841785182,0.49981531500816345,0.0027409046444364627,-0.6974490413466938
24,69,1,0.1875,0.14206432144116946,0.5078827142715454,0.001253278543120572,-0.45210757641608906
24,70,1,0.19021739130434784,0.1421130315554213,0.5029968619346619,0.001723073009675722,-0.6172860868721289
24,71,1,0.19293478260869565,0.1459958223108481,0.5128228664398193,0.0009609898824472509,-0.2780612674174662
24,72,1,0.1956521739130435,0.15143887342588977,0.5108730792999268,0.0031332270608940304,-0.2675974050827482
24,73,1,0.1983695652173913,0.159045466065325,0.5068330764770508,0.007148947388486346,-0.26458861626880986
24,74,1,0.20108695652173914,0.1621757782978584,0.5077366828918457,0.006033973464980888,-0.27360484638087684
24,75,1,0.20380434782608695,0.18634195208450516,0.5109586715698242,0.025184460566018363,0.5842317152890253
24,76,1,0.20652173913043478,0.18305401840171276,0.5059760808944702,0.014752662579909162,-0.00411166823514578
24,77,1,0.20923913043478262,0.193798913111659,0.49268969893455505,0.014651102905802186,-0.5063643720541224
24,78,1,0.21195652173913043,0.19241976697711624,0.4929816722869873,0.007429065825446959,-0.7733456331589657
24,79,1,0.21467391304347827,0.21525180334157412,0.5079904198646545,0.01985463420431932,0.267786015782419
24,80,1,0.21739130434782608,0.213420416779072,0.5056490302085876,0.01301017940750232,-0.0834363010827438
24,81,1,0.22010869565217392,0.23958293240593187,0.5023667812347412,0.02936670086007004,0.422917109900496
24,82,1,0.22282608695652173,0.253746453596393,0.5008478164672852,0.03208421722696295,0.47052471582868205
24,83,1,0.22554347826086957,0.24421261902508243,0.4911297857761383,0.013566888873017074,-0.6065982855853014
24,84,1,0.22826086956521738,0.25956326357047016,0.5016191601753235,0.015329151625343847,-0.14534503483339659
24,85,1,0.23097826086956522,0.24542846978354035,0.5035110116004944,0.01034135385943552,-0.26633585828039336
24,86,1,0.23369565217391305,0.25627797065885727,0.5011690855026245,0.007215858388261401,-0.4744580231434272
24,87,1,0.23641304347826086,0.2610670345466195,0.4947076439857483,0.006347165701654668,-0.7502438577499418
24,88,1,0.2391304347826087,0.2740279785899252,0.49370670318603516,0.011950287456546888,-0.5721567454034586
24,89,1,0.2418478260869565,0.2887733922417722,0.49361929297447205,0.023079522353530113,-0.14713831556812357
24,90,1,0.24456521739130435,0.30962152955165717,0.49275898933410645,0.033091429048857146,0.20589129376667348
24,91,1,0.24728260869565216,0.2900579417801769,0.49069786071777344,0.013227574566818556,-0.6358570448276568
24,92,1,0.25,0.3014817922787869,0.4965311586856842,0.011035346478235274,-0.5014279007956468
24,93,1,0.25271739130434784,0.27829109947976954,0.4878380596637726,0.025686070976835243,-0.26366992977587517
24,94,1,0.2554347826086957,0.27702323996110334,0.4962078332901001,0.02433335730500079,-0.001795073275019765
24,95,1,0.25815217391304346,0.2494656693101352,0.48247820138931274,0.043741355558330475,0.23013184750131965
24,96,1,0.2608695652173913,0.26666526410763164,0.5003314018249512,0.023694788743370526,0.12829667746902548
24,97,1,0.26358695652173914,0.2576692502947888,0.5023961663246155,0.018189962308301832,-0.006105849029479304
24,98,1,0.266304347826087,0.26126376429120907,0.4958014488220215,0.010437097414654026,-0.5518207769409083
24,99,1,0.26902173913043476,0.25179964922662146,0.49517032504081726,0.013459844267826204,-0.4591656430272747
24,100,1,0.2717391304347826,0.24643963920849626,0.4958753287792206,0.019403349265072978,-0.20399283932726803
24,101,1,0.27445652173913043,0.24720401174501114,0.4869117736816406,0.013582570503774257,-0.7642035701226043
24,102,1,0.27717391304347827,0.24046558100972376,0.4885372817516327,0.01770469160161721,-0.5445986426850685
24,103,1,0.2798913043478261,0.2535054870027249,0.4823550581932068,0.005239826517498269,-1.2561782042890508
24,104,1,0.2826086956521739,0.2468434250131281,0.48756733536720276,0.007145280626166996,-0.9873472183591688
24,105,1,0.28532608695652173,0.2514131388801743,0.4799535572528839,0.004648824479922334,-1.3689975586819385
24,106,1,0.28804347826086957,0.2563674484780296,0.4974866509437561,0.004282157166536877,-0.7254788435286741
24,107,1,0.2907608695652174,0.2616030198520292,0.5117700695991516,0.004223177285161528,-0.19200758449828417
24,108,1,0.29347826086956524,0.26615751303696916,0.4980992376804352,0.005607248487622342,-0.6515072433342479
24,109,1,0.296195652173913,0.27637452451535355,0.5021817088127136,0.010995737960046468,-0.29101192433852335
24,110,1,0.29891304347826086,0.28438195582139003,0.49507421255111694,0.012762822857288195,-0.4895947630502637
24,111,1,0.3016304347826087,0.30120844769496424,0.4861903190612793,0.022585687895022216,-0.44478823038553605
24,112,1,0.30434782608695654,0.3050584235771177,0.49040353298187256,0.01653430681644197,-0.5196405165925023
24,113,1,0.3070652173913043,0.3122469026644646,0.48679110407829285,0.013997558268751712,-0.7527592620054705
24,114,1,0.30978260869565216,0.32485024981972366,0.5024704933166504,0.017632810886733047,-0.024759391301499095
24,115,1,0.3125,0.33174185927418004,0.5019885301589966,0.014407346841605998,-0.1669654385947562
24,116,1,0.31521739130434784,0.3421886682432557,0.5202541947364807,0.017220802915877742,0.6264142055462023
24,117,1,0.3179347826086957,0.3399553716938249,0.5080869793891907,0.008120294773329097,-0.18017605973536294
24,118,1,0.32065217391304346,0.3481465207880623,0.5040651559829712,0.006968977036809712,-0.3753334726835852
24,119,1,0.3233695652173913,0.3600538015470509,0.5006312727928162,0.013052190053713664,-0.2700251084258722
24,120,1,0.32608695652173914,0.36324829666552866,0.5107216835021973,0.009168699603973682,-0.041007074396322174
24,121,1,0.328804347826087,0.38344555637404204,0.5066746473312378,0.024101052206918827,0.3818531213437142
24,122,1,0.33152173913043476,0.3757204103146458,0.5132439136505127,0.010664634305867783,0.11116596929111561
24,123,1,0.3342391304347826,0.3975763755400901,0.5167714953422546,0.020465852821266756,0.6206678278088467
24,124,1,0.33695652173913043,0.3973393955585266,0.5355581641197205,0.012265420630926492,1.0097312369668479
24,125,1,0.33967391304347827,0.4084848418086317,0.5335984826087952,0.013470900868299055,0.9826193491438051
24,126,1,0.3423913043478261,0.4000243383076303,0.5247657299041748,0.008206582793036779,0.44872955083866484
24,127,1,0.3451086956521739,0.40841104459996314,0.5134251117706299,0.00369560150447386,-0.15023363221673103
24,128,1,0.34782608695652173,0.3751251069178663,0.5247790813446045,0.0349333046443281,1.477780364430465
24,129,1,0.35054347826086957,0.3874293933777851,0.5093536972999573,0.021928887955502352,0.39874518277160387
24,130,1,0.3532608695652174,0.36280471101876327,0.49808600544929504,0.036436266275554435,0.5344190552347736
24,131,1,0.35597826086956524,0.3555573576234259,0.5016423463821411,0.034378712848675066,0.5886271365033261
24,132,1,0.358695652173913,0.3387004767000555,0.4963184893131256,0.03802217202791115,0.5291551664359581
24,133,1,0.36141304347826086,0.3299078777485321,0.5062903165817261,0.03770861342498184,0.8911104902684521
24,134,1,0.3641304347826087,0.3033401722986576,0.4994795322418213,0.04989593996754306,1.1046688297475613
24,135,1,0.36684782608695654,0.28302814907042056,0.4979052245616913,0.0553418285157537,1.2551991984412967
24,136,1,0.3695652173913043,0.23622420777621386,0.5140920877456665,0.08401346767170909,2.965732587800764
24,137,1,0.37228260869565216,0.22805226736798706,0.5252853631973267,0.06656634084897546,2.71413435591055
24,138,1,0.375,0.22378334078529785,0.5263866782188416,0.04537136483652841,1.9397758125067575
24,139,1,0.37771739130434784,0.2245877083243204,0.5125362873077393,0.02467778941916593,0.6239060576858303
24,140,1,0.3804347826086957,0.19378031716360208,0.5248118042945862,0.040875070393359206,1.707670394406213
24,141,1,0.38315217391304346,0.21182527532118667,0.5094669461250305,0.019942917362712656,0.32656490039235586
24,142,1,0.3858695652173913,0.18702784039112985,0.5251337289810181,0.032959826500978395,1.4151352034158706
24,143,1,0.38858695652173914,0.21492925021627227,0.5338789820671082,0.015199907821395076,1.059679324951981
24,144,1,0.391304347826087,0.1909787480347899,0.5167528390884399,0.01740542923176433,0.5021908594120778
24,145,1,0.39402173913043476,0.18980760745208144,0.5090849995613098,0.017876177532269708,0.2327025589873163
24,146,1,0.3967391304347826,0.19519675481975607,0.5117121934890747,0.008378485582454794,-0.03426568773785291
24,147,1,0.39945652173913043,0.1914426574382791,0.5116433501243591,0.01277893918595231,0.13249901188939694
24,148,1,0.40217391304347827,0.19890641987634017,0.517443060874939,0.002530010789747655,-0.04438534267542077
24,149,1,0.4048913043478261,0.2243915242850188,0.5193119049072266,0.024059657894898112,0.8542570975632695
24,150,1,0.4076086956521739,0.2111169763709844,0.5245572924613953,0.010075106028347852,0.5128196689466361
24,151,1,0.41032608695652173,0.255943940020016,0.5011811852455139,0.04298603903385392,0.902573926221519
24,152,1,0.41304347826086957,0.26405886799349193,0.5024481415748596,0.03497564636189557,0.641823185976429
24,153,1,0.4157608695652174,0.29643996978754517,0.502093493938446,0.05106863612666088,1.247843032816077
24,154,1,0.41847826086956524,0.29929000056796323,0.5050152540206909,0.03590655553144734,0.7739352517901908
24,155,1,0.421195652173913,0.29302081278678044,0.5165995359420776,0.016334387988097512,0.45522287457936983
24,156,1,0.42391304347826086,0.32521887297367996,0.5333703756332397,0.03052295369622826,1.6302940126420067
24,157,1,0.4266304347826087,0.34591181256284753,0.5136202573776245,0.03592589204034882,1.0974350024066521
24,158,1,0.42934782608695654,0.36193228450841625,0.5146515369415283,0.039578403292091974,1.2766792210922713
24,159,1,0.4320652173913043,0.33308475645262814,0.5196318030357361,0.019803700230298246,0.7024697104838679
24,160,1,0.43478260869565216,0.29309481560751777,0.5111503005027771,0.0549356225103817,1.7363617673845326
24,161,1,0.4375,0.3214689748958842,0.5304131507873535,0.03141882722595661,1.5538514777934744
24,162,1,0.44021739130434784,0.28087566921381546,0.5088754296302795,0.05301304514580263,1.5770477525547193
24,163,1,0.4429347826086957,0.2966330764407755,0.5117060542106628,0.023571486409971115,0.5501908396814913
24,164,1,0.44565217391304346,0.2742653466344591,0.5057831406593323,0.03024629389854562,0.5849077986410259
24,165,1,0.4483695652173913,0.29426441397774145,0.516728937625885,0.017038960170797618,0.4871911859606342
24,166,1,0.45108695652173914,0.31669536704275714,0.5114392638206482,0.02369223398255277,0.5448309368746804
24,167,1,0.453804347826087,0.3303558426907285,0.5003134608268738,0.02839778517328867,0.308613663260989
24,168,1,0.45652173913043476,0.3272977160026115,0.5075488090515137,0.019736731565443255,0.2466847614243875
24,169,1,0.4592391304347826,0.3285826671793347,0.5029664039611816,0.009076041820807762,-0.335457161921855
24,170,1,0.46195652173913043,0.36329082657202466,0.5129619836807251,0.031064421849660184,0.8856559259894999
24,171,1,0.46467391304347827,0.3652438940535513,0.5147004723548889,0.02169079200680793,0.5901286123592213
24,172,1,0.4673913043478261,0.3977589899529171,0.5049935579299927,0.0451617075075301,1.1292963527303446
24,173,1,0.4701086956521739,0.3855195708223988,0.5051206946372986,0.02272538075339578,0.27062633731150515
24,174,1,0.47282608695652173,0.4045157742831629,0.5088321566581726,0.02006894743943341,0.30760541668406255
24,175,1,0.47554347826086957,0.4119487415386313,0.5055712461471558,0.017195677767117307,0.07472072330621765
24,176,1,0.4782608695652174,0.40064974741218184,0.5088373422622681,0.009448512629389824,-0.10091644455819064
24,177,1,0.48097826086956524,0.4358035548066694,0.5126495957374573,0.028651589799069177,0.7810835840554908
24,178,1,0.483695652173913,0.4132890393597042,0.5117350220680237,0.010156165020322253,0.03500270433735592
24,179,1,0.48641304347826086,0.4457109173519372,0.519411563873291,0.02379464007913401,0.8477961617232979
24,180,1,0.4891304347826087,0.4638416211884297,0.5131007432937622,0.033484799962300055,0.9840062362112723
24,181,1,0.49184782608695654,0.43535647153486107,0.5207280516624451,0.017935930326805072,0.6717085166524485
24,182,1,0.4945652173913043,0.4224308107320669,0.502651035785675,0.02361220812017263,0.21212324685783396
24,183,1,0.49728260869565216,0.4335397291369484,0.5134245753288269,0.01904449046212127,0.4404322380198061
24,184,1,0.5,0.44207071617722343,0.5048290491104126,0.01340429081097147,-0.09902510357761535
24,185,1,0.5027173913043478,0.38786155305032927,0.5174403190612793,0.051981385338452174,1.8585964164326478
24,186,1,0.5054347826086957,0.3850964574308416,0.512369692325592,0.0428727513368069,1.3178715717690013
24,187,1,0.5081521739130435,0.3560385638284642,0.5195059776306152,0.06259705661387795,2.344607974139564
24,188,1,0.5108695652173914,0.36152246664815235,0.5257426500320435,0.03918111257821154,1.6773942625776121
24,189,1,0.5135869565217391,0.3396136965254994,0.5287705063819885,0.039509570207453965,1.803603145161218
24,190,1,0.5163043478260869,0.3366270025724507,0.5229116678237915,0.030434300029295175,1.2345981022634605
24,191,1,0.5190217391304348,0.3331674864329001,0.5129125714302063,0.021776452454248044,0.5263647563270427
24,192,1,0.5217391304347826,0.3184469857531208,0.5229241847991943,0.030779183785136333,1.2483400795433996
24,193,1,0.5244565217391305,0.3088555558619411,0.5056372880935669,0.02960174345255817,0.5546323231922742
24,194,1,0.5271739130434783,0.3005215268570498,0.4970589280128479,0.03024623729155987,0.2576787248423926
24,195,1,0.529891304347826,0.3007587154710119,0.49825334548950195,0.020982679748747554,-0.05401953912355406
24,196,1,0.532608695652174,0.296434585786864,0.49763303995132446,0.017204616692423402,-0.22268071547582396
24,197,1,0.5353260869565217,0.2853717860603845,0.5083369612693787,0.0227643164273387,0.39276014327568726
24,198,1,0.5380434782608695,0.28389555266138095,0.5024198889732361,0.018369607375953098,0.0016973908592599618
24,199,1,0.5407608695652174,0.29602988075306474,0.5012425780296326,0.0095788932314302,-0.38076254020427736
24,200,1,0.5434782608695652,0.29691150965477286,0.5046846270561218,0.005799281954540797,-0.39711290952126155
24,201,1,0.5461956521739131,0.29959593835554965,0.4964783787727356,0.003364623375802513,-0.7986073467213789
24,202,1,0.5489130434782609,0.31087612167382317,0.4914587736129761,0.010274394824124624,-0.7209668439087829
24,203,1,0.5516304347826086,0.31640272171016315,0.5131828784942627,0.009055852607354063,0.04696438216706797
24,204,1,0.5543478260869565,0.3359123135196884,0.5223928689956665,0.023472234177604717,0.9472112010321279
24,205,1,0.5570652173913043,0.34133256990980293,0.5131096243858337,0.019142289601490337,0.4323827874794284
24,206,1,0.5597826086956522,0.3591679520404723,0.5204124450683594,0.026543513843596378,0.9911246547325918
24,207,1,0.5625,0.3673183829936765,0.5190704464912415,0.02262098720513825,0.7898347576984215
24,208,1,0.5652173913043478,0.37301286551340734,0.5144092440605164,0.015586554403990819,0.34429002985837703
24,209,1,0.5679347826086957,0.38872640902913297,0.5241776704788208,0.022024959921286724,0.9584585155050023
24,210,1,0.5706521739130435,0.37817162363100376,0.526466965675354,0.006215832279695286,0.43592737374194657
24,211,1,0.5733695652173914,0.4010756838005942,0.5268661379814148,0.017774857015282614,0.8957365058827704
24,212,1,0.5760869565217391,0.40773056975480665,0.5178589820861816,0.015990417767765552,0.48922471922432265
24,213,1,0.5788043478260869,0.4153553506228005,0.5165712237358093,0.014935772575409626,0.40033668701180913
24,214,1,0.5815217391304348,0.41805283687715633,0.533336877822876,0.010976023431348573,0.8767943456306367
24,215,1,0.5842391304347826,0.4274007931525037,0.537163257598877,0.010353676395157777,0.9963634386292821
24,216,1,0.5869565217391305,0.43327047269643404,0.5308552384376526,0.009642078601110774,0.7323777875692064
24,217,1,0.5896739130434783,0.44265963446850914,0.5343244075775146,0.012646264637779073,0.9781120045754491
24,218,1,0.592391304347826,0.45233661443534406,0.5194457769393921,0.015497173643186733,0.5297600759146838
24,219,1,0.595108695652174,0.467557255453811,0.5325251221656799,0.022146870272106767,1.2762454912187893
24,220,1,0.5978260869565217,0.4527103176940236,0.5473894476890564,0.0083935380836504,1.304492474128959
24,221,1,0.6005434782608695,0.4373991061538404,0.5359283089637756,0.02291035585258802,1.4332738279179122
24,222,1,0.6032608695652174,0.4203811468662696,0.5180134177207947,0.03861318306149167,1.3656308147234473
24,223,1,0.6059782608695652,0.42258089418960976,0.513350784778595,0.02842456884588289,0.7986470477519537
24,224,1,0.6086956521739131,0.4025380991559659,0.5090351104736328,0.03722327356347645,0.9753841464022968
24,225,1,0.6114130434782609,0.39368316932477,0.5134119987487793,0.03353514876015792,0.99761839568521
24,226,1,0.6141304347826086,0.35392485852573696,0.5142338275909424,0.06236447535192334,2.1379100503671586
24,227,1,0.6168478260869565,0.34159389317568084,0.5170214176177979,0.058081368616846304,2.077635800513633
24,228,1,0.6195652173913043,0.3353105881631288,0.5193263292312622,0.04411792337591611,1.6267195609074276
24,229,1,0.6222826086956522,0.3023529975662628,0.507161557674408,0.06026863622457282,1.7919878737123556
24,230,1,0.625,0.29759880496182184,0.5221744179725647,0.042190285889387016,1.6593622693489618
24,231,1,0.6277173913043478,0.27161674893388466,0.5218544006347656,0.05409082852634542,2.1053390686800837
24,232,1,0.6304347826086957,0.27447508916992686,0.5418341159820557,0.03386867104917399,2.0765075836671443
24,233,1,0.6331521739130435,0.24037556045395136,0.542865514755249,0.052628856197529175,2.837159354516281
24,234,1,0.6358695652173914,0.24431644975431593,0.5434620976448059,0.03386535097056771,2.1374419872767034
24,235,1,0.6385869565217391,0.21380258521711362,0.5411120057106018,0.050386883354412576,2.6851089249414333
24,236,1,0.6413043478260869,0.23257519075574476,0.5349438786506653,0.025248338357202943,1.4863247336512875
24,237,1,0.6440217391304348,0.24384348498848704,0.5362468361854553,0.012175961156254828,1.0321191253011448
24,238,1,0.6467391304347826,0.2366382607726656,0.5385614633560181,0.01101140728142834,1.0741192878225478
24,239,1,0.6494565217391305,0.2593658800294558,0.5220598578453064,0.02115749310244658,0.8456402548435771
24,240,1,0.6521739130434783,0.22271350243284957,0.535843551158905,0.026885708197245214,1.583082031517158
24,241,1,0.654891304347826,0.26714135401369576,0.522031307220459,0.02000756546432475,0.8003156144546939
24,242,1,0.657608695652174,0.248260519298188,0.5425853133201599,0.0154901664107078,1.3974058260022328
24,243,1,0.6603260869565217,0.31752060111012437,0.518100380897522,0.061656780673070594,2.255701453075589
24,244,1,0.6630434782608695,0.27724552717820133,0.5252712965011597,0.028279264735643225,1.2401685319276945
24,245,1,0.6657608695652174,0.36221979081088446,0.5169443488121033,0.07818428391732557,2.848384850455761
24,246,1,0.6684782608695652,0.3546484698326582,0.5235502123832703,0.051927715527616616,2.085700257313039
24,247,1,0.6711956521739131,0.3918334900048718,0.5237792134284973,0.05743138627839817,2.3060926371390176
24,248,1,0.6739130434782609,0.38066209567421916,0.5159912705421448,0.034566168188086305,1.1340391720234906
24,249,1,0.6766304347826086,0.4228661455140693,0.5143339037895203,0.04403167743990441,1.4361450818470498
24,250,1,0.6793478260869565,0.42864555561754675,0.5167908668518066,0.034649498867585615,1.1672372447619028
24,251,1,0.6820652173913043,0.440414890475501,0.5109463930130005,0.027919562279317717,0.6890287106295478
24,252,1,0.6847826086956522,0.42955224064082964,0.5194835066795349,0.014338704961510962,0.4865927796688718
24,253,1,0.6875,0.4360351118835409,0.5163617730140686,0.004160514984537192,-0.022193925396465974
24,254,1,0.6902173913043478,0.44475679744745317,0.5051007270812988,0.006326491709719912,-0.36121675355900507
24,255,1,0.6929347826086957,0.4249551599089301,0.5091891288757324,0.019228106696407538,0.2886358154569713
24,256,1,0.6956521739130435,0.4136235095680416,0.5198110342025757,0.026694824395653335,0.9743900249944317
24,257,1,0.6983695652173914,0.44635167216524757,0.5064986348152161,0.01315071256090819,-0.04616114456619002
24,258,1,0.7010869565217391,0.4467933814557969,0.5047774910926819,0.013132450033932264,-0.1114204454729234
24,259,1,0.7038043478260869,0.45771618668468417,0.5115957856178284,0.01829174941667361,0.3428697220204765
24,260,1,0.7065217391304348,0.41691009565026776,0.5159990787506104,0.030704598311681278,0.9857235503367052
24,261,1,0.7092391304347826,0.45638945733212105,0.5035441517829895,0.01138979673466807,-0.22474460852902683
24,262,1,0.7119565217391305,0.4555321042275746,0.5035606026649475,0.012127284237900174,-0.19574613272804525
24,263,1,0.7146739130434783,0.4747813611399401,0.503775417804718,0.021650893672771676,0.17881731323562644
24,264,1,0.717391304347826,0.4950093571525618,0.498552531003952,0.03761259607157941,0.5971872750080578
24,265,1,0.720108695652174,0.49976596249004024,0.505293071269989,0.02284438603348435,0.281671616955949
24,266,1,0.7228260869565217,0.5199581525281124,0.5051976442337036,0.03219244978207672,0.6378428376725704
24,267,1,0.7255434782608695,0.5161372194002825,0.4986543357372284,0.015474172441728608,-0.2509683983708558
24,268,1,0.7282608695652174,0.525975078635477,0.5105539560317993,0.01176389924922128,0.05257537339438882
24,269,1,0.7309782608695652,0.5405323064595965,0.5118526816368103,0.018579696702611975,0.36358670333326254
24,270,1,0.7336956521739131,0.5329044229091406,0.5070309638977051,0.005872870233696289,-0.306274773739682
24,271,1,0.7364130434782609,0.5532528749303899,0.5037930011749268,0.017872111585759243,0.034054339110186724
24,272,1,0.7391304347826086,0.5556840661435004,0.5095054507255554,0.011107494608488951,-0.01201290708710516
24,273,1,0.7418478260869565,0.5732888839082648,0.5135459303855896,0.021201959804101472,0.5280119699168229
24,274,1,0.7445652173913043,0.5505274808552827,0.495962530374527,0.013365311389313572,-0.433089683891338
24,275,1,0.7472826086956522,0.523381603058487,0.4996618926525116,0.041300229894378926,0.7807118442485586
24,276,1,0.75,0.5634611524053619,0.5116380453109741,0.01636336913190148,0.2702430893501882
24,277,1,0.7527173913043478,0.5333289891576589,0.5029169321060181,0.02820558784488003,0.3988678897695618
24,278,1,0.7554347826086957,0.5385897847412648,0.498279333114624,0.015618211559825956,-0.2594907639252871
24,279,1,0.7581521739130435,0.5210211418163693,0.5019805431365967,0.02516274701783039,0.24664534875237298
24,280,1,0.7608695652173914,0.4911545812210015,0.5071120858192444,0.05443919230266875,1.5657922159030666
24,281,1,0.7635869565217391,0.4890535872354492,0.5147160887718201,0.038463543492130894,1.2361962074735735
24,282,1,0.7663043478260869,0.4766158668448376,0.5076531171798706,0.03983241340219011,1.0239585069561776
24,283,1,0.7690217391304348,0.44264307036209244,0.5034590363502502,0.05831173041082845,1.5778045939567
24,284,1,0.7717391304347826,0.39247216914619504,0.5215210914611816,0.08888811376315664,3.4319745893448164
24,285,1,0.7744565217391305,0.39107467902702614,0.5227091312408447,0.06561500086362393,2.580893977755557
24,286,1,0.7771739130434783,0.3591480911063403,0.5284387469291687,0.07304686173220402,3.081807248072729
24,287,1,0.779891304347826,0.3862742221358657,0.524651050567627,0.02881815098411568,1.237642884999472
24,288,1,0.782608695652174,0.3711074300338613,0.5370188355445862,0.021010633679859878,1.4010683623884868
24,289,1,0.7853260869565217,0.36594412469842685,0.5258778929710388,0.017450487370853,0.8461864832532631
24,290,1,0.7880434782608695,0.37064424909088917,0.5272375345230103,0.008072359091239975,0.5362762920072202
24,291,1,0.7907608695652174,0.3700071488941457,0.5312323570251465,0.00997886408912153,0.7594835522521621
24,292,1,0.7934782608695652,0.3833748004156684,0.5232341885566711,0.007455555742831134,0.3623821580462817
24,293,1,0.7961956521739131,0.3784407228662211,0.5302789807319641,0.003220375671357025,0.4636310282531971
24,294,1,0.7989130434782609,0.3771567245578556,0.5275098085403442,0.004953512252381995,0.42646314927352474
24,295,1,0.8016304347826086,0.38179036513183773,0.518649160861969,0.0036629124574720784,0.04445147468829169
24,296,1,0.8043478260869565,0.41752986165708406,0.5201655030250549,0.03084570192068184,1.1474276005901909
24,297,1,0.8070652173913043,0.42465093944465454,0.5311639904975891,0.02942801439789844,1.5053995421857613
24,298,1,0.8097826086956522,0.44952292639651764,0.49312281608581543,0.042747447205153166,0.5911394639807814
24,299,1,0.8125,0.4580764474016921,0.49987685680389404,0.033209417750662135,0.4774082270768655
24,300,1,0.8152173913043478,0.4798040686451604,0.5002408027648926,0.035865518426666826,0.5932763414359952
24,301,1,0.8179347826086957,0.5006252100071414,0.4989182651042938,0.04111810804162874,0.7458111668989067
24,302,1,0.8206521739130435,0.5229190231472847,0.4935496151447296,0.044418353541150285,0.6714508888933426
24,303,1,0.8233695652173914,0.5468689339542578,0.4966517984867096,0.050019240160431716,1.0033515542829419
24,304,1,0.8260869565217391,0.5860866725684712,0.5184881091117859,0.06703885713650368,2.47736792628942
24,305,1,0.8288043478260869,0.6102217864088604,0.5157994031906128,0.06460331999606508,2.282791105608604
24,306,1,0.8315217391304348,0.6230473607066391,0.5165486335754395,0.0500297501934141,1.7500445223480803
24,307,1,0.8342391304347826,0.6286025703730787,0.5561341643333435,0.030552875470015006,2.485267430615343
24,308,1,0.8369565217391305,0.6356011100073188,0.5388093590736389,0.017118005999549935,1.3184234214299086
24,309,1,0.8396739130434783,0.6305699202362725,0.5224158763885498,0.005271054850109118,0.2476207474757557
24,310,1,0.842391304347826,0.633683644875586,0.5130670070648193,0.0026465998593714624,-0.20403512248120897
24,311,1,0.845108695652174,0.6366899271705598,0.5137223601341248,0.002584931414537333,-0.1818274509199212
24,312,1,0.8478260869565217,0.6249830564368097,0.5091756582260132,0.015646600629131036,0.1503000322267229
24,313,1,0.8505434782608695,0.6169588464372565,0.5021554827690125,0.021016297236056997,0.09363516961418725
24,314,1,0.8532608695652174,0.6178192238543547,0.5093926191329956,0.016753151369204796,0.2010222319298877
24,315,1,0.8559782608695652,0.5998774897098362,0.5089417099952698,0.030728780258415467,0.7219470859596684
24,316,1,0.8586956521739131,0.5948535942956563,0.5114136338233948,0.02654956630741448,0.6538310653893218
24,317,1,0.8614130434782609,0.5868711708229895,0.501702070236206,0.02699962424479299,0.30689072027948133
24,318,1,0.8641304347826086,0.5809164807627707,0.5124130249023438,0.025432395401444985,0.6483229682999666
24,319,1,0.8668478260869565,0.5572159952594258,0.5120757818222046,0.03990719513189389,1.192721266911676
24,320,1,0.8695652173913043,0.5300196027142932,0.5053220391273499,0.0564382140644239,1.5755815922413852
24,321,1,0.8722826086956522,0.5085750046720159,0.49873048067092896,0.06167431421136038,1.529851932721111
24,322,1,0.875,0.5073719037543181,0.5140420198440552,0.04330337359131481,1.39716911362459
24,323,1,0.8777173913043478,0.4613109698328248,0.5164856314659119,0.0709781632606949,2.553859284686872
24,324,1,0.8804347826086957,0.48077919721696916,0.5040259957313538,0.03596909191327119,0.7392368982838318
24,325,1,0.8831521739130435,0.4390142792342274,0.5161465406417847,0.056988496128311056,2.0027629439503687
24,326,1,0.8858695652173914,0.51006419026309,0.5096421241760254,0.03530025820041788,0.9241467140429124
24,327,1,0.8885869565217391,0.47044011112417555,0.49992284178733826,0.02196106785368024,0.046252007325471745
24,328,1,0.8913043478260869,0.5121392071399298,0.4965059459209442,0.03213115034579045,0.309476441808301
24,329,1,0.8940217391304348,0.4638368561060442,0.5077900290489197,0.032787580568921185,0.7579807359640836
24,330,1,0.8967391304347826,0.5048957211948442,0.4864352345466614,0.023280308841901298,-0.4088702018255188
24,331,1,0.8994565217391305,0.5330127068882933,0.49024268984794617,0.038691226503538345,0.3270125518417524
24,332,1,0.9021739130434783,0.5371295383218351,0.49468448758125305,0.02716490899605073,0.050036743315394816
24,333,1,0.904891304347826,0.5731807286813407,0.5104572176933289,0.05696851656008006,1.7885994949971942
24,334,1,0.907608695652174,0.5139975804179229,0.5007199645042419,0.029550599847161935,0.3682256335017842
24,335,1,0.9103260869565217,0.0632673929312788,0.6090641617774963,0.4750021816671421,21.574728712177482
24,336,1,0.9130434782608695,0.36803877933061757,0.5241665244102478,0.21143552915195138,8.247308755134291
24,337,1,0.9157608695652174,0.0215717524107085,0.5897523164749146,0.33354358109296667,15.406495170987032
24,338,1,0.9184782608695652,0.07882904809354634,0.6034418940544128,0.20059800490033958,10.803690567311872
24,339,1,0.9211956521739131,0.02385399504105587,0.5822605490684509,0.11556625464398841,6.7368645311374244
24,340,1,0.9239130434782609,0.06708387295498167,0.5564479231834412,0.10165922129180116,5.233489460120867
24,341,1,0.9266304347826086,0.04300567888046042,0.5687980651855469,0.023823092100489635,2.7012750596264277
24,342,1,0.9293478260869565,0.06905946735006595,0.5678001642227173,0.021062013080454203,2.557588642332533
24,343,1,0.9320652173913043,0.026357028876305224,0.5752944946289062,0.03088723117384226,3.2167985136131114
24,344,1,0.9347826086956522,0.04984608696216949,0.5579123497009277,0.01846975929102114,2.086957299456707
24,345,1,0.9375,0.007808932999107879,0.5540109276771545,0.04575163901164889,2.990537853389178
24,346,1,0.9402173913043478,0.016362311465093045,0.5397365093231201,0.03137706200961686,1.9019437864065893
24,347,1,0.9429347826086957,0.011877083368053976,0.5179275870323181,0.01971001320112141,0.6349426994318991
24,348,1,0.9456521739130435,0.005070896913625626,0.5196883678436279,0.022896213278486968,0.8236034785010964
24,349,1,0.9483695652173914,0.011794965093681319,0.529077410697937,0.0070416803776218295,0.5656215876900501
24,350,1,0.9510869565217391,0.0019117193026064207,0.5273792743682861,0.01585810140101357,0.8412188324692125
24,351,1,0.9538043478260869,0.014292839669505158,0.537310779094696,0.0054710593600771065,0.8139942334421446
24,352,1,0.9565217391304348,0.01011555870501642,0.5252138376235962,0.006150070137147077,0.3863943846139972
24,353,1,0.9592391304347826,0.00929047728291111,0.5281375050544739,0.0067317999032977084,0.5184422738069796
24,354,1,0.9619565217391305,0.0016995564608204628,0.4980882406234741,0.013696598772695814,-0.34060950689200803
24,355,1,0.9646739130434783,5.9469770743098693e-05,0.4972151517868042,0.015283644752326683,-0.3122814255449081
24,356,1,0.967391304347826,0.00403799950701974,0.5024331212043762,0.008437336110796568,-0.3800394016537051
24,357,1,0.970108695652174,0.009314886748344417,0.503723680973053,0.004320543713894786,-0.490063678766361
24,358,1,0.9728260869565217,0.9929752231345519,0.5442304015159607,0.017296261480686637,1.5286153155057556
24,359,1,0.9755434782608695,0.9991532333050168,0.48857900500297546,0.01072747176518557,-0.8115447231292854
24,360,1,0.9782608695652174,0.006511074306899528,0.513716459274292,0.007903510051351481,0.022631174690019212
