sequence,frame,valid,relative_phase,predicted_phase,feature_raw,time_raw,P3
03,15,0,0.02727272727272727,0.03266134703583782,0.5111518502235413,nan,nan
03,16,0,0.02909090909090909,0.0352640327835237,0.5108776092529297,nan,nan
03,17,0,0.03090909090909091,0.03759351210501793,0.49297845363616943,nan,nan
03,18,0,0.03272727272727273,0.039575089806435204,0.5007838010787964,nan,nan
03,19,1,0.034545454545454546,0.039870928186435506,0.5056937336921692,0.0008562542562019691,2.6396320068289354
03,20,1,0.03636363636363636,0.042334042793056484,0.500388503074646,0.0005084102353734578,2.3995141237124713
03,21,1,0.038181818181818185,0.043496197842914266,0.5114613771438599,0.0007065195119663508,2.80403097094257
03,22,1,0.04,0.04502944191519679,0.5204532742500305,0.0005666724756641766,3.0774680917969524
03,23,1,0.04181818181818182,0.0456659111906774,0.520611047744751,0.0012612236668982525,3.209874247811808
03,24,1,0.04363636363636364,0.04659467851452591,0.5237053036689758,0.0017812020941101892,3.4079770406677525
03,25,1,0.045454545454545456,0.04694924913650407,0.5261711478233337,0.0024917904024994043,3.62007800782616
03,26,1,0.04727272727272727,0.047571893330300354,0.517744779586792,0.0027324090321005513,3.3838978534148683
03,27,1,0.04909090909090909,0.04755455345422173,0.5148316025733948,0.0033853617619550593,3.4065585662813187
03,28,1,0.05090909090909091,0.04776018879313439,0.505908727645874,0.0036518869889285307,3.1586092641570422
03,29,1,0.05272727272727273,0.04864399585672604,0.5055182576179504,0.0030594574949889698,3.0371609427628927
03,30,1,0.05454545454545454,0.04818355977136516,0.49416905641555786,0.00394358026040534,2.8215905183159053
03,31,1,0.056363636363636366,0.04925429652727693,0.49024778604507446,0.0030257601147597613,2.523146722429487
03,32,1,0.05818181818181818,0.04942288422790837,0.496869832277298,0.003282108182392123,2.7903063218200757
03,33,1,0.06,0.05104834961521106,0.5053285360336304,0.0020723166537829508,2.8501246900911883
03,34,1,0.06181818181818182,0.05341793138958327,0.4915347099304199,0.0009394484831505963,2.183981461650899
03,35,1,0.06363636363636363,0.0542349194118955,0.5073999762535095,0.0007954282012743052,2.685239838459881
03,36,1,0.06545454545454546,0.05562165002371613,0.49365678429603577,0.0006538533106082866,2.202267511840115
03,37,1,0.06727272727272728,0.05673270718437005,0.4939979016780853,0.0010924875989063044,2.2939175468444772
03,38,1,0.06909090909090909,0.058160618766060636,0.4885823428630829,0.0010856654095054864,2.112565139297011
03,39,1,0.07090909090909091,0.05848726780973809,0.49487730860710144,0.0019446882099473529,2.479185435793232
03,40,1,0.07272727272727272,0.060986374094097885,0.4949807822704315,0.0009093257325931094,2.2930714115048523
03,41,1,0.07454545454545454,0.06176217297365048,0.49738654494285583,0.0010740511630910766,2.403237139869654
03,42,1,0.07636363636363637,0.06428825270352106,0.46824467182159424,0.0005732844538274747,1.3423949182719594
03,43,1,0.07818181818181819,0.06652022283725323,0.4689851403236389,0.0008947237688264454,1.4258698628003867
03,44,1,0.08,0.07262699088083537,0.45654407143592834,0.004993253055529818,1.7624843734820825
03,45,1,0.08181818181818182,0.07656035065922326,0.4728708267211914,0.006016458637233364,2.492787226623904
03,46,1,0.08363636363636363,0.09408316983577357,0.46473199129104614,0.019839733392390466,4.752895914834195
03,47,1,0.08545454545454545,0.11836512692049139,0.44365444779396057,0.03667296119404516,7.133771654774147
03,48,1,0.08727272727272728,0.12968808675522436,0.40778088569641113,0.03503469500796859,5.640801388551715
03,49,1,0.0890909090909091,0.16054739605320437,0.4070373773574829,0.05162873033735131,8.654127606579628
03,50,1,0.09090909090909091,0.16555856807517544,0.4047854244709015,0.03564314101082715,5.6525772666866345
03,51,1,0.09272727272727273,0.19090262228733312,0.407091349363327,0.04311834566313437,7.09783267588373
03,52,1,0.09454545454545454,0.18165975007532353,0.40837955474853516,0.021211432150054114,3.129934134533272
03,53,1,0.09636363636363636,0.1978578521917935,0.403119295835495,0.01894628589585952,2.5402902222247543
03,54,1,0.09818181818181818,0.20195058465677884,0.406889945268631,0.013711404326197564,1.7072819974273208
03,55,1,0.1,0.19885559553950938,0.4041009843349457,0.005113723252208978,0.040458301247980416
03,56,1,0.10181818181818182,0.20486407390262779,0.4022377133369446,0.005779694359947125,0.10041879854839039
03,57,1,0.10363636363636364,0.20562143582326187,0.40308189392089844,0.0016764062723909703,-0.6227407209688102
03,58,1,0.10545454545454545,0.20576377650684086,0.41485831141471863,0.0022110293266393135,-0.1332170860135912
03,59,1,0.10727272727272727,0.2131054905024487,0.40184956789016724,0.005084787886213816,-0.039713804458527846
03,60,1,0.10909090909090909,0.2082164152624489,0.420403391122818,0.003366761094520764,0.26278628485310157
03,61,1,0.11090909090909092,0.2107770172357612,0.4410496950149536,0.0020756490131849615,0.7130352687022006
03,62,1,0.11272727272727273,0.20786658542931716,0.41854721307754517,0.0058435716207326256,0.6545129877606739
03,63,1,0.11454545454545455,0.20951939542945358,0.41903156042099,0.004716463851215285,0.4642687285134998
03,64,1,0.11636363636363636,0.20966525233388517,0.40729615092277527,0.0036740831785349194,-0.11685189736971327
03,65,1,0.11818181818181818,0.20170873277504758,0.40647947788238525,0.011992812005231572,1.3789895979215732
03,66,1,0.12,0.20603121339383534,0.4121834337711334,0.006715604146024314,0.6025275471290538
03,67,1,0.12181818181818181,0.21118283561357462,0.4343155026435852,0.004558968267883918,0.9437271359349599
03,68,1,0.12363636363636364,0.21290786633472913,0.4164402484893799,0.00329065437058649,0.11705170448746399
03,69,1,0.12545454545454546,0.2230292000798346,0.41227540373802185,0.010827055877363058,1.3583149147130547
03,70,1,0.12727272727272726,0.2168472256049399,0.4110393226146698,0.00325484824835393,-0.06912046817565055
03,71,1,0.1290909090909091,0.21029092828655818,0.4081907868385315,0.009945335794886255,1.061047995156552
03,72,1,0.13090909090909092,0.21442178816883442,0.41355612874031067,0.006808032587359052,0.6651006887827035
03,73,1,0.13272727272727272,0.2154111981226246,0.3991628885269165,0.0058429116343553,0.009734280297231057
03,74,1,0.13454545454545455,0.22303473774470933,0.4082152843475342,0.004849300194450354,0.12887533319175268
03,75,1,0.13636363636363635,0.22373900677465414,0.4080371558666229,0.004201623440460187,0.004374057858210481
03,76,1,0.13818181818181818,0.2265271811097193,0.42242714762687683,0.003131016233838808,0.2869292570865397
03,77,1,0.14,0.23100248306913934,0.42385947704315186,0.004579969958037623,0.5998396661073161
03,78,1,0.14181818181818182,0.23482797775270792,0.4128546118736267,0.004507643404977486,0.22061299630207215
03,79,1,0.14363636363636365,0.23173823462529827,0.41387346386909485,0.00219327536509849,-0.16922023854646778
03,80,1,0.14545454545454545,0.23866917629448525,0.41779354214668274,0.003400724982094162,0.18220956973490898
03,81,1,0.14727272727272728,0.23480818988482305,0.41051217913627625,0.003495760223759513,-0.04254509037119435
03,82,1,0.14909090909090908,0.2330492454311195,0.4220976233482361,0.006206131381384013,0.8389655811218291
03,83,1,0.1509090909090909,0.24803267576941115,0.409325510263443,0.009221982037304744,0.9663527657223909
03,84,1,0.15272727272727274,0.23776659901417516,0.4163877069950104,0.005778588926217344,0.5707979321806192
03,85,1,0.15454545454545454,0.2428113687893836,0.4245249629020691,0.004461155450610262,0.6002188220087912
03,86,1,0.15636363636363637,0.23994748651162365,0.4156011939048767,0.0047655027142857655,0.3591642829611263
03,87,1,0.15818181818181817,0.24225631562069427,0.40321820974349976,0.004433217193529316,-0.11348757208510306
03,88,1,0.16,0.2446577929903626,0.4131337106227875,0.0013413455366339693,-0.34979413740673365
03,89,1,0.1618181818181818,0.2549616785886591,0.40982937812805176,0.008298955437468154,0.8141210813662821
03,90,1,0.16363636363636364,0.26151847274165557,0.41125401854515076,0.011818172140645773,1.505801626279649
03,91,1,0.16545454545454547,0.2641905402362062,0.40066635608673096,0.009097493077688408,0.6555866608110219
03,92,1,0.16727272727272727,0.2808702287774726,0.40932583808898926,0.020293625465076806,2.9933713782145834
03,93,1,0.1690909090909091,0.28387987148158905,0.41926154494285583,0.014250159222415805,2.2173558651707936
03,94,1,0.1709090909090909,0.2764884378901106,0.4242955148220062,0.008062478951030018,1.2519221051230645
03,95,1,0.17272727272727273,0.27379129259510615,0.42792773246765137,0.008215249615323402,1.400686937901148
03,96,1,0.17454545454545456,0.2800005056964469,0.4207632839679718,0.005315385312731151,0.6315112171763652
03,97,1,0.17636363636363636,0.27066190646561233,0.424187570810318,0.012122602623375724,1.9916638085321123
03,98,1,0.1781818181818182,0.2713983942304105,0.41016000509262085,0.008081623604583367,0.785327297236385
03,99,1,0.18,0.2646180750059674,0.42009130120277405,0.013589431914101448,2.1239841605078564
03,100,1,0.18181818181818182,0.2839131296581335,0.41402778029441833,0.009438200893045931,1.162320125319174
03,101,1,0.18363636363636363,0.27713859743325503,0.4170955717563629,0.004639641721841975,0.3858195397945553
03,102,1,0.18545454545454546,0.2737086212398123,0.41100388765335083,0.006801493828321693,0.5790245539768755
03,103,1,0.18727272727272729,0.27085945143047013,0.41001537442207336,0.008229636576996798,0.8076157294455484
03,104,1,0.1890909090909091,0.28205691081280165,0.41451236605644226,0.005818706474546477,0.5157751190421783
03,105,1,0.19090909090909092,0.27630374198012586,0.415391206741333,0.004905987827691697,0.3779009684890052
03,106,1,0.19272727272727272,0.2886557040835336,0.4153953790664673,0.008679040544556217,1.0688140449673067
03,107,1,0.19454545454545455,0.29116111446200604,0.4210258722305298,0.007447680212098363,1.0306267387785362
03,108,1,0.19636363636363635,0.2930069088006943,0.42167413234710693,0.004218058792902641,0.4609033389493539
03,109,1,0.19818181818181818,0.2949360144174321,0.4255876839160919,0.0034096649126673217,0.4430534183113322
03,110,1,0.2,0.30540357192136075,0.4153231382369995,0.009219154307269368,1.1652961318998176
03,111,1,0.2018181818181818,0.3078698842329946,0.4258899688720703,0.007498499659446446,1.2016944193475152
03,112,1,0.20363636363636364,0.3079055550508997,0.4247637987136841,0.004634840364787273,0.6399601134916679
03,113,1,0.20545454545454545,0.30965383521994777,0.42655110359191895,0.0026079716715058654,0.32831872634123715
03,114,1,0.20727272727272728,0.3063642078010456,0.4340541958808899,0.005588485978429968,1.1235220927821097
03,115,1,0.20909090909090908,0.32356318865503964,0.4162116050720215,0.011370335905642832,1.5886840799352617
03,116,1,0.2109090909090909,0.31861736660302103,0.4077758491039276,0.0058229952087572485,0.29252625599003806
03,117,1,0.21272727272727274,0.3311522423481232,0.4215524196624756,0.012358110605184809,1.9471445249350794
03,118,1,0.21454545454545454,0.3169603454174385,0.42132043838500977,0.00911087117720028,1.344921714079978
03,119,1,0.21636363636363637,0.3271586056697561,0.41643226146698,0.005633326180310793,0.5456848141944939
03,120,1,0.21818181818181817,0.3167846613963074,0.411567747592926,0.010931960786452173,1.3539867325993984
03,121,1,0.22,0.3250696748128577,0.4187968373298645,0.006990356735668312,0.8727692386321434
03,122,1,0.22181818181818183,0.32490578561354255,0.4148441255092621,0.0037719219825820215,0.15208094902111113
03,123,1,0.22363636363636363,0.3243623673906614,0.40405839681625366,0.004603960348901507,-0.05428592680354387
03,124,1,0.22545454545454546,0.3228243579229969,0.410637229681015,0.004200746553520209,0.09068328539338935
03,125,1,0.22727272727272727,0.32398650917079946,0.419542521238327,0.00454851943739003,0.4505141446586854
03,126,1,0.2290909090909091,0.3299684475576728,0.4134320020675659,0.002568465126472638,-0.11521166114015818
03,127,1,0.2309090909090909,0.3256243530754003,0.4033800959587097,0.003905549608307248,-0.20470969416933082
03,128,1,0.23272727272727273,0.32577084128664163,0.40584638714790344,0.004074557818250573,-0.09174689394164244
03,129,1,0.23454545454545456,0.318947267864323,0.41112399101257324,0.011634752081480433,1.4678966144369145
03,130,1,0.23636363636363636,0.3336192281644078,0.41060394048690796,0.005867213980395922,0.39467474502688665
03,131,1,0.2381818181818182,0.3180289104126841,0.4185393452644348,0.01220599435818394,1.8190901395549988
03,132,1,0.24,0.32072121841107865,0.4141393303871155,0.008112083258672641,0.9232429469938778
03,133,1,0.24181818181818182,0.3159544146730403,0.4137086570262909,0.011119223713257952,1.4594705147265887
03,134,1,0.24363636363636362,0.31302056101245274,0.4112747311592102,0.013304864076024854,1.77867552629457
03,135,1,0.24545454545454545,0.3092662691289238,0.41821300983428955,0.011909489171565023,1.7539528430029971
03,136,1,0.24727272727272728,0.3065407904011503,0.4125417470932007,0.012444307578398458,1.6632606869276463
03,137,1,0.24909090909090909,0.3202839281475106,0.4129818081855774,0.006074766171748744,0.5117535465764163
03,138,1,0.2509090909090909,0.3130327339884806,0.4168531596660614,0.0050378142815988465,0.45065555966439724
03,139,1,0.25272727272727274,0.31590114143983444,0.4085701107978821,0.003343064656335859,-0.13508745473517708
03,140,1,0.2545454545454545,0.31841925376229563,0.4064463973045349,0.003714149591389148,-0.13777646439335822
03,141,1,0.25636363636363635,0.3140647821842878,0.4124176800251007,0.007088964323417381,0.6786729550023031
03,142,1,0.2581818181818182,0.32310433775507125,0.4192960560321808,0.0035053777381717625,0.2513380947973979
03,143,1,0.26,0.33238505326643797,0.412057489156723,0.010268192307890845,1.2487504945116703
03,144,1,0.26181818181818184,0.33735772101776346,0.42809972167015076,0.011119882102565438,1.9381897865008082
03,145,1,0.2636363636363636,0.3465655753916674,0.40623772144317627,0.015593119662602363,2.0300975645538224
03,146,1,0.26545454545454544,0.34416523375392255,0.4123656749725342,0.007116646976520068,0.6820116089015262
03,147,1,0.2672727272727273,0.3416590947587967,0.4076296389102936,0.003945218279465472,-0.05612151167822515
03,148,1,0.2690909090909091,0.33790401923395247,0.4254198372364044,0.008777369169759923,1.4201961390002544
03,149,1,0.27090909090909093,0.3445354147175418,0.4251423478126526,0.004749349547377528,0.6735138491973444
03,150,1,0.2727272727272727,0.33803891192306196,0.40929004549980164,0.008271510866166289,0.7911600999685169
03,151,1,0.27454545454545454,0.348219734529492,0.4056316912174225,0.0035561580511711626,-0.19379611857994106
03,152,1,0.27636363636363637,0.3490394914943457,0.41156724095344543,0.0033541580878698823,-0.033381921707019396
03,153,1,0.2781818181818182,0.3527291482589409,0.4194861948490143,0.003526277919655664,0.26148790306791025
03,154,1,0.28,0.3549618607289462,0.4110153913497925,0.00371055700431115,0.013515279225815927
03,155,1,0.2818181818181818,0.35543026734932304,0.41740837693214417,0.0009101528717424138,-0.28657620702437064
03,156,1,0.28363636363636363,0.3711686080235252,0.4126434326171875,0.013883933892461382,1.9302106537218782
03,157,1,0.28545454545454546,0.3648203893179409,0.415481299161911,0.006026441842009308,0.5860309989796806
03,158,1,0.2872727272727273,0.37359501973507836,0.4123162627220154,0.00823984322046303,0.8860042302625109
03,159,1,0.28909090909090907,0.37029083642478383,0.4111010432243347,0.005279346338199953,0.3035793170997727
03,160,1,0.2909090909090909,0.38263426722115795,0.4013928472995758,0.008421071672651033,0.5559074145159747
03,161,1,0.2927272727272727,0.3831183514539309,0.3973168432712555,0.00664559542426427,0.09529714477769008
03,162,1,0.29454545454545455,0.3804660991866525,0.3985450565814972,0.0037688977595367068,-0.3905253103226094
03,163,1,0.2963636363636364,0.3914356093049204,0.39271318912506104,0.008063738560114232,0.20183007141665837
03,164,1,0.29818181818181816,0.38288339500536106,0.38320374488830566,0.0057746689594792445,-0.5335074598530036
03,165,1,0.3,0.39382318996800286,0.3802696466445923,0.005606846594840505,-0.6618108541290904
03,166,1,0.3018181818181818,0.3839621899331288,0.39316967129707336,0.007434365606280276,0.1017849046280574
03,167,1,0.30363636363636365,0.38520576789472183,0.38395756483078003,0.007064810331306322,-0.27223753577984067
03,168,1,0.3054545454545455,0.3760123736669222,0.3944745361804962,0.014700744206556317,1.4755163167666814
03,169,1,0.30727272727272725,0.3801467515705374,0.39375975728034973,0.01006690348550401,0.6033768985464525
03,170,1,0.3090909090909091,0.3810426436417614,0.3828194737434387,0.005350951415890707,-0.6238616720896653
03,171,1,0.3109090909090909,0.37790277655015275,0.394148588180542,0.006943589816507835,0.04448868041469195
03,172,1,0.31272727272727274,0.3815361641821244,0.4049180746078491,0.002452251729744777,-0.419632912160988
03,173,1,0.3145454545454546,0.3847268619528878,0.41526734828948975,0.002135406489275361,-0.13345899182448706
03,174,1,0.31636363636363635,0.38241242046783774,0.4010203778743744,0.003134173287068694,-0.42441039383616264
03,175,1,0.3181818181818182,0.3836786914560893,0.40452679991722107,0.0022103465053362344,-0.47693365510215396
03,176,1,0.32,0.3849641272035096,0.3974711298942566,0.002368889484400104,-0.6825554594416646
03,177,1,0.32181818181818184,0.39258407248493404,0.39507097005844116,0.004394065041678065,-0.391605561845912
03,178,1,0.3236363636363636,0.4004676470289516,0.39188799262046814,0.010313336952684061,0.5862455482049702
03,179,1,0.32545454545454544,0.39569208396052485,0.39691200852394104,0.004404432344301755,-0.32848071664039574
03,180,1,0.32727272727272727,0.4061469215854352,0.39116597175598145,0.008475456742780258,0.2257525731179758
03,181,1,0.3290909090909091,0.40004897721068794,0.39846307039260864,0.003735706607597,-0.39932856683723367
03,182,1,0.33090909090909093,0.4019222962054037,0.3990837037563324,0.003567273295428475,-0.40952531619176386
03,183,1,0.3327272727272727,0.40346889634997346,0.39217185974121094,0.0022331427202715525,-0.8836441365085781
03,184,1,0.33454545454545453,0.40082674340262264,0.4015016257762909,0.006314511608427305,0.17385386974495237
03,185,1,0.33636363636363636,0.39351831640024815,0.3939655125141144,0.012292894065098663,1.0177562436588485
03,186,1,0.3381818181818182,0.4012140237801968,0.39994016289711,0.0059634787378793856,0.05765737679466565
03,187,1,0.34,0.40140818607760637,0.39393818378448486,0.004840433048237922,-0.347556741520854
03,188,1,0.3418181818181818,0.40294469179385084,0.40456482768058777,0.002708106187388993,-0.3845386312034563
03,189,1,0.34363636363636363,0.40225512632831895,0.4015825092792511,0.0027334795833270004,-0.47907519100186846
03,190,1,0.34545454545454546,0.4069951842602041,0.40432238578796387,0.0013002005905722392,-0.6503622234958424
03,191,1,0.3472727272727273,0.4040693984411463,0.40980273485183716,0.003575880847023637,-0.05147027221633335
03,192,1,0.3490909090909091,0.4104971619618412,0.411286324262619,0.00218657958278627,-0.25648572950482773
03,193,1,0.3509090909090909,0.4210675469839063,0.40635719895362854,0.010868847062853777,1.1691463674249256
03,194,1,0.3527272727272727,0.4332299561512118,0.41239282488822937,0.01832815106626244,2.7355280663780284
03,195,1,0.35454545454545455,0.433965157020863,0.41774848103523254,0.012985954962971061,1.9355846161027148
03,196,1,0.3563636363636364,0.43133088911687906,0.4231109023094177,0.007209808187311874,1.0564180220493564
03,197,1,0.35818181818181816,0.42832344002383926,0.4133193790912628,0.00605179024897722,0.518773571913172
03,198,1,0.36,0.4333345885939202,0.40487590432167053,0.00427893200785846,-0.08660487665174688
03,199,1,0.3618181818181818,0.4320760217336584,0.41818681359291077,0.0040854771140315,0.3206535791620793
03,200,1,0.36363636363636365,0.43448329191914015,0.42528560757637024,0.0019154004229603645,0.1594359098169269
03,201,1,0.3654545454545455,0.4249888047234924,0.3987155258655548,0.011310013017322,0.9957789598629794
03,202,1,0.36727272727272725,0.43286510031351705,0.3927946984767914,0.005689309962587966,-0.23017199616178813
03,203,1,0.3690909090909091,0.42854714046872827,0.396844744682312,0.00688202138024659,0.1228818267276297
03,204,1,0.3709090909090909,0.42874552576838026,0.39218100905418396,0.005720040761014069,-0.24495503042850986
03,205,1,0.37272727272727274,0.42746362316431114,0.39781489968299866,0.005567501827393228,-0.08551763220707659
03,206,1,0.37454545454545457,0.430857959424428,0.4014686644077301,0.0036401418729045077,-0.3168686393852348
03,207,1,0.37636363636363634,0.42863632717074823,0.39684781432151794,0.004511717208888559,-0.3109737795155777
03,208,1,0.3781818181818182,0.4277758258064531,0.41467514634132385,0.005394515248688643,0.4435272875697934
03,209,1,0.38,0.4309049076992699,0.40917131304740906,0.0027386528771635122,-0.22574979804008158
03,210,1,0.38181818181818183,0.4276457696930235,0.4022543132305145,0.0061424675053762135,0.16738773102388046
03,211,1,0.3836363636363636,0.42898350152346193,0.4020129144191742,0.004001688242086661,-0.2325764261729774
03,212,1,0.38545454545454544,0.4254460824579566,0.39713066816329956,0.007625900895770367,0.2685809028202809
03,213,1,0.38727272727272727,0.4323828451402381,0.4028048813343048,0.0027280662219886626,-0.43941426376816317
03,214,1,0.3890909090909091,0.4272029640695266,0.3931354880332947,0.00565606780731827,-0.22492448151160782
03,215,1,0.39090909090909093,0.43440955225823646,0.4050346612930298,0.00302822146868916,-0.31030650441403984
03,216,1,0.3927272727272727,0.4352052122366404,0.41250523924827576,0.0026869412831128725,-0.12434196148953774
03,217,1,0.39454545454545453,0.4375674990583486,0.40912941098213196,0.0019449517077118534,-0.3724549360007373
03,218,1,0.39636363636363636,0.4306663139771442,0.4162074029445648,0.0071744751017186765,0.8203618788452576
03,219,1,0.3981818181818182,0.4381802843187633,0.4434669017791748,0.003434430973178549,1.0421906700293802
03,220,1,0.4,0.43228553902770106,0.39897969365119934,0.0073637705431979245,0.2820822225664465
03,221,1,0.4018181818181818,0.4418775498576309,0.40742558240890503,0.004198718927865478,-0.016496593347377318
03,222,1,0.4036363636363636,0.4341504051776556,0.39902937412261963,0.005846498790829159,0.00595077749389783
03,223,1,0.40545454545454546,0.4430577854937437,0.411070853471756,0.004254368927394383,0.1149214026521236
03,224,1,0.4072727272727273,0.43897656504067095,0.40972480177879333,0.003826024083924466,-0.008265588307938276
03,225,1,0.4090909090909091,0.4478076662616803,0.3991859555244446,0.004478135232595335,-0.2393632365235962
03,226,1,0.4109090909090909,0.4453372313167135,0.4121990203857422,0.0035857239496393883,0.030024264476810822
03,227,1,0.4127272727272727,0.45210203661668336,0.40014970302581787,0.004062742415306365,-0.2833627526357756
03,228,1,0.41454545454545455,0.4533208119107988,0.41000789403915405,0.0032599637162641403,-0.10248579180421895
03,229,1,0.4163636363636364,0.45827023992932503,0.4060489237308502,0.004383821229681185,-0.02839094472641757
03,230,1,0.41818181818181815,0.4596923236409133,0.42699459195137024,0.003328116103199057,0.4749124406825014
03,231,1,0.42,0.46048163373951817,0.40862491726875305,0.0014371358914190995,-0.48220414631137076
03,232,1,0.4218181818181818,0.47071330328302985,0.4211476743221283,0.008527568804716125,1.2323845684380694
03,233,1,0.42363636363636364,0.4745904206545026,0.41721034049987793,0.008056563333131107,1.015209839596798
03,234,1,0.4254545454545455,0.4765717611224661,0.4250442683696747,0.005957858619800261,0.8915071215033228
03,235,1,0.42727272727272725,0.4793316352533365,0.4291996359825134,0.004497873380282442,0.7624051875902979
03,236,1,0.4290909090909091,0.4805578985716163,0.4293363094329834,0.0012474010956027336,0.17185072672202606
03,237,1,0.4309090909090909,0.48150199685938455,0.413285493850708,0.0005656165781717713,-0.4867675789492044
03,238,1,0.43272727272727274,0.48060179579316903,0.4230608344078064,0.0031335093317066977,0.30846000132166024
03,239,1,0.43454545454545457,0.48722086181380725,0.41838106513023376,0.0024780480212557698,0.03282398742695586
03,240,1,0.43636363636363634,0.49348240148663475,0.41813457012176514,0.006767281053965608,0.8099035216562543
03,241,1,0.4381818181818182,0.5041940244215231,0.4211339056491852,0.014247778260099304,2.2791884181892996
03,242,1,0.44,0.5063751733016615,0.4196999967098236,0.010755920249703106,1.5922084904170077
03,243,1,0.44181818181818183,0.512197341413629,0.444229394197464,0.01013474398454754,2.294248723656962
03,244,1,0.44363636363636366,0.5195311190762687,0.46211645007133484,0.011224401747231756,3.0886080945157515
03,245,1,0.44545454545454544,0.5221736341220298,0.4539095163345337,0.0073547373955843275,2.107210820710055
03,246,1,0.44727272727272727,0.5248310015079094,0.4797913134098053,0.005517202356337276,2.6315351479482536
03,247,1,0.4490909090909091,0.5265770025529662,0.4665483832359314,0.0026492463498321416,1.6660512366071547
03,248,1,0.4509090909090909,0.5281738653966506,0.47216078639030457,0.0007280198463743441,1.5009609187259667
03,249,1,0.4527272727272727,0.5280879012164262,0.48584991693496704,0.0015954568516376322,2.1150269156341994
03,250,1,0.45454545454545453,0.529142075638076,0.5077434182167053,0.0020198492035869587,2.9208298099909165
03,251,1,0.45636363636363636,0.5291145385943505,0.49159714579582214,0.0031251547798541042,2.5862191959877814
03,252,1,0.4581818181818182,0.5316845152971266,0.4828695058822632,0.0016256540041771862,2.0214369261313023
03,253,1,0.46,0.5328822062088543,0.46951910853385925,0.0010555745887973517,1.4730765929126066
03,254,1,0.4618181818181818,0.5336494049453031,0.4805837571620941,0.0013009111624736214,1.8859663109134168
03,255,1,0.4636363636363636,0.5336373946046225,0.4785318672657013,0.002439753829961049,2.0262277786324576
03,256,1,0.46545454545454545,0.5352915760935184,0.471646785736084,0.0019162863436330713,1.7014160098367015
03,257,1,0.4672727272727273,0.5365932288604358,0.4590910077095032,0.0015163987758136255,1.2106409567403522
03,258,1,0.4690909090909091,0.5375567592856274,0.4477279782295227,0.001480624013517411,0.8261948774367491
03,259,1,0.4709090909090909,0.5381116816650501,0.44544708728790283,0.0019025402191758124,0.8275849115255367
03,260,1,0.4727272727272727,0.5393330242157477,0.4423024356365204,0.0017997694335851067,0.7041889233974796
03,261,1,0.47454545454545455,0.5404102826542425,0.42858096957206726,0.0017328730256476067,0.23561133977259896
03,262,1,0.4763636363636364,0.5421086654888401,0.43276333808898926,0.0009890486221655293,0.23852281807923914
03,263,1,0.4781818181818182,0.5428501200856473,0.4284283220767975,0.0013852755934977024,0.1668963035465595
03,264,1,0.48,0.5459129756853576,0.41889360547065735,0.0005985804047982736,-0.2942254709168206
03,265,1,0.4818181818181818,0.546048440008762,0.4197077751159668,0.0010165531429347664,-0.19062603554611224
03,266,1,0.48363636363636364,0.5495640739499483,0.43628185987472534,0.0010895414596217411,0.3739354288162189
03,267,1,0.48545454545454547,0.5498044884978807,0.4396648406982422,0.000795725950589196,0.4326500278859906
03,268,1,0.48727272727272725,0.5539955709910007,0.4347492754459381,0.0019185942823387158,0.4747506224820221
03,269,1,0.4890909090909091,0.5563520424634523,0.42789551615715027,0.002254416928379478,0.3083002358962292
03,270,1,0.4909090909090909,0.5614062251734854,0.4297694265842438,0.004732699024740007,0.8243466366796385
03,271,1,0.49272727272727274,0.5670807150872209,0.4001079201698303,0.007446651132591282,0.334777129842428
03,272,1,0.49454545454545457,0.5742175343310694,0.4138679504394531,0.010264413729104678,1.3082686024503494
03,273,1,0.49636363636363634,0.5801932307407447,0.41045108437538147,0.01118461930376284,1.3631072221221934
03,274,1,0.49818181818181817,0.5915389633181436,0.40344300866127014,0.01657005481183864,2.1160130319973134
03,275,1,0.5,0.5967318645355115,0.403991162776947,0.01422977149304201,1.7057813625946843
03,276,1,0.5018181818181818,0.6087853959230578,0.4036894738674164,0.018870515518515638,2.545380321200129
03,277,1,0.5036363636363637,0.6148465189073409,0.41252681612968445,0.016289673104801602,2.3667775543708904
03,278,1,0.5054545454545455,0.6256840489426324,0.4055326282978058,0.018463881098444088,2.532230437920907
03,279,1,0.5072727272727273,0.6248401254151563,0.39926812052726746,0.010354544363218813,0.8392282417896274
03,280,1,0.509090909090909,0.6296542398242901,0.4127432405948639,0.0068707353540684146,0.6495464308527497
03,281,1,0.5109090909090909,0.6315393850896222,0.40448451042175293,0.0035386696440923415,-0.23514931471522055
03,282,1,0.5127272727272727,0.6319663059013145,0.4127214252948761,0.0012240270289597794,-0.38498416146916226
03,283,1,0.5145454545454545,0.634982002264561,0.4024362564086914,0.0012375060337903709,-0.7245667686295952
03,284,1,0.5163636363636364,0.6398213150533703,0.4002266526222229,0.003541349610248419,-0.37626078979221356
03,285,1,0.5181818181818182,0.6417157810317097,0.4087243676185608,0.0028940467813178116,-0.21216403626526648
03,286,1,0.52,0.6433718854810178,0.4128988981246948,0.0020268964550849465,-0.2320918590547745
03,287,1,0.5218181818181818,0.6408410820375536,0.40221837162971497,0.0033761460932859185,-0.3402684968984431
03,288,1,0.5236363636363637,0.646773561113952,0.3938745856285095,0.0011093623026480642,-1.0327600207179102
03,289,1,0.5254545454545455,0.6451383468594112,0.40571337938308716,0.002732552271480785,-0.34186602472128824
03,290,1,0.5272727272727272,0.646348696160586,0.4022752046585083,0.0021341226431837836,-0.565769333409861
03,291,1,0.5290909090909091,0.6453360406150854,0.4036056101322174,0.0036838631009651498,-0.23779643679213985
03,292,1,0.5309090909090909,0.6475244309937986,0.4046410918235779,0.002864511121356518,-0.3533675666147152
03,293,1,0.5327272727272727,0.649574811494955,0.3985343277454376,0.0013544357220482257,-0.8329242746819856
03,294,1,0.5345454545454545,0.6484378244224579,0.40952470898628235,0.0030026525668232374,-0.16566369872769937
03,295,1,0.5363636363636364,0.6518929622866257,0.4055458903312683,0.0009484692655723172,-0.6740678775870751
03,296,1,0.5381818181818182,0.6520012630608594,0.40924230217933655,0.0016846528617056084,-0.4163563287028134
03,297,1,0.54,0.646882305268782,0.40919068455696106,0.007838892220617387,0.7086514264627992
03,298,1,0.5418181818181819,0.6513037182066505,0.41003918647766113,0.00410616276050493,0.053477869585669816
03,299,1,0.5436363636363636,0.6473523434860246,0.4019228219985962,0.00741220089287971,0.38882751671120286
03,300,1,0.5454545454545454,0.6488382395542434,0.405952125787735,0.004791150124510606,0.042964066332750156
03,301,1,0.5472727272727272,0.6463812589145761,0.4064650237560272,0.0064573748875238635,0.3650754591700596
03,302,1,0.5490909090909091,0.6497380588119496,0.4026833772659302,0.0038048169156506785,-0.24632247388972428
03,303,1,0.5509090909090909,0.6507927866324639,0.39633575081825256,0.002037141722083334,-0.7810510913569402
03,304,1,0.5527272727272727,0.6418512891316983,0.4145922362804413,0.011330779019784786,1.5275871690334886
03,305,1,0.5545454545454546,0.6451012527020392,0.40465447306632996,0.007110163194343096,0.4243757372344022
03,306,1,0.5563636363636364,0.6431785466539919,0.4206489324569702,0.007936782338720737,1.1076362946687388
03,307,1,0.5581818181818182,0.643695210090706,0.40750759840011597,0.005780240862517232,0.275777624657487
03,308,1,0.56,0.6442324356678093,0.39351609349250793,0.0034686211499744147,-0.6127467684709267
03,309,1,0.5618181818181818,0.6451909419180022,0.39414045214653015,0.00310540153380927,-0.6584813012471917
03,310,1,0.5636363636363636,0.6472172396964464,0.3938289284706116,0.0012657785139429346,-1.0056415866243211
03,311,1,0.5654545454545454,0.6477118085162958,0.40619316697120667,0.0016166305001199966,-0.530213982307748
03,312,1,0.5672727272727273,0.6524155499589654,0.40186968445777893,0.0020829613361521403,-0.5886222445376107
03,313,1,0.5690909090909091,0.6503198424357173,0.4000946879386902,0.0020585247598850654,-0.6521265721255842
03,314,1,0.5709090909090909,0.6551641349318618,0.3963979482650757,0.0018270429896524404,-0.81744770112423
03,315,1,0.5727272727272728,0.6522241251526637,0.4054854214191437,0.0034231909812212514,-0.2230043094723087
03,316,1,0.5745454545454546,0.658734711256987,0.40971463918685913,0.0021953210535392087,-0.3071543271940995
03,317,1,0.5763636363636364,0.6562734138186215,0.4082174003124237,0.002408623262569774,-0.31789590545760105
03,318,1,0.5781818181818181,0.6655166874228267,0.4061577320098877,0.005673108959618296,0.21127176061650793
03,319,1,0.58,0.6626528538322347,0.396587610244751,0.0030895684924971494,-0.5799957274939583
03,320,1,0.5818181818181818,0.6707769036528277,0.40036648511886597,0.005738004896985378,0.030555450139662543
03,321,1,0.5836363636363636,0.6689544616630324,0.3981126546859741,0.0034929344215645724,-0.4554292006837489
03,322,1,0.5854545454545454,0.6736586587218985,0.4028976261615753,0.0026958652407277866,-0.4422252689645967
03,323,1,0.5872727272727273,0.6685234585495581,0.41511771082878113,0.004731743091115114,0.3369045049866801
03,324,1,0.5890909090909091,0.6712246562099526,0.39246806502342224,0.003999899005613702,-0.5503338054058546
03,325,1,0.5909090909090909,0.6682161431824801,0.40521904826164246,0.006618647776805141,0.3531644808808653
03,326,1,0.5927272727272728,0.6679512596853276,0.40267905592918396,0.0066989516538195504,0.28339493663350807
03,327,1,0.5945454545454546,0.6761118099731772,0.4097450375556946,0.0029915608154653544,-0.16036699566074722
03,328,1,0.5963636363636363,0.6743004944785513,0.3940161466598511,0.00279226582883052,-0.7199444889815632
03,329,1,0.5981818181818181,0.6827186732029195,0.39409759640693665,0.006829264199860503,0.021862014504469007
03,330,1,0.6,0.6776280334623337,0.40460458397865295,0.00332980919579822,-0.26939445209471324
03,331,1,0.6018181818181818,0.6834223719714485,0.4099917709827423,0.002834080504033633,-0.18099312131925882
03,332,1,0.6036363636363636,0.6825214973068207,0.40404483675956726,0.0027042328737357595,-0.4025409222728697
03,333,1,0.6054545454545455,0.6850333424988786,0.39138275384902954,0.0023467750359383783,-0.8890832426579991
03,334,1,0.6072727272727273,0.6890373794135737,0.3898322582244873,0.002641585930528446,-0.886673269676193
03,335,1,0.6090909090909091,0.6890180524663169,0.38970452547073364,0.0012262278948307337,-1.1500464192938895
03,336,1,0.610909090909091,0.6926360252820203,0.40382322669029236,0.001988975187447962,-0.5408610356153768
03,337,1,0.6127272727272727,0.6976808057357546,0.3958388864994049,0.00450512364738241,-0.34573450423870966
03,338,1,0.6145454545454545,0.6928247148098535,0.3979599177837372,0.003512833087737714,-0.4568656518085742
03,339,1,0.6163636363636363,0.6914509719869446,0.3909651041030884,0.005833409759716595,-0.26463625578796085
03,340,1,0.6181818181818182,0.6937282009636989,0.40001389384269714,0.004454128716861401,-0.21622391124186607
03,341,1,0.62,0.6962797149751341,0.39477866888046265,0.0030293797680111096,-0.6511744867960374
03,342,1,0.6218181818181818,0.6934075884045654,0.40102097392082214,0.004407794452517254,-0.19121471635892495
03,343,1,0.6236363636363637,0.7021822694948034,0.3965156674385071,0.004221168239042823,-0.3752138753663432
03,344,1,0.6254545454545455,0.7009084133133756,0.4073091447353363,0.0019826523407833275,-0.426088640178424
03,345,1,0.6272727272727273,0.7003056126891927,0.4004717767238617,0.0030356888693605483,-0.4606856624652874
03,346,1,0.6290909090909091,0.6996175249854837,0.3997388184070587,0.0038279281631754688,-0.34001743387698036
03,347,1,0.6309090909090909,0.6954047402219206,0.39457347989082336,0.009593197071968167,0.5437119434020502
03,348,1,0.6327272727272727,0.689378904674575,0.3939177989959717,0.013924650301093038,1.314913038424435
03,349,1,0.6345454545454545,0.6977860358792191,0.3966401219367981,0.005989811104435856,-0.04727000457189773
03,350,1,0.6363636363636364,0.6874812524618037,0.4161384105682373,0.012310031151670746,1.758290234156751
03,351,1,0.6381818181818182,0.6888476991459203,0.43667685985565186,0.007909516336634186,1.6356797274252797
03,352,1,0.64,0.6885117631740862,0.40170222520828247,0.006606192039468122,0.23392628590455197
03,353,1,0.6418181818181818,0.6938275486431278,0.4086131751537323,0.004301208161281136,0.041762606723632585
03,354,1,0.6436363636363637,0.7039120321447234,0.3912687599658966,0.010000484115314052,0.5083745239802184
03,355,1,0.6454545454545455,0.6951401456904783,0.3956129252910614,0.0036465992139520904,-0.5104287433308367
03,356,1,0.6472727272727272,0.691002668213194,0.4030663073062897,0.008589686373084814,0.6424312541402056
03,357,1,0.649090909090909,0.6980215740538895,0.41119563579559326,0.004854063277879012,0.22886389590889028
03,358,1,0.6509090909090909,0.7015847244493918,0.4035396873950958,0.004880376836851311,-0.020929858258188536
03,359,1,0.6527272727272727,0.7036495911406966,0.38307005167007446,0.002967830865783295,-1.051832415177477
03,360,1,0.6545454545454545,0.701767936291652,0.39450913667678833,0.0030282336465049437,-0.6603480605401563
03,361,1,0.6563636363636364,0.7068048369435147,0.38368093967437744,0.0014245682542932364,-1.3140584054107523
03,362,1,0.6581818181818182,0.7165092569152058,0.3959196209907532,0.008813002535717191,0.4456412921271496
03,363,1,0.66,0.7177240933132386,0.3944050073623657,0.006538184052915039,-0.021205772681052726
03,364,1,0.6618181818181819,0.7243838904185587,0.3982488811016083,0.009437877379480998,0.6375074222374659
03,365,1,0.6636363636363637,0.7260396411941392,0.39560407400131226,0.005460660670179588,-0.17860289602236218
03,366,1,0.6654545454545454,0.7418256682715284,0.39053332805633545,0.01641696563806795,1.6586524617837664
03,367,1,0.6672727272727272,0.7373329868015279,0.3807235360145569,0.008690418498622041,-0.08217253781513967
03,368,1,0.6690909090909091,0.7526481851138676,0.3853268027305603,0.01600815626925413,1.4106555891677999
03,369,1,0.6709090909090909,0.7576977905062602,0.39804330468177795,0.013991687987819535,1.4643869029665857
03,370,1,0.6727272727272727,0.7499737189118669,0.3946739137172699,0.006099037267497902,-0.09266228461993087
03,371,1,0.6745454545454546,0.7572385570539314,0.4033266007900238,0.005759817476683221,0.13299247759201474
03,372,1,0.6763636363636364,0.759103112779389,0.3917810916900635,0.0024812177828523025,-0.851221942322862
03,373,1,0.6781818181818182,0.7499411692160899,0.3902418911457062,0.010306607769946867,0.5302697267562348
03,374,1,0.68,0.7653305416684368,0.4358980357646942,0.007021920004942657,1.4472766032058382
03,375,1,0.6818181818181818,0.7562384113972946,0.4097783863544464,0.007360244176674444,0.6405650554482357
03,376,1,0.6836363636363636,0.756832898353867,0.4094381630420685,0.005964067849594091,0.3736369863993282
03,377,1,0.6854545454545454,0.7531516103520132,0.4134064316749573,0.008178626980083802,0.9110520762740488
03,378,1,0.6872727272727273,0.762346998272485,0.4030621647834778,0.005101508092923016,0.0036742696429033495
03,379,1,0.6890909090909091,0.7552300825472863,0.41037940979003906,0.006156879219803528,0.44023981002304485
03,380,1,0.6909090909090909,0.7608049610672138,0.4046623706817627,0.003548447366398108,-0.22744416133438533
03,381,1,0.6927272727272727,0.7542422165628934,0.40345388650894165,0.007885678670031081,0.5264303991793396
03,382,1,0.6945454545454546,0.7596095274906739,0.4177205264568329,0.00462577832422589,0.40406532041958904
03,383,1,0.6963636363636364,0.7581394478776537,0.4053143560886383,0.0038275540006482184,-0.15466217908674784
03,384,1,0.6981818181818182,0.7618321178395371,0.4034782350063324,0.002857102463970132,-0.3933966840591927
03,385,1,0.7,0.7662563086336681,0.38909560441970825,0.0035559990178037197,-0.7437602386294047
03,386,1,0.7018181818181818,0.7691440317152698,0.3924351930618286,0.0034401990817117104,-0.6538974468732885
03,387,1,0.7036363636363636,0.7710341798788533,0.3996102511882782,0.0029467211891461963,-0.5056254167872238
03,388,1,0.7054545454545454,0.7631269341162066,0.39629796147346497,0.008184207573800355,0.3431032131503082
03,389,1,0.7072727272727273,0.7622173392634735,0.3860127031803131,0.00941750649570085,0.2268435004459548
03,390,1,0.7090909090909091,0.7627651995998488,0.39830148220062256,0.007859903816776858,0.35035975846798273
03,391,1,0.7109090909090909,0.7676850553560589,0.3975019156932831,0.003992436652204346,-0.3842909641648883
03,392,1,0.7127272727272728,0.7732776080259441,0.4106547236442566,0.0050844937688723345,0.25306241284999226
03,393,1,0.7145454545454546,0.7695199939617074,0.40208932757377625,0.002297238260400252,-0.5420876116117233
03,394,1,0.7163636363636363,0.7734785027231155,0.40074875950813293,0.00251940183473506,-0.5459964944227713
03,395,1,0.7181818181818181,0.7713944075857638,0.40304794907569885,0.003840364604117534,-0.22768992657292408
03,396,1,0.72,0.7828655615482683,0.392600417137146,0.006703451300960657,-0.05096311947445448
03,397,1,0.7218181818181818,0.7823533576461413,0.3932762145996094,0.004899257403951144,-0.3588020024233496
03,398,1,0.7236363636363636,0.7752236320253533,0.39517468214035034,0.006543807523643823,0.005420589873934956
03,399,1,0.7254545454545455,0.7902551167380288,0.39729443192481995,0.008051394863472295,0.35192700567428276
03,400,1,0.7272727272727273,0.7783350807357684,0.4070322811603546,0.008583818426854394,0.7732519856745916
03,401,1,0.7290909090909091,0.7974538737324994,0.39978358149528503,0.011667594773001595,1.096765352577105
03,402,1,0.730909090909091,0.7880338156282645,0.3978779911994934,0.007688672992716675,0.30492674957566107
03,403,1,0.7327272727272728,0.798143942156674,0.3999292552471161,0.00673274693204148,0.1981330261477101
03,404,1,0.7345454545454545,0.7915813212422143,0.38851282000541687,0.006458333446650153,-0.2317793698810489
03,405,1,0.7363636363636363,0.794045729075463,0.39170753955841064,0.004844566189308638,-0.4209838168087796
03,406,1,0.7381818181818182,0.7885567035317547,0.3930574655532837,0.008638980667074124,0.3185954637621916
03,407,1,0.74,0.8047812754742802,0.40040627121925354,0.007531788379315655,0.3602863025274257
03,408,1,0.7418181818181818,0.7985009974806992,0.3972160816192627,0.0038233485093086077,-0.42475367929694974
03,409,1,0.7436363636363637,0.8032404335592349,0.38196298480033875,0.004992988822303365,-0.71788178778709
03,410,1,0.7454545454545455,0.8013096955831996,0.38700249791145325,0.004685549388650087,-0.6065707408221359
03,411,1,0.7472727272727273,0.8069338027234202,0.3894742727279663,0.0030505421398617305,-0.823706553692393
03,412,1,0.7490909090909091,0.8074230358476853,0.3933180570602417,0.001741989370054078,-0.9354462964255419
03,413,1,0.7509090909090909,0.8086275743726963,0.3995082378387451,0.0014558998197069912,-0.7819591286357828
03,414,1,0.7527272727272727,0.8098571806140268,0.39049798250198364,0.0013389854677721058,-1.10301491833311
03,415,1,0.7545454545454545,0.8109556509154694,0.3873884975910187,0.0014992296471626077,-1.177088331560212
03,416,1,0.7563636363636363,0.8147497447648411,0.40315964818000793,0.0012894021541967737,-0.6910079806135948
03,417,1,0.7581818181818182,0.813945249073261,0.40685904026031494,0.0013467707666722107,-0.5574754549763147
03,418,1,0.76,0.8114014392392668,0.4074677526950836,0.005219999275807673,0.17188289160448708
03,419,1,0.7618181818181818,0.8184547693307364,0.40214282274246216,0.002141443180309193,-0.5688316623204073
03,420,1,0.7636363636363637,0.8197729934977909,0.40815138816833496,0.0019644564457624025,-0.40140976023538777
03,421,1,0.7654545454545455,0.8235603388840301,0.41316649317741394,0.003422243925591496,0.032269088807958646
03,422,1,0.7672727272727272,0.8198717029985401,0.39266204833984375,0.0035097105536875868,-0.6336267673883873
03,423,1,0.769090909090909,0.8280701633899165,0.4135071337223053,0.003410730038967231,0.04148968129504252
03,424,1,0.7709090909090909,0.8330582307181111,0.3973677158355713,0.005994948852366884,-0.022132038100579843
03,425,1,0.7727272727272727,0.8332840784090682,0.42362573742866516,0.003635459827400299,0.41914439454182084
03,426,1,0.7745454545454545,0.8354503578006246,0.41533729434013367,0.0031365610765539914,0.05215957758341319
03,427,1,0.7763636363636364,0.8318395086214725,0.41019827127456665,0.0048706811311324694,0.1987372973102952
03,428,1,0.7781818181818182,0.831111829990453,0.4098307192325592,0.006540696070041001,0.49226177341088273
03,429,1,0.78,0.837292258885689,0.4021289646625519,0.0031435672687117728,-0.3858226410773345
03,430,1,0.7818181818181819,0.8410789839559295,0.40765607357025146,0.0034922856190823053,-0.13816575412867532
03,431,1,0.7836363636363637,0.844980640849477,0.41027888655662537,0.0054055133129161225,0.29933591066469883
03,432,1,0.7854545454545454,0.8493428125796209,0.4004098176956177,0.006482401986058857,0.1682815210820563
03,433,1,0.7872727272727272,0.849161069515733,0.4003482758998871,0.0026826812414579336,-0.5294218819022617
03,434,1,0.7890909090909091,0.848163446818557,0.4103178381919861,0.002368557772581789,-0.2553775891590393
03,435,1,0.7909090909090909,0.8479862106254061,0.4143778085708618,0.004170263988615712,0.20950166404821696
03,436,1,0.7927272727272727,0.8498245419705405,0.4120602011680603,0.0031535943253958544,-0.05370712891347157
03,437,1,0.7945454545454546,0.8502056371099006,0.40724748373031616,0.0028226622958334325,-0.27434940451399
03,438,1,0.7963636363636364,0.8550888620459374,0.41352805495262146,0.001799420741661435,-0.25281468918048655
03,439,1,0.7981818181818182,0.8561126392012157,0.4166552424430847,0.0014288519470905025,-0.21665899120486354
03,440,1,0.8,0.8605086333416165,0.3974338471889496,0.0034562310865431226,-0.48472375412122426
03,441,1,0.8018181818181818,0.861605320758922,0.4080906808376312,0.002182448387061835,-0.3635184974973422
03,442,1,0.8036363636363636,0.8577201979464707,0.40663570165634155,0.004853148063627093,0.07704816165633628
03,443,1,0.8054545454545454,0.859681014988828,0.4117470979690552,0.0036816770829468065,0.032562031638093514
03,444,1,0.8072727272727273,0.8650898637877619,0.4130251705646515,0.0028759781605799234,-0.07244171957388196
03,445,1,0.8090909090909091,0.861653774052864,0.40073835849761963,0.003614807490806492,-0.3457944185647601
03,446,1,0.8109090909090909,0.8679464444139484,0.41135966777801514,0.002935252102969073,-0.11697884473738425
03,447,1,0.8127272727272727,0.8744815654545857,0.3979400098323822,0.006644308970560215,0.1157860575116651
03,448,1,0.8145454545454546,0.8782697815702855,0.4018278121948242,0.00673238746982059,0.261206876927703
03,449,1,0.8163636363636364,0.8723703502435021,0.4043409824371338,0.004424725659372816,-0.07770254187837222
03,450,1,0.8181818181818182,0.8740416304765484,0.4046141505241394,0.003469887117206903,-0.24343069280114965
03,451,1,0.82,0.8729467726645914,0.40540486574172974,0.006088541444813843,0.2622917444857911
03,452,1,0.8218181818181818,0.8782271830444325,0.3984661400318146,0.002992452133992165,-0.5353022638957037
03,453,1,0.8236363636363636,0.875874382856616,0.3853890597820282,0.00276658342382745,-1.0115545384100675
03,454,1,0.8254545454545454,0.8739790975683902,0.405617356300354,0.005537876865331736,0.16854224076950997
03,455,1,0.8272727272727273,0.8755671880771757,0.407697468996048,0.0039341531295066946,-0.055891528508205
03,456,1,0.8290909090909091,0.8768900167624583,0.3961719572544098,0.0032664282973702153,-0.5614392848752833
03,457,1,0.8309090909090909,0.8749469907375034,0.4025386869907379,0.0048751627518315455,-0.05517438759575537
03,458,1,0.8327272727272728,0.8802957286235049,0.3880162537097931,0.00112511240567102,-1.2247050243084692
03,459,1,0.8345454545454546,0.8761860385017335,0.4073689579963684,0.004983424721601947,0.1252850006018616
03,460,1,0.8363636363636363,0.8800519859781405,0.39409923553466797,0.0023620754713165526,-0.7959409176333749
03,461,1,0.8381818181818181,0.8831882287637767,0.39113563299179077,0.0021739998641502776,-0.9289335105206791
03,462,1,0.84,0.8796940450927614,0.3900097906589508,0.004480932547202375,-0.5440196895362797
03,463,1,0.8418181818181818,0.8838215160580022,0.3871268033981323,0.0018400327868555724,-1.123396821628054
03,464,1,0.8436363636363636,0.8927932348203401,0.39618396759033203,0.006859808673995061,0.09683986334182382
03,465,1,0.8454545454545455,0.88622331139289,0.39068740606307983,0.003613370810164341,-0.6803185478278851
03,466,1,0.8472727272727273,0.8921544234808919,0.3779677450656891,0.004294113005712665,-0.9787010077469743
03,467,1,0.8490909090909091,0.8911126347684056,0.3900544345378876,0.0028768112779499837,-0.8362191325022499
03,468,1,0.850909090909091,0.889339631654401,0.39061543345451355,0.0054757516344057944,-0.34174554579872585
03,469,1,0.8527272727272728,0.8913000638062418,0.3906710147857666,0.002783238332365624,-0.832845163094888
03,470,1,0.8545454545454545,0.8904561323432367,0.39107099175453186,0.0047650382574232365,-0.4567133246672426
03,471,1,0.8563636363636363,0.8936026093722583,0.3840649724006653,0.0019183305238636662,-1.2108882626916415
03,472,1,0.8581818181818182,0.8903883775705501,0.38144469261169434,0.005030713896659227,-0.7282117096175493
03,473,1,0.86,0.8930333697801507,0.384393572807312,0.003121507836261246,-0.9796811880493717
03,474,1,0.8618181818181818,0.8885766010302398,0.37993377447128296,0.0075380034094840054,-0.3194226919114984
03,475,1,0.8636363636363636,0.8960290603791813,0.38639819622039795,0.002766646572539741,-0.9779824704060852
03,476,1,0.8654545454545455,0.8904914999564202,0.3976258933544159,0.005759834406785168,-0.0565909075319051
03,477,1,0.8672727272727273,0.9036035921311723,0.401251882314682,0.00732647717149938,0.3508199183913333
03,478,1,0.8690909090909091,0.9001578511729583,0.39461228251457214,0.004292241446288406,-0.42550194433368704
03,479,1,0.8709090909090909,0.9058609494255307,0.3972308337688446,0.004615080564513565,-0.2793119642652032
03,480,1,0.8727272727272727,0.9023932285707608,0.38710179924964905,0.004435005342564877,-0.6491381681695471
03,481,1,0.8745454545454545,0.9048449976003585,0.40142327547073364,0.0027803779780857752,-0.4757845698264225
03,482,1,0.8763636363636363,0.9076633484277008,0.39479342103004456,0.0017500993649437351,-0.8848958335118478
03,483,1,0.8781818181818182,0.9061369221722771,0.39919260144233704,0.0032981910069854337,-0.45516760128652495
03,484,1,0.88,0.9068858700379968,0.38941410183906555,0.002618236327952371,-0.9048546230279362
03,485,1,0.8818181818181818,0.9070847355963948,0.3960748016834259,0.0035425311363633956,-0.5141211667457899
03,486,1,0.8836363636363637,0.9093273229540311,0.3962045907974243,0.0021322755219193535,-0.7679958428975404
03,487,1,0.8854545454545455,0.9055063773729765,0.3961060345172882,0.006096817490373373,-0.045441130208048075
03,488,1,0.8872727272727273,0.9070357151238799,0.41154125332832336,0.00440984353964473,0.15902978012420182
03,489,1,0.889090909090909,0.9087379516178012,0.3912276029586792,0.002747290129519876,-0.8209163333261735
03,490,1,0.8909090909090909,0.9113272506378871,0.39179176092147827,0.001826548594151941,-0.9707246185093081
03,491,1,0.8927272727272727,0.9086280771763121,0.39424529671669006,0.0037682286849989462,-0.5336434538742245
03,492,1,0.8945454545454545,0.9093142478300346,0.412855863571167,0.0038624829821104086,0.10253799889521797
03,493,1,0.8963636363636364,0.9145336134741531,0.4217336177825928,0.0022285121816053694,0.0986334139656399
03,494,1,0.8981818181818182,0.9155289936660278,0.4105536937713623,0.001979634776423378,-0.31873823719203626
03,495,1,0.9,0.9170146591087246,0.39533814787864685,0.0013322776641886019,-0.9432752591433644
03,496,1,0.9018181818181819,0.9210909333869824,0.3842037320137024,0.0027485726940725663,-1.0542720027820147
03,497,1,0.9036363636363637,0.9242203048355762,0.39477860927581787,0.002933772753429305,-0.6686802982631928
03,498,1,0.9054545454545454,0.9277632678012582,0.3835732638835907,0.004055062878755551,-0.8360457182086857
03,499,1,0.9072727272727272,0.9321869588039282,0.39873677492141724,0.005420185347617996,-0.08182999208523287
03,500,1,0.9090909090909091,0.9276543430976538,0.4011322259902954,0.0029055052824572976,-0.4625554694073738
03,501,1,0.9109090909090909,0.9336243568078731,0.39584964513778687,0.002402749867391664,-0.7302814322094588
03,502,1,0.9127272727272727,0.9298661955871929,0.4016670882701874,0.004685518213660355,-0.11888116368163498
03,503,1,0.9145454545454546,0.9316227649580481,0.38901883363723755,0.00348406904008144,-0.7594823916718203
03,504,1,0.9163636363636364,0.9328351407157973,0.4060925543308258,0.0021012565700695308,-0.4448341901025215
03,505,1,0.9181818181818182,0.9342747004418016,0.4068424701690674,0.0019568962486011133,-0.44632412869661775
03,506,1,0.92,0.9328891959100444,0.39065444469451904,0.00350498668884046,-0.7012578077102739
03,507,1,0.9218181818181819,0.9371425047116907,0.3906404674053192,0.0012851859340952078,-1.1081260196549196
03,508,1,0.9236363636363636,0.9307590409366189,0.4015173316001892,0.007770826681389497,0.44099983385918184
03,509,1,0.9254545454545454,0.9357116292407546,0.4135749638080597,0.003926611149892064,0.13819352045515715
03,510,1,0.9272727272727272,0.9320984870921322,0.39138609170913696,0.006271587780819836,-0.17041353782023133
03,511,1,0.9290909090909091,0.9352763199010141,0.40151193737983704,0.003636097737265832,-0.3161699293520816
03,512,1,0.9309090909090909,0.9338682590633615,0.388302206993103,0.0038375924024433446,-0.7185915839853768
03,513,1,0.9327272727272727,0.9378029198898153,0.43542805314064026,0.0021041971812037403,0.5313048679897561
03,514,1,0.9345454545454546,0.9402531752037729,0.4340379238128662,0.0013054581965428074,0.3388398670415892
03,515,1,0.9363636363636364,0.9397542633772626,0.4306964576244354,0.0016867001634488627,0.2975120306400892
03,516,1,0.9381818181818182,0.9402962308411202,0.41221973299980164,0.0018679057156077304,-0.28378680805959444
03,517,1,0.94,0.9430849182685009,0.4371938109397888,0.0012316585117221014,0.4302828087108227
03,518,1,0.9418181818181818,0.9477150174161704,0.43158841133117676,0.002623388320331306,0.4986652490993441
03,519,1,0.9436363636363636,0.9470511615813116,0.43454423546791077,0.0012748962844375588,0.3500827953597473
03,520,1,0.9454545454545454,0.9463646414739847,0.4313603639602661,0.002416672725965978,0.4532354546768466
03,521,1,0.9472727272727273,0.9467017448487044,0.4417078495025635,0.0035966720094623857,1.0133937213568531
03,522,1,0.9490909090909091,0.9508031224544896,0.4494237005710602,0.0021227410379681794,1.0001483737581327
03,523,1,0.9509090909090909,0.9459085542306466,0.4306509494781494,0.006066095532150888,1.0977827283963155
03,524,1,0.9527272727272728,0.9514224281443999,0.4346981942653656,0.002174610302972969,0.519923505832129
03,525,1,0.9545454545454546,0.9509866097943036,0.42387595772743225,0.0028080697109899616,0.2759864639191311
03,526,1,0.9563636363636364,0.9534861797960568,0.42614471912384033,0.0021814930781198145,0.23672360305170004
03,527,1,0.9581818181818181,0.9545347701845217,0.42684483528137207,0.001154464544241654,0.0719777017163975
03,528,1,0.96,0.9587414919420969,0.4383809268474579,0.0018895127891015286,0.5902029463960791
03,529,1,0.9618181818181818,0.9596214549593713,0.43326711654663086,0.00134862478294948,0.32110837486495436
03,530,1,0.9636363636363636,0.9627577210150401,0.42493385076522827,0.0019172646213535382,0.14807895274071325
03,531,1,0.9654545454545455,0.964144835001958,0.42125970125198364,0.0011418327447016473,-0.11607784027186363
03,532,1,0.9672727272727273,0.9658413120796973,0.43274012207984924,0.0004371094096125176,0.136701140238779
03,533,1,0.9690909090909091,0.9712027633808733,0.4382965564727783,0.0038669504436817507,0.9494283613570338
03,534,1,0.9709090909090909,0.972333009621722,0.4304490089416504,0.0023856428933655737,0.4172458581315742
03,535,1,0.9727272727272728,0.9736497575292016,0.42332133650779724,0.001689613610965051,0.05277353761906001
03,536,1,0.9745454545454545,0.9793222499987184,0.4293471574783325,0.004321057172670019,0.7349395690532039
03,537,1,0.9763636363636363,0.9907920525883176,0.43862560391426086,0.012420625282513904,2.5263868465534793
03,538,1,0.9781818181818182,0.9912127543510442,0.46403101086616516,0.00858255029665109,2.6686071469615418
03,539,1,0.98,0.0026327126945339552,0.44176796078681946,0.0146440269045386,3.037953762759646
03,540,1,0.9818181818181818,0.9980501290042516,0.4583367109298706,0.0059558927026993665,1.9983426174306078
03,541,1,0.9836363636363636,0.0043791038713591685,0.42723405361175537,0.005287306819504841,0.8415667593203431
03,542,1,0.9854545454545455,0.0030888223292662035,0.4257695972919464,0.0035883368680143884,0.48181469230049423
03,543,0,0.9872727272727273,0.003022399803487145,0.4324535131454468,0.0032597743445404604,0.6439458442364496
03,544,0,0.9890909090909091,5.38980668727082e-05,0.4243622124195099,0.006325697858393197,0.9361686001221228
03,545,0,0.990909090909091,0.0011303154740283784,0.4218076765537262,0.005750222716892796,0.7458546985941912
03,546,0,0.9927272727272727,0.9976614769701859,0.43328243494033813,0.00840686412140264,1.613847431604108
03,547,0,0.9945454545454545,0.9978756961377249,0.43428128957748413,0.006835808614093624,1.3594355639216442
03,548,0,0.9963636363636363,0.9927309120163468,0.4372346103191376,0.010693916819031106,2.1639995094223172
03,549,0,0.9981818181818182,0.0009630535596711398,0.5051714777946472,0.003898203100102411,3.17918660057122
05,15,0,0.024916943521594685,0.037868561851793534,0.47277727723121643,nan,nan
05,16,0,0.026578073089700997,0.03725652012329956,0.4623962342739105,nan,nan
05,17,0,0.02823920265780731,0.040333472321664614,0.4658505618572235,nan,nan
05,18,0,0.029900332225913623,0.03970172121619386,0.4628203213214874,nan,nan
05,19,1,0.03156146179401993,0.04324168493926719,0.46929800510406494,0.0011598446431261762,1.4848132988082876
05,20,1,0.03322259136212625,0.04291309298541665,0.4693250060081482,0.0014647388378645227,1.5415315971400143
05,21,1,0.03488372093023256,0.04437482860246239,0.46611857414245605,0.001417146436348037,1.4261831200065442
05,22,1,0.036544850498338874,0.04441254968408423,0.4765734076499939,0.0023897644249256545,1.9519438435418517
05,23,1,0.03820598006644518,0.04621969638917738,0.479263037443161,0.001815001754716712,1.9361638123824534
05,24,1,0.03986710963455149,0.04674807421364888,0.4818059206008911,0.001976449874811175,2.050289696690828
05,25,1,0.04152823920265781,0.047226040797170674,0.490508109331131,0.002457228598347393,2.427716878492844
05,26,1,0.04318936877076412,0.0480317626862814,0.48836156725883484,0.0023643097579137563,2.339318384650027
05,27,1,0.044850498338870434,0.04738037869248647,0.48568984866142273,0.003920497002257982,2.5353742889579443
05,28,1,0.046511627906976744,0.04909677327779647,0.47576844692230225,0.0025035738507953,1.9460098840459035
05,29,1,0.04817275747508306,0.04847778512235344,0.4787599742412567,0.0037004359142551887,2.2646208094525644
05,30,1,0.04983388704318937,0.05157941045546912,0.4842481315135956,0.0016136628943580712,2.0650900644443455
05,31,1,0.05149501661129568,0.05292877131663687,0.4323700964450836,0.0009769979714361371,0.22323866936257997
05,32,1,0.053156146179401995,0.05478051436645848,0.4200727641582489,0.0006663032582037905,-0.24261182353359034
05,33,1,0.054817275747508304,0.05560150798769702,0.43403303623199463,0.000750870194839207,0.23714278849006243
05,34,1,0.05647840531561462,0.05723964670761697,0.44554880261421204,0.000727386497123299,0.6158192879348868
05,35,1,0.05813953488372093,0.058436622625544665,0.430111289024353,0.000945469642232537,0.14234604215269409
05,36,1,0.059800664451827246,0.06040165456462471,0.4287881553173065,0.0004910200652844767,0.015141945754603148
05,37,1,0.061461794019933555,0.06128019275937447,0.42152076959609985,0.0008841473851712178,-0.1545728763343951
05,38,1,0.06312292358803986,0.06366396272089764,0.42926788330078125,0.00033001790646560467,0.0016196572753972571
05,39,1,0.06478405315614617,0.06540784491539058,0.43771788477897644,0.0002613487031273171,0.27006644974149385
05,40,1,0.0664451827242525,0.06736525314576297,0.43355950713157654,0.0004323572325162351,0.16308111630001842
05,41,1,0.0681063122923588,0.0724775822275044,0.42808133363723755,0.003803786668973115,0.5981400883427662
05,42,1,0.06976744186046512,0.07881271204944858,0.4259507656097412,0.007339569123884794,1.174619152062358
05,43,1,0.07142857142857142,0.08832817333455588,0.41998061537742615,0.013067843076854336,2.024810106293773
05,44,1,0.07308970099667775,0.09798536171521037,0.41162922978401184,0.016994949352717545,2.46604952203841
05,45,1,0.07475083056478406,0.10409031038380342,0.41860994696617126,0.015444870878948731,2.4144149153118577
05,46,1,0.07641196013289037,0.11378073710995923,0.41903871297836304,0.017232115566029813,2.7558848108165814
05,47,1,0.07807308970099668,0.11516880464774915,0.40281423926353455,0.010033039504432049,0.8982988685936945
05,48,1,0.07973421926910298,0.12210338580832553,0.40926462411880493,0.0101026001709701,1.1255523571893593
05,49,1,0.08139534883720931,0.12437962499601063,0.4123077988624573,0.006349333335376446,0.5396062830268302
05,50,1,0.08305647840531562,0.1296616468074035,0.4125353693962097,0.006559026493717519,0.585565354871632
05,51,1,0.08471760797342193,0.135888948375844,0.4147331714630127,0.008816100637796932,1.0718843332501964
05,52,1,0.08637873754152824,0.13577980831585107,0.4262053966522217,0.0044303911104117445,0.6504720680282343
05,53,1,0.08803986710963455,0.12268718586940484,0.42043647170066833,0.012984803427547322,2.024767381472897
05,54,1,0.08970099667774087,0.12916639414400424,0.43424248695373535,0.008473193073961185,1.65791912620187
05,55,1,0.09136212624584718,0.1251184769469229,0.4335218071937561,0.010006589402527995,1.9146874803413083
05,56,1,0.09302325581395349,0.1345733148282199,0.4149315655231476,0.006139698818354725,0.5884838967938048
05,57,1,0.0946843853820598,0.12838753621766072,0.4123595952987671,0.0037432889026521184,0.06421160107975862
05,58,1,0.09634551495016612,0.13730418185501242,0.40818923711776733,0.004080628503509317,-0.012720103590522312
05,59,1,0.09800664451827243,0.1333967360824826,0.41367068886756897,0.003743974445027187,0.1079397029435949
05,60,1,0.09966777408637874,0.14083689797106638,0.401628702878952,0.003440767719164247,-0.3480479167968725
05,61,1,0.10132890365448505,0.1393030454040273,0.4045310914516449,0.0032403054468488983,-0.28822500517577554
05,62,1,0.10299003322259136,0.14263997731642258,0.4066832661628723,0.002209221019527216,-0.40542284705710074
05,63,1,0.10465116279069768,0.13724301283190038,0.41211068630218506,0.0060456335347742075,0.4774493101998154
05,64,1,0.10631229235880399,0.14311631125700294,0.4155382513999939,0.003221657074942398,0.07442219975674019
05,65,1,0.1079734219269103,0.14049313151979992,0.4134623110294342,0.004326937355713269,0.20773919324487264
05,66,1,0.10963455149501661,0.14227335970091343,0.40164750814437866,0.002885448359464661,-0.44909094819606776
05,67,1,0.11129568106312292,0.13847262438049737,0.4009987413883209,0.0065533116200816605,0.2008493633874824
05,68,1,0.11295681063122924,0.1386307826096829,0.41204071044921875,0.006702556278045392,0.595392229338587
05,69,1,0.11461794019933555,0.14456335575631027,0.4094674289226532,0.0031135639269032184,-0.14726287797126353
05,70,1,0.11627906976744186,0.14197232882122457,0.41359901428222656,0.0032571839638012873,0.016433950566218047
05,71,1,0.11794019933554817,0.14834798189118426,0.405525803565979,0.003193726826080613,-0.2636718644723313
05,72,1,0.11960132890365449,0.14230284383708286,0.4121399521827698,0.0053202506056924965,0.34561875311530466
05,73,1,0.1212624584717608,0.14419442341258357,0.40962493419647217,0.004443579690157153,0.10147585638908554
05,74,1,0.12292358803986711,0.14083204947573746,0.4099842607975006,0.007616827187956228,0.6943872296401287
05,75,1,0.12458471760797342,0.14203638925247616,0.40730002522468567,0.006127417574845738,0.33243589896939607
05,76,1,0.12624584717607973,0.14284924786919279,0.41793277859687805,0.003736660798452073,0.24834357895560616
05,77,1,0.12790697674418605,0.14684070575387254,0.41204604506492615,0.002190640646095595,-0.23047645006248862
05,78,1,0.12956810631229235,0.14186379374026295,0.40507039427757263,0.005520286520731667,0.14713165301842934
05,79,1,0.13122923588039867,0.14303138789223432,0.3958578407764435,0.004610628434891672,-0.32578822478189173
05,80,1,0.132890365448505,0.14749491747121937,0.4142215847969055,0.002896485866911947,-0.028898407443981422
05,81,1,0.1345514950166113,0.14833682723425484,0.4086371660232544,0.0023601103981486515,-0.3128176846760395
05,82,1,0.1362126245847176,0.15351155070323882,0.41367360949516296,0.004085336945571073,0.1705338261465717
05,83,1,0.1378737541528239,0.1555112789730124,0.401307076215744,0.003173125974600661,-0.4077442672400353
05,84,1,0.13953488372093023,0.155261188845534,0.4016898274421692,0.0015999783734242956,-0.6830286987868079
05,85,1,0.14119601328903655,0.15757663934351507,0.4056923985481262,0.0013562033991156297,-0.5945471249559712
05,86,1,0.14285714285714285,0.15654759237072513,0.406122624874115,0.0031620542687748206,-0.2496222255119147
05,87,1,0.14451827242524917,0.15855939394472898,0.4082724452018738,0.0020662674640095037,-0.3787441432201116
05,88,1,0.1461794019933555,0.16132475544532934,0.39486581087112427,0.0011305033376686874,-0.9959246584407528
05,89,1,0.1478405315614618,0.16568310013852566,0.4091300964355469,0.0029365226892761457,-0.1908943189307805
05,90,1,0.14950166112956811,0.1706920863311652,0.39867761731147766,0.005918893683163047,0.007506651412457543
05,91,1,0.1511627906976744,0.1719826788763483,0.40094125270843506,0.0038769629002795335,-0.29105115662729963
05,92,1,0.15282392026578073,0.1725011184014151,0.4079675078392029,0.0022189345366446394,-0.3609348986575271
05,93,1,0.15448504983388706,0.17150018660139602,0.40288272500038147,0.0029590415086424167,-0.39453825370251194
05,94,1,0.15614617940199335,0.1720193121529782,0.3952169716358185,0.00389418757277782,-0.47826811123075336
05,95,1,0.15780730897009967,0.17287008416052124,0.41028666496276855,0.0033752220206880335,-0.0721131948922455
05,96,1,0.15946843853820597,0.17103196762351341,0.4080592095851898,0.005435189878739104,0.2309500857428018
05,97,1,0.1611295681063123,0.17107405210974339,0.39438799023628235,0.00502581769803369,-0.2986572718788201
05,98,1,0.16279069767441862,0.17002559220661562,0.4005470871925354,0.005967743978248301,0.0786225358153246
05,99,1,0.1644518272425249,0.16737217846210373,0.4138489365577698,0.008122727736169554,0.9155342200994427
05,100,1,0.16611295681063123,0.17739257885067727,0.40697869658470154,0.003487429201966327,-0.16158216749703055
05,101,1,0.16777408637873753,0.17174170188880436,0.4079524278640747,0.0044558495357358875,0.048100258964434914
05,102,1,0.16943521594684385,0.17418829270571268,0.4069751501083374,0.002924969111231182,-0.2646758754384666
05,103,1,0.17109634551495018,0.17623201115090897,0.40962472558021545,0.0024408141546986306,-0.26519942737809116
05,104,1,0.17275747508305647,0.16717766746726104,0.4241475760936737,0.01195546085493965,1.9597332333505484
05,105,1,0.1744186046511628,0.16757116454882623,0.3926521837711334,0.009008235927520399,0.37272077329487097
05,106,1,0.1760797342192691,0.16762345897744554,0.3994266092777252,0.007913307163906551,0.3975548652570864
05,107,1,0.1777408637873754,0.17375210952497006,0.39559924602508545,0.004492088367194094,-0.35609065815729063
05,108,1,0.17940199335548174,0.17487356723406028,0.40309104323387146,0.00188615251134958,-0.5840358911844442
05,109,1,0.18106312292358803,0.17598976906069802,0.4073883593082428,0.001659970438919705,-0.48253115804898167
05,110,1,0.18272425249169436,0.1750472727874534,0.4000127613544464,0.002573256751478978,-0.5606135214437125
05,111,1,0.18438538205980065,0.17772087198184602,0.3958844840526581,0.0019271930056856358,-0.8161882389467034
05,112,1,0.18604651162790697,0.17257356809277485,0.4035956859588623,0.007578784346414446,0.47495965107899485
05,113,1,0.1877076411960133,0.1740832384413604,0.39672812819480896,0.005494114212507577,-0.13509590025844237
05,114,1,0.1893687707641196,0.17500410778126574,0.4048808515071869,0.004096612217767805,-0.11981964190832486
05,115,1,0.19102990033222592,0.18103336464499767,0.4037761092185974,0.003682775304475147,-0.23232536165781847
05,116,1,0.19269102990033224,0.18035628095760672,0.413974404335022,0.0016256673226626203,-0.2697815520710022
05,117,1,0.19435215946843853,0.18330137648602554,0.40132424235343933,0.002001433305299057,-0.6216880613381732
05,118,1,0.19601328903654486,0.18062718422432478,0.4062076807022095,0.003541080416323993,-0.1774010612322925
05,119,1,0.19767441860465115,0.1834291890994666,0.4028053879737854,0.0026969506548828693,-0.445094084221733
05,120,1,0.19933554817275748,0.19361547422018494,0.42513352632522583,0.0074424843551541674,1.1662823285872053
05,121,1,0.2009966777408638,0.195331542220586,0.4078395366668701,0.005843754039910677,0.2984448394355114
05,122,1,0.2026578073089701,0.19879451033615878,0.4037249982357025,0.006299180721843335,0.24498901575894994
05,123,1,0.20431893687707642,0.19880560656225674,0.42224547266960144,0.002611793741568784,0.18582757433994945
05,124,1,0.2059800664451827,0.20288827029041862,0.4053926467895508,0.0020070047824471537,-0.48536648960269546
05,125,1,0.20764119601328904,0.20640330553641864,0.43139174580574036,0.0032038410108887598,0.5983946781455516
05,126,1,0.20930232558139536,0.20917629667626034,0.44181448221206665,0.0032088913217722796,0.9459446873655695
05,127,1,0.21096345514950166,0.21615497674606468,0.4012749195098877,0.0075921248065512325,0.4002210970474297
05,128,1,0.21262458471760798,0.21835724146189717,0.41735854744911194,0.005457046976431746,0.5442166160076377
05,129,1,0.21428571428571427,0.22136777619598683,0.40298041701316833,0.004600338917651726,-0.09079894910648348
05,130,1,0.2159468438538206,0.21527560132343526,0.4149850904941559,0.005232953619791857,0.4242561277383197
05,131,1,0.21760797342192692,0.21961979978716564,0.3988618552684784,0.0037367841150854303,-0.3858690429399546
05,132,1,0.21926910299003322,0.21348923902434777,0.3978123366832733,0.009410347840948312,0.6179492774255719
05,133,1,0.22093023255813954,0.21158292822349287,0.4146527349948883,0.010099658032415875,1.3042042749177254
05,134,1,0.22259136212624583,0.2084242998365558,0.4053801894187927,0.010812074426229447,1.1262603023302569
05,135,1,0.22425249169435216,0.20892539409015334,0.40948230028152466,0.008598154800912043,0.8573561546636811
05,136,1,0.22591362126245848,0.20302177253259296,0.4179498851299286,0.011828174934219353,1.7303151013077789
05,137,1,0.22757475083056478,0.1976961474314143,0.4102889597415924,0.014536933412459293,1.9714605661110502
05,138,1,0.2292358803986711,0.1992530627257366,0.41570183634757996,0.009508322920117414,1.230831648904407
05,139,1,0.23089700996677742,0.21155230092775265,0.3992910087108612,0.007165856879343744,0.2562012870798671
05,140,1,0.23255813953488372,0.20106198570506625,0.4071609079837799,0.006063317372482767,0.3160737942184902
05,141,1,0.23421926910299004,0.2055452041955795,0.41480737924575806,0.0036111890602686897,0.12143174458818791
05,142,1,0.23588039867109634,0.20969277107073536,0.40124648809432983,0.004571604741440293,-0.15372431446387952
05,143,1,0.23754152823920266,0.20983587223364672,0.4052123427391052,0.0036594705244605563,-0.1888276956202702
05,144,1,0.23920265780730898,0.21082267491171675,0.41126158833503723,0.0015325704816641522,-0.3770450134964935
05,145,1,0.24086378737541528,0.2169332191486325,0.41098788380622864,0.00371460637253805,0.013341832665305309
05,146,1,0.2425249169435216,0.2177661915443898,0.40693601965904236,0.002132985266788405,-0.4109744291060949
05,147,1,0.2441860465116279,0.20926487560098622,0.41891899704933167,0.008819096031785089,1.211639308249408
05,148,1,0.24584717607973422,0.21930310536365408,0.40727928280830383,0.003652965045079864,-0.12127920380069755
05,149,1,0.24750830564784054,0.22809083924093115,0.41434913873672485,0.00802950915334062,0.9151027208164675
05,150,1,0.24916943521594684,0.23262136013317175,0.4050256013870239,0.009770625022506542,0.9237982756754419
05,151,1,0.25083056478405313,0.24740858601372612,0.41498878598213196,0.02084405875586544,3.282475991932253
05,152,1,0.25249169435215946,0.2383597240158983,0.4115762412548065,0.007632596588401546,0.7502182590813673
05,153,1,0.2541528239202658,0.24281892643579675,0.40713953971862793,0.005946939569924672,0.29405659095653675
05,154,1,0.2558139534883721,0.2391748246426909,0.4067309498786926,0.005371806680132209,0.17517234498189083
05,155,1,0.2574750830564784,0.24647338126864501,0.4154628813266754,0.004151571929522598,0.24216539781581728
05,156,1,0.2591362126245847,0.23700883780012663,0.41715776920318604,0.008942358463805993,1.1756337649928579
05,157,1,0.260797342192691,0.23809453263953081,0.4179157316684723,0.007518942070458863,0.940240547186385
05,158,1,0.26245847176079734,0.24556154325641585,0.4125092327594757,0.0043340017371895755,0.17733634810353305
05,159,1,0.26411960132890366,0.24678390791240082,0.40437328815460205,0.004232888521350869,-0.11174989947397908
05,160,1,0.26578073089701,0.25266194413533366,0.4275209605693817,0.006555256560040258,1.083245850985588
05,161,1,0.26744186046511625,0.2558062401129687,0.4312623143196106,0.005786275953873555,1.0668850283628655
05,162,1,0.2691029900332226,0.2683513593426577,0.4133148193359375,0.013903468315203072,1.9561151149881086
05,163,1,0.2707641196013289,0.2678666226756963,0.41886478662490845,0.008812542394796858,1.2086366041282626
05,164,1,0.2724252491694352,0.2630918881081123,0.4134858250617981,0.005239656573242936,0.375622751637565
05,165,1,0.27408637873754155,0.26229094927756125,0.40889325737953186,0.0057325604554723675,0.3131306358909619
05,166,1,0.2757475083056478,0.2739185409195897,0.40953072905540466,0.004885848845481858,0.17931399371822734
05,167,1,0.27740863787375414,0.25687619811886386,0.4077952802181244,0.014160284299550895,1.8195718142318191
05,168,1,0.27906976744186046,0.2694454734668474,0.4143407642841339,0.005309716842454203,0.4168818791974725
05,169,1,0.2807308970099668,0.2639383737238211,0.4273930490016937,0.007772193828277988,1.3017900491247838
05,170,1,0.2823920265780731,0.28368976467947893,0.4327051639556885,0.013400635949023533,2.5089141391776497
05,171,1,0.2840531561461794,0.26433950680184176,0.41175416111946106,0.008728496471534957,0.9567737417074906
05,172,1,0.2857142857142857,0.26941234039829315,0.41904592514038086,0.007063235839800848,0.8943958473862875
05,173,1,0.287375415282392,0.27154288917468117,0.4216616153717041,0.005573537656951387,0.7086495116253179
05,174,1,0.28903654485049834,0.27163966874922196,0.4098759889602661,0.005954330357311839,0.3864148638092807
05,175,1,0.29069767441860467,0.2763537759922516,0.4047243893146515,0.002875692538067227,-0.34855026522309385
05,176,1,0.292358803986711,0.2729054432386882,0.4080091714859009,0.0035762075130986604,-0.1110583915749273
05,177,1,0.29401993355481726,0.2798338166066628,0.41628915071487427,0.0024788901447771582,-0.03659192064880262
05,178,1,0.2956810631229236,0.28030903296618936,0.41107842326164246,0.002061723718116062,-0.2862585606140336
05,179,1,0.2973421926910299,0.3067545731274467,0.40950310230255127,0.025159573753323825,3.8901293425157313
05,180,1,0.29900332225913623,0.2979001154895126,0.4125554859638214,0.01398104208519298,1.9450645082724676
05,181,1,0.30066445182724255,0.29640057166629913,0.4116435647010803,0.009430166891756827,1.0815582066327873
05,182,1,0.3023255813953488,0.31379976400340526,0.3956688940525055,0.01421420851786846,1.426161222106819
05,183,1,0.30398671096345514,0.30345565566761096,0.41008251905441284,0.006563412493760051,0.5047947401855852
05,184,1,0.30564784053156147,0.3039895235887106,0.41779178380966187,0.004391771948472066,0.36359297726715145
05,185,1,0.3073089700996678,0.3118474854129745,0.41104528307914734,0.00671445310741345,0.5644657240671723
05,186,1,0.3089700996677741,0.3065688883380206,0.4266103208065033,0.005948701003329617,0.9419122080587989
05,187,1,0.3106312292358804,0.3124250824148231,0.4114363491535187,0.0031242063581647067,-0.0798347416398223
05,188,1,0.3122923588039867,0.30253351124788974,0.4129190146923065,0.010418715863917337,1.3049599610211198
05,189,1,0.313953488372093,0.30733298136650017,0.4173254370689392,0.006806081284771944,0.7900980450416081
05,190,1,0.31561461794019935,0.29844900931372026,0.41685914993286133,0.013010588701263011,1.9105184044609653
05,191,1,0.31727574750830567,0.3040556394331796,0.42763057351112366,0.007328407450823271,1.2284404606273855
05,192,1,0.31893687707641194,0.30528195539532726,0.4213540256023407,0.003773992289703602,0.36895751213522066
05,193,1,0.32059800664451826,0.3085231824475821,0.42365702986717224,0.003299289095224347,0.35863859783973207
05,194,1,0.3222591362126246,0.31497433106757783,0.42000988125801086,0.0066524022469506405,0.8512379765891133
05,195,1,0.3239202657807309,0.31224955611067345,0.4178383946418762,0.0020075807646690357,-0.07135704268233989
05,196,1,0.32558139534883723,0.3202949022795756,0.43030259013175964,0.005793163851110545,1.036228851281169
05,197,1,0.3272425249169435,0.31224186329362313,0.42324960231781006,0.00601311185590399,0.8419383426542912
05,198,1,0.3289036544850498,0.3150990995782853,0.4170668423175812,0.0046652674904481516,0.38955568635021703
05,199,1,0.33056478405315615,0.3187557510861881,0.41116493940353394,0.0029986667488551256,-0.1118448422367522
05,200,1,0.33222591362126247,0.3136943157266651,0.4089973568916321,0.007148070505927794,0.5757456538599248
05,201,1,0.3338870431893688,0.31051378940550023,0.42396920919418335,0.008678450188865055,1.3538429091247783
05,202,1,0.33554817275747506,0.310913628540565,0.42606598138809204,0.007846592581769564,1.2712772129507615
05,203,1,0.3372093023255814,0.3131346112633135,0.41205427050590515,0.0048408370263302814,0.25499774234452377
05,204,1,0.3388704318936877,0.3067833579882064,0.4158188998699188,0.009525210418979442,1.237816571000901
05,205,1,0.34053156146179403,0.3132490503055797,0.4066736400127411,0.003715728391043139,-0.12993008283590807
05,206,1,0.34219269102990035,0.3079540427992637,0.41621243953704834,0.007310601398327317,0.8454515195583379
05,207,1,0.3438538205980066,0.3141417807512145,0.3944447338581085,0.0037604616299907663,-0.5284328411290734
05,208,1,0.34551495016611294,0.31809054594843883,0.39538928866386414,0.0034399472966732563,-0.5557001930870018
05,209,1,0.34717607973421927,0.32049556167717425,0.4102199673652649,0.0028922245528751733,-0.1627590005375606
05,210,1,0.3488372093023256,0.31929473502864103,0.404339075088501,0.0024247781495137528,-0.443918392823923
05,211,1,0.3504983388704319,0.31919900610843055,0.4074372351169586,0.0030511319161114505,-0.22621045745924712
05,212,1,0.3521594684385382,0.33039754248754616,0.4125787913799286,0.00688309812370015,0.6463407877520118
05,213,1,0.3538205980066445,0.33529064986539747,0.4123482406139374,0.008699456366774617,0.9712141491877315
05,214,1,0.3554817275747508,0.3378580175026821,0.41844651103019714,0.007568051957003398,0.9668835834062615
05,215,1,0.35714285714285715,0.3453066919939884,0.41213294863700867,0.010375905829799399,1.270980325593485
05,216,1,0.3588039867109635,0.34979382718888963,0.4084279537200928,0.008336119553311217,0.7743184313865091
05,217,1,0.36046511627906974,0.3449092337736565,0.4220341742038727,0.0037901700844296415,0.39453882948941943
05,218,1,0.36212624584717606,0.34931605874453064,0.41445600986480713,0.003083316976634859,0.013103016254528504
05,219,1,0.3637873754152824,0.3424662379173586,0.4122333526611328,0.009109697181082581,1.0425006641307795
05,220,1,0.3654485049833887,0.34680130744629684,0.4232081174850464,0.00538315246282103,0.7252250909745175
05,221,1,0.36710963455149503,0.3451177028348387,0.41198423504829407,0.004999988808796792,0.2818062667764485
05,222,1,0.3687707641196013,0.3509416689886335,0.41112083196640015,0.0033546406961909104,-0.0481396368570169
05,223,1,0.3704318936877076,0.3493356074194232,0.40837714076042175,0.0016908624860482804,-0.44399184288924504
05,224,1,0.37209302325581395,0.3537493704898775,0.4113869369029999,0.0017497587630524963,-0.33311328800570605
05,225,1,0.37375415282392027,0.3508181161471126,0.40224575996398926,0.0032124534592554866,-0.36932666589010466
05,226,1,0.3754152823920266,0.36069979002892466,0.409399151802063,0.005244117094488089,0.24053028830237452
05,227,1,0.3770764119601329,0.35468475257850757,0.41342151165008545,0.0034459759624293246,0.04509503663622455
05,228,1,0.3787375415282392,0.37147980158533606,0.4094735085964203,0.012247312101055603,1.5251551928949882
05,229,1,0.3803986710963455,0.36704484468044224,0.41645628213882446,0.0064461223093790244,0.6952912013237473
05,230,1,0.38205980066445183,0.3777556298810087,0.39921167492866516,0.010033850489531189,0.7786380900357588
05,231,1,0.38372093023255816,0.372262485230714,0.41571295261383057,0.0060275621172137615,0.593940120016512
05,232,1,0.3853820598006645,0.3775561722431224,0.400079607963562,0.0033309218234321065,-0.4196763365742767
05,233,1,0.38704318936877075,0.3705677733101433,0.4224447011947632,0.007331491871853406,1.0565403709881724
05,234,1,0.38870431893687707,0.37505777314199806,0.40393176674842834,0.0051183276787163355,0.035673672708863596
05,235,1,0.3903654485049834,0.3719359763468035,0.40986496210098267,0.006169556807865824,0.4254520242059685
05,236,1,0.3920265780730897,0.380954330121661,0.4076130986213684,0.004626930987239939,0.06813706765483836
05,237,1,0.39368770764119604,0.372032094053649,0.40920501947402954,0.006841351349677354,0.5264973633329912
05,238,1,0.3953488372093023,0.37850825455859527,0.4022621214389801,0.003859904650436638,-0.250246517019212
05,239,1,0.39700996677740863,0.36268580132877054,0.41127750277519226,0.017416344614581525,2.5315017287709614
05,240,1,0.39867109634551495,0.3781991472097312,0.3906034231185913,0.007035068759094173,-0.056663608449634695
05,241,1,0.4003322259136213,0.37292816791557,0.40663009881973267,0.007596028969421149,0.5790312487084309
05,242,1,0.4019933554817276,0.3842266328683873,0.4090614914894104,0.0074382045256896154,0.6309965869819907
05,243,1,0.40365448504983387,0.38112042165677107,0.40029335021972656,0.005854056273809536,0.0493700315136599
05,244,1,0.4053156146179402,0.38402432146499627,0.3937278985977173,0.002943194061079324,-0.7018985626996481
05,245,1,0.4069767441860465,0.3867593407434592,0.40071913599967957,0.0032203079602221734,-0.4186590688784121
05,246,1,0.40863787375415284,0.38859713301387866,0.40297287702560425,0.0015303073230945397,-0.6531142025523905
05,247,1,0.41029900332225916,0.3920500594780549,0.41716304421424866,0.002680273085103697,0.029340250688820846
05,248,1,0.4119601328903654,0.38741669408736307,0.3944244980812073,0.004685501760909068,-0.35974852991379147
05,249,1,0.41362126245847175,0.3918713652788082,0.40609654784202576,0.002457362886143201,-0.37950507367135033
05,250,1,0.4152823920265781,0.38492874868755866,0.3910661041736603,0.009299546450142417,0.3733064905631631
05,251,1,0.4169435215946844,0.3901556276656982,0.3890845775604248,0.0049201144448576505,-0.49438331895327076
05,252,1,0.4186046511627907,0.3872934073327433,0.4126355051994324,0.005544183770288607,0.40309710187141845
05,253,1,0.420265780730897,0.3942518349862195,0.40106454491615295,0.003650416456676805,-0.328427222395496
05,254,1,0.4219269102990033,0.38711144595547486,0.4056303799152374,0.006290440885754938,0.3067555469708947
05,255,1,0.42358803986710963,0.39456245551286895,0.3949839770793915,0.003349548775559866,-0.5857297552922884
05,256,1,0.42524916943521596,0.3971263415609474,0.3997478783130646,0.0031865094574868463,-0.4571477189787716
05,257,1,0.4269102990033223,0.40645485408438037,0.4088370203971863,0.008947352407327787,0.8998277534429059
05,258,1,0.42857142857142855,0.3989299303873092,0.3966043293476105,0.004141982541660849,-0.38676267427095745
05,259,1,0.43023255813953487,0.4075221915315829,0.40308693051338196,0.005173438117700237,0.01766691698739023
05,260,1,0.4318936877076412,0.40363718257706227,0.4004002511501312,0.0037714622127741665,-0.32835823399980524
05,261,1,0.4335548172757475,0.40867255868028,0.4128623902797699,0.003701379597532964,0.07326008434352944
05,262,1,0.43521594684385384,0.41316762964493525,0.4063463509082794,0.004232681677701784,-0.04617029292932749
05,263,1,0.4368770764119601,0.4200610824717616,0.3988184630870819,0.007566709690121588,0.3138745375192929
05,264,1,0.43853820598006643,0.4215852525546645,0.4077618420124054,0.006042968431163341,0.3323333476245858
05,265,1,0.44019933554817275,0.42155775633131404,0.40934351086616516,0.003253743806032774,-0.12571970407852243
05,266,1,0.4418604651162791,0.4187252785017474,0.3966366648674011,0.004612133922096336,-0.2996115112439154
05,267,1,0.4435215946843854,0.41996458376511536,0.4127505123615265,0.00476224087293141,0.2637629570025103
05,268,1,0.44518272425249167,0.41566026142338014,0.407763808965683,0.009042438538005059,0.881544791817911
05,269,1,0.446843853820598,0.4184341952058908,0.4142589867115021,0.005325327429293657,0.41702023240401154
05,270,1,0.4485049833887043,0.41419246185405506,0.40703055262565613,0.008248100043153241,0.7117308381359436
05,271,1,0.45016611295681064,0.42069021900061015,0.3921729624271393,0.003017120873317648,-0.7400759493115828
05,272,1,0.45182724252491696,0.41375792666517786,0.3945583403110504,0.00773083987898106,0.2022462074422664
05,273,1,0.45348837209302323,0.42048063098556276,0.39893826842308044,0.003642402856452015,-0.4006072132680033
05,274,1,0.45514950166112955,0.41579991314256604,0.3973137438297272,0.00572487865696031,-0.07337169204932592
05,275,1,0.4568106312292359,0.4129564964448557,0.39903050661087036,0.008970158176798361,0.577871169371548
05,276,1,0.4584717607973422,0.4152315338470595,0.3949050009250641,0.00505031240212286,-0.2769787082976076
05,277,1,0.4601328903654485,0.42512113556328507,0.39729005098342896,0.005834843234777962,-0.05402721050778497
05,278,1,0.46179401993355484,0.43290945358226324,0.4143415093421936,0.011387701659646794,1.5296702833315774
05,279,1,0.4634551495016611,0.4355846064429768,0.41331928968429565,0.009785469410436105,1.202336366953948
05,280,1,0.46511627906976744,0.43469866807882357,0.39852410554885864,0.005337554784453915,-0.10403075226920025
05,281,1,0.46677740863787376,0.4335381348964761,0.3940855860710144,0.003597727121591571,-0.5701704955867066
05,282,1,0.4684385382059801,0.4390071786881259,0.4088878035545349,0.0017621071317550482,-0.4139653623423535
05,283,1,0.4700996677740864,0.4369632201324668,0.3976287841796875,0.0030031588160340556,-0.5611897319365551
05,284,1,0.4717607973421927,0.4435247747986128,0.399222731590271,0.003228492176464799,-0.4669261058193146
05,285,1,0.473421926910299,0.43865105270334137,0.39791253209114075,0.003851756598753893,-0.3963910814314986
05,286,1,0.4750830564784053,0.4461649262891043,0.4029236435890198,0.0027616046593169313,-0.4293243768023406
05,287,1,0.47674418604651164,0.439992230376062,0.40417730808258057,0.005578245277994194,0.12804173781978323
05,288,1,0.47840531561461797,0.4455175554165239,0.40925154089927673,0.0036105009367133956,-0.0634628605407137
05,289,1,0.48006644518272423,0.44782133982618555,0.4180184006690979,0.0027138989921170636,0.06394281401713431
05,290,1,0.48172757475083056,0.45452598418082313,0.41072535514831543,0.005407489030679348,0.31454568089935053
05,291,1,0.4833887043189369,0.4560301927523359,0.4156922399997711,0.0049182252781409565,0.3901527738318324
05,292,1,0.4850498338870432,0.4599203229044054,0.4174171984195709,0.004702072687263399,0.40794569262140207
05,293,1,0.4867109634551495,0.46234380999381763,0.4074891209602356,0.0035248679047052544,-0.1377528422877345
05,294,1,0.4883720930232558,0.46765871337090587,0.41917747259140015,0.0052091537398854925,0.5593234444608741
05,295,1,0.4900332225913621,0.46909247752760325,0.40588608384132385,0.003491749955348432,-0.19712776929002923
05,296,1,0.49169435215946844,0.4793326264471342,0.4316999018192291,0.010334313324776285,1.9140970222405849
05,297,1,0.49335548172757476,0.48200427183014605,0.41775378584861755,0.008152882822105923,1.0509172861345082
05,298,1,0.4950166112956811,0.48491939228778147,0.41248631477355957,0.006152887820659243,0.5095776817404436
05,299,1,0.49667774086378735,0.49419299575112197,0.4274613559246063,0.011111321554780824,1.9153926006480928
05,300,1,0.4983388704318937,0.4967458496113518,0.42527341842651367,0.007389045859131039,1.1611510984710738
05,301,1,0.5,0.5098920786765744,0.4475163519382477,0.01618196913329918,3.5106940719216158
05,302,1,0.5016611295681063,0.5177248849176276,0.445161908864975,0.0170428236627453,3.5899992814195896
05,303,1,0.5033222591362126,0.5219105171331547,0.46841245889663696,0.013027082720810918,3.628028976019327
05,304,1,0.5049833887043189,0.5253717118314454,0.49649137258529663,0.009558897073593376,3.9268808943344964
05,305,1,0.5066445182724253,0.5265347407730864,0.47281837463378906,0.003832842424025461,2.0912641739966595
05,306,1,0.5083056478405316,0.5281828409587943,0.4932187795639038,0.0013699697691674111,2.3188082653906146
05,307,1,0.5099667774086378,0.5279225878415308,0.4960314631462097,0.001821847005764281,2.4950788677540823
05,308,1,0.5116279069767442,0.5281302045414675,0.5156193375587463,0.0031172479829215546,3.3836694576263797
05,309,1,0.5132890365448505,0.5299655905173506,0.5049334168434143,0.0020402817378505867,2.8311193609107455
05,310,1,0.5149501661129569,0.5295991305463774,0.5065773129463196,0.003195657591583261,3.0973172368009982
05,311,1,0.5166112956810631,0.5308644540321137,0.5130792856216431,0.0022844065027427685,3.1467183528151437
05,312,1,0.5182724252491694,0.5315906399951309,0.48921018838882446,0.002293687087371281,2.3546110182432063
05,313,1,0.5199335548172758,0.5341468524420616,0.4777877926826477,0.0010317932926867902,1.743711500328088
05,314,1,0.521594684385382,0.5336469030470994,0.4692273736000061,0.002147848379996391,1.6633490573470708
05,315,1,0.5232558139534884,0.5349840383794457,0.4785085916519165,0.0018226561728305214,1.9124748444090214
05,316,1,0.5249169435215947,0.535168126879733,0.46929338574409485,0.002668463759376254,1.7608591925119714
05,317,1,0.526578073089701,0.5363803254350967,0.4661433696746826,0.00235063692516309,1.597912122221334
05,318,1,0.5282392026578073,0.5366243904565224,0.47410082817077637,0.002664940151996158,1.9200935615753731
05,319,1,0.5299003322259136,0.5387675368727932,0.44147801399230957,0.0014888423615815561,0.6198465699380474
05,320,1,0.53156146179402,0.5381125071524182,0.4551110863685608,0.0028670699317930193,1.325564314230403
05,321,1,0.5332225913621262,0.5410406845089331,0.4269085228443146,0.001290179887071914,0.09894263993443819
05,322,1,0.5348837209302325,0.5412539309440004,0.4258538782596588,0.001626830976841175,0.12550310736863363
05,323,1,0.5365448504983389,0.5446898725841703,0.41496559977531433,0.0010861434243105783,-0.3355942856739846
05,324,1,0.5382059800664452,0.546708792182091,0.4268418550491333,0.0011900612115356268,0.0783956631066629
05,325,1,0.5398671096345515,0.5486863608428079,0.4322373569011688,0.0010185586148342817,0.22643316033430172
05,326,1,0.5415282392026578,0.5510698841859786,0.42426469922065735,0.0014906628745362926,0.04772252726946291
05,327,1,0.5431893687707641,0.5528227884890242,0.4242597222328186,0.0007895788670873994,-0.0807981620001822
05,328,1,0.5448504983388704,0.5553021934533432,0.4207432270050049,0.0012357548551929064,-0.11605869305244776
05,329,1,0.5465116279069767,0.5600405211471045,0.4217091500759125,0.003825732231141117,0.39024036671094015
05,330,1,0.5481727574750831,0.5634220152624454,0.4248129725456238,0.004368686270407913,0.5928677092724264
05,331,1,0.5498338870431894,0.5704880828583984,0.4200223982334137,0.00834672109724417,1.1618518632463408
05,332,1,0.5514950166112956,0.5733290130571869,0.42240825295448303,0.0067713277036891405,0.9527728001285782
05,333,1,0.553156146179402,0.579633569171464,0.411653071641922,0.008569178917005383,0.9242438238996034
05,334,1,0.5548172757475083,0.5848077862958212,0.4074537456035614,0.008845134035272663,0.8351104117251732
05,335,1,0.5564784053156147,0.5933980484446069,0.41791942715644836,0.012088953425714378,1.77704576162528
05,336,1,0.5581395348837209,0.6003363152466074,0.39823341369628906,0.013299728831162745,1.344024709342201
05,337,1,0.5598006644518272,0.6033360949658375,0.3938320279121399,0.009547683003037778,0.5107209656818965
05,338,1,0.5614617940199336,0.6134158053740046,0.3916337490081787,0.013701761962611537,1.1981465431440104
05,339,1,0.5631229235880398,0.6212758676341983,0.40968242287635803,0.014409819453259321,1.9280170236598244
05,340,1,0.5647840531561462,0.6281801454707707,0.3994334638118744,0.014344642492433902,1.5752382202185338
05,341,1,0.5664451827242525,0.625377402890477,0.4115225672721863,0.006831210080881199,0.6017145869870255
05,342,1,0.5681063122923588,0.6307999743035765,0.4012799859046936,0.004881065240906004,-0.09595394703210332
05,343,1,0.5697674418604651,0.6292819166039687,0.3937336206436157,0.0022328158777829925,-0.8317650249923217
05,344,1,0.5714285714285714,0.6335545429640415,0.39442986249923706,0.0019290965046103365,-0.8642155977811685
05,345,1,0.5730897009966778,0.632789819410736,0.41182392835617065,0.0015749030086580711,-0.350593181042422
05,346,1,0.574750830564784,0.6360121818620008,0.40039896965026855,0.0014195917478632887,-0.7589836829164333
05,347,1,0.5764119601328903,0.6398245794225375,0.4099196791648865,0.002670482039175843,-0.2133424272453922
05,348,1,0.5780730897009967,0.6406101016330404,0.39597761631011963,0.0012764738744201242,-0.9322252898524843
05,349,1,0.579734219269103,0.6440937558342044,0.39603134989738464,0.0025401030789508183,-0.6990917736275243
05,350,1,0.5813953488372093,0.6441111157465989,0.3946263790130615,0.000975116505790166,-1.0323357409680014
05,351,1,0.5830564784053156,0.6468285781412284,0.3920130133628845,0.0007545895247161833,-1.159621855310407
05,352,1,0.584717607973422,0.643703977378161,0.404464989900589,0.004451392633781902,-0.06869625119457756
05,353,1,0.5863787375415282,0.6461837451547969,0.4179530739784241,0.003136081247109092,0.13906382204129725
05,354,1,0.5880398671096345,0.6439880505718469,0.3932259976863861,0.005463285706524228,-0.25720917539574606
05,355,1,0.5897009966777409,0.6452883823315836,0.3881940245628357,0.004132187653099599,-0.6682545728712943
05,356,1,0.5913621262458472,0.6428343575053242,0.4028182327747345,0.006201163526947733,0.19688793832583532
05,357,1,0.5930232558139535,0.641612025017824,0.398520827293396,0.007206091046238804,0.23795373820362065
05,358,1,0.5946843853820598,0.6401554791195199,0.39342477917671204,0.0075197069102996995,0.12589331296695982
05,359,1,0.5963455149501661,0.639714753850958,0.4141249656677246,0.007002289315779802,0.7195830235481145
05,360,1,0.5980066445182725,0.6382477241392157,0.4062538146972656,0.0070759119073656885,0.4712937365231757
05,361,1,0.5996677740863787,0.6417232303851974,0.40783968567848206,0.0033426040082127307,-0.1594632899687623
05,362,1,0.6013289036544851,0.6341279058483064,0.3892987370491028,0.010076873198591256,0.45684353396729027
05,363,1,0.6029900332225914,0.638221243942022,0.39535436034202576,0.00567441439929511,-0.1477732885372004
05,364,1,0.6046511627906976,0.635140255258379,0.4022257626056671,0.007184252993481204,0.357169376597413
05,365,1,0.606312292358804,0.6406746609104443,0.39655134081840515,0.003517974739768468,-0.5027688771108609
05,366,1,0.6079734219269103,0.638023141557498,0.4079146683216095,0.0032623571054648404,-0.1716613021157163
05,367,1,0.6096345514950167,0.6415360119015353,0.4064573049545288,0.002282023443782303,-0.3996088202828257
05,368,1,0.6112956810631229,0.6402696766073878,0.40279701352119446,0.002818322972751268,-0.42315162345953117
05,369,1,0.6129568106312292,0.6370817228481895,0.4034697413444519,0.007288632069201677,0.4176497807025481
05,370,1,0.6146179401993356,0.6355161739086324,0.4081769585609436,0.007955946493195159,0.6963687014006301
05,371,1,0.6162790697674418,0.6427583494075044,0.3901126980781555,0.0039997408072952444,-0.6286944044360595
05,372,1,0.6179401993355482,0.6414333138168362,0.39388176798820496,0.002978426134099158,-0.6903310571415001
05,373,1,0.6196013289036545,0.6459687505849533,0.3903645873069763,0.002619470697033301,-0.8730186621503363
05,374,1,0.6212624584717608,0.6465547620743868,0.4055565595626831,0.002095506632112312,-0.4637122899437312
05,375,1,0.6229235880398671,0.6452649042945702,0.4006600081920624,0.0031583718495248755,-0.431964788204899
05,376,1,0.6245847176079734,0.6541342163897912,0.3967936336994171,0.005084301523929703,-0.207946328761419
05,377,1,0.6262458471760798,0.6527242474069939,0.4005342423915863,0.0020708251514468807,-0.6352564912961972
05,378,1,0.627906976744186,0.6481707290318295,0.39989346265792847,0.00574328568278089,0.015791114956233532
05,379,1,0.6295681063122923,0.6489635601502333,0.3951447606086731,0.0053544463037377855,-0.21332395896776657
05,380,1,0.6312292358803987,0.6485801604194807,0.39494311809539795,0.006662509998406079,0.019451712829257894
05,381,1,0.632890365448505,0.6451901220796817,0.40400072932243347,0.008664034345627474,0.6871187109659656
05,382,1,0.6345514950166113,0.6480200364084099,0.39963120222091675,0.0045166494148003965,-0.21750460330630506
05,383,1,0.6362126245847176,0.6520396090642324,0.38950666785240173,0.0027811833896755466,-0.871943673305857
05,384,1,0.6378737541528239,0.6523148633243585,0.3871012032032013,0.0018524027489053851,-1.1219834933872828
05,385,1,0.6395348837209303,0.6510444085137574,0.3888707756996155,0.0025912313785880644,-0.9278679288366214
05,386,1,0.6411960132890365,0.6595239676126614,0.3885462284088135,0.004424756111796975,-0.6029777193698497
05,387,1,0.6428571428571429,0.6622381112790587,0.38260596990585327,0.004262916977131421,-0.8301605452436075
05,388,1,0.6445182724252492,0.6700669405028313,0.3803815543651581,0.009542120647197434,0.06238478834823524
05,389,1,0.6461794019933554,0.6647955452632637,0.39063096046447754,0.003736376044597855,-0.6596758167674153
05,390,1,0.6478405315614618,0.6709712160554928,0.39546912908554077,0.00381624781080336,-0.4841514875328136
05,391,1,0.6495016611295681,0.66237634843949,0.39849525690078735,0.00888608700884651,0.5446787174339149
05,392,1,0.6511627906976745,0.6736168657577946,0.3952132761478424,0.00431546214852759,-0.4012636341353789
05,393,1,0.6528239202657807,0.6732833643174342,0.387233167886734,0.003505150592998449,-0.8150080369877235
05,394,1,0.654485049833887,0.669150486678125,0.38642698526382446,0.0059963239530153156,-0.38573243191521595
05,395,1,0.6561461794019934,0.676018464309835,0.4050486385822296,0.003843348739403424,-0.160607338861853
05,396,1,0.6578073089700996,0.6707291201921224,0.3940944969654083,0.0065326572468496925,-0.032544164409084864
05,397,1,0.659468438538206,0.6742123747516812,0.4107988178730011,0.003220197141017285,-0.08346281230092559
05,398,1,0.6611295681063123,0.6614858786470456,0.4290761947631836,0.015286215009070224,2.733440474384102
05,399,1,0.6627906976744186,0.6714135456220517,0.42582473158836365,0.00755733307916231,1.2102961273961745
05,400,1,0.6644518272425249,0.6551548258033553,0.4028257727622986,0.018549886173044802,2.457955362024933
05,401,1,0.6661129568106312,0.6593619318387896,0.4005982577800751,0.01170386312350091,1.1304988105852518
05,402,1,0.6677740863787376,0.66097256781472,0.4088262617588043,0.006337037972677793,0.4215709424079282
05,403,1,0.6694352159468439,0.6634737428973727,0.39905285835266113,0.0048690300553480914,-0.17222418313043403
05,404,1,0.6710963455149501,0.6656299752418378,0.3966189920902252,0.0016447259801034963,-0.8434753050057637
05,405,1,0.6727574750830565,0.6710403767422783,0.4100978970527649,0.004436340120923461,0.11587959326225197
05,406,1,0.6744186046511628,0.6715722367441905,0.40725478529930115,0.002631555330642331,-0.3090946357731148
05,407,1,0.6760797342192691,0.6941393599798746,0.39959603548049927,0.02196579490027993,2.9759331247235563
05,408,1,0.6777408637873754,0.6814837922685633,0.403709352016449,0.008820503208633734,0.7060749533510389
05,409,1,0.6794019933554817,0.6977971365696071,0.39368146657943726,0.013993712962705502,1.319697473923511
05,410,1,0.6810631229235881,0.6877229908994131,0.38495880365371704,0.008871220449547005,0.09177971950375652
05,411,1,0.6827242524916943,0.6928444760741153,0.3910802900791168,0.006531324780011302,-0.1330305651340309
05,412,1,0.6843853820598007,0.7112399353947162,0.39822548627853394,0.017033354268616643,2.027317002483625
05,413,1,0.686046511627907,0.7059043047391368,0.40052440762519836,0.00777539959392368,0.4088157130214337
05,414,1,0.6877076411960132,0.7207913658632568,0.38389086723327637,0.017118956913236547,1.5662676803454088
05,415,1,0.6893687707641196,0.717172037972619,0.38490307331085205,0.007891095661591716,-0.08951592596118285
05,416,1,0.6910299003322259,0.7271571689395019,0.3888096213340759,0.009135775773894834,0.2682801081095997
05,417,1,0.6926910299003323,0.725518898805644,0.3950865864753723,0.005369151588115748,-0.21256637791513658
05,418,1,0.6943521594684385,0.7340590723667524,0.38429495692253113,0.007154722298322104,-0.24455582781859808
05,419,1,0.6960132890365448,0.7346382526656132,0.3863637447357178,0.00497628225651359,-0.5745858691610843
05,420,1,0.6976744186046512,0.74241278828083,0.3917049467563629,0.007824957913277265,0.12458309546540458
05,421,1,0.6993355481727574,0.739153780766865,0.38871949911117554,0.0032304457555976983,-0.8158708662137348
05,422,1,0.7009966777408638,0.7432021482176483,0.3923306167125702,0.002694805425319076,-0.7938427336452241
05,423,1,0.7026578073089701,0.7451751890529421,0.38099196553230286,0.0022444533148769812,-1.2533793135982503
05,424,1,0.7043189368770764,0.7467707216328294,0.38497859239578247,0.0013080120873147083,-1.292242032310296
05,425,1,0.7059800664451827,0.7510213205486874,0.4003165066242218,0.0032013784579413406,-0.43551480930460457
05,426,1,0.707641196013289,0.7488358637366412,0.38422679901123047,0.0019509632995604474,-1.1995320085674477
05,427,1,0.7093023255813954,0.7504216895813706,0.3979935348033905,0.001773566334579356,-0.7741743835648758
05,428,1,0.7109634551495017,0.7522286195755785,0.4106605052947998,0.0013328300349475198,-0.43360371095683764
05,429,1,0.7126245847176079,0.7589050487982008,0.4082178473472595,0.004033693264456446,-0.020361574115149716
05,430,1,0.7142857142857143,0.749102840459112,0.378894567489624,0.007739447137010623,-0.31710272241183557
05,431,1,0.7159468438538206,0.7436355798079288,0.39572182297706604,0.01327345196881151,1.2556867979872954
05,432,1,0.717607973421927,0.7456170930888074,0.40945836901664734,0.009737271450376807,1.065110912474642
05,433,1,0.7192691029900332,0.7511801612296669,0.39166679978370667,0.0063865969594140825,-0.14002212794862473
05,434,1,0.7209302325581395,0.7489711128300429,0.3954492211341858,0.0027783651966628692,-0.674830161338546
05,435,1,0.7225913621262459,0.7549801979890224,0.4039246439933777,0.003384729076735994,-0.2819521969853483
05,436,1,0.7242524916943521,0.753806944779291,0.3953157067298889,0.0020441418903247655,-0.8136927521269595
05,437,1,0.7259136212624585,0.7597334316792999,0.4067747890949249,0.003254345299119178,-0.2110366867836995
05,438,1,0.7275747508305648,0.7636315960851903,0.4000375270843506,0.005014192092601356,-0.1129009776042556
05,439,1,0.729235880398671,0.7624447038340867,0.4054397642612457,0.0019466783797742354,-0.4948441388995085
05,440,1,0.7308970099667774,0.7615668363396383,0.3877101242542267,0.0030661749696372837,-0.8795141640269009
05,441,1,0.7325581395348837,0.7654879986160399,0.39828452467918396,0.0017123102452545847,-0.7757118593919619
05,442,1,0.7342192691029901,0.7659774577136175,0.4014030396938324,0.002057325996015828,-0.6088346345230662
05,443,1,0.7358803986710963,0.760693153254204,0.3963020145893097,0.0074205780448165105,0.20343193743154364
05,444,1,0.7375415282392026,0.7520935048317869,0.4067872166633606,0.01558233882226283,2.046398172668576
05,445,1,0.739202657807309,0.758889936709463,0.3866979777812958,0.008966893571826973,0.16713477313172886
05,446,1,0.7408637873754153,0.7623040146758545,0.407483845949173,0.005619585225912811,0.2455747005673304
05,447,1,0.7425249169435216,0.7667037117590886,0.40271899104118347,0.004354383704184181,-0.14452283356223736
05,448,1,0.7441860465116279,0.7728559299536462,0.4018855690956116,0.00861365578642302,0.6075521903062784
05,449,1,0.7458471760797342,0.7706538355161043,0.404068261384964,0.0031708987218222783,-0.3163242406226132
05,450,1,0.7475083056478405,0.7656849885431851,0.4005572199821472,0.006688866606163151,0.21098338079031548
05,451,1,0.7491694352159468,0.7777811927193838,0.4057932198047638,0.004646152024239002,0.011132984915897204
05,452,1,0.7508305647840532,0.7687542458782812,0.4054360091686249,0.007234222977973508,0.47308000812110346
05,453,1,0.7524916943521595,0.7822050844520265,0.4067404270172119,0.007242036614613019,0.5178911165613181
05,454,1,0.7541528239202658,0.7728975464722718,0.40374523401260376,0.00553786425285103,0.10627939865447467
05,455,1,0.7558139534883721,0.7841060297931435,0.40341120958328247,0.005432517639849302,0.07588389725074982
05,456,1,0.7574750830564784,0.7825459722634039,0.40410247445106506,0.005315934039019263,0.07752881350894297
05,457,1,0.7591362126245847,0.7933493750004725,0.4001731276512146,0.00866623458208622,0.5602282879413852
05,458,1,0.760797342192691,0.7922104789544839,0.3998812437057495,0.006159610356615389,0.09160589704297945
05,459,1,0.7624584717607974,0.790888630321066,0.3860553801059723,0.003033455579910927,-0.9405357253837296
05,460,1,0.7641196013289037,0.7910329180701736,0.3815726637840271,0.0038080654027028067,-0.9477995425035725
05,461,1,0.7657807308970099,0.7935251562741962,0.3839806318283081,0.0029868991529040335,-1.0180585197804117
05,462,1,0.7674418604651163,0.7959624542808648,0.3916492462158203,0.0013330516020649947,-1.0658141114413668
05,463,1,0.7691029900332226,0.7940708448768462,0.391411155462265,0.0030259270329038176,-0.7637988633310286
05,464,1,0.770764119601329,0.7965421367252059,0.39153972268104553,0.0017369383130340322,-0.9955125095608485
05,465,1,0.7724252491694352,0.7998120875205599,0.40309426188468933,0.0014164501075221555,-0.6699224421815717
05,466,1,0.7740863787375415,0.8050854386959849,0.3953699767589569,0.004244075671940862,-0.40912180385607005
05,467,1,0.7757475083056479,0.7982530810840084,0.4007265269756317,0.004869028043815714,-0.11656392430223066
05,468,1,0.7774086378737541,0.8057846261018253,0.4074024260044098,0.002965157088560429,-0.24310845089735292
05,469,1,0.7790697674418605,0.805732365776267,0.3923875093460083,0.002787774224361887,-0.7749298526821534
05,470,1,0.7807308970099668,0.8148831859460399,0.40003257989883423,0.006924825858343654,0.23673526355973473
05,471,1,0.782392026578073,0.8090121412269339,0.3945884704589844,0.0033796000061989883,-0.593381174410526
05,472,1,0.7840531561461794,0.8122836302004988,0.40008747577667236,0.0023297226958010815,-0.6027152313228075
05,473,1,0.7857142857142857,0.8176212907273744,0.4029706120491028,0.004076614680002354,-0.18700899416329772
05,474,1,0.7873754152823921,0.8176874674266916,0.4168459177017212,0.00280217631149543,0.04111184867014461
05,475,1,0.7890365448504983,0.8234707224501285,0.4010193943977356,0.005075107881578984,-0.06909482648787543
05,476,1,0.7906976744186046,0.8226217975476295,0.39528194069862366,0.001931332452943171,-0.8354689637557249
05,477,1,0.792358803986711,0.8240321974991341,0.4064468741416931,0.0011882799443130982,-0.6001993836747664
05,478,1,0.7940199335548173,0.8262525599207448,0.40654847025871277,0.001210802085270734,-0.5926972598157616
05,479,1,0.7956810631229236,0.8292590375335638,0.40123632550239563,0.0014216642028019389,-0.7307565975137071
05,480,1,0.7973421926910299,0.8276986579630226,0.39723289012908936,0.0020872223354203735,-0.742046425498501
05,481,1,0.7990033222591362,0.8337120960018415,0.403534859418869,0.002657000599550303,-0.4281483975922309
05,482,1,0.8006644518272426,0.825910816816759,0.4013250470161438,0.007564253211208976,0.3967854104934352
05,483,1,0.8023255813953488,0.8352240447044892,0.39518705010414124,0.0031893111235408917,-0.6083126967848335
05,484,1,0.8039867109634552,0.8428159824326689,0.397262305021286,0.007935096387965924,0.3295665293187031
05,485,1,0.8056478405315615,0.8475100679257421,0.4022461175918579,0.00884985076362761,0.6627856448199403
05,486,1,0.8073089700996677,0.8448178287459602,0.39393702149391174,0.005600004340020741,-0.20853231279460457
05,487,1,0.8089700996677741,0.8462169266620195,0.39474865794181824,0.002720391703595718,-0.7087423986349111
05,488,1,0.8106312292358804,0.8489451560815903,0.398084431886673,0.0015206166068777566,-0.8174617429849527
05,489,1,0.8122923588039868,0.8515907140814886,0.4071705937385559,0.0018289997151523319,-0.45882726203753443
05,490,1,0.813953488372093,0.8538289367075989,0.3988940119743347,0.0016917981416593297,-0.7591977248304842
05,491,1,0.8156146179401993,0.8541295265238686,0.3989565074443817,0.0008665991420994549,-0.9081976042201025
05,492,1,0.8172757475083057,0.856402331934171,0.40885111689567566,0.0005862420459071261,-0.6304640107993934
05,493,1,0.8189368770764119,0.8606604228749734,0.414330393075943,0.002428063390016706,-0.11103906983330764
05,494,1,0.8205980066445183,0.8536960997641838,0.39993637800216675,0.00680368691914403,0.2113576699874335
05,495,1,0.8222591362126246,0.8565273416373771,0.4090101718902588,0.0045059603120586565,0.09245162338611136
05,496,1,0.8239202657807309,0.8528819665826807,0.4043850600719452,0.008184064643170523,0.6120269277249393
05,497,1,0.8255813953488372,0.8619162355534044,0.4100153148174286,0.004497975064750146,0.12441737204089837
05,498,1,0.8272425249169435,0.8577888401871565,0.39687052369117737,0.0034666968033978157,-0.5015419376790897
05,499,1,0.8289036544850499,0.8574033504814491,0.39808404445648193,0.0041197276818804186,-0.3416267354037541
05,500,1,0.8305647840531561,0.8632539213094883,0.39571473002433777,0.0033896873610037175,-0.5540787406612414
05,501,1,0.8322259136212624,0.8673851164623463,0.40533551573753357,0.003711192690365775,-0.17526202657980722
05,502,1,0.8338870431893688,0.8723334737539259,0.39921754598617554,0.006631184470640967,0.1558697953065527
05,503,1,0.8355481727574751,0.8715297977058918,0.38754114508628845,0.0034420844895665425,-0.8163119503956773
05,504,1,0.8372093023255814,0.8657176132891092,0.40206924080848694,0.007152446191978705,0.3461407630377593
05,505,1,0.8388704318936877,0.8662209343361759,0.39329415559768677,0.007265048139817308,0.07492602307634766
05,506,1,0.840531561461794,0.8707742701181624,0.3857104778289795,0.0046789738279030945,-0.650742872788848
05,507,1,0.8421926910299004,0.8735358480736374,0.38584625720977783,0.003123272592794776,-0.9310466644536877
05,508,1,0.8438538205980066,0.8696826867077856,0.4011104702949524,0.0036239619196605107,-0.33174322119465033
05,509,1,0.845514950166113,0.8671586678732431,0.4122813045978546,0.007139249108872052,0.683343753418679
05,510,1,0.8471760797342193,0.8711416291648586,0.40666672587394714,0.004533305412696167,0.01952280650107638
05,511,1,0.8488372093023255,0.8642857164998456,0.3993208706378937,0.010338473628210403,0.8380402877765429
05,512,1,0.8504983388704319,0.864969603088959,0.4114566147327423,0.007342054145649134,0.693047075446434
05,513,1,0.8521594684385382,0.8715065680177367,0.41176870465278625,0.003959037231594227,0.08405997513206154
05,514,1,0.8538205980066446,0.8677233227566603,0.42040738463401794,0.004497038609364555,0.4698514496938166
05,515,1,0.8554817275747508,0.87274696884061,0.40977615118026733,0.0024587765344680173,-0.25687494708486186
05,516,1,0.8571428571428571,0.8676317977327052,0.3990388810634613,0.005849300116461219,0.006779816124488969
05,517,1,0.8588039867109635,0.8753151598984832,0.38976913690567017,0.003073500526880288,-0.8096971114227732
05,518,1,0.8604651162790697,0.8743123323666127,0.4076022505760193,0.0024289365613606767,-0.33463475128366216
05,519,1,0.8621262458471761,0.8712594356299725,0.39181190729141235,0.005486611252805073,-0.29996663314345373
05,520,1,0.8637873754152824,0.8785114792837099,0.38733482360839844,0.003085845314883195,-0.888394142962054
05,521,1,0.8654485049833887,0.8748554026123514,0.3932337164878845,0.004338871977437517,-0.4628112799991739
05,522,1,0.867109634551495,0.8804899451347816,0.3920358419418335,0.002526139786634621,-0.8345254339818904
05,523,1,0.8687707641196013,0.8796887927473565,0.39177075028419495,0.0023727501094069152,-0.8714242346207737
05,524,1,0.8704318936877077,0.8807392001869726,0.3774157464504242,0.002286896414157786,-1.3645418873574187
05,525,1,0.872093023255814,0.8803805731903579,0.3973693251609802,0.002807244153182496,-0.6056867273282176
05,526,1,0.8737541528239202,0.8907706484774859,0.3788752853870392,0.006201538489443865,-0.5993058560169229
05,527,1,0.8754152823920266,0.8902390526680752,0.42726221680641174,0.004214461183697452,0.6460857057634125
05,528,1,0.8770764119601329,0.893773278665701,0.3909667134284973,0.0041929056369656124,-0.5649278939630427
05,529,1,0.8787375415282392,0.898185871296098,0.4008815884590149,0.005150500872518072,-0.059874766373691046
05,530,1,0.8803986710963455,0.8968974516359922,0.41195622086524963,0.0013717534940762394,-0.3833863933554732
05,531,1,0.8820598006644518,0.9053525927381809,0.4016633629798889,0.006334196998539444,0.18283673000511472
05,532,1,0.8837209302325582,0.9060720580961372,0.40446731448173523,0.0037644410946261514,-0.19438672804101548
05,533,1,0.8853820598006644,0.9114514298666483,0.4068058133125305,0.00557995425187134,0.21576992127589678
05,534,1,0.8870431893687708,0.912748890030363,0.40062370896339417,0.00376119112572607,-0.322807214682043
05,535,1,0.8887043189368771,0.9173360512181137,0.3974500298500061,0.004185326362106457,-0.35070207021391564
05,536,1,0.8903654485049833,0.9126967313229117,0.4070641100406647,0.003449858153078676,-0.16562014703955408
05,537,1,0.8920265780730897,0.9160710900596709,0.4015181064605713,0.002569950656757743,-0.5111560553619792
05,538,1,0.893687707641196,0.9122054467482248,0.39077070355415344,0.006752226082714906,-0.10288354411818118
05,539,1,0.8953488372093024,0.9175376734280076,0.39166972041130066,0.0031013554876539685,-0.7413903389132284
05,540,1,0.8970099667774086,0.9117518077656754,0.3866298496723175,0.007120409797203202,-0.17318706275195894
05,541,1,0.8986710963455149,0.9134168811426281,0.3904297947883606,0.005219105530941475,-0.3949062966342146
05,542,1,0.9003322259136213,0.9124958913554648,0.41018304228782654,0.0054765430888440315,0.3091526539068862
05,543,1,0.9019933554817275,0.9182617129171283,0.4116706848144531,0.003250233314989006,-0.04896837731229245
05,544,1,0.9036544850498339,0.92341913310281,0.4139939546585083,0.005193077634410943,0.38399372512103813
05,545,1,0.9053156146179402,0.9196055395820285,0.41930925846099854,0.0025454820300310882,0.07603848348522929
05,546,1,0.9069767441860465,0.9283999100907465,0.42144647240638733,0.005709858678213732,0.7264523661966307
05,547,1,0.9086378737541528,0.9271257017294152,0.40926751494407654,0.0026390512389649428,-0.240785613302628
05,548,1,0.9102990033222591,0.9296820396358856,0.398817777633667,0.002120846905163168,-0.6831823414615512
05,549,1,0.9119601328903655,0.9326337583518072,0.39877307415008545,0.0026157435924879396,-0.5940628424315288
05,550,1,0.9136212624584718,0.9311556387795176,0.3996541202068329,0.0025491958456209263,-0.5769458229375556
05,551,1,0.915282392026578,0.9356474452177155,0.38703399896621704,0.0014446278567000165,-1.1988743227192797
05,552,1,0.9169435215946844,0.9374056325373552,0.3872910141944885,0.0010421820790797892,-1.2640070360668685
05,553,1,0.9186046511627907,0.9376892246268737,0.426841139793396,0.001485979887673195,0.13254896750493061
05,554,1,0.920265780730897,0.943302417577515,0.4240589737892151,0.0035834501139746355,0.4240303974680092
05,555,1,0.9219269102990033,0.9360594166713869,0.37973153591156006,0.006696245491652779,-0.48025836427754354
05,556,1,0.9235880398671097,0.9402750531196741,0.41680920124053955,0.00384252369629209,0.23035863639463222
05,557,1,0.925249169435216,0.9368569968940298,0.3878636062145233,0.00671901327800749,-0.20564452374402192
05,558,1,0.9269102990033222,0.9419171143539031,0.4345226287841797,0.003514160717578061,0.7593310332267016
05,559,1,0.9285714285714286,0.9390905595124753,0.4366179406642914,0.0039310679204480215,0.9053419000811963
05,560,1,0.9302325581395349,0.9400084203583206,0.4327891170978546,0.0037709927848749033,0.7487013011759007
05,561,1,0.9318936877076412,0.9415269062196254,0.43075987696647644,0.002185848733231648,0.3910057725932663
05,562,1,0.9335548172757475,0.9401626500789684,0.44337382912635803,0.004717582205287606,1.2740160137639673
05,563,1,0.9352159468438538,0.9407209308916948,0.4449809193611145,0.0037206853238274536,1.1449495737599469
05,564,1,0.9368770764119602,0.9447140613653554,0.4481760263442993,0.0018607292710906393,0.9106855170649955
05,565,1,0.9385382059800664,0.9421177933590087,0.4223509430885315,0.003907825953077192,0.42661406013448283
05,566,1,0.9401993355481728,0.9440935839983392,0.42725345492362976,0.002218755983622779,0.28041858229013594
05,567,1,0.9418604651162791,0.9460003013312828,0.4299528896808624,0.0015036965941955366,0.23927896580468078
05,568,1,0.9435215946843853,0.9493249396214595,0.4288391172885895,0.001939169045275948,0.28196535496411373
05,569,1,0.9451827242524917,0.9449218859929508,0.42137205600738525,0.004706750757746613,0.5403275097149689
05,570,1,0.946843853820598,0.9435290469562108,0.42157548666000366,0.006800612952972173,0.930439348379626
05,571,1,0.9485049833887044,0.9450592298175944,0.42711973190307617,0.00512929583105644,0.8088359891537862
05,572,1,0.9501661129568106,0.9469078281261188,0.42922237515449524,0.0031208323637371372,0.5110513502705497
05,573,1,0.9518272425249169,0.9514571884130076,0.4260675013065338,0.0022361430451255464,0.24416096781075386
05,574,1,0.9534883720930233,0.9468506944662587,0.4169155955314636,0.004132111035149088,0.2869148988372875
05,575,1,0.9551495016611296,0.9496440099154289,0.4353048801422119,0.002716968753441014,0.6393953866075597
05,576,1,0.9568106312292359,0.9520635721695793,0.43002554774284363,0.002165370908629683,0.3628353349198393
05,577,1,0.9584717607973422,0.9554520110667858,0.4209834337234497,0.0026018370641931266,0.1420334965457407
05,578,1,0.9601328903654485,0.953287768589899,0.43745967745780945,0.001959285487788969,0.5723393258096175
05,579,1,0.9617940199335548,0.9562516936387115,0.4237067997455597,0.0012376950596578408,-0.017144949637813656
05,580,1,0.9634551495016611,0.9593976632357235,0.4263979196548462,0.0014632829157407874,0.11365356173601893
05,581,1,0.9651162790697675,0.9561864852118951,0.43194103240966797,0.0041552810940597585,0.7908527311579232
05,582,1,0.9667774086378738,0.9607662857370043,0.42368316650390625,0.0015437757681602273,0.03810665430597898
05,583,1,0.96843853820598,0.9583919171326281,0.43523967266082764,0.004003096996380422,0.8726924670163626
05,584,1,0.9700996677740864,0.9591197986805221,0.42310017347335815,0.003810271321965501,0.4336705589211083
05,585,1,0.9717607973421927,0.960512512524072,0.42018383741378784,0.002348091339615265,0.0689855698712093
05,586,1,0.973421926910299,0.9623987244601098,0.4281623959541321,0.0016375957650056295,0.20424752205739788
05,587,1,0.9750830564784053,0.9632586857220166,0.4347556233406067,0.0010915346504912927,0.3235428158633167
05,588,1,0.9767441860465116,0.9646779700559057,0.4235657751560211,0.0008889424639492593,-0.08568493536453559
05,589,1,0.978405315614618,0.9635622198053451,0.4158393144607544,0.0033942355583558167,0.1160303951942977
05,590,1,0.9800664451827242,0.9682637954681708,0.42514827847480774,0.0010520979494888344,-0.0031854899185513874
05,591,1,0.9817275747508306,0.968102935907184,0.4202985167503357,0.001654779210499922,-0.05413286642119031
05,592,1,0.9833887043189369,0.9730065258462761,0.42466989159584045,0.002610313363949858,0.26618461942747285
05,593,1,0.9850498338870431,0.9737772510881576,0.4234088361263275,0.001762433471932977,0.06901541663385524
05,594,1,0.9867109634551495,0.978205813647284,0.4331878125667572,0.003173704396661993,0.6526084165137417
05,595,0,0.9883720930232558,0.9779523465932074,0.44177883863449097,0.0014841416899196518,0.6289903888225414
05,596,0,0.9900332225913622,0.9804750420238757,0.4404887557029724,0.0010582542379436416,0.5081146336183503
05,597,0,0.9916943521594684,0.980307983046858,0.43422731757164,0.001539112464448088,0.38791613113519996
05,598,0,0.9933554817275747,0.9823440416985426,0.44142284989356995,0.0013048696936458727,0.5843300936309389
05,599,0,0.9950166112956811,0.9814496324807194,0.43912991881370544,0.00306470303307642,0.8302669390124812
05,600,0,0.9966777408637874,0.9821429683445774,0.4260372221469879,0.00324568864109641,0.4279826159379343
05,601,0,0.9983388704318937,0.9798063959034247,0.4370758533477783,0.0059992426624245355,1.2992140759343898
12,15,0,0.025423728813559324,0.033614118628156976,0.4732816517353058,nan,nan
12,16,0,0.02711864406779661,0.03387314627397893,0.47609999775886536,nan,nan
12,17,0,0.0288135593220339,0.0355359684221715,0.46616995334625244,nan,nan
12,18,0,0.030508474576271188,0.03675520029318775,0.4449737071990967,nan,nan
12,19,1,0.03220338983050847,0.038409377381236696,0.4596730172634125,0.0007797131963119696,1.095123506950931
12,20,1,0.03389830508474576,0.03995719821988393,0.4627644717693329,0.0004307070459346629,1.1340385560080697
12,21,1,0.03559322033898305,0.039484079469693394,0.46632280945777893,0.0024248387826014284,1.6174646412767777
12,22,1,0.03728813559322034,0.04244759141301158,0.48175930976867676,0.0010812141381878705,1.8848389093156235
12,23,1,0.03898305084745763,0.04321749374705497,0.49137502908706665,0.0012704643164871726,2.2392737248118246
12,24,1,0.04067796610169491,0.04506718750860604,0.48757487535476685,0.000774700538671755,2.022128371658637
12,25,1,0.0423728813559322,0.045396234875257874,0.48582932353019714,0.0014023353325084854,2.078985164159362
12,26,1,0.04406779661016949,0.046021735936338216,0.4757615327835083,0.0022548731228192887,1.900247561321871
12,27,1,0.04576271186440678,0.04595584437445366,0.46724945306777954,0.003214300815535505,1.7928172219060048
12,28,1,0.04745762711864407,0.04644409170853222,0.4609202742576599,0.0034106411383065956,1.6182760643130463
12,29,1,0.04915254237288136,0.04652239701176563,0.4764508605003357,0.003676561885054734,2.1834565191029722
12,30,1,0.05084745762711865,0.04726249427461884,0.4727074205875397,0.003218005156328462,1.9750091824111344
12,31,1,0.05254237288135593,0.04780908871540138,0.4664641320705414,0.0029816003001160874,1.7240970226740382
12,32,1,0.05423728813559322,0.04854444660826353,0.46584364771842957,0.0027095534924908727,1.653655180491036
12,33,1,0.05593220338983051,0.050663790287520896,0.4587191343307495,0.001326073943160029,1.1634288270642528
12,34,1,0.0576271186440678,0.050093448924166895,0.44317111372947693,0.0027209882204591185,0.9017359247464585
12,35,1,0.059322033898305086,0.05379302310028074,0.452912300825119,0.0008076423022579301,0.8753979530847398
12,36,1,0.061016949152542375,0.05425218609680873,0.4519476890563965,0.0011475490234751124,0.9055486555083645
12,37,1,0.06271186440677966,0.0558726952520408,0.4391552805900574,0.0009153328833604151,0.4376015195816695
12,38,1,0.06440677966101695,0.056349091427699775,0.42959365248680115,0.001398229088799401,0.2080228389728921
12,39,1,0.06610169491525424,0.05802027261639911,0.43839210271835327,0.0012909585259832535,0.4809906968461629
12,40,1,0.06779661016949153,0.06126679133183251,0.4322720766067505,0.0008987478104204983,0.20565273814113483
12,41,1,0.06949152542372881,0.06366625394226967,0.4183562099933624,0.0015445591121017576,-0.13890670783324927
12,42,1,0.0711864406779661,0.06642642750406841,0.42313793301582336,0.002356343001343254,0.16873964331760644
12,43,1,0.07288135593220339,0.07280220112895922,0.4299156963825226,0.006212782607141932,1.1001862852205486
12,44,1,0.07457627118644068,0.0746439455265067,0.4257807731628418,0.004359044876549379,0.6232883684589001
12,45,1,0.07627118644067797,0.08909293144619611,0.43057823181152344,0.015463742247570257,2.8158950756033048
12,46,1,0.07796610169491526,0.09442552624604393,0.4319021999835968,0.014439667671436436,2.6724372217221846
12,47,1,0.07966101694915254,0.1065997376960978,0.41699862480163574,0.01961410443599644,3.1241352321337987
12,48,1,0.08135593220338982,0.1162182949373376,0.42185407876968384,0.020783277535451603,3.499664807369179
12,49,1,0.08305084745762711,0.12481239658324052,0.4180458188056946,0.018983791828646776,3.0435631347431924
12,50,1,0.0847457627118644,0.12783809927363157,0.4198331832885742,0.01307962823477672,2.022064646219014
12,51,1,0.08644067796610169,0.13870309532069777,0.4190491735935211,0.01559148102494602,2.455863659847992
12,52,1,0.08813559322033898,0.13366885562770053,0.4103085994720459,0.005897418206932381,0.3903825099655188
12,53,1,0.08983050847457627,0.13779362683799246,0.40223029255867004,0.004446060074122595,-0.14399110966697354
12,54,1,0.09152542372881356,0.13374848269662537,0.4098457098007202,0.004996918741555086,0.21012399028256665
12,55,1,0.09322033898305085,0.13060127111283978,0.4101807475090027,0.009621726181089129,1.0679806627355553
12,56,1,0.09491525423728814,0.12579350397947936,0.4255971312522888,0.012404037262485042,2.090066419073974
12,57,1,0.09661016949152543,0.1290924087009995,0.42803066968917847,0.007936850555034718,1.3531407036295822
12,58,1,0.09830508474576272,0.12428131319711999,0.42198094725608826,0.009772085598540885,1.4879438395525564
12,59,1,0.1,0.12537011649153276,0.41114431619644165,0.006316489929251769,0.49489973234240403
12,60,1,0.1016949152542373,0.12263762465957602,0.413222074508667,0.007741193105881757,0.8248351353805111
12,61,1,0.10338983050847457,0.12064072000213742,0.4153904616832733,0.00894912793334453,1.1180983823527892
12,62,1,0.10508474576271186,0.12265621616994854,0.41465437412261963,0.00497956124008848,0.3668662721360687
12,63,1,0.10677966101694915,0.12265043175273647,0.41760408878326416,0.004420219751237091,0.3625591203185836
12,64,1,0.10847457627118644,0.12207426673373283,0.4050161838531494,0.004316463585541665,-0.07506832875754597
12,65,1,0.11016949152542373,0.12781601899785258,0.39841777086257935,0.0015661281600388832,-0.7980437009256887
12,66,1,0.11186440677966102,0.1263983069798856,0.40021082758903503,0.0021096358606633066,-0.6389066831690897
12,67,1,0.1135593220338983,0.1258143620613973,0.39809858798980713,0.003164876227829448,-0.5159582389045309
12,68,1,0.1152542372881356,0.12380114159410889,0.4111838936805725,0.005969079272283061,0.4326116517464259
12,69,1,0.11694915254237288,0.12595088552081507,0.4166073203086853,0.004477029589389027,0.3398107336005747
12,70,1,0.11864406779661017,0.12669083317309615,0.40152958035469055,0.003044823039130439,-0.42383435448764956
12,71,1,0.12033898305084746,0.12881273681518685,0.4073425829410553,0.0012081063317527464,-0.5667812662169411
12,72,1,0.12203389830508475,0.13220792198391526,0.41423389315605164,0.0016495405349386382,-0.25678108884819795
12,73,1,0.12372881355932204,0.13509764943345665,0.39820799231529236,0.002437572887028462,-0.6454752499593582
12,74,1,0.12542372881355932,0.13886879970058189,0.39660459756851196,0.00392203217599328,-0.42702249020942556
12,75,1,0.1271186440677966,0.1443012968502094,0.398120254278183,0.006310037693749366,0.06058166117673841
12,76,1,0.1288135593220339,0.14699820643700984,0.3998886048793793,0.005134807271794174,-0.09577128326895021
12,77,1,0.13050847457627118,0.15127373342965153,0.4012098014354706,0.005712763151162216,0.053980049094841775
12,78,1,0.13220338983050847,0.15040667081808085,0.3938851058483124,0.00208410728096312,-0.8539528539169179
12,79,1,0.13389830508474576,0.1520861517148402,0.40156787633895874,0.0009001490358481111,-0.8152098501200777
12,80,1,0.13559322033898305,0.15139659319278143,0.4026806354522705,0.003039079580289082,-0.3866056255935355
12,81,1,0.13728813559322034,0.14865153449601637,0.4023275673389435,0.006883734965996995,0.3055359165977885
12,82,1,0.13898305084745763,0.14561701472809127,0.40780630707740784,0.00926270500051331,0.9232847444384108
12,83,1,0.14067796610169492,0.154274523955157,0.4061604142189026,0.004001341790148423,-0.0947078673413837
12,84,1,0.1423728813559322,0.1465200903791353,0.403426855802536,0.007709308387051099,0.493241397864538
12,85,1,0.1440677966101695,0.1521027080522992,0.4198671579360962,0.0035461347706216896,0.2777928750622556
12,86,1,0.14576271186440679,0.15080345937023262,0.4232286214828491,0.0035134987078916415,0.38360887936662447
12,87,1,0.14745762711864407,0.15397027886956244,0.41864824295043945,0.0031123169991570305,0.15783203704684318
12,88,1,0.14915254237288136,0.15219228729932693,0.40581372380256653,0.0029013290416553413,-0.3076290822594689
12,89,1,0.15084745762711865,0.15430800291278773,0.3974986970424652,0.002412624030337869,-0.673631703151323
12,90,1,0.15254237288135594,0.15894280177684636,0.3959994912147522,0.0019402403409570109,-0.8099747655679119
12,91,1,0.15423728813559323,0.1583668251779003,0.3960104286670685,0.0016031976085735256,-0.8713171477924827
12,92,1,0.15593220338983052,0.15820119451739117,0.40287676453590393,0.0019957669474990215,-0.5710937626626926
12,93,1,0.1576271186440678,0.16021034876854806,0.39852669835090637,0.001644520191801664,-0.7800690438648088
12,94,1,0.15932203389830507,0.16041430504048762,0.40316691994667053,0.002760469692858718,-0.42144160868141667
12,95,1,0.16101694915254236,0.1662148806273167,0.39437398314476013,0.002672230078060096,-0.7300203099519078
12,96,1,0.16271186440677965,0.1666422410953145,0.40036818385124207,0.0017727928843397952,-0.6953430933823572
12,97,1,0.16440677966101694,0.16633251111245276,0.39506280422210693,0.0016948286757164758,-0.8860560623358377
12,98,1,0.16610169491525423,0.16979070101480406,0.39595827460289,0.001527576392422736,-0.8868964266986292
12,99,1,0.16779661016949152,0.1740855989042049,0.4046049118041992,0.002596033268558047,-0.4037239908320885
12,100,1,0.1694915254237288,0.17481298907908277,0.40930140018463135,0.0018409452214098775,-0.38577676271646183
12,101,1,0.1711864406779661,0.17811172398045427,0.40216532349586487,0.002611791779643281,-0.4819714637319717
12,102,1,0.17288135593220338,0.1777200374450374,0.4117930829524994,0.0012937804493507654,-0.40308719945769805
12,103,1,0.17457627118644067,0.1820170554837709,0.40230217576026917,0.001589985958401192,-0.6644934609047588
12,104,1,0.17627118644067796,0.18415525252282933,0.398114949464798,0.0017453188525681073,-0.7753081152033396
12,105,1,0.17796610169491525,0.1836008655612439,0.41186490654945374,0.001538358724152281,-0.35592094791024026
12,106,1,0.17966101694915254,0.18426117131359912,0.3933158814907074,0.0018566136127961418,-0.9145331259613039
12,107,1,0.18135593220338983,0.18577926879149378,0.40151435136795044,0.0019737996020419025,-0.6204248770457259
12,108,1,0.18305084745762712,0.1875684239617736,0.39588382840156555,0.0011708789091977546,-0.9546767957206967
12,109,1,0.1847457627118644,0.1891561994758325,0.40592536330223083,0.0003907151043699308,-0.7635620719276764
12,110,1,0.1864406779661017,0.18821714061786446,0.40658697485923767,0.0027186074409851642,-0.3153661913564921
12,111,1,0.188135593220339,0.19091462252213542,0.40141236782073975,0.0015099623802810559,-0.7087362982131347
12,112,1,0.18983050847457628,0.1930289932449214,0.40853723883628845,0.0010960079436715237,-0.5475740887863312
12,113,1,0.19152542372881357,0.18672852036502102,0.39702245593070984,0.007845200773342305,0.3051317695228882
12,114,1,0.19322033898305085,0.19351826764661612,0.4019887149333954,0.0029945109202069394,-0.41777626602140716
12,115,1,0.19491525423728814,0.18529968245512088,0.3876361846923828,0.009992400662727484,0.38608727918759256
12,116,1,0.19661016949152543,0.19237680928598844,0.40477022528648376,0.004478660952483898,-0.053552830523372494
12,117,1,0.19830508474576272,0.18946657065456132,0.40139687061309814,0.004644382687250429,-0.13539883413244674
12,118,1,0.2,0.18841510489714267,0.39815881848335266,0.005994709786603896,0.004133624690802584
12,119,1,0.2016949152542373,0.18922291300393435,0.4089791476726532,0.003911110992443833,-0.01748575531265524
12,120,1,0.2033898305084746,0.1911797017895677,0.40124255418777466,0.00306462780219557,-0.42975400980591394
12,121,1,0.20508474576271185,0.19699749790599688,0.39107704162597656,0.0031819431465204954,-0.7463467849895827
12,122,1,0.20677966101694914,0.19752485135614697,0.4018859565258026,0.002411784493371626,-0.527879812725743
12,123,1,0.20847457627118643,0.19963394366592868,0.4034060835838318,0.0020377904681463904,-0.5457966706582102
12,124,1,0.21016949152542372,0.19726118172703122,0.404563307762146,0.00331729912555369,-0.2730575175133601
12,125,1,0.211864406779661,0.20233176498568875,0.3993123769760132,0.0014534810459558526,-0.7889156381612683
12,126,1,0.2135593220338983,0.20061276721349094,0.3939921259880066,0.002819650393382807,-0.7157297424223725
12,127,1,0.21525423728813559,0.20175799451163756,0.4120735824108124,0.0024464020595722103,-0.18273559090343477
12,128,1,0.21694915254237288,0.20199724669152594,0.40093210339546204,0.002738162591111039,-0.49984814804147637
12,129,1,0.21864406779661016,0.20332921014689612,0.39430466294288635,0.002590215376864562,-0.7473410029778326
12,130,1,0.22033898305084745,0.2072924288199487,0.39091312885284424,0.0011793969411972108,-1.118426166937109
12,131,1,0.22203389830508474,0.20502128943840128,0.38835611939430237,0.0028174127772756952,-0.903574158300548
12,132,1,0.22372881355932203,0.21339846784265354,0.3996611535549164,0.004743941895285637,-0.1748955840987773
12,133,1,0.22542372881355932,0.21362341973960508,0.4061911106109619,0.002855008990614531,-0.303558779697729
12,134,1,0.2271186440677966,0.21502515571762507,0.4033454954624176,0.001979249461707205,-0.5585293760113964
12,135,1,0.2288135593220339,0.2102260413099032,0.4050372838973999,0.005785524047842912,0.19459046791432483
12,136,1,0.2305084745762712,0.21899074654671635,0.4187561869621277,0.0022774396076032733,0.008571694496025739
12,137,1,0.23220338983050848,0.22228714368618144,0.3997683823108673,0.0035763206845441215,-0.38509878962651417
12,138,1,0.23389830508474577,0.22272975266777728,0.41833966970443726,0.00248059062333295,0.031912816024053936
12,139,1,0.23559322033898306,0.22315198799533856,0.42664551734924316,0.0027183028346586735,0.3516581537703668
12,140,1,0.23728813559322035,0.22238468353414265,0.4090521037578583,0.0036497063630356193,-0.0629177043738161
12,141,1,0.23898305084745763,0.22413570872158833,0.4052255153656006,0.0027737815815344026,-0.35054244820543845
12,142,1,0.24067796610169492,0.22282846364869036,0.4014148712158203,0.004516551754196215,-0.15820361111978792
12,143,1,0.2423728813559322,0.22276396664181533,0.407066285610199,0.004605726506299522,0.04606975578469961
12,144,1,0.2440677966101695,0.22219640215662867,0.39756572246551514,0.005076285653105377,-0.1837367895139298
12,145,1,0.2457627118644068,0.22909179736384658,0.40040117502212524,0.002783721315901802,-0.5091641144922728
12,146,1,0.24745762711864408,0.22576060877933515,0.3990415334701538,0.0027883412886682596,-0.5535354209957866
12,147,1,0.24915254237288137,0.23344890917928468,0.41273295879364014,0.004251233270703354,0.16962339378172683
12,148,1,0.25084745762711863,0.23197619210086778,0.3966112732887268,0.0027970274671568845,-0.6327674813837544
12,149,1,0.25254237288135595,0.23977950536856665,0.4082273840904236,0.0054656463395582455,0.2421190077014748
12,150,1,0.2542372881355932,0.23698273159371866,0.4075901508331299,0.0030240069822771247,-0.22609105199425472
12,151,1,0.2559322033898305,0.2422636554260244,0.4078676998615265,0.002928056532781161,-0.23442740415830204
12,152,1,0.2576271186440678,0.23699871099237263,0.40347185730934143,0.004996292303096632,-0.001963739159673711
12,153,1,0.2593220338983051,0.241866183632829,0.4001622498035431,0.002969289271109672,-0.4831359995900731
12,154,1,0.26101694915254237,0.2389309951958444,0.39981961250305176,0.004841307388566628,-0.15179999557468898
12,155,1,0.2627118644067797,0.23915473713768334,0.4166700839996338,0.005104631347259124,0.45680001076994237
12,156,1,0.26440677966101694,0.2430154077688106,0.40714573860168457,0.0018925834421884397,-0.4480128876085253
12,157,1,0.26610169491525426,0.2436048536916927,0.4061183035373688,0.0019087248230087212,-0.479226765075343
12,158,1,0.2677966101694915,0.2466036562888949,0.40101754665374756,0.0011826756672122917,-0.7817867146673421
12,159,1,0.26949152542372884,0.2455707822914299,0.4032882750034332,0.0017683636035153592,-0.5990415341639865
12,160,1,0.2711864406779661,0.25606704026698424,0.43353450298309326,0.007123883083602329,1.38734090272267
12,161,1,0.27288135593220336,0.24921416278340078,0.4135783016681671,0.0031157999012400056,-0.010139619379121917
12,162,1,0.2745762711864407,0.2568535885004976,0.4508107304573059,0.004549714672158558,1.4906091489934865
12,163,1,0.27627118644067794,0.25642470938910417,0.41735726594924927,0.0036850244885278465,0.21975032293380004
12,164,1,0.27796610169491526,0.2734140093753732,0.41798335313796997,0.014529651967201613,2.2260172910917397
12,165,1,0.2796610169491525,0.26258290658115613,0.4078872799873352,0.005626254727630819,0.2602126280470069
12,166,1,0.28135593220338984,0.27794187223381506,0.4204646348953247,0.01137858659910741,1.731636188903669
12,167,1,0.2830508474576271,0.2691560743144345,0.40413540601730347,0.007238169975097001,0.4305489125276293
12,168,1,0.2847457627118644,0.2789737013578066,0.4150276184082031,0.0057531216130343645,0.5209033479589738
12,169,1,0.2864406779661017,0.2607735316358401,0.42068955302238464,0.015634589159137832,2.51830948050207
12,170,1,0.288135593220339,0.2839846090088818,0.40811383724212646,0.008403049301239343,0.7761255328579876
12,171,1,0.28983050847457625,0.2742600715716285,0.40912410616874695,0.008251866779411355,0.7820450528479143
12,172,1,0.29152542372881357,0.2956728803890893,0.4053160548210144,0.016930419822375184,2.2442802815950373
12,173,1,0.29322033898305083,0.2796107776333682,0.4175759553909302,0.010307075112990637,1.4393949490798037
12,174,1,0.29491525423728815,0.29101724463599143,0.40642085671424866,0.007416288557893513,0.5391654984286733
12,175,1,0.2966101694915254,0.28863170209772043,0.4106089472770691,0.007355922520386022,0.6673955238259661
12,176,1,0.2983050847457627,0.29005746885495975,0.4144402742385864,0.005596820814148305,0.4727545342285166
12,177,1,0.3,0.2814584149284224,0.4091870188713074,0.010115365550262436,1.1253085645072176
12,178,1,0.3016949152542373,0.28327233807925173,0.4185303747653961,0.008821416863976358,1.1991399296851628
12,179,1,0.30338983050847457,0.28460614488829894,0.4175964295864105,0.005493318274964522,0.5587683673207626
12,180,1,0.3050847457627119,0.2902071801250099,0.4064987003803253,0.004434836367616666,-0.004092972749253722
12,181,1,0.30677966101694915,0.28847812203898066,0.40739408135414124,0.0010610458382096137,-0.5919925853804526
12,182,1,0.30847457627118646,0.2963683911337547,0.4099918007850647,0.005482962677694504,0.3039679052528669
12,183,1,0.3101694915254237,0.3016039325741127,0.4186280369758606,0.0074444908544267895,0.9502988379241024
12,184,1,0.31186440677966104,0.30573198282587677,0.42246153950691223,0.007323094184737406,1.0555628999217375
12,185,1,0.3135593220338983,0.3058297972213844,0.41902387142181396,0.004339697141909464,0.39503418674655977
12,186,1,0.3152542372881356,0.3080723193602628,0.4126755893230438,0.0019719358503827405,-0.2495806070424454
12,187,1,0.3169491525423729,0.31936617174350024,0.40432336926460266,0.009812181574916158,0.9080525970326232
12,188,1,0.31864406779661014,0.30427233724029834,0.4240902066230774,0.009722212720632591,1.5489599825232898
12,189,1,0.32033898305084746,0.31056378224183384,0.42265743017196655,0.005362682388835232,0.703163388736142
12,190,1,0.3220338983050847,0.3163584476438893,0.4105803966522217,0.005595864177951037,0.34421275864348033
12,191,1,0.32372881355932204,0.3186728895152238,0.418026328086853,0.00553044947734665,0.5798633734635887
12,192,1,0.3254237288135593,0.3294512359810317,0.4194411635398865,0.012739889647545478,1.9468276938256308
12,193,1,0.3271186440677966,0.3158585489481961,0.41014936566352844,0.007147522070473438,0.6139572089274752
12,194,1,0.3288135593220339,0.3224838593635069,0.41339755058288574,0.0043096621047736365,0.20242270667426765
12,195,1,0.3305084745762712,0.318721202267479,0.43733319640159607,0.007139913357685464,1.5166075942004813
12,196,1,0.33220338983050846,0.32253417455446626,0.4188244640827179,0.005187732466850828,0.543661732375696
12,197,1,0.3338983050847458,0.32833817711471863,0.4074404239654541,0.004194248658131712,-0.01682143427600796
12,198,1,0.33559322033898303,0.3220324401592989,0.4114918112754822,0.005231395338918686,0.30779603943380257
12,199,1,0.33728813559322035,0.3242252861466841,0.41827628016471863,0.003173221109539114,0.15661218373762434
12,200,1,0.3389830508474576,0.32280666204553105,0.4167715907096863,0.005720339621435812,0.5729002802645626
12,201,1,0.34067796610169493,0.32692069685116215,0.4211626946926117,0.0028825476567514398,0.19938789756051334
12,202,1,0.3423728813559322,0.3287455660846553,0.4140903949737549,0.0008303847215923983,-0.41152523628035903
12,203,1,0.3440677966101695,0.3351519469963299,0.4141247272491455,0.005232912041146854,0.3956357082021176
12,204,1,0.34576271186440677,0.3367608356293055,0.41333699226379395,0.00415458757985818,0.17201753795810057
12,205,1,0.3474576271186441,0.33279773845747723,0.41163742542266846,0.0033415051060608366,-0.03336434147410877
12,206,1,0.34915254237288135,0.3431873984827209,0.41013914346694946,0.005578894517604028,0.32643132918447754
12,207,1,0.35084745762711866,0.33701394096366016,0.42241212725639343,0.004615329484794598,0.5581793054531059
12,208,1,0.3525423728813559,0.3357763130624463,0.4181106388568878,0.005908147494019496,0.6518166040530669
12,209,1,0.35423728813559324,0.3282335000534551,0.42410606145858765,0.01320482986129594,2.187088340352366
12,210,1,0.3559322033898305,0.34974403694556166,0.4171214997768402,0.009564033138935649,1.2882443952046079
12,211,1,0.3576271186440678,0.33210445331989863,0.4170532822608948,0.010069660373508888,1.3785464555481557
12,212,1,0.3593220338983051,0.35630834094226077,0.4209859073162079,0.015599282923745473,2.521701332879637
12,213,1,0.3610169491525424,0.3413928473250721,0.4044995903968811,0.01057970969398219,1.0544329498209264
12,214,1,0.36271186440677966,0.35323224141942705,0.413665771484375,0.00898766574534792,1.06779648980117
12,215,1,0.3644067796610169,0.3486259393432099,0.4191517233848572,0.008161923994544304,1.0990632854600129
12,216,1,0.36610169491525424,0.35529081381645217,0.42518535256385803,0.005729345357986434,0.8543626706932177
12,217,1,0.3677966101694915,0.36044269667525575,0.4183451235294342,0.006562754026040547,0.7794608088404196
12,218,1,0.3694915254237288,0.37684974453377085,0.3980391323566437,0.018207339547009774,2.236053909290671
12,219,1,0.3711864406779661,0.37131303489023376,0.41790738701820374,0.010383505381290226,1.4644101888277752
12,220,1,0.3728813559322034,0.37884129619838025,0.4130062758922577,0.009324758583242495,1.1075791683304717
12,221,1,0.37457627118644066,0.3727424958757501,0.41922685503959656,0.006117993233542193,0.727356996162049
12,222,1,0.376271186440678,0.37466852377410315,0.41862383484840393,0.004626718788147018,0.43427852088986324
12,223,1,0.37796610169491524,0.3688116464793989,0.42755189538002014,0.009824173378392783,1.6827512466174501
12,224,1,0.37966101694915255,0.3648773112241314,0.43101322650909424,0.013133161530951553,2.403676464240412
12,225,1,0.3813559322033898,0.3659952972253868,0.4131334125995636,0.008524179286133958,0.9652364406418947
12,226,1,0.38305084745762713,0.36577848163756777,0.4211525619029999,0.007054195211362193,0.9628003809512817
12,227,1,0.3847457627118644,0.370213971841964,0.4125840365886688,0.0022982285844252237,-0.19288734038546665
12,228,1,0.3864406779661017,0.37292990719993757,0.4133419692516327,0.001969159544500205,-0.22792732571965674
12,229,1,0.38813559322033897,0.37030024580064025,0.4166930317878723,0.00267365084874867,0.012496801829095738
12,230,1,0.3898305084745763,0.3736751274602342,0.4042930603027344,0.0017662879009233692,-0.5660057535758766
12,231,1,0.39152542372881355,0.375237009613047,0.4095712900161743,0.0015578746727552867,-0.4286259717537354
12,232,1,0.39322033898305087,0.38062633835928383,0.4086264371871948,0.003346283667644208,-0.13262488734290395
12,233,1,0.3949152542372881,0.3954658464327299,0.40678542852401733,0.016261683951253728,2.1707139004881517
12,234,1,0.39661016949152544,0.38152246416507773,0.4040268063545227,0.00509721906041319,0.03496978525251572
12,235,1,0.3983050847457627,0.3976735280791462,0.38730525970458984,0.010810083309498505,0.5247839880779201
12,236,1,0.4,0.3952253747181978,0.3931485414505005,0.00689874656224366,0.003020518592815824
12,237,1,0.4016949152542373,0.399988752416264,0.3874199688434601,0.004946780341785133,-0.5448606243878948
12,238,1,0.4033898305084746,0.3865572149170231,0.3968941271305084,0.011289797100823203,0.9315041722620987
12,239,1,0.40508474576271186,0.40203594386951974,0.3999515175819397,0.004818819149682315,-0.15153044289955137
12,240,1,0.4067796610169492,0.39326195795196045,0.387675017118454,0.008588924349664327,0.13042884883229722
12,241,1,0.40847457627118644,0.4027149314821331,0.3987623453140259,0.00640027728883504,0.09845662057669496
12,242,1,0.4101694915254237,0.39088846526539234,0.38852861523628235,0.009498528962941637,0.3253480059030558
12,243,1,0.411864406779661,0.4000252575727163,0.3984099328517914,0.005999009468210003,0.013272039746406006
12,244,1,0.4135593220338983,0.39569770328045983,0.39148885011672974,0.0059762580990293974,-0.22106539420527033
12,245,1,0.4152542372881356,0.39878247374041426,0.39619117975234985,0.004887401561884252,-0.26403057918801565
12,246,1,0.41694915254237286,0.39736424301761014,0.4019976556301117,0.003228714120310437,-0.3746007688606443
12,247,1,0.4186440677966102,0.3922682187308809,0.40496760606765747,0.009943682845094089,0.9535531468143591
12,248,1,0.42033898305084744,0.40294306627562215,0.40641871094703674,0.003136817446406969,-0.2443957749142815
12,249,1,0.42203389830508475,0.4072127918512155,0.4051160514354706,0.005128809236908739,0.07697799931454714
12,250,1,0.423728813559322,0.4036046152129504,0.40215399861335754,0.003708455866186453,-0.28156971804271214
12,251,1,0.42542372881355933,0.4186743680653094,0.3995513916015625,0.012922712874467291,1.3188317876385562
12,252,1,0.4271186440677966,0.4156412391462595,0.40491193532943726,0.005653507515970203,0.16625207272522188
12,253,1,0.4288135593220339,0.41576565571331886,0.39835211634635925,0.004176757167580801,-0.32227054381182324
12,254,1,0.43050847457627117,0.41215537623245946,0.3955696225166321,0.006390370246389573,-0.009536464975963
12,255,1,0.4322033898305085,0.40925558139726764,0.3960511386394501,0.010548060565244032,0.7676713138882336
12,256,1,0.43389830508474575,0.40534161642180877,0.39496520161628723,0.012107328873692468,1.0170291000071103
12,257,1,0.43559322033898307,0.41249541613454954,0.4020509421825409,0.005106626901574411,-0.029018459147875514
12,258,1,0.43728813559322033,0.4171236885806715,0.40130579471588135,0.003978638425409166,-0.2603128490182204
12,259,1,0.43898305084745765,0.4210122891510941,0.4071517288684845,0.005713731344344898,0.25176596284851005
12,260,1,0.4406779661016949,0.41209308013248924,0.39940306544303894,0.006144654612716615,0.07296517273191788
12,261,1,0.4423728813559322,0.41585458821981813,0.41125914454460144,0.005102870062087313,0.2765277831831375
12,262,1,0.4440677966101695,0.41340913963287695,0.41356638073921204,0.007356254061316169,0.7658105795985617
12,263,1,0.4457627118644068,0.4146789274529398,0.40558263659477234,0.005157829004304658,0.09780803142457811
12,264,1,0.44745762711864406,0.41902202585195625,0.39691200852394104,0.0017315803070862164,-0.8178291790220611
12,265,1,0.4491525423728814,0.42219618471271175,0.40508463978767395,0.002435319742232164,-0.4171934361816819
12,266,1,0.45084745762711864,0.419858366955273,0.4151965379714966,0.0017557150777847397,-0.20532819522600276
12,267,1,0.45254237288135596,0.4279488424800931,0.42019930481910706,0.004765484063698018,0.5120786762884557
12,268,1,0.4542372881355932,0.4289580385530614,0.40266185998916626,0.0028014997780288525,-0.43072638597708895
12,269,1,0.4559322033898305,0.4301472813549357,0.41356784105300903,0.002015289472022496,-0.2119700702596065
12,270,1,0.4576271186440678,0.4346653902193503,0.4081113040447235,0.003692775710334646,-0.08632038006754815
12,271,1,0.45932203389830506,0.425432147261683,0.40852901339530945,0.009242223063352,0.9435696883621391
12,272,1,0.4610169491525424,0.43498568119851594,0.4161694049835205,0.0029873858556980167,0.05252164695241743
12,273,1,0.46271186440677964,0.4262139504184061,0.4075222611427307,0.00933815676339002,0.9276521108634332
12,274,1,0.46440677966101696,0.4346435283047062,0.416542649269104,0.005350139869079276,0.4975099065841778
12,275,1,0.4661016949152542,0.4247819217873573,0.4086552858352661,0.009781387181645384,1.0464798015899788
12,276,1,0.46779661016949153,0.4365153772430872,0.40453779697418213,0.005507230758999662,0.1270289838769187
12,277,1,0.4694915254237288,0.4255118310816929,0.4078536927700043,0.00927134552987119,0.926442551150711
12,278,1,0.4711864406779661,0.4390350081108166,0.4069992005825043,0.006065184604320808,0.31103780097416855
12,279,1,0.4728813559322034,0.4306128643452401,0.3982788622379303,0.0059453761461769235,-0.0009061740020521736
12,280,1,0.4745762711864407,0.43952220956020777,0.4081202447414398,0.0057053189163776465,0.2824354093733901
12,281,1,0.47627118644067795,0.4307329292015265,0.4029783010482788,0.007182031246137687,0.38178953140294375
12,282,1,0.47796610169491527,0.4497651781238429,0.41317513585090637,0.010544943146220327,1.3365875140130843
12,283,1,0.47966101694915253,0.4375418822435225,0.40038055181503296,0.006136502099686034,0.10398053357695403
12,284,1,0.48135593220338985,0.45081407829390174,0.4084934890270233,0.00835238912269248,0.7794765660249169
12,285,1,0.4830508474576271,0.44391802733174557,0.4037449359893799,0.007227214808538962,0.4155575008526521
12,286,1,0.4847457627118644,0.4489422074350179,0.40541577339172363,0.005628733145254116,0.17847232656043832
12,287,1,0.4864406779661017,0.44109005901370996,0.396128386259079,0.008458471985511836,0.3876763147440565
12,288,1,0.488135593220339,0.45008656438496875,0.4070935547351837,0.0045359462805010155,0.03420120125652197
12,289,1,0.48983050847457626,0.44374339219215286,0.4037003815174103,0.006510304522382564,0.2828231055187125
12,290,1,0.4915254237288136,0.44993724139266034,0.40192267298698425,0.004397726588165942,-0.16307045258265082
12,291,1,0.49322033898305084,0.4521945270449419,0.39439818263053894,0.0032284385998124104,-0.6273842955048823
12,292,1,0.49491525423728816,0.4588360800002195,0.4151490330696106,0.0056011665733637205,0.497121111172174
12,293,1,0.4966101694915254,0.4592349403615839,0.4172617793083191,0.0044621142848681496,0.3588451444662765
12,294,1,0.49830508474576274,0.4644102581767761,0.41983532905578613,0.005115078803749852,0.5639782179966246
12,295,1,0.5,0.464430272297004,0.42778488993644714,0.0023557281024697884,0.3231693298945801
12,296,1,0.5016949152542373,0.46816825973731485,0.4193054437637329,0.0021958898552440886,0.011907929403014439
12,297,1,0.5033898305084745,0.4687058245641589,0.41708114743232727,0.0013794298792408426,-0.21154305641909626
12,298,1,0.5050847457627119,0.4707672903058594,0.4188006818294525,0.0007095016978669518,-0.2770082179328371
12,299,1,0.5067796610169492,0.4720999124402237,0.41450822353363037,0.0006017157921054038,-0.43949459381513956
12,300,1,0.5084745762711864,0.4751811385461493,0.41621726751327515,0.001001334611085215,-0.3094948817683832
12,301,1,0.5101694915254237,0.48957991314593174,0.411566823720932,0.013646889508659067,1.8510079122568257
12,302,1,0.511864406779661,0.49570744547825674,0.42767682671546936,0.014555899695540815,2.553195299596373
12,303,1,0.5135593220338983,0.5079744706616439,0.44223254919052124,0.020587886085828663,4.141612189506485
12,304,1,0.5152542372881356,0.5089153103890733,0.424619197845459,0.012938562828823306,2.155405103909345
12,305,1,0.5169491525423728,0.5135295904482758,0.43739038705825806,0.008740823356374534,1.8116057909450256
12,306,1,0.5186440677966102,0.5212156815967305,0.45249077677726746,0.010439495179243153,2.624788866969081
12,307,1,0.5203389830508475,0.5219873489784148,0.4625195562839508,0.005297166275101854,2.0168497774986096
12,308,1,0.5220338983050847,0.5248063881265388,0.4641745090484619,0.0041499231002403,1.8618495334267837
12,309,1,0.523728813559322,0.5266917221307534,0.4702279567718506,0.002062487670088582,1.6809971855884205
12,310,1,0.5254237288135594,0.5278591897490817,0.48225513100624084,0.00044980871363105074,1.7857299216237954
12,311,1,0.5271186440677966,0.5289607391955258,0.4935653805732727,0.0007110145938618782,2.209692875101363
12,312,1,0.5288135593220339,0.5293462351150513,0.5006714463233948,0.0019777568585985107,2.6779333412470603
12,313,1,0.5305084745762711,0.5299206939277821,0.5001342296600342,0.002538259792995866,2.7626847555447553
12,314,1,0.5322033898305085,0.530695561643182,0.5002794861793518,0.0025706350268531065,2.773442792769248
12,315,1,0.5338983050847458,0.5325288556802847,0.4748668074607849,0.001514184547191817,1.7348859703373711
12,316,1,0.535593220338983,0.5345911676434887,0.4813908636569977,0.0007084207991116094,1.8043342398363054
12,317,1,0.5372881355932203,0.5352362860739206,0.48263245820999146,0.0009422658229386471,1.8884381109998452
12,318,1,0.5389830508474577,0.5357849520100164,0.47399789094924927,0.001722497923377463,1.7441269342217072
12,319,1,0.5406779661016949,0.5369551114434,0.4769320487976074,0.001824686081702458,1.8604159336762471
12,320,1,0.5423728813559322,0.5375088702771984,0.4600486159324646,0.0023774911886829,1.4001374795740038
12,321,1,0.5440677966101695,0.538192225402264,0.44319018721580505,0.0024235617220447637,0.847917100135486
12,322,1,0.5457627118644067,0.5389746689166935,0.4443383812904358,0.0023801030397010304,0.8781457395861691
12,323,1,0.5474576271186441,0.5400519808812803,0.44356563687324524,0.0021002203017835997,0.8012056262336839
12,324,1,0.5491525423728814,0.5413341739952127,0.4334300756454468,0.0015922445473212522,0.3711300036821325
12,325,1,0.5508474576271186,0.5426333890484507,0.42698392271995544,0.0012493554235867722,0.09397600371835035
12,326,1,0.5525423728813559,0.5450667767113151,0.42521169781684875,0.0004625645578475564,-0.10900874584921949
12,327,1,0.5542372881355933,0.5463748862839002,0.4374321699142456,0.0003141317967941575,0.27022811017378734
12,328,1,0.5559322033898305,0.548923818252177,0.422985315322876,0.0008270295692824181,-0.11632416580883909
12,329,1,0.5576271186440678,0.5513811700942157,0.42691582441329956,0.0013869703470801142,0.11690596133118114
12,330,1,0.559322033898305,0.5531834205902426,0.4290793240070343,0.0010022755816657524,0.1184264222244178
12,331,1,0.5610169491525424,0.5571784416295877,0.4185403287410736,0.0029681356512789984,0.12784630352639162
12,332,1,0.5627118644067797,0.5601904731052476,0.42451149225234985,0.0032792782905169808,0.3833915638053655
12,333,1,0.5644067796610169,0.5664015942159221,0.41356003284454346,0.006673735687923772,0.6406433136641139
12,334,1,0.5661016949152542,0.5739472378975252,0.4060714840888977,0.01046427333910034,1.0855746777696713
12,335,1,0.5677966101694916,0.5822584078778019,0.39646753668785095,0.013584488992556388,1.3374317186003783
12,336,1,0.5694915254237288,0.590155515175955,0.39520275592803955,0.015211604728655915,1.5932633353899606
12,337,1,0.5711864406779661,0.5989082841599354,0.39274945855140686,0.016473113194959435,1.742633110198372
12,338,1,0.5728813559322034,0.6068152375365681,0.40156787633895874,0.016253394085588832,1.995677828303882
12,339,1,0.5745762711864407,0.6111406890441685,0.3862243592739105,0.012361845683428558,0.7729350803309982
12,340,1,0.576271186440678,0.6190805991555111,0.38394686579704285,0.01308118550317945,0.828890719729422
12,341,1,0.5779661016949152,0.6219163953258304,0.4042434096336365,0.008685710678609805,0.6991579724152057
12,342,1,0.5796610169491525,0.6250398025358903,0.396336168050766,0.006057090097195917,-0.04506098914519224
12,343,1,0.5813559322033899,0.6267280461393081,0.3977009356021881,0.0031939670837092303,-0.5238568454569459
12,344,1,0.5830508474576271,0.6285658786865379,0.4069315195083618,0.0011301857242280566,-0.5947176466008718
12,345,1,0.5847457627118644,0.6270570742480359,0.41124212741851807,0.002749938597030642,-0.1548152290758893
12,346,1,0.5864406779661017,0.6373720134157198,0.40131422877311707,0.006279830840101875,0.16127228121874262
12,347,1,0.588135593220339,0.6343593210513679,0.4035383462905884,0.0025393283726035435,-0.4495759865666663
12,348,1,0.5898305084745763,0.6383674538968565,0.4049918055534363,0.003484472501967813,-0.22820084113770067
12,349,1,0.5915254237288136,0.6362341975941131,0.41042906045913696,0.0034922261665554706,-0.04595635867257744
12,350,1,0.5932203389830508,0.6342903923463097,0.40348902344703674,0.006537336316379526,0.28074305045798886
12,351,1,0.5949152542372881,0.6353765076635692,0.4133119285106659,0.004680815731767445,0.267526385131248
12,352,1,0.5966101694915255,0.6351333668697066,0.4120725393295288,0.005178253178680441,0.3173797938424712
12,353,1,0.5983050847457627,0.6333093602962654,0.4067448675632477,0.006193737995334141,0.32611521964971224
12,354,1,0.6,0.6305233157428838,0.411048948764801,0.008248573224253807,0.8454558997670104
12,355,1,0.6016949152542372,0.6309539215435596,0.41005122661590576,0.0068761982727215554,0.561019195930889
12,356,1,0.6033898305084746,0.632115174104467,0.40533190965652466,0.004609299181811648,-0.010955705271475658
12,357,1,0.6050847457627119,0.6294998010621425,0.3986378610134125,0.006470124032826279,0.10710430135268095
12,358,1,0.6067796610169491,0.6310816775757376,0.3921140432357788,0.003935857710700473,-0.5738321326045244
12,359,1,0.6084745762711864,0.627184365974292,0.3913412094116211,0.007972759770359621,0.13954612046119774
12,360,1,0.6101694915254238,0.6315046384213546,0.39883071184158325,0.004021338219876405,-0.33480831511230746
12,361,1,0.611864406779661,0.6282032513958291,0.3981432318687439,0.0058588515357274485,-0.02125780042867792
12,362,1,0.6135593220338983,0.6320907008517698,0.39951425790786743,0.002742092956543786,-0.5462813770095789
12,363,1,0.6152542372881356,0.6271312799964723,0.4052947461605072,0.006858941337513901,0.3996751289641888
12,364,1,0.6169491525423729,0.6320280732655348,0.39210689067840576,0.003548376773892799,-0.6450104057490331
12,365,1,0.6186440677966102,0.6300176851246622,0.40247946977615356,0.0040901234259142095,-0.20086955047583363
12,366,1,0.6203389830508474,0.6276693524304527,0.4137468636035919,0.006892064552331894,0.6868285505304516
12,367,1,0.6220338983050847,0.6239733065989685,0.40990152955055237,0.009482773278486832,1.033255167867474
12,368,1,0.6237288135593221,0.6219565703309284,0.4035024642944336,0.010710016197150994,1.0451285135829007
12,369,1,0.6254237288135593,0.6211656988986923,0.39705613255500793,0.008983011895735514,0.5145633560539936
12,370,1,0.6271186440677966,0.6215625224048862,0.40917283296585083,0.006373191833049201,0.43971582838079615
12,371,1,0.6288135593220339,0.6238897490802044,0.4039452373981476,0.0028339745543634566,-0.38210002579518065
12,372,1,0.6305084745762712,0.6258747546877514,0.4013493061065674,0.0011152923054024827,-0.7830901178254707
12,373,1,0.6322033898305085,0.6301406212693184,0.40611422061920166,0.0027729578282598825,-0.3211378939925455
12,374,1,0.6338983050847458,0.6272085055356174,0.4049733281135559,0.0024028884980976262,-0.42683283567426045
12,375,1,0.635593220338983,0.6312050734714918,0.39859113097190857,0.0013477504232772516,-0.8322591404153247
12,376,1,0.6372881355932203,0.6290583771247469,0.39254456758499146,0.003793343789472729,-0.585605924289425
12,377,1,0.6389830508474577,0.6299980532756009,0.38657063245773315,0.0036495732478675925,-0.8106007058356213
12,378,1,0.6406779661016949,0.6308832042121637,0.3904605805873871,0.002728780312875394,-0.8498137309780593
12,379,1,0.6423728813559322,0.6349394303751799,0.3978026211261749,0.001937178467700037,-0.7505692593713524
12,380,1,0.6440677966101694,0.6391653207786887,0.4002736806869507,0.0037010723585910025,-0.34545459067476453
12,381,1,0.6457627118644068,0.6383051058609956,0.41040050983428955,0.001608080547256046,-0.39185714838065544
12,382,1,0.6474576271186441,0.6481019590993221,0.39626872539520264,0.008034211619390259,0.3146695073644919
12,383,1,0.6491525423728813,0.6551507787239126,0.38641685247421265,0.010778342522191132,0.48942739599781304
12,384,1,0.6508474576271186,0.6499360774748895,0.39032185077667236,0.0047477849266176365,-0.48478600820872403
12,385,1,0.652542372881356,0.6576648633577655,0.3838944137096405,0.005987651447154182,-0.4715450723048148
12,386,1,0.6542372881355932,0.6601025249067112,0.3975411057472229,0.0032154392820695097,-0.5252411006247225
12,387,1,0.6559322033898305,0.666212940343357,0.3890393376350403,0.006254897054362425,-0.2515144935514098
12,388,1,0.6576271186440678,0.6652912689306483,0.3899034261703491,0.003877417377781943,-0.6580491865290847
12,389,1,0.6593220338983051,0.676612875755876,0.4029238820075989,0.010050494198080668,0.9051408429926038
12,390,1,0.6610169491525424,0.6713641992981028,0.3896230161190033,0.003538049304301382,-0.7295065392149696
12,391,1,0.6627118644067796,0.6741464140130946,0.3926766514778137,0.002962634498584384,-0.733300354940838
12,392,1,0.6644067796610169,0.6798914374419444,0.4067939221858978,0.004700674230209827,0.054394983799773616
12,393,1,0.6661016949152543,0.6790266826154465,0.39018937945365906,0.002748424971655755,-0.8552364106147494
12,394,1,0.6677966101694915,0.68006002760193,0.3931617736816406,0.0016540838172784283,-0.9567375972708211
12,395,1,0.6694915254237288,0.6790299298109972,0.40910059213638306,0.0034956927802815437,-0.08950210585720461
12,396,1,0.6711864406779661,0.6799759065450766,0.4019531011581421,0.0037705949956778214,-0.27687440139343655
12,397,1,0.6728813559322034,0.6856888818669715,0.4018566310405731,0.001985749163211489,-0.6068540608221953
12,398,1,0.6745762711864407,0.682585133020541,0.4020257294178009,0.002848035608877657,-0.4433621365123964
12,399,1,0.676271186440678,0.6872705545287232,0.3973185420036316,0.002113066083045869,-0.7344664307603896
12,400,1,0.6779661016949152,0.6855214919822046,0.4003739058971405,0.002603109181298373,-0.5431376473107815
12,401,1,0.6796610169491526,0.6850478490309047,0.4002663195133209,0.004463148491880302,-0.20617772716611693
12,402,1,0.6813559322033899,0.6755010390029136,0.40507304668426514,0.013849700310854656,1.6721773894662977
12,403,1,0.6830508474576271,0.6814741704893721,0.3883782923221588,0.008243214628583568,0.09052454621301276
12,404,1,0.6847457627118644,0.6866837933988331,0.39962485432624817,0.0050963257494758395,-0.11158798168567638
12,405,1,0.6864406779661016,0.6948127880036626,0.3894301950931549,0.008391592849981906,0.15267255353067477
12,406,1,0.688135593220339,0.6954808875567331,0.39862850308418274,0.007133304317962612,0.22820880723844505
12,407,1,0.6898305084745763,0.6981858421200331,0.39739325642585754,0.004339715895792708,-0.32432437219172083
12,408,1,0.6915254237288135,0.7073556392809743,0.38932135701179504,0.009320329337983975,0.3190869809018536
12,409,1,0.6932203389830508,0.7022578127307066,0.40689918398857117,0.0024523510269497993,-0.3537296531044245
12,410,1,0.6949152542372882,0.700615405732949,0.40083515644073486,0.004449121862337662,-0.1898281208645134
12,411,1,0.6966101694915254,0.7119112527112232,0.40459898114204407,0.0058319781606630695,0.18851884862782317
12,412,1,0.6983050847457627,0.7042794319826758,0.387278288602829,0.005634298060055807,-0.4237009945776338
12,413,1,0.7,0.7033753578805508,0.39872798323631287,0.005635100082012722,-0.042775566573143686
12,414,1,0.7016949152542373,0.7059334725966895,0.39175546169281006,0.0037865325767694703,-0.6130959537937816
12,415,1,0.7033898305084746,0.7157563166144654,0.397551029920578,0.006610009435424483,0.09657029144040397
12,416,1,0.7050847457627119,0.7146209948840295,0.3937687575817108,0.004456925242112168,-0.4234042892010033
12,417,1,0.7067796610169491,0.7182602513015772,0.3790864646434784,0.004540059160182571,-0.8964680604911118
12,418,1,0.7084745762711865,0.7231099066057634,0.38875633478164673,0.0052226655833980794,-0.4499082078408796
12,419,1,0.7101694915254237,0.7179265874805734,0.39912644028663635,0.004254762044060377,-0.28223790446027747
12,420,1,0.711864406779661,0.7286819387343109,0.40316858887672424,0.005958021493150124,0.1640249216309161
12,421,1,0.7135593220338983,0.735726231524846,0.40283599495887756,0.009487078321114879,0.799067263062149
12,422,1,0.7152542372881356,0.7507883080519718,0.4036599397659302,0.020182659792423577,2.7846268203897466
12,423,1,0.7169491525423729,0.7448756505930041,0.38946259021759033,0.011155627136022559,0.6597921081397103
12,424,1,0.7186440677966102,0.7576973189697862,0.39922022819519043,0.013434804570578147,1.401572666277439
12,425,1,0.7203389830508474,0.7591295424799293,0.3982280194759369,0.00774596770141581,0.32705709408513634
12,426,1,0.7220338983050848,0.7539668859050626,0.3961242735385895,0.005399229643909471,-0.17254965187271376
12,427,1,0.7237288135593221,0.7573392794804155,0.399377703666687,0.004496081237912203,-0.22970076103577783
12,428,1,0.7254237288135593,0.752965735385041,0.41125333309173584,0.008312003496932273,0.8638659183523839
12,429,1,0.7271186440677966,0.7525329941613812,0.39591485261917114,0.007561848824405736,0.21642022134958688
12,430,1,0.7288135593220338,0.7505109092689477,0.3992926776409149,0.007934796637202217,0.3970350610185198
12,431,1,0.7305084745762712,0.7514422301700374,0.3966703712940216,0.0061394815770837875,-0.018862190044132143
12,432,1,0.7322033898305085,0.749831684411429,0.3824450969696045,0.0062757650080976935,-0.466996382275038
12,433,1,0.7338983050847457,0.7406777583050609,0.3809869587421417,0.014646178371062817,1.0169745811953068
12,434,1,0.735593220338983,0.7538557752878331,0.3940957486629486,0.004558717049893758,-0.3938935108037067
12,435,1,0.7372881355932204,0.7470602690375625,0.3862897455692291,0.007629537676183327,-0.09128614046414651
12,436,1,0.7389830508474576,0.7440812310059222,0.38933905959129333,0.008019622927724084,0.08154106049654541
12,437,1,0.7406779661016949,0.7366432853709256,0.3955497741699219,0.01401995521134393,1.3866356003471765
12,438,1,0.7423728813559322,0.7358880195012458,0.39346078038215637,0.013766602847489888,1.2707786379781583
12,439,1,0.7440677966101695,0.744266430435923,0.37836983799934387,0.006350341662098259,-0.5888723117620989
12,440,1,0.7457627118644068,0.7423049587649939,0.37592288851737976,0.003954089142418432,-1.1089580190221542
12,441,1,0.747457627118644,0.7385504965862864,0.39191561937332153,0.005469659105160606,-0.2996211321621032
12,442,1,0.7491525423728813,0.7345076855446385,0.37803491950035095,0.009989272950648624,0.06620864956946693
12,443,1,0.7508474576271187,0.7305158249248236,0.3912232518196106,0.013636050081311734,1.1724641801301035
12,444,1,0.752542372881356,0.736643308964148,0.3904418349266052,0.006285760249239709,-0.1992216539918381
12,445,1,0.7542372881355932,0.7369519904691837,0.393890380859375,0.003867110611875394,-0.5273433661246523
12,446,1,0.7559322033898305,0.7448154934762359,0.4147007167339325,0.005916308827362561,0.5399081711079549
12,447,1,0.7576271186440678,0.7497693525389043,0.38422051072120667,0.008293215907131652,-0.0385950949515832
12,448,1,0.7593220338983051,0.7591320990380643,0.4089389145374298,0.012842580502771496,1.6163587232762244
12,449,1,0.7610169491525424,0.7576743434446775,0.40093284845352173,0.007340401622233986,0.34275922054540425
12,450,1,0.7627118644067796,0.7615093347266972,0.4116772711277008,0.004926205454005347,0.25808934082248625
12,451,1,0.764406779661017,0.7626584253405215,0.4003296196460724,0.0024505380106599555,-0.5725433447647887
12,452,1,0.7661016949152543,0.7666978275149827,0.40651461482048035,0.0022097947043176872,-0.41092659649069774
12,453,1,0.7677966101694915,0.7594423066926446,0.4043981730937958,0.006937158237250067,0.384178133335345
12,454,1,0.7694915254237288,0.7721653542210636,0.39826077222824097,0.005343898479177196,-0.1116269287185917
12,455,1,0.7711864406779662,0.7655016753207761,0.4073736369609833,0.005315676739497708,0.18626964381487773
12,456,1,0.7728813559322034,0.7759356907314039,0.40417829155921936,0.005739417620862287,0.15758204099680923
12,457,1,0.7745762711864407,0.7678965836264688,0.39275380969047546,0.0054407080165502966,-0.27704611706432314
12,458,1,0.7762711864406779,0.7752445161477062,0.41213804483413696,0.004524592935940616,0.1998855077584406
12,459,1,0.7779661016949152,0.7694801870687085,0.4001910090446472,0.005908911561055151,0.05600946756169606
12,460,1,0.7796610169491526,0.7806943286282443,0.39032500982284546,0.00532686885161727,-0.3786616764603593
12,461,1,0.7813559322033898,0.7785513179237498,0.3895936608314514,0.003791622085558313,-0.6840584359873267
12,462,1,0.7830508474576271,0.781766695471688,0.39157506823539734,0.0028257313805080315,-0.7949996952113798
12,463,1,0.7847457627118644,0.7807079594553346,0.3851087689399719,0.0033779554457110867,-0.9089454654793184
12,464,1,0.7864406779661017,0.7871841161854956,0.3941740095615387,0.002660250602480798,-0.7388639778106433
12,465,1,0.788135593220339,0.787418614997812,0.39915212988853455,0.0018532575940468962,-0.7210534249784313
12,466,1,0.7898305084745763,0.7823767386454135,0.4109072983264923,0.0061370900553439234,0.45417259890112915
12,467,1,0.7915254237288135,0.7886944493667445,0.4007784128189087,0.0028795082706398745,-0.47908167278402225
12,468,1,0.7932203389830509,0.7827413768850064,0.40142980217933655,0.007921585087034793,0.46568989957366413
12,469,1,0.7949152542372881,0.7942255067606302,0.3979167640209198,0.004673229613711234,-0.2458542286835908
12,470,1,0.7966101694915254,0.7905862019251555,0.3931763172149658,0.00360156371460372,-0.5997073327638068
12,471,1,0.7983050847457627,0.7968058163805083,0.38831785321235657,0.003907088532280164,-0.7053478210538725
12,472,1,0.8,0.7963271091995007,0.39458298683166504,0.0035770396481091616,-0.5574160916071254
12,473,1,0.8016949152542373,0.803489050022449,0.397514283657074,0.004758409282825433,-0.24364460077141886
12,474,1,0.8033898305084746,0.7977455183903541,0.38294634222984314,0.003485080658783521,-0.9612479610643365
12,475,1,0.8050847457627118,0.8010397605757847,0.40900757908821106,0.002594819753673479,-0.25752815668625384
12,476,1,0.8067796610169492,0.796141713197114,0.3895161747932434,0.0077531285230829795,0.03864125447654532
12,477,1,0.8084745762711865,0.8031220011776211,0.40526244044303894,0.003509291187326366,-0.21465659873925802
12,478,1,0.8101694915254237,0.8024296869809072,0.3972916007041931,0.0027732375501128043,-0.6144975464905957
12,479,1,0.811864406779661,0.807977437401535,0.38866519927978516,0.0030496647455034013,-0.8507742679208045
12,480,1,0.8135593220338984,0.8078696762072426,0.39943796396255493,0.0022831131656487562,-0.6328491444698233
12,481,1,0.8152542372881356,0.813341479455736,0.3929770290851593,0.0037472968407346167,-0.5796540216231594
12,482,1,0.8169491525423729,0.8197739213334125,0.3942939043045044,0.007624869148882453,0.1740507205117246
12,483,1,0.8186440677966101,0.8214604095915579,0.40130290389060974,0.00498095112446376,-0.07690456249515318
12,484,1,0.8203389830508474,0.8313186147155296,0.39746108651161194,0.011462760895367475,0.9820257341754343
12,485,1,0.8220338983050848,0.8359966052347237,0.39550453424453735,0.010278516787489879,0.7001447295155804
12,486,1,0.823728813559322,0.8381313788672216,0.3941431939601898,0.006749508975240749,0.008776769366829307
12,487,1,0.8254237288135593,0.8391803075863697,0.39644360542297363,0.0036394470794445127,-0.4841125172740545
12,488,1,0.8271186440677966,0.8420728387833246,0.3943811058998108,0.001671630009188586,-0.9129743065570636
12,489,1,0.8288135593220339,0.8421270475868614,0.3942984342575073,0.0009627172042233778,-1.0455121646672703
12,490,1,0.8305084745762712,0.8461167472159912,0.40720298886299133,0.001494371836871967,-0.5190139198331241
12,491,1,0.8322033898305085,0.8466505197629479,0.40707358717918396,0.0008716612718861842,-0.6373238694694943
12,492,1,0.8338983050847457,0.8477662764214642,0.4128723740577698,0.000992919202388432,-0.4222755652267592
12,493,1,0.8355932203389831,0.8425805498726309,0.3998105525970459,0.007329080047360175,0.3033626442493794
12,494,1,0.8372881355932204,0.8500681210362101,0.4027191698551178,0.0028497736023779486,-0.41998243056111906
12,495,1,0.8389830508474576,0.8386827568562965,0.3884866535663605,0.012328092090191688,0.8419917886615012
12,496,1,0.8406779661016949,0.8523612056990573,0.40088191628456116,0.004991669116821714,-0.0889429429470153
12,497,1,0.8423728813559322,0.8488931072596101,0.39851629734039307,0.004681915612000324,-0.2243255119871883
12,498,1,0.8440677966101695,0.8560125155105672,0.40237435698509216,0.004690124125960213,-0.09451651393140623
12,499,1,0.8457627118644068,0.8506321803436809,0.39483940601348877,0.0051788241660290415,-0.2556321118192903
12,500,1,0.847457627118644,0.8519221052781326,0.40052086114883423,0.00429712909827114,-0.22810752172359444
12,501,1,0.8491525423728814,0.8538534289264121,0.4008268713951111,0.0023727957342652385,-0.5702395476086215
12,502,1,0.8508474576271187,0.8569080693113647,0.3958025872707367,0.0025063384616327367,-0.712881314742733
12,503,1,0.8525423728813559,0.8509196875711295,0.39560845494270325,0.0066537405669429995,0.039973077242359545
12,504,1,0.8542372881355932,0.8583689316928639,0.3990646302700043,0.002152098878302945,-0.66925120450322
12,505,1,0.8559322033898306,0.8640933516740388,0.3899478614330292,0.004836340125421374,-0.48101086874603427
12,506,1,0.8576271186440678,0.865510514146375,0.39634251594543457,0.0038338371093178157,-0.4518852917196048
12,507,1,0.8593220338983051,0.8618177936184065,0.39259016513824463,0.004203277110968786,-0.5090384936518206
12,508,1,0.8610169491525423,0.8613384216652866,0.4055939316749573,0.005353708290809294,0.13404544653569483
12,509,1,0.8627118644067797,0.8640335677152443,0.3889754116535187,0.003899611324301162,-0.6848485588571009
12,510,1,0.864406779661017,0.8615136245437942,0.3977341949939728,0.005905931915708778,-0.026241476669578434
12,511,1,0.8661016949152542,0.8598723273311838,0.39981499314308167,0.006548006727673987,0.16051062626725937
12,512,1,0.8677966101694915,0.8612832806488183,0.41221022605895996,0.004650686838233791,0.22537141370171604
12,513,1,0.8694915254237288,0.8586919771031648,0.40674665570259094,0.0072282051297702255,0.5155659795525571
12,514,1,0.8711864406779661,0.8609845479668805,0.4038393199443817,0.003897625610257523,-0.19088817215690124
12,515,1,0.8728813559322034,0.8644190180065832,0.3990550935268402,0.0020675635967591487,-0.6850451698207904
12,516,1,0.8745762711864407,0.8730066088592727,0.40569430589675903,0.007417420754736155,0.5152101292057324
12,517,1,0.8762711864406779,0.8742900651907329,0.3891548216342926,0.005977213302487632,-0.2985125045213652
12,518,1,0.8779661016949153,0.8767767909123041,0.3713105022907257,0.004357248733261888,-1.1885397092522207
12,519,1,0.8796610169491526,0.8753663114519125,0.3770454525947571,0.0030793524476103924,-1.2317729694481216
12,520,1,0.8813559322033898,0.8746266284025065,0.39976099133491516,0.004477797874223937,-0.2203012304276386
12,521,1,0.8830508474576271,0.8833882153860341,0.37465420365333557,0.0038787842234952034,-1.1649371401965825
12,522,1,0.8847457627118644,0.8806516887267359,0.38121742010116577,0.0025430166109798036,-1.191220176703256
12,523,1,0.8864406779661017,0.8842613691449216,0.373456209897995,0.002769891969775669,-1.4077955290078883
12,524,1,0.888135593220339,0.8807670494587574,0.3875707983970642,0.004209408129467006,-0.6748433899580444
12,525,1,0.8898305084745762,0.8879949433640978,0.3848535120487213,0.002575602261318707,-1.064330091860167
12,526,1,0.8915254237288136,0.8795992612276402,0.37998542189598083,0.008063983619162845,-0.22140808075133278
12,527,1,0.8932203389830509,0.8884788580103273,0.3819102346897125,0.003821396890290421,-0.9341323196471166
12,528,1,0.8949152542372881,0.8888543621808426,0.3837866187095642,0.003177976237371907,-0.989528161503899
12,529,1,0.8966101694915254,0.8899386680308793,0.40227580070495605,0.0031606844357371772,-0.37780553654550403
12,530,1,0.8983050847457628,0.8895451473583593,0.3911089599132538,0.0029944795040575596,-0.779606323215511
12,531,1,0.9,0.8972528235968242,0.3771347403526306,0.0038040825285472328,-1.0961192385064742
12,532,1,0.9016949152542373,0.8907401610495242,0.3854180574417114,0.0049020714153769785,-0.6196228653372144
12,533,1,0.9033898305084745,0.8994298969674984,0.39304742217063904,0.003925470969359631,-0.5446926825524021
12,534,1,0.9050847457627119,0.8950328585479218,0.39109185338020325,0.0039021867482334533,-0.613991266291473
12,535,1,0.9067796610169492,0.899073733076182,0.38907143473625183,0.0035763216763541245,-0.7408433486132167
12,536,1,0.9084745762711864,0.8961998257833618,0.38466814160346985,0.00411381880009472,-0.7888766492694208
12,537,1,0.9101694915254237,0.8990308121380802,0.3777371048927307,0.003214345371559897,-1.184056283193895
12,538,1,0.911864406779661,0.9056494782369993,0.38660120964050293,0.00407068867743794,-0.7324855708514296
12,539,1,0.9135593220338983,0.9058107720081174,0.3794178068637848,0.0023731433479348136,-1.2821698702534043
12,540,1,0.9152542372881356,0.9019996589211267,0.3883413076400757,0.00391754529368789,-0.7026533706570456
12,541,1,0.9169491525423729,0.9099748878335897,0.38513892889022827,0.0029917098399436398,-0.9786566836116137
12,542,1,0.9186440677966101,0.9031784920824439,0.3885747492313385,0.006924689340689199,-0.1443389005527838
12,543,1,0.9203389830508475,0.9079109882088416,0.38428595662117004,0.0035007736441691113,-0.9138237740337913
12,544,1,0.9220338983050848,0.9056589808369787,0.38789939880371094,0.004351508097696648,-0.6378994318695511
12,545,1,0.923728813559322,0.9117546635103971,0.40255799889564514,0.0033350419968949463,-0.3364990083056433
12,546,1,0.9254237288135593,0.911572306334393,0.39510345458984375,0.0018581482653190564,-0.8548034507674488
12,547,1,0.9271186440677966,0.9146339248996997,0.3763945400714874,0.0014574875716017372,-1.5503528122000974
12,548,1,0.9288135593220339,0.9156993411642823,0.37570786476135254,0.001440428875046315,-1.5763124624788984
12,549,1,0.9305084745762712,0.9198157070138666,0.37606364488601685,0.002156165863498689,-1.4334425501954404
12,550,1,0.9322033898305084,0.920045726890072,0.38328874111175537,0.001104811360369,-1.3856430358776415
12,551,1,0.9338983050847458,0.9253203291921233,0.37609216570854187,0.003527172026968213,-1.1814888437279345
12,552,1,0.9355932203389831,0.922960125995205,0.3727591931819916,0.0017394389199773463,-1.6196323661022842
12,553,1,0.9372881355932203,0.9256239721728462,0.37330394983291626,0.0013814422648131739,-1.6670579705732984
12,554,1,0.9389830508474576,0.9210758511580981,0.3808981776237488,0.0066561695776384145,-0.4487968973732104
12,555,1,0.940677966101695,0.9234280164200774,0.376891165971756,0.004888721579020285,-0.9056428910490095
12,556,1,0.9423728813559322,0.9213515494249318,0.381908118724823,0.006164924184799763,-0.5051473351587217
12,557,1,0.9440677966101695,0.9253115273300608,0.3917650580406189,0.0029338946550319612,-0.768878626973629
12,558,1,0.9457627118644067,0.9253651226052678,0.387132853269577,0.001980089372097153,-1.0975539214119285
12,559,1,0.9474576271186441,0.9271981191100139,0.38977962732315063,0.0013546143646196358,-1.1240436574511512
12,560,1,0.9491525423728814,0.9253200169769628,0.3814408481121063,0.0037310448137807136,-0.9662842989407192
12,561,1,0.9508474576271186,0.9249248486758614,0.3991515636444092,0.005118330002889764,-0.12329948758394693
12,562,1,0.9525423728813559,0.9269160990986179,0.39823371171951294,0.0031771386933266933,-0.5092194504457161
12,563,1,0.9542372881355933,0.9303079524390625,0.38989514112472534,0.0018670899473942743,-1.0263775047503312
12,564,1,0.9559322033898305,0.9331061768637926,0.3789828419685364,0.001994465392991569,-1.365964093694441
12,565,1,0.9576271186440678,0.9307202446406546,0.39392009377479553,0.0023380068018538803,-0.8063050905210616
12,566,1,0.9593220338983051,0.9355493719642003,0.3870214819908142,0.0015184668495596095,-1.1857720777883038
12,567,1,0.9610169491525423,0.9358420615914839,0.3853168487548828,0.0016864726647631873,-1.2117038093953374
12,568,1,0.9627118644067797,0.935987687343707,0.39902064204216003,0.002148290642122003,-0.6714113217510884
12,569,1,0.964406779661017,0.9342917429919342,0.39820659160614014,0.004477580566252125,-0.27203515751905055
12,570,1,0.9661016949152542,0.940143755812038,0.4157935380935669,0.001975793674280702,-0.14518175289078283
12,571,1,0.9677966101694915,0.9397279897840082,0.4130452275276184,0.002103134850724501,-0.2132676291507778
12,572,1,0.9694915254237289,0.9446790502309103,0.41685664653778076,0.0028967740748135477,0.058787708385819454
12,573,1,0.9711864406779661,0.9407902180224044,0.4134741723537445,0.003164898855493163,-0.004613526155554937
12,574,1,0.9728813559322034,0.9441822997299869,0.43163594603538513,0.0022445803246844654,0.4308935424446674
12,575,1,0.9745762711864406,0.9445219794671296,0.428869366645813,0.0022354800009653825,0.337220257882907
12,576,1,0.976271186440678,0.9470537459001483,0.4308996796607971,0.0017361845524757808,0.3133301687979359
12,577,1,0.9779661016949153,0.9460464647027127,0.4335983991622925,0.002335078250379473,0.512726629431708
12,578,1,0.9796610169491525,0.9501335058269024,0.42278948426246643,0.0010157967997082213,-0.08827715662004443
12,579,1,0.9813559322033898,0.9480854981026154,0.4190235733985901,0.0030979080447826753,0.16767626788572848
12,580,1,0.9830508474576272,0.9484395036711767,0.4285343289375305,0.0036347821350928996,0.5822636771839447
12,581,1,0.9847457627118644,0.9506475158945421,0.42404377460479736,0.002028319031532301,0.1388099472332846
12,582,1,0.9864406779661017,0.9488088472641879,0.42700740694999695,0.004762140782796119,0.7378813177764816
12,583,0,0.988135593220339,0.9489514016474219,0.4295136630535126,0.004288421758883542,0.7345020635689796
12,584,0,0.9898305084745763,0.9444703816261789,0.4321928322315216,0.008985917666328102,1.6836245960039964
12,585,0,0.9915254237288136,0.9489521049486317,0.4086805582046509,0.004903879059217294,0.15434114124631035
12,586,0,0.9932203389830508,0.9500838264987531,0.43543535470962524,0.003065269113044004,0.7075017179983477
12,587,0,0.9949152542372881,0.9482425084353968,0.4162680208683014,0.004116402418024455,0.2625027793632886
12,588,0,0.9966101694915255,0.9534045465579505,0.4212973415851593,0.0015807603464522701,-0.03446673794947003
12,589,0,0.9983050847457627,0.9633856214701373,0.4352995753288269,0.00897039268677939,1.7841021635823018
15,15,0,0.024509803921568627,0.03408145515169474,0.45459169149398804,nan,nan
15,16,0,0.026143790849673203,0.037641054454116384,0.47174569964408875,nan,nan
15,17,0,0.027777777777777776,0.037242825705490853,0.4770644009113312,nan,nan
15,18,0,0.029411764705882353,0.04062431539933176,0.4898602366447449,nan,nan
15,19,1,0.03104575163398693,0.03956939754215872,0.484436571598053,0.0020724973086745802,2.155360822149538
15,20,1,0.032679738562091505,0.04325799080985381,0.489091157913208,0.001212183086084609,2.1526496126141614
15,21,1,0.03431372549019608,0.04332171929464882,0.4969620108604431,0.0012747632497099631,2.4258651269738634
15,22,1,0.03594771241830065,0.045194073404655,0.49330976605415344,0.0010966937777294934,2.271802526363262
15,23,1,0.03758169934640523,0.04565928913235475,0.5013847947120667,0.0014209883036492166,2.5997231736998136
15,24,1,0.0392156862745098,0.04631662986904721,0.4897289574146271,0.0022861204645057854,2.3704782379769034
15,25,1,0.04084967320261438,0.04681216416670903,0.46908116340637207,0.0025552459316423182,1.7330733517872758
15,26,1,0.042483660130718956,0.04680523242130125,0.46478521823883057,0.0034347888950651425,1.7512321851418131
15,27,1,0.04411764705882353,0.04760700694755772,0.47036492824554443,0.0030358041229701805,1.8637481627670702
15,28,1,0.0457516339869281,0.04720968818690236,0.4661465287208557,0.003920052337426318,1.885347347275054
15,29,1,0.04738562091503268,0.04829513823910222,0.4493294656276703,0.003057866864690244,1.16821821932721
15,30,1,0.049019607843137254,0.04795062409635921,0.45331698656082153,0.003773124525531525,1.4317799423993474
15,31,1,0.05065359477124183,0.05009875047935935,0.42669928073883057,0.002136512818160986,0.24693143809551965
15,32,1,0.05228758169934641,0.0514695344889641,0.43787917494773865,0.0012251602616740226,0.45188601977874654
15,33,1,0.05392156862745098,0.05220463648002109,0.439805805683136,0.0014933575191000015,0.5650611476135755
15,34,1,0.05555555555555555,0.051972487389370166,0.45788073539733887,0.002702881169980674,1.387613743169379
15,35,1,0.05718954248366013,0.05406873104578743,0.43875083327293396,0.0018113287303898008,0.5881907815639258
15,36,1,0.058823529411764705,0.05372671878237214,0.4370355010032654,0.002946610741838414,0.7389931430753376
15,37,1,0.06045751633986928,0.056383640650146415,0.44476744532585144,0.001333549446668354,0.7008108825483169
15,38,1,0.06209150326797386,0.05753943446838528,0.42456212639808655,0.0009515071454452611,-0.041095216252400646
15,39,1,0.06372549019607843,0.061350048010909056,0.44623231887817383,0.0016759346010613418,0.812211904521398
15,40,1,0.06535947712418301,0.06355675268772079,0.429688423871994,0.002062310036592697,0.3327552322198613
15,41,1,0.06699346405228758,0.06778392918441567,0.42795291543006897,0.003831978056950415,0.5990306356936306
15,42,1,0.06862745098039216,0.0717602242595852,0.43667203187942505,0.00495820099855261,1.095189359080622
15,43,1,0.07026143790849673,0.08058408865994596,0.41045573353767395,0.010226867951113395,1.1879157485182905
15,44,1,0.0718954248366013,0.08857124222997696,0.4101928174495697,0.013405511358885165,1.7611212973538581
15,45,1,0.07352941176470588,0.09775761732709633,0.421572208404541,0.01633826407044052,2.6764931663737204
15,46,1,0.07516339869281045,0.09838701160533676,0.4125082492828369,0.010008435608525493,1.2161847504085024
15,47,1,0.07679738562091504,0.10482290205308346,0.4095067083835602,0.009253429924319585,0.9781363209171595
15,48,1,0.0784313725490196,0.1060237220348021,0.41753679513931274,0.004643033001529493,0.4011140344224875
15,49,1,0.08006535947712418,0.11589226149757981,0.41373318433761597,0.009899966069325262,1.2370632848650158
15,50,1,0.08169934640522876,0.11919440978078824,0.4083945155143738,0.00866845330991285,0.8340503896591178
15,51,1,0.08333333333333333,0.12168017575197113,0.42240196466445923,0.005952369737232855,0.8026280173396049
15,52,1,0.08496732026143791,0.12534036433727763,0.406658411026001,0.005398239897817415,0.1775993653834309
15,53,1,0.08660130718954248,0.12897727328613937,0.42121750116348267,0.004205988271060291,0.44350742788635966
15,54,1,0.08823529411764706,0.1320986307848481,0.41479775309562683,0.004056092822629155,0.2025650431278324
15,55,1,0.08986928104575163,0.1304554508000757,0.4224115014076233,0.0018160481261647202,0.045663221014529576
15,56,1,0.0915032679738562,0.13132776080065514,0.41644570231437683,0.0021346511746049446,-0.09440915731195099
15,57,1,0.09313725490196079,0.1269125071679344,0.4027245044708252,0.00804675392317006,0.5316634100137207
15,58,1,0.09477124183006536,0.13330307755673557,0.403938889503479,0.0034863807645832646,-0.262867944780877
15,59,1,0.09640522875816994,0.12835353463238305,0.4007159173488617,0.00639064662214202,0.16166270784353212
15,60,1,0.09803921568627451,0.12993153860985696,0.40855324268341064,0.004287163602744963,0.03719816095581952
15,61,1,0.09967320261437909,0.1315503341726363,0.401757150888443,0.002319312492266039,-0.5490933256859953
15,62,1,0.10130718954248366,0.13132953687244225,0.4024874269962311,0.003699566543635584,-0.27210847011737305
15,63,1,0.10294117647058823,0.13436406344820248,0.40391215682029724,0.0008400216500471749,-0.748255095738877
15,64,1,0.10457516339869281,0.13279992566880341,0.40103164315223694,0.0032384247801559587,-0.40494927921911406
15,65,1,0.10620915032679738,0.13378818418641952,0.40482428669929504,0.0029672630272764722,-0.32846319388560463
15,66,1,0.10784313725490197,0.1397412161729089,0.4074942469596863,0.00242630645576712,-0.3387081131505783
15,67,1,0.10947712418300654,0.1368873719390693,0.39986589550971985,0.002530457603189139,-0.5733335002835631
15,68,1,0.1111111111111111,0.13550675313251867,0.4196544587612152,0.004541903532456497,0.4530255661287672
15,69,1,0.11274509803921569,0.13722176589948543,0.40636155009269714,0.0035122075802669307,-0.17756994745757265
15,70,1,0.11437908496732026,0.1385648522843042,0.4143502414226532,0.0030189066748662636,-0.002206792173445188
15,71,1,0.11601307189542484,0.13937467294353914,0.4007115066051483,0.0019149950434801267,-0.6578908099920115
15,72,1,0.11764705882352941,0.1405357973702184,0.40167340636253357,0.0013756958679183463,-0.7246366776627018
15,73,1,0.119281045751634,0.14027341753019873,0.4299391508102417,0.002895336767362909,0.4936049514841151
15,74,1,0.12091503267973856,0.13488039748450276,0.4280821681022644,0.009051269720737222,1.5588823601574147
15,75,1,0.12254901960784313,0.14118762538981322,0.41993871331214905,0.004127645633496653,0.3866361664959546
15,76,1,0.12418300653594772,0.1355539368393714,0.42397794127464294,0.007909854777486751,1.213418081351588
15,77,1,0.12581699346405228,0.14084184171177472,0.40095072984695435,0.003605573583669411,-0.34042221004996265
15,78,1,0.12745098039215685,0.13297218818914058,0.40310755372047424,0.009388244340399811,0.7900037748155639
15,79,1,0.12908496732026145,0.14365097983979716,0.41910770535469055,0.004224731952903979,0.3767742798596271
15,80,1,0.13071895424836602,0.1338292766092414,0.4096142649650574,0.008669942208954439,0.874887770665106
15,81,1,0.1323529411764706,0.14091089780650465,0.4129263758659363,0.0052717356229324604,0.36289040531869715
15,82,1,0.13398692810457516,0.14387182096128823,0.4090827405452728,0.00422277192010183,0.043018596345705595
15,83,1,0.13562091503267973,0.14975109876952367,0.40800464153289795,0.005286399065817607,0.2018945616546618
15,84,1,0.13725490196078433,0.15254022824825753,0.4022919833660126,0.006204972538443166,0.18008399874483963
15,85,1,0.1388888888888889,0.1520347417744289,0.3923092484474182,0.0026793591932271093,-0.7973812825987183
15,86,1,0.14052287581699346,0.15995932747647112,0.3932974636554718,0.0061653728649216765,-0.12629362683920958
15,87,1,0.14215686274509803,0.15863723697231147,0.39518293738365173,0.0023313474186811055,-0.7655263375544306
15,88,1,0.1437908496732026,0.1624173829894291,0.406117707490921,0.0028487823111779348,-0.30713990903700833
15,89,1,0.1454248366013072,0.1632243242006733,0.40343305468559265,0.0020772864951549646,-0.5376687292266986
15,90,1,0.14705882352941177,0.16683140667397744,0.3990515470504761,0.0015273565910813146,-0.7840647603758455
15,91,1,0.14869281045751634,0.16879134085549088,0.3920421600341797,0.0017692709732181743,-0.9728836254846038
15,92,1,0.1503267973856209,0.17277078296745102,0.40354418754577637,0.003210187114383463,-0.32656022695222575
15,93,1,0.15196078431372548,0.17348291244337516,0.3995654582977295,0.0018267982924750114,-0.7121516986857712
15,94,1,0.15359477124183007,0.18499264935298032,0.4157037138938904,0.010279056444731828,1.372000765360144
15,95,1,0.15522875816993464,0.18069909772393206,0.39712393283843994,0.004440866395091938,-0.31476243894676137
15,96,1,0.1568627450980392,0.18578086016479117,0.4045702815055847,0.004853704833046171,0.00846112139218537
15,97,1,0.15849673202614378,0.18199631102825628,0.4092625677585602,0.0043481646200889314,0.07195607141810224
15,98,1,0.16013071895424835,0.17954363503872753,0.41188281774520874,0.008068076701937295,0.8401421099066649
15,99,1,0.16176470588235295,0.18580506583637843,0.40138861536979675,0.002932795824704832,-0.4490324350175502
15,100,1,0.16339869281045752,0.1862257039615722,0.39888322353363037,0.0029434878207934036,-0.530395896125575
15,101,1,0.1650326797385621,0.18842633101168685,0.40546512603759766,0.001356905900718733,-0.6019768346907438
15,102,1,0.16666666666666666,0.18940404127717406,0.4014201760292053,0.0013752422387754348,-0.7331413234551397
15,103,1,0.16830065359477125,0.19010532889541518,0.41896721720695496,0.001604438799462581,-0.10762381522236597
15,104,1,0.16993464052287582,0.19100432008680107,0.40603870153427124,0.0017805133728358725,-0.5053471441270134
15,105,1,0.1715686274509804,0.18821763447734763,0.3974948525428772,0.005761853013596526,-0.06057931856712839
15,106,1,0.17320261437908496,0.19285636632069034,0.40023940801620483,0.002541416523705399,-0.5589053518424163
15,107,1,0.17483660130718953,0.1954939663071037,0.4007622003555298,0.0017067049153145339,-0.694338873168461
15,108,1,0.17647058823529413,0.19010904277826218,0.39731714129447937,0.00602851119289838,-0.017669351029714786
15,109,1,0.1781045751633987,0.198535501483034,0.4058278203010559,0.0027987921203129445,-0.32593284338789946
15,110,1,0.17973856209150327,0.19413127956226262,0.4151681363582611,0.004675247355915072,0.3282381931272827
15,111,1,0.18137254901960784,0.19568821379887288,0.4103160798549652,0.0033666121133680118,-0.07271126441166521
15,112,1,0.1830065359477124,0.19404118528546377,0.3975074291229248,0.004819306293319019,-0.23272347322135364
15,113,1,0.184640522875817,0.1979674972959812,0.40321677923202515,0.002990289480225723,-0.3777078156115143
15,114,1,0.18627450980392157,0.19805273526169373,0.4068414270877838,0.0019567730159712787,-0.44638137965032215
15,115,1,0.18790849673202614,0.20063565667755584,0.398630291223526,0.0012393440715591148,-0.8508039461135872
15,116,1,0.1895424836601307,0.20162522647923667,0.39413201808929443,0.0007784119219599121,-1.0847894085089187
15,117,1,0.19117647058823528,0.19956622766898927,0.39994922280311584,0.004248533432802475,-0.2560152471354812
15,118,1,0.19281045751633988,0.19909553879351813,0.4004259705543518,0.005118904901525627,-0.08081171820104749
15,119,1,0.19444444444444445,0.2018531282735517,0.3900066614151001,0.0031519146098299656,-0.787441709896071
15,120,1,0.19607843137254902,0.19890096953484013,0.39842861890792847,0.005878542942158687,-0.008161658245549541
15,121,1,0.1977124183006536,0.19776539796749926,0.4082777202129364,0.006333050273400436,0.40259821110031835
15,122,1,0.19934640522875818,0.2069343328897791,0.3975190818309784,0.00329217907004316,-0.5119239442737644
15,123,1,0.20098039215686275,0.21017938373721848,0.3953758776187897,0.004571444397626008,-0.34899056258179967
15,124,1,0.20261437908496732,0.21298425860654585,0.3856288194656372,0.005294755401036756,-0.5407206420803191
15,125,1,0.2042483660130719,0.2169353774774626,0.3827062249183655,0.005725052004027049,-0.5591372345032335
15,126,1,0.20588235294117646,0.21714987800655322,0.39721816778182983,0.0018887038257165189,-0.7788810117235038
15,127,1,0.20751633986928106,0.21890652898565585,0.38577571511268616,0.00106203947070926,-1.3107653098979395
15,128,1,0.20915032679738563,0.2214915285180275,0.3907998204231262,0.001021649359420717,-1.1510750140698234
15,129,1,0.2107843137254902,0.22519513638665103,0.40264540910720825,0.002329825966551359,-0.5176280072358886
15,130,1,0.21241830065359477,0.22723011163235676,0.42151549458503723,0.002299861484960015,0.10444206794540006
15,131,1,0.21405228758169934,0.23075978780548398,0.4076653718948364,0.0033094792516363118,-0.17132489811168503
15,132,1,0.21568627450980393,0.22962932986370335,0.405577152967453,0.001457608329399374,-0.5798144904591238
15,133,1,0.2173202614379085,0.2358994830751941,0.3924914598464966,0.0034514094799704253,-0.64997379050284
15,134,1,0.21895424836601307,0.23586076224616484,0.412117600440979,0.0016048588279550288,-0.3353422868001289
15,135,1,0.22058823529411764,0.23742034174338908,0.4109158217906952,0.0012102978133603066,-0.44754606067835917
15,136,1,0.2222222222222222,0.23400059759838351,0.4014584720134735,0.004946363806904221,-0.07806316762702145
15,137,1,0.2238562091503268,0.2441501247808652,0.4046837389469147,0.004110346441907454,-0.12386047147254686
15,138,1,0.22549019607843138,0.23524317192545097,0.3984978497028351,0.006859266839924565,0.17369265278461504
15,139,1,0.22712418300653595,0.24949065689933195,0.3918941617012024,0.007542615714134877,0.07918425617806679
15,140,1,0.22875816993464052,0.24054094685446392,0.4054032564163208,0.00537576771495538,0.13174288618097124
15,141,1,0.23039215686274508,0.24404854867628298,0.39689865708351135,0.005313062159705553,-0.16257187260430722
15,142,1,0.23202614379084968,0.2461563154301806,0.4004473388195038,0.0037948622066038434,-0.3225081608164442
15,143,1,0.23366013071895425,0.24745076501390728,0.39982789754867554,0.002764369199691391,-0.5317724131530053
15,144,1,0.23529411764705882,0.24612286901554245,0.40941593050956726,0.0026707571513411034,-0.23004505681171505
15,145,1,0.2369281045751634,0.2458014424467099,0.3857942223548889,0.004387664260443293,-0.701291060748406
15,146,1,0.238562091503268,0.248956684732764,0.40185993909835815,0.002399370125388013,-0.5310179005288677
15,147,1,0.24019607843137256,0.2483344690985998,0.41158127784729004,0.0029929533768059836,-0.09904482642812712
15,148,1,0.24183006535947713,0.24333448555031081,0.40374651551246643,0.00821386294626811,0.5962465724498346
15,149,1,0.2434640522875817,0.2516633341845476,0.44132357835769653,0.0025034463282068388,0.8004652801102432
15,150,1,0.24509803921568626,0.24945527391059807,0.40882399678230286,0.004224052965006043,0.03464817818658543
15,151,1,0.24673202614379086,0.24787163104270965,0.41686734557151794,0.004569741816479305,0.3654321537498518
15,152,1,0.24836601307189543,0.24651362615801778,0.4178311228752136,0.0058120371871986255,0.6249248638244473
15,153,1,0.25,0.2533023670953564,0.4234732687473297,0.003381130592874521,0.36751094130449286
15,154,1,0.25163398692810457,0.25314727986231794,0.4180176258087158,0.0020930959513067726,-0.049740205720309794
15,155,1,0.25326797385620914,0.25582276191071296,0.4245862662792206,0.0018071491595293382,0.11635940347221851
15,156,1,0.2549019607843137,0.2538355169364755,0.41283220052719116,0.0028708336439896066,-0.07980112167239967
15,157,1,0.2565359477124183,0.2632769787949454,0.4180345833301544,0.005005515170554793,0.484032409883139
15,158,1,0.2581699346405229,0.2568352437537665,0.41211172938346863,0.003929872795521346,0.09012837717538688
15,159,1,0.25980392156862747,0.2616995719789717,0.41983872652053833,0.0029561414384890795,0.168830763411988
15,160,1,0.26143790849673204,0.259972821364353,0.41472530364990234,0.0031834886748616244,0.04039836403324165
15,161,1,0.2630718954248366,0.26466265647917714,0.41607338190078735,0.002891017848584357,0.031685087508754345
15,162,1,0.2647058823529412,0.2599154779934221,0.4154367744922638,0.0051215775738198705,0.41888678907557236
15,163,1,0.26633986928104575,0.2713081017767368,0.40945902466773987,0.0055009876495809695,0.28954958159721866
15,164,1,0.2679738562091503,0.26897652334551586,0.41703516244888306,0.0031717182898997553,0.11506161702142376
15,165,1,0.2696078431372549,0.26513183671253093,0.4039802551269531,0.005389825415006403,0.08699231516544709
15,166,1,0.27124183006535946,0.27425941594316516,0.4055050015449524,0.004752981033629632,0.021106171867259133
15,167,1,0.272875816993464,0.27184247668804323,0.4212096333503723,0.003978502048105032,0.40159736224027126
15,168,1,0.27450980392156865,0.27743815752072687,0.41238778829574585,0.003249534255727295,-0.025247895662426217
15,169,1,0.2761437908496732,0.27123010058889085,0.41174283623695374,0.005182353300400568,0.30716562488083987
15,170,1,0.2777777777777778,0.2769297118030418,0.4183737635612488,0.0030082172277800753,0.12964507778261802
15,171,1,0.27941176470588236,0.278981811914589,0.41277754306793213,0.0021520801982123244,-0.21320895614523022
15,172,1,0.28104575163398693,0.274640170788492,0.41042813658714294,0.005749256841494995,0.3672323819878592
15,173,1,0.2826797385620915,0.2797712087262261,0.41165658831596375,0.0025103130850619997,-0.18490252604795968
15,174,1,0.28431372549019607,0.2801065907651397,0.4209013879299164,0.002754034335176296,0.16716935831114804
15,175,1,0.28594771241830064,0.2868170216417756,0.4196406304836273,0.004197593919989013,0.38952913068606293
15,176,1,0.2875816993464052,0.2895179293775059,0.4190881550312042,0.004939699223922662,0.5070210346719568
15,177,1,0.28921568627450983,0.28420323676077575,0.4153699576854706,0.004094433040060965,0.22861402209768072
15,178,1,0.2908496732026144,0.2910781098348511,0.4267624616622925,0.0030062808733414825,0.4082706423955796
15,179,1,0.29248366013071897,0.28991163676607057,0.4331876039505005,0.003393326944208842,0.6928101974294828
15,180,1,0.29411764705882354,0.30639011419587725,0.4191451966762543,0.013467903837901541,2.0702704011770168
15,181,1,0.2957516339869281,0.2996333990395028,0.4149238169193268,0.006720396489756452,0.6945409228713589
15,182,1,0.2973856209150327,0.3064007414139866,0.4235340654850006,0.007095423541951609,1.0495493586821882
15,183,1,0.29901960784313725,0.30136705899185734,0.4195188879966736,0.0057935214095303274,0.677664406014621
15,184,1,0.3006535947712418,0.3134081115172971,0.404846727848053,0.005715800933816196,0.1754882318671353
15,185,1,0.3022875816993464,0.30655896150879663,0.41870397329330444,0.003853202290345936,0.29532747275323834
15,186,1,0.30392156862745096,0.30698937105367297,0.42701882123947144,0.004453296204489183,0.6817173402160521
15,187,1,0.3055555555555556,0.3116157900712846,0.4237794578075409,0.0037332821571148694,0.4421660321603662
15,188,1,0.30718954248366015,0.30425585943233613,0.41345053911209106,0.009631681278601563,1.1785455972688734
15,189,1,0.3088235294117647,0.3091196093096133,0.4356362521648407,0.0040628468840877945,0.8968204465024913
15,190,1,0.3104575163398693,0.3092700853822774,0.4181920289993286,0.0037788743633249172,0.2646938835313063
15,191,1,0.31209150326797386,0.31068362754484286,0.4273017346858978,0.0027933854295583128,0.3872279477732671
15,192,1,0.3137254901960784,0.30663345506456374,0.420343279838562,0.005943322525878552,0.7325066649367789
15,193,1,0.315359477124183,0.3145549482542731,0.41696637868881226,0.0020616880219839285,-0.09045136854221292
15,194,1,0.31699346405228757,0.31903807283554947,0.4165756404399872,0.004508061600885361,0.3444385391464073
15,195,1,0.31862745098039214,0.3174217146414824,0.4148302972316742,0.002397733941054162,-0.09996667394851405
15,196,1,0.3202614379084967,0.32161547878776786,0.4109821021556854,0.0033680388087865792,-0.05030038685520877
15,197,1,0.32189542483660133,0.32813376221383017,0.41342997550964355,0.005731726410887107,0.4638540271558593
15,198,1,0.3235294117647059,0.3197463347816217,0.41237616539001465,0.006050404511210682,0.4871517329691458
15,199,1,0.32516339869281047,0.3383610576178147,0.4039245843887329,0.012387252838464298,1.3662370034467415
15,200,1,0.32679738562091504,0.323648709004536,0.41447409987449646,0.007813325761084667,0.8796794360394966
15,201,1,0.3284313725490196,0.3328879067611304,0.41163891553878784,0.006623840446006772,0.5676184985306434
15,202,1,0.3300653594771242,0.33060123240305633,0.41576719284057617,0.006114583713561892,0.6116759708916677
15,203,1,0.33169934640522875,0.33459460158729554,0.42126989364624023,0.005098652177473148,0.6086796403597587
15,204,1,0.3333333333333333,0.3319587275103613,0.40783268213272095,0.003478290616190891,-0.13485456267117832
15,205,1,0.3349673202614379,0.330859715208071,0.4063282907009125,0.00589538403056475,0.25763831835736056
15,206,1,0.3366013071895425,0.32885340088907855,0.4144447445869446,0.00739465046129237,0.8020516786433075
15,207,1,0.3382352941176471,0.325874627416119,0.4037259817123413,0.009936466055757475,0.910939611593019
15,208,1,0.33986928104575165,0.32759183575540257,0.42577624320983887,0.00604897190868658,0.9325312727035444
15,209,1,0.3415032679738562,0.3269047080272199,0.428708553314209,0.005634668963122773,0.9541991071243713
15,210,1,0.3431372549019608,0.32966120181830144,0.4149869680404663,0.002418773837734224,-0.09090432061756734
15,211,1,0.34477124183006536,0.3343853157596915,0.427177757024765,0.0026327403322558966,0.353693797565069
15,212,1,0.3464052287581699,0.33773531704399895,0.419493168592453,0.003855069530670259,0.3219153281562116
15,213,1,0.3480392156862745,0.3447472521763398,0.4229452610015869,0.008331134340861952,1.2562028752094732
15,214,1,0.34967320261437906,0.34584174845811577,0.4184686243534088,0.005266642879104975,0.54627469007251
15,215,1,0.35130718954248363,0.3478765279547347,0.42053893208503723,0.003087792402095803,0.21622005324684646
15,216,1,0.35294117647058826,0.3545765828664961,0.42445793747901917,0.006281889285023974,0.9313315777555284
15,217,1,0.3545751633986928,0.3463758420364109,0.41620147228240967,0.006129168000685541,0.6287887603918751
15,218,1,0.3562091503267974,0.35284359711698604,0.41420823335647583,0.0025588800816760677,-0.09115164138570178
15,219,1,0.35784313725490197,0.3552890612017348,0.41559019684791565,0.0028168916711885533,0.002044871094727674
15,220,1,0.35947712418300654,0.35667638158202214,0.4132697880268097,0.0026615512287085086,-0.10356406019390349
15,221,1,0.3611111111111111,0.34910432193058605,0.4104769825935364,0.007936380726877303,0.7692776965877015
15,222,1,0.3627450980392157,0.35143116206138536,0.41837942600250244,0.006606184200386455,0.7885528348747965
15,223,1,0.36437908496732024,0.35124724946944297,0.4131993353366852,0.006122464397663995,0.5277204125065789
15,224,1,0.3660130718954248,0.37029109154333856,0.42380309104919434,0.01393183060930457,2.3101125911157614
15,225,1,0.36764705882352944,0.36320324624644296,0.4113246500492096,0.007833126905162625,0.7785644699006327
15,226,1,0.369281045751634,0.36490539689001544,0.41230615973472595,0.006008367582619616,0.4771274152154481
15,227,1,0.3709150326797386,0.36551431279123187,0.4338984489440918,0.004879861341607552,0.9886067526187706
15,228,1,0.37254901960784315,0.3805473864059337,0.40483877062797546,0.01032439236500164,1.018969195602732
15,229,1,0.3741830065359477,0.3813840244223506,0.40567582845687866,0.009027534092196258,0.8093768144453165
15,230,1,0.3758169934640523,0.3833214192830666,0.3975801169872284,0.006299933413212357,0.04076859740925104
15,231,1,0.37745098039215685,0.38653900129656116,0.39716559648513794,0.004602733397740573,-0.28374207019829834
15,232,1,0.3790849673202614,0.38823875457503415,0.39762023091316223,0.0010463145498812842,-0.9197352183261375
15,233,1,0.380718954248366,0.3838158573993029,0.38962802290916443,0.005299424668125082,-0.40686564170835937
15,234,1,0.38235294117647056,0.38980086653586454,0.39862194657325745,0.0020659819094473687,-0.699739767381411
15,235,1,0.3839869281045752,0.38508875423850203,0.3974953591823578,0.006254347886363547,0.02960399147479914
15,236,1,0.38562091503267976,0.3892452907226361,0.4135589599609375,0.0031326488029084004,-0.007698145936487738
15,237,1,0.3872549019607843,0.3846264028243791,0.4091602861881256,0.0066057715728721645,0.48187949917074596
15,238,1,0.3888888888888889,0.39989055888120106,0.39590150117874146,0.008455748127680724,0.3796321882821315
15,239,1,0.39052287581699346,0.3953672272803708,0.3907884955406189,0.004520555675566465,-0.510868324090066
15,240,1,0.39215686274509803,0.39507731351021835,0.4014403820037842,0.0041283046291179775,-0.22843588504408105
15,241,1,0.3937908496732026,0.38612837246234794,0.39766737818717957,0.011856485334869287,1.0609697759250887
15,242,1,0.3954248366013072,0.39998741235655366,0.40920567512512207,0.00521081791652135,0.22799945310169403
15,243,1,0.39705882352941174,0.40646846465048353,0.39933833479881287,0.008083901074935935,0.4258516572769053
15,244,1,0.39869281045751637,0.41606755064094125,0.4004405736923218,0.014907677722865538,1.7118123914904277
15,245,1,0.40032679738562094,0.4112940084938317,0.40689340233802795,0.008122243801265003,0.6841277893167994
15,246,1,0.4019607843137255,0.416690371841709,0.41369470953941345,0.005377912901967676,0.4078816604471045
15,247,1,0.4035947712418301,0.4107268168089192,0.40239784121513367,0.006147764270997046,0.17313072952509376
15,248,1,0.40522875816993464,0.41139349327419755,0.3865155279636383,0.006545675845327602,-0.28221189579700884
15,249,1,0.4068627450980392,0.4194907104892861,0.41215288639068604,0.0038665756915632504,0.07990862373759264
15,250,1,0.4084967320261438,0.41711203293519994,0.4117869436740875,0.003515193061969596,0.0034071032270890367
15,251,1,0.41013071895424835,0.41864210071355384,0.40835392475128174,0.0019228154660723715,-0.4022977429127589
15,252,1,0.4117647058823529,0.4163376307982822,0.41825437545776367,0.004566435727952055,0.4109548520132664
15,253,1,0.4133986928104575,0.4227383480402306,0.409138560295105,0.0023700140960428795,-0.2943298071671591
15,254,1,0.4150326797385621,0.41705778608480565,0.4075416028499603,0.00589422421018586,0.29777668597789203
15,255,1,0.4166666666666667,0.41849205709069354,0.4115574359893799,0.004446391491699399,0.16625919750614324
15,256,1,0.41830065359477125,0.41360592990846556,0.4209519624710083,0.009295007768212295,1.366379350039251
15,257,1,0.4199346405228758,0.42045356089043806,0.41397497057914734,0.0043393706201369465,0.22706483186731946
15,258,1,0.4215686274509804,0.41044542317102156,0.41672030091285706,0.011201392495754013,1.574671273315991
15,259,1,0.42320261437908496,0.41965447115935256,0.4133099615573883,0.004572462660046106,0.24762358054950234
15,260,1,0.42483660130718953,0.4201125315752837,0.4130779206752777,0.0033075582130716913,0.008326686696769336
15,261,1,0.4264705882352941,0.432086122178143,0.41815993189811707,0.010175143305944169,1.4346618477238209
15,262,1,0.42810457516339867,0.4338430543752436,0.4154190719127655,0.009023935181118532,1.1327456498150625
15,263,1,0.4297385620915033,0.43963050156633976,0.4207019805908203,0.008961974571159144,1.2970937322759335
15,264,1,0.43137254901960786,0.43993094159180685,0.419131875038147,0.004967083416780847,0.5134885418532115
15,265,1,0.43300653594771243,0.4391150805170928,0.41228991746902466,0.0017102737819200428,-0.3103121214069161
15,266,1,0.434640522875817,0.44335109465106776,0.4104941189289093,0.0016631107268130657,-0.37866904152032815
15,267,1,0.4362745098039216,0.4446301844885521,0.41427457332611084,0.0011809613826592774,-0.3412161488318304
15,268,1,0.43790849673202614,0.4416396379393371,0.4012722671031952,0.00436166954596766,-0.19130213930075207
15,269,1,0.4395424836601307,0.4426758584167003,0.40526020526885986,0.0037526231554869823,-0.17018146959240316
15,270,1,0.4411764705882353,0.4392737599598636,0.4187336564064026,0.008044916087225575,1.0637378480436899
15,271,1,0.44281045751633985,0.43611372584466374,0.4071783125400543,0.010185616529624424,1.0713673230693157
15,272,1,0.4444444444444444,0.4473797006218168,0.41418036818504333,0.003929795507147489,0.15891024288920835
15,273,1,0.44607843137254904,0.45089285615097363,0.4111292362213135,0.005287612767037609,0.3060303481709719
15,274,1,0.4477124183006536,0.4510433226565899,0.4040614664554596,0.004157493020912427,-0.1359235321743462
15,275,1,0.4493464052287582,0.4437494621255852,0.406932532787323,0.00727470376802152,0.5302606482834233
15,276,1,0.45098039215686275,0.44730737877947463,0.4046678841114044,0.00613350067475139,0.24601337895286884
15,277,1,0.4526143790849673,0.4490870646278787,0.40616104006767273,0.004417627344895895,-0.01847307204839886
15,278,1,0.4542483660130719,0.4517685275008138,0.39865076541900635,0.002760221596684772,-0.5716792426545877
15,279,1,0.45588235294117646,0.4521845508939794,0.3968064785003662,0.0008599981832907365,-0.9809088944366424
15,280,1,0.45751633986928103,0.45407377165277646,0.3972680866718292,0.0003533049156985948,-1.058323266201659
15,281,1,0.4591503267973856,0.4553038586840561,0.4021414816379547,0.0007191021579808931,-0.8292799002023633
15,282,1,0.46078431372549017,0.45091436596147694,0.4130476713180542,0.006662793394604379,0.621600554800725
15,283,1,0.4624183006535948,0.45636169813624833,0.4006419777870178,0.002876690487749491,-0.4841349287001996
15,284,1,0.46405228758169936,0.45656034317756405,0.40395501255989075,0.002972758343023883,-0.3563662597582038
15,285,1,0.46568627450980393,0.45683924507559265,0.40333274006843567,0.0026060538405715096,-0.44419759627414646
15,286,1,0.4673202614379085,0.45810333735376485,0.400711327791214,0.001508957864734587,-0.7322344553251423
15,287,1,0.46895424836601307,0.4591901291176016,0.4072127044200897,0.0020205089913657315,-0.42236508888975705
15,288,1,0.47058823529411764,0.45429181236281324,0.4115470349788666,0.007625933491492419,0.74802706937296
15,289,1,0.4722222222222222,0.45837835843409946,0.40968549251556396,0.004166631317526644,0.05278583476765828
15,290,1,0.4738562091503268,0.45115825418268557,0.4117318093776703,0.010577137307559091,1.2944814370139743
15,291,1,0.47549019607843135,0.45471744561620725,0.41122132539749146,0.0062123743633934435,0.47839921768650673
15,292,1,0.477124183006536,0.45508787985310695,0.4109010398387909,0.0040600899349600185,0.07370517350720682
15,293,1,0.47875816993464054,0.45729211651767454,0.4039502441883087,0.002561313938263496,-0.4318524988701841
15,294,1,0.4803921568627451,0.455218562882382,0.4131595194339752,0.003589843333211441,0.06272143496278683
15,295,1,0.4820261437908497,0.46268089918909583,0.42314422130584717,0.0028574157985782733,0.26068568685485
15,296,1,0.48366013071895425,0.4571454768144917,0.42042022943496704,0.004668869969248023,0.5017376845397047
15,297,1,0.4852941176470588,0.4618387865622512,0.40527522563934326,0.0027511404371091315,-0.3530344142591801
15,298,1,0.4869281045751634,0.46001892948940426,0.4092346131801605,0.0034464840458258024,-0.09405419869389736
15,299,1,0.48856209150326796,0.4574051162019051,0.4073062837123871,0.007260388985080498,0.5400695904627768
15,300,1,0.49019607843137253,0.46332166943512293,0.4176531136035919,0.0021342701870389847,-0.05432444307473627
15,301,1,0.4918300653594771,0.46210244449369353,0.42095351219177246,0.0034390343782764628,0.2943133398986946
15,302,1,0.4934640522875817,0.4652344442258914,0.4192938208580017,0.0018071559918671127,-0.059648399660904905
15,303,1,0.4950980392156863,0.46506348146437176,0.41771233081817627,0.0016305161906497645,-0.14458286902686102
15,304,1,0.49673202614379086,0.4659720257458056,0.41383272409439087,0.0022029663321391658,-0.1688008752753969
15,305,1,0.49836601307189543,0.46762483554406165,0.41585469245910645,0.0012127456115538383,-0.28284757637317276
15,306,1,0.5,0.47066751579281013,0.41862183809280396,0.0011283868296831723,-0.20626604828211492
15,307,1,0.5016339869281046,0.49032078698994513,0.4336032271385193,0.018744340180007993,3.517111511835845
15,308,1,0.5032679738562091,0.4932354331973148,0.43263888359069824,0.01534466000598429,2.862623772079016
15,309,1,0.5049019607843137,0.4946253797256944,0.43092212080955505,0.01007267784193178,1.8403301346172887
15,310,1,0.5065359477124183,0.4977378763584992,0.4224132299423218,0.006281115258883209,0.8631897264383652
15,311,1,0.5081699346405228,0.49518362515552844,0.43317776918411255,0.0030407260855098168,0.6279286030570713
15,312,1,0.5098039215686274,0.5148935086068654,0.44838976860046387,0.01545344782443135,3.4063625719876143
15,313,1,0.511437908496732,0.5197209290201997,0.44911569356918335,0.014866349385377965,3.3230178335284437
15,314,1,0.5130718954248366,0.5238874609302229,0.4580865502357483,0.012758993971774808,3.23554179004608
15,315,1,0.5147058823529411,0.5256450010455778,0.4672340750694275,0.007979137944198784,2.664657016140913
15,316,1,0.5163398692810458,0.5267365082628039,0.47697269916534424,0.0020317132179139157,1.8996705672158225
15,317,1,0.5179738562091504,0.5277284493202306,0.4604988098144531,0.0011216820791209092,1.1851946184035183
15,318,1,0.5196078431372549,0.5292310828413536,0.4790366291999817,0.0010127542215300923,1.7817579383904336
15,319,1,0.5212418300653595,0.529596641341574,0.48881304264068604,0.001983101199092301,2.284540897930155
15,320,1,0.5228758169934641,0.5305735685501463,0.4845898151397705,0.001994084064519135,2.1461012141152778
15,321,1,0.5245098039215687,0.5319004448465156,0.476395845413208,0.00162647283998542,1.8062945190633155
15,322,1,0.5261437908496732,0.5333003029998964,0.47174137830734253,0.0012696135681758303,1.5861683350153772
15,323,1,0.5277777777777778,0.5340701783047831,0.48109883069992065,0.0015170433029248354,1.942665627576377
15,324,1,0.5294117647058824,0.5347967591864644,0.5016679167747498,0.0019088466620457867,2.698456470817338
15,325,1,0.5310457516339869,0.5354219604373672,0.463532418012619,0.0023394430702225067,1.509031210144348
15,326,1,0.5326797385620915,0.5370096304243891,0.44775286316871643,0.0016321519809135588,0.854764361364784
15,327,1,0.5343137254901961,0.537168439426075,0.4464484751224518,0.002400674835350879,0.9520867163718332
15,328,1,0.5359477124183006,0.538994765252516,0.45412465929985046,0.0014131807678183462,1.0265795423232382
15,329,1,0.5375816993464052,0.539499897984443,0.4270703196525574,0.0018932830738187124,0.21474020448750275
15,330,1,0.5392156862745098,0.5415716877128249,0.43721774220466614,0.0010279761617616968,0.3937883113811701
15,331,1,0.5408496732026143,0.5415314785126913,0.4337959587574005,0.0020217012544482427,0.4619234232563833
15,332,1,0.5424836601307189,0.5437227123676265,0.42899081110954285,0.0011679476639997978,0.14581419184842204
15,333,1,0.5441176470588235,0.5444250491619059,0.42456063628196716,0.00140087715566538,0.041126344786890257
15,334,1,0.545751633986928,0.5481616576891061,0.43599721789360046,0.0012050443275683576,0.3856155696726731
15,335,1,0.5473856209150327,0.5491077044495754,0.4342711567878723,0.0007788708979683576,0.25018827981223746
15,336,1,0.5490196078431373,0.5514394047639399,0.43740126490592957,0.0008995610055646215,0.3763812862587079
15,337,1,0.5506535947712419,0.5531774701795702,0.4236793518066406,0.000688317048936365,-0.11863845989546606
15,338,1,0.5522875816993464,0.5569922481720491,0.42047521471977234,0.002276206728326303,0.06551509809492856
15,339,1,0.553921568627451,0.5645742949186302,0.40698662400245667,0.007650605854171695,0.6008800766507589
15,340,1,0.5555555555555556,0.5732961611713357,0.4208110570907593,0.012505824489613527,1.9495328903082427
15,341,1,0.5571895424836601,0.5798843380605015,0.4032156467437744,0.01362981227693037,1.57014914823248
15,342,1,0.5588235294117647,0.578502956992774,0.3954502046108246,0.0071113012074687275,0.11848086610637915
15,343,1,0.5604575163398693,0.593301613342986,0.39496102929115295,0.01499269338400079,1.5451458039452968
15,344,1,0.5620915032679739,0.5899741735400379,0.409391850233078,0.0069960403110727355,0.5610313421978402
15,345,1,0.5637254901960784,0.6018553188022197,0.4095856845378876,0.012195066144969914,1.5193205473173086
15,346,1,0.565359477124183,0.6020055426944231,0.40399202704429626,0.007626329340277075,0.4968452172136315
15,347,1,0.5669934640522876,0.6117349733468632,0.39261147379875183,0.010706329078771682,0.6822555123344862
15,348,1,0.5686274509803921,0.6119910750413027,0.40483835339546204,0.007074936359657089,0.4240416180549288
15,349,1,0.5702614379084967,0.6197057235879051,0.4012129604816437,0.00856451394352807,0.5761865363709702
15,350,1,0.5718954248366013,0.619770615641453,0.38768303394317627,0.004983255208515617,-0.5294341024024499
15,351,1,0.5735294117647058,0.6224257663393625,0.40335434675216675,0.0027184587553478984,-0.42289982433201956
15,352,1,0.5751633986928104,0.6197712057634092,0.39143434166908264,0.0034410511847848746,-0.6870264167127048
15,353,1,0.576797385620915,0.6217939276147164,0.3983643651008606,0.0030313468825095514,-0.5315660680808703
15,354,1,0.5784313725490197,0.620707257572549,0.40174898505210876,0.0044776034403611765,-0.15422279792069454
15,355,1,0.5800653594771242,0.6233266637866037,0.3990700840950012,0.002553164381472818,-0.5956423493323937
15,356,1,0.5816993464052288,0.622421041029848,0.39304253458976746,0.003223204827646474,-0.6734268247852933
15,357,1,0.5833333333333334,0.6220621945076468,0.42227184772491455,0.00424451016645737,0.4856240999045108
15,358,1,0.5849673202614379,0.6203299167511322,0.4097166955471039,0.006043854646204482,0.39750749467217156
15,359,1,0.5866013071895425,0.6225082133086653,0.3998733162879944,0.004011474727448778,-0.301940592498646
15,360,1,0.5882352941176471,0.6240350702347571,0.40250810980796814,0.002194537210283319,-0.5469629259846701
15,361,1,0.5898692810457516,0.6225906558552373,0.40323343873023987,0.003887675018487928,-0.21285952168053593
15,362,1,0.5915032679738562,0.6215722579902544,0.4094286859035492,0.005038188220368488,0.20381082667869438
15,363,1,0.5931372549019608,0.6243223491112493,0.41708922386169434,0.0031248315350166046,0.10827544435907735
15,364,1,0.5947712418300654,0.6256207389743029,0.40976980328559875,0.002080274119500795,-0.326382662949404
15,365,1,0.5964052287581699,0.6266266612162827,0.4034947156906128,0.001144321439653111,-0.7064262789778276
15,366,1,0.5980392156862745,0.6279280994923995,0.3953098654747009,0.0008518845037977385,-1.0321667045415825
15,367,1,0.5996732026143791,0.6302017052779278,0.40690508484840393,0.0005448747134874484,-0.7027561086802213
15,368,1,0.6013071895424836,0.63235443981362,0.39809373021125793,0.0005443917190982663,-0.9958807545342954
15,369,1,0.6029411764705882,0.6257842868943575,0.43973350524902344,0.0077379217288749014,1.7059178268806106
15,370,1,0.6045751633986928,0.6258732687672124,0.40882712602615356,0.007438346275538703,0.6232283263352492
15,371,1,0.6062091503267973,0.620826064558667,0.40579599142074585,0.011971842802787363,1.3524200587055706
15,372,1,0.6078431372549019,0.6241965280944035,0.40262940526008606,0.007093804420468888,0.35403376631621203
15,373,1,0.6094771241830066,0.6237980581517217,0.4079568684101105,0.004616461100113227,0.07765286482546556
15,374,1,0.6111111111111112,0.6227547427804286,0.4106452167034149,0.0051632192857473825,0.2671593912484793
15,375,1,0.6127450980392157,0.6271305799468022,0.41326966881752014,0.001346772771229683,-0.34427899843614207
15,376,1,0.6143790849673203,0.6250897197471648,0.40321019291877747,0.003624739669349135,-0.2617710701600232
15,377,1,0.6160130718954249,0.6266664921532816,0.4046606421470642,0.002271265176422581,-0.4613294575702789
15,378,1,0.6176470588235294,0.6249045694977298,0.3929661810398102,0.004750296332364417,-0.3963846269754669
15,379,1,0.619281045751634,0.6275490008040236,0.4145626723766327,0.003116640923907783,0.022751237137076386
15,380,1,0.6209150326797386,0.6262176447553489,0.3888653814792633,0.0040792829683759125,-0.655613328009556
15,381,1,0.6225490196078431,0.6292751502276854,0.39363905787467957,0.0019836150496187156,-0.8805338071930308
15,382,1,0.6241830065359477,0.6287374940740891,0.39774540066719055,0.0024935794202827367,-0.6506057698523248
15,383,1,0.6258169934640523,0.6330004542972937,0.3930351734161377,0.0014810086507369225,-0.9926346762245863
15,384,1,0.6274509803921569,0.631740071651922,0.3976646363735199,0.0018120963598571172,-0.778058330463238
15,385,1,0.6290849673202614,0.6410318670449785,0.40235424041748047,0.006099092309056071,0.16276980048803705
15,386,1,0.630718954248366,0.6383409217576776,0.3923552930355072,0.002663336895717354,-0.7987833719035669
15,387,1,0.6323529411764706,0.64796975902727,0.38950788974761963,0.0076969481661272165,0.028080164795088458
15,388,1,0.6339869281045751,0.6486528635291633,0.3946079611778259,0.0051450706692147165,-0.26950881829265194
15,389,1,0.6356209150326797,0.6607235328596059,0.388933390378952,0.012480197846658698,0.8846964388088504
15,390,1,0.6372549019607843,0.6579310663932028,0.3992757499217987,0.007009944594435219,0.22714925144896553
15,391,1,0.6388888888888888,0.6591700363636919,0.3852616548538208,0.0038102013048238897,-0.8247249803699753
15,392,1,0.6405228758169934,0.6653238994122013,0.3958083689212799,0.004706548480217692,-0.30987235420983783
15,393,1,0.6421568627450981,0.6576714328083204,0.3909645676612854,0.007360183122029922,0.014869119919359797
15,394,1,0.6437908496732027,0.6559459863231727,0.39090320467948914,0.008322604594356258,0.18902949160085092
15,395,1,0.6454248366013072,0.6591257437441488,0.3923206627368927,0.00538755943172572,-0.3011816345323425
15,396,1,0.6470588235294118,0.6566839768486002,0.3999795615673065,0.007077270896535414,0.26288184321001934
15,397,1,0.6486928104575164,0.6615606692834639,0.3895356357097626,0.0018906997798090383,-1.034010941767533
15,398,1,0.6503267973856209,0.6578763046055336,0.38847583532333374,0.004697271617487691,-0.5554263429991972
15,399,1,0.6519607843137255,0.6685121822461288,0.39709800481796265,0.005456026452517344,-0.12976818517165256
15,400,1,0.6535947712418301,0.6627971846686889,0.3904270827770233,0.003368227912725345,-0.7338570409909131
15,401,1,0.6552287581699346,0.6675249012862421,0.3951777219772339,0.00319873699847755,-0.6068972203776402
15,402,1,0.6568627450980392,0.6716528875701353,0.39462289214134216,0.004207098837213779,-0.44073709883154727
15,403,1,0.6584967320261438,0.6748179098973827,0.3936602771282196,0.0031943606943220042,-0.6581635848653109
15,404,1,0.6601307189542484,0.6774383004277229,0.38793373107910156,0.003995597398935803,-0.7019181468592902
15,405,1,0.6617647058823529,0.6742523593999127,0.39748573303222656,0.002850622568632931,-0.593873626114642
15,406,1,0.6633986928104575,0.6860779947843509,0.39365682005882263,0.007293148287387681,0.09213163500728327
15,407,1,0.6650326797385621,0.68528451102483,0.4056396484375,0.00413902603870828,-0.08681942558897536
15,408,1,0.6666666666666666,0.6937237551401852,0.3824727535247803,0.008715981557806242,-0.019319296305758793
15,409,1,0.6683006535947712,0.6849618688518575,0.40192893147468567,0.006076437396069603,0.1444777614477054
15,410,1,0.6699346405228758,0.6901774095112293,0.3970234990119934,0.0033379790073024235,-0.5200202742438433
15,411,1,0.6715686274509803,0.6907805949854744,0.3925239145755768,0.003212343517264491,-0.6926628936032939
15,412,1,0.673202614379085,0.7004556345339468,0.3918738067150116,0.006329891280244424,-0.14351950223663273
15,413,1,0.6748366013071896,0.694134100210899,0.3830527663230896,0.0028947888738836886,-1.0657798700448855
15,414,1,0.6764705882352942,0.7052227456747944,0.3794063627719879,0.007091328691232119,-0.4187403036181909
15,415,1,0.6781045751633987,0.6989570442925406,0.38767215609550476,0.00434202481845695,-0.6471929735680553
15,416,1,0.6797385620915033,0.7045748611514827,0.39005687832832336,0.003995705360960352,-0.6312895964446328
15,417,1,0.6813725490196079,0.7080200045210032,0.3809208273887634,0.004201394396199669,-0.8974663722592995
15,418,1,0.6830065359477124,0.703925744461067,0.38690125942230225,0.004512401622063055,-0.6416376635116204
15,419,1,0.684640522875817,0.7077685871072543,0.3839854896068573,0.00242801922971958,-1.120217269572902
15,420,1,0.6862745098039216,0.6968911555207878,0.37696340680122375,0.013425625962588854,0.6597047121949453
15,421,1,0.6879084967320261,0.7060701501478368,0.3933926522731781,0.006066305806755679,-0.1412652689202446
15,422,1,0.6895424836601307,0.7025033800541005,0.3929785490036011,0.006513330825697248,-0.07319516631213308
15,423,1,0.6911764705882353,0.7100011889785313,0.3967120349407196,0.004727673400762947,-0.27595186943703043
15,424,1,0.6928104575163399,0.7074086327274838,0.38835081458091736,0.003320304453234954,-0.8116806604911407
15,425,1,0.6944444444444444,0.710808563164393,0.38344186544418335,0.002388728020830919,-1.1454898674956033
15,426,1,0.696078431372549,0.7028210697734512,0.37996357679367065,0.009103853630850854,-0.03175411926517435
15,427,1,0.6977124183006536,0.7163450322848558,0.38964295387268066,0.004564350536093756,-0.5409472055122947
15,428,1,0.6993464052287581,0.714121739239191,0.3802180886268616,0.0034211092851297903,-1.0636925054853426
15,429,1,0.7009803921568627,0.7217609263067104,0.37198424339294434,0.006492343018062797,-0.7752381034343505
15,430,1,0.7026143790849673,0.7185999720122076,0.379934698343277,0.004441890960096043,-0.8862313750235835
15,431,1,0.704248366013072,0.7227927749441754,0.38210487365722656,0.0021949582696768805,-1.22542931038868
15,432,1,0.7058823529411765,0.7284235763895561,0.38013944029808044,0.0048602410908101645,-0.802830375281255
15,433,1,0.7075163398692811,0.7332391528372052,0.3952223062515259,0.00610035825086795,-0.07418273399421826
15,434,1,0.7091503267973857,0.729811978753361,0.38540011644363403,0.0033697026983246386,-0.9007671421882466
15,435,1,0.7107843137254902,0.736843562681861,0.38103562593460083,0.004032209777611718,-0.9246230477335095
15,436,1,0.7124183006535948,0.7442469639522167,0.3821449279785156,0.007922914113545966,-0.1754172709960018
15,437,1,0.7140522875816994,0.7378234512954357,0.38852861523628235,0.003915492401032573,-0.6967999914237812
15,438,1,0.7156862745098039,0.7468759511385444,0.3790135085582733,0.005833279070757032,-0.6621303230546953
15,439,1,0.7173202614379085,0.7393217621153026,0.3914435803890228,0.00637020232488668,-0.15044720561736152
15,440,1,0.7189542483660131,0.7452389439133628,0.39332249760627747,0.004343321854640666,-0.4590440285639934
15,441,1,0.7205882352941176,0.7480918583180757,0.3704789876937866,0.003471084743378721,-1.3784329090838348
15,442,1,0.7222222222222222,0.7473777985457988,0.36586716771125793,0.0032301414100406162,-1.5759187846793132
15,443,1,0.7238562091503268,0.7491508010613329,0.37608152627944946,0.0016578103925842524,-1.5240872999463522
15,444,1,0.7254901960784313,0.7469871497359513,0.37015658617019653,0.004722182896866144,-1.1601025876116156
15,445,1,0.7271241830065359,0.7461591959086441,0.381369024515152,0.005987188179820429,-0.5556158956881179
15,446,1,0.7287581699346405,0.751559485512842,0.39044252038002014,0.002543356359904032,-0.8843619585492668
15,447,1,0.7303921568627451,0.7406327070832359,0.37787285447120667,0.012075933144631528,0.4428467731928062
15,448,1,0.7320261437908496,0.7500361084953504,0.3954507112503052,0.004395812509415059,-0.3786567102566589
15,449,1,0.7336601307189542,0.7427698094438364,0.39006805419921875,0.008571546979356569,0.2068318010302792
15,450,1,0.7352941176470589,0.7560955662340145,0.38937053084373474,0.006729101804977109,-0.1536822270742102
15,451,1,0.7369281045751634,0.7484202245513645,0.3868216872215271,0.004833393115938176,-0.5855165207585581
15,452,1,0.738562091503268,0.7520324579725716,0.39910802245140076,0.004584306618175984,-0.22251706520356193
15,453,1,0.7401960784313726,0.749485682339759,0.3820178806781769,0.004588314383862634,-0.7901443409849123
15,454,1,0.7418300653594772,0.7577961980727775,0.3950999081134796,0.00458850294433367,-0.3550452903490862
15,455,1,0.7434640522875817,0.75012939947456,0.39649537205696106,0.006048723432732982,-0.04129817317620149
15,456,1,0.7450980392156863,0.7630468314264109,0.39524200558662415,0.00644141478831904,-0.011086623066421497
15,457,1,0.7467320261437909,0.7602867802721305,0.393053263425827,0.004458090486582392,-0.44698590040322794
15,458,1,0.7483660130718954,0.7556679068242799,0.3918505609035492,0.006613942031319748,-0.0922882806124799
15,459,1,0.75,0.7559043417837905,0.3976139724254608,0.005622869888729691,-0.08206296071002323
15,460,1,0.7516339869281046,0.7594258058892157,0.400873064994812,0.0046381336418877105,-0.15396294066036223
15,461,1,0.7532679738562091,0.7633234321966464,0.39280766248703003,0.003135001107399346,-0.6973863128536857
15,462,1,0.7549019607843137,0.7682908280217219,0.393194317817688,0.005465974175063877,-0.2577705344468253
15,463,1,0.7565359477124183,0.7650261240382817,0.39120107889175415,0.0023732352670705775,-0.890280778849849
15,464,1,0.7581699346405228,0.7680616873148697,0.3899499475955963,0.0017905825727177196,-1.0385618723903378
15,465,1,0.7598039215686274,0.7680089962405674,0.39919495582580566,0.002411003825487411,-0.6175164315313705
15,466,1,0.761437908496732,0.771316657942437,0.396100252866745,0.00167824519907058,-0.8545901059925364
15,467,1,0.7630718954248366,0.7721553216414688,0.3961241543292999,0.0007369098099794051,-1.0261358611457028
15,468,1,0.7647058823529411,0.7781682737090808,0.4004233777523041,0.004038125751070222,-0.2787680893701605
15,469,1,0.7663398692810458,0.7836643953680781,0.3945402503013611,0.007007600811514704,0.06923325201047353
15,470,1,0.7679738562091504,0.7867067173997657,0.39025333523750305,0.006136073061324672,-0.23289540613209947
15,471,1,0.7696078431372549,0.7884804666072311,0.4028187394142151,0.004062307404457911,-0.19467916115240505
15,472,1,0.7712418300653595,0.7881792590348042,0.40048670768737793,0.0019300933337313894,-0.6626026607061328
15,473,1,0.7728758169934641,0.792790931192265,0.3921051025390625,0.0017887394166202896,-0.9672260656796599
15,474,1,0.7745098039215687,0.784001716564684,0.39473679661750793,0.009282109167007406,0.4921890229166034
15,475,1,0.7761437908496732,0.7929086657614655,0.3827615976333618,0.003303487925211258,-1.0006381310335433
15,476,1,0.7777777777777778,0.7886439257606741,0.39343181252479553,0.00569401127953054,-0.20812298948512276
15,477,1,0.7794117647058824,0.7928725707840862,0.3845652937889099,0.004112385091728057,-0.7925595087756233
15,478,1,0.7810457516339869,0.7923344808447573,0.39063912630081177,0.002435002120413429,-0.8976611065169895
15,479,1,0.7826797385620915,0.7957787682015782,0.3891579806804657,0.0020496039196650413,-1.017478155271986
15,480,1,0.7843137254901961,0.7917243276316471,0.39485958218574524,0.004927590939301717,-0.30095715374000087
15,481,1,0.7859477124183006,0.7977519621930755,0.39776137471199036,0.001997029061949976,-0.7409834698041955
15,482,1,0.7875816993464052,0.796173973511494,0.4013107419013977,0.002994923450098917,-0.44024785774020736
15,483,1,0.7892156862745098,0.8026387319474675,0.3957023024559021,0.003036991889843894,-0.6190638847131728
15,484,1,0.7908496732026143,0.8000446085341989,0.38980403542518616,0.0022742018147155012,-0.954872922302511
15,485,1,0.7924836601307189,0.801661711377534,0.3987428843975067,0.0019322694713149572,-0.7201979881837288
15,486,1,0.7941176470588235,0.8080117039362144,0.38862675428390503,0.0036374654203659,-0.7444376762152927
15,487,1,0.795751633986928,0.809044252930074,0.3856596350669861,0.0022360289929872486,-1.0996905517610935
15,488,1,0.7973856209150327,0.811643798015403,0.40109890699386597,0.002708746647722816,-0.4996863183624699
15,489,1,0.7990196078431373,0.8175143639330642,0.40226301550865173,0.0056795151950830135,0.08291936112370923
15,490,1,0.8006535947712419,0.807644077689366,0.3978237807750702,0.008153934187497784,0.38830438347566304
15,491,1,0.8022875816993464,0.81143538963948,0.3951992094516754,0.005317475216093683,-0.2182818765794372
15,492,1,0.803921568627451,0.8104757409419717,0.3912341594696045,0.005828148550531447,-0.25665160065745585
15,493,1,0.8055555555555556,0.8174984583307455,0.39688628911972046,0.004890121646299409,-0.24041556799766878
15,494,1,0.8071895424836601,0.8130684153170002,0.39784106612205505,0.002939483506565437,-0.5657876839643835
15,495,1,0.8088235294117647,0.8208111462084483,0.4034056067466736,0.00348861190839261,-0.280194667639112
15,496,1,0.8104575163398693,0.8203202839415951,0.4133804440498352,0.0028424656354204907,-0.06676201743657173
15,497,1,0.8120915032679739,0.8169771904942984,0.40162768959999084,0.005191867628323759,-0.02748846734135965
15,498,1,0.8137254901960784,0.8237094536279524,0.4115118384361267,0.00277145608468618,-0.1419060981978337
15,499,1,0.815359477124183,0.8273834058378611,0.3985501527786255,0.0027938610204461616,-0.5688665431256688
15,500,1,0.8169934640522876,0.8332226688314387,0.407652348279953,0.006880603182837076,0.48204697192790846
15,501,1,0.8186274509803921,0.832040064754364,0.4035741984844208,0.003912601356473787,-0.19696345140322863
15,502,1,0.8202614379084967,0.8364637300232386,0.4103851020336151,0.0032076118605296705,-0.09952574491869248
15,503,1,0.8218954248366013,0.8436705413787396,0.4062415063381195,0.007148591843839187,0.484190718114974
15,504,1,0.8235294117647058,0.8423356561152829,0.389547735452652,0.003258261761526164,-0.7832339098391782
15,505,1,0.8251633986928104,0.8452645356443194,0.39008277654647827,0.0032933511397182885,-0.7590160315388786
15,506,1,0.826797385620915,0.8452195124639945,0.398591011762619,0.0019408909814135544,-0.7236703298377722
15,507,1,0.8284313725490197,0.8426253665557922,0.41811829805374146,0.005741677017966755,0.6215937397254346
15,508,1,0.8300653594771242,0.8461728577465142,0.41198310256004333,0.0028577412822339515,-0.11043624631224333
15,509,1,0.8316993464052288,0.8420831783275996,0.3955761194229126,0.006981871948230344,0.09897233202961858
15,510,1,0.8333333333333334,0.8514060399663452,0.3980504274368286,0.0034386510070597647,-0.4674369336990187
15,511,1,0.8349673202614379,0.8527298921299933,0.4035550355911255,0.003100519660566546,-0.3462774858986774
15,512,1,0.8366013071895425,0.8517781895373525,0.39670273661613464,0.0028651009794069655,-0.6172627489915063
15,513,1,0.8382352941176471,0.8541980861982814,0.4025319814682007,0.002568641057846599,-0.4776777224022162
15,514,1,0.8398692810457516,0.8574440981104102,0.39661362767219543,0.001237706959446095,-0.9181711628205623
15,515,1,0.8415032679738562,0.854185200974737,0.3939512073993683,0.004096847692447185,-0.48325998084822536
15,516,1,0.8431372549019608,0.8581944185202088,0.39364373683929443,0.0016071696962622576,-0.9492981976292858
15,517,1,0.8447712418300654,0.8593666945697331,0.4065325856208801,0.0017761924825792125,-0.4897132823181098
15,518,1,0.8464052287581699,0.8663295704530873,0.408158540725708,0.004787485236140155,0.11567108462165071
15,519,1,0.8480392156862745,0.8606951633840416,0.39839592576026917,0.0030682899185748443,-0.5237528974662472
15,520,1,0.8496732026143791,0.8627799332832277,0.3972560465335846,0.0028044991366729904,-0.6099565564476754
15,521,1,0.8513071895424836,0.8731357553444936,0.4042615592479706,0.006598432748796302,0.3176206071773257
15,522,1,0.8529411764705882,0.8721447745608087,0.39987093210220337,0.003997557282577918,-0.3045679024782636
15,523,1,0.8545751633986928,0.8656082607123226,0.40451642870903015,0.00582512810399523,0.18451931516870795
15,524,1,0.8562091503267973,0.8688231511348882,0.39848339557647705,0.00459706079014768,-0.24095502160230936
15,525,1,0.8578431372549019,0.8642280024997024,0.40592268109321594,0.009944465111600702,0.9854589696488545
15,526,1,0.8594771241830066,0.8690258565014037,0.40344005823135376,0.004469703464917287,-0.09942968893978368
15,527,1,0.8611111111111112,0.8687981152347714,0.39837464690208435,0.0029549481487472534,-0.5452112873990299
15,528,1,0.8627450980392157,0.8712015611578502,0.39831024408340454,0.0020546189100895036,-0.7121863003250457
15,529,1,0.8643790849673203,0.8717670985153568,0.4079396426677704,0.0011647297755372687,-0.5548664782442947
15,530,1,0.8660130718954249,0.8750106103673827,0.3740498721599579,0.0009711791474127175,-1.717362473626319
15,531,1,0.8676470588235294,0.880120508426663,0.381134569644928,0.004181679934647865,-0.8939673624971756
15,532,1,0.869281045751634,0.8813997059270775,0.37278780341148376,0.0028395768215171745,-1.417266522427394
15,533,1,0.8709150326797386,0.8853821020420644,0.38264530897140503,0.004063139059769473,-0.8654278031154663
15,534,1,0.8725490196078431,0.8875070545614553,0.38471734523773193,0.002784340697483524,-1.0306425004526494
15,535,1,0.8741830065359477,0.8874833779212363,0.38174036145210266,0.0011444426931748347,-1.4298812260045215
15,536,1,0.8758169934640523,0.886087982854962,0.3815523684024811,0.0035995594311711994,-0.9866479838738206
15,537,1,0.8774509803921569,0.8887985687633059,0.3716545104980469,0.0025674392743354436,-1.5047792768879988
15,538,1,0.8790849673202614,0.8962119995162001,0.38533690571784973,0.004498271317785364,-0.6962498320577545
15,539,1,0.880718954248366,0.8897231201739154,0.38135457038879395,0.004166844263185547,-0.8893670025033574
15,540,1,0.8823529411764706,0.8901807410197787,0.3823584318161011,0.004269158980492004,-0.8372500428400771
15,541,1,0.8839869281045751,0.89207919754921,0.3947780132293701,0.0034942238223455947,-0.5660921705439701
15,542,1,0.8856209150326797,0.8942221989191169,0.381661057472229,0.0026165881495516636,-1.1629967279060256
15,543,1,0.8872549019607843,0.8931202502712291,0.3934729993343353,0.0026755463174510264,-0.7593768810586101
15,544,1,0.8888888888888888,0.8948085186817124,0.38505619764328003,0.0018365604312961404,-1.1928939740489553
15,545,1,0.8905228758169934,0.8950342219933106,0.39003807306289673,0.0027678015351813457,-0.8567208747892496
15,546,1,0.8921568627450981,0.8949147901783363,0.3796345293521881,0.003625989461180827,-1.0455900669718157
15,547,1,0.8937908496732027,0.8996090045966059,0.3864571154117584,0.0011927320645935943,-1.2641768796685626
15,548,1,0.8954248366013072,0.9013255651859472,0.3793924152851105,0.0011265116367035278,-1.511248907640093
15,549,1,0.8970588235294118,0.8994425258794841,0.38761794567108154,0.002522851782240725,-0.9820518760665106
15,550,1,0.8986928104575164,0.90757178907679,0.37657126784324646,0.004504335443521785,-0.9866554377234992
15,551,1,0.9003267973856209,0.908074495892467,0.3892538249492645,0.0024403355613818217,-0.9427551497494027
15,552,1,0.9019607843137255,0.9052325497338172,0.38427406549453735,0.0034638490712913922,-0.9209794214400516
15,553,1,0.9035947712418301,0.9094824668844734,0.38417375087738037,0.0027428023389889367,-1.0563255176790878
15,554,1,0.9052287581699346,0.9072797801142365,0.3827973008155823,0.004555027455825299,-0.7703176356101274
15,555,1,0.9068627450980392,0.9131696239796547,0.3982951045036316,0.0022558403451773757,-0.675849967710868
15,556,1,0.9084967320261438,0.9146292546537753,0.42457160353660583,0.0017127484001296697,0.09858878284392869
15,557,1,0.9101307189542484,0.9193043455776932,0.4319743514060974,0.0039195819964833855,0.7488087797855616
15,558,1,0.9117647058823529,0.9210034934104409,0.40322601795196533,0.0031632601559260353,-0.34573291987749055
15,559,1,0.9133986928104575,0.920375871528876,0.39001020789146423,0.001429447219406065,-1.1026748430930637
15,560,1,0.9150326797385621,0.9251956537799338,0.41050252318382263,0.0021229303140626165,-0.2942053075921879
15,561,1,0.9166666666666666,0.9301490676779731,0.3926442265510559,0.004434744430562255,-0.4648633199896225
15,562,1,0.9183006535947712,0.9244333506141791,0.36930105090141296,0.003992153158301747,-1.322209417623915
15,563,1,0.9199346405228758,0.9288500560833799,0.37599435448646545,0.002633874828712968,-1.3482874754516292
15,564,1,0.9215686274509803,0.9283697146843665,0.3774677813053131,0.003302188693498635,-1.1769306414792293
15,565,1,0.923202614379085,0.9383597416492495,0.4266989529132843,0.0061647122111,0.984407366878953
15,566,1,0.9248366013071896,0.938356633746173,0.40228554606437683,0.004959386201377595,-0.04817329454622066
15,567,1,0.9264705882352942,0.9385886576249072,0.4169967770576477,0.0031763582876490775,0.11463454263957762
15,568,1,0.9281045751633987,0.9370949603130125,0.3829116225242615,0.004035245862119499,-0.8616778189541823
15,569,1,0.9297385620915033,0.9348330040401533,0.38779035210609436,0.007511476466357069,-0.06299574624954107
15,570,1,0.9313725490196079,0.9302326418882405,0.39513447880744934,0.011230154215995868,0.8620646677143017
15,571,1,0.9330065359477124,0.9309553603597892,0.3745439350605011,0.008476437779964057,-0.32686122812154594
15,572,1,0.934640522875817,0.9327663701083061,0.38675814867019653,0.0048137121547911456,-0.5912328110414383
15,573,1,0.9362745098039216,0.9298385443695334,0.3764392137527466,0.00660278190276377,-0.606861409139794
15,574,1,0.9379084967320261,0.9302930103289815,0.39114347100257874,0.00489970102566069,-0.42964871079760897
15,575,1,0.9395424836601307,0.9328563691100807,0.3951070010662079,0.002784217310661331,-0.6851398465624825
15,576,1,0.9411764705882353,0.9280925812611858,0.39770275354385376,0.0075904743912145346,0.2811206309950931
15,577,1,0.9428104575163399,0.9312769430214749,0.41319340467453003,0.003980949864654911,0.1354525253866857
15,578,1,0.9444444444444444,0.9272622305147584,0.393137127161026,0.007611977588847173,0.13321997732715324
15,579,1,0.946078431372549,0.9375977747416633,0.41987544298171997,0.004506144514362079,0.45382796574347456
15,580,1,0.9477124183006536,0.9327988699748534,0.379327654838562,0.003573521443869608,-1.0654015859400423
15,581,1,0.9493464052287581,0.9363361467856331,0.3861582577228546,0.0030523007530165653,-0.9336641661248077
15,582,1,0.9509803921568627,0.9342698993510197,0.3802233040332794,0.003581587005972989,-1.0341386345666188
15,583,1,0.9526143790849673,0.9389916720647236,0.41024911403656006,0.002565184484990815,-0.2216645070077785
15,584,1,0.954248366013072,0.9369190306055974,0.39317548274993896,0.0029245986116348695,-0.7236745420648079
15,585,1,0.9558823529411765,0.9374187750703215,0.38582274317741394,0.003454894304596877,-0.8711150232136252
15,586,1,0.9575163398692811,0.9342352556007782,0.38938233256340027,0.006909070845312159,-0.12034082683500291
15,587,1,0.9591503267973857,0.9356001292489342,0.37898609042167664,0.00553553625959584,-0.7175532145861032
15,588,1,0.9607843137254902,0.9349834029129864,0.38406190276145935,0.005304376891596284,-0.5910695447417766
15,589,1,0.9624183006535948,0.9367374969922939,0.3965012729167938,0.00309452649415481,-0.581959302617897
15,590,1,0.9640522875816994,0.9382088898114567,0.41813725233078003,0.001424663550466403,-0.16813910925851233
15,591,1,0.9656862745098039,0.9354418461778541,0.39233431220054626,0.0051851157367385926,-0.33779129601280133
15,592,1,0.9673202614379085,0.941649755207071,0.40919414162635803,0.001215333848262346,-0.5038813888729887
15,593,1,0.9689542483660131,0.9378581862636827,0.42403340339660645,0.004395792956661109,0.5719045633340054
15,594,1,0.9705882352941176,0.9449897882967029,0.42455559968948364,0.00248854957888269,0.24009101515170644
15,595,1,0.9722222222222222,0.9431953086030265,0.4294719696044922,0.0024859813309242944,0.4031228567500776
15,596,1,0.9738562091503268,0.9450926710875094,0.4347420930862427,0.0022454085939011465,0.5343452568824735
15,597,1,0.9754901960784313,0.9499488632832244,0.4108608365058899,0.002987544357963323,-0.12399458728976633
15,598,1,0.9771241830065359,0.9428708287453729,0.42544490098953247,0.00718031124541778,1.1286386908134767
15,599,1,0.9787581699346405,0.9457334195879793,0.4227607846260071,0.004370379501647089,0.5249287933933786
15,600,1,0.9803921568627451,0.9446108537414846,0.41149553656578064,0.005545074107711783,0.36534855733815047
15,601,1,0.9820261437908496,0.9462461111705486,0.4210757315158844,0.0037893623421415713,0.36251634532109434
15,602,1,0.9836601307189542,0.946941254115346,0.4195188283920288,0.0021685313691751796,0.013995569894088011
15,603,1,0.9852941176470589,0.9495745423809349,0.4042944312095642,0.0010205971442390728,-0.7024819819757602
15,604,1,0.9869281045751634,0.9496897808256279,0.42606237530708313,0.001397891699625441,0.09052258751629616
15,605,0,0.988562091503268,0.9587306579584727,0.41910281777381897,0.0063732536621834545,0.7699652692972706
15,606,0,0.9901960784313726,0.9526804968545836,0.4201294183731079,0.002798044138686688,0.149553589275696
15,607,0,0.9918300653594772,0.9618513843291824,0.4177688658237457,0.005075462335017846,0.4880015311402075
15,608,0,0.9934640522875817,0.9644716949351624,0.4248577356338501,0.0044891327700208716,0.6164078473779103
15,609,0,0.9950980392156863,0.9690338229016249,0.4228067100048065,0.005355782209099753,0.7068646453650063
15,610,0,0.9967320261437909,0.9704502400790856,0.4285944700241089,0.004337095996677064,0.7128441030312183
15,611,0,0.9983660130718954,0.9745807082622928,0.4247763454914093,0.003884440527854123,0.5029934140330717
29,15,0,0.02564102564102564,0.03752936919342986,0.4644731283187866,nan,nan
29,16,0,0.02735042735042735,0.03940118739206754,0.4786367118358612,nan,nan
29,17,0,0.02905982905982906,0.04108152356272016,0.48362186551094055,nan,nan
29,18,0,0.03076923076923077,0.04293943628996487,0.4742181897163391,nan,nan
29,19,1,0.03247863247863248,0.0441797920568203,0.4717046022415161,0.0003025692259001777,1.4078978267475137
29,20,1,0.03418803418803419,0.04497404646719801,0.4787600040435791,0.0011709205313700666,1.8015155582756952
29,21,1,0.035897435897435895,0.04565519667134041,0.4667406976222992,0.0018829850960103024,1.5321590829602498
29,22,1,0.037606837606837605,0.04632977304424159,0.46575766801834106,0.0023518270002642217,1.5853028538186653
29,23,1,0.039316239316239315,0.046543902569656265,0.4695546329021454,0.002985281663418703,1.8275507434889877
29,24,1,0.041025641025641026,0.04760678689996993,0.4669745862483978,0.0025134249613140026,1.6553590073761026
29,25,1,0.042735042735042736,0.047852332268739646,0.4477619528770447,0.0029260647007372676,1.0919575080202817
29,26,1,0.044444444444444446,0.04918663814575694,0.4405021071434021,0.0021410427230697682,0.7067966721880257
29,27,1,0.046153846153846156,0.049840562235555066,0.4440698027610779,0.002201334908650503,0.8364846641722224
29,28,1,0.04786324786324787,0.050885147518849615,0.4380039572715759,0.001980914541830652,0.5944001232709756
29,29,1,0.04957264957264957,0.05191307606302137,0.4256622791290283,0.0017725761523788176,0.145814334952508
29,30,1,0.05128205128205128,0.05359192049504825,0.4329773485660553,0.0011089176689223924,0.26758583827065696
29,31,1,0.05299145299145299,0.05684301722000947,0.4212588667869568,0.0010408584687160282,-0.13459206466921192
29,32,1,0.0547008547008547,0.0590592813071985,0.43687543272972107,0.0015065088097914302,0.47001448444964333
29,33,1,0.05641025641025641,0.061035433581754395,0.43741968274116516,0.0014391276372601302,0.4757782082101293
29,34,1,0.05811965811965812,0.06393595214037236,0.4255128502845764,0.0020590568161948496,0.19329400133417363
29,35,1,0.05982905982905983,0.06790224281205266,0.43239250779151917,0.0034393395765441163,0.6747919947987985
29,36,1,0.06153846153846154,0.07375689742331379,0.40928372740745544,0.006529187789794428,0.4719637050457583
29,37,1,0.06324786324786325,0.08128477864488988,0.41066238284111023,0.010382664982341706,1.2233116925098617
29,38,1,0.06495726495726496,0.0909788330329621,0.42021113634109497,0.015014383104630087,2.388850986338155
29,39,1,0.06666666666666667,0.10298642481475957,0.4213572144508362,0.02026125466328009,3.3875682830305243
29,40,1,0.06837606837606838,0.10885800604628473,0.4234113395214081,0.017361790394128537,2.9250447608860894
29,41,1,0.07008547008547009,0.11693974733718984,0.4022844433784485,0.016668254529290924,2.095461525048107
29,42,1,0.07179487179487179,0.11892559862689461,0.41564950346946716,0.009740363645920664,1.271573483677124
29,43,1,0.0735042735042735,0.12411031353500278,0.44982120394706726,0.007938387155545719,2.0781023988307075
29,44,1,0.07521367521367521,0.11539030611437608,0.5222024321556091,0.006062592445141792,4.141837843458948
29,45,1,0.07692307692307693,0.13083852401544668,0.49543869495391846,0.007752550438905976,3.561164578759371
29,46,1,0.07863247863247863,0.12890902267876148,0.4726826250553131,0.004309336767659719,2.1739866643215304
29,47,1,0.08034188034188035,0.14256830986581373,0.4682849049568176,0.013511786106742097,3.712526945697565
29,48,1,0.08205128205128205,0.13018137115897377,0.44995713233947754,0.007489598466559546,2.0004582346182045
29,49,1,0.08376068376068375,0.14892231924675453,0.43373775482177734,0.011553530143830744,2.205084657196804
29,50,1,0.08547008547008547,0.13519242203842466,0.4190070331096649,0.007505048442781579,0.9739899279125079
29,51,1,0.08717948717948718,0.15457823974938859,0.4161489009857178,0.01111765199872204,1.5403371254951397
29,52,1,0.08888888888888889,0.14541816133939062,0.41153770685195923,0.008682795015051212,0.9412081268749257
29,53,1,0.0905982905982906,0.16282366865798106,0.4230174720287323,0.012551400891316606,2.0312550539354066
29,54,1,0.09230769230769231,0.15367367076261956,0.4108884334564209,0.008348934822753626,0.8584920001135141
29,55,1,0.09401709401709402,0.16396297241607874,0.41416823863983154,0.006723196105780035,0.6699254700305493
29,56,1,0.09572649572649573,0.1573420619972422,0.4098984897136688,0.006074805808377418,0.4092199314926078
29,57,1,0.09743589743589744,0.1676053752691018,0.41577455401420593,0.004915032070426048,0.392305647254169
29,58,1,0.09914529914529914,0.167527344810853,0.4080079197883606,0.004289257296694724,0.019445858862862393
29,59,1,0.10085470085470086,0.16873584975816416,0.4097675085067749,0.0027682756148856963,-0.20049896792575053
29,60,1,0.10256410256410256,0.16920375351720582,0.4148915410041809,0.0028786466362512786,-0.009883926588100417
29,61,1,0.10427350427350428,0.17593082117889536,0.4569249749183655,0.0034182581668893,1.4868002888802354
29,62,1,0.10598290598290598,0.16740981759413492,0.46030235290527344,0.007184106895319538,2.2885760031421
29,63,1,0.1076923076923077,0.17748585591182614,0.4109871983528137,0.003841588729355773,0.03656709547493067
29,64,1,0.1094017094017094,0.1745104616249964,0.4286099076271057,0.004094111744854818,0.6688717028208678
29,65,1,0.1111111111111111,0.17557797859007626,0.42158758640289307,0.004038133854627547,0.42508426975286345
29,66,1,0.11282051282051282,0.17694369526601575,0.43664437532424927,0.002418168434818061,0.6292378560075909
29,67,1,0.11452991452991453,0.18048417725955976,0.41186854243278503,0.002006622302829366,-0.2700698595746596
29,68,1,0.11623931623931624,0.1812031875954619,0.4126020073890686,0.0006182412571160422,-0.499863475705122
29,69,1,0.11794871794871795,0.18008051618330934,0.42796456813812256,0.002716225667643958,0.39514508655330244
29,70,1,0.11965811965811966,0.18100699850933158,0.41895240545272827,0.0029153777399299626,0.1318916263844918
29,71,1,0.12136752136752137,0.17598163682606635,0.4124443233013153,0.008956565234024163,1.021481290616
29,72,1,0.12307692307692308,0.17767960182562206,0.4161396622657776,0.006133051191237967,0.6274441041956784
29,73,1,0.12478632478632479,0.18114589629446276,0.437408447265625,0.0035543618795080673,0.8626637846460101
29,74,1,0.1264957264957265,0.1831301462384971,0.41810640692710876,0.0022661425754086717,-0.015106090834131225
29,75,1,0.1282051282051282,0.18329357074566033,0.41557684540748596,0.0009559081010479135,-0.3391099130600462
29,76,1,0.12991452991452992,0.1838373828481888,0.3963710069656372,0.0017194031010466671,-0.838050498738121
29,77,1,0.13162393162393163,0.18561618818903977,0.4245400130748749,0.0015205492516278353,0.0623501745430427
29,78,1,0.13333333333333333,0.18225486339391858,0.430815190076828,0.005958940784602783,1.0836268221409964
29,79,1,0.13504273504273503,0.1840407114545935,0.41983380913734436,0.0039982996084857135,0.35946660262908375
29,80,1,0.13675213675213677,0.18436480298243987,0.41555723547935486,0.0038169656621701315,0.18404324686097412
29,81,1,0.13846153846153847,0.18836839695331115,0.44269877672195435,0.002074254631542546,0.7676229323116377
29,82,1,0.14017094017094017,0.1798634861442394,0.4520305097103119,0.009138189725001274,2.371237599317038
29,83,1,0.14188034188034188,0.19427773352864186,0.4259003698825836,0.005873901971821012,0.904607329526908
29,84,1,0.14358974358974358,0.18732452898165258,0.40631964802742004,0.005671286643117019,0.2163229148860124
29,85,1,0.1452991452991453,0.19732703563878723,0.420622855424881,0.0057971588778483706,0.7150446259938438
29,86,1,0.147008547008547,0.1941156215274298,0.4088484048843384,0.005255292075749299,0.22426021262879892
29,87,1,0.14871794871794872,0.19185908397543522,0.4314711391925812,0.005646628116867532,1.0482629783460895
29,88,1,0.15042735042735042,0.1937445081055309,0.42449939250946045,0.0032503572288830147,0.37769426947680945
29,89,1,0.15213675213675212,0.19138776718967665,0.4332889914512634,0.0071182772952940055,1.378149695955046
29,90,1,0.15384615384615385,0.19398994585973225,0.41385483741760254,0.0034834744133535973,0.06637125846797148
29,91,1,0.15555555555555556,0.1927823710264319,0.421102911233902,0.004207437429336729,0.4399618630114384
29,92,1,0.15726495726495726,0.1962780846693345,0.42803698778152466,0.0018415059359996279,0.23740894615025576
29,93,1,0.15897435897435896,0.19357188833477382,0.42731377482414246,0.0042821360246949065,0.6601903317318703
29,94,1,0.1606837606837607,0.19973829619001335,0.4045864939689636,0.0018596521176697045,-0.5391539146109259
29,95,1,0.1623931623931624,0.19842934462291495,0.4269198775291443,0.0021387328801989493,0.2546742015939473
29,96,1,0.1641025641025641,0.2006916692567304,0.43332502245903015,0.0018526834100497298,0.4153176968417716
29,97,1,0.1658119658119658,0.1966931057691638,0.43178248405456543,0.005659176005119214,1.060914548442217
29,98,1,0.1675213675213675,0.20402792339478967,0.4379730224609375,0.002175775198301219,0.6290466214726006
29,99,1,0.16923076923076924,0.20217987393385425,0.4302929937839508,0.003070710213295584,0.5374801350754714
29,100,1,0.17094017094017094,0.2037500995038485,0.4365701973438263,0.002374333321398301,0.618745567156036
29,101,1,0.17264957264957265,0.20977834791001285,0.4372316598892212,0.003871115086423889,0.9147759255527446
29,102,1,0.17435897435897435,0.20605439637708797,0.42517244815826416,0.0031241469817132345,0.37697115176671225
29,103,1,0.17606837606837608,0.2092075862259419,0.4119325876235962,0.001505598332871543,-0.35966790715804575
29,104,1,0.17777777777777778,0.20303895087948828,0.41073739528656006,0.008403138797909398,0.8633926939211948
29,105,1,0.1794871794871795,0.2058779571833282,0.40962228178977966,0.005956952055264416,0.378457394010283
29,106,1,0.1811965811965812,0.2010273462406728,0.4030799865722656,0.009261858598963628,0.7659481538099232
29,107,1,0.1829059829059829,0.20554096960125565,0.41454657912254333,0.004899387949933467,0.3486031632576517
29,108,1,0.18461538461538463,0.20675902453999326,0.4165004789829254,0.002524809889758121,-0.0211568149538075
29,109,1,0.18632478632478633,0.20895838325537347,0.4048306941986084,0.0017679493934033919,-0.547821658567616
29,110,1,0.18803418803418803,0.20644307174134818,0.43450993299484253,0.0033728413411504717,0.7330359188924416
29,111,1,0.18974358974358974,0.21004750853275608,0.4158097803592682,0.0020756578859804043,-0.1263583482120632
29,112,1,0.19145299145299147,0.20816403747740392,0.41447871923446655,0.004132441713138689,0.20593307504081687
29,113,1,0.19316239316239317,0.21110267737949764,0.4108578860759735,0.0021654785618095375,-0.27459734861618185
29,114,1,0.19487179487179487,0.21543098246009038,0.42964446544647217,0.002247176504164018,0.36513886225699654
29,115,1,0.19658119658119658,0.22306264268036516,0.42763397097587585,0.007631859044753287,1.2841096746006102
29,116,1,0.19829059829059828,0.21622679504004316,0.4224238097667694,0.0031089347016185647,0.2827755416913599
29,117,1,0.2,0.21723236261866274,0.42806363105773926,0.003467893944511207,0.5360557789559364
29,118,1,0.20170940170940171,0.22236441150965056,0.4228365123271942,0.0030275385259475617,0.2815985557053141
29,119,1,0.20341880341880342,0.2258706416124144,0.421920508146286,0.0038961927495744036,0.4101694132300443
29,120,1,0.20512820512820512,0.2294591774629783,0.4116364121437073,0.004791142594610704,0.23200306220513878
29,121,1,0.20683760683760682,0.22778249735270079,0.41990065574645996,0.0022354683674998977,0.03894876567088673
29,122,1,0.20854700854700856,0.22962255792136718,0.40861397981643677,0.001295727553260323,-0.5084570714344613
29,123,1,0.21025641025641026,0.2297712955526005,0.41692692041397095,0.0026569052079395295,0.017209347264575903
29,124,1,0.21196581196581196,0.2335562170041878,0.4065304398536682,0.0014999187265363834,-0.540365122882478
29,125,1,0.21367521367521367,0.22950958656703074,0.4140189290046692,0.004918037563858184,0.33446967331709704
29,126,1,0.2153846153846154,0.23682152532608228,0.4242814779281616,0.0020272675999335426,0.14652266849872925
29,127,1,0.2170940170940171,0.23849257387158987,0.4091176390647888,0.001925318618024732,-0.3764408766208255
29,128,1,0.2188034188034188,0.2335362512318601,0.4188877046108246,0.005303206633537451,0.5669060286469918
29,129,1,0.2205128205128205,0.2309617001171571,0.40465986728668213,0.007872766305158473,0.5641732821144364
29,130,1,0.2222222222222222,0.23683722844163213,0.39991438388824463,0.004449134095817593,-0.22044770017704285
29,131,1,0.22393162393162394,0.23357096800324223,0.40740564465522766,0.005630452585492442,0.24496359399717424
29,132,1,0.22564102564102564,0.23851154453817527,0.4172305464744568,0.0023090993229082013,-0.03636971855516652
29,133,1,0.22735042735042735,0.23429876547514886,0.4228591322898865,0.004916076973077709,0.6281063547783793
29,134,1,0.22905982905982905,0.24273551756704198,0.43212127685546875,0.003132849955152458,0.6096593291837286
29,135,1,0.23076923076923078,0.24444872197701664,0.44444748759269714,0.0029250409079396977,0.9815420284189539
29,136,1,0.23247863247863249,0.2444567227620845,0.42477715015411377,0.002318686139998983,0.21636027275735087
29,137,1,0.2341880341880342,0.24278600256252808,0.41323530673980713,0.003791444361119492,0.1021511882673215
29,138,1,0.2358974358974359,0.24908093067945017,0.4302867650985718,0.001683171424131475,0.28324098073384263
29,139,1,0.2376068376068376,0.25752747422233796,0.44214102625846863,0.008089897553893234,1.850424023840865
29,140,1,0.23931623931623933,0.24985897947557917,0.4117647409439087,0.0038380844068165005,0.06178398955864069
29,141,1,0.24102564102564103,0.2592702631650464,0.4312012791633606,0.006038832654813472,1.1110935399767639
29,142,1,0.24273504273504273,0.2538815144238695,0.41407373547554016,0.004610854239783985,0.28005291885789263
29,143,1,0.24444444444444444,0.2559273612759991,0.43285462260246277,0.00411320730661891,0.8135327772139459
29,144,1,0.24615384615384617,0.2615061015013969,0.4209894835948944,0.003955859878828143,0.3901305655170527
29,145,1,0.24786324786324787,0.26725714009446466,0.41759055852890015,0.005366347829711805,0.5353272376427912
29,146,1,0.24957264957264957,0.2619583560519185,0.4109608829021454,0.0030407986047283086,-0.11091753685952749
29,147,1,0.2512820512820513,0.26676700664772524,0.4206947982311249,0.00280314433624523,0.16928998390675842
29,148,1,0.252991452991453,0.2588769327284214,0.4173681437969208,0.009739700518629811,1.328608313413767
29,149,1,0.2547008547008547,0.2674140032506398,0.41926270723342896,0.004146110925097471,0.367535106998909
29,150,1,0.2564102564102564,0.2538779613956184,0.42832428216934204,0.014120595447232683,2.4950315616454395
29,151,1,0.25811965811965815,0.26741362165640625,0.4416525661945343,0.006205425378216297,1.4891683963555935
29,152,1,0.25982905982905985,0.26723474703862077,0.43020474910736084,0.004669286261116604,0.827214336405732
29,153,1,0.26153846153846155,0.26704545606506064,0.44607454538345337,0.005221167474251732,1.4560297159648254
29,154,1,0.26324786324786326,0.26454271323743656,0.42156538367271423,0.005531505657034008,0.6977539056191955
29,155,1,0.26495726495726496,0.26864120824138044,0.42203161120414734,0.0033627594985124426,0.3162028290351254
29,156,1,0.26666666666666666,0.275005895850326,0.408881813287735,0.003895382531526477,-0.02360235436586789
29,157,1,0.26837606837606837,0.27169347906080626,0.42207467555999756,0.0023885150686994406,0.1392693471355298
29,158,1,0.27008547008547007,0.2789397182971999,0.4240216314792633,0.004724412026537712,0.6316769813625822
29,159,1,0.2717948717948718,0.28304175343371824,0.43072888255119324,0.005227195898115251,0.9467879260512019
29,160,1,0.27350427350427353,0.278451486975289,0.4225582182407379,0.0037955215117348984,0.412946528198254
29,161,1,0.27521367521367524,0.29170864083942455,0.40507665276527405,0.009432549224496335,0.8636008139141653
29,162,1,0.27692307692307694,0.2876964726192118,0.4138300120830536,0.0034909008155285053,0.06690528401967191
29,163,1,0.27863247863247864,0.2942472579901318,0.40754434466362,0.005206671643962376,0.17199004824572617
29,164,1,0.28034188034188035,0.29485693013710157,0.41030022501945496,0.004103088374128935,0.061596277646338196
29,165,1,0.28205128205128205,0.2947727213578731,0.4010852873325348,0.0025905212771949434,-0.5217840835655714
29,166,1,0.28376068376068375,0.2932531813070845,0.40965381264686584,0.0038846463921699283,0.00010618198219120023
29,167,1,0.28547008547008546,0.3054522509330653,0.41030094027519226,0.006925246061842678,0.5783035569969535
29,168,1,0.28717948717948716,0.298016444016577,0.41913095116615295,0.003995647575855275,0.3356063577515383
29,169,1,0.28888888888888886,0.30378128967268314,0.42301177978515625,0.004196431595319291,0.5014294947284894
29,170,1,0.2905982905982906,0.3114288495427904,0.4167419373989105,0.007058575887263037,0.8169197633004117
29,171,1,0.2923076923076923,0.30685059224022865,0.4231962561607361,0.003933983282146057,0.4595152592820129
29,172,1,0.294017094017094,0.30301735664516266,0.4579693377017975,0.0062464193960819914,2.0393149329068696
29,173,1,0.29572649572649573,0.31106748811851515,0.4385230541229248,0.003280853936166605,0.8496577733833482
29,174,1,0.29743589743589743,0.31406571837852065,0.42635378241539,0.0038073158893463326,0.5413336392565545
29,175,1,0.29914529914529914,0.3133464698504043,0.40878763794898987,0.0022661684670932498,-0.3250124751489382
29,176,1,0.30085470085470084,0.3207020107055994,0.4222296476364136,0.006083270284273813,0.8208627335949454
29,177,1,0.30256410256410254,0.32089568824391446,0.4225096106529236,0.0026078419729571355,0.193888427441667
29,178,1,0.30427350427350425,0.32280133347279066,0.4150671362876892,0.0019525109906803856,-0.17360206756388516
29,179,1,0.305982905982906,0.3229139380229947,0.41292911767959595,0.002155068066112701,-0.2076210690470969
29,180,1,0.3076923076923077,0.32004438465903584,0.4183153808116913,0.006028340125463829,0.6806306263706259
29,181,1,0.3094017094017094,0.321675612975155,0.4189518690109253,0.004232705297703769,0.3730514517296319
29,182,1,0.3111111111111111,0.32451014139759293,0.42550474405288696,0.0026966113346685978,0.3097485431425191
29,183,1,0.3128205128205128,0.32081318826692895,0.4194091260433197,0.005717313169940537,0.6600618083210067
29,184,1,0.3145299145299145,0.33150680853778236,0.42517557740211487,0.0055014945399293035,0.8123224225624605
29,185,1,0.3162393162393162,0.32525455463812114,0.4251496493816376,0.004139255645744692,0.5620600645835941
29,186,1,0.31794871794871793,0.3458278217778955,0.42809584736824036,0.01606216639461429,2.8428993619279512
29,187,1,0.31965811965811963,0.32792291620322495,0.41769611835479736,0.007331437504740015,0.8986084159442689
29,188,1,0.3213675213675214,0.34012319371115396,0.4152575135231018,0.007800793151363835,0.9034386739065805
29,189,1,0.3230769230769231,0.3236330307498571,0.432752400636673,0.015393573005916652,2.875354011442938
29,190,1,0.3247863247863248,0.33178854485738946,0.4169289171695709,0.010061538545449496,1.372923535562557
29,191,1,0.3264957264957265,0.3216312654193798,0.44755133986473083,0.013480138134201432,3.0172036933506927
29,192,1,0.3282051282051282,0.33939876261972357,0.45601415634155273,0.009618073046358708,2.591577903208342
29,193,1,0.3299145299145299,0.33105397853619245,0.4384487271308899,0.005631856392334067,1.2776098205268038
29,194,1,0.3316239316239316,0.33708300726776214,0.422873318195343,0.005474412315020166,0.7307987313946057
29,195,1,0.3333333333333333,0.33534984434777115,0.4166680574417114,0.005100235048343387,0.45592773535844666
29,196,1,0.335042735042735,0.35364567375794986,0.4154336154460907,0.013679793391912649,1.9856285633989408
29,197,1,0.3367521367521368,0.33740973118067585,0.4088268280029297,0.006117876969917934,0.38146555508816005
29,198,1,0.3384615384615385,0.33679589060162385,0.43002405762672424,0.008320655710090776,1.4897015641628157
29,199,1,0.3401709401709402,0.3400027123096316,0.4286233186721802,0.00579656925491732,0.9810053573350801
29,200,1,0.3418803418803419,0.344006422340571,0.42545264959335327,0.006013649652155154,0.9153027955051085
29,201,1,0.3435897435897436,0.34374727631612206,0.41045182943344116,0.0011543876524978819,-0.47321298536830897
29,202,1,0.3452991452991453,0.34642726146818414,0.41650453209877014,0.0015320772084855233,-0.2027725282015893
29,203,1,0.347008547008547,0.35647217537140896,0.4099208414554596,0.008681775089606892,0.8872498563357357
29,204,1,0.3487179487179487,0.35953353887612305,0.41045457124710083,0.007625772828876621,0.7116659610214078
29,205,1,0.3504273504273504,0.3497178072033208,0.4251019358634949,0.006071737977813645,0.9142740980826201
29,206,1,0.35213675213675216,0.3551668306791693,0.40524396300315857,0.004965161394006767,0.05127109764907199
29,207,1,0.35384615384615387,0.34351415831498994,0.42432206869125366,0.015952911890690466,2.697393664950959
29,208,1,0.35555555555555557,0.3466177845438641,0.4131028354167938,0.010312698077513654,1.2916633803376933
29,209,1,0.3572649572649573,0.3439215287027281,0.4226514995098114,0.009077098655782852,1.3830052528756176
29,210,1,0.358974358974359,0.35154705658385343,0.4353303611278534,0.0052029716366885715,1.0953827287932774
29,211,1,0.3606837606837607,0.3471909672382632,0.43678316473960876,0.0034536469712705426,0.8234299891716984
29,212,1,0.3623931623931624,0.3494958472835279,0.4544896185398102,0.00261198273131654,1.2581947469809804
29,213,1,0.3641025641025641,0.35088157629490807,0.42926907539367676,0.001633705546962566,0.2403397580182975
29,214,1,0.3658119658119658,0.3564539985167539,0.4248979687690735,0.003372769265530548,0.4133609041775665
29,215,1,0.36752136752136755,0.36385133743625225,0.4160477817058563,0.008601257929714097,1.0762702572132494
29,216,1,0.36923076923076925,0.3650968496203138,0.41228365898132324,0.005907817906882583,0.45797037869247814
29,217,1,0.37094017094017095,0.35728385655342193,0.4240773916244507,0.006031566086809952,0.8728464688756981
29,218,1,0.37264957264957266,0.37305224639352336,0.4273281693458557,0.00813625368866301,1.3662848170686894
29,219,1,0.37435897435897436,0.369703591108618,0.41719475388526917,0.0038740379737627934,0.2489504952138657
29,220,1,0.37606837606837606,0.3871176696686725,0.40396755933761597,0.01658905157652836,2.1369357820532406
29,221,1,0.37777777777777777,0.36377479571579496,0.4164454936981201,0.012259027388438844,1.7591649724585348
29,222,1,0.37948717948717947,0.3883687529479783,0.4069170653820038,0.011784446282768282,1.3553944884510698
29,223,1,0.3811965811965812,0.37243855148867955,0.4164919853210449,0.011681218061933622,1.6549252108795327
29,224,1,0.38290598290598293,0.38083570237955583,0.3975192606449127,0.010667165287679019,0.8383019605763603
29,225,1,0.38461538461538464,0.38042526609262917,0.40382319688796997,0.007398880596129927,0.4495889434243716
29,226,1,0.38632478632478634,0.38223804816176427,0.42149093747138977,0.004934055871191353,0.5858963608087012
29,227,1,0.38803418803418804,0.3785098827592615,0.3984179198741913,0.0047189914445705545,-0.220809336821516
29,228,1,0.38974358974358975,0.3828403084670197,0.42940419912338257,0.0032227149737019917,0.5357509796330535
29,229,1,0.39145299145299145,0.38504963768786016,0.4083051383495331,0.0020260736262980145,-0.3850156069302581
29,230,1,0.39316239316239315,0.39087924059530116,0.39458584785461426,0.0044752891531498595,-0.3928685129520681
29,231,1,0.39487179487179486,0.39262271275951194,0.39996516704559326,0.004058463208976444,-0.2902832442863938
29,232,1,0.39658119658119656,0.3883190161715422,0.43434879183769226,0.0037734408790559434,0.8010190721149449
29,233,1,0.39829059829059826,0.39420437166161826,0.4085825979709625,0.002533324873852688,-0.2829201538723638
29,234,1,0.4,0.3920380733666018,0.4169456660747528,0.003874479831826334,0.24074756259720503
29,235,1,0.4017094017094017,0.4001460061885439,0.4024108350276947,0.004105480525550471,-0.20034051953841692
29,236,1,0.40341880341880343,0.403466563976515,0.40607985854148865,0.005545214956263573,0.18526698533980582
29,237,1,0.40512820512820513,0.40863318477533217,0.4162299633026123,0.006924948803837578,0.7754286332437205
29,238,1,0.40683760683760684,0.3988540740446788,0.401214599609375,0.006473779805742893,0.1934673214444725
29,239,1,0.40854700854700854,0.41266923546744705,0.4162393808364868,0.005649796048004708,0.5422855688739496
29,240,1,0.41025641025641024,0.4065868068462988,0.4014752507209778,0.0057320134244093525,0.06633236508675006
29,241,1,0.41196581196581195,0.40611157596594305,0.4439232051372528,0.005900793147398204,1.508909884122224
29,242,1,0.41367521367521365,0.4029347556640442,0.41239798069000244,0.00736514959022261,0.7285820997433436
29,243,1,0.4153846153846154,0.40890757789620846,0.42350274324417114,0.004550012444346825,0.5824912397133504
29,244,1,0.4170940170940171,0.40581587215581866,0.4026835262775421,0.004563789110479834,-0.10736411891154038
29,245,1,0.4188034188034188,0.4082661895238057,0.4110250174999237,0.002416027945207128,-0.2231682805228813
29,246,1,0.4205128205128205,0.4033841952147767,0.41175538301467896,0.007341385768367433,0.7028607432045489
29,247,1,0.4222222222222222,0.4080795164431258,0.4134620130062103,0.004257188607241041,0.1949596103628878
29,248,1,0.4239316239316239,0.4078982290563997,0.4102189838886261,0.003291920502698432,-0.08961496772976973
29,249,1,0.4256410256410256,0.4048565666109025,0.42437678575515747,0.006294948121799345,0.9310235676110701
29,250,1,0.42735042735042733,0.4185606504932988,0.41824567317962646,0.008261541488822756,1.0871691544228135
29,251,1,0.42905982905982903,0.4261108760472786,0.39958566427230835,0.01201765322317201,1.15427234309696
29,252,1,0.4307692307692308,0.41145571631656785,0.42969322204589844,0.007898231957504677,1.4013613088408028
29,253,1,0.4324786324786325,0.4257851153154246,0.402527391910553,0.008155354010434736,0.5449907189047434
29,254,1,0.4341880341880342,0.41838376892903567,0.4277724027633667,0.008105036224245622,1.375343211411665
29,255,1,0.4358974358974359,0.4278770944729432,0.41944921016693115,0.006363022963909911,0.7796120764656753
29,256,1,0.4376068376068376,0.43066026909004745,0.4229433536529541,0.005649475574973294,0.7651786359650026
29,257,1,0.4393162393162393,0.43752274826917914,0.39936211705207825,0.007601704144141531,0.3383614723275738
29,258,1,0.441025641025641,0.4318156808746483,0.4045596718788147,0.0043601417230943375,-0.08225375420293637
29,259,1,0.4427350427350427,0.43640491068877674,0.41213884949684143,0.0024481919983684835,-0.18023732185215396
29,260,1,0.4444444444444444,0.44216999423602893,0.3976563811302185,0.004047676152671169,-0.36904065598009494
29,261,1,0.4461538461538462,0.44330345298912777,0.41900530457496643,0.0028680377354457494,0.12498381842384831
29,262,1,0.4478632478632479,0.4343099069538878,0.40944626927375793,0.008358084916432475,0.8122056457322925
29,263,1,0.4495726495726496,0.4389969276330612,0.4175775647163391,0.005789234662020703,0.6123176570921506
29,264,1,0.4512820512820513,0.4252791888028872,0.4017191231250763,0.018660363823314124,2.4413782524066665
29,265,1,0.452991452991453,0.44294873889580655,0.40918534994125366,0.006804830413091193,0.5191569302657894
29,266,1,0.4547008547008547,0.4337542276390211,0.4082809388637543,0.008413671654361455,0.7836275257347667
29,267,1,0.4564102564102564,0.44057426569485236,0.41660112142562866,0.006576958956374826,0.7240617781878491
29,268,1,0.4581196581196581,0.43927649826052706,0.4015194773674011,0.005273500602552669,-0.016141796955558646
29,269,1,0.4598290598290598,0.4401462474993292,0.40009167790412903,0.003885987922646561,-0.31765286615642346
29,270,1,0.46153846153846156,0.43449691509642535,0.41995081305503845,0.008185376850181949,1.1299321109375269
29,271,1,0.46324786324786327,0.4394915355860056,0.42128416895866394,0.005024842035107915,0.5956411538217176
29,272,1,0.46495726495726497,0.4384439881009403,0.4155274033546448,0.004429036815793905,0.29510973776040145
29,273,1,0.4666666666666667,0.4326525712775866,0.4200606942176819,0.009736582466263384,1.4175826890963428
29,274,1,0.4683760683760684,0.4402976534851561,0.4152049422264099,0.003191725872408009,0.05785761522099897
29,275,1,0.4700854700854701,0.44053554880208157,0.4065589904785156,0.003674066376492983,-0.14137046721634
29,276,1,0.4717948717948718,0.4310165019282268,0.4212660491466522,0.011210420661389194,1.7275005591137682
29,277,1,0.4735042735042735,0.43692312070486383,0.39760082960128784,0.005551343295257341,-0.09559520842649624
29,278,1,0.4752136752136752,0.43540513001702896,0.4259454309940338,0.006529079561359109,1.0260564892773425
29,279,1,0.47692307692307695,0.4320699468595183,0.4081208109855652,0.008144610676706897,0.7290422507212352
29,280,1,0.47863247863247865,0.4324903810791923,0.4129398465156555,0.005607775971392047,0.4248610020101182
29,281,1,0.48034188034188036,0.4355387190385994,0.4013141989707947,0.003639773565065491,-0.32207307396101326
29,282,1,0.48205128205128206,0.43996194367079994,0.40932872891426086,0.002958596160694696,-0.18024723272982263
29,283,1,0.48376068376068376,0.445113733976275,0.4088793694972992,0.0058540041410726894,0.3349028044789948
29,284,1,0.48547008547008547,0.4501370289064296,0.4135098159313202,0.007616352292038038,0.8115484709873597
29,285,1,0.48717948717948717,0.44634622938822077,0.43177691102027893,0.003239732174056336,0.6177749770043424
29,286,1,0.4888888888888889,0.45608431904468166,0.4150244891643524,0.0064501028860754605,0.6484033182661761
29,287,1,0.4905982905982906,0.45998197009293124,0.42282548546791077,0.006317160090854602,0.8834990923813872
29,288,1,0.49230769230769234,0.46329757862587784,0.4164704978466034,0.005915709594637176,0.5986554703945155
29,289,1,0.49401709401709404,0.46155235535817485,0.4257562756538391,0.00351445720220671,0.4678456949597695
29,290,1,0.49572649572649574,0.46907585916975986,0.4210480749607086,0.004602321216168588,0.5104339160321869
29,291,1,0.49743589743589745,0.46800594639272947,0.42371025681495667,0.0018608816514979556,0.09706365435136627
29,292,1,0.49914529914529915,0.4741354692654322,0.43338721990585327,0.004408052205621833,0.8852256874609952
29,293,1,0.5008547008547009,0.4884832407078569,0.4214385151863098,0.016046350988157973,2.6186032333419154
29,294,1,0.5025641025641026,0.48746340665138227,0.44482555985450745,0.009652609057135084,2.2258054501729325
29,295,1,0.5042735042735043,0.5073002663831756,0.4261731207370758,0.02353376845565046,4.146864382228183
29,296,1,0.505982905982906,0.5098963710347891,0.43579450249671936,0.01630629310965255,3.143625878902712
29,297,1,0.5076923076923077,0.5174184170436615,0.45555272698402405,0.014888113676185656,3.541076688864603
29,298,1,0.5094017094017094,0.5190352543805588,0.458190381526947,0.009311634695318097,2.60784883849605
29,299,1,0.5111111111111111,0.524854841967282,0.4656502306461334,0.00719778258356092,2.468932309788822
29,300,1,0.5128205128205128,0.5255741692861501,0.4707215130329132,0.0040176987816033,2.0553732516976235
29,301,1,0.5145299145299145,0.5274706684412536,0.4820875823497772,0.0018953952309497773,2.0448172590769707
29,302,1,0.5162393162393163,0.5273389710540843,0.47880277037620544,0.001895517236124542,1.9355977233830255
29,303,1,0.517948717948718,0.5303412267747345,0.4682792127132416,0.0008651495113229892,1.3969785837373978
29,304,1,0.5196581196581197,0.5312572014269796,0.4583740234375,0.0009298619524285605,1.0794126984914072
29,305,1,0.5213675213675214,0.5323334542868343,0.45815131068229675,0.0010130448106035628,1.0872352183371081
29,306,1,0.5230769230769231,0.5332813588795726,0.45576968789100647,0.0012808366792604487,1.0570580076593439
29,307,1,0.5247863247863248,0.5353310543164773,0.45851168036460876,0.0008926894825451961,1.0771851345155579
29,308,1,0.5264957264957265,0.5364764805059603,0.43793827295303345,0.0008187688946805371,0.379448878280767
29,309,1,0.5282051282051282,0.5379184164600093,0.4527530074119568,0.00068165271037675,0.8470340840328652
29,310,1,0.5299145299145299,0.5388049568158035,0.4405600428581238,0.0011913528978762123,0.5348532439256277
29,311,1,0.5316239316239316,0.5410931372092492,0.4344601333141327,0.0005792657505761203,0.21992909488441525
29,312,1,0.5333333333333333,0.5410732043501575,0.4302774667739868,0.001744525570772969,0.29416452892778117
29,313,1,0.535042735042735,0.5427025378198445,0.425787091255188,0.0012643730621352978,0.056922832007453295
29,314,1,0.5367521367521367,0.542946044397195,0.42712080478668213,0.0022168968247435906,0.2756667051918276
29,315,1,0.5384615384615384,0.5456476234101727,0.44355523586273193,0.0010524827789676018,0.6090388748427112
29,316,1,0.5401709401709401,0.5478886296645208,0.42702969908714294,0.0005517949970035141,-0.03221169775779875
29,317,1,0.5418803418803418,0.5507620364752528,0.4134264290332794,0.0017213454791446935,-0.270488526014695
29,318,1,0.5435897435897435,0.5543355720607388,0.4106828272342682,0.0032800064007786193,-0.07637033350103124
29,319,1,0.5452991452991452,0.5596251777274497,0.4125434458255768,0.005722230151603542,0.4326324267496422
29,320,1,0.5470085470085471,0.5686253515003465,0.40389034152030945,0.011228015345181154,1.152863823809725
29,321,1,0.5487179487179488,0.579604142309398,0.41710832715034485,0.017022625695276225,2.6533330090522154
29,322,1,0.5504273504273505,0.5882751362927633,0.4075813889503479,0.01848309322010515,2.6038827475625665
29,323,1,0.5521367521367522,0.593186059260931,0.430361270904541,0.014909125130266777,2.707139816194461
29,324,1,0.5538461538461539,0.6103398400284124,0.5878477692604065,0.023672685514377748,9.549056154534922
29,325,1,0.5555555555555556,0.6080998662287022,0.44980669021606445,0.012972972917141171,2.999356789067367
29,326,1,0.5572649572649573,0.6266777428406772,0.4603186249732971,0.02245803521480015,5.085483448750809
29,327,1,0.558974358974359,0.613262359201192,0.48641908168792725,0.008084017910229122,3.3218877746501727
29,328,1,0.5606837606837607,0.6207054155608143,0.45281779766082764,0.006549937822094894,1.923560382451852
29,329,1,0.5623931623931624,0.6248193693887665,0.4461340308189392,0.006864417287605494,1.758855845606166
29,330,1,0.5641025641025641,0.6279805329948789,0.46298500895500183,0.0051140197352805925,1.9987985240806214
29,331,1,0.5658119658119658,0.6308240178978574,0.4285784661769867,0.004887616438269583,0.8131017094492129
29,332,1,0.5675213675213675,0.635930989013552,0.4440303444862366,0.005604172879797932,1.4581674414529786
29,333,1,0.5692307692307692,0.6411651806431865,0.4174618422985077,0.0070319711462479405,0.8359905722694785
29,334,1,0.5709401709401709,0.6433557240207741,0.4179331660270691,0.0051360617102305505,0.5045602021052944
29,335,1,0.5726495726495726,0.6387695248269347,0.41101229190826416,0.003871102966081444,0.04280511969778637
29,336,1,0.5743589743589743,0.6409902356963466,0.40999552607536316,0.0033210601030110825,-0.09171152049836367
29,337,1,0.576068376068376,0.6418582827611115,0.40253883600234985,0.0034563657088739087,-0.3149242338553945
29,338,1,0.5777777777777777,0.6440056397193352,0.41596004366874695,0.001778434466903614,-0.17577705760553003
29,339,1,0.5794871794871795,0.6442761215519313,0.403044193983078,0.0013742813721756165,-0.6793078281693914
29,340,1,0.5811965811965812,0.6434581645344454,0.41449689865112305,0.0035688875709106323,0.1033615976634446
29,341,1,0.582905982905983,0.6471539649196465,0.41133010387420654,0.0014890731531997893,-0.3827299505766367
29,342,1,0.5846153846153846,0.6412145295036442,0.4013884961605072,0.007753425350870246,0.4335293442977691
29,343,1,0.5863247863247864,0.6456729114070415,0.4141407012939453,0.003977560410613864,0.16633590158875838
29,344,1,0.588034188034188,0.6480014685791617,0.4424439072608948,0.0026289650051214814,0.8607037633973871
29,345,1,0.5897435897435898,0.6482355309120738,0.4205112159252167,0.00248348126378446,0.10466041013337063
29,346,1,0.5914529914529915,0.6473308049803304,0.3967688977718353,0.002694787293324828,-0.6462436523987845
29,347,1,0.5931623931623932,0.6508096143359903,0.41564953327178955,0.0016355550500314299,-0.2122621046540164
29,348,1,0.5948717948717949,0.650807319531928,0.4121425747871399,0.0020719817496647514,-0.24899038511187369
29,349,1,0.5965811965811966,0.653208883821006,0.42228466272354126,0.0010756516185863791,-0.09410755356672357
29,350,1,0.5982905982905983,0.6513602934326945,0.404246062040329,0.003423344407794003,-0.26419317253669794
29,351,1,0.6,0.6519115994957028,0.41341060400009155,0.003879410457876807,0.12408591175045827
29,352,1,0.6017094017094017,0.6544686953239084,0.4125719368457794,0.0020274623990671438,-0.24286188529920175
29,353,1,0.6034188034188034,0.6528359141439714,0.39880749583244324,0.004145936047531428,-0.3127689053353134
29,354,1,0.6051282051282051,0.6546406213600513,0.39978474378585815,0.00230144358559783,-0.6179604541702572
29,355,1,0.6068376068376068,0.6501667879698263,0.3945103585720062,0.007541901784257026,0.1660595170507383
29,356,1,0.6085470085470085,0.6600579862574313,0.4126913249492645,0.0033864396565955273,0.009911499066584506
29,357,1,0.6102564102564103,0.6556283937911916,0.40747490525245667,0.004074425856216011,-0.0376119819894419
29,358,1,0.611965811965812,0.6587841188103418,0.4113824665546417,0.0030747528987511348,-0.09068068638676904
29,359,1,0.6136752136752137,0.6616343544540191,0.3974827826023102,0.0029890557792574706,-0.5686272549257629
29,360,1,0.6153846153846154,0.6608378484272726,0.39892473816871643,0.002490885088283807,-0.6118782254518182
29,361,1,0.6170940170940171,0.6635638993393831,0.40484926104545593,0.000988057761474176,-0.6899875383838112
29,362,1,0.6188034188034188,0.6641011651334734,0.4510769248008728,0.0013483722974556179,0.9133568740906334
29,363,1,0.6205128205128205,0.6771305880812476,0.4485052227973938,0.010351789069535695,2.476185332777505
29,364,1,0.6222222222222222,0.6665517342067218,0.43402138352394104,0.004101123211797274,0.8501229792744112
29,365,1,0.6239316239316239,0.6696627370275292,0.4064466059207916,0.0033592934547438586,-0.20273694798559147
29,366,1,0.6256410256410256,0.6602660058308581,0.39908531308174133,0.013340032454559713,1.3797348651811079
29,367,1,0.6273504273504273,0.6682863079627438,0.40569180250167847,0.007522195128328103,0.5343090732515252
29,368,1,0.629059829059829,0.6555882606958973,0.3990398645401001,0.014847917734240839,1.654288565158787
29,369,1,0.6307692307692307,0.6698316408685143,0.4200747311115265,0.0063725910505143726,0.802166548379226
29,370,1,0.6324786324786325,0.6534922650946025,0.4050309956073761,0.014245270918075802,1.7432003791776587
29,371,1,0.6341880341880342,0.6662287336898748,0.3973493278026581,0.008108252194824575,0.3641621570795851
29,372,1,0.6358974358974359,0.6585211045622088,0.40324631333351135,0.0078252295627215,0.5084601249260374
29,373,1,0.6376068376068376,0.6680009858861359,0.4073984622955322,0.006860647660029437,0.46995009489514633
29,374,1,0.6393162393162393,0.6584973232960476,0.41382336616516113,0.0073079311853327545,0.7655100551881261
29,375,1,0.6410256410256411,0.6623899798887662,0.41381072998046875,0.005763971004699744,0.482420021797235
29,376,1,0.6427350427350428,0.6575465070616644,0.42339587211608887,0.008550323519800106,1.3113180727324372
29,377,1,0.6444444444444445,0.6644949522766257,0.4019404947757721,0.0044356802889325055,-0.15552915738807138
29,378,1,0.6461538461538462,0.6601059480142547,0.3970036208629608,0.00487072478969615,-0.24006470237639485
29,379,1,0.6478632478632479,0.6608356307137423,0.41001054644584656,0.004543198269760339,0.13253830218081003
29,380,1,0.6495726495726496,0.6582071811474277,0.3967495560646057,0.006783060542318935,0.10159832070736691
29,381,1,0.6512820512820513,0.673548398288583,0.4288812279701233,0.008392988077395564,1.4649375508675173
29,382,1,0.652991452991453,0.6750913629414099,0.43542367219924927,0.007750005335454644,1.5647994566445564
29,383,1,0.6547008547008547,0.6822319865627401,0.4496895372867584,0.011066861116774475,2.64648779199777
29,384,1,0.6564102564102564,0.677109448225265,0.4208759367465973,0.005460313983328821,0.66179136028166
29,385,1,0.6581196581196581,0.6865941556161963,0.4029885530471802,0.0053543744385219205,0.04752121627783129
29,386,1,0.6598290598290598,0.6922175000561923,0.37738966941833496,0.007716279546614619,-0.3713921507351938
29,387,1,0.6615384615384615,0.6914148436860736,0.40644559264183044,0.003882313517494661,-0.10701560260562878
29,388,1,0.6632478632478632,0.7011397061737432,0.4171637296676636,0.010061237104636534,1.3806774267108484
29,389,1,0.6649572649572649,0.694317674263889,0.3929666578769684,0.003234532877643684,-0.6738762798833697
29,390,1,0.6666666666666666,0.7059509523996235,0.4057343304157257,0.006934039181474045,0.4280432222076558
29,391,1,0.6683760683760683,0.7105717183246083,0.4052990674972534,0.008121442020601095,0.6309587479598967
29,392,1,0.67008547008547,0.7031493865024379,0.39884185791015625,0.005959275276572513,0.020361848124220594
29,393,1,0.6717948717948717,0.7106637628608626,0.40321290493011475,0.004763902489476224,-0.05312179301883464
29,394,1,0.6735042735042736,0.7044429043195288,0.39120644330978394,0.0073855328755291095,0.027554154529857544
29,395,1,0.6752136752136753,0.7270455012862423,0.4260495901107788,0.015594076111208067,2.689149237637883
29,396,1,0.676923076923077,0.7154495685568268,0.3964790999889374,0.0066803468966496,0.07379893671070614
29,397,1,0.6786324786324787,0.7257937629953974,0.41318511962890625,0.009472508581049807,1.1405771330201342
29,398,1,0.6803418803418804,0.725951859480245,0.40491169691085815,0.007387801416686055,0.48376043037413036
29,399,1,0.6820512820512821,0.7405664359685815,0.4397318959236145,0.012761780715728739,2.625637505735802
29,400,1,0.6837606837606838,0.7301121289791593,0.42358726263046265,0.0053907962970918075,0.7392336328165839
29,401,1,0.6854700854700855,0.7371382044668802,0.43331918120384216,0.005699584057980097,1.1194179092240946
29,402,1,0.6871794871794872,0.7258969784571669,0.3960055112838745,0.011789660939724432,0.9934673565415837
29,403,1,0.6888888888888889,0.7271270221353447,0.40173041820526123,0.010545897005777115,0.9561490725660078
29,404,1,0.6905982905982906,0.7427537114565455,0.39565572142601013,0.008440645773732781,0.36869342051252524
29,405,1,0.6923076923076923,0.7276190328429432,0.3952280879020691,0.00985442845921604,0.6133085263553189
29,406,1,0.694017094017094,0.7369396148929106,0.4179714024066925,0.006450787647823027,0.7465331746990591
29,407,1,0.6957264957264957,0.741644302054594,0.3852425515651703,0.006891368554363774,-0.2612570662720804
29,408,1,0.6974358974358974,0.7524171728838702,0.4263210892677307,0.010933525398947054,1.8449200404084691
29,409,1,0.6991452991452991,0.7477472111297492,0.40090009570121765,0.007031575599690315,0.28512979193416155
29,410,1,0.7008547008547008,0.7425482920382936,0.40312761068344116,0.0063832653751622215,0.24051620511682434
29,411,1,0.7025641025641025,0.7534095034894129,0.398863822221756,0.005126300790744874,-0.13140950610468005
29,412,1,0.7042735042735043,0.7473020899196703,0.38916897773742676,0.006652043210254453,-0.1744931757446811
29,413,1,0.705982905982906,0.7600527993890465,0.43317168951034546,0.008056543071590079,1.5460272754005262
29,414,1,0.7076923076923077,0.7531678170989989,0.4164075553417206,0.005054083795488893,0.4388148875939876
29,415,1,0.7094017094017094,0.7613408781613105,0.42333775758743286,0.004667096996991384,0.5984403266167552
29,416,1,0.7111111111111111,0.752407066818203,0.419510155916214,0.007303311497228392,0.9537879070149304
29,417,1,0.7128205128205128,0.7576961290361536,0.4147249162197113,0.005086128178251322,0.38872264976528226
29,418,1,0.7145299145299145,0.7637963105764312,0.4117792248725891,0.004717828720934363,0.22333015810288193
29,419,1,0.7162393162393162,0.763585765861245,0.4282638728618622,0.0037584982208462565,0.5959192781121575
29,420,1,0.717948717948718,0.7604388761837314,0.41420048475265503,0.003797243006675963,0.1353114064727578
29,421,1,0.7196581196581197,0.7582674641616368,0.4090631604194641,0.007356288425928352,0.6160548073780678
29,422,1,0.7213675213675214,0.762218686840248,0.433023065328598,0.004674614433358616,0.9219176058301743
29,423,1,0.7230769230769231,0.7676290605056769,0.4070459306240082,0.0036308184871107012,-0.1330943321794805
29,424,1,0.7247863247863248,0.7596001817637997,0.415688157081604,0.006782822332198417,0.7313893097645059
29,425,1,0.7264957264957265,0.7585415624446744,0.4050176739692688,0.007631768046340819,0.5319505313377177
29,426,1,0.7282051282051282,0.758122450588744,0.3998432755470276,0.008119404473030683,0.4491442978234772
29,427,1,0.7299145299145299,0.7603767760640927,0.40187016129493713,0.005119286237845323,-0.032712943400483724
29,428,1,0.7316239316239316,0.7617081786550352,0.4001287817955017,0.0017916173973430744,-0.6998583950386011
29,429,1,0.7333333333333333,0.7541361091238357,0.4096015393733978,0.009795614987475764,1.0805538742018794
29,430,1,0.7350427350427351,0.7518497076338423,0.4019698202610016,0.01098065314725945,1.0437063805690867
29,431,1,0.7367521367521368,0.7487077827860245,0.4052014946937561,0.01255439225635187,1.4393028285386538
29,432,1,0.7384615384615385,0.7545881650978911,0.42561379075050354,0.005848056346266529,0.8903448216364742
29,433,1,0.7401709401709402,0.7572772126457827,0.39956021308898926,0.002537323289775858,-0.5822424995253281
29,434,1,0.7418803418803419,0.7607999623647743,0.4359019100666046,0.0034497631507143093,0.7934113489865613
29,435,1,0.7435897435897436,0.7535847859025906,0.4070553481578827,0.006002976994202424,0.30151604939114307
29,436,1,0.7452991452991453,0.7549417485346247,0.4224151372909546,0.005865265141309849,0.7871188971077936
29,437,1,0.747008547008547,0.7710949259964025,0.42487552762031555,0.010199516461284542,1.6624623883624847
29,438,1,0.7487179487179487,0.7502449015357613,0.43440213799476624,0.014104936337011613,2.694293856054399
29,439,1,0.7504273504273504,0.7687145657294345,0.43873628973960876,0.009891466066668821,2.0670268524519892
29,440,1,0.7521367521367521,0.761039618009156,0.4020649492740631,0.008153464980502045,0.5292655762011969
29,441,1,0.7538461538461538,0.7542741388351879,0.40420427918434143,0.012743846155675547,1.4408241842122245
29,442,1,0.7555555555555555,0.7598562906483103,0.3949311375617981,0.00630878584191033,-0.04570689709228842
29,443,1,0.7572649572649572,0.7574108793398449,0.400459885597229,0.007804756138852191,0.41204455194827905
29,444,1,0.7589743589743589,0.7624969131101483,0.41596266627311707,0.003151619055243352,0.07571418888054818
29,445,1,0.7606837606837606,0.7731486218601732,0.4035564363002777,0.010394584203625474,0.9891738328338315
29,446,1,0.7623931623931623,0.7679280325352085,0.4013713002204895,0.003914565219531768,-0.26986494230157815
29,447,1,0.764102564102564,0.7718765318653851,0.40209102630615234,0.004719775847530496,-0.09851047851314038
29,448,1,0.7658119658119659,0.7720955722865741,0.4116942882537842,0.0028011555854153907,-0.13040101205925644
29,449,1,0.7675213675213676,0.7671924505353395,0.3942410945892334,0.008314221274670618,0.29850173229095994
29,450,1,0.7692307692307693,0.7649311088905268,0.4012734591960907,0.009086520088274807,0.6737679360191388
29,451,1,0.770940170940171,0.7770438899119044,0.39184752106666565,0.004659929050793167,-0.4501320541065656
29,452,1,0.7726495726495727,0.7740328733911043,0.4105782210826874,0.004253975693153056,0.09846610142659089
29,453,1,0.7743589743589744,0.7847121064621781,0.39797869324684143,0.009667543606784524,0.6705694026902947
29,454,1,0.7760683760683761,0.77730669467382,0.40507975220680237,0.004909989316389992,0.03570903521047682
29,455,1,0.7777777777777778,0.7955464739893744,0.4245641827583313,0.013028100706447816,2.169968171367768
29,456,1,0.7794871794871795,0.7836703583465698,0.4015900790691376,0.006380856662022103,0.18894205047945
29,457,1,0.7811965811965812,0.7818537796330112,0.41536086797714233,0.007699610908149289,0.8883513500376681
29,458,1,0.7829059829059829,0.787294191420287,0.42430591583251953,0.005128213174866907,0.7150596530927736
29,459,1,0.7846153846153846,0.7936288101754341,0.405325323343277,0.006647544800458656,0.3619893314625403
29,460,1,0.7863247863247863,0.7893482246459882,0.40902701020240784,0.0027085756235957887,-0.23605540268025896
29,461,1,0.788034188034188,0.7946010704694793,0.4027504324913025,0.0035369995498716294,-0.29312471611567426
29,462,1,0.7897435897435897,0.7975089090784508,0.3989066183567047,0.0026529925798753793,-0.5828020258591783
29,463,1,0.7914529914529914,0.8062556285844673,0.41976624727249146,0.008239392818954345,1.1336833679550504
29,464,1,0.7931623931623931,0.7959604779333591,0.39388155937194824,0.005212462434412162,-0.2813283628974217
29,465,1,0.7948717948717948,0.8025875332849477,0.39662933349609375,0.003300747315019947,-0.5399453184884234
29,466,1,0.7965811965811965,0.8053649473307822,0.4045095443725586,0.0035343578680485815,-0.23510617347551063
29,467,1,0.7982905982905983,0.8139829544694683,0.4187818765640259,0.007196325512904373,0.9099806662167188
29,468,1,0.8,0.8060010250717036,0.39817291498184204,0.004342123186742977,-0.29795480399012775
29,469,1,0.8017094017094017,0.8127481933539487,0.40726563334465027,0.003834769568578113,-0.08844818277331662
29,470,1,0.8034188034188035,0.8026120830927208,0.39210429787635803,0.011156679136929764,0.7478390809945807
29,471,1,0.8051282051282052,0.809314425154932,0.3970361351966858,0.006268395611673827,0.016903607661294784
29,472,1,0.8068376068376069,0.816606704708307,0.4168543219566345,0.005310724493531609,0.5006588920135682
29,473,1,0.8085470085470086,0.8190892053243405,0.40801486372947693,0.004749451327032481,0.10392958105308234
29,474,1,0.8102564102564103,0.8245356215100857,0.41722285747528076,0.008385534766835801,1.0758545361822267
29,475,1,0.811965811965812,0.8248006669875256,0.4072949290275574,0.0038860693358494834,-0.07808189279738822
29,476,1,0.8136752136752137,0.8332708430943994,0.4240167737007141,0.007768311288659775,1.1887955925938072
29,477,1,0.8153846153846154,0.8352114670922053,0.42998892068862915,0.005542900689942605,0.9799788200720956
29,478,1,0.8170940170940171,0.843295180177148,0.43432649970054626,0.009596048332919117,1.8662865893583185
29,479,1,0.8188034188034188,0.8453886180181192,0.42884182929992676,0.006999596507124712,1.2085237405410552
29,480,1,0.8205128205128205,0.8314126412600533,0.4303063452243805,0.012123368008589501,2.195293931786285
29,481,1,0.8222222222222222,0.8551769280294353,0.4406282603740692,0.012105469219379035,2.535289418303195
29,482,1,0.8239316239316239,0.8343805510370759,0.4131943881511688,0.013682273007287958,1.9116133147532848
29,483,1,0.8256410256410256,0.8496819626524157,0.402197003364563,0.009541984872241303,0.7878688844213914
29,484,1,0.8273504273504273,0.8442690452183754,0.4054918587207794,0.008917528161545488,0.7831185982421255
29,485,1,0.8290598290598291,0.8494522154309398,0.4086616337299347,0.007401220041234911,0.6109274967922822
29,486,1,0.8307692307692308,0.8494445812563496,0.40900975465774536,0.004272249022341088,0.04964964762248655
29,487,1,0.8324786324786325,0.8403061279506365,0.4063589870929718,0.012150305362058482,1.4038165203276514
29,488,1,0.8341880341880342,0.8463163696517446,0.41776248812675476,0.005952329401424672,0.6483271422782804
29,489,1,0.8358974358974359,0.8414998186474136,0.4032069146633148,0.009124487098178884,0.7450192443671889
29,490,1,0.8376068376068376,0.8517753518085993,0.4097048044204712,0.005369345721303384,0.2736222573158893
29,491,1,0.8393162393162393,0.8450235157501118,0.40258079767227173,0.0042594391197407246,-0.1665012341776533
29,492,1,0.841025641025641,0.8566051476941997,0.39962631464004517,0.006206901556557494,0.09178592882918107
29,493,1,0.8427350427350427,0.8517422382264221,0.40070322155952454,0.004615394841683421,-0.16377440852279773
29,494,1,0.8444444444444444,0.8680303304471664,0.4192604124546051,0.01249928490415826,1.8967663560774488
29,495,1,0.8461538461538461,0.8503761813178919,0.4325866997241974,0.009218608884757938,1.7393246573178813
29,496,1,0.8478632478632478,0.8681071023742283,0.42274656891822815,0.008833552685372361,1.3415783004751003
29,497,1,0.8495726495726496,0.8561335529149219,0.4140463173389435,0.008855785278925199,1.056307364042308
29,498,1,0.8512820512820513,0.8544838906829213,0.4074177145957947,0.010422383253805694,1.1226765277074777
29,499,1,0.852991452991453,0.8625941300908336,0.4127308130264282,0.006377641540770156,0.5588570158985089
29,500,1,0.8547008547008547,0.8546300537594548,0.4070972502231598,0.009944097429446368,1.0244538993542118
29,501,1,0.8564102564102564,0.8694046592809277,0.4154568016529083,0.008199770245719924,0.9831114625004203
29,502,1,0.8581196581196581,0.8613312685209036,0.4257643520832062,0.004872314797711339,0.7167122360490747
29,503,1,0.8598290598290599,0.8612316422580415,0.41492772102355957,0.005756972773551734,0.5182861690515513
29,504,1,0.8615384615384616,0.8625487835462582,0.40534940361976624,0.003908883736610377,-0.13860668472338322
29,505,1,0.8632478632478633,0.8641501992264785,0.414160817861557,0.003723371348229103,0.12046772002604905
29,506,1,0.864957264957265,0.8693605476774453,0.3985408544540405,0.0028005921163499884,-0.5679434384717772
29,507,1,0.8666666666666667,0.867525203469094,0.41676872968673706,0.0010420718811367403,-0.2836968714470438
29,508,1,0.8683760683760684,0.8798299811389643,0.4109208285808563,0.009689315485970391,1.1049676052659572
29,509,1,0.8700854700854701,0.8783145465489428,0.40244704484939575,0.005460195227418117,0.04888624003816591
29,510,1,0.8717948717948718,0.8778377843476052,0.3922714293003082,0.0036169012660719918,-0.6269928673248382
29,511,1,0.8735042735042735,0.8764493343096944,0.3928106129169464,0.0047385064213923325,-0.4037168118893938
29,512,1,0.8752136752136752,0.8762734653533902,0.38293081521987915,0.0060789284060863025,-0.4868800607034719
29,513,1,0.8769230769230769,0.8901890077839777,0.4075700342655182,0.008725742970894663,0.8171195469515875
29,514,1,0.8786324786324786,0.8776550676599663,0.426863431930542,0.006776812461875491,1.1019413243525003
29,515,1,0.8803418803418803,0.8943697251518656,0.41563740372657776,0.009983524201933614,1.3156891679137925
29,516,1,0.882051282051282,0.881660285907907,0.39743876457214355,0.007510829007268242,0.25775968202841965
29,517,1,0.8837606837606837,0.8825617214350844,0.3865727484226227,0.007651282364019645,-0.07789337149293063
29,518,1,0.8854700854700854,0.8860816990332063,0.3932003676891327,0.00446621918456021,-0.44060549377163233
29,519,1,0.8871794871794871,0.8849272991986288,0.4067056477069855,0.005485540856561931,0.19515344767454817
29,520,1,0.8888888888888888,0.8923415803087047,0.3880394995212555,0.004289346741823198,-0.6446207141360026
29,521,1,0.8905982905982905,0.8850239577200042,0.4037214517593384,0.005698599447076723,0.13491604277394634
29,522,1,0.8923076923076924,0.8904259828840261,0.3913305997848511,0.002966902040454486,-0.7772842315399788
29,523,1,0.8940170940170941,0.8862211981236435,0.39019471406936646,0.006202989077372283,-0.22259389824672277
29,524,1,0.8957264957264958,0.895878268921914,0.4037584662437439,0.004757848421579761,-0.036086631200097155
29,525,1,0.8974358974358975,0.8881451118910165,0.3931470513343811,0.005486722194555304,-0.2555438913205892
29,526,1,0.8991452991452992,0.8917240670915342,0.38798436522483826,0.0038333818824549865,-0.7299328056406087
29,527,1,0.9008547008547009,0.8993225333335554,0.38370394706726074,0.005410446751437691,-0.58355457775279
29,528,1,0.9025641025641026,0.8966512790893051,0.4048808813095093,0.003832905818229676,-0.16809828592048043
29,529,1,0.9042735042735043,0.9019212729232566,0.40308669209480286,0.004114465973148292,-0.17621870649056853
29,530,1,0.905982905982906,0.8997127899656656,0.4005308449268341,0.0025352560154478987,-0.5503410059121547
29,531,1,0.9076923076923077,0.8987888359574698,0.3954165279865265,0.004857615043650719,-0.2952462549804496
29,532,1,0.9094017094017094,0.9097556563679354,0.3998979330062866,0.006242629710836263,0.10736019501183874
29,533,1,0.9111111111111111,0.9041694651733909,0.4170275330543518,0.0036121775420564256,0.19544761554494067
29,534,1,0.9128205128205128,0.9150382236836803,0.413015753030777,0.007687054644389941,0.8080618478437916
29,535,1,0.9145299145299145,0.9048667973972121,0.4254808723926544,0.0063157300715818866,0.9715465811513286
29,536,1,0.9162393162393162,0.9099024192788161,0.38675031065940857,0.004788300804888143,-0.5961458128136119
29,537,1,0.9179487179487179,0.9079535778261177,0.3877706825733185,0.004785130730331976,-0.5627920322238635
29,538,1,0.9196581196581196,0.9100611470627789,0.39187851548194885,0.0038789633694266052,-0.5920812725744471
29,539,1,0.9213675213675213,0.9164511197734242,0.3958224356174469,0.004010652209018124,-0.43680993815442865
29,540,1,0.9230769230769231,0.9109253517959169,0.40155258774757385,0.004411196362542157,-0.1729121913285229
29,541,1,0.9247863247863248,0.9138713435122294,0.39410722255706787,0.002345037199026147,-0.7987946801259301
29,542,1,0.9264957264957265,0.9127766389778221,0.38648316264152527,0.004295083731440096,-0.6953289455539292
29,543,1,0.9282051282051282,0.9121640837577258,0.3968798518180847,0.0055865119302972045,-0.11313381151458399
29,544,1,0.9299145299145299,0.9141480593156732,0.38317376375198364,0.0026738687127639505,-1.1022021869860663
29,545,1,0.9316239316239316,0.911980613887719,0.3836250603199005,0.005503899676318523,-0.5690686311413861
29,546,1,0.9333333333333333,0.9196134758638584,0.39101845026016235,0.0026016447059485207,-0.854536965247041
29,547,1,0.935042735042735,0.9139925907073222,0.3959861099720001,0.004728449672096806,-0.2999515882238847
29,548,1,0.9367521367521368,0.9258915992188193,0.40344366431236267,0.006713432102001161,0.3114743522395833
29,549,1,0.9384615384615385,0.9137311429407736,0.3882181942462921,0.008382909151830974,0.1107756340821412
29,550,1,0.9401709401709402,0.9173122929319364,0.4001503586769104,0.00618106998487827,0.10448461245111954
29,551,1,0.9418803418803419,0.9157756925291082,0.40439364314079285,0.006200696093779561,0.2491952459196034
29,552,1,0.9435897435897436,0.9201995832780916,0.4226303696632385,0.0042731606048534345,0.5027926931684277
29,553,1,0.9452991452991453,0.9295611914207925,0.4100538492202759,0.008562031327640203,0.8697504408366916
29,554,1,0.947008547008547,0.9252593122246747,0.41213566064834595,0.003302476044211554,-0.023940182579843483
29,555,1,0.9487179487179487,0.9238493570191395,0.3987068235874176,0.0037353165236778878,-0.3912935668545327
29,556,1,0.9504273504273504,0.9297731764789814,0.3978149890899658,0.00325203009494242,-0.5094335724798149
29,557,1,0.9521367521367521,0.924210452456873,0.38633155822753906,0.0071447890021988526,-0.17864387010845395
29,558,1,0.9538461538461539,0.9335294701892182,0.4029582738876343,0.0035119134711261283,-0.2908053903632515
29,559,1,0.9555555555555556,0.9293132698295806,0.39793625473976135,0.003625442196731114,-0.43703601569101774
29,560,1,0.9572649572649573,0.9351636525947284,0.4022788405418396,0.003293627530071444,-0.35336508515454235
29,561,1,0.958974358974359,0.9308289859948218,0.39572808146476746,0.003969707445953168,-0.44744405081680577
29,562,1,0.9606837606837607,0.9389649759731047,0.44440793991088867,0.0031894819944391995,1.0286409470126943
29,563,1,0.9623931623931624,0.9334394333060618,0.4023551642894745,0.004372769965171929,-0.15325632055891864
29,564,1,0.9641025641025641,0.9354151130216137,0.3959362208843231,0.0035675745418813033,-0.5141449290740973
29,565,1,0.9658119658119658,0.9348918787208522,0.39857855439186096,0.004014730526223158,-0.3444039727536304
29,566,1,0.9675213675213675,0.9374343330135775,0.3961082398891449,0.002910330126733164,-0.6287531258957482
29,567,1,0.9692307692307692,0.9387506934868355,0.4266757071018219,0.0010205927155873856,0.04184367328554073
29,568,1,0.9709401709401709,0.9535111326818982,0.45605599880218506,0.012643645948003641,3.146894399714327
29,569,1,0.9726495726495726,0.9323785446240702,0.445198655128479,0.013012947024895515,2.853427436518249
29,570,1,0.9743589743589743,0.9398556207031719,0.4421803653240204,0.007797179026514219,1.7981411048057925
29,571,1,0.976068376068376,0.9388821323830137,0.4593363404273987,0.008040348674356938,2.41321126882771
29,572,1,0.9777777777777777,0.9378896260046359,0.4497132897377014,0.007720565152955395,2.0346344595426
29,573,1,0.9794871794871794,0.9417325643755673,0.4472810924053192,0.0021173956143698547,0.9279137384960487
29,574,1,0.9811965811965812,0.9461608823333445,0.4576597511768341,0.0025693692170260323,1.3558210424622847
29,575,1,0.9829059829059829,0.9396036992248664,0.4363557994365692,0.005807084222448787,1.2400869262422503
29,576,1,0.9846153846153847,0.949932541655307,0.4439881443977356,0.004341366497528655,1.2255681340007554
29,577,1,0.9863247863247864,0.9447360412725847,0.4288792312145233,0.004734240952450678,0.795024010287016
29,578,0,0.9880341880341881,0.9610861973573789,0.44210395216941833,0.01173342406267834,2.51625159280728
29,579,0,0.9897435897435898,0.9573834071121364,0.4710640609264374,0.006999596618683494,2.612694131196126
29,580,0,0.9914529914529915,0.9726315951689058,0.4676779508590698,0.01510256614637921,3.9835833034687265
29,581,0,0.9931623931623932,0.956831676403482,0.4392775893211365,0.009024347824353093,1.9262757807605824
29,582,0,0.9948717948717949,0.9795456575312498,0.47545504570007324,0.01331795634759912,3.915495324283908
29,583,0,0.9965811965811966,0.9688539099441219,0.46112120151519775,0.008641645861499327,2.582655884836936
29,584,0,0.9982905982905983,0.9885755214366269,0.43870455026626587,0.014865329501512104,2.9765912668651717
