sequence,frame,valid,relative_phase,predicted_phase,feature_raw,time_raw,P3
03,8,0,0.014545454545454545,0.8297803789588822,0.24442435801029205,nan,nan
03,9,0,0.016363636363636365,0.8295774923916277,0.24471914768218994,nan,nan
03,10,0,0.01818181818181818,0.8303594063475436,0.2725556492805481,nan,nan
03,11,0,0.02,0.8339475099819977,0.5931105017662048,nan,nan
03,12,0,0.02181818181818182,0.8429444043110108,1.158079981803894,0.007783725217823124,45.61857442385052
03,13,0,0.023636363636363636,0.8646748190326657,1.2093908786773682,0.026223133601445917,54.00428438404733
03,14,0,0.025454545454545455,0.9108880582523535,1.284790277481079,0.06366204116087419,69.62247779720165
03,15,0,0.02727272727272727,0.9819700335455964,0.3944242596626282,0.1146118534779146,42.30142289773906
03,16,0,0.02909090909090909,0.03751678680132853,0.5783514976501465,0.13315297584274705,57.20702307266512
03,17,0,0.03090909090909091,0.06237874549676973,0.5761955380439758,0.10937183891560877,49.52381642525142
03,18,0,0.03272727272727273,0.07133719320077747,0.3523100018501282,0.06890430500359054,25.67674993328134
03,19,0,0.034545454545454546,0.07186557412702302,0.36063700914382935,0.029905108164242307,13.657203416166942
03,20,0,0.03636363636363636,0.07097463762849211,0.3553067743778229,0.00912901588815561,6.776256173900122
03,21,0,0.038181818181818185,0.07333364625201948,0.3558889329433441,0.0024623460506346673,4.680434277351214
03,22,0,0.04,0.07965878803146999,0.344355046749115,0.0035365430562171022,4.458493730619445
03,23,0,0.04181818181818182,0.08875817811223294,0.3434988260269165,0.01055553442930694,6.653174211738145
03,24,0,0.04363636363636364,0.11167764749773434,0.3484712541103363,0.029251852818505855,12.853908429854183
03,25,0,0.045454545454545456,0.1380191740295578,1.449548363685608,0.045417626883018744,71.86881415898985
03,26,0,0.04727272727272727,0.16056676056988964,1.4582850933074951,0.051793831478965977,74.32795292773476
03,27,0,0.04909090909090909,0.18064932191500624,1.4204869270324707,0.051649399689477696,72.43287605074778
03,28,0,0.05090909090909091,0.19655590417142424,1.3210774660110474,0.04458319599520234,65.31823900749743
03,29,0,0.05272727272727273,0.20904367157191173,1.2510223388671875,0.03585139922726739,59.108858419382564
03,30,0,0.05454545454545454,0.21580879103600908,0.6662200093269348,0.02486039430577626,26.998593542263507
03,31,0,0.056363636363636366,0.22174850134679364,0.2896485924720764,0.016989597000030957,6.069047673492035
03,32,0,0.05818181818181818,0.22668019382422436,0.26371636986732483,0.01164649461951482,3.097912681562039
03,33,0,0.06,0.2291573573622652,0.2624315619468689,0.006592585744355629,1.4246584771793733
03,34,0,0.06181818181818182,0.23067468878702635,0.25687021017074585,0.0031717264437827785,0.06256233568170594
03,35,0,0.06363636363636363,0.2319155486694298,0.2620348632335663,0.0011530448752984528,-0.32802985685832375
03,36,0,0.06545454545454546,0.23193321923356677,0.25874951481819153,0.0019182101003445019,-0.24493030440581837
03,37,0,0.06727272727272728,0.23115396020349321,0.2601155936717987,0.004010725482753679,0.48866655711724044
03,38,0,0.06909090909090909,0.2329212270381703,0.2594757676124573,0.002777346341087168,0.06435678471161957
03,39,0,0.07090909090909091,0.2338852674093644,0.25695011019706726,0.0023402035499754826,-0.1984895840513378
03,40,0,0.07272727272727272,0.23361626541542016,0.2561369240283966,0.003101635228903417,0.0043563851138764265
03,41,0,0.07454545454545454,0.23348004219909835,0.25713375210762024,0.0036586199906885482,0.2306007494579731
03,42,0,0.07636363636363637,0.2341770056873013,0.2567134499549866,0.0035431770013869147,0.1732545983346866
03,43,0,0.07818181818181819,0.2343815541614085,0.2529887557029724,0.003652573189562429,0.025904238322175144
03,44,0,0.08,0.23512603808978716,0.25422900915145874,0.003032160949194772,-0.1111148292934605
03,45,1,0.08181818181818182,0.23575075242041113,0.25774577260017395,0.0027848897871625856,-0.017869431438144068
03,46,1,0.08363636363636363,0.2366448537897877,0.25891005992889404,0.0024584659731141534,-0.06492677344555009
03,47,1,0.08545454545454545,0.23752526684532319,0.2579142153263092,0.0021950149432003064,-0.1975899889029001
03,48,1,0.08727272727272728,0.2381582478031552,0.25662994384765625,0.00234796215634696,-0.2116796112094259
03,49,1,0.0890909090909091,0.23921163908629742,0.2522498667240143,0.002052623301546779,-0.5200575216195985
03,50,1,0.09090909090909091,0.2399597254576969,0.2496947944164276,0.002169758596618875,-0.6077249352315031
03,51,1,0.09272727272727273,0.24126221990770705,0.25486475229263306,0.001695982063585998,-0.5057814502427264
03,52,1,0.09454545454545454,0.24218847850317043,0.2541840970516205,0.0017039617337185776,-0.5365358491221653
03,53,1,0.09636363636363636,0.2438286487432561,0.26016566157341003,0.0010713491686367305,-0.44550154919227264
03,54,1,0.09818181818181818,0.24491871863566594,0.2631087899208069,0.001135531690466528,-0.2810747566910076
03,55,1,0.1,0.24682884882926812,0.26050829887390137,0.0005713184535227858,-0.5880722780393237
03,56,1,0.10181818181818182,0.248471268883266,0.25514325499534607,0.0002928692222790612,-0.939252138393454
03,57,1,0.10363636363636364,0.2497667364563924,0.2547323703765869,0.0004896169896465174,-0.8966595871370315
03,58,1,0.10545454545454545,0.25130001543960573,0.2697235643863678,0.00044085993471725145,-0.17883920732439695
03,59,1,0.10727272727272727,0.2532809306763888,0.26993685960769653,0.00025613432340394553,-0.2272668660916326
03,60,1,0.10909090909090909,0.25407171051854727,0.2666102945804596,0.0008775095185408354,-0.19200156081856168
03,61,1,0.11090909090909092,0.2550038747047866,0.2682631313800812,0.0013454557411218416,0.037962517023822584
03,62,1,0.11272727272727273,0.2557632042410831,0.2733350992202759,0.0018954107669238319,0.4613192920391002
03,63,1,0.11454545454545455,0.25627969313521926,0.27322137355804443,0.002494719073157058,0.6467224871344411
03,64,1,0.11636363636363636,0.25706448987488417,0.26946914196014404,0.0024596129481997565,0.45198009265381545
03,65,1,0.11818181818181818,0.2574782305266349,0.27355727553367615,0.002794067135533278,0.7585402735368878
03,66,1,0.12,0.25842264963048905,0.27236324548721313,0.0024682369871411747,0.5963052029063236
03,67,1,0.12181818181818181,0.2592533244007171,0.2653506398200989,0.0023024235642646485,0.20041883954430095
03,68,1,0.12363636363636364,0.26024653721924074,0.26389196515083313,0.0020526185621154037,0.04946260522077951
03,69,1,0.12545454545454546,0.26065314876585843,0.26746001839637756,0.002441518851586848,0.3479298699380567
03,70,1,0.12727272727272726,0.2614109553581101,0.26686960458755493,0.0024774418191411286,0.33049399611689245
03,71,1,0.1290909090909091,0.26163842845801066,0.2691648006439209,0.0029970451511458097,0.6083420235582374
03,72,1,0.13090909090909092,0.2619506268481034,0.2746693193912506,0.00328112277537647,0.968138335810071
03,73,1,0.13272727272727272,0.2623679537599667,0.27203941345214844,0.0032898182707288433,0.8422563307037814
03,74,1,0.13454545454545455,0.2626934568886246,0.2633092999458313,0.0033930163905979845,0.44807009883995125
03,75,1,0.13636363636363635,0.26295695519203094,0.26270928978919983,0.00345014346982027,0.4369213626423236
03,76,1,0.13818181818181818,0.2638875357459604,0.26836341619491577,0.0028491945993958812,0.5220271421162126
03,77,1,0.14,0.2648012685628265,0.27143919467926025,0.0024196890069940625,0.5356318484862733
03,78,1,0.14181818181818182,0.266150035312505,0.2700227200984955,0.0016792509580304971,0.2304022697101188
03,79,1,0.14363636363636365,0.26747417287601294,0.2660188674926758,0.0012192580004925947,-0.11203725106176099
03,80,1,0.14545454545454545,0.2689394429923189,0.2648833394050598,0.0008832923051821528,-0.27464009592922783
03,81,1,0.14727272727272728,0.27020433283240536,0.26481369137763977,0.0008813792766853445,-0.2786567955434662
03,82,1,0.14909090909090908,0.27161031071297226,0.2664126753807068,0.0008261674635131766,-0.2180288113985227
03,83,1,0.1509090909090909,0.27205276648571164,0.26536622643470764,0.001748780540890631,0.024765776265474382
03,84,1,0.15272727272727274,0.2727422563755158,0.26922139525413513,0.002203939053511088,0.3583913401898875
03,85,1,0.15454545454545454,0.27389996179165443,0.2667406499385834,0.0019969369831716755,0.17107520937035872
03,86,1,0.15636363636363637,0.27553361673369475,0.26816678047180176,0.001287189280943667,0.014682799205582547
03,87,1,0.15818181818181817,0.2776896695288833,0.2705230116844177,0.0005381539532394848,-0.10872867311165513
03,88,1,0.16,0.27982942333204025,0.2724020481109619,0.0006185650514282782,0.008814793711858615
03,89,1,0.1618181818181818,0.28193976366306217,0.2705463767051697,0.0009571136433191141,0.0259137088202967
03,90,1,0.16363636363636364,0.28386045747565736,0.2703215181827545,0.0008678569880623666,-0.013527361923924341
03,91,1,0.16545454545454547,0.2861180250067053,0.27398356795310974,0.0010437143336196452,0.22165307768467574
03,92,1,0.16727272727272727,0.28770758913596056,0.2785511016845703,0.0005803039634267635,0.2974296068724443
03,93,1,0.1690909090909091,0.28951278923802165,0.2720029950141907,0.0003622589981122044,-0.09237717393576106
03,94,1,0.1709090909090909,0.29168562125075337,0.27047258615493774,0.0006414238634922643,-0.07828901325272075
03,95,1,0.17272727272727273,0.2934313559295326,0.2758144438266754,0.00043086759849751525,0.11593747097699736
03,96,1,0.17454545454545456,0.2951596900969682,0.2759551405906677,0.00033086903522626225,0.0909562019417971
03,97,1,0.17636363636363636,0.2975109256501073,0.2726770341396332,0.0008190793481134396,0.08615974413684213
03,98,1,0.1781818181818182,0.2990119315846843,0.27625957131385803,0.00041894464701553314,0.13391354411972395
03,99,1,0.18,0.30170435691489333,0.2733616828918457,0.0011813989263953339,0.2351034835790982
03,100,1,0.18181818181818182,0.3036354089397215,0.2751748263835907,0.0010442007048833534,0.2800834152344128
03,101,1,0.18363636363636363,0.30612715849387534,0.27339980006217957,0.0014170205483488418,0.3120477807231363
03,102,1,0.18545454545454546,0.3077145157752085,0.2749785780906677,0.0009055374127083835,0.22629875799040794
03,103,1,0.18727272727272729,0.30854556425545,0.2774769067764282,0.0005192958803879798,0.22544098096669335
03,104,1,0.1890909090909091,0.30925113225339207,0.27739590406417847,0.0014990117858466202,0.5336599113678732
03,105,1,0.19090909090909092,0.3104753369152983,0.2761237621307373,0.0016787379523580549,0.5286966341410928
03,106,1,0.19272727272727272,0.3116952276946211,0.2779234051704407,0.001545891778390972,0.574402892991483
03,107,1,0.19454545454545455,0.31254974424782356,0.27659279108047485,0.0016865532050416732,0.5541314255345631
03,108,1,0.19636363636363635,0.31422146201923673,0.27141162753105164,0.0010158804317218929,0.08696678923620665
03,109,1,0.19818181818181818,0.3150870633157348,0.27135899662971497,0.0013928615766849606,0.20451526380722715
03,110,1,0.2,0.31536047154776053,0.2746998369693756,0.0022723849447684064,0.6482020256583916
03,111,1,0.2018181818181818,0.3155495285933413,0.276353657245636,0.002999638862472524,0.9608412990012402
03,112,1,0.20363636363636364,0.31588538841051683,0.2801276445388794,0.003413725131676358,1.2774080686352365
03,113,1,0.20545454545454545,0.3163613697816272,0.2792673110961914,0.003353725358386005,1.2162026580641634
03,114,1,0.20727272727272728,0.31665568453259557,0.27464139461517334,0.0033779872238907534,0.9976376455862601
03,115,1,0.20909090909090908,0.31633701315232415,0.27535703778266907,0.004020461850370945,1.2373675938842406
03,116,1,0.2109090909090909,0.3167379648089999,0.2761020064353943,0.0038163813334409365,1.208781608294124
03,117,1,0.21272727272727274,0.316571064049145,0.27539610862731934,0.00419642619291659,1.2953490538234367
03,118,1,0.21454545454545454,0.31741268269933764,0.2748674154281616,0.0034072311096033526,1.018012809324253
03,119,1,0.21636363636363637,0.31806484472250773,0.2736474275588989,0.002944318628118796,0.8108273122490659
03,120,1,0.21818181818181817,0.31908385974271997,0.27386197447776794,0.0023572615004524445,0.6342599840490782
03,121,1,0.22,0.31923849185582787,0.2762329876422882,0.0027891031207745876,0.8878520952319329
03,122,1,0.22181818181818183,0.31962494917183715,0.2766713798046112,0.0030695027564360423,0.9986457948637875
03,123,1,0.22363636363636363,0.3198390821692772,0.27605482935905457,0.003408436377120809,1.0764841498490907
03,124,1,0.22545454545454546,0.3196661593825876,0.2796633541584015,0.004024918525502826,1.4494490563611082
03,125,1,0.22727272727272727,0.3205814017628822,0.2806031405925751,0.0032552510551751446,1.250171972173024
03,126,1,0.2290909090909091,0.3215441882816749,0.2754639685153961,0.0026281920131460013,0.7989588180242411
03,127,1,0.2309090909090909,0.3229213895998197,0.27099233865737915,0.0017308004724606463,0.2942611837855871
03,128,1,0.23272727272727273,0.3244478141076328,0.2732457220554352,0.0009749528222832026,0.16364777103576617
03,129,1,0.23454545454545456,0.3253650623034322,0.2727430462837219,0.001253118307745037,0.22769332030140274
03,130,1,0.23636363636363636,0.32692016691252007,0.2747107446193695,0.0008939288337947037,0.20949755552563326
03,131,1,0.2381818181818182,0.32849365452856966,0.2734391987323761,0.0006644358754564083,0.07416783337941246
03,132,1,0.24,0.32937039491679443,0.2712133228778839,0.0011807617194190979,0.12980448067111636
03,133,1,0.24181818181818182,0.33072160342866397,0.271923691034317,0.001060198409840023,0.12613820340989196
03,134,1,0.24363636363636362,0.33127041146259756,0.2724175751209259,0.0018505256572143459,0.4021323738263744
03,135,1,0.24545454545454545,0.3323646227710199,0.2767268121242523,0.0018438754863113627,0.6108175706666589
03,136,1,0.24727272727272728,0.33320675541284295,0.27875491976737976,0.0019694849051008923,0.7500556917942172
03,137,1,0.24909090909090909,0.3352088641793265,0.27751868963241577,0.0010786242112362744,0.4057121048187374
03,138,1,0.2509090909090909,0.336873278581791,0.2746390104293823,0.0005193357630347044,0.08662619332488175
03,139,1,0.25272727272727274,0.33895765574959524,0.27261728048324585,0.0003988625894275423,-0.05066329771232053
03,140,1,0.2545454545454545,0.3412140326374756,0.2729690670967102,0.0009079119834117644,0.12875181976152134
03,141,1,0.25636363636363635,0.3431217833103861,0.2768019735813141,0.0008138433501641962,0.28627987873742977
03,142,1,0.2581818181818182,0.3448680327801659,0.2791348695755005,0.0005818630371790379,0.3264838307545826
03,143,1,0.26,0.346301794197885,0.2793366014957428,0.00025954758030054855,0.23364819712492912
03,144,1,0.26181818181818184,0.3472656337135895,0.277071088552475,0.000855259191063511,0.31264170426710836
03,145,1,0.2636363636363636,0.34912826409712094,0.2780437469482422,0.0005879478336912838,0.275045921606126
03,146,1,0.26545454545454544,0.3507803861540284,0.2740687429904938,0.000414610567286287,0.025359037537835194
03,147,1,0.2672727272727273,0.3523606737397842,0.2759969234466553,0.0002536586832390502,0.06839749613381674
03,148,1,0.2690909090909091,0.35406347675229477,0.27403199672698975,7.058569944390369e-05,-0.08606034165628096
03,149,1,0.27090909090909093,0.356333838428135,0.27293577790260315,0.000506156069152981,-0.000894148267504391
03,150,1,0.2727272727272727,0.3587846216177754,0.27481651306152344,0.001155545676039994,0.29803454121545114
03,151,1,0.27454545454545454,0.36077745403037953,0.27620768547058105,0.001147319222707317,0.3634682045452652
03,152,1,0.27636363636363637,0.36237955450402903,0.27572596073150635,0.0006930708215182089,0.1951586825433168
03,153,1,0.2781818181818182,0.3635713673098374,0.2746894657611847,0.00046516071072848816,0.07183181937805966
03,154,1,0.28,0.36561412343770466,0.2759581506252289,0.0002002549016989209,0.04948391770493521
03,155,1,0.2818181818181818,0.3671585256760768,0.27620288729667664,0.00026736763143545385,0.08284136094319028
03,156,1,0.28363636363636363,0.3686122482079362,0.280621737241745,0.0003131266971506274,0.3135886684515342
03,157,1,0.28545454545454546,0.37005991639281094,0.2816755771636963,0.00042363193825269315,0.40035356450229986
03,158,1,0.2872727272727273,0.37172754242817013,0.2815088629722595,0.0003781431736368956,0.37770328223166383
03,159,1,0.28909090909090907,0.3733001752999241,0.2782573103904724,0.0003338650494992423,0.20453107186928698
03,160,1,0.2909090909090909,0.3745530733402087,0.27632424235343933,0.0006163794151764645,0.1999887864628178
03,161,1,0.2927272727272727,0.3759454602058983,0.2652890384197235,0.0007091988325550624,-0.3102676462029236
03,162,1,0.29454545454545455,0.37698631525297704,0.26439565420150757,0.001139729738748112,-0.2167847544784129
03,163,1,0.2963636363636364,0.378514808769446,0.26249465346336365,0.0009259294284809249,-0.37790649422680667
03,164,1,0.29818181818181816,0.3796593052278337,0.26112568378448486,0.001085091337473686,-0.3941591996829929
03,165,1,0.3,0.3809027318961179,0.2632366120815277,0.0011182226410957497,-0.2803372453615047
03,166,1,0.3018181818181818,0.38136673654349446,0.2646266222000122,0.0018935359162741017,0.03471052856205058
03,167,1,0.30363636363636365,0.3823293598981448,0.2614298164844513,0.0020260178842530386,-0.07945980253216005
03,168,1,0.3054545454545455,0.38402837792948896,0.262063592672348,0.0012812502161207119,-0.2857724539562149
03,169,1,0.30727272727272725,0.38590148233887006,0.2643197178840637,0.0006757255222645926,-0.3683520902711005
03,170,1,0.3090909090909091,0.38698597671590196,0.2647724449634552,0.0006649946347725022,-0.34962440632924774
03,171,1,0.3109090909090909,0.3886109231800622,0.25982794165611267,0.0004448582137141654,-0.6616506947545545
03,172,1,0.31272727272727274,0.3901439885271746,0.26027584075927734,0.0004821836870810991,-0.6278462751715009
03,173,1,0.3145454545454546,0.39137161098043477,0.2643034756183624,0.0007834638832423401,-0.3348163647675541
03,174,1,0.31636363636363635,0.39255945858574764,0.26467129588127136,0.0009631484383206423,-0.25956733363287016
03,175,1,0.3181818181818182,0.39437690975521084,0.26223665475845337,0.0005988968864154245,-0.49473483766022325
03,176,1,0.32,0.3962753366085608,0.2625870406627655,0.00034260066093265223,-0.5592617498017147
03,177,1,0.32181818181818184,0.3977540498974526,0.2630924880504608,0.0001868676101583316,-0.5841592382880979
03,178,1,0.3236363636363636,0.39908586668997376,0.261012464761734,0.0004000541949440872,-0.6179813971791789
03,179,1,0.32545454545454544,0.3998499404823941,0.2612353563308716,0.0012675824285802318,-0.3306442486386142
03,180,1,0.32727272727272727,0.4006315403266662,0.2605348527431488,0.001854240266103967,-0.1779767426454922
03,181,1,0.3290909090909091,0.4016341566981686,0.2648872137069702,0.0019406748241279515,0.062479019730616855
03,182,1,0.33090909090909093,0.4032398006260951,0.2633458077907562,0.0013050575963804312,-0.21546147045341765
03,183,1,0.3327272727272727,0.4041120946366347,0.2632277309894562,0.0014712470698711334,-0.16828225338066238
03,184,1,0.33454545454545453,0.404834669410696,0.2620998024940491,0.0018142108343699882,-0.11417589641002755
03,185,1,0.33636363636363636,0.4051073542639113,0.266693651676178,0.0025923082521621555,0.35848813560128323
03,186,1,0.3381818181818182,0.40579144678764073,0.2634716033935547,0.0027765151198684158,0.2595648369239248
03,187,1,0.34,0.4060877811547653,0.26542285084724426,0.0031180922931302747,0.46386005431662314
03,188,1,0.3418181818181818,0.4062594580947296,0.267670601606369,0.003440336982698676,0.6764997652802298
03,189,1,0.34363636363636363,0.40688611127064517,0.2694549858570099,0.0031698809777914606,0.6776109008743096
03,190,1,0.34545454545454546,0.40797719225878365,0.26711681485176086,0.002523489241336401,0.35726009179376483
03,191,1,0.3472727272727273,0.4087812272330537,0.2669457197189331,0.002265890634852096,0.2668077699757233
03,192,1,0.3490909090909091,0.4097782094838523,0.2677937150001526,0.001942269903625603,0.2051708758940614
03,193,1,0.3509090909090909,0.41082235625264213,0.26478758454322815,0.0017778109821164501,0.005709506082883398
03,194,1,0.3527272727272727,0.4124824667645961,0.26527297496795654,0.001101761715661691,-0.18596528083923947
03,195,1,0.35454545454545455,0.4147123182882173,0.26232582330703735,0.0005114462941869076,-0.51823847607302
03,196,1,0.3563636363636364,0.4165839148881292,0.260657399892807,0.0003905950176273776,-0.6383649901116468
03,197,1,0.35818181818181816,0.41814404604910554,0.2620876133441925,0.000318130681681271,-0.5914905480916359
03,198,1,0.36,0.4196044221632381,0.26759299635887146,0.0002861384682299105,-0.3323660107065969
03,199,1,0.3618181818181818,0.42133707063671166,0.26829156279563904,0.0001860146857375302,-0.33009666628282985
03,200,1,0.36363636363636365,0.42337677331458873,0.2685900032520294,0.00021492770711774138,-0.3062842229074308
03,201,1,0.3654545454545455,0.42543520141802427,0.26608550548553467,0.0005751412039383797,-0.3140219338906237
03,202,1,0.36727272727272725,0.42705584340640107,0.26730015873908997,0.00041156979053206123,-0.306723324087439
03,203,1,0.3690909090909091,0.4289692442791999,0.26518818736076355,0.00042353991209358015,-0.406224964196548
03,204,1,0.3709090909090909,0.43091482019125743,0.2660949230194092,0.00046107241352903565,-0.34990867881875776
03,205,1,0.37272727272727274,0.43251280163434047,0.2681550085544586,0.00022444785053835493,-0.3245302511552758
03,206,1,0.37454545454545457,0.43406399210916374,0.26747700572013855,0.00015284066572928063,-0.3805148450613203
03,207,1,0.37636363636363634,0.4353409611103177,0.2627451717853546,0.0005187356163475365,-0.4954015965442714
03,208,1,0.3781818181818182,0.4363845044745428,0.2640422284603119,0.0010681214599019152,-0.256891659320261
03,209,1,0.38,0.43672969974036635,0.2648237943649292,0.0020903472648996935,0.1070689647361303
03,210,1,0.38181818181818183,0.43699356203050393,0.26675885915756226,0.0028807095012685514,0.4535756289821461
03,211,1,0.3836363636363636,0.4370548494298862,0.26341477036476135,0.0035518145822214116,0.5038298628461952
03,212,1,0.38545454545454544,0.4372739989865972,0.26351433992385864,0.003761137105402533,0.5754002843047511
03,213,1,0.38727272727272727,0.4379429029811999,0.2681124210357666,0.003314606738813357,0.6580498932987019
03,214,1,0.3890909090909091,0.43832323053436134,0.265379399061203,0.0032375799958603447,0.49980858131549954
03,215,1,0.39090909090909093,0.4388005893978712,0.2664211392402649,0.0030926382583148383,0.504584681260599
03,216,1,0.3927272727272727,0.4391308830767756,0.2668391466140747,0.0031987795714066443,0.5588546416920837
03,217,1,0.39454545454545453,0.4397738434334316,0.267500102519989,0.0030200402372952562,0.5342336630268472
03,218,1,0.39636363636363636,0.4400219783340297,0.2674621641635895,0.0032296404497551153,0.5991657975055871
03,219,1,0.3981818181818182,0.44019539254635487,0.2657302916049957,0.003480913187347044,0.5945108385619512
03,220,1,0.4,0.44060972210451943,0.26490816473960876,0.0034152844163033865,0.5333808098872885
03,221,1,0.4018181818181818,0.4414306494982665,0.2684922516345978,0.0029640667794922793,0.5649331019770548
03,222,1,0.4036363636363636,0.44163717022986443,0.2692028284072876,0.00317174756410306,0.66587034936418
03,223,1,0.40545454545454546,0.4421109322201563,0.26952898502349854,0.0031017835477698697,0.6595319762697827
03,224,1,0.4072727272727273,0.44303794694885873,0.26683494448661804,0.0026536537375178183,0.38494748916221905
03,225,1,0.4090909090909091,0.4438226065033271,0.2682477831840515,0.0024760503941342483,0.3974699602769791
03,226,1,0.4109090909090909,0.4448262885553721,0.2669002115726471,0.002070357593354404,0.20227593578849556
03,227,1,0.4127272727272727,0.4452984675779035,0.26581060886383057,0.002395458152199952,0.2525651378454289
03,228,1,0.41454545454545455,0.4457681657288041,0.26821210980415344,0.0027226438407361043,0.4743006023266624
03,229,1,0.4163636363636364,0.4462468387521449,0.2678524851799011,0.0029265255123816936,0.5216739317782082
03,230,1,0.41818181818181815,0.44663035565428666,0.2679951786994934,0.003149066672444344,0.5995659927575546
03,231,1,0.42,0.44704764843992295,0.2718140482902527,0.003182790661536693,0.7971278510535926
03,232,1,0.4218181818181818,0.4473265685005463,0.2708311378955841,0.003341165816418233,0.7995101449941573
03,233,1,0.42363636363636364,0.44785026319986865,0.26573172211647034,0.0032070718100314245,0.5073226490509123
03,234,1,0.4254545454545455,0.4484899407375842,0.26263228058815,0.0029682503842468223,0.279601344691378
03,235,1,0.42727272727272725,0.449059604059213,0.26319295167922974,0.0028634833334424004,0.27364541114657315
03,236,1,0.4290909090909091,0.4492003026924568,0.2641748785972595,0.003225773605021119,0.43712240932761814
03,237,1,0.4309090909090909,0.44934426236428066,0.26432740688323975,0.0035502474811748715,0.5479759228692381
03,238,1,0.43272727272727274,0.45142686062316195,0.26348677277565,0.002033551708202237,0.02356537943429406
03,239,1,0.43454545454545457,0.4539972956566919,0.26769009232521057,0.0010699888103267836,-0.07784621360070904
03,240,1,0.43636363636363634,0.4572951778168036,0.2704373896121979,0.002058515309480936,0.37153821869301484
03,241,1,0.4381818181818182,0.46157183371845323,0.2696216404438019,0.004311452430043839,1.0495194682991373
03,242,1,0.44,0.46641754499309435,0.2667812407016754,0.006100270866141828,1.4805674494400218
03,243,1,0.44181818181818183,0.4717895866567525,0.30257001519203186,0.007724641437316894,3.748921577453772
03,244,1,0.44363636363636366,0.47745552350300696,0.3068157136440277,0.008942505533556173,4.344683795705818
03,245,1,0.44545454545454544,0.4839277925260245,0.3181006610393524,0.010374688135022887,5.353091642922551
03,246,1,0.44727272727272727,0.49199856469058684,0.34549620747566223,0.012856470597692389,7.4840660924257945
03,247,1,0.4490909090909091,0.5000032232274503,0.37767311930656433,0.014465874210182679,9.570961799457049
03,248,1,0.4509090909090909,0.5060264652094681,0.3928011655807495,0.013435707049526109,9.982755513519923
03,249,1,0.4527272727272727,0.5114077314705169,0.41563671827316284,0.011674237883959588,10.538568259048763
03,250,1,0.45454545454545453,0.5163267232321245,0.4276089668273926,0.009723244909444052,10.502566524858485
03,251,1,0.45636363636363636,0.5212118077453196,0.3982328474521637,0.008526289787254794,8.68410784676276
03,252,1,0.4581818181818182,0.526035212657052,0.3410308361053467,0.008047548569519848,5.733285225179981
03,253,1,0.46,0.5313942095143553,0.3413037359714508,0.008404358564927229,5.8603309556514365
03,254,1,0.4618181818181818,0.5382349733077265,0.332653284072876,0.010248502847338787,6.024785385941467
03,255,1,0.4636363636363636,0.5472763791289597,0.28916019201278687,0.013812846149671416,5.03289995448522
03,256,1,0.46545454545454545,0.5581097097361467,0.2514767348766327,0.01813003391094846,4.565107040706601
03,257,1,0.4672727272727273,0.569518459005397,0.2554294764995575,0.021520158910425066,5.838718000588416
03,258,1,0.4690909090909091,0.5802224585219125,0.254833459854126,0.022693096054180115,6.183311853358548
03,259,1,0.4709090909090909,0.589430982615931,0.25142133235931396,0.02140474884465214,5.605868136042664
03,260,1,0.4727272727272727,0.5962286192715263,0.24986302852630615,0.01766373462850461,4.33758198058355
03,261,1,0.47454545454545455,0.6003949980458847,0.25007373094558716,0.012300386019018157,2.638885475609704
03,262,1,0.4763636363636364,0.603256157040889,0.25480735301971436,0.0074424102539005065,1.322480884970666
03,263,1,0.4781818181818182,0.6056216105260195,0.2569698989391327,0.004049439109286885,0.34711772477848263
03,264,1,0.48,0.6063913644301722,0.25624579191207886,0.0013657446931044253,-0.5434506234355666
03,265,1,0.4818181818181818,0.6068657319365268,0.25608620047569275,0.0012947827473893826,-0.5738693667692534
03,266,1,0.48363636363636364,0.6070621640858432,0.25206372141838074,0.002716034070733496,-0.3177711090194524
03,267,1,0.48545454545454547,0.6072654297453096,0.25532063841819763,0.003464270172505683,0.07997617087677467
03,268,1,0.48727272727272725,0.6075559506287479,0.254736065864563,0.003584704093889933,0.08975503404764101
03,269,1,0.4890909090909091,0.6079129268591663,0.25593358278274536,0.003518874413115451,0.12736025719215466
03,270,1,0.4909090909090909,0.6080603247531848,0.25555557012557983,0.003633275249756805,0.14532144438348404
03,271,1,0.49272727272727274,0.6080962992935762,0.25209662318229675,0.003846840876200812,0.04416428289015362
03,272,1,0.49454545454545457,0.6085042229650786,0.2500520944595337,0.003646634591765134,-0.11964705729627911
03,273,1,0.49636363636363634,0.608810282449253,0.24964505434036255,0.003577643191673406,-0.16154287712399507
03,274,1,0.49818181818181817,0.6092719872660344,0.24705111980438232,0.0033402772724136377,-0.36407141593436215
03,275,1,0.5,0.6093131263152061,0.25178658962249756,0.003602053851454333,-0.04900244392663833
03,276,1,0.5018181818181818,0.6101258100717546,0.25102996826171875,0.0030935768503132666,-0.24803934575173642
03,277,1,0.5036363636363637,0.610649184277182,0.250681072473526,0.002975599421554913,-0.30269994405059764
03,278,1,0.5054545454545455,0.6117195607414925,0.25453564524650574,0.0023649484142266464,-0.3087183475125752
03,279,1,0.5072727272727273,0.6126848067478932,0.2552379071712494,0.0020115957766904825,-0.38695831596089103
03,280,1,0.509090909090909,0.6130817066579428,0.2528015971183777,0.0024576159748126037,-0.36401847040955876
03,281,1,0.5109090909090909,0.6135073773894768,0.24951916933059692,0.00277091938982567,-0.42475952213928114
03,282,1,0.5127272727272727,0.6140461161557675,0.24814070761203766,0.0029467289016086463,-0.43617189579893384
03,283,1,0.5145454545454545,0.6148049588320533,0.2504461109638214,0.002769525078891626,-0.3798586092718075
03,284,1,0.5163636363636364,0.6154305866943175,0.25298699736595154,0.002673935237667501,-0.2860198083679725
03,285,1,0.5181818181818182,0.6161949275051299,0.24736614525318146,0.0024968144359487233,-0.6174258005834156
03,286,1,0.52,0.6170385595955081,0.24630379676818848,0.0023250698744838195,-0.7241205278542331
03,287,1,0.5218181818181818,0.6176928896590569,0.24651797115802765,0.0024188506708702085,-0.6837605211919482
03,288,1,0.5236363636363637,0.6183086024135975,0.24380430579185486,0.0025251206230804558,-0.7826483599969987
03,289,1,0.5254545454545455,0.6191530457347476,0.24494469165802002,0.0024001812317503857,-0.7666729498421672
03,290,1,0.5272727272727272,0.6199941073759303,0.24416561424732208,0.0022986491479721084,-0.8371374443882673
03,291,1,0.5290909090909091,0.6210154646397694,0.24233531951904297,0.002016178829238534,-1.0166816564095664
03,292,1,0.5309090909090909,0.6219086765603443,0.24202696979045868,0.0019536106538417686,-1.0517028975171954
03,293,1,0.5327272727272727,0.62322169588759,0.24371390044689178,0.0015406098632827648,-1.1007802840729475
03,294,1,0.5345454545454545,0.6233393996123631,0.24609678983688354,0.002440068676720324,-0.6976033460557015
03,295,1,0.5363636363636364,0.6243268771539842,0.24511024355888367,0.0022889141942074188,-0.7940289688375387
03,296,1,0.5381818181818182,0.6249278873978404,0.24761106073856354,0.0025157570789048223,-0.5994087642742542
03,297,1,0.54,0.6258500068267151,0.2588062584400177,0.002348440359404196,-0.10506375969480694
03,298,1,0.5418181818181819,0.6264959640973219,0.2640213668346405,0.002359560823578676,0.1535984245964323
03,299,1,0.5436363636363636,0.6277353548740674,0.26533201336860657,0.0019093111680728737,0.07424437380442347
03,300,1,0.5454545454545454,0.6283583297411861,0.26441580057144165,0.002138455730974974,0.10243977165781054
03,301,1,0.5472727272727272,0.6293908797200827,0.26321059465408325,0.0019635163379148213,-0.012261437648189426
03,302,1,0.5490909090909091,0.6301242880557087,0.2646102011203766,0.0021153262256306416,0.104579582754221
03,303,1,0.5509090909090909,0.6310886487505738,0.26006320118904114,0.0020580465203623045,-0.13610770749677026
03,304,1,0.5527272727272727,0.6321602507876378,0.2577929198741913,0.0018247679524248817,-0.32150098986026016
03,305,1,0.5545454545454546,0.6324254778997799,0.2560577988624573,0.0025100211018957586,-0.18802919859205694
03,306,1,0.5563636363636364,0.6330377129946203,0.25767165422439575,0.002656435551979629,-0.062426531789104484
03,307,1,0.5581818181818182,0.6338250777895592,0.2593199610710144,0.0025974269917686133,-0.0005955299604865627
03,308,1,0.56,0.634757906139972,0.2574969530105591,0.002348705901102215,-0.16902926362354315
03,309,1,0.5618181818181818,0.6355548024707977,0.2574167549610138,0.002201223408360058,-0.2199470344542263
03,310,1,0.5636363636363636,0.6371992150961028,0.2561013996601105,0.0013391419258093774,-0.5589910077907655
03,311,1,0.5654545454545454,0.6384210596919369,0.2538992464542389,0.0011576728553459193,-0.7245426863629633
03,312,1,0.5672727272727273,0.6405360358491221,0.2559325695037842,0.0004002838177127279,-0.8664124210924002
03,313,1,0.5690909090909091,0.6424177570886451,0.2548407316207886,0.00024549663848040363,-0.9691463608201842
03,314,1,0.5709090909090909,0.6439674208106411,0.2473440319299698,0.00016496916092223468,-1.3615382607464106
03,315,1,0.5727272727272728,0.6450810311204149,0.24925413727760315,0.0004990194128462344,-1.161654095875398
03,316,1,0.5745454545454546,0.6462340200669461,0.25295907258987427,0.0010110233234346,-0.8172643300675955
03,317,1,0.5763636363636364,0.6473972287574308,0.250581294298172,0.0012723106874058965,-0.8503253427601318
03,318,1,0.5781818181818181,0.6490590764138751,0.25298312306404114,0.0008553309481580273,-0.8656983885510939
03,319,1,0.58,0.650075944712991,0.2542135417461395,0.0011113765498505668,-0.7239197091673852
03,320,1,0.5818181818181818,0.6513653116852272,0.25369685888290405,0.0010707379757584502,-0.7621446750643844
03,321,1,0.5836363636363636,0.6535228196056571,0.2531243562698364,0.0004515550625418648,-0.9874505216045937
03,322,1,0.5854545454545454,0.6551455607822858,0.25024768710136414,0.000297041174586014,-1.1774098197535356
03,323,1,0.5872727272727273,0.6561520101804974,0.24844449758529663,0.0006198811892177291,-1.1627489934987045
03,324,1,0.5890909090909091,0.657076630422843,0.2539442777633667,0.0012142773137486951,-0.704303068510493
03,325,1,0.5909090909090909,0.6580111475802948,0.2506711483001709,0.0017075898407009227,-0.7072302615788699
03,326,1,0.5927272727272728,0.6581484951494976,0.2507157027721405,0.0026923242651575464,-0.39127005393127984
03,327,1,0.5945454545454546,0.6581492551231476,0.2512439787387848,0.0034422978833104786,-0.12645194146192829
03,328,1,0.5963636363636363,0.6582284120112316,0.25531747937202454,0.003862452230889006,0.20670033064194077
03,329,1,0.5981818181818181,0.6585836647201175,0.2542344629764557,0.003795144919100228,0.1322729476508342
03,330,1,0.6,0.659400736994042,0.25550833344459534,0.00312120193013145,-0.020158905827182105
03,331,1,0.6018181818181818,0.6608590433757431,0.2550407946109772,0.0019759560095664753,-0.4079573275960474
03,332,1,0.6036363636363636,0.6629449903202194,0.2518920302391052,0.0008358669596609643,-0.9252758308317439
03,333,1,0.6054545454545455,0.6641356665901997,0.2543433904647827,0.0005559244355056325,-0.8945596243580405
03,334,1,0.6072727272727273,0.6662528489273574,0.258543461561203,0.00021712099983239484,-0.7970536883594103
03,335,1,0.6090909090909091,0.668226073836548,0.2597978413105011,0.00043345435999321395,-0.6667569585491049
03,336,1,0.610909090909091,0.6701048656934194,0.25678831338882446,0.0004704886016634447,-0.8021797528132806
03,337,1,0.6127272727272727,0.6712680152140669,0.2538946866989136,0.00032691929438279684,-0.9894811633705418
03,338,1,0.6145454545454545,0.6732962361734324,0.2541150152683258,0.00020251884713579093,-1.0183424484666022
03,339,1,0.6163636363636363,0.6759830683843733,0.24969430267810822,0.001014788481831742,-0.9757743722412477
03,340,1,0.6181818181818182,0.6780495541470659,0.2540014088153839,0.0011420256075680545,-0.7245309061223756
03,341,1,0.62,0.6800179128002967,0.25875285267829895,0.0011242121473871835,-0.4977704482616809
03,342,1,0.6218181818181818,0.6825038983230118,0.25567346811294556,0.001422723273544908,-0.5532922847580625
03,343,1,0.6236363636363637,0.6857129894910778,0.24936798214912415,0.0023298989042160444,-0.5726844172211975
03,344,1,0.6254545454545455,0.6877104829117097,0.24104343354701996,0.0018949120481717274,-1.1185206747249294
03,345,1,0.6272727272727273,0.6895171087447194,0.24372294545173645,0.0012863056900205127,-1.1813705477991234
03,346,1,0.6290909090909091,0.6918969139828182,0.2463189661502838,0.0012913119420136076,-1.0527801876398373
03,347,1,0.6309090909090909,0.6936500411725807,0.2469204217195511,0.0006961852168245309,-1.2129916073588656
03,348,1,0.6327272727272727,0.6955433452428181,0.2459927797317505,0.0006052263666862912,-1.2873546483429368
03,349,1,0.6345454545454545,0.6982115897782806,0.24427536129951477,0.001315255319371612,-1.145122177514676
03,350,1,0.6363636363636364,0.6992646303298355,0.24920575320720673,0.000517051771393777,-1.158275084009498
03,351,1,0.6381818181818182,0.7006196771812836,0.24523884057998657,0.00038143888858157323,-1.3955454631093
03,352,1,0.64,0.7022720763016703,0.24647438526153564,0.000382216504559012,-1.3348558758507578
03,353,1,0.6418181818181818,0.7047891454918103,0.2457239180803299,0.0005594778026429349,-1.315084681985784
03,354,1,0.6436363636363637,0.7063766816306029,0.2480042278766632,0.000450945496516729,-1.2381171198254388
03,355,1,0.6454545454545455,0.7076052612945255,0.24909399449825287,0.00037072554059485103,-1.2103683386665605
03,356,1,0.6472727272727272,0.7088738951346425,0.24824662506580353,0.0006313782181846128,-1.168765280190666
03,357,1,0.649090909090909,0.7100721901786098,0.24674829840660095,0.001083537882460366,-1.0979837682233153
03,358,1,0.6509090909090909,0.7117213973019707,0.2419343739748001,0.0007550919307993275,-1.438134531931231
03,359,1,0.6527272727272727,0.7137694059728773,0.24364601075649261,0.0003691851064168257,-1.4773699604792547
03,360,1,0.6545454545454545,0.7162504268434902,0.24555064737796783,0.0008967225232902177,-1.216099615238816
03,361,1,0.6563636363636364,0.7183761673848184,0.2439488023519516,0.0011783301374064924,-1.2047276820687065
03,362,1,0.6581818181818182,0.7198698634843514,0.24370117485523224,0.0006980803202558714,-1.3698705839920562
03,363,1,0.66,0.7222303089576882,0.24522510170936584,0.0009193608631290607,-1.2248114423946124
03,364,1,0.6618181818181819,0.7241536588064615,0.2434377670288086,0.0007274849656996163,-1.3733866312748844
03,365,1,0.6636363636363637,0.725407654565438,0.24048739671707153,0.00033669135447504867,-1.6422406651683348
03,366,1,0.6654545454545454,0.7272515890078062,0.24062120914459229,0.0002766124285900896,-1.654838519724648
03,367,1,0.6672727272727272,0.7295042571367016,0.24543029069900513,0.0004989721291782779,-1.348728512479104
03,368,1,0.6690909090909091,0.7312816982883782,0.2428126335144043,0.00045792623610148135,-1.4898611605185172
03,369,1,0.6709090909090909,0.7323866218991035,0.24414785206317902,0.0003338850936889674,-1.4640684773651496
03,370,1,0.6727272727272727,0.7335712782694483,0.24469372630119324,0.0007792454867239107,-1.2954529347882506
03,371,1,0.6745454545454546,0.7354178828537119,0.24382036924362183,0.0005869690753677006,-1.3994447308625249
03,372,1,0.6763636363636364,0.7376753380320413,0.2440333068370819,0.00046525139791429263,-1.4278127252524162
03,373,1,0.6781818181818182,0.739947047928241,0.2462744563817978,0.0009397854914898041,-1.1669696923052686
03,374,1,0.68,0.7419950580250165,0.246460422873497,0.0010976890809810246,-1.1075571887447324
03,375,1,0.6818181818181818,0.7433995975119089,0.24482552707195282,0.0005429103201701244,-1.3643123569245534
03,376,1,0.6836363636363636,0.7444062268364127,0.24404512345790863,0.0005925157110641277,-1.3866825368468887
03,377,1,0.6854545454545454,0.7461408800739815,0.24434682726860046,0.0005590148587375734,-1.3825983179010353
03,378,1,0.6872727272727273,0.7476663161097383,0.24361994862556458,0.0005636066752664359,-1.4166934490307257
03,379,1,0.6890909090909091,0.7486024166619009,0.24458664655685425,0.0010453206442843522,-1.2159076832718128
03,380,1,0.6909090909090909,0.7499339819487567,0.24551711976528168,0.001014460144926498,-1.1802232605317446
03,381,1,0.6927272727272727,0.7502221218687656,0.2589869797229767,0.002108259003003642,-0.1727556005583986
03,382,1,0.6945454545454546,0.7515295376354977,0.25621798634529114,0.0018211536849675625,-0.3996970779554355
03,383,1,0.6963636363636364,0.7522755806954737,0.2566608786582947,0.002040916006431347,-0.30800500802115777
03,384,1,0.6981818181818182,0.7527676793389715,0.2596372961997986,0.002467108371326814,-0.026597131915240435
03,385,1,0.7,0.7532486484110424,0.25993797183036804,0.002694563646809549,0.0605891387112551
03,386,1,0.7018181818181818,0.7545342641689038,0.26144444942474365,0.002165579524517418,-0.03427336110714706
03,387,1,0.7036363636363636,0.7551297844220013,0.26073479652404785,0.0023212409047714423,-0.019388271554897904
03,388,1,0.7054545454545454,0.7553345431042227,0.2574968636035919,0.00283003315418197,-0.015661144218405143
03,389,1,0.7072727272727273,0.7554519944094221,0.2602952718734741,0.003354297790295295,0.2882889013022944
03,390,1,0.7090909090909091,0.75552181994394,0.26105886697769165,0.0038353087553723727,0.4789150393935969
03,391,1,0.7109090909090909,0.7560396167513465,0.25873300433158875,0.0035644008917249267,0.27881238054797464
03,392,1,0.7127272727272728,0.7570053202984435,0.2585780620574951,0.0028261554269641987,0.035994554199113155
03,393,1,0.7145454545454546,0.7572596386401746,0.25755375623703003,0.0029895313837882288,0.03794529904837002
03,394,1,0.7163636363636363,0.75825879699644,0.2575192153453827,0.002442284085210954,-0.13812199422634092
03,395,1,0.7181818181818181,0.7586996394762193,0.26001113653182983,0.0026856858685567076,0.061339435097184564
03,396,1,0.72,0.7592250958220815,0.2602911591529846,0.002825235203912717,0.11950459500503
03,397,1,0.7218181818181818,0.7608632856659479,0.25796353816986084,0.001741989240955909,-0.3395315041748743
03,398,1,0.7236363636363636,0.7620583275549088,0.2555209696292877,0.0014478591084382975,-0.5527429754014808
03,399,1,0.7254545454545455,0.7631655853547243,0.25626328587532043,0.0012904839482399,-0.5665762889510269
03,400,1,0.7272727272727273,0.7649102693569285,0.2585202753543854,0.000685731982129091,-0.6488674202508979
03,401,1,0.7290909090909091,0.7665207901788635,0.25684240460395813,0.0004730589774386995,-0.7987146189533991
03,402,1,0.730909090909091,0.7679548150659994,0.2593774199485779,0.00045341021853177895,-0.6809647837015537
03,403,1,0.7327272727272728,0.7696066284596086,0.2590065896511078,0.0002757187026952312,-0.7557259913212596
03,404,1,0.7345454545454545,0.7713883847690488,0.26091042160987854,0.00016519687181597092,-0.6978093594767831
03,405,1,0.7363636363636363,0.7732824595509631,0.2604760527610779,0.0001850738118982588,-0.7127246308917683
03,406,1,0.7381818181818182,0.7751393869671562,0.26090699434280396,0.00033683283257639033,-0.6432860882729184
03,407,1,0.74,0.7765912956313358,0.25895583629608154,0.00015891545309553096,-0.7954275669726253
03,408,1,0.7418181818181818,0.7780342318036351,0.26022014021873474,0.00031063209916577957,-0.6852351438803236
03,409,1,0.7436363636363637,0.7800211768866662,0.2590876817703247,0.00014687264005706707,-0.792815178984531
03,410,1,0.7454545454545455,0.7816016518732387,0.2592915892601013,0.00017527028766634414,-0.7737914298581405
03,411,1,0.7472727272727273,0.7832914317664723,0.260604590177536,9.705013293518966e-05,-0.7344849886761595
03,412,1,0.7490909090909091,0.7850015319529791,0.2586140036582947,7.643846804959947e-05,-0.8384306051946604
03,413,1,0.7509090909090909,0.7867269221894201,0.2601131200790405,4.620498356908934e-05,-0.7747288409384061
03,414,1,0.7527272727272727,0.7878465072644578,0.26292601227760315,0.0005533593542445969,-0.47552235332516585
03,415,1,0.7545454545454545,0.7895987585773099,0.2642737925052643,0.0003895511109883689,-0.46178674885028115
03,416,1,0.7563636363636363,0.7908375313866354,0.2627995014190674,0.0007003807825812102,-0.43486352379554566
03,417,1,0.7581818181818182,0.7919758911469013,0.26354512572288513,0.0010210208807294053,-0.296217867188603
03,418,1,0.76,0.7932108525084833,0.26206931471824646,0.0010983017585176214,-0.34378813637978356
03,419,1,0.7618181818181818,0.794315321017721,0.2622680068016052,0.0013349195602863784,-0.2586712222501542
03,420,1,0.7636363636363637,0.7954923436376109,0.2634787857532501,0.0013370375504992028,-0.1987660501468576
03,421,1,0.7654545454545455,0.7971855164285327,0.26553788781166077,0.0008075678223212357,-0.2667493630812141
03,422,1,0.7672727272727272,0.7983242465763861,0.26401904225349426,0.0009712439948757356,-0.28889542292243825
03,423,1,0.769090909090909,0.7996010409075762,0.2640792429447174,0.0009727981806613317,-0.28545522244159993
03,424,1,0.7709090909090909,0.8008164142742131,0.26213449239730835,0.0010788547864882415,-0.346796378498539
03,425,1,0.7727272727272727,0.8017099388780803,0.26231732964515686,0.0015163478417716415,-0.1984471866811816
03,426,1,0.7745454545454545,0.8024810576625019,0.2646578550338745,0.0018763346697369277,0.030757322304577662
03,427,1,0.7763636363636364,0.8032918566941712,0.26494938135147095,0.002104738409596506,0.1177982396295722
03,428,1,0.7781818181818182,0.8037181418957577,0.2614830732345581,0.0026011571546587665,0.1064106904122912
03,429,1,0.78,0.803569719978942,0.26233020424842834,0.0034750109768606637,0.42630072293778876
03,430,1,0.7818181818181819,0.8038030855964071,0.26626697182655334,0.003706590634610972,0.6926757587883658
03,431,1,0.7836363636363637,0.8043264829235728,0.2663087546825409,0.0035137002909216165,0.6332562090996969
03,432,1,0.7854545454545454,0.8049500878228565,0.26373720169067383,0.0031487519489882976,0.3911690632829682
03,433,1,0.7872727272727272,0.8056373007219378,0.2654534876346588,0.002769525531681626,0.3542897457376549
03,434,1,0.7890909090909091,0.8064701325420074,0.2653540372848511,0.002453588897361041,0.24875310897372976
03,435,1,0.7909090909090909,0.8076306278688993,0.26540300250053406,0.0019598553068692227,0.09382273628719935
03,436,1,0.7927272727272727,0.8082557332705993,0.26431775093078613,0.0021607861415008246,0.10475873822030868
03,437,1,0.7945454545454546,0.808492384240166,0.26617732644081116,0.0027505465338698177,0.3836517681106021
03,438,1,0.7963636363636364,0.8093480014442206,0.2653409242630005,0.0026087002093722767,0.2975370655321344
03,439,1,0.7981818181818182,0.8103011820969428,0.26517319679260254,0.002374986782203369,0.2148603784222302
03,440,1,0.8,0.8115328430798237,0.26456528902053833,0.0018109643563333933,0.005399151478579091
03,441,1,0.8018181818181818,0.8123035877492001,0.2633274793624878,0.001859497139263049,-0.03968872747649724
03,442,1,0.8036363636363636,0.8129128173696194,0.24599696695804596,0.0022030683961022524,-0.7780055370279882
03,443,1,0.8054545454545454,0.8136707089031361,0.24621470272541046,0.0023363808439352696,-0.7248747501231733
03,444,1,0.8072727272727273,0.8147169991167273,0.2416405826807022,0.002132472331892331,-1.0136112606160077
03,445,1,0.8090909090909091,0.8160920814150411,0.24033522605895996,0.0015534290428045206,-1.261977419155322
03,446,1,0.8109090909090909,0.8173109304612269,0.24136437475681305,0.0012817034130789152,-1.2982163294216686
03,447,1,0.8127272727272727,0.8185131096264511,0.2438395768404007,0.0011790525207566616,-1.2098407181833863
03,448,1,0.8145454545454546,0.8197919294174182,0.2517748475074768,0.0011108329106182969,-0.8433918026152909
03,449,1,0.8163636363636364,0.8209188160542283,0.25239548087120056,0.0012526788489808528,-0.7678324514999552
03,450,1,0.8181818181818182,0.8226796711424404,0.24993516504764557,0.0007300385300366376,-1.0547257192211354
03,451,1,0.82,0.8240155130374324,0.24701499938964844,0.0007048506958770173,-1.2056037364541772
03,452,1,0.8218181818181818,0.8254707189889539,0.24658508598804474,0.000625245597100853,-1.2520004993371634
03,453,1,0.8236363636363636,0.8273991011883235,0.24988621473312378,0.00023185545566497677,-1.2158638425900006
03,454,1,0.8254545454545454,0.8288628426665974,0.252902626991272,0.00027289059586503735,-1.0552278589801634
03,455,1,0.8272727272727273,0.8306120614809378,0.2474135458469391,0.00011915957718613166,-1.3727346905584614
03,456,1,0.8290909090909091,0.8322367433959144,0.2468794882297516,9.391985846364688e-05,-1.4069028474389036
03,457,1,0.8309090909090909,0.8337480216728517,0.24616405367851257,0.0002741476832664613,-1.38447261813474
03,458,1,0.8327272727272728,0.8365946349180836,0.24775856733322144,0.0009852354408334384,-1.0798858398119273
03,459,1,0.8345454545454546,0.839437035126742,0.2462274134159088,0.001894687586620215,-0.8649962748253934
03,460,1,0.8363636363636363,0.8417607445789328,0.24618633091449738,0.002012153627360026,-0.829576036781726
03,461,1,0.8381818181818181,0.8449880910103078,0.2461567223072052,0.0028584997629804276,-0.5613405522605701
03,462,1,0.84,0.8479517940866614,0.24538560211658478,0.003012185504970023,-0.5500919178288294
03,463,1,0.8418181818181818,0.8510892144809552,0.2458358258008957,0.0033103161071193336,-0.43306954738701586
03,464,1,0.8436363636363636,0.8543059115510306,0.24857814610004425,0.003613968338641456,-0.2021603042623774
03,465,1,0.8454545454545455,0.8575037394906503,0.2528972625732422,0.0036755045352366415,0.028735428813503217
03,466,1,0.8472727272727273,0.8595200199725409,0.2536916136741638,0.0025628728970416414,-0.286940025522519
03,467,1,0.8490909090909091,0.8620623852573661,0.25565239787101746,0.002213181710396984,-0.30244744295968196
03,468,1,0.850909090909091,0.8656406964941538,0.2541106343269348,0.003048200253081902,-0.11179478287530681
03,469,1,0.8527272727272728,0.8699328277611391,0.2552100419998169,0.0045066352842864765,0.4067102546477242
03,470,1,0.8545454545454545,0.8741071721736591,0.2491728961467743,0.005573707629184228,0.4513953728326596
03,471,1,0.8563636363636363,0.8779983754500711,0.25675293803215027,0.0058181228553167,0.9000863042532867
03,472,1,0.8581818181818182,0.8822123129342078,0.25965043902397156,0.006048062791277132,1.115098806085786
03,473,1,0.86,0.8867483754504124,0.25728321075439453,0.006441221197468273,1.124573931761203
03,474,1,0.8618181818181818,0.8900716454047658,0.25494182109832764,0.005560604229503342,0.7294309844282609
03,475,1,0.8636363636363636,0.8935571502846669,0.2544337213039398,0.00505499080162773,0.5434640111760588
03,476,1,0.8654545454545455,0.8970839844337778,0.2572331428527832,0.00469213124208971,0.5647859903841517
03,477,1,0.8672727272727273,0.8994678121489366,0.25919488072395325,0.0033580410823559736,0.23565147531831637
03,478,1,0.8690909090909091,0.9024274581940405,0.2537800371646881,0.0031378279528288377,-0.09940790434948293
03,479,1,0.8709090909090909,0.9048882831815728,0.25506654381752014,0.002509699743042477,-0.23662295881823403
03,480,1,0.8727272727272727,0.9080070417903598,0.2541492283344269,0.0027956751276030766,-0.19037264973907025
03,481,1,0.8745454545454545,0.9100515704679594,0.2554134428501129,0.0021094394660570847,-0.34719386216958786
03,482,1,0.8763636363636363,0.9126250897351516,0.25672292709350586,0.0020370191534935644,-0.30621136336327603
03,483,1,0.8781818181818182,0.914852952505042,0.2543185353279114,0.0017154740381061916,-0.5262909044929053
03,484,1,0.88,0.9166235267185501,0.2588227093219757,0.000994880920747022,-0.5355638609670287
03,485,1,0.8818181818181818,0.9178508209275469,0.26196885108947754,0.0005021618858503267,-0.5386596856411178
03,486,1,0.8836363636363637,0.9195330889213644,0.2620863616466522,0.00025790457794960017,-0.6107425232197445
03,487,1,0.8854545454545455,0.9210943643563827,0.2588174045085907,0.0003652150849180069,-0.7364631997101723
03,488,1,0.8872727272727273,0.9227501698043776,0.2604980766773224,0.0002697625997582653,-0.6846615858543751
03,489,1,0.889090909090909,0.9242403022107495,0.2625642716884613,0.00031129096484329595,-0.570352265018589
03,490,1,0.8909090909090909,0.9258299890405502,0.262165904045105,0.0003189744558431839,-0.5873917686608241
03,491,1,0.8927272727272727,0.9269314175194087,0.2598411738872528,0.0007917710067812267,-0.5504613794372621
03,492,1,0.8945454545454545,0.9283420149514099,0.2594239413738251,0.0008404368655364913,-0.5553649125474448
03,493,1,0.8963636363636364,0.9298870997821822,0.26144149899482727,0.000693313321522242,-0.5035478678568852
03,494,1,0.8981818181818182,0.9309275395132863,0.26324859261512756,0.0010645729832762952,-0.2968463596957624
03,495,1,0.9,0.9320382057715604,0.2597450613975525,0.0012282943431862637,-0.41606716954984224
03,496,1,0.9018181818181819,0.9327479375511463,0.2637385427951813,0.001795259626638306,-0.040048809288174295
03,497,1,0.9036363636363637,0.9338142779691129,0.2651359736919403,0.0018303998586057958,0.0395095887671615
03,498,1,0.9054545454545454,0.93507175033129,0.25902649760246277,0.0015547220431613596,-0.3472041699335364
03,499,1,0.9072727272727272,0.935970320274326,0.25909188389778137,0.0016922048046262173,-0.3001973413898372
03,500,1,0.9090909090909091,0.93663330541271,0.26037880778312683,0.0020122482919337093,-0.135261872767672
03,501,1,0.9109090909090909,0.9373548336294099,0.2613730728626251,0.002262062040624723,-0.0070213768888378325
03,502,1,0.9127272727272727,0.9378174710907111,0.2669902443885803,0.002684563494397706,0.40239386698932633
03,503,1,0.9145454545454546,0.9383209885311009,0.2633316218852997,0.002867476243863203,0.2817013613811053
03,504,1,0.9163636363636364,0.9386795504839609,0.26199907064437866,0.00309658135519693,0.2895172626295074
03,505,1,0.9181818181818182,0.9390548145976778,0.25840479135513306,0.0032328785092927566,0.15711854925456278
03,506,1,0.92,0.9392391110204136,0.257152795791626,0.003473577328623982,0.17256944268368107
03,507,1,0.9218181818181819,0.9398141877364664,0.26374390721321106,0.0032539105949967607,0.42500536211622875
03,508,1,0.9236363636363636,0.9398270374300525,0.2654995322227478,0.003614360702752077,0.6257446595704688
03,509,1,0.9254545454545454,0.9401322649141459,0.26044660806655884,0.0035960049551815184,0.37271090501513177
03,510,1,0.9272727272727272,0.9403242734983971,0.2586410641670227,0.003673358950047377,0.3090336790623437
03,511,1,0.9290909090909091,0.9407224102253183,0.26122352480888367,0.003546512842622017,0.3949466056814704
03,512,1,0.9309090909090909,0.9410723438928805,0.2603330612182617,0.0034236347972727995,0.3122314105283723
03,513,1,0.9327272727272727,0.9411569413725444,0.2640668451786041,0.003650363933315985,0.5671310647842859
03,514,1,0.9345454545454546,0.9413646318116203,0.26145270466804504,0.0036988426088396128,0.4546970001594808
03,515,1,0.9363636363636364,0.94173598628451,0.25881531834602356,0.003587577714255706,0.2902242899149216
03,516,1,0.9381818181818182,0.942150966402112,0.25861671566963196,0.0034259916114516443,0.2290202206262301
03,517,1,0.94,0.9424865498302094,0.2559569478034973,0.00336006381066216,0.07789905959764654
03,518,1,0.9418181818181818,0.9428527431908809,0.26020124554634094,0.003326272564406972,0.2747591162840347
03,519,1,0.9436363636363636,0.9434982723924354,0.26450037956237793,0.0030527712076675196,0.39791930371650164
03,520,1,0.9454545454545454,0.9436492458702845,0.26359251141548157,0.003342369256799775,0.44578611224616405
03,521,1,0.9472727272727273,0.944007417337848,0.2642263174057007,0.0033587676562794474,0.4820166337862345
03,522,1,0.9490909090909091,0.9444265824035907,0.2643081843852997,0.0033198194674464044,0.47361085413968257
03,523,1,0.9509090909090909,0.9447114941918473,0.26230165362358093,0.0034283674823672324,0.4100413369974987
03,524,1,0.9527272727272728,0.9452150514037527,0.2592805325984955,0.0032281157203147715,0.19844143374796214
03,525,1,0.9545454545454546,0.9454666735124253,0.26487475633621216,0.0033679449950092407,0.5166620319641799
03,526,1,0.9563636363636364,0.945755770312433,0.2658262848854065,0.00344366223864591,0.587336922616157
03,527,1,0.9581818181818181,0.9460273271165882,0.2662529945373535,0.0035044024117012336,0.6275657476652245
03,528,1,0.96,0.9461915048407522,0.2637217938899994,0.0036691829187224675,0.5562480211879172
03,529,1,0.9618181818181818,0.9463398790962765,0.2632902264595032,0.0037649220224480625,0.5656428872881221
03,530,1,0.9636363636363636,0.9465749413184649,0.2657839357852936,0.00374816119622247,0.6822922920655995
03,531,1,0.9654545454545455,0.9468047971808292,0.2663086950778961,0.0037230980853660985,0.6999768406942759
03,532,1,0.9672727272727273,0.9468636099501718,0.263154536485672,0.0038586528320837406,0.5888718963018251
03,533,1,0.9690909090909091,0.9468639843824558,0.2608237564563751,0.00402630467715469,0.5282735147785806
03,534,1,0.9709090909090909,0.9468811548328847,0.26140621304512024,0.004140160548270587,0.5930463969912865
03,535,1,0.9727272727272728,0.9467059880011822,0.2580641508102417,0.004391880758578036,0.5097649019035498
03,536,1,0.9745454545454545,0.946908002099769,0.2616574168205261,0.004165164365079509,0.6133024135169953
03,537,1,0.9763636363636363,0.9469547001485304,0.2606430649757385,0.004129564353717351,0.5523374132491341
03,538,1,0.9781818181818182,0.9469366372413118,0.26444417238235474,0.004170306202454637,0.7512665659334153
03,539,1,0.98,0.946947429505546,0.2627340257167816,0.004173384540327245,0.6685885300360371
03,540,1,0.9818181818181818,0.9470140377683122,0.26080143451690674,0.004167136653652025,0.5720569408617071
03,541,1,0.9836363636363636,0.9468991747438449,0.2619473338127136,0.0043085085952550995,0.6731608217393307
03,542,1,0.9854545454545455,0.9466480283144951,0.2647246718406677,0.0045457736734334665,0.8846291722091796
05,8,0,0.013289036544850499,0.9734538122217824,0.2706037759780884,nan,nan
05,9,0,0.014950166112956811,0.986197513358051,0.3145620822906494,nan,nan
05,10,0,0.016611295681063124,0.9996143373652031,0.3059999644756317,nan,nan
05,11,0,0.018272425249169437,0.011704702666284263,0.3258807063102722,nan,nan
05,12,0,0.019933554817275746,0.021962290663840617,0.30881088972091675,0.024975217087835552,9.55102851943488
05,13,0,0.02159468438538206,0.02941042987698804,0.3067091703414917,0.02029623669046844,7.957280757271082
05,14,0,0.023255813953488372,0.034294305213573927,0.3162040710449219,0.014376882897320043,6.535591165074753
05,15,0,0.024916943521594685,0.037569765465899026,0.3206053078174591,0.00898235118755243,5.031955729622748
05,16,0,0.026578073089700997,0.03947962430904113,0.3231755495071411,0.0044259443307908385,3.7058138013551174
05,17,0,0.02823920265780731,0.04072311366488233,0.3030407130718231,0.0016383708018246229,1.8325883863878205
05,18,0,0.029900332225913623,0.041322771179862265,0.31148383021354675,0.0010570604012660112,2.0603869396873424
05,19,0,0.03156146179401993,0.04211106881262245,0.32667407393455505,0.0019072320154735912,3.0743837343074722
05,20,0,0.03322259136212625,0.0430316479131404,0.3174407482147217,0.002121978751636543,2.691125187343275
05,21,0,0.03488372093023256,0.04477669588543062,0.31534507870674133,0.001288564231881252,2.323043483656993
05,22,0,0.036544850498338874,0.04733761118404874,0.31703439354896545,0.0006707487995565943,2.208819580461002
05,23,0,0.03820598006644518,0.05044483146263158,0.3140493929386139,0.00188609334064614,2.4500592548729365
05,24,0,0.03986710963455149,0.05370461484510287,0.3235735595226288,0.003062436060615166,3.290809106308348
05,25,0,0.04152823920265781,0.057446854409414605,0.308656245470047,0.004136433891936282,2.9032906561849323
05,26,0,0.04318936877076412,0.06181703510883205,0.30302056670188904,0.005339074960357721,3.0108134932130968
05,27,0,0.044850498338870434,0.06726025313331771,0.3177019953727722,0.00716243700364756,4.310021689427013
05,28,0,0.046511627906976744,0.0732520105262847,0.2831873595714569,0.008950338978942997,3.191300728443738
05,29,0,0.04817275747508306,0.07883312709353855,0.2639026343822479,0.009644606625901454,2.469133107266566
05,30,0,0.04983388704318937,0.08449915179902408,0.264940083026886,0.009964063160355958,2.621677427944616
05,31,0,0.05149501661129568,0.08986454037252391,0.26535722613334656,0.009658922561307777,2.5448522094072823
05,32,0,0.053156146179401995,0.09507948492985714,0.2674684524536133,0.009222795308839472,2.509161878869016
05,33,0,0.054817275747508304,0.09905780633128701,0.2654140293598175,0.007744248109376224,1.937529651712936
05,34,0,0.05647840531561462,0.10244387557076767,0.26557841897010803,0.006074147539419773,1.4134023588486766
05,35,0,0.05813953488372093,0.10512054381583477,0.2649461328983307,0.004264634841550969,0.805879394497582
05,36,0,0.059800664451827246,0.10787779081399042,0.26507237553596497,0.0032078809788788753,0.4753258079300492
05,37,0,0.061461794019933555,0.108715418026185,0.2704680860042572,0.0012760145485778461,0.12369995320719368
05,38,0,0.06312292358803986,0.10863655645607417,0.2662709951400757,0.0016473327737951558,0.036700480781992506
05,39,0,0.06478405315614617,0.1087915512289321,0.268220454454422,0.0030405082222638587,0.575994691991229
05,40,0,0.0664451827242525,0.10917112840564182,0.2653704881668091,0.0035786828988284987,0.6080633815301654
05,41,0,0.0681063122923588,0.1094291647090072,0.26221346855163574,0.0036439809933759434,0.4744315516740717
05,42,0,0.06976744186046512,0.10974811396917741,0.26343420147895813,0.0035034684039112903,0.48937515153540134
05,43,0,0.07142857142857142,0.11008827413928735,0.2625106871128082,0.003441197612077161,0.4243553349052688
05,44,0,0.07308970099667775,0.11036700272436191,0.26521310210227966,0.003486649754591385,0.571038292363571
05,45,1,0.07475083056478406,0.11046375413084318,0.2670137882232666,0.0036888669277901505,0.723561817635159
05,46,1,0.07641196013289037,0.11096286991291199,0.2669236361980438,0.003448398501180326,0.6425276094986704
05,47,1,0.07807308970099668,0.11128136947666548,0.2661530673503876,0.0034335879233605023,0.6001127156431909
05,48,1,0.07973421926910298,0.11142362583681456,0.26886942982673645,0.0035896053975559435,0.7827090557484999
05,49,1,0.08139534883720931,0.11186978407420536,0.2682623267173767,0.003407602938278313,0.6950159211154066
05,50,1,0.08305647840531562,0.11240838839470356,0.26420149207115173,0.0032205061036206396,0.43674585536519084
05,51,1,0.08471760797342193,0.11322109581263672,0.2657181918621063,0.002769178306135366,0.3671282116513096
05,52,1,0.08637873754152824,0.11371203517516447,0.26447051763534546,0.0027631705276004326,0.30417869244183904
05,53,1,0.08803986710963455,0.11431756034277235,0.26805025339126587,0.002729747694580025,0.46864633017841295
05,54,1,0.08970099667774087,0.11508242812661817,0.2702139914035797,0.0025768239778759684,0.5257662006632322
05,55,1,0.09136212624584718,0.11575183033035748,0.26731953024864197,0.002575931707115302,0.3838872843560479
05,56,1,0.09302325581395349,0.11634031342964912,0.2677479386329651,0.0026201322372538683,0.41892893645477125
05,57,1,0.0946843853820598,0.11686422625045167,0.2629956603050232,0.002753288980072476,0.22888121051013766
05,58,1,0.09634551495016612,0.11725863784998819,0.26535728573799133,0.0029955438574558336,0.42160322567412534
05,59,1,0.09800664451827243,0.11796838691955208,0.26710841059684753,0.002829847218734376,0.4544683817013283
05,60,1,0.09966777408637874,0.11858792647590517,0.2671284079551697,0.0027644468096799536,0.43460712626317904
05,61,1,0.10132890365448505,0.11950741165424256,0.2647303342819214,0.0024068648929065784,0.20335371650940437
05,62,1,0.10299003322259136,0.12013863017325455,0.2648499011993408,0.002436442724842324,0.21862765572462062
05,63,1,0.10465116279069768,0.12087534098088391,0.2667659521102905,0.002419729998029573,0.3070338246329193
05,64,1,0.10631229235880399,0.12151570504383409,0.2653297781944275,0.0025061044504123154,0.2643001899184194
05,65,1,0.1079734219269103,0.12212262731925624,0.2630850672721863,0.0026311268169724056,0.1943285689558369
05,66,1,0.10963455149501661,0.12296407024425905,0.2637574076652527,0.002443487808223054,0.1674286735206354
05,67,1,0.11129568106312292,0.1237452262398886,0.26646116375923157,0.0023686918303446203,0.275860781712582
05,68,1,0.11295681063122924,0.12416128687457544,0.2636696994304657,0.0026701025104089327,0.2353476885586536
05,69,1,0.11461794019933555,0.12465477750642903,0.26503533124923706,0.0028380073362406655,0.3556552684273012
05,70,1,0.11627906976744186,0.1253674418109143,0.26927098631858826,0.0027583805785485905,0.5374872790765641
05,71,1,0.11794019933554817,0.12607887606298243,0.26867347955703735,0.0026477892181442798,0.4730183749183262
05,72,1,0.11960132890365449,0.12677704982121424,0.2695073187351227,0.0025330279156859526,0.47724097611498684
05,73,1,0.1212624584717608,0.12755066853563027,0.27079859375953674,0.00241334993792962,0.5022742794500519
05,74,1,0.12292358803986711,0.1281568666040757,0.27447235584259033,0.0025311246267844967,0.7195199309261644
05,75,1,0.12458471760797342,0.1286992512251977,0.27036553621292114,0.0026860962039528414,0.5679986867305225
05,76,1,0.12624584717607973,0.129020228925117,0.273445725440979,0.003020212294587309,0.8251433474497056
05,77,1,0.12790697674418605,0.12970717670587584,0.27182602882385254,0.0028940592898042006,0.7057111383676258
05,78,1,0.12956810631229235,0.12997358734181455,0.27090996503829956,0.003166775696426887,0.7477977732208014
05,79,1,0.13122923588039867,0.13071979849677448,0.2709183394908905,0.0028747447259016724,0.6551532536374595
05,80,1,0.132890365448505,0.1318799389347443,0.27325230836868286,0.0022197411058260275,0.5606154544010135
05,81,1,0.1345514950166113,0.13296217108725317,0.2752065360546112,0.0018524364557240148,0.5391748569925249
05,82,1,0.1362126245847176,0.13380511044179555,0.27132654190063477,0.0018232456965259648,0.3400673273738205
05,83,1,0.1378737541528239,0.13399774113648885,0.27474308013916016,0.0025884957768278916,0.7510445618040272
05,84,1,0.13953488372093023,0.13542145854618487,0.2745572328567505,0.0019842640270604384,0.5494176805285891
05,85,1,0.14119601328903655,0.13610422754152,0.2734917998313904,0.0021868749345855133,0.5618585356641775
05,86,1,0.14285714285714285,0.1376858104688608,0.2696852385997772,0.001390806120811371,0.12198147188363728
05,87,1,0.14451827242524917,0.13939128461952285,0.2692190110683441,0.0006593476176117121,-0.1339015357899519
05,88,1,0.1461794019933555,0.1408048117791895,0.2742350399494171,0.0005903656880074814,0.08949762421960394
05,89,1,0.1478405315614618,0.14242951834217252,0.2731531262397766,0.00031149743327561926,-0.05228864003037398
05,90,1,0.14950166112956811,0.1446465636901278,0.27415019273757935,0.00032422521451651147,0.0005426552719755007
05,91,1,0.1511627906976744,0.14713347925044334,0.2728956937789917,0.0010709524695153138,0.17711448465840451
05,92,1,0.15282392026578073,0.1502429511718334,0.2710246443748474,0.0022448757331752067,0.45964903224853215
05,93,1,0.15448504983388706,0.1527464538314624,0.2743586599826813,0.002388843544643261,0.6686208786246293
05,94,1,0.15614617940199335,0.15556274514010163,0.2750460207462311,0.002625900980960034,0.7777831398092442
05,95,1,0.15780730897009967,0.1582769609293355,0.2769639194011688,0.0026110714077004337,0.8668797561439657
05,96,1,0.15946843853820597,0.161149341141304,0.27285802364349365,0.0026975811999459098,0.6935887057176771
05,97,1,0.1611295681063123,0.1631973260577592,0.27111369371414185,0.002018968624033458,0.3920210938543081
05,98,1,0.16279069767441862,0.1664610972201564,0.2718939483165741,0.002670021729856432,0.6376452680868296
05,99,1,0.1644518272425249,0.16980521200305157,0.27302950620651245,0.003289548492737922,0.8906048698917375
05,100,1,0.16611295681063123,0.17246651871741264,0.2739199995994568,0.0030687924386699605,0.8638242563579388
05,101,1,0.16777408637873753,0.17687660097418884,0.275117427110672,0.0046495803014189995,1.4261114522343457
05,102,1,0.16943521594684385,0.18017687181446845,0.27207642793655396,0.004530032412591213,1.2392550074454083
05,103,1,0.17109634551495018,0.18319739961097828,0.2754984498023987,0.004121616560523051,1.2765177870635336
05,104,1,0.17275747508305647,0.1867396854117689,0.27403852343559265,0.004315855459332009,1.2669926624140537
05,105,1,0.1744186046511628,0.190378298604149,0.27274829149246216,0.0043861769781230586,1.2262831998874866
05,106,1,0.1760797342192691,0.1939142614964124,0.26496851444244385,0.0045467154628963235,0.8968578430967381
05,107,1,0.1777408637873754,0.19707129842115106,0.25992071628570557,0.004269404967149016,0.561560228217133
05,108,1,0.17940199335548174,0.19965773561204792,0.25995028018951416,0.0033873674555026777,0.28194968050843755
05,109,1,0.18106312292358803,0.2033876016898467,0.25233808159828186,0.0038877209832317698,0.06900246417821787
05,110,1,0.18272425249169436,0.20704861516203765,0.25663888454437256,0.004296408683998233,0.4096203847662721
05,111,1,0.18438538205980065,0.21051444510156417,0.2581988275051117,0.004478650207118446,0.5440018178643131
05,112,1,0.18604651162790697,0.21369022510948477,0.25930920243263245,0.004293643544935789,0.5393689863624802
05,113,1,0.1877076411960133,0.21745952540746172,0.26040321588516235,0.004554821468553528,0.6761102253547833
05,114,1,0.1893687707641196,0.22015703765786948,0.2617378234863281,0.0037343527895575116,0.47995991166672325
05,115,1,0.19102990033222592,0.22386123634461264,0.26633065938949585,0.00416144585234275,0.8407286136927803
05,116,1,0.19269102990033224,0.22664042609551263,0.26178228855133057,0.0036039377924805952,0.44057902638129676
05,117,1,0.19435215946843853,0.22917437848267175,0.26270392537117004,0.0029003399331327517,0.261466825515613
05,118,1,0.19601328903654486,0.2321462444378523,0.26404574513435364,0.002943492619510808,0.3408579018599642
05,119,1,0.19767441860465115,0.23451139335223034,0.25928422808647156,0.0023113398388931294,-0.09350378076030856
05,120,1,0.19933554817275748,0.23708608517884677,0.25762873888015747,0.002223492413605128,-0.2024810540855077
05,121,1,0.2009966777408638,0.239540719206458,0.2565401792526245,0.0020667116703828436,-0.3056898633963246
05,122,1,0.2026578073089701,0.24183531037296507,0.25682106614112854,0.0017697176559433713,-0.38658475325424435
05,123,1,0.20431893687707642,0.2441319850170088,0.25791609287261963,0.0016441258162088867,-0.373036173097364
05,124,1,0.2059800664451827,0.24658542621132126,0.25708863139152527,0.0016924190943267258,-0.3981264822863054
05,125,1,0.20764119601328904,0.2481614797067069,0.2551707625389099,0.0009545070185358926,-0.7270789574389014
05,126,1,0.20930232558139536,0.24989550997396956,0.25494423508644104,0.0005152284617399545,-0.8781343782417611
05,127,1,0.21096345514950166,0.2514333380506825,0.2635972797870636,0.00025983512804094485,-0.536214521961142
05,128,1,0.21262458471760798,0.2527059978489946,0.26503151655197144,0.0005574228098503153,-0.3712280602720507
05,129,1,0.21428571428571427,0.25410194371146316,0.26199066638946533,0.0006916198568000953,-0.4772226759973478
05,130,1,0.2159468438538206,0.2555488454334008,0.2657836079597473,0.0007298341360515314,-0.2794983863643583
05,131,1,0.21760797342192692,0.25638347569213393,0.2667068541049957,0.0013085377421761957,-0.049932988351081675
05,132,1,0.21926910299003322,0.25751505674695374,0.2669760286808014,0.0014144910977192272,-0.003003694606054541
05,133,1,0.22093023255813954,0.25854182294750816,0.26729097962379456,0.0015899896216546461,0.06832515634655904
05,134,1,0.22259136212624583,0.2587737614923043,0.2707635462284088,0.0024680208858697417,0.517980404646111
05,135,1,0.22425249169435216,0.26030885528315767,0.269885778427124,0.0017391561097422504,0.24279167203541357
05,136,1,0.22591362126245848,0.2616413312977786,0.2656283676624298,0.0013880249928772282,-0.077363425475191
05,137,1,0.22757475083056478,0.2635068152382049,0.2694976329803467,0.0006379552257353385,-0.12708816422300379
05,138,1,0.2292358803986711,0.2648490092214543,0.2699713110923767,0.00045316377958192096,-0.1627990895015936
05,139,1,0.23089700996677742,0.26623913513865366,0.27687233686447144,0.0005818497946700906,0.21579841890960094
05,140,1,0.23255813953488372,0.26645974209019596,0.2726675271987915,0.0018438128070018146,0.4122208029408028
05,141,1,0.23421926910299004,0.26752855802704273,0.271846204996109,0.0019795995682593426,0.4153101776581529
05,142,1,0.23588039867109634,0.26790218872008037,0.2720755338668823,0.0026114045724311852,0.6278502195307337
05,143,1,0.23754152823920266,0.26849967186069623,0.27007681131362915,0.0027772163064718348,0.5829094676384361
05,144,1,0.23920265780730898,0.2691909276289395,0.2702517509460449,0.0026510947187392154,0.5512793613170962
05,145,1,0.24086378737541528,0.27081041176726106,0.2720266878604889,0.0017144069651035144,0.3396369663661427
05,146,1,0.2425249169435216,0.2713614999568983,0.27416205406188965,0.001983782210520856,0.5299323387440297
05,147,1,0.2441860465116279,0.27291750945802373,0.2749917805194855,0.0012926005185999057,0.35028030937749144
05,148,1,0.24584717607973422,0.27451996114589994,0.26927632093429565,0.0007946082300555756,-0.08799787589876568
05,149,1,0.24750830564784054,0.275620219524232,0.26495125889778137,0.0010266082309636371,-0.22565063721796746
05,150,1,0.24916943521594684,0.2769345707213278,0.27000293135643005,0.0009147089731105384,-0.014183212887261432
05,151,1,0.25083056478405313,0.2781614663837703,0.2667100429534912,0.0010810810017754403,-0.12225493170514731
05,152,1,0.25249169435215946,0.2789986711018564,0.2704438865184784,0.0015548655151260016,0.21137058395138558
05,153,1,0.2541528239202658,0.27960167204220754,0.2696451246738434,0.0020715420637639637,0.3369321953626257
05,154,1,0.2558139534883721,0.28005240779705093,0.26828181743621826,0.0026161694384144608,0.4437831114859237
05,155,1,0.2574750830564784,0.2813078866994269,0.2665634751319885,0.0021401498049692536,0.20804200808911474
05,156,1,0.2591362126245847,0.28286824003581873,0.26756539940834045,0.0013664015474915848,0.010504332566549174
05,157,1,0.260797342192691,0.284242545537793,0.2671087682247162,0.000959488279007924,-0.14149453339883072
05,158,1,0.26245847176079734,0.28620763718833125,0.27218925952911377,0.00028826439300016625,-0.10684327736639704
05,159,1,0.26411960132890366,0.2882046613131105,0.2750687301158905,0.0003036017745931941,0.038905174445866164
05,160,1,0.26578073089701,0.2899738425724944,0.27272486686706543,0.00034858938055616466,-0.061419566111518276
05,161,1,0.26744186046511625,0.2916715676739989,0.26688867807388306,0.00026994773177444343,-0.3719797634707702
05,162,1,0.2691029900332226,0.2939538643213182,0.2687249779701233,0.000694954961159523,-0.1467231185204056
05,163,1,0.2707641196013289,0.29625559560551856,0.27187421917915344,0.0010601294621131862,0.12369611213164855
05,164,1,0.2724252491694352,0.2977609385732262,0.27092328667640686,0.0006489638074999902,-0.053838558829619965
05,165,1,0.27408637873754155,0.299893492439835,0.2710530459880829,0.0007385187231446888,-0.01895462211270188
05,166,1,0.2757475083056478,0.3020155360417795,0.27128228545188904,0.0008050811336301323,0.013469354352712293
05,167,1,0.27740863787375414,0.3037319849776598,0.2725963294506073,0.0005061121393950941,-0.01751367827079886
05,168,1,0.27906976744186046,0.3050285024179863,0.2691202163696289,0.0003254796323245594,-0.24511983288737504
05,169,1,0.2807308970099668,0.30701410285083824,0.27215486764907837,0.00020638154040453227,-0.13461725569160182
05,170,1,0.2823920265780731,0.308861377913597,0.27249589562416077,0.00016936416835620753,-0.12972985299824563
05,171,1,0.2840531561461794,0.31007743824982076,0.2749903202056885,0.00032603596337448134,0.04221796847544601
05,172,1,0.2857142857142857,0.3116201344291172,0.27486464381217957,0.0003697031021182728,0.049984298044528974
05,173,1,0.287375415282392,0.31275702713672243,0.28503844141960144,0.0008807183972957422,0.710510334718943
05,174,1,0.28903654485049834,0.31439175919976675,0.28445345163345337,0.0006817174057224695,0.6184824689250996
05,175,1,0.29069767441860467,0.3159170654933811,0.279494047164917,0.0005390064336505284,0.33039845571738385
05,176,1,0.292358803986711,0.3166821615588372,0.27816182374954224,0.0012338171790845388,0.48662513720935907
05,177,1,0.29401993355481726,0.3171926675607397,0.27243879437446594,0.0019888179596120204,0.44723654405419955
05,178,1,0.2956810631229236,0.3182498743735322,0.27344539761543274,0.002040521252823878,0.5129537184177784
05,179,1,0.2973421926910299,0.31887265330766146,0.2731741964817047,0.0023822711121359464,0.6085836506832214
05,180,1,0.29900332225913623,0.3196620028960428,0.2721993923187256,0.0023318184773247364,0.5448205763676115
05,181,1,0.30066445182724255,0.32016903624528614,0.26975494623184204,0.0025697454623827432,0.5010545648469777
05,182,1,0.3023255813953488,0.32112118657337135,0.2729528546333313,0.0023616873054341948,0.5911968682950697
05,183,1,0.30398671096345514,0.32211871806692044,0.2745036482810974,0.0020819838618448983,0.5779342990546716
05,184,1,0.30564784053156147,0.32283794353469003,0.27003392577171326,0.0021742745838900113,0.38868721477925344
05,185,1,0.3073089700996678,0.32327085802293415,0.2726678252220154,0.0025353452553077294,0.6325886966803902
05,186,1,0.3089700996677741,0.32435716813724325,0.275046706199646,0.002224490585410648,0.649909280673548
05,187,1,0.3106312292358804,0.32444372088577084,0.2778435945510864,0.0029469332278509886,1.0169333917709247
05,188,1,0.3122923588039867,0.324872230268569,0.2805465757846832,0.0030996745497654677,1.1978312034222691
05,189,1,0.313953488372093,0.32534712308688923,0.28056079149246216,0.0031333534149149567,1.2092582237841227
05,190,1,0.31561461794019935,0.3253173702252876,0.2789592444896698,0.003682172542505331,1.3057903323667306
05,191,1,0.31727574750830567,0.3249628445174511,0.2778853476047516,0.00427674877235293,1.4427149087884765
05,192,1,0.31893687707641194,0.32591730750769654,0.2761506736278534,0.00345206669002761,1.095075349039091
05,193,1,0.32059800664451826,0.3267185819935535,0.27647319436073303,0.002912061513952501,0.9387828750011162
05,194,1,0.3222591362126246,0.3272569331990008,0.2785475552082062,0.0027165750351712693,0.9779680812365472
05,195,1,0.3239202657807309,0.328305263412349,0.28029316663742065,0.0021531355652513896,0.8838247848148563
05,196,1,0.32558139534883723,0.33003306387408854,0.2737157642841339,0.0012759436234710776,0.28255103590338226
05,197,1,0.3272425249169435,0.3313217148598733,0.2742011249065399,0.0010012279330495356,0.2187577038654478
05,198,1,0.3289036544850498,0.3322251226870346,0.27335572242736816,0.0012486033224681937,0.2562262433596993
05,199,1,0.33056478405315615,0.3327333636337862,0.2748895287513733,0.001982409747725027,0.5650824587366468
05,200,1,0.33222591362126247,0.3342148884657111,0.27524030208587646,0.001607909971159437,0.4629095360481764
05,201,1,0.3338870431893688,0.33528535155383,0.2726918160915375,0.0015829030309462023,0.33027141545721994
05,202,1,0.33554817275747506,0.3361320899500288,0.27222388982772827,0.0017270738082365723,0.35332014575471227
05,203,1,0.3372093023255814,0.33798376198925506,0.2723556160926819,0.000929083169737023,0.10548840535113063
05,204,1,0.3388704318936877,0.3400030358963653,0.2705249488353729,0.0005438898893342488,-0.10680618231446942
05,205,1,0.34053156146179403,0.3422609421582291,0.2722696363925934,0.0006654001376844421,0.017261087310158352
05,206,1,0.34219269102990035,0.3442125610475824,0.2725052535533905,0.0008731213759379919,0.09497660137452318
05,207,1,0.3438538205980066,0.3466550874499353,0.27297309041023254,0.001295530003902463,0.25246115729779134
05,208,1,0.34551495016611294,0.3486855295149129,0.27383968234062195,0.0011581407037099655,0.25107569856211936
05,209,1,0.34717607973421927,0.3513878185786144,0.2729741632938385,0.0016898063627746162,0.37814780811702586
05,210,1,0.3488372093023256,0.3534576117457054,0.2772633731365204,0.0014778804247692744,0.5204432088946497
05,211,1,0.3504983388704319,0.35529959990817456,0.2755737602710724,0.001008605912707695,0.2882568242056991
05,212,1,0.3521594684385382,0.35650038920397664,0.2761857807636261,0.00047317302081818986,0.1475833694849788
05,213,1,0.3538205980066445,0.35894858735988616,0.27738505601882935,0.0005427503275935286,0.22842136025973991
05,214,1,0.3554817275747508,0.36091412894215963,0.27985140681266785,0.0006180997145490541,0.37308286197153784
05,215,1,0.35714285714285715,0.3628174184630219,0.2731645703315735,0.0006572599362977949,0.058446666917219725
05,216,1,0.3588039867109635,0.3643326891672566,0.27537718415260315,0.0003843370843382197,0.07972038363242906
05,217,1,0.36046511627906974,0.3662210448372046,0.2694311738014221,0.00022335668094865095,-0.26244901915550123
05,218,1,0.36212624584717606,0.3679065215187697,0.27339258790016174,9.901486306757837e-05,-0.1082808731349647
05,219,1,0.3637873754152824,0.36951984742875793,0.2717648446559906,9.094306782587763e-05,-0.19048073663397863
05,220,1,0.3654485049833887,0.3705813110372574,0.2697236239910126,0.0006581968739146504,-0.10958297581768678
05,221,1,0.36710963455149503,0.37176861317949045,0.2752167582511902,0.0010330501991818054,0.278581634628155
05,222,1,0.3687707641196013,0.3737078048385512,0.2751252055168152,0.0006014500205879194,0.13657573956025848
05,223,1,0.3704318936877076,0.3751142477035999,0.2651318907737732,0.0005246285905892311,-0.37676754997968764
05,224,1,0.37209302325581395,0.37625960666793967,0.2670881748199463,0.0007778696949599806,-0.2003737879991307
05,225,1,0.37375415282392027,0.3766155188479702,0.26969489455223083,0.0018415314226000335,0.266075169155724
05,226,1,0.3754152823920266,0.37793081655190985,0.26884156465530396,0.0017379601357802744,0.19132852387341176
05,227,1,0.3770764119601329,0.37857922815260275,0.2679814398288727,0.0021453014634270785,0.2790491951582054
05,228,1,0.3787375415282392,0.379175849390926,0.26652273535728455,0.0024149253373545055,0.2936048853782527
05,229,1,0.3803986710963455,0.3800856282034533,0.2676525413990021,0.0022342072055737284,0.29128912610390795
05,230,1,0.38205980066445183,0.3804909624792366,0.2655676007270813,0.002696400268661263,0.33657106702259165
05,231,1,0.38372093023255816,0.3814253683398081,0.2658907473087311,0.0024020308899214294,0.25857981259693924
05,232,1,0.3853820598006645,0.3826729329292793,0.26440730690956116,0.0018660013472515825,0.015208058443848746
05,233,1,0.38704318936877075,0.38348739601331205,0.2610169053077698,0.001925809147807116,-0.13159007577537057
05,234,1,0.38870431893687707,0.3847319141829006,0.2630075514316559,0.0015317329306832484,-0.15977973824760064
05,235,1,0.3903654485049834,0.38576012444764984,0.2580212652683258,0.0015637605918500542,-0.3934992001938138
05,236,1,0.3920265780730897,0.387681502050012,0.2597421705722809,0.0008378643829944312,-0.5406171170700189
05,237,1,0.39368770764119604,0.38896579639628837,0.26235100626945496,0.0006939199503551307,-0.4588622397795874
05,238,1,0.3953488372093023,0.3903588699712676,0.26563382148742676,0.0006704464711199553,-0.3057493931323321
05,239,1,0.39700996677740863,0.392195634434246,0.26452136039733887,0.0003099067520875811,-0.475054208219439
05,240,1,0.39867109634551495,0.39348014339600923,0.2633458077907562,0.0005647894901191374,-0.45134415589663407
05,241,1,0.4003322259136213,0.3952287587677862,0.2615230679512024,0.00029124570609497934,-0.6276743940261589
05,242,1,0.4019933554817276,0.3960462483772773,0.2603886127471924,0.001014085438224831,-0.4528417636645447
05,243,1,0.40365448504983387,0.39787313574102073,0.2663765549659729,0.0006735899232206091,-0.2684138526208192
05,244,1,0.4053156146179402,0.40031320062884956,0.26180580258369446,0.0004161152585245737,-0.5740542033435245
05,245,1,0.4069767441860465,0.40266762881046375,0.26273006200790405,0.0010578107585554174,-0.3243671883969716
05,246,1,0.40863787375415284,0.4045907378635397,0.2635447680950165,0.001121202300962033,-0.26431305951963174
05,247,1,0.41029900332225916,0.40634200656544495,0.2620159089565277,0.0007363486313016599,-0.46173523328885335
05,248,1,0.4119601328903654,0.4082308926888772,0.2597106993198395,0.0005080170486278635,-0.6472608478841966
05,249,1,0.41362126245847175,0.41080071045388494,0.261212021112442,0.0010984117986286967,-0.3856911528792154
05,250,1,0.4152823920265781,0.41257680912059713,0.25937390327453613,0.0008412400544855326,-0.5575568020730334
05,251,1,0.4169435215946844,0.4141809103528057,0.2638862133026123,0.0005033622107700357,-0.44448146566208385
05,252,1,0.4186046511627907,0.4151758118163393,0.2637392580509186,0.0005928748360680057,-0.4231476476314886
05,253,1,0.420265780730897,0.4168334676564569,0.26626989245414734,0.0005945749526247312,-0.2988094132215892
05,254,1,0.4219269102990033,0.4178999122234736,0.2653138339519501,0.0010363196862510238,-0.2048192652584216
05,255,1,0.42358803986710963,0.4184849713624396,0.26284000277519226,0.001782036323004126,-0.08821816808783754
05,256,1,0.42524916943521596,0.41958910637941566,0.26608601212501526,0.0017539165584365569,0.06161365122310561
05,257,1,0.4269102990033223,0.42096657320197467,0.2666645348072052,0.001479773376646636,0.002560155562365357
05,258,1,0.42857142857142855,0.4227967835407939,0.2668800354003906,0.0007490481589814926,-0.21973962944492653
05,259,1,0.43023255813953487,0.4240127847305988,0.2619359493255615,0.0006910560637321139,-0.48007903842724203
05,260,1,0.4318936877076412,0.42470757345407173,0.26193270087242126,0.0013782206822989407,-0.2612764221606428
05,261,1,0.4335548172757475,0.42535804296298874,0.26346680521965027,0.0020073679420458835,0.014245258868372052
05,262,1,0.43521594684385384,0.42657899096172075,0.2649646997451782,0.0018842873835674002,0.04830199882565994
05,263,1,0.4368770764119601,0.42733114027315505,0.2640277147293091,0.002077689927364833,0.06409222376609795
05,264,1,0.43853820598006643,0.42755772431858,0.2654176950454712,0.002680694767578916,0.32423332906474556
05,265,1,0.44019933554817275,0.42795281438868976,0.26603826880455017,0.0029981424135962376,0.45574435976659355
05,266,1,0.4418604651162791,0.4283529741254287,0.2658555805683136,0.003246675533282577,0.5260012260360019
05,267,1,0.4435215946843854,0.42921329963804866,0.2671501338481903,0.0028298458115895587,0.45650899959142843
05,268,1,0.44518272425249167,0.4300820696658425,0.2636338770389557,0.0024316156250191335,0.15760264836703633
05,269,1,0.446843853820598,0.4306873915860356,0.26251518726348877,0.002457380041641687,0.11108698892251681
05,270,1,0.4485049833887043,0.43151661600237734,0.2673315703868866,0.002311799924636414,0.300312022092188
05,271,1,0.45016611295681064,0.43241075708284454,0.26469287276268005,0.00220856931340631,0.13833524777846
05,272,1,0.45182724252491696,0.4332376206056851,0.2624397575855255,0.0021810701517647347,0.019352284727715843
05,273,1,0.45348837209302323,0.4336691410000292,0.26385772228240967,0.0025384374923812947,0.20259121629599663
05,274,1,0.45514950166112955,0.4341372836045117,0.2672416865825653,0.002815732241397211,0.45649046443816144
05,275,1,0.4568106312292359,0.4347029995728311,0.2669774293899536,0.0029051831736114243,0.4720663122531147
05,276,1,0.4584717607973422,0.43542039012616274,0.2679097652435303,0.0027608532427764055,0.47168539397007614
05,277,1,0.4601328903654485,0.43591558195383845,0.26788878440856934,0.0028113537952201163,0.48675077466202776
05,278,1,0.46179401993355484,0.4366157471001229,0.2697581350803375,0.0026727988873879605,0.5340480129339751
05,279,1,0.4634551495016611,0.43760567089587915,0.2645016312599182,0.0023024909655345194,0.15890753383889963
05,280,1,0.46511627906976744,0.43901069138477683,0.26595720648765564,0.0016231383073988682,0.013640760264504156
05,281,1,0.46677740863787376,0.43998841939355654,0.26719292998313904,0.0015429856132726672,0.04855106123681638
05,282,1,0.4684385382059801,0.4409703638800639,0.2663402259349823,0.0015792504866948432,0.018393116676155855
05,283,1,0.4700996677740864,0.4417019849514555,0.2615036368370056,0.0019362836102884296,-0.10444194537842345
05,284,1,0.4717607973421927,0.4424879916495581,0.2602980434894562,0.002174355426080009,-0.08755817605874879
05,285,1,0.473421926910299,0.443413062229345,0.26628121733665466,0.002118609912488372,0.18737061705262384
05,286,1,0.4750830564784053,0.4443408379864701,0.2663255035877228,0.0020469948643103853,0.16671729046089356
05,287,1,0.47674418604651164,0.445259850216347,0.265076607465744,0.0019706011610350505,0.08127987848386267
05,288,1,0.47840531561461797,0.4458617184329222,0.26607704162597656,0.002258199260682702,0.22186195278931742
05,289,1,0.48006644518272423,0.44644383450550357,0.2679958641529083,0.00251951488394238,0.39899603341810985
05,290,1,0.48172757475083056,0.44661554272375653,0.26766732335090637,0.003105499734729082,0.5696452013877185
05,291,1,0.4833887043189369,0.4472493393068932,0.2684516906738281,0.0030403793359140164,0.5872655038555975
05,292,1,0.4850498338870432,0.44784969103848943,0.2678206264972687,0.0029373998769543375,0.5235804931250142
05,293,1,0.4867109634551495,0.44870768683131745,0.2679387032985687,0.002576397235518073,0.4143250460674439
05,294,1,0.4883720930232558,0.4491167278916526,0.26679933071136475,0.0027333192566364895,0.40859030777765604
05,295,1,0.4900332225913621,0.44972732161770046,0.26523271203041077,0.0027480218225626064,0.33663754128510465
05,296,1,0.49169435215946844,0.4519026440677221,0.26538336277008057,0.0014309597406185716,-0.07566791812355717
05,297,1,0.49335548172757476,0.45554073483594304,0.2660905420780182,0.0014326575606700266,-0.04053230099060126
05,298,1,0.4950166112956811,0.4597069432452341,0.2668774724006653,0.0038906039688046804,0.7811758496466341
05,299,1,0.49667774086378735,0.4652212189092665,0.2641086280345917,0.006757325794441672,1.559192719072741
05,300,1,0.4983388704318937,0.47075602828698104,0.27400267124176025,0.00841866084926472,2.572576975865186
05,301,1,0.5,0.4774277793554023,0.3067033588886261,0.010377065862871277,4.79630288421625
05,302,1,0.5016611295681063,0.48375054089189,0.30654025077819824,0.011228066269494142,5.059490745525602
05,303,1,0.5033222591362126,0.4898219474405305,0.33779603242874146,0.011288573406470616,6.607777518234149
05,304,1,0.5049833887043189,0.49583115682558043,0.3666403591632843,0.011147600658704583,7.973897404527083
05,305,1,0.5066445182724253,0.5011925139521907,0.39205116033554077,0.010240175650664969,8.927825982273617
05,306,1,0.5083056478405316,0.507471107527734,0.4027983844280243,0.010577585577011257,9.56108508688262
05,307,1,0.5099667774086378,0.5127701964344527,0.3981878459453583,0.009946532824768857,9.134459666823972
05,308,1,0.5116279069767442,0.5165364283813381,0.40842732787132263,0.00797570252317374,9.00737138658014
05,309,1,0.5132890365448505,0.5196864536484329,0.401121586561203,0.005949409901329179,8.004312794204976
05,310,1,0.5149501661129569,0.5223952052888123,0.3953591585159302,0.004034676617648043,7.112299603726461
05,311,1,0.5166112956810631,0.5251458011686434,0.3720754384994507,0.0030542480572095364,5.66087105744994
05,312,1,0.5182724252491694,0.5285045947394258,0.34858718514442444,0.003319140444444242,4.596252129943363
05,313,1,0.5199335548172758,0.5328440892392404,0.35450470447540283,0.004666593354736943,5.315091235444902
05,314,1,0.521594684385382,0.5392506640385111,0.31889429688453674,0.007783759256305712,4.566329265088747
05,315,1,0.5232558139534884,0.5476131908108605,0.31667381525039673,0.011932421341230416,5.779655352430757
05,316,1,0.5249169435215947,0.5578028558779657,0.25343888998031616,0.016505238997781432,4.143361337925849
05,317,1,0.526578073089701,0.5691382924734429,0.2510313093662262,0.020516110308623645,5.303628368172917
05,318,1,0.5282392026578073,0.5808709917097625,0.243937686085701,0.023175258736392604,5.8039384876046265
05,319,1,0.5299003322259136,0.5910542984045575,0.24696695804595947,0.022953483513374687,5.8814603648833295
05,320,1,0.53156146179402,0.5982219281865082,0.24928441643714905,0.019260836396901168,4.818185160445091
05,321,1,0.5332225913621262,0.6031714588730444,0.24499768018722534,0.01410559900630169,2.965791335163313
05,322,1,0.5348837209302325,0.6066320933837523,0.24280788004398346,0.009057941917109331,1.2502577743961993
05,323,1,0.5365448504983389,0.6091961640304262,0.24512869119644165,0.005181737145285732,0.12865686634953477
05,324,1,0.5382059800664452,0.6103248006306967,0.24359089136123657,0.0020594854735887834,-0.9414606976968949
05,325,1,0.5398671096345515,0.6106997705446576,0.25003305077552795,0.0012444109552638893,-0.8860350619856345
05,326,1,0.5415282392026578,0.6108686436956455,0.24849483370780945,0.002589045624912566,-0.532822311661205
05,327,1,0.5431893687707641,0.6106485597956216,0.2524176836013794,0.0038682671029097878,0.06669764653450483
05,328,1,0.5448504983388704,0.6107101623053208,0.2526327669620514,0.004169763534509418,0.17328965516156036
05,329,1,0.5465116279069767,0.6108251059265508,0.25115329027175903,0.004151160331935454,0.09498708679701695
05,330,1,0.5481727574750831,0.6109792368811172,0.2515016198158264,0.0040283632228423506,0.07289839702340872
05,331,1,0.5498338870431894,0.6107547871748975,0.24960802495479584,0.004280461225429981,0.060595085942147575
05,332,1,0.5514950166112956,0.6105161620000809,0.24981379508972168,0.00454564324506561,0.15516009584052193
05,333,1,0.553156146179402,0.6100479854923463,0.24964790046215057,0.004965319676490181,0.28077244138480417
05,334,1,0.5548172757475083,0.6100104564603313,0.24764230847358704,0.004808568599954087,0.13271263546266876
05,335,1,0.5564784053156147,0.6102412742656198,0.24390250444412231,0.004335555689469044,-0.20095859374164182
05,336,1,0.5581395348837209,0.6103967715123466,0.24247628450393677,0.004051680215422808,-0.36118355352204434
05,337,1,0.5598006644518272,0.6111598912463612,0.24953089654445648,0.0032587128594746984,-0.26875291642525373
05,338,1,0.5614617940199336,0.6110171634808208,0.24778902530670166,0.003679417063518779,-0.21990852305652464
05,339,1,0.5631229235880398,0.6115921670603042,0.2501737177371979,0.003356090239157798,-0.20627783658641596
05,340,1,0.5647840531561462,0.6121840727771544,0.24896657466888428,0.003101907720978696,-0.34632423044035293
05,341,1,0.5664451827242525,0.612789689131088,0.24964235723018646,0.002943116683246998,-0.3638634779477909
05,342,1,0.5681063122923588,0.613441674448046,0.248721182346344,0.0026985808374707255,-0.4868466860420395
05,343,1,0.5697674418604651,0.6142707853005502,0.2459419220685959,0.0024755977267727648,-0.6938581946964635
05,344,1,0.5714285714285714,0.6148890041159312,0.24405182898044586,0.0025270334714533483,-0.7699302148993691
05,345,1,0.5730897009966778,0.6150255885739256,0.2389167845249176,0.003066681848153079,-0.849176035195413
05,346,1,0.574750830564784,0.6154293528367616,0.23794648051261902,0.0032218924460265404,-0.847185417734799
05,347,1,0.5764119601328903,0.616427109341351,0.24489344656467438,0.0027210555386160008,-0.66693484270685
05,348,1,0.5780730897009967,0.6173970369376516,0.2395377904176712,0.0022902089525156533,-1.0662161089676372
05,349,1,0.579734219269103,0.6181451711244187,0.23990239202976227,0.002169082971178642,-1.0869762864944423
05,350,1,0.5813953488372093,0.6186062438247596,0.23504723608493805,0.002487905908461001,-1.2228951055191495
05,351,1,0.5830564784053156,0.6186496881632362,0.24095627665519714,0.003238684316983918,-0.6945980839642163
05,352,1,0.584717607973422,0.6194549731840315,0.24930830299854279,0.002989044001659851,-0.3655706216788425
05,353,1,0.5863787375415282,0.6201283502283397,0.2509080171585083,0.002830151018946696,-0.33794439880120086
05,354,1,0.5880398671096345,0.6212464528569376,0.24732790887355804,0.0022078431663290366,-0.7113755245629756
05,355,1,0.5897009966777409,0.6217689923502675,0.2423713505268097,0.0023453559310436124,-0.910028432423766
05,356,1,0.5913621262458472,0.6220748235113222,0.24029876291751862,0.002819350816746795,-0.8603815990532728
05,357,1,0.5930232558139535,0.6224280895189167,0.2397400438785553,0.0031210473909748944,-0.7915795768184388
05,358,1,0.5946843853820598,0.6230370511567349,0.23839831352233887,0.003087020575800946,-0.8680583667776801
05,359,1,0.5963455149501661,0.6235024690576393,0.23868803679943085,0.003069252249845904,-0.8595471355287039
05,360,1,0.5980066445182725,0.623817888639773,0.2445075511932373,0.003187201844555081,-0.537277357699188
05,361,1,0.5996677740863787,0.6247854394858462,0.24314449727535248,0.0026554172805946675,-0.7734072657307935
05,362,1,0.6013289036544851,0.625297854528145,0.2512684464454651,0.0027323397300282205,-0.3514795742152466
05,363,1,0.6029900332225914,0.6260831194233409,0.25526106357574463,0.002512275677684821,-0.22628640775155653
05,364,1,0.6046511627906976,0.6266304994651875,0.25448447465896606,0.002610058227263722,-0.23311856811813542
05,365,1,0.606312292358804,0.6283261692005889,0.25425985455513,0.0016175411982158484,-0.5603673221878266
05,366,1,0.6079734219269103,0.6299113738132882,0.25372767448425293,0.0009175190142022438,-0.8094596484676533
05,367,1,0.6096345514950167,0.6318910532185805,0.25115394592285156,0.0004003994107243748,-1.1001418236390372
05,368,1,0.6112956810631229,0.6339330717399164,0.25405052304267883,0.0004988156423302704,-0.9270838795751413
05,369,1,0.6129568106312292,0.635461919019874,0.25447845458984375,0.0002864926482618089,-0.9738054766294808
05,370,1,0.6146179401993356,0.636904539426585,0.24936574697494507,0.0002402942626131753,-1.238635703275837
05,371,1,0.6162790697674418,0.63896309208924,0.2537149488925934,0.0002026431940692514,-1.0378737356628154
05,372,1,0.6179401993355482,0.6403602509986759,0.25276005268096924,0.00022994966017833953,-1.075885385830063
05,373,1,0.6196013289036545,0.6429245733813713,0.2491207718849182,0.0007576408246027356,-1.0857698144846644
05,374,1,0.6212624584717608,0.6450256152735486,0.25127723813056946,0.0009930191264057153,-0.9052751997547843
05,375,1,0.6229235880398671,0.6470448409698557,0.24970896542072296,0.0009819758609718853,-0.9855126588049026
05,376,1,0.6245847176079734,0.6485772819801632,0.25186046957969666,0.0005766555806066596,-1.0094161456991297
05,377,1,0.6262458471760798,0.6501742453138957,0.2553177773952484,0.000220190704504785,-0.9538732916193092
05,378,1,0.627906976744186,0.6515787110935789,0.251155823469162,0.00037126696396176824,-1.1093328823737687
05,379,1,0.6295681063122923,0.6529801647497007,0.24987177550792694,0.0006080872628475719,-1.0966858361212164
05,380,1,0.6312292358803987,0.6547510191826986,0.25300371646881104,0.0003575945566748575,-1.023292158578072
05,381,1,0.632890365448505,0.6555065198592392,0.2543036937713623,0.0011089973989040925,-0.7202676525282357
05,382,1,0.6345514950166113,0.656173414529252,0.25516048073768616,0.0017751713652271895,-0.46608139392610315
05,383,1,0.6362126245847176,0.6562541899880294,0.2546233832836151,0.0028430717653680922,-0.15207469074694768
05,384,1,0.6378737541528239,0.6569696027237617,0.25470641255378723,0.0029461653392180032,-0.11516272333631888
05,385,1,0.6395348837209303,0.657319163579974,0.2518555223941803,0.003151250368271479,-0.18927655919491587
05,386,1,0.6411960132890365,0.6574141713358801,0.25026434659957886,0.0035094035425490707,-0.15299184088565176
05,387,1,0.6428571428571429,0.6575548700558604,0.24972568452358246,0.003678894024225736,-0.12533545121193412
05,388,1,0.6445182724252492,0.6584770873555684,0.2545415759086609,0.003081846741475507,-0.07999220088223952
05,389,1,0.6461794019933554,0.6587170189045433,0.2542862594127655,0.0032187863504523507,-0.04884695522126742
05,390,1,0.6478405315614618,0.6589994563223083,0.2528199255466461,0.0032858127638296527,-0.09922114397336651
05,391,1,0.6495016611295681,0.6603219983334232,0.2535513937473297,0.002359591999321774,-0.3585738953139469
05,392,1,0.6511627906976745,0.6616853790307189,0.2559620440006256,0.0016879933714167728,-0.4546484215824254
05,393,1,0.6528239202657807,0.6630273498441785,0.2496531903743744,0.0011480954767447305,-0.9353079522284139
05,394,1,0.654485049833887,0.6649601258876614,0.24827928841114044,0.00041039375527715104,-1.2375829975496626
05,395,1,0.6561461794019934,0.6667901377903641,0.2515900135040283,0.00020845835326317134,-1.1399708118271743
05,396,1,0.6578073089700996,0.6684354711392395,0.25441357493400574,0.00012201027231076289,-1.0293908113036443
05,397,1,0.659468438538206,0.6700716908085733,0.2607620358467102,0.00011174043017096941,-0.722101890452891
05,398,1,0.6611295681063123,0.6720505848453153,0.2473728209733963,0.00024174626568086559,-1.3356652891703766
05,399,1,0.6627906976744186,0.6734748243042006,0.2457304298877716,0.00011040289339104105,-1.4578615768494347
05,400,1,0.6644518272425249,0.6748745868826693,0.24637824296951294,0.00037803806483773124,-1.3408905143673042
05,401,1,0.6661129568106312,0.67664712935218,0.24947331845760345,0.00025264933130488964,-1.229436516953665
05,402,1,0.6677740863787376,0.6783988459071968,0.2495768815279007,0.00019871609793660277,-1.241555850739401
05,403,1,0.6694352159468439,0.6804243339260393,0.24748796224594116,0.00033100514130275486,-1.301590786255045
05,404,1,0.6710963455149501,0.6816665638508708,0.24548669159412384,0.0001645450848862727,-1.4525329133279854
05,405,1,0.6727574750830565,0.6830604185186454,0.24800312519073486,0.0004682819136011695,-1.2326469007295988
05,406,1,0.6744186046511628,0.6852113747011948,0.24971060454845428,0.00023252089365901013,-1.224242506279703
05,407,1,0.6760797342192691,0.6868072047853098,0.2489584982395172,0.00022718156442946824,-1.2627362628830836
05,408,1,0.6777408637873754,0.689254206106148,0.2441076785326004,0.000823333468967914,-1.3100734849969218
05,409,1,0.6794019933554817,0.6912170714713868,0.24327753484249115,0.000889288270387435,-1.3296672505766665
05,410,1,0.6810631229235881,0.6935919935267265,0.23940597474575043,0.0012250470875418262,-1.41207285779229
05,411,1,0.6827242524916943,0.6956984814467748,0.2427986115217209,0.0012363803012071916,-1.2424966566119167
05,412,1,0.6843853820598007,0.6975682026533773,0.24557384848594666,0.0008832823424433767,-1.21924728220634
05,413,1,0.686046511627907,0.7003835720832292,0.2431684136390686,0.0016201526354879935,-1.1021191369078969
05,414,1,0.6877076411960132,0.7031566023572154,0.247683584690094,0.002101557756513618,-0.7278434714762271
05,415,1,0.6893687707641196,0.7057036806775607,0.24505837261676788,0.0022574838692366716,-0.8065815655600439
05,416,1,0.6910299003322259,0.7085042927841072,0.24590188264846802,0.002556796168086668,-0.6699434169969171
05,417,1,0.6926910299003323,0.7108353641545276,0.2477784901857376,0.0021538450058246183,-0.7065397073062556
05,418,1,0.6943521594684385,0.7135816572504767,0.2497193068265915,0.0022871900839491043,-0.5691068597000944
05,419,1,0.6960132890365448,0.7161193815073399,0.2489597052335739,0.0022186506174969433,-0.6281056831396203
05,420,1,0.6976744186046512,0.7190491113043985,0.2507879436016083,0.002544455207110786,-0.43485382043310195
05,421,1,0.6993355481727574,0.7216179872094937,0.2503551244735718,0.0024771264821330918,-0.4774809246245626
05,422,1,0.7009966777408638,0.7238675752610667,0.24664083123207092,0.0020310587699646342,-0.8013182365258539
05,423,1,0.7026578073089701,0.7266953315691438,0.2429053783416748,0.002287335575394218,-0.9023921347536619
05,424,1,0.7043189368770764,0.7286155473623166,0.2438374012708664,0.0015635638531160522,-1.0874245552281994
05,425,1,0.7059800664451827,0.7306725976505914,0.24341309070587158,0.0012290051269113877,-1.214786915087692
05,426,1,0.707641196013289,0.7319402566143011,0.24281282722949982,0.0004835166764044378,-1.4816974198542396
05,427,1,0.7093023255813954,0.7337299846665457,0.24568484723567963,0.0001736685555754309,-1.439932158691775
05,428,1,0.7109634551495017,0.7359524724895725,0.245629221200943,0.00046839374295894025,-1.3487406480928121
05,429,1,0.7126245847176079,0.7367333395894848,0.24723881483078003,0.0005849704389427212,-1.232854110960543
05,430,1,0.7142857142857143,0.7381249648094093,0.24924646317958832,0.0007085307037416488,-1.095269793805369
05,431,1,0.7159468438538206,0.7398895855708474,0.2526364028453827,0.0005235009371646573,-0.9883956028096226
05,432,1,0.717607973421927,0.7413269353990148,0.24921496212482452,0.0005926373889885305,-1.1337396170301923
05,433,1,0.7192691029900332,0.7430419882937396,0.24512216448783875,0.00022983023435177018,-1.449562489496336
05,434,1,0.7209302325581395,0.7440997699921387,0.2472335398197174,0.0007405806992889663,-1.1835277381626428
05,435,1,0.7225913621262459,0.7454160953540094,0.2458312064409256,0.0009179566331005573,-1.1956087608579429
05,436,1,0.7242524916943521,0.7467652287863132,0.24727082252502441,0.000950450646587263,-1.1148299031394795
05,437,1,0.7259136212624585,0.7486575552274599,0.2475588619709015,0.0005149643382035509,-1.2395047644559691
05,438,1,0.7275747508305648,0.7498365928937372,0.24596203863620758,0.0006425516194180236,-1.2769649739385345
05,439,1,0.729235880398671,0.750480020896063,0.26220616698265076,0.0014333293424917837,-0.23033859501082307
05,440,1,0.7308970099667774,0.7510321327351364,0.26556771993637085,0.0021471988889318495,0.16157665858698136
05,441,1,0.7325581395348837,0.7512194579827248,0.26519906520843506,0.0030265996285491633,0.42375897507921967
05,442,1,0.7342192691029901,0.7518246135136224,0.2644064128398895,0.0030619197864678194,0.3962376792285737
05,443,1,0.7358803986710963,0.7520518284040512,0.26413974165916443,0.0033317100510103655,0.4691596523005958
05,444,1,0.7375415282392026,0.7513759065548082,0.2658013105392456,0.004400583777250321,0.8910334038045011
05,445,1,0.739202657807309,0.7525156710710181,0.2672431170940399,0.0033467627159583947,0.6257706169406869
05,446,1,0.7408637873754153,0.7528667586667425,0.26687464118003845,0.0033197283923073907,0.5991307355642096
05,447,1,0.7425249169435216,0.7530947968675449,0.26466256380081177,0.003352226479784991,0.5012731267561551
05,448,1,0.7441860465116279,0.7536008239834227,0.26212143898010254,0.0031069414797806495,0.29880461968189803
05,449,1,0.7458471760797342,0.7539553247502633,0.2621571123600006,0.0033086700700936267,0.36482952566458726
05,450,1,0.7475083056478405,0.7555594775115687,0.2629600465297699,0.00206443072859948,0.007637819249984582
05,451,1,0.7491694352159468,0.7567627074216214,0.2664617896080017,0.0015343805297533143,0.010042324358011001
05,452,1,0.7508305647840532,0.7568109126300371,0.2706153392791748,0.0024031529598568125,0.4900604093584061
05,453,1,0.7524916943521595,0.7575781709964153,0.269309401512146,0.0024384167551321657,0.43741166500630224
05,454,1,0.7541528239202658,0.7582453300918985,0.2652292251586914,0.0026769692211869745,0.313826414641533
05,455,1,0.7558139534883721,0.7590556891875484,0.2662893831729889,0.002538073270619572,0.32142995897611015
05,456,1,0.7574750830564784,0.760728727623326,0.267447292804718,0.0014382802763237158,0.027630450271346724
05,457,1,0.7591362126245847,0.7624856795452397,0.2686658501625061,0.000707563938629819,-0.1455978141505999
05,458,1,0.760797342192691,0.7644245087367149,0.27156975865364075,0.0003571663676685623,-0.11519347225361076
05,459,1,0.7624584717607974,0.7665860354295069,0.26874908804893494,0.000667901983124759,-0.1541639683286976
05,460,1,0.7641196013289037,0.7689872808386691,0.2673490345478058,0.0011865608317973408,-0.05738538779913241
05,461,1,0.7657807308970099,0.7705280102223193,0.2651781439781189,0.0007411836544216663,-0.30550070715939986
05,462,1,0.7674418604651163,0.7727471653398538,0.2688816487789154,0.000871224359876367,-0.08289156290467076
05,463,1,0.7691029900332226,0.7749831391015571,0.26841530203819275,0.0010265339707950082,-0.05621623070962137
05,464,1,0.770764119601329,0.7769071714046083,0.26307928562164307,0.0008512903558336016,-0.37309014481385133
05,465,1,0.7724252491694352,0.7787771934012127,0.2633019983768463,0.0007413397109531495,-0.3972304411603354
05,466,1,0.7740863787375415,0.7800124928077428,0.2647398114204407,0.00032273467264467323,-0.4602802164318842
05,467,1,0.7757475083056479,0.7813845449612632,0.26757916808128357,0.0005299363906918919,-0.2553575042928612
05,468,1,0.7774086378737541,0.7835795816990266,0.26574525237083435,0.00026962462847369766,-0.4280181398227011
05,469,1,0.7790697674418605,0.785087967416361,0.26707717776298523,0.0002488863324041395,-0.36946962595946636
05,470,1,0.7807308970099668,0.7870381507993103,0.2699560225009918,0.00027752190503700484,-0.21951438887070573
05,471,1,0.782392026578073,0.7886763865122521,0.26393282413482666,0.0001891216982510311,-0.5423324519499444
05,472,1,0.7840531561461794,0.7902853088206806,0.2654646933078766,0.00010667635748666299,-0.4936654944241745
05,473,1,0.7857142857142857,0.7916728599235048,0.26856473088264465,0.0003435756368210962,-0.26652751421312487
05,474,1,0.7873754152823921,0.7931201856170847,0.2683309316635132,0.0005424730700270708,-0.21458711440677652
05,475,1,0.7890365448504983,0.7937620215710661,0.26815634965896606,0.0014211458204893158,0.056857105988612794
05,476,1,0.7906976744186046,0.7949819435368674,0.26741206645965576,0.001472632619391583,0.03685340743374646
05,477,1,0.792358803986711,0.7963029685071816,0.2650374174118042,0.001325766328123994,-0.12611062179859034
05,478,1,0.7940199335548173,0.79729563692462,0.2660897374153137,0.0014906250566048152,-0.02210061521479431
05,479,1,0.7956810631229236,0.798152340609811,0.26551321148872375,0.0016777841982976594,0.009333535909395424
05,480,1,0.7973421926910299,0.798890259460406,0.26299533247947693,0.0020374451073888345,0.0007651465321711001
05,481,1,0.7990033222591362,0.7992667207138126,0.26631438732147217,0.0026380628348669933,0.354514309417476
05,482,1,0.8006644518272426,0.7999181622390534,0.26770299673080444,0.0027275593612838423,0.45096152586748994
05,483,1,0.8023255813953488,0.8005271606916728,0.26942044496536255,0.0027741922372727813,0.5498369750625276
05,484,1,0.8039867109634552,0.8011800575930954,0.2699936628341675,0.0027150003563156822,0.5590171165116268
05,485,1,0.8056478405315615,0.8017005344566205,0.26850980520248413,0.0027669730259629478,0.5029888806761269
05,486,1,0.8073089700996677,0.802633390111094,0.2710763216018677,0.00244257080719139,0.5251715733823961
05,487,1,0.8089700996677741,0.8037214273993776,0.2684296667575836,0.0020333404869179884,0.26530028000046035
05,488,1,0.8106312292358804,0.8049741036391397,0.26887789368629456,0.0015792309240820635,0.14252744947915558
05,489,1,0.8122923588039868,0.8059609089124272,0.266441285610199,0.0015409371623055935,0.011128523855516936
05,490,1,0.813953488372093,0.8072386938600049,0.2644471526145935,0.0013282458286795907,-0.154195797593683
05,491,1,0.8156146179401993,0.8082985592371994,0.26425227522850037,0.0014197063887128204,-0.13458559041967974
05,492,1,0.8172757475083057,0.8092084944535365,0.26633399724960327,0.0016540541318311886,0.04192421756949956
05,493,1,0.8189368770764119,0.8106838703958795,0.26662513613700867,0.0012372758930873518,-0.07663778997507117
05,494,1,0.8205980066445183,0.810997072274424,0.27018505334854126,0.002104814385405983,0.3739471076913039
05,495,1,0.8222591362126246,0.8118616539290467,0.2694576680660248,0.0021798273343879727,0.3622665296288981
05,496,1,0.8239202657807309,0.8130197052456473,0.2512035667896271,0.0019125496907492923,-0.6158753791904757
05,497,1,0.8255813953488372,0.8141762175646778,0.2461024969816208,0.001708840069746408,-0.930326452093765
05,498,1,0.8272425249169435,0.8158026693351585,0.24721777439117432,0.0009554750914652787,-1.1158239591800732
05,499,1,0.8289036544850499,0.8168618971928422,0.24957174062728882,0.0010976464989652813,-0.955367716606677
05,500,1,0.8305647840531561,0.8183655697735017,0.2472515106201172,0.0008440347342546106,-1.1496835171180515
05,501,1,0.8322259136212624,0.8201019353734231,0.2474926859140396,0.0004634216316225472,-1.25916586393616
05,502,1,0.8338870431893688,0.8213083274947625,0.2484256774187088,0.0007191725971438123,-1.132030955571048
05,503,1,0.8355481727574751,0.8222397972887308,0.24658572673797607,0.0011641173430764918,-1.080260399853044
05,504,1,0.8372093023255814,0.8235075824588423,0.24991896748542786,0.0012408071969371316,-0.8927642396803317
05,505,1,0.8388704318936877,0.8255978033379436,0.2533360421657562,0.0006323034940866015,-0.919500453180349
05,506,1,0.840531561461794,0.8267506241640084,0.2512270510196686,0.0006572356542362978,-1.0147260148484807
05,507,1,0.8421926910299004,0.8288780742290425,0.25244593620300293,0.00024374493559092012,-1.086855904341662
05,508,1,0.8438538205980066,0.8304679029433556,0.25146782398223877,0.00020552130139890026,-1.1468840969000178
05,509,1,0.845514950166113,0.831426795442941,0.2510159909725189,0.0007412878988214288,-0.9982680720290661
05,510,1,0.8471760797342193,0.8337797932278044,0.24800854921340942,0.0002921393913621896,-1.2885084853401199
05,511,1,0.8488372093023255,0.8366664295347903,0.25095072388648987,0.0012838059008295887,-0.8285902672683235
05,512,1,0.8504983388704319,0.8390257698944952,0.24935176968574524,0.0016960574340974931,-0.7754478937362115
05,513,1,0.8521594684385382,0.8420049168260864,0.25089728832244873,0.002535737627903779,-0.4322825813953074
05,514,1,0.8538205980066446,0.8448691117818579,0.24837684631347656,0.002755402237888933,-0.4855854627238277
05,515,1,0.8554817275747508,0.8482884010084013,0.24757087230682373,0.003402361825919005,-0.3188626330776418
05,516,1,0.8571428571428571,0.8519535993943073,0.2480500042438507,0.004162067343422211,-0.05334758461982725
05,517,1,0.8588039867109635,0.8558345367222615,0.25318434834480286,0.0048110472964234385,0.40461437633943376
05,518,1,0.8604651162790697,0.8599834496954175,0.25749778747558594,0.005502555295535656,0.8359697050947799
05,519,1,0.8621262458471761,0.8640791785859535,0.25359752774238586,0.005819699707681742,0.7462287499211422
05,520,1,0.8637873754152824,0.8678823695059323,0.2524222731590271,0.005675196233272518,0.6426909860528707
05,521,1,0.8654485049833887,0.8712153034527631,0.2568952739238739,0.005025937652197011,0.6546234504455364
05,522,1,0.867109634551495,0.8751847130810546,0.2568751275539398,0.005150155597863122,0.6932193267175166
05,523,1,0.8687707641196013,0.8791315377541101,0.25383639335632324,0.005296664424509363,0.591251308498545
05,524,1,0.8704318936877077,0.8835884990136808,0.25158563256263733,0.0059905358920408335,0.7022446199138322
05,525,1,0.872093023255814,0.8879877216546529,0.25482460856437683,0.006463226156075875,1.0113129547013315
05,526,1,0.8737541528239202,0.89255873226615,0.25470244884490967,0.006841132217100544,1.1257548579462666
05,527,1,0.8754152823920266,0.8963381260465925,0.25461167097091675,0.006277021201269146,0.9415629607679119
05,528,1,0.8770764119601329,0.9000842438735561,0.2560025155544281,0.005721491955112219,0.8325853222032147
05,529,1,0.8787375415282392,0.9037189028892807,0.256197065114975,0.005232214755867949,0.686196819409882
05,530,1,0.8803986710963455,0.9072612143575969,0.25931641459465027,0.0048417309155271825,0.7143670659261127
05,531,1,0.8820598006644518,0.9099249555822025,0.26272839307785034,0.0038298516172711305,0.5588479588336389
05,532,1,0.8837209302325582,0.9121673099151826,0.25957542657852173,0.002675498566348645,0.03677873933486028
05,533,1,0.8853820598006644,0.9136074367078018,0.2579893469810486,0.0012236918868865953,-0.5034217875838517
05,534,1,0.8870431893687708,0.9156716186011667,0.25966790318489075,0.0006869072872959359,-0.5923519295560208
05,535,1,0.8887043189368771,0.9175654103289499,0.2618735730648041,0.00047809795418661376,-0.5509884562915484
05,536,1,0.8903654485049833,0.9190600943819323,0.2590005397796631,0.00016777770751312743,-0.7904167977382568
05,537,1,0.8920265780730897,0.9208250697995835,0.2580508291721344,0.00017241075539908455,-0.8353995424892273
05,538,1,0.893687707641196,0.9222358326831808,0.25997233390808105,0.00028919776790219283,-0.7041875607922261
05,539,1,0.8953488372093024,0.9236642621031053,0.2620018720626831,0.0005018218684812048,-0.537152672292906
05,540,1,0.8970099667774086,0.9250649405996254,0.2668954133987427,0.0006258563154998997,-0.2582418081656136
05,541,1,0.8986710963455149,0.9265387062671376,0.26231229305267334,0.0006533022024109591,-0.47369869750634996
05,542,1,0.9003322259136213,0.9275422556308834,0.26112428307533264,0.0010781619555537015,-0.39643573367155216
05,543,1,0.9019933554817275,0.9284910280967228,0.2645585536956787,0.0014559952266400156,-0.10803945155398487
05,544,1,0.9036544850498339,0.9294984975355094,0.26458415389060974,0.0016552172862577975,-0.04330601060503983
05,545,1,0.9053156146179402,0.9302797627701709,0.264696329832077,0.0019823412855673062,0.06641794860378801
05,546,1,0.9069767441860465,0.9309416175966322,0.2630334198474884,0.0022557505848643123,0.07219028397362216
05,547,1,0.9086378737541528,0.9317241902843101,0.264095664024353,0.0023230183886236034,0.14558891850968705
05,548,1,0.9102990033222591,0.9327643359100264,0.2668568193912506,0.0020911633098041216,0.20678286311363148
05,549,1,0.9119601328903655,0.9337761063701064,0.2672263979911804,0.0018958524433533176,0.162627517454934
05,550,1,0.9136212624584718,0.9345260036899375,0.2672981023788452,0.0020200410235061018,0.2057072981569565
05,551,1,0.915282392026578,0.9352214353945274,0.2657654285430908,0.0022207058422425863,0.19467101553813523
05,552,1,0.9169435215946844,0.9363422382376075,0.2643822729587555,0.001974214276716778,0.04846492097294238
05,553,1,0.9186046511627907,0.9370109981643194,0.26585763692855835,0.002199929931900173,0.1925616333137574
05,554,1,0.920265780730897,0.9379588651803102,0.2714049816131592,0.00206078586446261,0.4195955042445053
05,555,1,0.9219269102990033,0.9382682833394276,0.2681056559085846,0.0026095830779384478,0.4330667276834198
05,556,1,0.9235880398671097,0.9387234368006067,0.2666945159435272,0.0029161416029844112,0.461718273097558
05,557,1,0.925249169435216,0.939066563404363,0.2677847743034363,0.0031683146399778413,0.5954064545779459
05,558,1,0.9269102990033222,0.9393616212068747,0.2692563533782959,0.0033871481474770245,0.7371250515221034
05,559,1,0.9285714285714286,0.9397077701137876,0.2630177140235901,0.0033916882472052753,0.4333827552537463
05,560,1,0.9302325581395349,0.9401434756211671,0.27050861716270447,0.003315854433415798,0.7756673586408629
05,561,1,0.9318936877076412,0.9404682022125757,0.2681442201137543,0.003346137547147314,0.6696526098701701
05,562,1,0.9335548172757475,0.9408059957569246,0.2655825614929199,0.0033587537048515455,0.5483585052345881
05,563,1,0.9352159468438538,0.9410631169827482,0.26204606890678406,0.0034627261165403474,0.4084865530759079
05,564,1,0.9368770764119602,0.9413323988193789,0.26304179430007935,0.003532280997149849,0.47935991027937325
05,565,1,0.9385382059800664,0.9416454321830885,0.26186203956604004,0.0035164784329932293,0.41661189651068514
05,566,1,0.9401993355481728,0.9418419973323781,0.26083603501319885,0.0036142207763318764,0.3975657220499219
05,567,1,0.9418604651162791,0.9419656066136665,0.2634294629096985,0.0037496118889068382,0.567575720445079
05,568,1,0.9435215946843853,0.9421136131492834,0.26198098063468933,0.003827227761019418,0.5214490939065329
05,569,1,0.9451827242524917,0.9424058542652318,0.26224735379219055,0.00373029022754716,0.5035911897095692
05,570,1,0.946843853820598,0.9427560778195451,0.2625773251056671,0.003570172193769748,0.4687123070139018
05,571,1,0.9485049833887044,0.9430307151640565,0.26003319025039673,0.0035240549710501153,0.32956035579868254
05,572,1,0.9501661129568106,0.9433262405742922,0.2624892592430115,0.003494806698411916,0.44038936562163244
05,573,1,0.9518272425249169,0.943673827672997,0.2611040771007538,0.003450376455959235,0.35846995148403743
05,574,1,0.9534883720930233,0.9442025396282566,0.26045680046081543,0.003238657852640924,0.2593426627138049
05,575,1,0.9551495016611296,0.944388769205392,0.2563261389732361,0.0034140437276833787,0.11316000763300471
05,576,1,0.9568106312292359,0.9446158822110172,0.26299241185188293,0.0035264442323921104,0.4750843070095255
05,577,1,0.9584717607973422,0.9448309306331392,0.26466917991638184,0.003633806219451434,0.5913207404743284
05,578,1,0.9601328903654485,0.9450483587542672,0.2649783194065094,0.003705653838358956,0.6293374637605673
05,579,1,0.9617940199335548,0.9451200473973416,0.2630440890789032,0.0038454199767872107,0.5792523199384888
05,580,1,0.9634551495016611,0.9454829193927994,0.2607198655605316,0.003665367529316775,0.408180464369983
05,581,1,0.9651162790697675,0.9456880766043512,0.26287510991096497,0.0036769696132105275,0.5173101457472074
05,582,1,0.9667774086378738,0.9459635207381236,0.2650085687637329,0.003615811972241077,0.6021895808718744
05,583,1,0.96843853820598,0.9461151836083115,0.2689938247203827,0.0036929395980173237,0.8217212690269574
05,584,1,0.9700996677740864,0.9460907673009955,0.26435813307762146,0.003966139958075781,0.6820010552516038
05,585,1,0.9717607973421927,0.9460611384806233,0.26661884784698486,0.0041477307554969745,0.85045630380274
05,586,1,0.973421926910299,0.9460434328509182,0.2669855058193207,0.004258701854270174,0.9037532815810942
05,587,1,0.9750830564784053,0.9461536361973018,0.2644917666912079,0.004168476536085252,0.7530118254569562
05,588,1,0.9767441860465116,0.9459750722937987,0.2678525447845459,0.004356653586835834,0.977379920401849
05,589,1,0.978405315614618,0.9460534698001746,0.2700624465942383,0.004249332328660803,1.0512890775324508
05,590,1,0.9800664451827242,0.945946585806971,0.26875191926956177,0.004354299151752188,1.0206263329259326
05,591,1,0.9817275747508306,0.9459895379289485,0.2668789029121399,0.004287135268787922,0.9075985208920343
05,592,1,0.9833887043189369,0.9459692474239779,0.26372191309928894,0.004266401206670144,0.7465544376417436
05,593,1,0.9850498338870431,0.9457933227692784,0.2675076127052307,0.004440869643914451,0.9873411543265335
05,594,1,0.9867109634551495,0.9459256345972223,0.26656246185302734,0.004243521058246479,0.8782210436905947
12,8,0,0.013559322033898305,0.9574306980605963,0.266833633184433,nan,nan
12,9,0,0.015254237288135594,0.9634556960121915,0.26889294385910034,nan,nan
12,10,0,0.01694915254237288,0.9723584258207516,0.339637815952301,nan,nan
12,11,0,0.01864406779661017,0.9840318374068809,0.3778581917285919,nan,nan
12,12,0,0.020338983050847456,0.9977906654759758,0.3818630278110504,0.02422701897769587,12.886267967498023
12,13,0,0.022033898305084745,0.010094296390240405,0.3503020107746124,0.026440658038115558,12.047694513099882
12,14,0,0.023728813559322035,0.01998450089474184,0.3131248950958252,0.024671212448104732,9.665196484458901
12,15,0,0.025423728813559324,0.02712978722435121,0.3212503492832184,0.019909980009216607,8.545544231673459
12,16,0,0.02711864406779661,0.03162404110639596,0.31563568115234375,0.013629746436893754,6.269714759127837
12,17,0,0.0288135593220339,0.03430644479501828,0.31700801849365234,0.007853806217911053,4.496374226737755
12,18,0,0.030508474576271188,0.03584881291942096,0.31334641575813293,0.003420849613552911,2.9047125227492137
12,19,0,0.03220338983050847,0.0371881216540471,0.3128240704536438,0.0011525644766530335,2.156382252243178
12,20,0,0.03389830508474576,0.03806457289521791,0.3099851906299591,0.0009217643966775313,1.9439633679824984
12,21,0,0.03559322033898305,0.0388242558076899,0.3217826783657074,0.0017722144314110556,2.7920781182710384
12,22,0,0.03728813559322034,0.04003195721501986,0.3239380419254303,0.0016939657772489947,2.872583148333849
12,23,0,0.03898305084745763,0.04199434770613792,0.312600702047348,0.0009096601709546972,2.06805503054534
12,24,0,0.04067796610169491,0.044425439990979455,0.31142866611480713,0.000667326602447318,1.9335016560103246
12,25,0,0.0423728813559322,0.04729787697011512,0.3124389946460724,0.001734394616983449,2.3229418979581458
12,26,0,0.04406779661016949,0.05076128492888198,0.29504573345184326,0.003079397285144016,1.9006565213382767
12,27,0,0.04576271186440678,0.054796791837016176,0.30273303389549255,0.00443257226481268,2.707895134827818
12,28,0,0.04745762711864407,0.06024959117477584,0.316776305437088,0.006684760569852772,4.112528540394524
12,29,0,0.04915254237288136,0.06671136513449955,0.2939910292625427,0.009190496733627386,3.7963321918436645
12,30,0,0.05084745762711865,0.07377101296097563,0.26381438970565796,0.011396772519007349,3.0231350459486412
12,31,0,0.05254237288135593,0.0812989201059525,0.26604172587394714,0.013172247655960796,3.6978406193688467
12,32,0,0.05423728813559322,0.08846566083127151,0.26554176211357117,0.013713456314045759,3.845836213594214
12,33,0,0.05593220338983051,0.09492374633026036,0.2657514810562134,0.013117524398910686,3.666204798758566
12,34,0,0.0576271186440678,0.09989762208752095,0.2622385621070862,0.011038304857231075,2.8318229825899603
12,35,0,0.059322033898305086,0.10363090587055873,0.2600446343421936,0.0082399363586325,1.832811927430952
12,36,0,0.061016949152542375,0.10685614314076963,0.2611854672431946,0.005882177187691863,1.1373324840430823
12,37,0,0.06271186440677966,0.10942807927909298,0.2662534713745117,0.0038564927486406785,0.7397808780163337
12,38,0,0.06440677966101695,0.11086909293163758,0.2651226818561554,0.0017998127723398193,0.02911294313737328
12,39,0,0.06610169491525424,0.11066807211132476,0.26457667350769043,0.0013954627492079516,-0.12644141320019642
12,40,0,0.06779661016949153,0.11058238897063777,0.2668231725692749,0.0031174400682433697,0.532154783881134
12,41,0,0.06949152542372881,0.1106700686566652,0.26726043224334717,0.003961321839682954,0.8224438138340362
12,42,0,0.0711864406779661,0.11053246592480641,0.2690819799900055,0.004409421915934799,1.054337214845075
12,43,0,0.07288135593220339,0.11038247762133048,0.2673908472061157,0.004475253467702918,0.9925853160084882
12,44,0,0.07457627118644068,0.11051417134934227,0.26291289925575256,0.0042721611171925595,0.7088135290088837
12,45,1,0.07627118644067797,0.11056602706552704,0.2624015808105469,0.0042032509956839315,0.6618424004206009
12,46,1,0.07796610169491526,0.11034236028424302,0.2668408155441284,0.004400907379183404,0.9419882261271351
12,47,1,0.07966101694915254,0.11033525087184282,0.2694029211997986,0.004360490381442763,1.0544456023568505
12,48,1,0.08135593220338982,0.11051946080282839,0.26827627420425415,0.004164473763085293,0.9368712780900172
12,49,1,0.08305084745762711,0.11083779053337972,0.2722194790840149,0.003847466395905484,1.0287567423018387
12,50,1,0.0847457627118644,0.11115966477857578,0.26987484097480774,0.0035935330176726107,0.8331444375015927
12,51,1,0.08644067796610169,0.11141061672146325,0.26531198620796204,0.0035469071983682972,0.5950763489095167
12,52,1,0.08813559322033898,0.11163688638689236,0.2639647424221039,0.0035894789953442737,0.5427356067053569
12,53,1,0.08983050847457627,0.11219251210298367,0.2614205479621887,0.003313209675268979,0.33024393869589075
12,54,1,0.09152542372881356,0.11292173706815666,0.2637978792190552,0.002922665102496962,0.32209592742859955
12,55,1,0.09322033898305085,0.11347916762250006,0.26640957593917847,0.002805752620548817,0.4126043578236016
12,56,1,0.09491525423728814,0.1139327818659529,0.26886245608329773,0.0028692761023551717,0.5528386218882311
12,57,1,0.09661016949152543,0.11465663818650289,0.2630179822444916,0.0027193936515703,0.21917260608694988
12,58,1,0.09830508474576272,0.11554266632829883,0.2636483907699585,0.0024493970306541536,0.16397860275900875
12,59,1,0.1,0.11637317632856,0.2624285817146301,0.0022741193454285536,0.04845522517225453
12,60,1,0.1016949152542373,0.11713694579676676,0.26391810178756714,0.002233852053736789,0.108490322301343
12,61,1,0.10338983050847457,0.11793030486051334,0.26388317346572876,0.0022415339726936812,0.10922946284890585
12,62,1,0.10508474576271186,0.11952726613296863,0.2651185691356659,0.0014629893687409402,-0.0784153205195476
12,63,1,0.10677966101694915,0.12052306372321905,0.2642384171485901,0.0014633417296580232,-0.12135933545545587
12,64,1,0.10847457627118644,0.12147731743670184,0.26499834656715393,0.001546559864839996,-0.05766719156703687
12,65,1,0.11016949152542373,0.12221723027725119,0.26257389783859253,0.0018917399342744268,-0.06627929667141241
12,66,1,0.11186440677966102,0.12298786936596849,0.2622757852077484,0.00219283219974155,0.015078811346075374
12,67,1,0.1135593220338983,0.12414933367789431,0.25959184765815735,0.0018965186960657066,-0.2106359484197724
12,68,1,0.1152542372881356,0.1252906026631486,0.27020764350891113,0.0016618171994802356,0.23389338807124999
12,69,1,0.11694915254237288,0.12626761329841166,0.26886123418807983,0.0016381278708288583,0.1604796948696307
12,70,1,0.11864406779661017,0.1267478227849555,0.2685305178165436,0.0021705141395751294,0.3139435189162536
12,71,1,0.12033898305084746,0.127754337303009,0.2697085738182068,0.002103987976268361,0.35037479980250996
12,72,1,0.12203389830508475,0.12878979558979692,0.2671865224838257,0.0019697805957591286,0.18423367286465908
12,73,1,0.12372881355932204,0.12958788653840905,0.26645898818969727,0.0020464878788090824,0.17308569625531892
12,74,1,0.12542372881355932,0.13037857727912988,0.26720547676086426,0.0020858654480876027,0.22215075078308621
12,75,1,0.1271186440677966,0.13141535444246444,0.268072247505188,0.0019567769082966136,0.22341903476473027
12,76,1,0.1288135593220339,0.13228005934662027,0.2631312310695648,0.002007326289004673,-0.002184018088492277
12,77,1,0.13050847457627118,0.13293163264738794,0.26331427693367004,0.0022283189274428395,0.07718861697620225
12,78,1,0.13220338983050847,0.1331655334023281,0.2663271725177765,0.0028303546997474217,0.41641257996251724
12,79,1,0.13389830508474576,0.13395203926733076,0.26959866285324097,0.0027405878655442518,0.5478473808688734
12,80,1,0.13559322033898305,0.1347001225135293,0.27153006196022034,0.0026266758255623236,0.6060323013836463
12,81,1,0.13728813559322034,0.1354082100835261,0.27709272503852844,0.002523604047292809,0.8453097875919533
12,82,1,0.13898305084745763,0.136240083358158,0.2756909728050232,0.002310875131695438,0.7089522581537264
12,83,1,0.14067796610169492,0.1370916016978431,0.27399665117263794,0.0022279942809678033,0.5996579091402734
12,84,1,0.1423728813559322,0.13772063950987773,0.27016347646713257,0.0023838470765612674,0.4618039396559136
12,85,1,0.1440677966101695,0.1385953903560592,0.2714705169200897,0.002264225479466907,0.48762643987260573
12,86,1,0.14576271186440679,0.13977251643028565,0.27028271555900574,0.001883894473373714,0.308329648809242
12,87,1,0.14745762711864407,0.14069560064252196,0.2679532468318939,0.001843918529169335,0.18163587086837646
12,88,1,0.14915254237288136,0.141529759543526,0.26473891735076904,0.0019107593643350063,0.04569207719037459
12,89,1,0.15084745762711865,0.14284433741050162,0.2636754810810089,0.0015484615057714413,-0.12177470729324948
12,90,1,0.15254237288135594,0.14404061873647736,0.2668519616127014,0.0014144169434063426,-0.00909657984587281
12,91,1,0.15423728813559323,0.14493024235030574,0.2632000148296356,0.0015918189061258792,-0.13121849915656075
12,92,1,0.15593220338983052,0.14621304788626255,0.26637691259384155,0.0013676737971149867,-0.047230044221690165
12,93,1,0.1576271186440678,0.14786953107743134,0.26315537095069885,0.0008820126916303949,-0.3595785978697282
12,94,1,0.15932203389830507,0.14950756267568313,0.2654109597206116,0.0005002795101109891,-0.37087444370426914
12,95,1,0.16101694915254236,0.15135100773513394,0.27078062295913696,0.0001616326106641887,-0.21610316697693205
12,96,1,0.16271186440677965,0.15260246978978292,0.2733842432498932,0.00037729972701970756,-0.020015022935383098
12,97,1,0.16440677966101694,0.1544481971637902,0.2710709869861603,0.00020289508126116872,-0.18875072622480488
12,98,1,0.16610169491525423,0.15602686032864052,0.2646607458591461,0.00020933358579075902,-0.5002827193976247
12,99,1,0.16779661016949152,0.15744233185522657,0.26599469780921936,0.0004092840722852031,-0.3713137044075643
12,100,1,0.1694915254237288,0.1585942820192522,0.2686806619167328,0.0007801649382827447,-0.1217392945308946
12,101,1,0.1711864406779661,0.16002045478783353,0.2674732208251953,0.0008519452270687055,-0.15793386874082949
12,102,1,0.17288135593220338,0.16199358322757423,0.26499292254447937,0.00041140671346527396,-0.4196433366734479
12,103,1,0.17457627118644067,0.1635177304614764,0.2694283425807953,0.0002902596517215843,-0.24126922705093373
12,104,1,0.17627118644067796,0.16524608939452265,0.26694414019584656,0.0001113164340140945,-0.4198136634091917
12,105,1,0.17796610169491525,0.1675967615726374,0.2630857825279236,0.0006578149316108073,-0.4344222863556665
12,106,1,0.17966101694915254,0.17133551116934323,0.26080653071403503,0.0025024878321156917,0.04187432060261431
12,107,1,0.18135593220338983,0.17443210810285553,0.2654006779193878,0.0032636027801857385,0.5091415536327883
12,108,1,0.18305084745762712,0.17753403677165866,0.26751062273979187,0.0036369370386440517,0.7313193468427326
12,109,1,0.1847457627118644,0.18103622104816575,0.26604029536247253,0.004067134470867191,0.7964724059783354
12,110,1,0.1864406779661017,0.18425699690127195,0.2731797397136688,0.003928045455091301,1.1014079918842679
12,111,1,0.188135593220339,0.1880381751822267,0.26412051916122437,0.0044788523030638416,0.8337503766559226
12,112,1,0.18983050847457628,0.19162258446912162,0.25811436772346497,0.004661744820115955,0.5982122883328258
12,113,1,0.19152542372881357,0.1959493202286629,0.25381770730018616,0.005466343655291512,0.6444046305052522
12,114,1,0.19322033898305085,0.19924171653152645,0.2554074227809906,0.005030465163030752,0.583281695681653
12,115,1,0.19491525423728814,0.20374342148448116,0.2558976113796234,0.005785990208421894,0.8480055404204694
12,116,1,0.19661016949152543,0.20811762627882857,0.2547064423561096,0.00623388342720564,0.9324534636309638
12,117,1,0.19830508474576272,0.21221525582574316,0.25622981786727905,0.006207752521693517,0.9986492281570449
12,118,1,0.2,0.21582359421400998,0.2548764944076538,0.005749607010690256,0.7864600374632238
12,119,1,0.2016949152542373,0.2202661639477777,0.2616249918937683,0.006046707323837148,1.2112603544586154
12,120,1,0.2033898305084746,0.2246356693986737,0.2593367099761963,0.006285527158908939,1.1754182645425109
12,121,1,0.20508474576271185,0.22734733519360625,0.2581234276294708,0.00486768217388024,0.6642763867888832
12,122,1,0.20677966101694914,0.2290071414560722,0.2572344243526459,0.002763461897782431,-0.049712044978444836
12,123,1,0.20847457627118643,0.2314176123945513,0.2568349242210388,0.0018590527223440022,-0.3574406609025154
12,124,1,0.21016949152542372,0.2335134895435377,0.2580869793891907,0.0011670677596369704,-0.5166886840770151
12,125,1,0.211864406779661,0.23495833466848834,0.2559269666671753,0.0005189317205312225,-0.8288799533974935
12,126,1,0.2135593220338983,0.23696067064416912,0.2538004517555237,0.0004920439553318512,-0.9414749198423226
12,127,1,0.21525423728813559,0.23864963822167107,0.2549034655094147,0.0001970418816935924,-0.9815173349060157
12,128,1,0.21694915254237288,0.24116234365818454,0.25307977199554443,0.0008973282155431262,-0.8475881876305609
12,129,1,0.21864406779661016,0.2431774449744991,0.24763865768909454,0.0010002160031959539,-1.080978238102764
12,130,1,0.22033898305084745,0.24532646258046703,0.24824362993240356,0.0010944560326612406,-1.0213543977196842
12,131,1,0.22203389830508474,0.24678127481791148,0.25048258900642395,0.0005793106019439152,-1.0759748922390249
12,132,1,0.22372881355932203,0.24845994762222026,0.25398460030555725,0.0002441943221537672,-1.0114425592756726
12,133,1,0.22542372881355932,0.2501524354889574,0.26739034056663513,0.00012023870168119996,-0.39514288212442295
12,134,1,0.2271186440677966,0.25177662723252453,0.2664633095264435,0.00014788506803940945,-0.43168308411033146
12,135,1,0.2288135593220339,0.25319430533511905,0.26726239919662476,0.0003427481284592626,-0.33050016336339816
12,136,1,0.2305084745762712,0.2533492125130644,0.270711749792099,0.0017910985798157298,0.2997486998522236
12,137,1,0.23220338983050848,0.25456474690340186,0.2731909155845642,0.0017978804121893278,0.42318839625369026
12,138,1,0.23389830508474577,0.25566914386599954,0.27077457308769226,0.0017965613032027861,0.3045626316521183
12,139,1,0.23559322033898306,0.25730510718674904,0.2694605588912964,0.0011337271408220651,0.02907341416626008
12,140,1,0.23728813559322035,0.2586799630827344,0.26644667983055115,0.0007865717077441703,-0.22898232956399026
12,141,1,0.23898305084745763,0.2602363710807471,0.26223042607307434,0.0005628513521489952,-0.5065252667578988
12,142,1,0.24067796610169492,0.26139310708582164,0.26405662298202515,0.0008240213914107608,-0.33396874285189404
12,143,1,0.2423728813559322,0.2625654976310772,0.2661835849285126,0.001082621651110659,-0.1475178942018116
12,144,1,0.2440677966101695,0.26282994383223257,0.26439470052719116,0.0021332730610373763,0.09975614374186417
12,145,1,0.2457627118644068,0.26318905535123854,0.26443490386009216,0.0028116567294059636,0.3178863793990256
12,146,1,0.24745762711864408,0.2639592806780143,0.2639715075492859,0.0027796024702530942,0.28500349521807733
12,147,1,0.24915254237288137,0.265093656615847,0.263107568025589,0.0022867699304685175,0.08570170779857025
12,148,1,0.25084745762711863,0.2659138919855932,0.2639463543891907,0.002098574306914779,0.06676684638459114
12,149,1,0.25254237288135595,0.2668243247037066,0.26249557733535767,0.0019591286271415254,-0.048637603723489825
12,150,1,0.2542372881355932,0.26731320671173736,0.26340562105178833,0.0023790639572277717,0.1296912349982354
12,151,1,0.2559322033898305,0.26792069080154224,0.2631095051765442,0.0026100613758536385,0.18881165443119352
12,152,1,0.2576271186440678,0.2697667519376828,0.26271548867225647,0.0015448929195722395,-0.16987383828068237
12,153,1,0.2593220338983051,0.2716267351084393,0.26316431164741516,0.0008103150383246667,-0.38198732087864534
12,154,1,0.26101694915254237,0.27259379817841095,0.2628350555896759,0.0008075301346143637,-0.3989816450277715
12,155,1,0.2627118644067797,0.27338361208820616,0.2644907832145691,0.0013378640914875218,-0.14899661467323566
12,156,1,0.26440677966101694,0.2743772517056885,0.2663906216621399,0.0017099547956711692,0.06250669968862735
12,157,1,0.26610169491525426,0.27521329067388456,0.2663591206073761,0.0020265407694765192,0.16184421291513962
12,158,1,0.2677966101694915,0.27687823165708675,0.2649545669555664,0.001258238677635708,-0.15168094030807366
12,159,1,0.26949152542372884,0.2790557632378128,0.25908201932907104,0.0006151282350007732,-0.6438849054241126
12,160,1,0.2711864406779661,0.28109061892879383,0.2689160108566284,0.0005039045639880303,-0.19825519293590443
12,161,1,0.27288135593220336,0.2829693662608691,0.26488539576530457,0.0006654079632997645,-0.34396724331305406
12,162,1,0.2745762711864407,0.285146529200949,0.2686808705329895,0.0009035520066335135,-0.08241242435153806
12,163,1,0.27627118644067794,0.2870351782818824,0.26357513666152954,0.0007251267016013374,-0.389034939989645
12,164,1,0.27796610169491526,0.2894314813373308,0.26396438479423523,0.0011265759960323429,-0.2420734637276089
12,165,1,0.2796610169491525,0.29132934886532524,0.2690495252609253,0.0009392279218925337,-0.053010196118792985
12,166,1,0.28135593220338984,0.29393120866752,0.2716308534145355,0.0014510920729732379,0.23636912138690788
12,167,1,0.2830508474576271,0.2961825553316304,0.2741544842720032,0.0015062688704409032,0.37740482196251357
12,168,1,0.2847457627118644,0.29822963894581644,0.2698076367378235,0.0012665082221899725,0.08836218927229028
12,169,1,0.2864406779661017,0.30008478333435223,0.2662986218929291,0.0009221132086043427,-0.19303558576080218
12,170,1,0.288135593220339,0.30262004704107254,0.2672062814235687,0.001268518298067912,-0.038253418423286834
12,171,1,0.28983050847457625,0.3046666439113777,0.266504168510437,0.0011429055749849325,-0.11262604849249924
12,172,1,0.29152542372881357,0.30674046857611,0.2699926197528839,0.001095708094780391,0.04298680621742196
12,173,1,0.29322033898305083,0.30956081961140086,0.2664249539375305,0.0017883517224978728,0.08916698960144145
12,174,1,0.29491525423728815,0.3110154721587391,0.26574522256851196,0.0009955653615398062,-0.19670225723944934
12,175,1,0.2966101694915254,0.31228619790413004,0.2668917179107666,0.0005945019513931164,-0.2684134977540322
12,176,1,0.2983050847457627,0.31370246833696136,0.271973580121994,0.000528167540694283,-0.04095020825214363
12,177,1,0.3,0.3146753062528065,0.27613818645477295,0.0012104154231761966,0.38017365624108385
12,178,1,0.3016949152542373,0.31541928748565246,0.27144256234169006,0.0017450558506816195,0.3208281508611839
12,179,1,0.30338983050847457,0.31618414236291914,0.26833826303482056,0.0020811548051433027,0.27606467747187236
12,180,1,0.3050847457627119,0.3168131036746728,0.26787400245666504,0.002426679608086917,0.3634531712092265
12,181,1,0.30677966101694915,0.31754116664031845,0.27043840289115906,0.002476275476869143,0.5047049504315697
12,182,1,0.30847457627118646,0.31827603065175397,0.2709488570690155,0.0024578765623116273,0.5238132173326955
12,183,1,0.3101694915254237,0.31879071228857314,0.2671755850315094,0.0026573807170178643,0.40279892050447397
12,184,1,0.31186440677966104,0.3194638603084237,0.268598347902298,0.002635875178580759,0.4655466493204045
12,185,1,0.3135593220338983,0.32075707631535977,0.27013564109802246,0.0020053483300824394,0.3398355469512086
12,186,1,0.3152542372881356,0.3212280274529919,0.26997968554496765,0.002338374611210602,0.4383234717975304
12,187,1,0.3169491525423729,0.3226290177758445,0.26724186539649963,0.0016753834886674857,0.09313285329768757
12,188,1,0.31864406779661014,0.32389404430198404,0.26674553751945496,0.0013699333343458065,-0.028477233626400672
12,189,1,0.32033898305084746,0.32451724405294274,0.2697066068649292,0.001854279581777184,0.270710262017009
12,190,1,0.3220338983050847,0.32505832471899876,0.2682774066925049,0.0022532408501169266,0.3279219838025666
12,191,1,0.32372881355932204,0.3259628469251625,0.26751360297203064,0.002306292960454941,0.3074621363810941
12,192,1,0.3254237288135593,0.3267733171590246,0.26969555020332336,0.0023292800139222847,0.42152586310435747
12,193,1,0.3271186440677966,0.32834169455389084,0.2692563831806183,0.0014807208333161726,0.12965309450705376
12,194,1,0.3288135593220339,0.32964117082605643,0.2681155502796173,0.0011373571863875932,-0.035566577198444055
12,195,1,0.3305084745762712,0.33105464357489045,0.2704768776893616,0.0008695959643180306,-0.00537318989571739
12,196,1,0.33220338983050846,0.3313237305930026,0.26928868889808655,0.0018734581086378866,0.25637720803579145
12,197,1,0.3338983050847458,0.33244590881900726,0.26710063219070435,0.0018888832411276969,0.1542544595394128
12,198,1,0.33559322033898303,0.3335531380603958,0.2685021758079529,0.0018077075660182674,0.1969505733163692
12,199,1,0.33728813559322035,0.3351083144899467,0.27231210470199585,0.001230522945052175,0.1994121235813378
12,200,1,0.3389830508474576,0.3361530444578086,0.26906874775886536,0.0011992107059544,0.030772350596014353
12,201,1,0.34067796610169493,0.33698723245585605,0.2680940330028534,0.0015723511741084096,0.1019894483803129
12,202,1,0.3423728813559322,0.3381670993643001,0.26637741923332214,0.0015278151748765612,0.0038229796766822144
12,203,1,0.3440677966101695,0.3391565654482039,0.2681131064891815,0.0016918394169488527,0.14099683107818095
12,204,1,0.34576271186440677,0.34084908094169325,0.26825016736984253,0.0010113866630237934,-0.06912109238241324
12,205,1,0.3474576271186441,0.3416935976758511,0.2698705196380615,0.0013408790498370838,0.11513625554851678
12,206,1,0.34915254237288135,0.3423778333182057,0.2652074992656708,0.0018332347124812454,0.043911871354931534
12,207,1,0.35084745762711866,0.3436854825485039,0.2667868733406067,0.0015782689706594789,0.03992997597596307
12,208,1,0.3525423728813559,0.34531480667159437,0.27226731181144714,0.001081174122644012,0.14963164676864543
12,209,1,0.35423728813559324,0.34596497143808963,0.2704455256462097,0.0015474407886239983,0.2090849171755759
12,210,1,0.3559322033898305,0.34772224061697565,0.27110278606414795,0.0008877532051056971,0.031031432838604378
12,211,1,0.3576271186440678,0.34952748360330155,0.27272799611091614,0.000526062160528152,-0.004715683021741468
12,212,1,0.3593220338983051,0.351785741244175,0.2684333324432373,0.0005690019407594084,-0.2011244642272623
12,213,1,0.3610169491525424,0.35373641782373577,0.2651616334915161,0.0007418264249254414,-0.3061035706725375
12,214,1,0.36271186440677966,0.35469842849610955,0.2643631100654602,0.00037031584263845713,-0.4635466300355862
12,215,1,0.3644067796610169,0.3564488239478555,0.2655816376209259,0.00032406174212493155,-0.41867592465887665
12,216,1,0.36610169491525424,0.35797075187258187,0.2644099295139313,0.00044108317856193953,-0.43870660867306255
12,217,1,0.3677966101694915,0.3598548765937531,0.2683585584163666,0.00023314523903878684,-0.3118013847414528
12,218,1,0.3694915254237288,0.3620691275542846,0.2728073298931122,0.0005814251535347215,0.016806396220053366
12,219,1,0.3711864406779661,0.36378972806640464,0.27062171697616577,0.0004593509011110009,-0.12901028720511093
12,220,1,0.3728813559322034,0.36483777328428535,0.2683495283126831,0.000365754877957417,-0.26998773951585747
12,221,1,0.37457627118644066,0.3668174627241387,0.2677672505378723,0.00029155143566270147,-0.32211682854519696
12,222,1,0.376271186440678,0.36872203910105256,0.26835447549819946,0.0002486977723362545,-0.30704538163364054
12,223,1,0.37796610169491524,0.36989354609580305,0.26864171028137207,0.00039268687134215604,-0.24711270062536284
12,224,1,0.37966101694915255,0.37138384773927785,0.26803553104400635,0.0004283397352169027,-0.26540587308601316
12,225,1,0.3813559322033898,0.37329118018262525,0.2662089467048645,0.0002633198667975463,-0.4073435844429113
12,226,1,0.38305084745762713,0.37462058066869314,0.26835715770721436,0.00044655478417142565,-0.24386803479573863
12,227,1,0.3847457627118644,0.37620983198893143,0.2631021738052368,0.00033193885584324896,-0.5374592011242414
12,228,1,0.3864406779661017,0.3775996350798561,0.26331865787506104,0.0005212072382006649,-0.46655957087337674
12,229,1,0.38813559322033897,0.37944747141993224,0.26046082377433777,0.0003023394686722205,-0.676103512049684
12,230,1,0.3898305084745763,0.3820062574421889,0.26165488362312317,0.0007923954796607969,-0.4615372435720005
12,231,1,0.39152542372881355,0.38379176291113726,0.26030394434928894,0.000731481755235226,-0.5470339035690699
12,232,1,0.39322033898305087,0.38565732238163847,0.2625589072704315,0.0007015584951849796,-0.44625791448857854
12,233,1,0.3949152542372881,0.38772964665922033,0.2598225474357605,0.0007594609473212233,-0.561668006656703
12,234,1,0.39661016949152544,0.38875830784897825,0.2616274058818817,0.00028242167274288184,-0.6253820040152764
12,235,1,0.3983050847457627,0.3906389823939289,0.26187121868133545,0.00020922457018582319,-0.6367787737453858
12,236,1,0.4,0.39186264730636505,0.261912077665329,0.0005778996877512809,-0.517303526417913
12,237,1,0.4016949152542373,0.3936445402233969,0.2609418034553528,0.0003893880257820572,-0.6248368095175892
12,238,1,0.4033898305084746,0.395287904947316,0.2601437270641327,0.00019753262023167564,-0.7250117875103309
12,239,1,0.40508474576271186,0.3969888286306162,0.26114124059677124,0.00013213902554614374,-0.6970516046948079
12,240,1,0.4067796610169492,0.3990632488784721,0.263435959815979,0.0003727864283737237,-0.5081147987162
12,241,1,0.40847457627118644,0.40062273488546046,0.2649436593055725,0.0002012754734760689,-0.4890105088904167
12,242,1,0.4101694915254237,0.4019841483069663,0.26641690731048584,0.0002510132016747701,-0.40109178354840735
12,243,1,0.411864406779661,0.4034990461356056,0.2611299753189087,0.0004101762129480757,-0.6090075500132927
12,244,1,0.4135593220338983,0.404997309239299,0.2607384920120239,0.0005394674855019754,-0.5869605736055508
12,245,1,0.4152542372881356,0.40594342268352424,0.2566923201084137,0.001076869131483459,-0.6136555763010685
12,246,1,0.41694915254237286,0.4069359966442781,0.2580645978450775,0.001414467120245554,-0.4389510162106105
12,247,1,0.4186440677966102,0.4081957517886353,0.2598486542701721,0.0013926740602163024,-0.35862072870392214
12,248,1,0.42033898305084744,0.40869163029204525,0.2591964602470398,0.0020709719700637997,-0.17438931431071458
12,249,1,0.42203389830508475,0.40919233587313025,0.25805526971817017,0.0024938466521653036,-0.09546851538097059
12,250,1,0.423728813559322,0.4104330285591698,0.25906360149383545,0.0020653822635272757,-0.18266978417260119
12,251,1,0.42542372881355933,0.41159911941342364,0.2628119885921478,0.0017735493879963583,-0.09229291718394671
12,252,1,0.4271186440677966,0.413259540821123,0.2621903121471405,0.0009639698864941248,-0.3806732153426243
12,253,1,0.4288135593220339,0.41422698587560863,0.2637261748313904,0.0011385024642778952,-0.24992618547831613
12,254,1,0.43050847457627117,0.4159309394532209,0.2607578933238983,0.0006962917414563798,-0.536040222343275
12,255,1,0.4322033898305085,0.41750747063396104,0.2602818012237549,0.0004911579300578994,-0.624695097171375
12,256,1,0.43389830508474575,0.4177176400049397,0.25602665543556213,0.0017580763642135334,-0.4291560937200919
12,257,1,0.43559322033898307,0.4187676369674646,0.2554180920124054,0.0018226041976428398,-0.4383650356313529
12,258,1,0.43728813559322033,0.41999772899965127,0.2549639642238617,0.0017276749384201751,-0.4908293120712054
12,259,1,0.43898305084745765,0.4207439961577213,0.25559306144714355,0.001998105166957741,-0.3738831828057012
12,260,1,0.4406779661016949,0.421679975374274,0.25729507207870483,0.001871257331345121,-0.3310416788682628
12,261,1,0.4423728813559322,0.4228311208856797,0.25657299160957336,0.0017106956622729864,-0.4175274096951227
12,262,1,0.4440677966101695,0.4238162220458245,0.2606291174888611,0.0017414654816819853,-0.2093005050650968
12,263,1,0.4457627118644068,0.42502953375780345,0.2611050009727478,0.0014827770312462896,-0.268450451822114
12,264,1,0.44745762711864406,0.4267050877128733,0.2603873908519745,0.0008786074761969342,-0.4960709046724078
12,265,1,0.4491525423728814,0.42811125142033774,0.26370546221733093,0.000728721853382368,-0.38151394678649003
12,266,1,0.45084745762711864,0.4288984570429313,0.26293957233428955,0.0012615488644533313,-0.24919800362147612
12,267,1,0.45254237288135596,0.43011657212926097,0.26250848174095154,0.0013139925274003195,-0.2535756841284733
12,268,1,0.4542372881355932,0.43093079042205445,0.26173532009124756,0.00177153382747121,-0.1456048804331538
12,269,1,0.4559322033898305,0.4322101654166479,0.2609767019748688,0.0015485845101731056,-0.2537575105036566
12,270,1,0.4576271186440678,0.4330950019034626,0.26264944672584534,0.0016884765224358823,-0.12735236625208246
12,271,1,0.45932203389830506,0.43388759432197754,0.2638193368911743,0.0019450203190538463,0.01162405642766125
12,272,1,0.4610169491525424,0.4352314587591458,0.260187029838562,0.001543911430064675,-0.2938766587915359
12,273,1,0.46271186440677964,0.43679568230979926,0.26218482851982117,0.0010548549636840866,-0.3519813999041731
12,274,1,0.46440677966101696,0.43752807058889986,0.2689030170440674,0.001468845907871318,0.10858283621531073
12,275,1,0.4661016949152542,0.43854403549209664,0.26580309867858887,0.0015611481760338542,-0.013650905410339087
12,276,1,0.46779661016949153,0.4390226595297638,0.26496705412864685,0.0022466344308964426,0.16387722601367494
12,277,1,0.4694915254237288,0.4399765841208162,0.26644036173820496,0.002240510032498576,0.23399868325192735
12,278,1,0.4711864406779661,0.44102183142691426,0.2662260830402374,0.0019904881791547747,0.14384815188581787
12,279,1,0.4728813559322034,0.44225717848887025,0.27010253071784973,0.0016285813267023653,0.21816091632762294
12,280,1,0.4745762711864407,0.4432165856471109,0.26918235421180725,0.0015974599176550742,0.1632299781720121
12,281,1,0.47627118644067795,0.4438827014951015,0.26971569657325745,0.0019798255990012715,0.3111595258626032
12,282,1,0.47796610169491527,0.4448218910739021,0.27024710178375244,0.0020171653637720156,0.3490535476774553
12,283,1,0.47966101694915253,0.4453579268599892,0.2698005735874176,0.00243114448943184,0.4591221180545121
12,284,1,0.48135593220338985,0.446286947060346,0.2685604393482208,0.0022773113818548175,0.34943765574676455
12,285,1,0.4830508474576271,0.4467002543066427,0.2688887417316437,0.002631594488866894,0.4783884504452801
12,286,1,0.4847457627118644,0.4472069346417458,0.26830992102622986,0.0028293023566490372,0.5130716411041792
12,287,1,0.4864406779661017,0.44775278458121287,0.26671916246414185,0.0028797133091429273,0.45131626863805857
12,288,1,0.488135593220339,0.4481750792125506,0.26446211338043213,0.0030561331081111077,0.3971186069275405
12,289,1,0.48983050847457626,0.44855832632625897,0.26647937297821045,0.0031449190324538846,0.5240924306892032
12,290,1,0.4915254237288136,0.44914153982183214,0.2660636007785797,0.003026223541784766,0.4659314879473121
12,291,1,0.49322033898305084,0.4498090597723784,0.27207663655281067,0.0028423548862601556,0.7014953106210391
12,292,1,0.49491525423728816,0.4507820817852397,0.26891228556632996,0.002383401671190182,0.40045480977458636
12,293,1,0.4966101694915254,0.4515619782519858,0.2667387127876282,0.002255255847616393,0.25329244434090803
12,294,1,0.49830508474576274,0.45196179520825003,0.2680509686470032,0.0026063518727838676,0.4293618657968144
12,295,1,0.5,0.4521794633194162,0.27055850625038147,0.0030937476082221345,0.7073346750083056
12,296,1,0.5016949152542373,0.4523460018606446,0.2708738446235657,0.0035198099537531876,0.858523372326448
12,297,1,0.5033898305084745,0.4530684173849137,0.2688891589641571,0.0031883744483353228,0.6558239772389164
12,298,1,0.5050847457627119,0.4535522635485129,0.269221693277359,0.0030811380679681023,0.6379209455449193
12,299,1,0.5067796610169492,0.4537699797496949,0.2699090242385864,0.003261038951851773,0.7288691026708296
12,300,1,0.5084745762711864,0.4548975712167624,0.2700929045677185,0.0025310765923540358,0.5052655619061153
12,301,1,0.5101694915254237,0.45678950724205175,0.2722604274749756,0.0013741044841038231,0.24263564794525025
12,302,1,0.511864406779661,0.45973581200405933,0.27163368463516235,0.0010428109023956434,0.10641089368502021
12,303,1,0.5135593220338983,0.46355726320116447,0.2720039188861847,0.003014563474847505,0.752811418871655
12,304,1,0.5152542372881356,0.46786352049637525,0.27197492122650146,0.00487399990719088,1.3438928860710944
12,305,1,0.5169491525423728,0.47272635878079855,0.3110419809818268,0.006495350871711004,3.7716557822287173
12,306,1,0.5186440677966102,0.47747264556018043,0.30029717087745667,0.0072574247664061575,3.4888597227913785
12,307,1,0.5203389830508475,0.4828747107920219,0.3143750727176666,0.008225281609217329,4.485941493132495
12,308,1,0.5220338983050847,0.4892068331051643,0.33806267380714417,0.009728042024645374,6.123565962885649
12,309,1,0.523728813559322,0.49607728508169047,0.3673955202102661,0.011262665848974325,8.047504186619573
12,310,1,0.5254237288135594,0.503040881776488,0.4031476080417633,0.012388530968548845,10.155217395084915
12,311,1,0.5271186440677966,0.5082431263888387,0.41268453001976013,0.011198716526822706,10.242627225568038
12,312,1,0.5288135593220339,0.5131208570177792,0.4089471101760864,0.009734343256558987,9.593180667514083
12,313,1,0.5305084745762711,0.517410625846144,0.4084087908267975,0.008045606106769977,9.028738993114178
12,314,1,0.5322033898305085,0.5216659116783233,0.373165100812912,0.006967556747835986,6.961132427269606
12,315,1,0.5338983050847458,0.5259030176845172,0.33525657653808594,0.006548405278571019,4.973118894439361
12,316,1,0.535593220338983,0.5308620570082518,0.32452458143234253,0.007092471778386051,4.62148278091994
12,317,1,0.5372881355932203,0.5377568260374237,0.3167056739330292,0.009551940809939747,5.022685779020371
12,318,1,0.5389830508474577,0.5472253222603863,0.33824169635772705,0.013933886985082451,7.472494805266843
12,319,1,0.5406779661016949,0.558419212807365,0.25417909026145935,0.018737924886545312,4.891005369923574
12,320,1,0.5423728813559322,0.5698768330288664,0.250065416097641,0.022066496327334803,5.750400342137178
12,321,1,0.5440677966101695,0.5802939710470612,0.24689218401908875,0.02272994034037594,5.80657158185938
12,322,1,0.5457627118644067,0.5886736386698083,0.2449485957622528,0.020475321710713687,4.993070068048703
12,323,1,0.5474576271186441,0.5947803817338251,0.24621006846427917,0.016219985672375023,3.6988389571370486
12,324,1,0.5491525423728814,0.5987813109923614,0.2479342520236969,0.011130622699296334,2.1614848095467556
12,325,1,0.5508474576271186,0.6009461134090115,0.24788103997707367,0.006069305625072642,0.546118651545875
12,326,1,0.5525423728813559,0.6021114623245236,0.2482132464647293,0.0023705581301649453,-0.616217256525473
12,327,1,0.5542372881355933,0.6024904667207056,0.24618315696716309,0.0013682893223000347,-1.0348954057143633
12,328,1,0.5559322033898305,0.602841570506051,0.2502000033855438,0.002485250028774382,-0.48248079041165626
12,329,1,0.5576271186440678,0.6028632489402019,0.2542748749256134,0.003478636473045875,0.03339605168881982
12,330,1,0.559322033898305,0.6030468017118414,0.2504381835460663,0.003774367584203979,-0.06005843321615234
12,331,1,0.5610169491525424,0.6034288599689155,0.24604135751724243,0.0036261441739593877,-0.3223780941106371
12,332,1,0.5627118644067797,0.6038189142246903,0.24535024166107178,0.003470688230237094,-0.4057221486426802
12,333,1,0.5644067796610169,0.6038272684860888,0.24922694265842438,0.0037066698984983422,-0.14088284089817305
12,334,1,0.5661016949152542,0.6036801311844163,0.24876147508621216,0.004094812086642545,-0.03997357819152225
12,335,1,0.5677966101694916,0.6036721857888594,0.24958392977714539,0.004261089850343196,0.05324377954167747
12,336,1,0.5694915254237288,0.6036295088730406,0.2423096001148224,0.004364598221148002,-0.26962787447383774
12,337,1,0.5711864406779661,0.6038876838841796,0.24315029382705688,0.004059071872096575,-0.3258562718512107
12,338,1,0.5728813559322034,0.6039915057731227,0.24483761191368103,0.003970353832676176,-0.27158364824602454
12,339,1,0.5745762711864407,0.6041736317417303,0.2499985247850418,0.003866071511245088,-0.052345176809644345
12,340,1,0.576271186440678,0.6042969010856578,0.24729089438915253,0.0038681636555353434,-0.18413352119075477
12,341,1,0.5779661016949152,0.6048162969781801,0.24390365183353424,0.0035156158161673986,-0.46217215519811583
12,342,1,0.5796610169491525,0.6049739163268344,0.2421519160270691,0.0035901497410131974,-0.5241157356543235
12,343,1,0.5813559322033899,0.6054574651178615,0.2452852576971054,0.003352203588414053,-0.44665564080462167
12,344,1,0.5830508474576271,0.606131786466816,0.23692567646503448,0.0029988405834923283,-0.9681966379739753
12,345,1,0.5847457627118644,0.6068878248634695,0.229961559176445,0.0027015235321283682,-1.40361395640607
12,346,1,0.5864406779661017,0.6077343835769798,0.23621642589569092,0.0023728467899403628,-1.202362331760941
12,347,1,0.588135593220339,0.6084789120741387,0.24131304025650024,0.002318435105317833,-0.970378263220911
12,348,1,0.5898305084745763,0.6089644847137632,0.2407420128583908,0.0025882242047626947,-0.9123455108864048
12,349,1,0.5915254237288136,0.6098612379317603,0.24328556656837463,0.002399645548502404,-0.8480066428115585
12,350,1,0.5932203389830508,0.6107950310749218,0.24594591557979584,0.002209205672413549,-0.7785473153645388
12,351,1,0.5949152542372881,0.611801509933039,0.24704787135124207,0.001967888688781937,-0.8015350038155424
12,352,1,0.5966101694915255,0.612854832942676,0.24392108619213104,0.0017452151438699815,-1.0254484950209277
12,353,1,0.5983050847457627,0.6136526690237785,0.2434244453907013,0.001919966119995663,-0.9940602301007888
12,354,1,0.6,0.6149736023240076,0.24514847993850708,0.0015468905927711208,-1.0286005424877156
12,355,1,0.6016949152542372,0.6160972966398183,0.24885660409927368,0.0014678390892318306,-0.8723915971851982
12,356,1,0.6033898305084746,0.6171879022095328,0.24504247307777405,0.0014511801962121419,-1.064283942174846
12,357,1,0.6050847457627119,0.6179466931269315,0.24861016869544983,0.0017756565955276294,-0.786362518849748
12,358,1,0.6067796610169491,0.61972046580801,0.24280409514904022,0.0011133798461416778,-1.2814218746692767
12,359,1,0.6084745762711864,0.6209555803182778,0.24153776466846466,0.0010269913009702137,-1.3708969665508215
12,360,1,0.6101694915254238,0.6222875050944063,0.2464008927345276,0.0009096374444565613,-1.1703910551589032
12,361,1,0.611864406779661,0.6231557809136903,0.24552273750305176,0.0013162623463909996,-1.0837807015108032
12,362,1,0.6135593220338983,0.6239318383980732,0.24869176745414734,0.0018424768086977728,-0.7610788536493259
12,363,1,0.6152542372881356,0.6247521702894174,0.24776950478553772,0.0020749880648693476,-0.7321066306341044
12,364,1,0.6169491525423729,0.6261445314780965,0.2511831820011139,0.0016317743689752296,-0.706340221087524
12,365,1,0.6186440677966102,0.6276029027926908,0.2523150146007538,0.0011376596503033954,-0.8084190791192232
12,366,1,0.6203389830508474,0.6293040014998975,0.2483089417219162,0.0005499943318152081,-1.1916493654210223
12,367,1,0.6220338983050847,0.630726751283564,0.24958421289920807,0.00046863240463639207,-1.1551897411980456
12,368,1,0.6237288135593221,0.6320626584178117,0.25186607241630554,0.0006263705189253499,-0.9933006461773173
12,369,1,0.6254237288135593,0.633463591990852,0.2516907751560211,0.0007049686808138933,-0.9768311338311666
12,370,1,0.6271186440677966,0.6349414552856423,0.25009486079216003,0.0006922776855639178,-1.058945840051431
12,371,1,0.6288135593220339,0.6372883387309753,0.24875909090042114,0.00036003432816720485,-1.2301582409720029
12,372,1,0.6305084745762712,0.6389741533811452,0.2476978898048401,0.0002966492112000161,-1.30226865035593
12,373,1,0.6322033898305085,0.6412060802573267,0.2484172284603119,0.000794713236998158,-1.1083736289244996
12,374,1,0.6338983050847458,0.6429884569343389,0.24808736145496368,0.0006414678473916758,-1.173341312441328
12,375,1,0.635593220338983,0.6444701970921516,0.24582496285438538,0.0002852184006163376,-1.3975330272364372
12,376,1,0.6372881355932203,0.6456626529143314,0.24320296943187714,0.0004915511750840251,-1.4600518399879563
12,377,1,0.6389830508474577,0.6475017263933575,0.24298959970474243,0.00039524288423261743,-1.5011778565485445
12,378,1,0.6406779661016949,0.6494376592407609,0.2463211566209793,0.00027136154897035097,-1.377675062269555
12,379,1,0.6423728813559322,0.6513786131662633,0.24756769835948944,0.00036607208293810815,-1.2865162593506234
12,380,1,0.6440677966101694,0.6525274972446642,0.2494574338197708,0.0002489842838154431,-1.2313814288737317
12,381,1,0.6457627118644068,0.6528383984052937,0.2479507178068161,0.0016174577791426715,-0.8690315523653906
12,382,1,0.6474576271186441,0.6535513801101722,0.24857266247272491,0.0022386440772481798,-0.6406686738402178
12,383,1,0.6491525423728813,0.6543342994903725,0.25207585096359253,0.0024841549144007536,-0.39106486148417974
12,384,1,0.6508474576271186,0.6549865647923234,0.2534736394882202,0.0025708111934770895,-0.2950736408949395
12,385,1,0.652542372881356,0.6558867101721699,0.24880388379096985,0.0022854327005453912,-0.6144485639361802
12,386,1,0.6542372881355932,0.6572953716765744,0.24682778120040894,0.0016388491378600146,-0.9171484159668134
12,387,1,0.6559322033898305,0.6574106404646687,0.24662543833255768,0.0024595782413662382,-0.6655256834333381
12,388,1,0.6576271186440678,0.6574554808587126,0.2504194378852844,0.0031838230908963357,-0.249149469084051
12,389,1,0.6593220338983051,0.6572837504646627,0.2476920187473297,0.00397278250154358,-0.13117459007697552
12,390,1,0.6610169491525424,0.6573799824982268,0.24734731018543243,0.004225810541102647,-0.0674113380361302
12,391,1,0.6627118644067796,0.6575451762648294,0.24772275984287262,0.004081769479913138,-0.09494261255088299
12,392,1,0.6644067796610169,0.6581137800604907,0.245962455868721,0.0035467996342920683,-0.3515206322064469
12,393,1,0.6661016949152543,0.6590101902188442,0.24817891418933868,0.002814964276383074,-0.4762889932036938
12,394,1,0.6677966101694915,0.6593087829891403,0.24883493781089783,0.0029479814446323627,-0.4018116234330859
12,395,1,0.6694915254237288,0.6602846823327074,0.24875915050506592,0.0024542822237936125,-0.5628338325499429
12,396,1,0.6711864406779661,0.6615649942971285,0.24645157158374786,0.001858846776342087,-0.8654511390905397
12,397,1,0.6728813559322034,0.6635438057618216,0.24757328629493713,0.0008833481685199775,-1.1214154956084346
12,398,1,0.6745762711864407,0.6647099072841893,0.24773402512073517,0.0007101412341849899,-1.168743800801972
12,399,1,0.676271186440678,0.6654934953700766,0.24631018936634064,0.001276834222059946,-1.0578227926978534
12,400,1,0.6779661016949152,0.6669634914120273,0.24504323303699493,0.001109041439451607,-1.1732675488326556
12,401,1,0.6796610169491526,0.6694638915230673,0.24707704782485962,0.0006469744352467062,-1.2210103568589827
12,402,1,0.6813559322033899,0.6707385798089487,0.2457098513841629,0.0004292030062881812,-1.3572842174161295
12,403,1,0.6830508474576271,0.6723382766059962,0.2489655315876007,0.0002385782682080721,-1.2587606954477097
12,404,1,0.6847457627118644,0.6746614495645302,0.24962645769119263,0.0005409075538454889,-1.1300930511007738
12,405,1,0.6864406779661016,0.6764534400183064,0.25103509426116943,0.00040840846949595337,-1.1034039006562344
12,406,1,0.688135593220339,0.6787949037933183,0.2541946768760681,0.0010024851206980444,-0.7595402654844418
12,407,1,0.6898305084745763,0.6807884730490754,0.2515307366847992,0.0009819733803627505,-0.8963939353343128
12,408,1,0.6915254237288135,0.6835820976600313,0.24831072986125946,0.0016630488805488407,-0.8368926925479399
12,409,1,0.6932203389830508,0.6853304429248335,0.2481398582458496,0.0011812321214757348,-0.9987800596003806
12,410,1,0.6949152542372882,0.6877241289161665,0.24403324723243713,0.001355667386177024,-1.1440890929411807
12,411,1,0.6966101694915254,0.6897849781073984,0.24508465826511383,0.0011842102966968093,-1.1472888856883585
12,412,1,0.6983050847457627,0.6921398487802405,0.24792331457138062,0.0012899547049581971,-0.974729292575932
12,413,1,0.7,0.6943150883066638,0.2482004463672638,0.0013257564513291919,-0.9497641935491865
12,414,1,0.7016949152542373,0.6974749588243164,0.2493589222431183,0.002239465623524268,-0.6019437273775466
12,415,1,0.7033898305084746,0.7013654580827338,0.24898971617221832,0.003692257404904127,-0.15708022868557925
12,416,1,0.7050847457627119,0.703976474215038,0.24857746064662933,0.0034081535433744662,-0.2677756789151469
12,417,1,0.7067796610169491,0.7064555582900117,0.2483063042163849,0.002928081259648869,-0.4340130262967868
12,418,1,0.7084745762711865,0.7088457415001401,0.2467029094696045,0.0022831469739402876,-0.7179547911599169
12,419,1,0.7101694915254237,0.7110229905871839,0.2476920783519745,0.0016177003920281163,-0.8816066690126104
12,420,1,0.711864406779661,0.713130172530213,0.24764448404312134,0.0013104992089447553,-0.9818230446590201
12,421,1,0.7135593220338983,0.7160993153893882,0.24851050972938538,0.001991217489326137,-0.7225503636050625
12,422,1,0.7152542372881356,0.7186724031179894,0.24332191050052643,0.002153365943083225,-0.9247044781060201
12,423,1,0.7169491525423729,0.7214663263024848,0.243952214717865,0.002490623723116243,-0.7864050426501938
12,424,1,0.7186440677966102,0.7228691269655467,0.2425084114074707,0.0014300865604569878,-1.1949694823385877
12,425,1,0.7203389830508474,0.7247173210598785,0.2400502860546112,0.0007683414334244372,-1.5260806371459639
12,426,1,0.7220338983050848,0.7264176664650405,0.23981083929538727,0.00031290915301780914,-1.6829153618121149
12,427,1,0.7237288135593221,0.7283660044497937,0.23999331891536713,0.00025391207838122546,-1.6927877319304305
12,428,1,0.7254237288135593,0.7297381478930998,0.24018914997577667,0.00013778874037658525,-1.7202099555393975
12,429,1,0.7271186440677966,0.7308477089876171,0.24249908328056335,0.0007065581525109043,-1.4259744717377103
12,430,1,0.7288135593220338,0.7314413592288898,0.24442526698112488,0.0016455048931728767,-1.0325565627435127
12,431,1,0.7305084745762712,0.7320194173263093,0.2428705096244812,0.002323369986715689,-0.8926157002017314
12,432,1,0.7322033898305085,0.7331258460284035,0.24343730509281158,0.0021302945037503674,-0.926411069341011
12,433,1,0.7338983050847457,0.733544150951421,0.24905122816562653,0.0025589141145587625,-0.5152052172766367
12,434,1,0.735593220338983,0.7343961909034533,0.24872592091560364,0.0023809846534774293,-0.5878152958536516
12,435,1,0.7372881355932204,0.7353732518415096,0.24821649491786957,0.0021426316340620467,-0.68868596934756
12,436,1,0.7389830508474576,0.7365587085844388,0.2479950189590454,0.001795633519932881,-0.8100895793318609
12,437,1,0.7406779661016949,0.7371485986386006,0.24956399202346802,0.0020639591047799544,-0.6478361505930171
12,438,1,0.7423728813559322,0.737608485227595,0.24953003227710724,0.0025051844375804256,-0.5089032135621827
12,439,1,0.7440677966101695,0.7373032701344744,0.25156494975090027,0.0036134731117365023,-0.056206190037859316
12,440,1,0.7457627118644068,0.7377610260511831,0.2506021559238434,0.0036382217682689884,-0.09541921796796171
12,441,1,0.747457627118644,0.7387115448038469,0.2502627670764923,0.002988282382291223,-0.3191217300604577
12,442,1,0.7491525423728813,0.7394379862960435,0.25087013840675354,0.0026525774314062212,-0.3963803203342159
12,443,1,0.7508474576271187,0.7395677927177813,0.25015369057655334,0.0029801462767805754,-0.32705018929399626
12,444,1,0.752542372881356,0.7403352445046135,0.2516222298145294,0.0027788251357750583,-0.31936045088183396
12,445,1,0.7542372881355932,0.7416540041828121,0.24923430383205414,0.0021036200709340525,-0.6513264527502192
12,446,1,0.7559322033898305,0.7422626812062683,0.24610164761543274,0.002230557892219225,-0.764125258738948
12,447,1,0.7576271186440678,0.742835950137907,0.24778622388839722,0.0023634626881366295,-0.6393677675344911
12,448,1,0.7593220338983051,0.7433957210308911,0.2467813938856125,0.0026207311501839792,-0.6065459105244256
12,449,1,0.7610169491525424,0.7443585807169409,0.24292626976966858,0.0024229905957035714,-0.8581443580648296
12,450,1,0.7627118644067796,0.7453740969452267,0.24495601654052734,0.002083618500950001,-0.8669900581346193
12,451,1,0.764406779661017,0.7462869173909125,0.24787551164627075,0.001948651990003868,-0.7671772152531737
12,452,1,0.7661016949152543,0.74770537875682,0.24527138471603394,0.0013929324373477148,-1.0716461314375205
12,453,1,0.7677966101694915,0.7492857532655877,0.24880343675613403,0.0008899723600622344,-1.0591268073472098
12,454,1,0.7694915254237288,0.7514447035932305,0.26098209619522095,0.00039746724495690847,-0.6202913203630473
12,455,1,0.7711864406779662,0.7536184451688079,0.26751139760017395,0.0006932747439954268,-0.20662583947832924
12,456,1,0.7728813559322034,0.7557514138495435,0.2643917500972748,0.0009933614802570944,-0.2636152447397434
12,457,1,0.7745762711864407,0.7578907120393854,0.2661016881465912,0.0011211508969181504,-0.13924706653449145
12,458,1,0.7762711864406779,0.7605516595870638,0.2642408311367035,0.0016308587511471417,-0.06786279412601703
12,459,1,0.7779661016949152,0.7630545979296612,0.2646946310997009,0.0018570580952862025,0.02641399354399384
12,460,1,0.7796610169491526,0.7648063825159249,0.2651577591896057,0.0012498044913365602,-0.14442845835219814
12,461,1,0.7813559322033898,0.7670718747204389,0.2657633125782013,0.0012515545292551954,-0.11424765653128383
12,462,1,0.7830508474576271,0.7695192865982703,0.2655828595161438,0.001403675736823191,-0.07460261526618674
12,463,1,0.7847457627118644,0.7720466295862631,0.25857827067375183,0.0016891119720144187,-0.32630838262795103
12,464,1,0.7864406779661017,0.7741259278196433,0.2608458697795868,0.0015204022912441006,-0.26913783259051083
12,465,1,0.788135593220339,0.7764135708356971,0.2668339014053345,0.0014781589813682838,0.010331007828034394
12,466,1,0.7898305084745763,0.7788601682219283,0.2701784074306488,0.0015893323387849555,0.2093662497750844
12,467,1,0.7915254237288135,0.7811829944464047,0.26399993896484375,0.0015769381573468976,-0.09682856033800741
12,468,1,0.7932203389830509,0.7827483519179443,0.26364362239837646,0.000924422112716293,-0.32218020141303966
12,469,1,0.7949152542372881,0.784039507468247,0.2666315734386444,0.00046660895741097925,-0.3218920011906754
12,470,1,0.7966101694915254,0.7852239408567028,0.2655128836631775,0.0007282968301031855,-0.29323184540547403
12,471,1,0.7983050847457627,0.7866706391749715,0.26102566719055176,0.0008725416705280975,-0.4667798027361734
12,472,1,0.8,0.7877462828469544,0.2668289542198181,0.0011688091806869184,-0.08848375263297437
12,473,1,0.8016949152542373,0.7885518531566315,0.26604777574539185,0.0016127216032623282,0.014752101921696487
12,474,1,0.8033898305084746,0.7892325259254066,0.2653157711029053,0.0020601352565832887,0.12150914832239948
12,475,1,0.8050847457627118,0.7900609766525057,0.27047327160835266,0.002233830796660107,0.42915692837446373
12,476,1,0.8067796610169492,0.7917991295822361,0.2699415981769562,0.0013634422665435254,0.1258030125367634
12,477,1,0.8084745762711865,0.7921611058530367,0.2710534334182739,0.00199449764933317,0.38127565876243197
12,478,1,0.8101694915254237,0.7935124864140182,0.26583558320999146,0.0015454302624529782,-0.017070223140586108
12,479,1,0.811864406779661,0.7942216122850704,0.2649829089641571,0.0019062945135536625,0.0562052390503934
12,480,1,0.8135593220338984,0.7954487088562869,0.26528578996658325,0.0017193568504782642,0.01145518204660638
12,481,1,0.8152542372881356,0.7962331175780994,0.2668568789958954,0.0018473429471784642,0.12909365438632125
12,482,1,0.8169491525423729,0.796472805958468,0.2669897973537445,0.002625657498075572,0.38360190082690426
12,483,1,0.8186440677966101,0.7971009395139022,0.2647022008895874,0.0027376038287539196,0.30736574266621314
12,484,1,0.8203389830508474,0.7982912424937125,0.26386553049087524,0.002267132656151487,0.11652327432247045
12,485,1,0.8220338983050848,0.7994429516127467,0.2631211578845978,0.0018260569464737132,-0.060437348366119734
12,486,1,0.823728813559322,0.8007330498863998,0.2641442120075226,0.0013384171814824087,-0.16577434652424552
12,487,1,0.8254237288135593,0.8019261192668168,0.2678247392177582,0.001210408783048388,-0.026515287548090655
12,488,1,0.8271186440677966,0.80297786158727,0.26520615816116333,0.0013649614008238043,-0.10536665509906096
12,489,1,0.8288135593220339,0.8042241589794457,0.2655697166919708,0.0012903187820375462,-0.11136617106564711
12,490,1,0.8305084745762712,0.8053187263653865,0.2638658285140991,0.0013910532377714602,-0.16262041931951993
12,491,1,0.8322033898305085,0.8065496948213028,0.26473620533943176,0.0013065039016018232,-0.14698353708218606
12,492,1,0.8338983050847457,0.8071987244010493,0.26617175340652466,0.0018133682104767724,0.08475201043544807
12,493,1,0.8355932203389831,0.8085968176524639,0.2652720808982849,0.0014704906625070003,-0.06851540525833351
12,494,1,0.8372881355932204,0.809174460736147,0.2678636908531189,0.001986012247078549,0.22253231196338777
12,495,1,0.8389830508474576,0.8097596204538806,0.26876991987228394,0.0023647861220350164,0.38755864955958164
12,496,1,0.8406779661016949,0.8099758734365863,0.27027565240859985,0.002951014547473806,0.648016536192106
12,497,1,0.8423728813559322,0.810408894246154,0.2712688446044922,0.0032122809967902884,0.7798538926000504
12,498,1,0.8440677966101695,0.8110743577310447,0.26767194271087646,0.002999836660322096,0.5362021727000312
12,499,1,0.8457627118644068,0.8119774189265794,0.26634255051612854,0.002571749713511916,0.33476168865117295
12,500,1,0.847457627118644,0.812826661186554,0.24658025801181793,0.0022769570717119814,-0.725927178057471
12,501,1,0.8491525423728814,0.8140481046043578,0.2467002421617508,0.0017682105914000757,-0.8821671457306206
12,502,1,0.8508474576271187,0.8148552809994813,0.24911604821681976,0.0018708367858275166,-0.7312866333655059
12,503,1,0.8525423728813559,0.8160643294909047,0.24560421705245972,0.0016070191115133293,-0.9871466190279385
12,504,1,0.8542372881355932,0.8180513296367374,0.24771612882614136,0.000786350245043306,-1.1453356568373758
12,505,1,0.8559322033898306,0.819617425256018,0.2481096088886261,0.0004605731133139095,-1.229894178224541
12,506,1,0.8576271186440678,0.8212125775839175,0.24694374203681946,0.0002064306776442098,-1.3679086022872218
12,507,1,0.8593220338983051,0.8229747982820661,0.24843014776706696,9.796195448330558e-05,-1.3297578971352553
12,508,1,0.8610169491525423,0.8252772111160422,0.250507652759552,0.0005686962531826057,-1.0781310030845928
12,509,1,0.8627118644067797,0.8270695378465857,0.2445560246706009,0.0005545526138998181,-1.3737864291487416
12,510,1,0.864406779661017,0.8297929492255868,0.24134932458400726,0.0014149358452590199,-1.2564987309799867
12,511,1,0.8661016949152542,0.8325989303277319,0.24532921612262726,0.0020758240369868463,-0.8512171157974341
12,512,1,0.8677966101694915,0.8355653763749826,0.2465331256389618,0.002636237072821108,-0.6137501000108955
12,513,1,0.8694915254237288,0.839349451640377,0.24975921213626862,0.0038482710234803833,-0.06972418510577283
12,514,1,0.8711864406779661,0.8429159598881398,0.25066882371902466,0.0043448008227953815,0.13298995396372726
12,515,1,0.8728813559322034,0.8465227703709519,0.2488418072462082,0.004670858639969201,0.14751052208234727
12,516,1,0.8745762711864407,0.8506359525002293,0.2518599033355713,0.0053030807584415595,0.49660761582850077
12,517,1,0.8762711864406779,0.8545950598713083,0.2533988058567047,0.005494544098208971,0.6328982535663545
12,518,1,0.8779661016949153,0.8587108661153169,0.25093746185302734,0.005798948284484668,0.6094882339226229
12,519,1,0.8796610169491526,0.8639896824286949,0.2492711991071701,0.007129038041068415,0.9518024347218935
12,520,1,0.8813559322033898,0.8678142101905575,0.24919728934764862,0.0065868377884952655,0.7754174652965933
12,521,1,0.8830508474576271,0.872146783867774,0.24897319078445435,0.006624847043129723,0.7765662091899922
12,522,1,0.8847457627118644,0.8768299477131068,0.2602398991584778,0.00692007988934616,1.4217985336425856
12,523,1,0.8864406779661017,0.8808284513494464,0.25494834780693054,0.006388813126238247,0.9936548387540469
12,524,1,0.888135593220339,0.8851948353113792,0.2551063895225525,0.006545504857983149,1.0513151334809234
12,525,1,0.8898305084745762,0.8889633531518188,0.25511863827705383,0.005968866418217351,0.868171411850814
12,526,1,0.8915254237288136,0.89262969679813,0.2506507933139801,0.0054310677435172715,0.47824137826930246
12,527,1,0.8932203389830509,0.8955888267884116,0.25556063652038574,0.004440260462543073,0.4027110419161045
12,528,1,0.8949152542372881,0.898953426010858,0.25830647349357605,0.004114765825248263,0.43331785223501174
12,529,1,0.8966101694915254,0.9017126506083564,0.25728780031204224,0.0034343427478768906,0.16667184938807167
12,530,1,0.8983050847457628,0.9046898398409428,0.25573456287384033,0.0032242076163288957,0.023730287646220483
12,531,1,0.9,0.9069858195750505,0.2562684714794159,0.0025051515897334797,-0.17927491723979905
12,532,1,0.9016949152542373,0.9089995087975087,0.2581232786178589,0.0016695926155318851,-0.3547859544512806
12,533,1,0.9033898305084745,0.9111341968720954,0.25632670521736145,0.0012927599934559452,-0.562748617932463
12,534,1,0.9050847457627119,0.9128281988107615,0.25725284218788147,0.0006332708314892064,-0.7275856620426997
12,535,1,0.9067796610169492,0.9139397580320234,0.25502175092697144,0.0003730386449520205,-0.9196504341673533
12,536,1,0.9084745762711864,0.9156061759890887,0.2562495768070221,0.0003637218121834584,-0.862554989171972
12,537,1,0.9101694915254237,0.9174625509825297,0.25623565912246704,0.000301908284706149,-0.8829323982457132
12,538,1,0.911864406779661,0.9190676657375735,0.2514627277851105,0.00018620394304477695,-1.1532887770370714
12,539,1,0.9135593220338983,0.9208160200285493,0.25459256768226624,7.355851633078123e-05,-1.0360735438275672
12,540,1,0.9152542372881356,0.9219668991162181,0.25804027915000916,0.0005156862413920759,-0.7265326444358007
12,541,1,0.9169491525423729,0.9232136093434999,0.25561296939849854,0.0008591567958925894,-0.7358294366516571
12,542,1,0.9186440677966101,0.9242530265237279,0.2601451277732849,0.0012575042059072162,-0.38718868491244274
12,543,1,0.9203389830508475,0.925758848426669,0.2610892951488495,0.001048022499504685,-0.4077510986584658
12,544,1,0.9220338983050848,0.9269954756129435,0.2592518925666809,0.0010471024127601137,-0.49792846444593997
12,545,1,0.923728813559322,0.9280205169327249,0.26049986481666565,0.0012792052171600333,-0.3629203305034028
12,546,1,0.9254237288135593,0.929016684543653,0.2676420509815216,0.001484764503538143,0.051969819774955434
12,547,1,0.9271186440677966,0.929975241940958,0.268047958612442,0.001717121611214444,0.14586589513397735
12,548,1,0.9288135593220339,0.9308196422017267,0.2642558515071869,0.0019268197290179968,0.027178457423104832
12,549,1,0.9305084745762712,0.9317502073174814,0.2609384059906006,0.0019522962604591899,-0.12699021178030467
12,550,1,0.9322033898305084,0.9327777517416784,0.26296570897102356,0.0018571744324512463,-0.05812634870903745
12,551,1,0.9338983050847458,0.9338345310484982,0.2635273337364197,0.001740661925137792,-0.06777825958147829
12,552,1,0.9355932203389831,0.9346010336161713,0.26466628909111023,0.0019389816343497613,0.05113204747937879
12,553,1,0.9372881355932203,0.935120636552947,0.26239195466041565,0.0023647265511852356,0.07553498810497951
12,554,1,0.9389830508474576,0.9354536449352846,0.2601778209209442,0.002874325477714006,0.12960255156685072
12,555,1,0.940677966101695,0.9359785035094167,0.26399511098861694,0.0030184402019834567,0.36226258998430594
12,556,1,0.9423728813559322,0.9363197770121134,0.2624916434288025,0.0032131598145163243,0.350760643887127
12,557,1,0.9440677966101695,0.937054186278557,0.26568520069122314,0.0029084363970583327,0.40988819725860837
12,558,1,0.9457627118644067,0.937927756985439,0.2614355981349945,0.002518253121578844,0.0776712980281372
12,559,1,0.9474576271186441,0.9385812996687249,0.2623399496078491,0.002483238450831442,0.11075416180459718
12,560,1,0.9491525423728814,0.9391252158394718,0.26208776235580444,0.0025900213199116107,0.13244319489587084
12,561,1,0.9508474576271186,0.9398731320516899,0.2628159821033478,0.002543464814533174,0.153232096015266
12,562,1,0.9525423728813559,0.9401871896449144,0.2599474787712097,0.002934143664591842,0.13739517035284693
12,563,1,0.9542372881355933,0.9405944934198466,0.260932058095932,0.003091698054528568,0.23576386954874484
12,564,1,0.9559322033898305,0.9411677324284766,0.2567509710788727,0.003021757483678932,0.008942409744011115
12,565,1,0.9576271186440678,0.9411475911110495,0.25769147276878357,0.003552527948357241,0.22407828152576775
12,566,1,0.9593220338983051,0.9415260796391027,0.2624778151512146,0.003492654185143927,0.43914364284332436
12,567,1,0.9610169491525423,0.9417008316208875,0.26364654302597046,0.0036526247019062637,0.5472906203954491
12,568,1,0.9627118644067797,0.9419311698493873,0.2635799050331116,0.0036988710236666596,0.5587669023506988
12,569,1,0.964406779661017,0.9423838238024745,0.2572871446609497,0.0034370764258070826,0.16751084812641653
12,570,1,0.9661016949152542,0.9428371209802641,0.2519124746322632,0.0032928374208738165,-0.1413745060201117
12,571,1,0.9677966101694915,0.9431994713330437,0.2539864480495453,0.0032582474033845,-0.05093940947531567
12,572,1,0.9694915254237289,0.9434430728720691,0.258467435836792,0.003389305792398199,0.2100278265257306
12,573,1,0.9711864406779661,0.9437289131368282,0.25823062658309937,0.0034814412833095595,0.22780182540709282
12,574,1,0.9728813559322034,0.9437880728899484,0.2584792673587799,0.0037585538637777568,0.3282656437243521
12,575,1,0.9745762711864406,0.9439820594833755,0.25889715552330017,0.0038023052477716575,0.36264953739642564
12,576,1,0.976271186440678,0.9439041300532718,0.25945132970809937,0.004075881715458378,0.47693302798463755
12,577,1,0.9779661016949153,0.94421367540951,0.2599192261695862,0.003881600654520882,0.4379154515147827
12,578,1,0.9796610169491525,0.9442830393267182,0.2645045816898346,0.003933427305483088,0.6787414766735397
12,579,1,0.9813559322033898,0.944480827880956,0.26794588565826416,0.003859380360437746,0.8234924804167039
12,580,1,0.9830508474576272,0.9446197461396553,0.2681966722011566,0.0038451542011335867,0.8312276529405542
12,581,1,0.9847457627118644,0.9449227821429826,0.2677135169506073,0.0037210222194020855,0.7680380778110738
12,582,1,0.9864406779661017,0.9451236263218283,0.26383984088897705,0.0036974547239245633,0.5710314484660739
15,8,0,0.013071895424836602,0.9893192818882097,0.36412864923477173,nan,nan
15,9,0,0.014705882352941176,0.0032623373360272027,0.29931411147117615,nan,nan
15,10,0,0.016339869281045753,0.01455442478732784,0.31423646211624146,nan,nan
15,11,0,0.017973856209150325,0.023056478762817495,0.31414762139320374,nan,nan
15,12,0,0.0196078431372549,0.028482924649036803,0.31285473704338074,0.016690311782266362,7.108906975826001
15,13,0,0.021241830065359478,0.031806017150596284,0.31274887919425964,0.010222493593619082,5.04279096798331
15,14,0,0.02287581699346405,0.03375110818563257,0.3262142837047577,0.005031664675013077,4.0474758377174975
15,15,0,0.024509803921568627,0.03504451339866196,0.332427978515625,0.001806637611823691,3.323805996437425
15,16,0,0.026143790849673203,0.03596342155607013,0.33318501710891724,0.0008968641780634144,3.0709449858393745
15,17,0,0.027777777777777776,0.03676851183662651,0.3307603895664215,0.0016172354092885855,3.1818768981094285
15,18,0,0.029411764705882353,0.03758106893558744,0.3477165699005127,0.002045301981835239,4.147760187410347
15,19,0,0.03104575163398693,0.0382930570986668,0.33467212319374084,0.0022908040062445834,3.58786483269839
15,20,0,0.032679738562091505,0.03942932620330833,0.3374249339103699,0.0019666708266042766,3.619246614256278
15,21,0,0.03431372549019608,0.041022464505485745,0.34266898036003113,0.0012400086862364035,3.6442337308959805
15,22,0,0.03594771241830065,0.04290973568140167,0.3358742594718933,0.0005533767006350006,3.093049908110025
15,23,0,0.03758169934640523,0.04491494228289574,0.3244132399559021,0.0003414573839306624,2.4648594809744075
15,24,0,0.0392156862745098,0.047679252180132685,0.3219362497329712,0.001365652838684962,2.670041906199907
15,25,0,0.04084967320261438,0.051218765623686796,0.30890053510665894,0.0028426847880329413,2.5029944951091156
15,26,0,0.042483660130718956,0.055657551220900575,0.2997119128704071,0.004732395105696464,2.655641472845247
15,27,0,0.04411764705882353,0.061952086074044885,0.3045559525489807,0.007839976073966094,3.8828227564178035
15,28,0,0.0457516339869281,0.06946852468809743,0.27197498083114624,0.011097128740231289,3.3268643082640663
15,29,0,0.04738562091503268,0.07813221318701487,0.27498704195022583,0.014313499112157553,4.499091938523026
15,30,0,0.049019607843137254,0.08678025949468803,0.2735294699668884,0.016233183528998704,5.039486469888689
15,31,0,0.05065359477124183,0.09455800059934713,0.2748825252056122,0.01623024756521095,5.104741261108172
15,32,0,0.05228758169934641,0.1011187008622474,0.2746690809726715,0.014639469196785672,4.587406273322915
15,33,0,0.05392156862745098,0.10571617505646305,0.27498599886894226,0.011324399347463805,3.546579400165313
15,34,0,0.05555555555555555,0.1089660755081563,0.2735995054244995,0.0076783093317950146,2.316945180079599
15,35,0,0.05718954248366013,0.11222420046986967,0.27042195200920105,0.005389980290141356,1.4323374791761034
15,36,0,0.058823529411764705,0.11451650298140854,0.27283358573913574,0.003265732834049585,0.8734318667450105
15,37,0,0.06045751633986928,0.11431295888099434,0.2686397433280945,0.0013168203523947924,0.04726153422706281
15,38,0,0.06209150326797386,0.11411079144774634,0.2738730013370514,0.0026386251855357186,0.7244545229306062
15,39,0,0.06372549019607843,0.11395915209357825,0.27565231919288635,0.0040764435246013215,1.2696507886167987
15,40,0,0.06535947712418301,0.1138037026328761,0.27331894636154175,0.004665630891230637,1.3432457298888716
15,41,0,0.06699346405228758,0.11380019548197982,0.27242329716682434,0.004490937954993808,1.2437663066187716
15,42,0,0.06862745098039216,0.11390130775605346,0.27273860573768616,0.00426163483116654,1.1861246561323364
15,43,0,0.07026143790849673,0.11414972851347324,0.27103039622306824,0.003960843150823528,1.0067147406570873
15,44,0,0.0718954248366013,0.1140119102629118,0.2720963656902313,0.004146305506358737,1.1179577089745454
15,45,1,0.07352941176470588,0.1140652034441188,0.2769814133644104,0.00414506423266066,1.3565345959598518
15,46,1,0.07516339869281045,0.11429806632935219,0.27580392360687256,0.003978453337962,1.2458430716697158
15,47,1,0.07679738562091504,0.11464410275868837,0.27029502391815186,0.003731606551950499,0.8976958656267909
15,48,1,0.0784313725490196,0.11509749916594185,0.26833799481391907,0.00340180370600081,0.6968696445715377
15,49,1,0.08006535947712418,0.11595102959890902,0.27082833647727966,0.0028196704987911592,0.6332012583837067
15,50,1,0.08169934640522876,0.11643218258240712,0.2699684500694275,0.002809974053990626,0.5880466174097859
15,51,1,0.08333333333333333,0.1167160031038377,0.2705402374267578,0.0030596825958237473,0.6955863357708902
15,52,1,0.08496732026143791,0.1169443413162331,0.2723388075828552,0.0033493194697156877,0.8758621950051131
15,53,1,0.08660130718954248,0.11755385527416985,0.26584744453430176,0.003201516049351748,0.511213377118329
15,54,1,0.08823529411764706,0.11804926810166977,0.26314207911491394,0.0031068096406670787,0.3486914644852882
15,55,1,0.08986928104575163,0.1185549337826658,0.26767927408218384,0.00300541533948666,0.5383384350828908
15,56,1,0.0915032679738562,0.11907714191806087,0.27012643218040466,0.002942939873798638,0.6381438545697042
15,57,1,0.09313725490196079,0.11987505665345993,0.27254775166511536,0.002678225288856516,0.6722427990884614
15,58,1,0.09477124183006536,0.12059725734568434,0.2658621370792389,0.002536324941454631,0.2999723441348135
15,59,1,0.09640522875816994,0.12111792846789639,0.2660149931907654,0.0026526511302461964,0.3445166875169382
15,60,1,0.09803921568627451,0.12195832981102736,0.2715762257575989,0.0024529984584229104,0.5529491813909417
15,61,1,0.09967320261437909,0.12219916555402599,0.27372974157333374,0.0029324596886658883,0.8110752533815846
15,62,1,0.10130718954248366,0.12259369425300212,0.2657582461833954,0.0031189582148312568,0.48054323288329626
15,63,1,0.10294117647058823,0.1233430453389169,0.26292288303375244,0.002868716355745914,0.26210135683570657
15,64,1,0.10457516339869281,0.123805963773219,0.26263096928596497,0.002962077139198953,0.277570123603622
15,65,1,0.10620915032679738,0.12400266678247994,0.2646696865558624,0.0032272826204859536,0.46180883752197543
15,66,1,0.10784313725490197,0.12450312397539712,0.26556405425071716,0.003177700734682253,0.4897615339475403
15,67,1,0.10947712418300654,0.1251731042292427,0.2738571763038635,0.0029850779114354454,0.8340757833071215
15,68,1,0.1111111111111111,0.1258553556764197,0.26805660128593445,0.0027603411868398365,0.478705325302262
15,69,1,0.11274509803921569,0.12672196734665925,0.2717694938182831,0.002406077492400476,0.5474525635845393
15,70,1,0.11437908496732026,0.12774639157112655,0.26918449997901917,0.0020614784089780114,0.31119209108166584
15,71,1,0.11601307189542484,0.12869094507981324,0.2692289352416992,0.0019277417992236857,0.2707513328233249
15,72,1,0.11764705882352941,0.12979057412916675,0.2694568336009979,0.0017075729625128256,0.21174424286145677
15,73,1,0.119281045751634,0.13034185479396276,0.2718863785266876,0.0021400969109035706,0.4684170988254559
15,74,1,0.12091503267973856,0.13088525746426882,0.266550213098526,0.0025016661024233767,0.322588579087397
15,75,1,0.12254901960784313,0.1317115212685565,0.26771649718284607,0.002460118771421259,0.36640336619666497
15,76,1,0.12418300653594772,0.1320544094231621,0.2733517587184906,0.0028723746640014914,0.7734388618735576
15,77,1,0.12581699346405228,0.13275024597642548,0.27570050954818726,0.0027424969342369366,0.8469528904586989
15,78,1,0.12745098039215685,0.1336749843461623,0.27512896060943604,0.002419856360115812,0.7161854123656929
15,79,1,0.12908496732026145,0.1350876000750698,0.2750350534915924,0.001704672351681662,0.48370179072916286
15,80,1,0.13071895424836602,0.13661460928968597,0.2776035666465759,0.0010216828386938482,0.3917201366019236
15,81,1,0.1323529411764706,0.13796311163073707,0.283136248588562,0.0008132304642737164,0.5959519772899158
15,82,1,0.13398692810457516,0.1391886047682133,0.27537280321121216,0.0008909537403753875,0.24093690505129584
15,83,1,0.13562091503267973,0.1409012601993575,0.27398279309272766,0.0005641346956810302,0.06879954776942665
15,84,1,0.13725490196078433,0.14235593468715046,0.27063897252082825,0.000555443958022832,-0.09754659426974338
15,85,1,0.1388888888888889,0.14339292962479494,0.2700003385543823,0.0009537803697445157,-0.0018601477861351357
15,86,1,0.14052287581699346,0.14402350113785733,0.26749861240386963,0.0016806633551965811,0.10737510312581212
15,87,1,0.14215686274509803,0.14478651352335972,0.2670774757862091,0.0021263750621052114,0.22879723452960538
15,88,1,0.1437908496732026,0.1459690800903489,0.2735910713672638,0.0019151218261165993,0.48012206285446046
15,89,1,0.1454248366013072,0.14740332927905697,0.2689407765865326,0.0013841589882081385,0.08344494285292911
15,90,1,0.14705882352941177,0.14929332306348456,0.2660423815250397,0.0005928655749248515,-0.3104837405618569
15,91,1,0.14869281045751634,0.15082708585889676,0.2694396674633026,0.00029454322399061585,-0.23935028472549208
15,92,1,0.1503267973856209,0.1527909497785372,0.27222922444343567,0.0001732630324155338,-0.14153282897070057
15,93,1,0.15196078431372548,0.15449128433359852,0.2702372968196869,0.0001681301654297818,-0.24061181058064973
15,94,1,0.15359477124183007,0.15635052118304416,0.2707947790622711,0.0002553782512400138,-0.18553908844212536
15,95,1,0.15522875816993464,0.15643751364731381,0.27161961793899536,0.0014219288143802068,0.22652676664788632
15,96,1,0.1568627450980392,0.15750386554783372,0.2736428380012512,0.0017581838609645895,0.43264695462614144
15,97,1,0.15849673202614378,0.1584220849935335,0.27588769793510437,0.00201819335758892,0.6253143196061262
15,98,1,0.16013071895424835,0.1597173283658804,0.27561965584754944,0.0017056501502257671,0.5126116155335396
15,99,1,0.16176470588235295,0.16087580419048106,0.2717496156692505,0.001388876121334164,0.22235407262831888
15,100,1,0.16339869281045752,0.16284496952503802,0.2759779095649719,0.0006649696552125064,0.1985295125844414
15,101,1,0.1650326797385621,0.16570770140466295,0.27257660031318665,0.0009981724627548382,0.13831372060602287
15,102,1,0.16666666666666666,0.16888829368811717,0.2700980007648468,0.002357360643426688,0.45016115565080317
15,103,1,0.16830065359477125,0.17263611395510206,0.27340102195739746,0.0038124395798524017,1.0753957055911423
15,104,1,0.16993464052287582,0.17567852343471305,0.2676902413368225,0.003914771618308095,0.8286367197777603
15,105,1,0.1715686274509804,0.1790760786973374,0.2676982581615448,0.004103938403513736,0.8893059347844314
15,106,1,0.17320261437908496,0.1830479892267288,0.26884666085243225,0.004733754609736502,1.1461725724636596
15,107,1,0.17483660130718953,0.18695783266148883,0.2734740078449249,0.0051036741598435974,1.490411477425163
15,108,1,0.17647058823529413,0.19087863586287812,0.26201745867729187,0.005444047684636228,1.038425054660662
15,109,1,0.1781045751633987,0.19512478000043745,0.2606017291545868,0.005890163715154313,1.1113213755806581
15,110,1,0.17973856209150327,0.19869587936911504,0.2625831961631775,0.005449087758056871,1.0677064492598267
15,111,1,0.18137254901960784,0.2032548005700707,0.2653004825115204,0.00609603642341598,1.406780723785888
15,112,1,0.1830065359477124,0.20781743909469658,0.26498642563819885,0.006584432970896404,1.5470424143936539
15,113,1,0.184640522875817,0.2118428841215043,0.260577917098999,0.006375177189749488,1.264703598850362
15,114,1,0.18627450980392157,0.21575121227802693,0.26352575421333313,0.00610397931600541,1.3224934746241641
15,115,1,0.18790849673202614,0.21946134194516542,0.26491042971611023,0.005550275755915919,1.2137957954577463
15,116,1,0.1895424836601307,0.22284224071775333,0.2650546133518219,0.004879539184730148,1.0071223236221727
15,117,1,0.19117647058823528,0.22568151513972368,0.2670549750328064,0.0039626132009362835,0.812804506087953
15,118,1,0.19281045751633988,0.22863863389028583,0.26594701409339905,0.003460074196943592,0.5984724811058815
15,119,1,0.19444444444444445,0.23114812034790844,0.2585483193397522,0.0027477052515015154,0.00954181416760827
15,120,1,0.19607843137254902,0.2340025389214551,0.2590775191783905,0.002680429224362386,0.013992658436471933
15,121,1,0.1977124183006536,0.2352727751935418,0.26434651017189026,0.0013743692441153298,-0.14442214812652096
15,122,1,0.19934640522875818,0.23748434672660504,0.26458579301834106,0.0009743474651323758,-0.2601815483677564
15,123,1,0.20098039215686275,0.23961022293523823,0.2639492452144623,0.0008887954646857444,-0.31858164207036554
15,124,1,0.20261437908496732,0.2414962656444754,0.26931634545326233,0.0006593125270904899,-0.1291512011806859
15,125,1,0.2042483660130719,0.24357006171071827,0.266329288482666,0.0008596769125782789,-0.2114304117810764
15,126,1,0.20588235294117646,0.2451218463099944,0.26550525426864624,0.0004101440175572111,-0.3949828524467202
15,127,1,0.20751633986928106,0.24677154749571195,0.2634766399860382,0.00019856199097980016,-0.5616404943007073
15,128,1,0.20915032679738563,0.24799792871774531,0.27058061957359314,0.0004864837456545634,-0.12237499389066064
15,129,1,0.2107843137254902,0.2495738766764603,0.26756829023361206,0.000535951555257057,-0.2539729376824884
15,130,1,0.21241830065359477,0.25116571320007575,0.2782765030860901,0.0004450687730771385,0.24090446605135346
15,131,1,0.21405228758169934,0.25292980435260576,0.2723916471004486,0.0002250934846974819,-0.11707173826643624
15,132,1,0.21568627450980393,0.2541923459450867,0.2748596668243408,0.00046896696480992924,0.08137075545283473
15,133,1,0.2173202614379085,0.25553967180841486,0.27449023723602295,0.0006702454083171871,0.12743492886008756
15,134,1,0.21895424836601307,0.2564883864370029,0.2749794125556946,0.0012129795627177798,0.3243044644017124
15,135,1,0.22058823529411764,0.2572081885720299,0.27687573432922363,0.0018238457369225292,0.6117203410759764
15,136,1,0.2222222222222222,0.25835787572986346,0.27532124519348145,0.0017437546339450095,0.5101554188760974
15,137,1,0.2238562091503268,0.26051132785176084,0.27296850085258484,0.0008595145845555443,0.11330253337798318
15,138,1,0.22549019607843138,0.26138487078766953,0.27033841609954834,0.001001056033169594,0.029742471496741973
15,139,1,0.22712418300653595,0.2625153109004006,0.2710128426551819,0.001094737008105211,0.09258581837017665
15,140,1,0.22875816993464052,0.26323442405845965,0.2730841040611267,0.001702404432138831,0.3875403287796527
15,141,1,0.23039215686274508,0.2639117596714662,0.2729600667953491,0.002244205901281342,0.5541148263379612
15,142,1,0.23202614379084968,0.26467197284693916,0.2711501717567444,0.00233410068073474,0.49422080386921025
15,143,1,0.23366013071895425,0.2657907684194526,0.2709727883338928,0.0020370806230386885,0.39089941829597435
15,144,1,0.23529411764705882,0.26695669689185036,0.27493754029273987,0.0016900165304038917,0.474261524001365
15,145,1,0.2369281045751634,0.26816425020107637,0.27063384652137756,0.0014130314295255787,0.17546855356505295
15,146,1,0.238562091503268,0.26896990003525834,0.26854798197746277,0.0016705042277461602,0.15547222316751613
15,147,1,0.24019607843137256,0.2699709868714079,0.2653791308403015,0.0017438991886763611,0.023841630726833235
15,148,1,0.24183006535947713,0.2711414324687753,0.26688331365585327,0.001618508204297835,0.05746978300944215
15,149,1,0.2434640522875817,0.2720075073914685,0.2637188136577606,0.0017986171758358638,-0.039944075994133806
15,150,1,0.24509803921568626,0.2729990390917794,0.26213210821151733,0.0017678997731230151,-0.12735231323406435
15,151,1,0.24673202614379086,0.27428922241100323,0.26720136404037476,0.001485001218029457,0.03048721412836572
15,152,1,0.24836601307189543,0.27590668858912687,0.26929163932800293,0.0009470939248046472,-0.03865971811993962
15,153,1,0.25,0.27719162332879405,0.26534566283226013,0.0008534732152253188,-0.26152532585225213
15,154,1,0.25163398692810457,0.27853420497006,0.2671832740306854,0.0008069205582908067,-0.18646470423951458
15,155,1,0.25326797385620914,0.2799925431876358,0.2701837420463562,0.0007323738102851129,-0.06343828322367073
15,156,1,0.2549019607843137,0.281450525879657,0.26526346802711487,0.0007002213124220213,-0.31437916959904644
15,157,1,0.2565359477124183,0.2829468450660352,0.269048273563385,0.0005898614486763864,-0.16439528659682612
15,158,1,0.2581699346405229,0.284951213374766,0.2707372009754181,0.00023013717227081192,-0.19639870195861786
15,159,1,0.25980392156862747,0.28659817601306076,0.26693639159202576,0.00013659640417743024,-0.4121373840270417
15,160,1,0.26143790849673204,0.2878775206412793,0.27352744340896606,0.0003536516152753288,-0.02054514303738242
15,161,1,0.2630718954248366,0.2897228063154103,0.26808080077171326,0.00018886103398038222,-0.33949999229188743
15,162,1,0.2647058823529412,0.29200082685712153,0.2696591019630432,0.0004689155978175719,-0.17305285965838796
15,163,1,0.26633986928104575,0.29425420803575436,0.2767260670661926,0.0009598934058615128,0.32910470709603185
15,164,1,0.2679738562091503,0.2960141084258403,0.2716996371746063,0.0008057857902740562,0.034110383940574196
15,165,1,0.2696078431372549,0.2984408510409641,0.2700541019439697,0.0011983814592575592,0.07871081110033518
15,166,1,0.27124183006535946,0.30091111615811406,0.27161356806755066,0.0014891353950191154,0.24764584881596735
15,167,1,0.272875816993464,0.30310382409610015,0.26967719197273254,0.0014542710077570641,0.14181060269364512
15,168,1,0.27450980392156865,0.3045059203179146,0.2702169418334961,0.0007918115382128708,-0.042874646454602094
15,169,1,0.2761437908496732,0.30643121538505563,0.2676013112068176,0.0004804025333997004,-0.270057994192727
15,170,1,0.2777777777777778,0.30805559826506884,0.27104318141937256,0.00018060431664682888,-0.19721379043027937
15,171,1,0.27941176470588236,0.30928190849224224,0.27041953802108765,0.00048671319696742983,-0.13018185409652755
15,172,1,0.28104575163398693,0.3114240242179172,0.2692798674106598,0.0001747462099918885,-0.2853402807369226
15,173,1,0.2826797385620915,0.3131599980493862,0.27315571904182434,0.00014852369251500922,-0.10409255999759337
15,174,1,0.28431372549019607,0.31497287854520606,0.26889464259147644,0.0002480141158775329,-0.28083870663422444
15,175,1,0.28594771241830064,0.31652903402913596,0.2700512409210205,0.0001589431018382707,-0.25264091955513523
15,176,1,0.2875816993464052,0.319028263496023,0.2674639821052551,0.0007622976124367476,-0.186951577810471
15,177,1,0.28921568627450983,0.32012392885698737,0.26797395944595337,0.0002579669080274891,-0.3227063428376579
15,178,1,0.2908496732026144,0.3214420520603974,0.27437886595726013,0.00046595634461553566,0.056891063616087756
15,179,1,0.29248366013071897,0.3223436986785761,0.26948440074920654,0.0011816031052347287,0.04549517150100582
15,180,1,0.29411764705882354,0.32388128565230845,0.26543864607810974,0.0010976822938623832,-0.17916067695388796
15,181,1,0.2957516339869281,0.32513193312427996,0.2686139643192291,0.0010602903609622117,-0.035741536576800625
15,182,1,0.2973856209150327,0.3256522312051732,0.27108073234558105,0.0017919933468921335,0.3180841281988715
15,183,1,0.29901960784313725,0.32603732585629913,0.26696622371673584,0.0024594434819601874,0.3294854433854636
15,184,1,0.3006535947712418,0.3270442941670788,0.26561155915260315,0.0023758819656112696,0.23658994105637537
15,185,1,0.3022875816993464,0.327729064130276,0.2656903564929962,0.0024818641311066137,0.27421532113926655
15,186,1,0.30392156862745096,0.3287236905506731,0.26628628373146057,0.0021365204622085677,0.19332556683408494
15,187,1,0.3055555555555556,0.3299236130035474,0.2680741548538208,0.0017044628457092582,0.143113741610275
15,188,1,0.30718954248366015,0.33024778492966367,0.2701941132545471,0.0023518627064050435,0.45311100778744984
15,189,1,0.3088235294117647,0.3313121741717833,0.2724076807498932,0.002088346154931574,0.4774286474890512
15,190,1,0.3104575163398693,0.33215520478845817,0.2669174373149872,0.002141093048633568,0.22565809939806974
15,191,1,0.31209150326797386,0.33360949980102944,0.2695910334587097,0.0015446765955085418,0.16640308382643407
15,192,1,0.3137254901960784,0.3346139294927875,0.27218255400657654,0.0014617186031210417,0.2667439391389217
15,193,1,0.315359477124183,0.33643113286406223,0.2716369032859802,0.0007957566236296245,0.027845751821661713
15,194,1,0.31699346405228757,0.3382789676328027,0.27233314514160156,0.000377703427429444,-0.0713052188895465
15,195,1,0.31862745098039214,0.34028995964085057,0.26703837513923645,0.00036745083863455,-0.33358783775413847
15,196,1,0.3202614379084967,0.34155639526713283,0.2668125033378601,0.00018317335993094303,-0.40335638172616645
15,197,1,0.32189542483660133,0.34278788281644446,0.2672717571258545,0.0005957132079425098,-0.24943633907715698
15,198,1,0.3235294117647059,0.3449580229820335,0.2652336359024048,0.00025395516678895574,-0.4580389806625001
15,199,1,0.32516339869281047,0.34771802176885275,0.2670719623565674,0.0010754744190625398,-0.10633664892584177
15,200,1,0.32679738562091504,0.3502265966964224,0.2682662904262543,0.0017270338146316965,0.15970497679392615
15,201,1,0.3284313725490196,0.3523020020001788,0.26818621158599854,0.001634888761065668,0.1264260325028752
15,202,1,0.3300653594771242,0.3536102746604421,0.26638710498809814,0.0007653456171587851,-0.2386602669525356
15,203,1,0.33169934640522875,0.35537479684128476,0.26403623819351196,0.00032748633535284075,-0.4931843320834857
15,204,1,0.3333333333333333,0.3573890409275739,0.2664955258369446,0.0002693110450243836,-0.391415316359548
15,205,1,0.3349673202614379,0.3596177787945356,0.2656562924385071,0.0007042680139908009,-0.29387306969618354
15,206,1,0.3366013071895425,0.36155569147568384,0.2665715515613556,0.0008132364965498918,-0.21437710980162816
15,207,1,0.3382352941176471,0.3630891904360778,0.2711161673069,0.00044252820757137857,-0.11018266015901146
15,208,1,0.33986928104575165,0.3635831475957625,0.2707435190677643,0.0010742599858801927,0.07288583610495697
15,209,1,0.3415032679738562,0.365368783479079,0.2706150710582733,0.000881072276634083,0.0050439820063720164
15,210,1,0.3431372549019608,0.36629926805166496,0.2703411281108856,0.0013444173681606709,0.13928549239177357
15,211,1,0.34477124183006536,0.3671410224210489,0.270158052444458,0.0016885571427720115,0.23998798261402876
15,212,1,0.3464052287581699,0.3687765100019959,0.2699410617351532,0.0010660275580677992,0.031007078664438414
15,213,1,0.3480392156862745,0.37000184041906514,0.2701837122440338,0.0011390377425568744,0.06614166269813238
15,214,1,0.34967320261437906,0.3711074081431963,0.2665984332561493,0.0011917342534222431,-0.09245568537332524
15,215,1,0.35130718954248363,0.3713431739918,0.26388218998908997,0.002158003427701465,0.08256476660098638
15,216,1,0.35294117647058826,0.3720508708439028,0.2677207589149475,0.002500844468286372,0.37958888372377875
15,217,1,0.3545751633986928,0.3735570493350879,0.2688043415546417,0.0018132561875780929,0.21350030699981154
15,218,1,0.3562091503267974,0.37547778730838116,0.2706390619277954,0.0009084583582713697,0.014944031419755421
15,219,1,0.35784313725490197,0.3772863285422906,0.2709449827671051,0.00035863446261736557,-0.1452891807123367
15,220,1,0.35947712418300654,0.37837146300197033,0.2711358368396759,0.00046602817862016917,-0.10173229636577547
15,221,1,0.3611111111111111,0.3798540256589667,0.27022308111190796,0.0005636135611406678,-0.11528844857914994
15,222,1,0.3627450980392157,0.3809158475412599,0.2695704698562622,0.0010760357598171722,0.016067099310600408
15,223,1,0.36437908496732024,0.38266574699356476,0.2688961923122406,0.0007117046572494525,-0.1330102514062213
15,224,1,0.3660130718954248,0.38504577341132395,0.2684530019760132,0.0004079509730717325,-0.2514803230201693
15,225,1,0.36764705882352944,0.3863435674380125,0.26525694131851196,0.00032955113386651236,-0.4328106270546255
15,226,1,0.369281045751634,0.3877079624845675,0.26675671339035034,0.00027972526776156345,-0.3753198021442542
15,227,1,0.3709150326797386,0.38925017179469473,0.26583173871040344,0.00043507296034732575,-0.37106802743587064
15,228,1,0.37254901960784315,0.39042055801589454,0.26510903239250183,0.0009107929394300151,-0.25483644739685657
15,229,1,0.3741830065359477,0.3913725877988393,0.2650596499443054,0.0013024593076278613,-0.13244968917823152
15,230,1,0.3758169934640523,0.392337378707644,0.2657366096973419,0.0015949234890299136,-0.006141157757655585
15,231,1,0.37745098039215685,0.39344557040187217,0.26553255319595337,0.001644085850570869,-0.0004580920345012979
15,232,1,0.3790849673202614,0.3942930948467326,0.2653593420982361,0.0018454110575047578,0.055219825387353184
15,233,1,0.380718954248366,0.3950427626815096,0.2651905417442322,0.0020638774304373043,0.11657545846325293
15,234,1,0.38235294117647056,0.3956322688559825,0.2669253945350647,0.0023919149766319526,0.30597049780001484
15,235,1,0.3839869281045752,0.396876464277115,0.2661323845386505,0.0019714420925841403,0.133195561115521
15,236,1,0.38562091503267976,0.3979298469323135,0.2677880823612213,0.0017757829061963038,0.15184509283450454
15,237,1,0.3872549019607843,0.39862044060274804,0.2665601372718811,0.0019943772571569974,0.1614290382056717
15,238,1,0.3888888888888889,0.3996039753437028,0.26407045125961304,0.0019052619965118246,0.011239571307447634
15,239,1,0.39052287581699346,0.3992369899595654,0.26234403252601624,0.003265174002579295,0.36011370077993865
15,240,1,0.39215686274509803,0.39937080066985026,0.2618023157119751,0.003721494712907046,0.4790176559099889
15,241,1,0.3937908496732026,0.39887451037631255,0.25819122791290283,0.004578023440828959,0.575294830200139
15,242,1,0.3954248366013072,0.39892477014761507,0.2546481490135193,0.004591281112917541,0.4061948885001455
15,243,1,0.39705882352941174,0.3989893390934073,0.25840863585472107,0.00435691086810343,0.5154738411572224
15,244,1,0.39869281045751637,0.3994170329362267,0.2639662027359009,0.00386730430874445,0.6313346740207919
15,245,1,0.40032679738562094,0.40105547411933223,0.2594538629055023,0.002240421192233043,-0.10780325629706781
15,246,1,0.4019607843137255,0.4022584530711556,0.260285347700119,0.0015826831761646,-0.2767126112528501
15,247,1,0.4035947712418301,0.4030520340192672,0.2610577344894409,0.0016225229589380986,-0.226233355742569
15,248,1,0.40522875816993464,0.4044562470026097,0.2627663016319275,0.0012339837070606142,-0.2664577581499953
15,249,1,0.4068627450980392,0.40609773769802315,0.26377072930336,0.0008522965282429395,-0.33894469126607807
15,250,1,0.4084967320261438,0.4074215486080619,0.2643522024154663,0.0007890515128768527,-0.33065222104233244
15,251,1,0.41013071895424835,0.4082769646674903,0.26197096705436707,0.0012244093376750798,-0.30841567931068825
15,252,1,0.4117647058823529,0.40982062792309326,0.26048508286476135,0.0009869787441278855,-0.4567599377507785
15,253,1,0.4133986928104575,0.41188707975657035,0.2660180628299713,0.0005532162981453211,-0.3243074319905585
15,254,1,0.4150326797385621,0.41362356480841206,0.26073166728019714,0.0003221050347980227,-0.6565558785412895
15,255,1,0.4166666666666667,0.4154065694383477,0.2613983750343323,0.00026002797628131406,-0.6437216379706594
15,256,1,0.41830065359477125,0.4174739420906432,0.26311299204826355,0.0005449994358624877,-0.46903930630962437
15,257,1,0.4199346405228758,0.41975515527727436,0.26358863711357117,0.0009128840806062033,-0.3285465707116032
15,258,1,0.4215686274509804,0.42145377809959284,0.26287737488746643,0.0006444880227485917,-0.44886396443198784
15,259,1,0.42320261437908496,0.42308220980426425,0.2626814842224121,0.00038431259269915347,-0.5413503545633148
15,260,1,0.42483660130718953,0.4244425768366698,0.2616385817527771,0.0003319082889221202,-0.6090666300501755
15,261,1,0.4264705882352941,0.4252432125845894,0.26055315136909485,0.0011846995930357863,-0.39042733611503333
15,262,1,0.42810457516339867,0.42645341448291973,0.2626836895942688,0.0013465120215342009,-0.23464249148099192
15,263,1,0.4297385620915033,0.4285130497453058,0.26563841104507446,0.0007177070515379205,-0.2904655310859458
15,264,1,0.43137254901960786,0.42996635421787033,0.2677408754825592,0.0004998683658810936,-0.25702793852020545
15,265,1,0.43300653594771243,0.43105463255196674,0.2676783800125122,0.0007338573788794478,-0.18552574947570033
15,266,1,0.434640522875817,0.4325695318761106,0.26716747879981995,0.0006718130465799432,-0.23028871841867188
15,267,1,0.4362745098039216,0.4335489390138772,0.26576876640319824,0.0012214352571110077,-0.12357821364197209
15,268,1,0.43790849673202614,0.4346422606967127,0.26196926832199097,0.0013870858914183538,-0.2566627193480812
15,269,1,0.4395424836601307,0.4354931629511385,0.2581643760204315,0.0017051602567031577,-0.34144205533002575
15,270,1,0.4411764705882353,0.43639822037055886,0.2591319680213928,0.0019097354370757758,-0.22892142479423033
15,271,1,0.44281045751633985,0.4374335819305757,0.263549268245697,0.0018315460006709684,-0.037745491195820415
15,272,1,0.4444444444444444,0.4387876284017658,0.2642665207386017,0.0014486602586555198,-0.12466270796202422
15,273,1,0.44607843137254904,0.4403507560451197,0.2632080316543579,0.0009218745415649087,-0.34430070392215806
15,274,1,0.4477124183006536,0.4420797997771347,0.26439425349235535,0.0004228545144177267,-0.4452819379999967
15,275,1,0.4493464052287582,0.44419019589867564,0.2679366171360016,0.00030005094134173086,-0.3111232329275513
15,276,1,0.45098039215686275,0.44556172820501466,0.27070918679237366,0.00013681711954677256,-0.22750509466084973
15,277,1,0.4526143790849673,0.4471902750072211,0.2684803009033203,0.00013254920108903207,-0.33790026330726475
15,278,1,0.4542483660130719,0.4484216896472255,0.26819372177124023,0.0005782922479608421,-0.20988570686312116
15,279,1,0.45588235294117646,0.4490382527505124,0.2688959240913391,0.001547201612196696,0.1332035035618202
15,280,1,0.45751633986928103,0.4499220213021211,0.2698313295841217,0.0018754472735471473,0.28355657010823476
15,281,1,0.4591503267973856,0.4503834977074863,0.2746267020702362,0.0025040441424585714,0.7184413589477483
15,282,1,0.46078431372549017,0.45072161618503265,0.269912987947464,0.002964231339978517,0.6344867606344964
15,283,1,0.4624183006535948,0.45126088651395047,0.26824361085891724,0.0029999426455125256,0.5642014680480489
15,284,1,0.46405228758169936,0.45154236082482047,0.27041178941726685,0.003274126775502027,0.7576343199869611
15,285,1,0.46568627450980393,0.45158742413558894,0.27123624086380005,0.0036341483454083875,0.9126848405988338
15,286,1,0.4673202614379085,0.4519751146470538,0.2697902023792267,0.0035474394409692063,0.814316503853638
15,287,1,0.46895424836601307,0.45241657142507885,0.27107182145118713,0.00341935727844943,0.8361994951977919
15,288,1,0.47058823529411764,0.45250475212244656,0.2682071328163147,0.003620097808863841,0.7600262970625984
15,289,1,0.4722222222222222,0.45246224633554993,0.2671550512313843,0.003903201420166953,0.7987688860767258
15,290,1,0.4738562091503268,0.4522657211872533,0.2691386342048645,0.0043184321184538705,1.0281152528052213
15,291,1,0.47549019607843135,0.4518585725793181,0.27052953839302063,0.004798232361438922,1.2490430317941146
15,292,1,0.477124183006536,0.4515535959728325,0.27151525020599365,0.004963709256484332,1.3499915975159884
15,293,1,0.47875816993464054,0.4515410752056511,0.27190038561820984,0.004738440986262209,1.297051502902532
15,294,1,0.4803921568627451,0.45149626534422227,0.26993033289909363,0.004552958065216358,1.1415749912343065
15,295,1,0.4820261437908497,0.4512854489320471,0.2661478519439697,0.004571410516633791,0.9624189930013347
15,296,1,0.48366013071895425,0.4510304001390271,0.2660296857357025,0.004683178397835998,0.9922526714144309
15,297,1,0.4852941176470588,0.4511989025697557,0.27173754572868347,0.004383877008656086,1.1761054958744925
15,298,1,0.4869281045751634,0.4516040899665051,0.2711603343486786,0.0038931464529328315,0.9914999940237417
15,299,1,0.48856209150326796,0.4518930511495622,0.2671566307544708,0.0036311414254464477,0.7121556146361456
15,300,1,0.49019607843137253,0.4521621680649097,0.26360318064689636,0.0035139250644776617,0.5009734318942018
15,301,1,0.4918300653594771,0.45230284371823487,0.2664504945278168,0.0036561913926231745,0.6855940711853025
15,302,1,0.4934640522875817,0.45215218111558614,0.2663150429725647,0.0040828392823917,0.8149170860718278
15,303,1,0.4950980392156863,0.45238555764102584,0.26544061303138733,0.003986485544222278,0.7414380797670974
15,304,1,0.49673202614379086,0.4528225840376212,0.2665925920009613,0.003672585770492802,0.6977693452715735
15,305,1,0.49836601307189543,0.4532199907280804,0.2691490650177002,0.0034402830732114965,0.7488077705608964
15,306,1,0.5,0.45369944345994384,0.2680692672729492,0.0031901170938094126,0.6162708522958439
15,307,1,0.5016339869281046,0.4554829566458387,0.27049940824508667,0.0018362796523164427,0.30375785052767595
15,308,1,0.5032679738562091,0.4581485404027055,0.27302342653274536,0.0009128365342497121,0.13298022073057292
15,309,1,0.5049019607843137,0.46148112926970847,0.2721085250377655,0.002098914287391491,0.4661616842568062
15,310,1,0.5065359477124183,0.4655619493592655,0.2711608111858368,0.004114449741541499,1.0620404933587118
15,311,1,0.5081699346405228,0.47037177370316874,0.2913913428783417,0.005958647610614305,2.639345360158134
15,312,1,0.5098039215686274,0.4752040020428806,0.2855161428451538,0.007068671685993717,2.70563908281067
15,313,1,0.511437908496732,0.4803837972419654,0.3012567460536957,0.007984601475034698,3.767512509030159
15,314,1,0.5130718954248366,0.48611042712681723,0.30986180901527405,0.008985564366822308,4.507416691729347
15,315,1,0.5147058823529411,0.49333139534577464,0.3277183473110199,0.011069413143891772,6.044951352514276
15,316,1,0.5163398692810458,0.5009572984731201,0.34962570667266846,0.012955410860585754,7.717604524676113
15,317,1,0.5179738562091504,0.5067290802241526,0.37478652596473694,0.012288868504058427,8.736060237416563
15,318,1,0.5196078431372549,0.5118049173333697,0.38177409768104553,0.010778384867728736,8.596578387112004
15,319,1,0.5212418300653595,0.5167234253056439,0.3811591565608978,0.009273270288364706,8.086898843020602
15,320,1,0.5228758169934641,0.5213409759645296,0.35100850462913513,0.008042813457283094,6.219875535456363
15,321,1,0.5245098039215687,0.5260880882517268,0.3212793469429016,0.007694006371627994,4.6544046001370765
15,322,1,0.5261437908496732,0.5313755830593834,0.34045055508613586,0.008141749172391006,5.734914912422611
15,323,1,0.5277777777777778,0.5381123355696228,0.31502336263656616,0.009985835251127019,5.078646796796809
15,324,1,0.5294117647058824,0.5466192862350603,0.26978600025177,0.013145558350569781,3.87250295222996
15,325,1,0.5310457516339869,0.5558523840231824,0.24989457428455353,0.01605907857105919,3.827809641193443
15,326,1,0.5326797385620915,0.5655060242379446,0.25880715250968933,0.018271644842957527,4.968828496203445
15,327,1,0.5343137254901961,0.5747352267080432,0.25563374161720276,0.018968237018415837,5.035553482684783
15,328,1,0.5359477124183006,0.5824349253167709,0.25774502754211426,0.017512212842538386,4.674881075174889
15,329,1,0.5375816993464052,0.588782024330099,0.25908681750297546,0.014905402085438819,3.9098732542453836
15,330,1,0.5392156862745098,0.5930197341671406,0.25319918990135193,0.01091070184575131,2.3489644635720373
15,331,1,0.5408496732026143,0.5958075413380727,0.25164783000946045,0.006820081534384388,0.9696177870278647
15,332,1,0.5424836601307189,0.5978920440645005,0.2552052438259125,0.0036365056033048192,0.12921311304934252
15,333,1,0.5441176470588235,0.5985000191229881,0.2563198506832123,0.0012766638570634475,-0.5682128883587936
15,334,1,0.545751633986928,0.5991843070864913,0.2522059977054596,0.0013650097598590528,-0.7413081319468533
15,335,1,0.5473856209150327,0.5995629606045002,0.2546839416027069,0.002527499471687804,-0.24966774306562814
15,336,1,0.5490196078431373,0.6002580357487832,0.25619855523109436,0.002771279144011667,-0.09789496288995125
15,337,1,0.5506535947712419,0.60033841005585,0.2530726492404938,0.0032824027580155997,-0.08794469509110858
15,338,1,0.5522875816993464,0.600194331298006,0.25288960337638855,0.0038860792490750125,0.09545931417438858
15,339,1,0.553921568627451,0.6003912407300209,0.25478655099868774,0.003941675869938809,0.205971973979868
15,340,1,0.5555555555555556,0.6004318453049998,0.2548992931842804,0.004108141326340091,0.26453060179501964
15,341,1,0.5571895424836601,0.60064715694343,0.25290852785110474,0.003936282076964103,0.11238196054033844
15,342,1,0.5588235294117647,0.6008431204592878,0.25322771072387695,0.0038175052830012753,0.09014849325571028
15,343,1,0.5604575163398693,0.6012852754020208,0.2531089186668396,0.003537547630588682,-0.004869803025138064
15,344,1,0.5620915032679739,0.6015796437111861,0.2519769072532654,0.00346668798942336,-0.08282591275555418
15,345,1,0.5637254901960784,0.6019013350617148,0.25216951966285706,0.003431946240441201,-0.08447375859158901
15,346,1,0.565359477124183,0.6019800201841775,0.2530137300491333,0.0036668056475497464,0.031661062979903676
15,347,1,0.5669934640522876,0.6020290125346663,0.25413933396339417,0.0039020382282833484,0.16168032852280378
15,348,1,0.5686274509803921,0.6024100167185062,0.25506189465522766,0.0037069683276048245,0.14465318298345375
15,349,1,0.5702614379084967,0.6031450154959916,0.24676044285297394,0.003179562801949464,-0.4295019398752488
15,350,1,0.5718954248366013,0.6035973990244421,0.24427345395088196,0.0030380993820682146,-0.5962399424162351
15,351,1,0.5735294117647058,0.6042674680455871,0.2536354660987854,0.0027723750709893902,-0.22292991015573932
15,352,1,0.5751633986928104,0.6045758926178608,0.2474435269832611,0.003023564376445813,-0.4457941490328899
15,353,1,0.576797385620915,0.6048682444649978,0.2452506422996521,0.003272681504147516,-0.47368830653357846
15,354,1,0.5784313725490197,0.6055589382526035,0.2400244176387787,0.003012794958793268,-0.8121623419176889
15,355,1,0.5800653594771242,0.6060587479919517,0.24473637342453003,0.0030033700264854735,-0.5846606455397372
15,356,1,0.5816993464052288,0.6070613453214084,0.24185341596603394,0.002448592683619898,-0.9024694856423313
15,357,1,0.5833333333333334,0.607858698332724,0.2402995079755783,0.0022726028481912398,-1.0345636244413998
15,358,1,0.5849673202614379,0.6085985825001011,0.2404739409685135,0.0022803321477456607,-1.023567607345905
15,359,1,0.5866013071895425,0.6094059595049468,0.24309828877449036,0.0022328662047743798,-0.9103115083350671
15,360,1,0.5882352941176471,0.6101440950874633,0.24120603501796722,0.002331533500506704,-0.9714391319165552
15,361,1,0.5898692810457516,0.6106143592989655,0.24501527845859528,0.002631956730518208,-0.6893658134562444
15,362,1,0.5915032679738562,0.6113370139238032,0.2382134199142456,0.0025982173472407933,-1.0328578810295717
15,363,1,0.5931372549019608,0.6118496434182314,0.24149200320243835,0.0027701957087381147,-0.8176723169822953
15,364,1,0.5947712418300654,0.6123570091933124,0.24548642337322235,0.00287375091197835,-0.5892713093954787
15,365,1,0.5964052287581699,0.612647342231218,0.24439844489097595,0.0031366464005350304,-0.5587239823620743
15,366,1,0.5980392156862745,0.6129808248317282,0.24261415004730225,0.0033114095330879097,-0.5903227937012816
15,367,1,0.5996732026143791,0.6133684144664318,0.24476802349090576,0.0033347726253656214,-0.4775125901328831
15,368,1,0.6013071895424836,0.613845488449281,0.24595753848552704,0.0032373914045664576,-0.45035255288220716
15,369,1,0.6029411764705882,0.6146079284566195,0.24384590983390808,0.002847071211220119,-0.6780251998786755
15,370,1,0.6045751633986928,0.6154369122149113,0.23953452706336975,0.0025082340092787304,-0.9969031686306331
15,371,1,0.6062091503267973,0.6158934884427139,0.24064353108406067,0.002665679627271893,-0.8924823778669746
15,372,1,0.6078431372549019,0.6161196404264078,0.2382950335741043,0.003070796137648506,-0.8782805698501255
15,373,1,0.6094771241830066,0.6162876973567957,0.24135816097259521,0.003471277201542293,-0.6008236965996023
15,374,1,0.6111111111111112,0.616560420149646,0.2407638132572174,0.00361849663373605,-0.5829879586439962
15,375,1,0.6127450980392157,0.6167621825181533,0.24234899878501892,0.0036976112489123954,-0.4802325477271091
15,376,1,0.6143790849673203,0.6175010596701728,0.2441701889038086,0.0031759076157527755,-0.5573796852399147
15,377,1,0.6160130718954249,0.6187203085473676,0.24816210567951202,0.0023020135494992034,-0.6405604043242015
15,378,1,0.6176470588235294,0.6195309410254086,0.2461985945701599,0.0020995338691011545,-0.8011328373036539
15,379,1,0.619281045751634,0.6208827609592547,0.24564456939697266,0.0014903441541957874,-1.0223505010026208
15,380,1,0.6209150326797386,0.6224849006703015,0.24908390641212463,0.0009183490534242933,-1.0363643785807903
15,381,1,0.6225490196078431,0.6237192016808573,0.25274524092674255,0.0009300082929007014,-0.8535398241490946
15,382,1,0.6241830065359477,0.6250427584696197,0.25074779987335205,0.0008561747875107261,-0.9747796288099692
15,383,1,0.6258169934640523,0.6265985817029037,0.2459312081336975,0.0006783059152794135,-1.2670802507034342
15,384,1,0.6274509803921569,0.6281691429287014,0.24587863683700562,0.0005366998753939966,-1.3147740421215781
15,385,1,0.6290849673202614,0.6295563424311215,0.24905329942703247,0.0005705609375739206,-1.1486825693837057
15,386,1,0.630718954248366,0.6313984572243933,0.2536863088607788,0.00025989229386910305,-1.0210326459622552
15,387,1,0.6323529411764706,0.633400323732615,0.25199103355407715,0.00022521048766017797,-1.11501526632631
15,388,1,0.6339869281045751,0.635199721906125,0.24807524681091309,0.0003241731537422921,-1.2750382988632445
15,389,1,0.6356209150326797,0.6373585921993756,0.24487194418907166,0.0007253987026370879,-1.3038926712297432
15,390,1,0.6372549019607843,0.6400190978948475,0.24675072729587555,0.0014353419560453728,-0.9857643614979414
15,391,1,0.6388888888888888,0.642722045450766,0.24628004431724548,0.0019831293443504216,-0.8342400970339963
15,392,1,0.6405228758169934,0.645309908641972,0.24575121700763702,0.002240562106018624,-0.7780802364532653
15,393,1,0.6421568627450981,0.6462637472050781,0.2479991614818573,0.0010388311382448544,-1.0510381792346672
15,394,1,0.6437908496732027,0.6473056680595053,0.2519164979457855,0.0007652132556245005,-0.946592336456392
15,395,1,0.6454248366013072,0.6481770106184253,0.24718855321407318,0.0014678138940799768,-0.9539992680976838
15,396,1,0.6470588235294118,0.6490430908726437,0.24777773022651672,0.001965474931776361,-0.7666000545944353
15,397,1,0.6486928104575164,0.6496216443871284,0.24864880740642548,0.0023202169749595037,-0.6109509368960137
15,398,1,0.6503267973856209,0.6506212185111504,0.24645736813545227,0.0021601171464501346,-0.7691692980127776
15,399,1,0.6519607843137255,0.6517048868377265,0.24664536118507385,0.0019053364327852752,-0.8411574214862105
15,400,1,0.6535947712418301,0.6527730233186888,0.2491309642791748,0.001719169006648329,-0.7788851223943171
15,401,1,0.6552287581699346,0.6534627498656815,0.24375589191913605,0.0019619255711668827,-0.9644759786928218
15,402,1,0.6568627450980392,0.6534645783846198,0.24765019118785858,0.0029203734218668943,-0.46856558583826474
15,403,1,0.6584967320261438,0.6538561809176869,0.2508668303489685,0.0032396108571671064,-0.20948691768398015
15,404,1,0.6601307189542484,0.6543672562600957,0.24593421816825867,0.0032663590347484107,-0.4422629743889024
15,405,1,0.6617647058823529,0.6541909241237895,0.24507039785385132,0.0038412494064063315,-0.3013344283781658
15,406,1,0.6633986928104575,0.653272401704684,0.24541647732257843,0.0049418153900388385,0.06628526791810585
15,407,1,0.6650326797385621,0.6524778111300992,0.2507185637950897,0.005688361794639761,0.5635421002363048
15,408,1,0.6666666666666666,0.6519665454682506,0.25351470708847046,0.0058550350095913795,0.7534366484916506
15,409,1,0.6683006535947712,0.6523352540376983,0.24563650786876678,0.0048861487421823935,0.05931108108015837
15,410,1,0.6699346405228758,0.653342443428004,0.24764549732208252,0.0034150418303539477,-0.3111716210262458
15,411,1,0.6715686274509803,0.6543848073504328,0.25075438618659973,0.0023901883387550827,-0.48565177770761614
15,412,1,0.673202614379085,0.6555617402421671,0.25343984365463257,0.0016900045021042299,-0.5773914988738204
15,413,1,0.6748366013071896,0.657287435054813,0.25707557797431946,0.0008770593546253937,-0.6585752988357672
15,414,1,0.6764705882352942,0.658497336255402,0.2538890838623047,0.0008912524366271201,-0.8099333498178741
15,415,1,0.6781045751633987,0.6591231984721276,0.24962612986564636,0.0015541134267509516,-0.8072561646479575
15,416,1,0.6797385620915033,0.6596637055375696,0.25025278329849243,0.002198204141732706,-0.5713645607005599
15,417,1,0.6813725490196079,0.6606902555020628,0.2541577219963074,0.0021971455010900854,-0.3806755831955971
15,418,1,0.6830065359477124,0.6619159148061082,0.2538496255874634,0.0018221913088571507,-0.5152246553437105
15,419,1,0.684640522875817,0.6632102943972834,0.25434166193008423,0.0013824563553585401,-0.6312739697687512
15,420,1,0.6862745098039216,0.6648084953075115,0.25442054867744446,0.0008060294264193734,-0.8110904201308796
15,421,1,0.6879084967320261,0.6668663899164309,0.2552429735660553,0.0003446380201139861,-0.9178781245891154
15,422,1,0.6895424836601307,0.6689276836206153,0.25344955921173096,0.000482927840606896,-0.961545090989256
15,423,1,0.6911764705882353,0.6712879990857457,0.2487640380859375,0.0010903011021105146,-0.9972204173101429
15,424,1,0.6928104575163399,0.6740815266586422,0.24597935378551483,0.0018644025028914778,-0.8867813314032883
15,425,1,0.6944444444444444,0.6761327137096085,0.2461412400007248,0.0015973317160751076,-0.9639627488074217
15,426,1,0.696078431372549,0.6778253232539524,0.24685660004615784,0.0009759519745876397,-1.126967448382948
15,427,1,0.6977124183006536,0.6799860080457392,0.24866776168346405,0.0009096351955771143,-1.0594984544648305
15,428,1,0.6993464052287581,0.6821582743354011,0.24851016700267792,0.0009073992452406765,-1.0679203276044849
15,429,1,0.7009803921568627,0.68349907337044,0.2498643398284912,0.0004075082782053805,-1.1609630615820243
15,430,1,0.7026143790849673,0.6849268136347372,0.25438159704208374,0.00033999774167336224,-0.961494538966446
15,431,1,0.704248366013072,0.6870767495957488,0.25965169072151184,0.00027717674972564893,-0.7237035916763069
15,432,1,0.7058823529411765,0.6896124174658742,0.24040307104587555,0.0009527075586175504,-1.4500753601977032
15,433,1,0.7075163398692811,0.6916646978124766,0.24190987646579742,0.001141452122601706,-1.3162212097261896
15,434,1,0.7091503267973857,0.694210931892989,0.24612395465373993,0.001646280092604908,-0.9492111809593095
15,435,1,0.7107843137254902,0.6959075529539347,0.24552148580551147,0.0010224574931497797,-1.1774613629901955
15,436,1,0.7124183006535948,0.6978864292837577,0.24237556755542755,0.0007930470792641542,-1.404457498072748
15,437,1,0.7140522875816994,0.6999153911266909,0.24394305050373077,0.0007535059677265099,-1.3403771291975302
15,438,1,0.7156862745098039,0.7018511060201688,0.24146881699562073,0.0006265475326508297,-1.5018692086255736
15,439,1,0.7173202614379085,0.7039722464560595,0.24057313799858093,0.0008376444367466219,-1.4784201097231129
15,440,1,0.7189542483660131,0.7056766234958696,0.24198788404464722,0.0005258481010255012,-1.5085642505576016
15,441,1,0.7205882352941176,0.708319740631883,0.2394431233406067,0.0012214166840109186,-1.4114123895711033
15,442,1,0.7222222222222222,0.7109132186251743,0.2393207550048828,0.0017138073010042453,-1.2605007673230093
15,443,1,0.7238562091503268,0.712762686419713,0.23953036963939667,0.0012977469442915068,-1.3828221230921838
15,444,1,0.7254901960784313,0.714805634480246,0.24109020829200745,0.0011430850139112058,-1.3557983729947376
15,445,1,0.7271241830065359,0.7168522925846934,0.24070851504802704,0.0009074903722644645,-1.4495415247791055
15,446,1,0.7287581699346405,0.7192385311922181,0.24142567813396454,0.0011605909915865919,-1.333809280048647
15,447,1,0.7303921568627451,0.7207823130873737,0.24102221429347992,0.0007000502320384003,-1.500295373034953
15,448,1,0.7320261437908496,0.7226090998980903,0.24465428292751312,0.00045743340511647144,-1.3999262624264053
15,449,1,0.7336601307189542,0.724939725727911,0.24240334331989288,0.0008246843641422208,-1.39301767039397
15,450,1,0.7352941176470589,0.7266564522595367,0.24301157891750336,0.0005195526099635151,-1.460491987043302
15,451,1,0.7369281045751634,0.7278115822038008,0.24335823953151703,0.0003533983812259604,-1.4964778462049875
15,452,1,0.738562091503268,0.729042869289809,0.24432465434074402,0.0007058279057005778,-1.3369017644627992
15,453,1,0.7401960784313726,0.7303842740907499,0.2456790953874588,0.0009728654526893354,-1.1855534878558613
15,454,1,0.7418300653594772,0.7316014575787492,0.24511709809303284,0.0011168190553998026,-1.167175834624976
15,455,1,0.7434640522875817,0.7319941450085679,0.24530300498008728,0.0019603829553842423,-0.8892840591727663
15,456,1,0.7450980392156863,0.7332228991329333,0.24413803219795227,0.0017772695322105948,-1.0046217107585818
15,457,1,0.7467320261437909,0.7338667164349296,0.24546951055526733,0.002178459690995298,-0.8116496987715516
15,458,1,0.7483660130718954,0.7342412654373659,0.2452516406774521,0.0026745212746039516,-0.6642401964916778
15,459,1,0.75,0.7351881739818922,0.24412789940834045,0.002387564694731852,-0.8106499335466156
15,460,1,0.7516339869281046,0.7359066780485133,0.24688218533992767,0.002467567871441827,-0.6504199811656762
15,461,1,0.7532679738562091,0.7367722653310955,0.24624145030975342,0.0022729253177545972,-0.743786063112626
15,462,1,0.7549019607843137,0.737761127538727,0.24394893646240234,0.0020104503341645697,-0.9395702322968644
15,463,1,0.7565359477124183,0.7390063938925926,0.24207539856433868,0.0016451495056392807,-1.1476233864427194
15,464,1,0.7581699346405228,0.7401439856945877,0.24432045221328735,0.0014621126813192543,-1.09612101292326
15,465,1,0.7598039215686274,0.7410334125264646,0.24690549075603485,0.0016320127609609925,-0.9155253069384061
15,466,1,0.761437908496732,0.7425017741191189,0.24740080535411835,0.0012289379671489731,-1.0197326775297109
15,467,1,0.7630718954248366,0.7451280721745268,0.25297391414642334,0.0006015911046691587,-0.9470017979441285
15,468,1,0.7647058823529411,0.7476174271471268,0.24799887835979462,0.0011711338452773789,-1.0088944413367549
15,469,1,0.7663398692810458,0.7495610406204104,0.2509031295776367,0.0012463869554262662,-0.842841898289648
15,470,1,0.7679738562091504,0.7519582887141105,0.2687997817993164,0.0015117280256399367,0.11719682489596261
15,471,1,0.7696078431372549,0.7548093311491394,0.2663833200931549,0.0019986418119208992,0.15413816972760136
15,472,1,0.7712418300653595,0.7570754908303481,0.26565471291542053,0.0018444867494764438,0.06937459059702002
15,473,1,0.7728758169934641,0.7593141215976913,0.2681559920310974,0.0017186015960143197,0.15162238853399296
15,474,1,0.7745098039215687,0.7618158698928531,0.2656417191028595,0.0017820796468559063,0.04885323684689776
15,475,1,0.7761437908496732,0.7639677462535938,0.26671192049980164,0.0014695607129109178,0.0016240100714849937
15,476,1,0.7777777777777778,0.7656903976501604,0.2688106298446655,0.0009026083333640145,-0.07636540496409311
15,477,1,0.7794117647058824,0.7675341684689155,0.2674180269241333,0.00059265244716601,-0.243256239827895
15,478,1,0.7810457516339869,0.7696042314798017,0.27396339178085327,0.0006077037402461416,0.0817335074947001
15,479,1,0.7826797385620915,0.771698226004481,0.27506569027900696,0.000754607868188274,0.18246727729816248
15,480,1,0.7843137254901961,0.7737947723839067,0.27464422583580017,0.0009185343098921506,0.2140839231561273
15,481,1,0.7859477124183006,0.7754478727276262,0.2699768543243408,0.0005678872329502913,-0.12597187148679506
15,482,1,0.7875816993464052,0.7779402838803975,0.26579901576042175,0.0010595260582687126,-0.1736899873588412
15,483,1,0.7892156862745098,0.7799307139731959,0.2662588655948639,0.0009659430509181955,-0.18101427291153738
15,484,1,0.7908496732026143,0.7818547753969616,0.2665454149246216,0.0008318824825051374,-0.20971424297485125
15,485,1,0.7924836601307189,0.7831308027068951,0.2681286036968231,0.00040154032126350975,-0.2693923350202292
15,486,1,0.7941176470588235,0.7844973497979961,0.26779523491859436,0.0004612763645412565,-0.26666586665827674
15,487,1,0.795751633986928,0.7858148586676017,0.26460447907447815,0.0007830339743353387,-0.3202285178337091
15,488,1,0.7973856209150327,0.7874277963991105,0.26586511731147766,0.0006411324164279519,-0.3037753716403662
15,489,1,0.7990196078431373,0.789337072649337,0.2680279314517975,0.0002941672288146853,-0.30853102882424077
15,490,1,0.8006535947712419,0.7903484037209416,0.26821479201316833,0.0006653478307445826,-0.18111514754532007
15,491,1,0.8022875816993464,0.7917341908264499,0.2695962190628052,0.0007423242059726598,-0.08900876888437226
15,492,1,0.803921568627451,0.7933834671747364,0.2669110894203186,0.0005728808973982246,-0.27435529927092345
15,493,1,0.8055555555555556,0.7950200302709968,0.2673383951187134,0.00042523549504432264,-0.3004983250632451
15,494,1,0.8071895424836601,0.7963915549085114,0.26843664050102234,0.0004744502629446134,-0.23109105042447492
15,495,1,0.8088235294117647,0.798157455448798,0.26885998249053955,0.00025339135505880316,-0.28082081949250026
15,496,1,0.8104575163398693,0.7991141861581846,0.26996517181396484,0.0008684229657508912,-0.030779179845478233
15,497,1,0.8120915032679739,0.7999607137338849,0.2691575884819031,0.0014545751359126991,0.11648894701135859
15,498,1,0.8137254901960784,0.7999637644847251,0.2691408097743988,0.0026866952507945564,0.508276985437427
15,499,1,0.815359477124183,0.8005737136667465,0.26916399598121643,0.002969798462826566,0.5996206408043039
15,500,1,0.8169934640522876,0.8010096402257096,0.2691400647163391,0.003137936458350492,0.6520262648082322
15,501,1,0.8186274509803921,0.8021215637368629,0.27141690254211426,0.002499876464078442,0.5600926632946881
15,502,1,0.8202614379084967,0.8032978421175865,0.2697995901107788,0.0018638105840994169,0.27829592964145716
15,503,1,0.8218954248366013,0.8042023780148881,0.2712983787059784,0.0017927940950131106,0.32898635894021333
15,504,1,0.8235294117647058,0.8047801923942612,0.27151796221733093,0.0021221458026754337,0.4446744538808054
15,505,1,0.8251633986928104,0.805305695810582,0.27371999621391296,0.0025392804284925952,0.6853139373069508
15,506,1,0.826797385620915,0.8061438670549814,0.2756890654563904,0.0024971422025229107,0.7682120116584322
15,507,1,0.8284313725490197,0.8070081369953639,0.2739048898220062,0.002344378496489179,0.6322542624879641
15,508,1,0.8300653594771242,0.8079050983502241,0.2703838646411896,0.0021488568867479452,0.3977067086126763
15,509,1,0.8316993464052288,0.80882816060069,0.27070242166519165,0.00200702112527275,0.3680950020413614
15,510,1,0.8333333333333334,0.8097760517636603,0.2656666934490204,0.0019397461598294075,0.10031459718295886
15,511,1,0.8349673202614379,0.8104071454552211,0.26568201184272766,0.0022166986454383465,0.1893134679226667
15,512,1,0.8366013071895425,0.8114647033969968,0.2661880850791931,0.0020088928186268885,0.1478538688948596
15,513,1,0.8382352941176471,0.8129138782001674,0.24441100656986237,0.0014496192771495543,-1.0956721301733574
15,514,1,0.8398692810457516,0.8139854627224519,0.24337956309318542,0.0013994641547343967,-1.1621111511308069
15,515,1,0.8415032679738562,0.8149036388354183,0.248143270611763,0.0015336407814658826,-0.8863198936291332
15,516,1,0.8431372549019608,0.8159707682431545,0.24554109573364258,0.0015906347187789483,-0.9954552645338018
15,517,1,0.8447712418300654,0.8168039297862913,0.24350380897521973,0.0018839893871815273,-1.0016416343021173
15,518,1,0.8464052287581699,0.8182354917361988,0.24168692529201508,0.0014249403338050682,-1.2367957094085051
15,519,1,0.8480392156862745,0.8198819990404114,0.2436818778514862,0.0008409402830292389,-1.3252929730414882
15,520,1,0.8496732026143791,0.8212337779870403,0.24242191016674042,0.0007337513876485446,-1.421084728637133
15,521,1,0.8513071895424836,0.8230231049663586,0.24435587227344513,0.000305943899325918,-1.462795624275214
15,522,1,0.8529411764705882,0.8254043029902071,0.2502366602420807,0.0005662273845299226,-1.0921744210069606
15,523,1,0.8545751633986928,0.8273011963735177,0.2484806627035141,0.0006709179543385302,-1.1447172195138426
15,524,1,0.8562091503267973,0.8293269403134177,0.2436818778514862,0.0008418625609618991,-1.3249990938460443
15,525,1,0.8578431372549019,0.8312485704466458,0.2446623146533966,0.0007402021125956626,-1.3094305396695376
15,526,1,0.8594771241830066,0.833653171345344,0.24640849232673645,0.001088436641222058,-1.1130458303993342
15,527,1,0.8611111111111112,0.8362145648061471,0.24734294414520264,0.0015876130132409082,-0.9082732109497901
15,528,1,0.8627450980392157,0.8399366514661512,0.2520955801010132,0.003081357565087635,-0.19980412661761598
15,529,1,0.8643790849673203,0.8428136430748332,0.2500748932361603,0.003305921385586315,-0.2270982991144362
15,530,1,0.8660130718954249,0.8471477777025088,0.24891804158687592,0.0047487878562150875,0.17607159208228773
15,531,1,0.8676470588235294,0.8510923367742906,0.246882826089859,0.0053196953387057,0.2584273461445622
15,532,1,0.869281045751634,0.8557679689268678,0.25169670581817627,0.006275884499246971,0.7986031193952569
15,533,1,0.8709150326797386,0.8599307654820101,0.2518807351589203,0.0064808516892101,0.8729174372585595
15,534,1,0.8725490196078431,0.8641173433952418,0.2491869479417801,0.006388149000647615,0.711600395791135
15,535,1,0.8741830065359477,0.8680193673957567,0.25004899501800537,0.006047781577979234,0.6453146552007737
15,536,1,0.8758169934640523,0.8726959975759391,0.253041535615921,0.0064926541027951045,0.93346359604479
15,537,1,0.8774509803921569,0.8765640629814728,0.26403409242630005,0.006128712346061034,1.355242006160538
15,538,1,0.8790849673202614,0.8802430363402907,0.26250553131103516,0.005649361330013187,1.1277233102761275
15,539,1,0.880718954248366,0.8847026887014062,0.2608778178691864,0.006077590454866539,1.184549984680163
15,540,1,0.8823529411764706,0.8888766947668488,0.26090314984321594,0.006080766193896759,1.1868011366558004
15,541,1,0.8839869281045751,0.8932887343876306,0.25991493463516235,0.006447631516951059,1.2553582604849158
15,542,1,0.8856209150326797,0.8971934536913128,0.26038241386413574,0.006171182969093815,1.1901380195083642
15,543,1,0.8872549019607843,0.9005757921727678,0.26094233989715576,0.0053159171127933735,0.9450029923764672
15,544,1,0.8888888888888888,0.9028945433964548,0.2597806453704834,0.003666392468639935,0.3625611964630753
15,545,1,0.8905228758169934,0.9056855521534869,0.25815731287002563,0.002952939068270528,0.055810824403616344
15,546,1,0.8921568627450981,0.9076890627400904,0.25851085782051086,0.0018572452134099759,-0.2760313561368623
15,547,1,0.8937908496732027,0.9098772359673348,0.25879088044166565,0.001421516178459965,-0.40117573734989764
15,548,1,0.8954248366013072,0.9114838643281503,0.25415679812431335,0.0007483658448609363,-0.842367083183036
15,549,1,0.8970588235294118,0.912934586846594,0.2541917860507965,0.00029882848120700784,-0.9838983090722856
15,550,1,0.8986928104575164,0.914508253959966,0.25690099596977234,0.0002464255551491355,-0.8680639717330483
15,551,1,0.9003267973856209,0.9155410724161721,0.25753629207611084,0.0009043950325140648,-0.627327178096201
15,552,1,0.9019607843137255,0.9166871609135518,0.2574656307697296,0.0011742656473436464,-0.5447909640578463
15,553,1,0.9035947712418301,0.9183482535360115,0.2577120065689087,0.000813997171234414,-0.647536194270439
15,554,1,0.9052287581699346,0.9198219910004524,0.258361279964447,0.0006936763791478717,-0.6541138987406828
15,555,1,0.9068627450980392,0.9209442297897676,0.25736004114151,0.0008998718499541746,-0.6373905144112453
15,556,1,0.9084967320261438,0.9219533743933769,0.25877344608306885,0.001241516589743823,-0.4593845694070131
15,557,1,0.9101307189542484,0.9228236318423892,0.2647603750228882,0.001687812510687713,-0.02429911812974693
15,558,1,0.9117647058823529,0.9235494127396765,0.26159292459487915,0.002080876189994906,-0.05400036984434802
15,559,1,0.9133986928104575,0.9247377715460467,0.2635800242424011,0.0018243728184306907,-0.03852663199040051
15,560,1,0.9150326797385621,0.9257190114740081,0.263307124376297,0.0017915183295390703,-0.062345579901967416
15,561,1,0.9166666666666666,0.9264032651853501,0.26602911949157715,0.002048673888354934,0.15275344293779616
15,562,1,0.9183006535947712,0.9273429814179042,0.2617360055446625,0.0020038659915410807,-0.0715398804200505
15,563,1,0.9199346405228758,0.9282124389276971,0.2613792419433594,0.002082800651305049,-0.06384032509757119
15,564,1,0.9215686274509803,0.9288052759986186,0.2543777823448181,0.0023586304257961366,-0.3184540625713539
15,565,1,0.923202614379085,0.9301803847081913,0.26341068744659424,0.0017550878473760623,-0.06888775060040378
15,566,1,0.9248366013071896,0.9310737205559171,0.26283514499664307,0.0018060318803605913,-0.08080974361157653
15,567,1,0.9264705882352942,0.9318720581576163,0.2651165723800659,0.0019403790631645924,0.07360480986183239
15,568,1,0.9281045751633987,0.9326733926466192,0.26588404178619385,0.002053949381641511,0.14733737317288342
15,569,1,0.9297385620915033,0.9334718209238944,0.25744500756263733,0.00222255026636649,-0.2117692456436988
15,570,1,0.9313725490196079,0.9338128379243309,0.2633521854877472,0.002704392319855713,0.23074144848036132
15,571,1,0.9330065359477124,0.9343058652153634,0.25651422142982483,0.0028961443709266555,-0.04266516606208953
15,572,1,0.934640522875817,0.9346509677264605,0.25740349292755127,0.0031594936242663337,0.08475215239046963
15,573,1,0.9362745098039216,0.9353121677877151,0.25560423731803894,0.002992687332972076,-0.05641789516750306
15,574,1,0.9379084967320261,0.9358543177991713,0.25861451029777527,0.00291062403747107,0.06469306660479898
15,575,1,0.9395424836601307,0.93640198286117,0.2537253499031067,0.002873328944182395,-0.18636442950004362
15,576,1,0.9411764705882353,0.936721733360862,0.25739121437072754,0.0030776078559421483,0.058059010106046305
15,577,1,0.9428104575163399,0.9373258464667324,0.2534738779067993,0.0029911861586720146,-0.1611116225856265
15,578,1,0.9444444444444444,0.9376551628351478,0.256841778755188,0.003165289460010977,0.05912038250910512
15,579,1,0.946078431372549,0.9378719072298909,0.2582671642303467,0.003398756324262052,0.20324207257903576
15,580,1,0.9477124183006536,0.9383413022973229,0.25882217288017273,0.003296842349010219,0.197918255268301
15,581,1,0.9493464052287581,0.9383077010929259,0.2562938630580902,0.0037353357875224576,0.21395918583946327
15,582,1,0.9509803921568627,0.9384664201385352,0.25893405079841614,0.003822080398461562,0.37075567482270244
15,583,1,0.9526143790849673,0.9390152624254606,0.25834423303604126,0.003476052437382986,0.23164222879784102
15,584,1,0.954248366013072,0.939540448771246,0.25481483340263367,0.0032367048904900653,-0.017279909299069196
15,585,1,0.9558823529411765,0.9398741208527123,0.2557419240474701,0.003202819427504543,0.017275151932582666
15,586,1,0.9575163398692811,0.9404146592410038,0.2595246434211731,0.0030538859791596363,0.15486570411592893
15,587,1,0.9591503267973857,0.9406824579230758,0.262709379196167,0.0032731470727047226,0.38052673022236105
15,588,1,0.9607843137254902,0.9410854423240653,0.25759875774383545,0.0032869615461190035,0.13492135069507327
15,589,1,0.9624183006535948,0.9415391819441313,0.2616916596889496,0.003219470314257832,0.3136369227792462
15,590,1,0.9640522875816994,0.9417703738090106,0.25996047258377075,0.0034045437222332982,0.28792141430187
15,591,1,0.9656862745098039,0.9420943554368254,0.26020389795303345,0.003419490736420243,0.3045923685023486
15,592,1,0.9673202614379085,0.9424256763580694,0.2613363265991211,0.0034411441936136474,0.3668895874132876
15,593,1,0.9689542483660131,0.9425723292657707,0.2584477663040161,0.0036295497944133378,0.2856181448982931
15,594,1,0.9705882352941176,0.9426571004014721,0.25852707028388977,0.003803065489121808,0.3447875266429346
15,595,1,0.9722222222222222,0.9430687373060365,0.2602198123931885,0.0036131102326728156,0.36706676203499145
15,596,1,0.9738562091503268,0.9433213142721932,0.26543766260147095,0.0036041287338188107,0.6194576847585063
15,597,1,0.9754901960784313,0.943466269418823,0.26081931591033936,0.0036830830657200594,0.41869045762790347
15,598,1,0.9771241830065359,0.9436922220581656,0.2656373083591461,0.0036806154646404506,0.6535962965234642
15,599,1,0.9787581699346405,0.9437224046923505,0.2679380476474762,0.003909213244628966,0.8389880478741241
15,600,1,0.9803921568627451,0.9436636371878944,0.2662436068058014,0.004131397595663571,0.8268953497998325
15,601,1,0.9820261437908496,0.9436502507219366,0.26861488819122314,0.004230364790546575,0.9744318311882643
15,602,1,0.9836601307189542,0.9434241406297759,0.26929929852485657,0.0045024702084857805,1.0946176217899923
15,603,1,0.9852941176470589,0.9434011593165142,0.2672010064125061,0.004458431164649961,0.977938122754049
15,604,1,0.9869281045751634,0.9431540205467883,0.2659679353237152,0.004625258590416835,0.9707760398427355
29,8,0,0.013675213675213675,0.9986902960387942,0.3361159861087799,nan,nan
29,9,0,0.015384615384615385,0.011816123510867905,0.3271310031414032,nan,nan
29,10,0,0.017094017094017096,0.022263740470258805,0.311928391456604,nan,nan
29,11,0,0.018803418803418803,0.029585876316556074,0.32226747274398804,nan,nan
29,12,0,0.020512820512820513,0.0341604203339623,0.31139129400253296,0.014326929076668144,6.284236638741474
29,13,0,0.022222222222222223,0.03686649313428862,0.3188227415084839,0.008165470803202441,4.684459288950852
29,14,0,0.023931623931623933,0.038614382168992274,0.3204875886440277,0.003650767432050962,3.327314827252846
29,15,0,0.02564102564102564,0.03983336259202257,0.32530805468559265,0.0012358517939206775,2.7936273150046853
29,16,0,0.02735042735042735,0.04143102133330362,0.3246125280857086,0.0004218401583184682,2.500222052449476
29,17,0,0.02905982905982906,0.04362308562576253,0.324204683303833,0.00025191571375861104,2.4261250654195834
29,18,0,0.03076923076923077,0.045997595790388146,0.3228398263454437,0.0008776506871930168,2.5587446963637883
29,19,0,0.03247863247863248,0.049199453753954556,0.32181301712989807,0.0022337052454104844,2.94061397723105
29,20,0,0.03418803418803419,0.05337097072227782,0.3203623592853546,0.004063699423250756,3.452767401714903
29,21,0,0.035897435897435895,0.058417236433612414,0.30846384167671204,0.006124977787341791,3.52751787280058
29,22,0,0.037606837606837605,0.06398863276679116,0.3134864866733551,0.007997836418558042,4.36999835433976
29,23,0,0.039316239316239315,0.07065648383894702,0.296459436416626,0.010167928246613124,4.228538192840053
29,24,0,0.041025641025641026,0.07780077019548372,0.2709999084472656,0.011947957081901757,3.5502767344348434
29,25,0,0.042735042735042736,0.08491424889512288,0.2679416537284851,0.012953985913239442,3.7212354881073453
29,26,0,0.044444444444444446,0.09136568970827007,0.266427606344223,0.012781173611008985,3.5921038014196505
29,27,0,0.046153846153846156,0.09744601686221692,0.268659383058548,0.012017236529586124,3.4578557515986055
29,28,0,0.04786324786324787,0.10244106624314905,0.2673102021217346,0.010314902654700793,2.8494148845153475
29,29,0,0.04957264957264957,0.10627367206029986,0.2666531205177307,0.007987434459935284,2.0756350460089137
29,30,0,0.05128205128205128,0.10900214841603502,0.26909974217414856,0.005376055024376171,1.3632188736320743
29,31,0,0.05299145299145299,0.11196166960198962,0.269864022731781,0.003926461533389531,0.9387012047039389
29,32,0,0.0547008547008547,0.11362347755217128,0.27010399103164673,0.001977348758172158,0.3293653305163761
29,33,0,0.05641025641025641,0.11333733142065387,0.2716846168041229,0.0012586366017820541,0.1776742192191132
29,34,0,0.05811965811965812,0.1132282270623095,0.2668876349925995,0.0029974118585778266,0.49706184974009127
29,35,0,0.05982905982905983,0.11305927503199327,0.2674444019794464,0.004222883550462702,0.9147887735125494
29,36,0,0.06153846153846154,0.11287262324982443,0.26632633805274963,0.004683936690132411,1.0070062785942273
29,37,0,0.06324786324786325,0.11301740330320799,0.2676297724246979,0.004351443061162143,0.9648217767916601
29,38,0,0.06495726495726496,0.11294411998730315,0.26928070187568665,0.0043447443477055165,1.0434493421340398
29,39,0,0.06666666666666667,0.11300238503528777,0.2688417434692383,0.004215452530969334,0.9807776840364559
29,40,0,0.06837606837606838,0.11334169129339061,0.264648973941803,0.0038619237736901165,0.663020785356232
29,41,0,0.07008547008547009,0.11341378302411007,0.27297288179397583,0.0039070990538621776,1.0846142121615916
29,42,0,0.07179487179487179,0.1140136051519806,0.26859724521636963,0.0034063718562171597,0.711007573574898
29,43,0,0.0735042735042735,0.11451616343296955,0.26217296719551086,0.003171184866397574,0.32179616652423004
29,44,0,0.07521367521367521,0.11502134650272353,0.26257798075675964,0.0030444463960640645,0.30122451625703534
29,45,1,0.07692307692307693,0.11563793867981376,0.2667171359062195,0.0028477680213070556,0.4410379268449137
29,46,1,0.07863247863247863,0.11616884033602938,0.27152150869369507,0.0028729052790173615,0.6840736519346127
29,47,1,0.08034188034188035,0.11673035736145124,0.2674946188926697,0.002850197049607721,0.47984573645011835
29,48,1,0.08205128205128205,0.11724954078019567,0.26690295338630676,0.002884562112983673,0.46185221235924523
29,49,1,0.08376068376068375,0.11783350934418971,0.2664414644241333,0.002857642118357694,0.43069864147105874
29,50,1,0.08547008547008547,0.11855547931482442,0.2713215947151184,0.0026845648138169743,0.6142802926794524
29,51,1,0.08717948717948718,0.11933963519477975,0.2664177119731903,0.0024970686785603814,0.31464178993106684
29,52,1,0.08888888888888889,0.12002070294282255,0.26883673667907715,0.002468320388849714,0.42381794151680485
29,53,1,0.0905982905982906,0.12091854247890928,0.272292822599411,0.0022632713934197125,0.5275489255487767
29,54,1,0.09230769230769231,0.12182490928825108,0.2695063650608063,0.002128162867757787,0.3481861247370398
29,55,1,0.09401709401709402,0.12277531443869245,0.26366671919822693,0.0019951152106730697,0.020120611270182553
29,56,1,0.09572649572649573,0.12365566704445075,0.26157066226005554,0.001973682415892979,-0.08924617808217038
29,57,1,0.09743589743589744,0.12512561136748454,0.26287299394607544,0.0014124791182662123,-0.2043618007311035
29,58,1,0.09914529914529914,0.1255464962253944,0.2714199721813202,0.00204336148250016,0.4147766390723982
29,59,1,0.10085470085470086,0.1262809977410451,0.2728872001171112,0.002239256701135327,0.5489732123105997
29,60,1,0.10256410256410256,0.12678982468943056,0.2709618806838989,0.002606850578337998,0.5719201378148764
29,61,1,0.10427350427350428,0.12736984075983052,0.2723143398761749,0.002810373919183028,0.7029329834420042
29,62,1,0.10598290598290598,0.12781450535959785,0.27139559388160706,0.0029267666675021776,0.6950766643530952
29,63,1,0.1076923076923077,0.1282663559143784,0.2696368396282196,0.0030419183962724517,0.6457324050394796
29,64,1,0.1094017094017094,0.1287241967355893,0.27297309041023254,0.0030804171183949226,0.8212064027276484
29,65,1,0.1111111111111111,0.12937284322833,0.27191922068595886,0.0029153636371939008,0.717058528142362
29,66,1,0.11282051282051282,0.13001637207986153,0.2708859145641327,0.00277258540278723,0.6210145022995125
29,67,1,0.11452991452991453,0.13092377025466015,0.2745503783226013,0.002415653908054526,0.6865425647431853
29,68,1,0.11623931623931624,0.1316373770233924,0.2721153199672699,0.002366400724392719,0.5517272858360691
29,69,1,0.11794871794871795,0.13223669478332387,0.2748768925666809,0.0024953780364120205,0.7279190562122376
29,70,1,0.11965811965811966,0.13303345324736124,0.27647438645362854,0.002414582461123126,0.7803220088183386
29,71,1,0.12136752136752137,0.13389701784908117,0.27398502826690674,0.002305288151278133,0.6237186269712944
29,72,1,0.12307692307692308,0.1348807115863573,0.272272527217865,0.002064906312607211,0.46334806355596986
29,73,1,0.12478632478632479,0.13586948126463264,0.27493155002593994,0.0018869702750731066,0.5367267991252199
29,74,1,0.1264957264957265,0.13676169562563106,0.27415215969085693,0.0019029525344019128,0.50369234725402
29,75,1,0.1282051282051282,0.1373330303960886,0.26720911264419556,0.0022636783585118104,0.2789877990961394
29,76,1,0.12991452991452992,0.13851004382756213,0.26371440291404724,0.0019456680637901392,0.0066971753413087665
29,77,1,0.13162393162393163,0.13936847898048177,0.26284071803092957,0.001994565971171718,-0.020461681638772343
29,78,1,0.13333333333333333,0.14045839927575407,0.26573893427848816,0.0017793951048616797,0.05275350553568118
29,79,1,0.13504273504273503,0.14249837742111654,0.2703597843647003,0.0008346855100762565,-0.02222533614778127
29,80,1,0.13675213675213677,0.1440134379687304,0.26975217461586,0.0005195955578913041,-0.1523509111945383
29,81,1,0.13846153846153847,0.14572543806351898,0.26645633578300476,0.00019765122391342835,-0.41616650006359274
29,82,1,0.14017094017094017,0.14689285269610955,0.2658771872520447,0.0005255426593452783,-0.3400170114025256
29,83,1,0.14188034188034188,0.1481802926066308,0.2697261571884155,0.0008467161039129467,-0.049388355424468566
29,84,1,0.14358974358974358,0.15007894982984413,0.2720750570297241,0.00046896985404989565,-0.05484908674354105
29,85,1,0.1452991452991453,0.1513616698865927,0.27123522758483887,0.0006021955856080218,-0.053481129859166976
29,86,1,0.147008547008547,0.15351464389936975,0.27226758003234863,0.00022641060831036467,-0.12272129983669194
29,87,1,0.14871794871794872,0.15536155766566528,0.2686084806919098,0.0003331864368810567,-0.26769777641839115
29,88,1,0.15042735042735042,0.15735985499077226,0.2652130126953125,0.0005361674972294129,-0.3691223197890333
29,89,1,0.15213675213675212,0.1582824038494178,0.27200689911842346,0.0004262911772297183,-0.07178265865054623
29,90,1,0.15384615384615385,0.16066262191464237,0.2714878022670746,0.00033493404749609555,-0.12628692587062096
29,91,1,0.15555555555555556,0.1638461580168123,0.271726131439209,0.0016850662385129844,0.31558472567219886
29,92,1,0.15726495726495726,0.1664629034832863,0.2680690884590149,0.0021806616172002757,0.2946042262653562
29,93,1,0.15897435897435896,0.16995206158588266,0.27025774121284485,0.0033940575966681223,0.7883137609136672
29,94,1,0.1606837606837607,0.17430677073747797,0.2707878351211548,0.004831352314147176,1.2722321952129103
29,95,1,0.1623931623931624,0.17839824499968976,0.27326804399490356,0.0055117893706500675,1.6103797459615736
29,96,1,0.1641025641025641,0.18264231318178725,0.27042248845100403,0.0061178358070281946,1.6642911981178876
29,97,1,0.1658119658119658,0.18758870491933033,0.2630423307418823,0.00701937511994606,1.5905310460400923
29,98,1,0.1675213675213675,0.19220161702191582,0.26486170291900635,0.007223126389169622,1.7444575093535915
29,99,1,0.16923076923076924,0.19703061773280242,0.26367634534835815,0.007578415528946765,1.7996819028461706
29,100,1,0.17094017094017094,0.2018001748208702,0.26482126116752625,0.007689879433736375,1.8912076283148236
29,101,1,0.17264957264957265,0.2051444972333831,0.26600876450538635,0.006244736436478533,1.4888117881855885
29,102,1,0.17435897435897435,0.2089764497167689,0.25704991817474365,0.005687740841351164,0.873068753514334
29,103,1,0.17606837606837608,0.21320589642414756,0.2612225115299225,0.0057234793750165335,1.0885764044960318
29,104,1,0.17777777777777778,0.21671532093920065,0.2652762234210968,0.005189084217233337,1.116598259272629
29,105,1,0.1794871794871795,0.2208086518312393,0.26258429884910583,0.005553628579689369,1.101071795440668
29,106,1,0.1811965811965812,0.22463106173821887,0.2653403878211975,0.005459999837204922,1.2060630187705474
29,107,1,0.1829059829059829,0.22765201238746186,0.2668110132217407,0.004567297481085376,0.9935496854925682
29,108,1,0.18461538461538463,0.23050555396174557,0.269086092710495,0.003809310064540534,0.8633158014797111
29,109,1,0.18632478632478633,0.23304291814176126,0.26811835169792175,0.0028991159889199657,0.5259459917024331
29,110,1,0.18803418803418803,0.23411569821613523,0.2678772509098053,0.0012258358831114856,-0.01903069250120698
29,111,1,0.18974358974358974,0.23544596897796558,0.266666442155838,0.0006289514286972529,-0.26845664611722425
29,112,1,0.19145299145299147,0.23708213433570946,0.27105775475502014,0.00043988266186730126,-0.11388314268562394
29,113,1,0.19316239316239317,0.23869004765823157,0.2657490074634552,0.00047611443283619877,-0.3620375127767084
29,114,1,0.19487179487179487,0.24027082069432426,0.2693675458431244,0.00030712377586105007,-0.23886968438177159
29,115,1,0.19658119658119658,0.24098838877738094,0.26942914724349976,0.00112833631235164,0.02581902263784719
29,116,1,0.19829059829059828,0.2421797874481407,0.26669013500213623,0.0013225425914456957,-0.046288298424517094
29,117,1,0.2,0.24501490209288865,0.270163357257843,0.000645965901028512,-0.09196893284702784
29,118,1,0.20170940170940171,0.24630344571366478,0.26531073451042175,0.0005293866404228186,-0.3665025367069655
29,119,1,0.20341880341880342,0.2472673246008601,0.2671179473400116,0.0005987885803335635,-0.25598063224241296
29,120,1,0.20512820512820512,0.24862893197547373,0.2649918496608734,0.000806915161589693,-0.2936690559722226
29,121,1,0.20683760683760682,0.2498771977127624,0.2610689401626587,0.001170935556134305,-0.36958122400505694
29,122,1,0.20854700854700856,0.25066125150044927,0.2743260860443115,0.001602455673415869,0.4164488738997517
29,123,1,0.21025641025641026,0.2516286914510858,0.27123770117759705,0.0017244671694754566,0.30424603641339365
29,124,1,0.21196581196581196,0.25278345146585646,0.2684288024902344,0.0016600488672612202,0.14631051545638807
29,125,1,0.21367521367521367,0.25426374083220166,0.26608964800834656,0.0012183893735117236,-0.10885151151689879
29,126,1,0.2153846153846154,0.25595997115177394,0.2640785872936249,0.0006187948337992455,-0.39828867114937533
29,127,1,0.2170940170940171,0.25789482305680217,0.26581957936286926,0.00025389709407950504,-0.4293936252888311
29,128,1,0.2188034188034188,0.25976411122462695,0.27013811469078064,0.0002941324247935207,-0.20531373445617612
29,129,1,0.2205128205128205,0.2612156228573857,0.26887741684913635,0.0001610127050934322,-0.3094039346408077
29,130,1,0.2222222222222222,0.26254507697683666,0.2626385986804962,0.00040803726898537725,-0.5358885310834737
29,131,1,0.22393162393162394,0.2645299606758365,0.2656744718551636,0.00021297544111619903,-0.449531639799498
29,132,1,0.22564102564102564,0.2659961604352707,0.26575538516044617,0.0002897635315226892,-0.4211052927697592
29,133,1,0.22735042735042735,0.2662756106167078,0.26593896746635437,0.0015405767927994685,-0.013559286046122429
29,134,1,0.22905982905982905,0.2675969301260447,0.26801177859306335,0.0014842542232930845,0.06989398451575027
29,135,1,0.23076923076923078,0.2683191725346672,0.26595446467399597,0.002024975101972597,0.14154989388222716
29,136,1,0.23247863247863249,0.26897924065850143,0.26558831334114075,0.0023122099428460486,0.21516400776356714
29,137,1,0.2341880341880342,0.27061094248931167,0.26951074600219727,0.00142627816784348,0.12474842941996189
29,138,1,0.2358974358974359,0.2720626026781444,0.2745771110057831,0.0010584509471616866,0.2553844505960525
29,139,1,0.2376068376068376,0.27314872338008606,0.2712593674659729,0.0010887483832450074,0.10273735921269334
29,140,1,0.23931623931623933,0.27446264932594483,0.27139461040496826,0.0009822101487409352,0.07540546051795599
29,141,1,0.24102564102564103,0.27490386629393426,0.26894959807395935,0.0019118453476123388,0.25202107029641907
29,142,1,0.24273504273504273,0.27640726562716006,0.26842907071113586,0.0014816769655422047,0.08948633288305236
29,143,1,0.24444444444444444,0.2773164058574417,0.2663942277431488,0.001658702472514444,0.04635181275293561
29,144,1,0.24615384615384617,0.27761161136774914,0.26759448647499084,0.002405417581545959,0.34300444796017493
29,145,1,0.24786324786324787,0.27839264582839407,0.271907240152359,0.0024116236313521267,0.5559582471904562
29,146,1,0.24957264957264957,0.27968899585596363,0.2704080641269684,0.001987468487397519,0.3474649304089377
29,147,1,0.2512820512820513,0.2813118659401579,0.2679942548274994,0.0011850309604041365,-0.02630924161961376
29,148,1,0.252991452991453,0.2828784506894848,0.2669438421726227,0.0006173112317562501,-0.2585955610751723
29,149,1,0.2547008547008547,0.2840476709745302,0.26198872923851013,0.0007648007771447629,-0.4539987099011181
29,150,1,0.2564102564102564,0.285659614002583,0.2649244964122772,0.0005666140356260107,-0.3735346576786244
29,151,1,0.25811965811965815,0.2882693483917977,0.2684521973133087,0.0005504658169338384,-0.20610805273516272
29,152,1,0.25982905982905985,0.2901328673593207,0.2752319574356079,0.0006746141715469179,0.16511133980911902
29,153,1,0.26153846153846155,0.2917152378212126,0.27679207921028137,0.0005010916696688337,0.1861391143477521
29,154,1,0.26324786324786326,0.29353592309729437,0.27349382638931274,0.00034717403039101317,-0.0242537089282282
29,155,1,0.26495726495726496,0.2960673936665579,0.26909708976745605,0.0009095673259766468,-0.06013457934287514
29,156,1,0.26666666666666666,0.2985655445468615,0.27226927876472473,0.0014582068875902531,0.2698674507903638
29,157,1,0.26837606837606837,0.30141246308252323,0.2694113850593567,0.0021969561263667347,0.3654604068464762
29,158,1,0.27008547008547007,0.30315939237924827,0.270791620016098,0.001519579107764164,0.21713757828902414
29,159,1,0.2717948717948718,0.30502745690039895,0.27395156025886536,0.0009817763084263697,0.20035105002549347
29,160,1,0.27350427350427353,0.30714110175321824,0.2766679525375366,0.0008554053527853723,0.2929672040815418
29,161,1,0.27521367521367524,0.3089589806874777,0.2760964334011078,0.0005293949854556346,0.16112741634215938
29,162,1,0.27692307692307694,0.3112036986949686,0.27588459849357605,0.0008874835917079394,0.2648677533479116
29,163,1,0.27863247863247864,0.3125970862080714,0.27160295844078064,0.0004219972039642459,-0.09291134879849855
29,164,1,0.28034188034188035,0.31419756828126033,0.27444133162498474,0.00022738274631607864,-0.01607343823576235
29,165,1,0.28205128205128205,0.31588593877320054,0.27619680762290955,0.00016577017224039022,0.05017043225832052
29,166,1,0.28376068376068375,0.3178157190193495,0.2715093195438385,0.00018973943314888012,-0.1714998478455092
29,167,1,0.28547008547008546,0.31896807728639553,0.2746617794036865,0.0004004829572498025,0.04986818731629966
29,168,1,0.28717948717948716,0.3203522537971779,0.2741377651691437,0.0006090542160484424,0.09069402887688688
29,169,1,0.28888888888888886,0.32170029036098685,0.2687482237815857,0.0007996890312188964,-0.11221297167899652
29,170,1,0.2905982905982906,0.3229328107235155,0.2713147699832916,0.0010207565656368423,0.0837823550746995
29,171,1,0.2923076923076923,0.32353820731885147,0.26806265115737915,0.0016946328963423508,0.13941872686683918
29,172,1,0.294017094017094,0.3242544182333966,0.2711283564567566,0.002120954489911191,0.42523566285258285
29,173,1,0.29572649572649573,0.32407345416684497,0.2734534740447998,0.0032774596655175,0.9074929753903136
29,174,1,0.29743589743589743,0.3249619300856495,0.27129867672920227,0.0029822746981775106,0.7080229120290864
29,175,1,0.29914529914529914,0.3260662168900648,0.2704501748085022,0.002385267734295692,0.47628166613442835
29,176,1,0.30085470085470084,0.32686464207159105,0.26679015159606934,0.002218844945572772,0.24420663781580154
29,177,1,0.30256410256410254,0.32709107316880864,0.2723892033100128,0.002644969807903812,0.6538900565695022
29,178,1,0.30427350427350425,0.32676424589900555,0.27014705538749695,0.0037262018281978572,0.8887351820222429
29,179,1,0.305982905982906,0.3274686170643218,0.26903343200683594,0.0034724096162205994,0.7533880615171478
29,180,1,0.3076923076923077,0.3283014460791678,0.2686503827571869,0.0029901806449388214,0.5809897941971531
29,181,1,0.3094017094017094,0.32933373418302914,0.2656145989894867,0.0023170935429716478,0.21800601397679192
29,182,1,0.3111111111111111,0.32982236742468257,0.2689855098724365,0.002389125554873377,0.40586076764401147
29,183,1,0.3128205128205128,0.3311505962166333,0.27063190937042236,0.0018254271443419335,0.30678159709859604
29,184,1,0.3145299145299145,0.3326535694689447,0.2692470848560333,0.00124294868010834,0.05343333509356624
29,185,1,0.3162393162393162,0.3343427980293858,0.2669904828071594,0.0006417509671114585,-0.2485263425890992
29,186,1,0.31794871794871793,0.33599932306623864,0.27015283703804016,0.00023749189184783966,-0.22264174880009452
29,187,1,0.31965811965811963,0.33768964601959445,0.27292534708976746,9.14078488810521e-05,-0.13356183611656508
29,188,1,0.3213675213675214,0.3401087063505341,0.270060271024704,0.0006928900313183229,-0.08205968781138734
29,189,1,0.3230769230769231,0.3423972373874101,0.2692718207836151,0.0011176368477969888,0.014713414668082181
29,190,1,0.3247863247863248,0.34447204951055244,0.2653942406177521,0.0011788391314332524,-0.15547273908257261
29,191,1,0.3264957264957265,0.3455816919209705,0.2752138674259186,0.0005699407626885582,0.13087273982714964
29,192,1,0.3282051282051282,0.34763252919715537,0.2727872133255005,0.0003656787575821958,-0.05292418644559732
29,193,1,0.3299145299145299,0.35005113323655074,0.2736068367958069,0.0007857740593537732,0.12103234425673598
29,194,1,0.3316239316239316,0.3525886688684424,0.2749602198600769,0.0014098357289602913,0.38609279496985427
29,195,1,0.3333333333333333,0.3551554755185596,0.2758464515209198,0.001947487539604954,0.6007665287611265
29,196,1,0.335042735042735,0.3575734756681928,0.2687554657459259,0.001972041789840907,0.26170557217669616
29,197,1,0.3367521367521368,0.35959682282365274,0.2722599506378174,0.0015101523275414652,0.28596327822480117
29,198,1,0.3384615384615385,0.3623687067357209,0.2728932201862335,0.0018956138428341662,0.4397676514497981
29,199,1,0.3401709401709402,0.3647076480992391,0.27429187297821045,0.0017895457395327285,0.4743905022335884
29,200,1,0.3418803418803419,0.3668048071405901,0.2767932415008545,0.0014986616357138393,0.5040665934392611
29,201,1,0.3435897435897436,0.3689135472462048,0.2747941315174103,0.0012995688732291965,0.3428319178117989
29,202,1,0.3452991452991453,0.37093646491226623,0.27858448028564453,0.0009933054336526258,0.43066328810823207
29,203,1,0.347008547008547,0.3735063123172671,0.27815595269203186,0.0014212132945171773,0.5460507537676038
29,204,1,0.3487179487179487,0.3743100497096032,0.27799108624458313,0.00048331284141466186,0.23912839367862176
29,205,1,0.3504273504273504,0.3754996334725731,0.27142319083213806,0.0006614422469371095,-0.02540747753873196
29,206,1,0.35213675213675216,0.3764488566607831,0.2695378363132477,0.0013587406153191695,0.10455316529740716
29,207,1,0.35384615384615387,0.37778701179694557,0.27078306674957275,0.0013986834162859497,0.17819635948690973
29,208,1,0.35555555555555557,0.3791594489475506,0.27453911304473877,0.001096421135600505,0.2656246307589182
29,209,1,0.3572649572649573,0.38049026626170945,0.27152904868125916,0.0009779536309285231,0.0806257497617443
29,210,1,0.358974358974359,0.38102831388340425,0.2698954641819,0.001687564206517821,0.22682599214339882
29,211,1,0.3606837606837607,0.38088491704464084,0.274549663066864,0.0029758253509365325,0.8650033701915336
29,212,1,0.3623931623931624,0.38110533492107546,0.270323246717453,0.0035298837864256734,0.8347985628849246
29,213,1,0.3641025641025641,0.38117787740917386,0.27058693766593933,0.003943812791708539,0.9795944842808235
29,214,1,0.3658119658119658,0.38133429284292625,0.27340179681777954,0.003959300144822224,1.1222299868500756
29,215,1,0.36752136752136755,0.3822770425197295,0.2725813388824463,0.0030930452078994797,0.8060661251677024
29,216,1,0.36923076923076925,0.38330976337859357,0.2699514329433441,0.002408355717807552,0.45924050378345305
29,217,1,0.37094017094017095,0.38422437274717985,0.26907074451446533,0.00204485346360077,0.30032981498493333
29,218,1,0.37264957264957266,0.38469711366210885,0.27103716135025024,0.0023337363831732894,0.48857634851316223
29,219,1,0.37435897435897436,0.3849159357513076,0.2698131203651428,0.0029556194987701723,0.6268572031124691
29,220,1,0.37606837606837606,0.3864860134952184,0.26697903871536255,0.0020452650627540026,0.1981364852552509
29,221,1,0.37777777777777777,0.38734663500138916,0.2684536278247833,0.0019787060857393724,0.24906345977904396
29,222,1,0.37948717948717947,0.3891851917802948,0.2685507535934448,0.0009910968252038977,-0.060881921945037554
29,223,1,0.3811965811965812,0.39161336048687434,0.26637211441993713,0.0004323076774034952,-0.345514446849137
29,224,1,0.38290598290598293,0.39360285733783434,0.2671982944011688,0.0007005749737152689,-0.21961640267517601
29,225,1,0.38461538461538464,0.39510717621960645,0.26935556530952454,0.0005224198885823748,-0.1708527453119576
29,226,1,0.38632478632478634,0.3970611927323225,0.2680444121360779,0.0004395641029951281,-0.26139482956728255
29,227,1,0.38803418803418804,0.3993598333490777,0.2638467848300934,0.0007692044817434307,-0.36170097911210236
29,228,1,0.38974358974358975,0.4008241196272256,0.2631830871105194,0.0004136258399015145,-0.5074718464264597
29,229,1,0.39145299145299145,0.4029197106483678,0.2671782970428467,0.0005871479931348745,-0.2567375898697394
29,230,1,0.39316239316239315,0.4040845372122844,0.2750818431377411,0.00031724555157993425,0.04389417289979192
29,231,1,0.39487179487179486,0.4051604002607741,0.27005040645599365,0.0008811321216396372,-0.022559864836579457
29,232,1,0.39658119658119656,0.4053593287071224,0.2705402672290802,0.0021323454032154566,0.40009649065466707
29,233,1,0.39829059829059826,0.4059385622489233,0.2690269649028778,0.0026869141313887613,0.502777535523726
29,234,1,0.4,0.4067643935637703,0.2637858986854553,0.0026157957166805957,0.22372747315365288
29,235,1,0.4017094017094017,0.4075270928434049,0.2616925835609436,0.0025230605249175076,0.09177466308767021
29,236,1,0.40341880341880343,0.40864168218084057,0.2645788788795471,0.002000144333139513,0.06634519805942724
29,237,1,0.40512820512820513,0.40997906947963625,0.26432734727859497,0.001483345402773355,-0.11063487929572613
29,238,1,0.40683760683760684,0.4105067585372759,0.2655855715274811,0.001965783152811972,0.10464273722937041
29,239,1,0.40854700854700854,0.41115221037316735,0.267354279756546,0.002255922560296929,0.2836179059623086
29,240,1,0.41025641025641024,0.41180555223780374,0.26481133699417114,0.002508860078101154,0.23981655042960665
29,241,1,0.41196581196581195,0.41222821363334433,0.2628459334373474,0.002877166196801355,0.261029546558936
29,242,1,0.41367521367521365,0.4129287460315205,0.2621392607688904,0.0027389198370521717,0.18240821272173602
29,243,1,0.4153846153846154,0.413574621985809,0.2637101709842682,0.002698540756324851,0.24638922597077034
29,244,1,0.4170940170940171,0.4146483144703241,0.26619648933410645,0.0022304511749701873,0.21886344686376882
29,245,1,0.4188034188034188,0.4158348146895165,0.26564231514930725,0.0017546415139078498,0.04013937274140719
29,246,1,0.4205128205128205,0.41748906620298415,0.26536256074905396,0.0010020402644832383,-0.21335855568892936
29,247,1,0.4222222222222222,0.4187707155264007,0.2661086320877075,0.0008604709839325919,-0.2219717097205692
29,248,1,0.4239316239316239,0.4208753015071189,0.26871517300605774,0.0002583049440864584,-0.28633908707755734
29,249,1,0.4256410256410256,0.4221686730255107,0.26915183663368225,0.000319469509454277,-0.24548809147026635
29,250,1,0.42735042735042733,0.4237498235148036,0.27174893021583557,0.000320597723874898,-0.11808096379485161
29,251,1,0.42905982905982903,0.42503503378213703,0.26381394267082214,0.0006005767844963083,-0.41703995212290296
29,252,1,0.4307692307692308,0.42605857721429863,0.26325854659080505,0.0011431129162688281,-0.27133306745526536
29,253,1,0.4324786324786325,0.4269480177621678,0.26361843943595886,0.001549491295194565,-0.12423699927704292
29,254,1,0.4341880341880342,0.4283127862223315,0.2651478350162506,0.0013795590191951635,-0.10356831695005053
29,255,1,0.4358974358974359,0.42932673341135963,0.26600581407546997,0.0015063525070489626,-0.02119460174094634
29,256,1,0.4376068376068376,0.4303171519532062,0.26676037907600403,0.0015888588725080522,0.04200831752155697
29,257,1,0.4393162393162393,0.430978604908529,0.2685393691062927,0.001992049601912115,0.25750969485796976
29,258,1,0.441025641025641,0.432040027766988,0.2637929916381836,0.0019382735300434318,0.00818543869723454
29,259,1,0.4427350427350427,0.433616776639589,0.26074227690696716,0.0012933350436066127,-0.3465593377927354
29,260,1,0.4444444444444444,0.4343311220797709,0.2612018883228302,0.0016515004104820253,-0.2099479535059537
29,261,1,0.4461538461538462,0.4352655373284997,0.2620519697666168,0.001720577693394414,-0.1463515595771159
29,262,1,0.4478632478632479,0.436268466776471,0.2662137746810913,0.0017893813504157464,0.07916436419284895
29,263,1,0.4495726495726496,0.43706739586951626,0.2637644410133362,0.002047562009741254,0.04161298713597646
29,264,1,0.4512820512820513,0.4380313041618044,0.267473429441452,0.0019463085249349522,0.19078966270546052
29,265,1,0.452991452991453,0.43894358032136394,0.26783668994903564,0.001959077885883802,0.21262895263047693
29,266,1,0.4547008547008547,0.44011412775290404,0.26671215891838074,0.001708041202559728,0.07762627434546947
29,267,1,0.4564102564102564,0.44140729272165374,0.26609477400779724,0.0013762914779182778,-0.058286045545635434
29,268,1,0.4581196581196581,0.44229064931301965,0.2675246596336365,0.0015779090995867596,0.07590718814576329
29,269,1,0.4598290598290598,0.44342715517662423,0.2684894800186157,0.0015062395237859672,0.10026824012992921
29,270,1,0.46153846153846156,0.44421167948237195,0.2680181562900543,0.0018426089318533557,0.18439389026554606
29,271,1,0.46324786324786327,0.44500800907123667,0.2693382799625397,0.0020706672753555855,0.3216428639547652
29,272,1,0.46495726495726497,0.4457275276593541,0.26851555705070496,0.002251327774633898,0.33896250666869043
29,273,1,0.4666666666666667,0.4467547889327457,0.26877012848854065,0.0020832860878259463,0.29787029370753754
29,274,1,0.4683760683760684,0.4476181416986624,0.2682666480541229,0.0020518417609396034,0.2632208798329861
29,275,1,0.4700854700854701,0.4484860743093406,0.26697608828544617,0.0020355247043339787,0.1948884367988884
29,276,1,0.4717948717948718,0.44971949237716835,0.27069878578186035,0.0016716229460322241,0.2610442053845916
29,277,1,0.4735042735042735,0.450606716829814,0.2660859525203705,0.001782389672840128,0.07068354921179695
29,278,1,0.4752136752136752,0.45115767693523995,0.26382163166999817,0.002194411541681306,0.0912035659533086
29,279,1,0.47692307692307695,0.4518698056637295,0.2664109468460083,0.0023671666223361466,0.27291821285400597
29,280,1,0.47863247863247865,0.4523150794731045,0.2652951180934906,0.0027678256515582967,0.3460007831418325
29,281,1,0.48034188034188036,0.4530802226805937,0.2663717567920685,0.002651579218053134,0.36162770263193456
29,282,1,0.48205128205128206,0.45338102616572545,0.26801857352256775,0.0029691521956163192,0.5433816103081468
29,283,1,0.48376068376068376,0.453765502570611,0.2701622247695923,0.003140513098352187,0.7028505059020449
29,284,1,0.48547008547008547,0.45456176142062293,0.269957572221756,0.002818178475060622,0.5901287795252408
29,285,1,0.48717948717948717,0.45524596978186943,0.27035611867904663,0.002695640600693704,0.5705792626311035
29,286,1,0.4888888888888889,0.45579982499790594,0.2689568102359772,0.002683222159976144,0.49816920037675194
29,287,1,0.4905982905982906,0.4566621522938756,0.26495009660720825,0.002425594572051647,0.2200724215983073
29,288,1,0.49230769230769234,0.4578450934369625,0.26877614855766296,0.0019668158597808284,0.2610521417202988
29,289,1,0.49401709401709404,0.4592131115535577,0.26828891038894653,0.001419630747270544,0.06285909469513362
29,290,1,0.49572649572649574,0.46136126026481966,0.26839280128479004,0.0005487359445852776,-0.20956487142919647
29,291,1,0.49743589743589745,0.4642027053172391,0.26804980635643005,0.0011878187567603959,-0.022703390472557594
29,292,1,0.49914529914529915,0.4677760941805411,0.26869744062423706,0.0028760693642215355,0.5469308433035857
29,293,1,0.5008547008547009,0.47183487186466155,0.2703694701194763,0.004452096862447253,1.1309183019351594
29,294,1,0.5025641025641026,0.4760948239674981,0.2904830873012543,0.005556608887507848,2.4668066589415885
29,295,1,0.5042735042735043,0.48085437172163076,0.2855952978134155,0.0066327657159709185,2.570612045948184
29,296,1,0.505982905982906,0.4868763409151827,0.30154135823249817,0.008491818308424949,3.9430575736514424
29,297,1,0.5076923076923077,0.49529790081657,0.3051506578922272,0.012138316526151811,5.281559670773887
29,298,1,0.5094017094017094,0.5020160105061117,0.34003379940986633,0.012990668977716375,7.259611330994901
29,299,1,0.5111111111111111,0.5074734281441791,0.3638190031051636,0.011967789981130418,8.097228221947033
29,300,1,0.5128205128205128,0.5130324991546005,0.37757205963134766,0.01087209688591474,8.420879089682911
29,301,1,0.5145299145299145,0.5185583373909566,0.380453497171402,0.00985889556241641,8.238985110414582
29,302,1,0.5162393162393163,0.5241490428234481,0.33660539984703064,0.009634491851311279,6.022468060443526
29,303,1,0.517948717948718,0.5298181259773531,0.31023934483528137,0.00977031692588219,4.775942856845399
29,304,1,0.5196581196581197,0.5362049596387514,0.3133848011493683,0.010570976128986926,5.184941929910438
29,305,1,0.5213675213675214,0.5435357730753942,0.2569238841533661,0.012108674444592083,2.9129012707618243
29,306,1,0.5230769230769231,0.5523097040632268,0.2503397464752197,0.01463824651131519,3.3968461445626934
29,307,1,0.5247863247863248,0.5621831484991544,0.25029975175857544,0.01747152563729816,4.297699690562069
29,308,1,0.5264957264957265,0.5725694652241117,0.2568598687648773,0.019766586731805105,5.349924684326712
29,309,1,0.5282051282051282,0.581278025944419,0.25125715136528015,0.019384021055772374,4.953941857576025
29,310,1,0.5299145299145299,0.5883965377165374,0.2531128227710724,0.0170669696106346,4.30640302180427
29,311,1,0.5316239316239316,0.593233098581671,0.253142386674881,0.012881822062440441,2.9742731785252157
29,312,1,0.5333333333333333,0.5965614480691208,0.2525271475315094,0.008447684029261172,1.5312605560935428
29,313,1,0.535042735042735,0.5991965852116117,0.25498566031455994,0.005084825460499749,0.5799710651664157
29,314,1,0.5367521367521367,0.5998789827737234,0.2541533410549164,0.0018343063763610772,-0.4965067458611547
29,315,1,0.5384615384615384,0.6004410768980972,0.25525569915771484,0.0012293373537826035,-0.6353506343101708
29,316,1,0.5401709401709401,0.6008021697595775,0.2559984028339386,0.0024618356517357044,-0.20628885203650943
29,317,1,0.5418803418803418,0.6015644073671459,0.25660428404808044,0.002759778466781425,-0.08171168391447009
29,318,1,0.5435897435897435,0.6021631164148749,0.25383618474006653,0.0027530249579360167,-0.21927673908452427
29,319,1,0.5452991452991452,0.6021745884323397,0.25331342220306396,0.003312586350758999,-0.06654843574698316
29,320,1,0.5470085470085471,0.6025092776548293,0.2505950331687927,0.0034112750118300435,-0.1680830924632133
29,321,1,0.5487179487179488,0.6021874275534763,0.24752014875411987,0.0041599020869960025,-0.07995761634171095
29,322,1,0.5504273504273505,0.6022172928330127,0.2432902753353119,0.004285791854042197,-0.2467653197360795
29,323,1,0.5521367521367522,0.6021913500712617,0.2443486601114273,0.004325278720327718,-0.18240773895214624
29,324,1,0.5538461538461539,0.6026686894888661,0.24657870829105377,0.0038521297124537875,-0.22408219932216955
29,325,1,0.5555555555555556,0.6031058827173208,0.24361447989940643,0.0034547894425082815,-0.49570021846577306
29,326,1,0.5572649572649573,0.6036023481731404,0.2525086998939514,0.0031879377776497953,-0.14563340942569186
29,327,1,0.558974358974359,0.6040827720343636,0.2503635883331299,0.0030537777514585574,-0.2933198713077519
29,328,1,0.5606837606837607,0.6046334758345868,0.251250684261322,0.002975929442010765,-0.27472985640813713
29,329,1,0.5623931623931624,0.6047187967572585,0.2522464692592621,0.003381805105769285,-0.09668666801930953
29,330,1,0.5641025641025641,0.6048662817402541,0.24973918497562408,0.003637548632758046,-0.13784952021869423
29,331,1,0.5658119658119658,0.6054220473524679,0.24416857957839966,0.0033977664123227714,-0.4867642294180671
29,332,1,0.5675213675213675,0.6055115288581674,0.24090799689292908,0.0036431037361493042,-0.5680936881343455
29,333,1,0.5692307692307692,0.6055195080093327,0.24275334179401398,0.003854637840879098,-0.4104166999241061
29,334,1,0.5709401709401709,0.6055936764644811,0.24181027710437775,0.003980647198749259,-0.4163983851051305
29,335,1,0.5726495726495726,0.6062624569335482,0.24770744144916534,0.003493715410738967,-0.28307242835808205
29,336,1,0.5743589743589743,0.60632238460905,0.24886977672576904,0.00364389013050727,-0.17835955245059254
29,337,1,0.576068376068376,0.6073059395503042,0.2511247396469116,0.002863049126973676,-0.3168597018145839
29,338,1,0.5777777777777777,0.6084125956858772,0.2509201467037201,0.002203000876643506,-0.5371892504148449
29,339,1,0.5794871794871795,0.6093812420539912,0.2516574561595917,0.0019390843138785297,-0.5852163706212747
29,340,1,0.5811965811965812,0.6100971225890066,0.2502155900001526,0.0020029000589739266,-0.6354166829949739
29,341,1,0.582905982905983,0.6107403991142304,0.24630610644817352,0.0023033080287393082,-0.7309418422634195
29,342,1,0.5846153846153846,0.6116054211560659,0.2499788999557495,0.0022969008778853817,-0.5533134874016323
29,343,1,0.5863247863247864,0.6123155474690565,0.247281014919281,0.002384980932441926,-0.6572254846107327
29,344,1,0.588034188034188,0.6132082873975517,0.24432018399238586,0.002225817357712977,-0.8527835041639324
29,345,1,0.5897435897435898,0.6144045372495925,0.24508753418922424,0.0018073587078084475,-0.9485851105606482
29,346,1,0.5914529914529915,0.6152674005425047,0.24339014291763306,0.0018605299487367988,-1.0146773133108917
29,347,1,0.5931623931623932,0.6159773395823399,0.24891126155853271,0.002066085755511331,-0.6790895279853655
29,348,1,0.5948717948717949,0.617379398855879,0.24643169343471527,0.0015794745102930986,-0.9554441200057538
29,349,1,0.5965811965811966,0.6191153212677232,0.24901311099529266,0.0009053947343178561,-1.0439554588884405
29,350,1,0.5982905982905983,0.6206072019376365,0.24760404229164124,0.0005721452976500551,-1.2190741579412883
29,351,1,0.6,0.621979838417636,0.2501320540904999,0.0005344591664334808,-1.107414447638257
29,352,1,0.6017094017094017,0.6236307511440633,0.2558673024177551,0.0003841711488302579,-0.874739452290531
29,353,1,0.6034188034188034,0.6249709006045125,0.2574300169944763,0.0006068597604270853,-0.7273341740422061
29,354,1,0.6051282051282051,0.6264909192736965,0.2511747181415558,0.0005507359254404864,-1.0512216946808293
29,355,1,0.6068376068376068,0.6277402204693525,0.2518783509731293,0.0007723640637994511,-0.9461798853551175
29,356,1,0.6085470085470085,0.6289730346792368,0.2519032955169678,0.0009796453668442662,-0.8789104811758099
29,357,1,0.6102564102564103,0.6310276811440826,0.25324490666389465,0.0004389965835797884,-0.9855549937504798
29,358,1,0.611965811965812,0.6324912041237685,0.2530430853366852,0.00037253379399438227,-1.0166059544002228
29,359,1,0.6136752136752137,0.6346044615719801,0.2513071298599243,0.00030194429469516785,-1.1240204190457725
29,360,1,0.6153846153846154,0.6366128226109843,0.2530706524848938,0.0005942450580424097,-0.9446102205855209
29,361,1,0.6170940170940171,0.639208337346798,0.2510528862476349,0.0012798128109193074,-0.8248649486068135
29,362,1,0.6188034188034188,0.6419832544286221,0.24773262441158295,0.0020095658420645323,-0.754757247610323
29,363,1,0.6205128205128205,0.6450579295481091,0.25057122111320496,0.002711228385338117,-0.39231427262354596
29,364,1,0.6222222222222222,0.6477182847183638,0.2533312737941742,0.0027582165615605125,-0.24232227853714328
29,365,1,0.6239316239316239,0.649680524751266,0.2512781620025635,0.0019440910676178768,-0.602175744178043
29,366,1,0.6256410256410256,0.652171936277758,0.2476077824831009,0.0018174557429928972,-0.8220793202388926
29,367,1,0.6273504273504273,0.6551146940613667,0.2457321435213089,0.0022130430643175613,-0.7877820986791125
29,368,1,0.629059829059829,0.6561643119667866,0.24596768617630005,0.0010725573233481044,-1.1396695598111763
29,369,1,0.6307692307692307,0.6578430651795122,0.24679432809352875,0.0006588433805123521,-1.231058788354503
29,370,1,0.6324786324786325,0.6583236049781938,0.2460245043039322,0.001244379066336997,-1.0821399361375206
29,371,1,0.6341880341880342,0.6603504292586913,0.24920956790447235,0.0009199876665622011,-1.029694988564767
29,372,1,0.6358974358974359,0.6620183307698932,0.2502549886703491,0.0005460742756573693,-1.0976994958968689
29,373,1,0.6376068376068376,0.6626256923106968,0.24596482515335083,0.0012526474090506935,-1.0824247242970981
29,374,1,0.6393162393162393,0.6629651456944605,0.24863336980342865,0.0021088508080831115,-0.6790568907325051
29,375,1,0.6410256410256411,0.663843276870532,0.2503977119922638,0.0023911048110783085,-0.5028079492369946
29,376,1,0.6427350427350428,0.6644192268919824,0.24806788563728333,0.002688366692588111,-0.5220600956831064
29,377,1,0.6444444444444445,0.6648336802348325,0.24563443660736084,0.0028741373802603377,-0.5819074806417321
29,378,1,0.6461538461538462,0.664921817422687,0.2501068115234375,0.003337997173439759,-0.21531609595939966
29,379,1,0.6478632478632479,0.6648996543615665,0.24640952050685883,0.003849328166616832,-0.23325142144756728
29,380,1,0.6495726495726496,0.6640124431697614,0.2506272792816162,0.0050006337311805805,0.33993547210115205
29,381,1,0.6512820512820513,0.6641793841476948,0.2484167218208313,0.004731996822691863,0.14619707404987925
29,382,1,0.652991452991453,0.6641313550214356,0.24603378772735596,0.004616451927166686,-0.007191848396779887
29,383,1,0.6547008547008547,0.6642618032100946,0.25161775946617126,0.004288388138194809,0.1614354740242877
29,384,1,0.6564102564102564,0.6656323238168007,0.25425592064857483,0.0027584047436207838,-0.19702937093111683
29,385,1,0.6581196581196581,0.6669809199698935,0.25006839632987976,0.0018147787522878201,-0.7025611754765739
29,386,1,0.6598290598290598,0.6692407303255121,0.25440850853919983,0.0006427714804789604,-0.863700731739099
29,387,1,0.6615384615384615,0.6701737144612876,0.2586115002632141,0.0005997120424625235,-0.6718145930565887
29,388,1,0.6632478632478632,0.6706156251625821,0.2535274624824524,0.0016357791539662481,-0.5903838924483906
29,389,1,0.6649572649572649,0.6712983345950554,0.24841518700122833,0.002198895057938315,-0.6610380649306153
29,390,1,0.6666666666666666,0.6736272463023951,0.25238853693008423,0.001264896425923946,-0.7642790741856298
29,391,1,0.6683760683760683,0.6757420630406972,0.24825410544872284,0.0006802621860273551,-1.1528227172232026
29,392,1,0.67008547008547,0.6776296460880928,0.24857822060585022,0.0005643466397355202,-1.1739031792275423
29,393,1,0.6717948717948717,0.6793264923615044,0.2500182092189789,0.0005081609796986117,-1.1213634268491892
29,394,1,0.6735042735042736,0.6819759254235849,0.24932999908924103,0.0011500813022376054,-0.9504854241010398
29,395,1,0.6752136752136753,0.6843755304070784,0.25085321068763733,0.0014625165054337318,-0.7764153010476917
29,396,1,0.676923076923077,0.6874356614848143,0.2510233223438263,0.002364280741574255,-0.4807509724142061
29,397,1,0.6786324786324787,0.6896755327630089,0.24077235162258148,0.002152648170588479,-1.0496554628961174
29,398,1,0.6803418803418804,0.6915676621601858,0.24218785762786865,0.001457517467389353,-1.2019099832458708
29,399,1,0.6820512820512821,0.6936005515934615,0.24339762330055237,0.0010924727165147318,-1.259048929072172
29,400,1,0.6837606837606838,0.6954900195711833,0.2444993108510971,0.0006756853976408029,-1.33796247290462
29,401,1,0.6854700854700855,0.6972279053914832,0.24384799599647522,0.0003999816963484293,-1.4576758353621442
29,402,1,0.6871794871794872,0.6991013340519646,0.24059724807739258,0.00038531719971131144,-1.621372449779932
29,403,1,0.6888888888888889,0.7011582678241637,0.24091185629367828,0.0005588329989656815,-1.5506921499135442
29,404,1,0.6905982905982906,0.7042713081651746,0.24421484768390656,0.0017824442823010222,-0.9992150540395982
29,405,1,0.6923076923076923,0.7078209055407244,0.2453288733959198,0.003136719509353027,-0.5131849087934967
29,406,1,0.694017094017094,0.7108892237977384,0.24393321573734283,0.00355678772905675,-0.44760669229114036
29,407,1,0.6957264957264957,0.7126007447444351,0.24101556837558746,0.00232133623930998,-0.9840059051079622
29,408,1,0.6974358974358974,0.7147755347224842,0.24111267924308777,0.0016355069872912142,-1.1977913434280003
29,409,1,0.6991452991452991,0.7169718509095744,0.24100415408611298,0.0012057665350539547,-1.3400349227051485
29,410,1,0.7008547008547008,0.7184259867991692,0.24339240789413452,0.000493994572273869,-1.450006094023281
29,411,1,0.7025641025641025,0.7204319650295983,0.2422160804271698,0.0004939535625076552,-1.5075641092422405
29,412,1,0.7042735042735043,0.7226230439944547,0.2440127432346344,0.0007272274560732439,-1.3453413343134386
29,413,1,0.705982905982906,0.7248762184286901,0.23962756991386414,0.0010185245723160884,-1.467039963276339
29,414,1,0.7076923076923077,0.7272768635780035,0.2369607388973236,0.001443077841850533,-1.4622173370118134
29,415,1,0.7094017094017094,0.7293946113089347,0.24215032160282135,0.0013481063780731838,-1.2386095037996683
29,416,1,0.7111111111111111,0.7317949647565708,0.24409158527851105,0.001507798255875199,-1.0927595132545136
29,417,1,0.7128205128205128,0.7335597830138063,0.2454242706298828,0.000979636322581674,-1.1958617966751748
29,418,1,0.7145299145299145,0.7352740349526816,0.23993222415447235,0.0005229971151779323,-1.6100338510187666
29,419,1,0.7162393162393162,0.7370695839499809,0.24207082390785217,0.0003192532688076744,-1.5703373000706429
29,420,1,0.717948717948718,0.7380829604326511,0.24517901241779327,0.0005861134087836883,-1.3332537063781027
29,421,1,0.7196581196581197,0.7393899051614714,0.24200937151908875,0.0008511675989834477,-1.40385168989916
29,422,1,0.7213675213675214,0.7402249198727187,0.2424560934305191,0.0014736834246524711,-1.183636913525221
29,423,1,0.7230769230769231,0.7418223079804971,0.2406422197818756,0.0011140165468832997,-1.3869761130113432
29,424,1,0.7247863247863248,0.7425882187237858,0.24621938169002533,0.0015362868112236572,-0.979591773237968
29,425,1,0.7264957264957265,0.7436326131074367,0.24770048260688782,0.0016182070003564353,-0.8810341117699269
29,426,1,0.7282051282051282,0.7452234693918065,0.24518974125385284,0.0010880277024779162,-1.1727964113498777
29,427,1,0.7299145299145299,0.7460372478835662,0.23914307355880737,0.0015238865904902022,-1.3297100670086472
29,428,1,0.7316239316239316,0.7462826148464188,0.24042603373527527,0.0023322546034048753,-1.009366361086995
29,429,1,0.7333333333333333,0.7463167415807528,0.2385903000831604,0.00322172689972912,-0.8157430577790612
29,430,1,0.7350427350427351,0.7467531180166864,0.24049071967601776,0.0034563825821245105,-0.6480042883917637
29,431,1,0.7367521367521368,0.7479616664415046,0.24501346051692963,0.002630246313526279,-0.6899997613472034
29,432,1,0.7384615384615385,0.7492534325817318,0.24357257783412933,0.0018195848127837023,-1.018799711388221
29,433,1,0.7401709401709402,0.7503592210999899,0.26267898082733154,0.00145650072835392,-0.19982549563114949
29,434,1,0.7418803418803419,0.7513019350868451,0.2627417743206024,0.0015244066213079988,-0.17511582178820978
29,435,1,0.7435897435897436,0.7528040313115945,0.26329097151756287,0.0011595146640982646,-0.26452053344888865
29,436,1,0.7452991452991453,0.7537386222285296,0.26161742210388184,0.0014355149646855681,-0.2584430605301459
29,437,1,0.747008547008547,0.7550594163067316,0.2643311619758606,0.0012360182981830548,-0.1892577976376093
29,438,1,0.7487179487179487,0.7559975819142205,0.2622827887535095,0.0014729014923795403,-0.2139808573163488
29,439,1,0.7504273504273504,0.7572919506474969,0.2613099217414856,0.001352444465947027,-0.29995571292741546
29,440,1,0.7521367521367521,0.7587934769986336,0.2624882459640503,0.0009728979487858713,-0.36325366240977713
29,441,1,0.7538461538461538,0.7607556713301604,0.2628355026245117,0.0004406855129753369,-0.5158529584857462
29,442,1,0.7555555555555555,0.7621167463943157,0.2632022798061371,0.0003374060014870328,-0.5308200216922203
29,443,1,0.7572649572649572,0.7636898881763562,0.26095911860466003,0.00029405533947034375,-0.654367045014715
29,444,1,0.7589743589743589,0.765235327662969,0.25780537724494934,0.0003481002350723838,-0.7914242802678797
29,445,1,0.7606837606837606,0.7676021475616526,0.2567913830280304,0.00040825699752737425,-0.821859374345729
29,446,1,0.7623931623931623,0.7696790689311691,0.258472740650177,0.0007735593091708748,-0.6232070446403303
29,447,1,0.764102564102564,0.7709799356470829,0.2608403265476227,0.00039120729410417816,-0.6292212736231011
29,448,1,0.7658119658119659,0.7719558275713836,0.2622995674610138,0.0006627745525096695,-0.47130290630074667
29,449,1,0.7675213675213676,0.7740734858660306,0.2617223858833313,0.0004351739476548224,-0.5720619231461579
29,450,1,0.7692307692307693,0.775654162952775,0.26433244347572327,0.00041377354574218363,-0.4511992365962779
29,451,1,0.770940170940171,0.7765651414395327,0.2628834545612335,0.000845193742960203,-0.3846126899771778
29,452,1,0.7726495726495727,0.7786254502977995,0.2618303894996643,0.0003624443273042801,-0.5899534027449542
29,453,1,0.7743589743589744,0.7800376444556478,0.2594970762729645,0.00047485649534912235,-0.6682775496562618
29,454,1,0.7760683760683761,0.7824938440832419,0.26090216636657715,0.0005287621236282192,-0.5823649715900138
29,455,1,0.7777777777777778,0.784200953221484,0.26506829261779785,0.0005259509792536321,-0.3794573456813749
29,456,1,0.7794871794871795,0.7869034477302074,0.2623021602630615,0.00131949254248921,-0.26191620486040657
29,457,1,0.7811965811965812,0.7880894730245586,0.26405537128448486,0.0006919022661978123,-0.37612906541277014
29,458,1,0.7829059829059829,0.7900275072420577,0.2630009055137634,0.0004968586673546844,-0.4898622972894312
29,459,1,0.7846153846153846,0.7911869903923411,0.26241639256477356,0.00046026993229935406,-0.5301149930669496
29,460,1,0.7863247863247863,0.7928963291178283,0.2643333971500397,0.0004057805807464134,-0.4536995014951812
29,461,1,0.788034188034188,0.7945427703063696,0.2634686827659607,0.0002517868110017296,-0.5450699352758822
29,462,1,0.7897435897435897,0.7958871023244494,0.2636553943157196,0.0005207791133746575,-0.4502231279816242
29,463,1,0.7914529914529914,0.7969238971779937,0.2653827369213104,0.0009488830304282147,-0.22930983795134444
29,464,1,0.7931623931623931,0.7981230618787204,0.2655556797981262,0.0011839450261147012,-0.1459483030249285
29,465,1,0.7948717948717948,0.7991560258086257,0.2600301504135132,0.001457664286432474,-0.3290332837731307
29,466,1,0.7965811965811965,0.8004120075789507,0.2622729241847992,0.001354996391671458,-0.25203328730247243
29,467,1,0.7982905982905983,0.8018094174821657,0.26432400941848755,0.0010888128020817723,-0.23651398101419427
29,468,1,0.8,0.8028874053509027,0.26755857467651367,0.0012322050093877424,-0.03259057523533601
29,469,1,0.8017094017094017,0.8034471704057431,0.2661660313606262,0.0018635258225929863,0.10045456202062897
29,470,1,0.8034188034188035,0.8035414986771563,0.26343756914138794,0.002841983700459143,0.2787611418677928
29,471,1,0.8051282051282052,0.8043444481198212,0.2638416886329651,0.00282140703234564,0.2919736754415542
29,472,1,0.8068376068376069,0.804834299386024,0.26626572012901306,0.002965313425556686,0.45641029585930526
29,473,1,0.8085470085470086,0.8055493603628954,0.26656419038772583,0.0027369759574656528,0.39825263065561956
29,474,1,0.8102564102564103,0.8064186141255285,0.2671182453632355,0.002393269684120585,0.31583626836420375
29,475,1,0.811965811965812,0.8072643770536727,0.2652105987071991,0.002266785618069438,0.18221229521490845
29,476,1,0.8136752136752137,0.8079175829450711,0.26323094964027405,0.0023435619601339264,0.10983392515810278
29,477,1,0.8153846153846154,0.8088291098402877,0.26455870270729065,0.0022028559546791327,0.1299512289747986
29,478,1,0.8170940170940171,0.810216156200908,0.2693065106868744,0.0016357469634068356,0.1815035815806224
29,479,1,0.8188034188034188,0.8114315248319346,0.26713240146636963,0.0013697638512251576,-0.009606180531697373
29,480,1,0.8205128205128205,0.8121696170704573,0.2674137353897095,0.001673458557267903,0.1009272187761806
29,481,1,0.8222222222222222,0.8126055631842519,0.2503208518028259,0.002300520974819852,-0.5354319658509012
29,482,1,0.8239316239316239,0.8134239246232274,0.24895383417606354,0.0024262728718354044,-0.5622351097868046
29,483,1,0.8256410256410256,0.814181955808682,0.24765485525131226,0.0024701837919606662,-0.6117880708742941
29,484,1,0.8273504273504273,0.8151405221540567,0.2493181824684143,0.002199225190772801,-0.6167590930323343
29,485,1,0.8290598290598291,0.8160467885694025,0.24864426255226135,0.0020356850463269117,-0.7018379263254988
29,486,1,0.8307692307692308,0.8168998132206524,0.2479589730501175,0.0020429667413646314,-0.7330414355827315
29,487,1,0.8324786324786325,0.8176194495869672,0.25293299555778503,0.002192302524406097,-0.44213135774219425
29,488,1,0.8341880341880342,0.8178506191740894,0.24843627214431763,0.0028205063818551746,-0.46193329522180854
29,489,1,0.8358974358974359,0.8183809541643241,0.24756832420825958,0.0029676956466286476,-0.45749146202538327
29,490,1,0.8376068376068376,0.8189640231952471,0.24878497421741486,0.0029681680144360723,-0.3978234519905726
29,491,1,0.8393162393162393,0.819965580488742,0.2438107132911682,0.002482663214589802,-0.7958637488658724
29,492,1,0.841025641025641,0.8214256149411432,0.24554269015789032,0.0016091614876323369,-0.9894738055160602
29,493,1,0.8427350427350427,0.8223155117765927,0.24495616555213928,0.0016130135939462931,-1.0169386404212006
29,494,1,0.8444444444444444,0.8237545218203939,0.2446574568748474,0.0011576429532122335,-1.1766527669728326
29,495,1,0.8461538461538461,0.8251827997734426,0.24970214068889618,0.00092698965645026,-1.0033675947071592
29,496,1,0.8478632478632478,0.8271406201343744,0.24773083627223969,0.00040348786252449996,-1.2666133414383214
29,497,1,0.8495726495726496,0.8291539790156418,0.24376901984214783,0.000311133466266057,-1.4898503210701879
29,498,1,0.8512820512820513,0.8306799266214456,0.24377167224884033,0.00021338689404066114,-1.5208670180999833
29,499,1,0.852991452991453,0.8320590946089181,0.24774953722953796,0.00026728062968072494,-1.3091002517569366
29,500,1,0.8547008547008547,0.8343099186531366,0.2477301061153412,0.000307031384866775,-1.2973844285217977
29,501,1,0.8564102564102564,0.8375358483021154,0.2489681988954544,0.0017406364041549337,-0.7800069901372656
29,502,1,0.8581196581196581,0.8401523814678975,0.2513997554779053,0.0022617022483186876,-0.4950222986578038
29,503,1,0.8598290598290599,0.8434027035307998,0.2516343891620636,0.0031439105996080422,-0.2024329905610346
29,504,1,0.8615384615384616,0.8469832418853455,0.2513064742088318,0.0038885467236832575,0.018800218676179092
29,505,1,0.8632478632478633,0.8512318231666743,0.25282183289527893,0.00496879719695993,0.4371466336730421
29,506,1,0.864957264957265,0.8554379631149394,0.2528437674045563,0.0057509434290852045,0.6874465896668864
29,507,1,0.8666666666666667,0.8600035311731058,0.25065580010414124,0.006495116075491176,0.8175399218839693
29,508,1,0.8683760683760684,0.8642406015687389,0.2515408992767334,0.00658197956054783,0.8885168368692715
29,509,1,0.8700854700854701,0.8684801771210438,0.25067877769470215,0.006507215192004269,0.8225192884780743
29,510,1,0.8717948717948718,0.8724087994864058,0.25149908661842346,0.0061237490687739825,0.7404585698612618
29,511,1,0.8735042735042735,0.87678725860532,0.2590387463569641,0.006259499094821581,1.1525484246788962
29,512,1,0.8752136752136752,0.8812192738584695,0.2548697292804718,0.006495582489917535,1.0238304040995283
29,513,1,0.8769230769230769,0.886256596338443,0.24881234765052795,0.0072882368974583455,0.9800837182785693
29,514,1,0.8786324786324786,0.8909142593087593,0.24692904949188232,0.007501795063424866,0.9560035893116212
29,515,1,0.8803418803418803,0.8956603704576508,0.24540822207927704,0.007621541256727938,0.9197625132708698
29,516,1,0.882051282051282,0.8987163021954799,0.2470545619726181,0.005959195031474391,0.47060186119007197
29,517,1,0.8837606837606837,0.9016119470432451,0.2513848841190338,0.00448058279498696,0.21128526308903828
29,518,1,0.8854700854700854,0.9045881119911783,0.2478463351726532,0.003617910066719616,-0.2367038659778462
29,519,1,0.8871794871794871,0.907139648611046,0.24410544335842133,0.0027509835159826145,-0.6959468965010831
29,520,1,0.8888888888888888,0.9097716796384473,0.24341005086898804,0.0025131950050350915,-0.8057350161736114
29,521,1,0.8905982905982905,0.9116060444138034,0.24641382694244385,0.0015837154196493963,-0.9549667894380638
29,522,1,0.8923076923076924,0.913312309059857,0.24797788262367249,0.0007914557230634234,-1.1309040470726677
29,523,1,0.8940170940170941,0.9145191753308063,0.24573789536952972,0.0004769048944972741,-1.3407123640511778
29,524,1,0.8957264957264958,0.9164727635663111,0.24956132471561432,0.00020191840070970656,-1.2412964793058179
29,525,1,0.8974358974358975,0.9185166344282016,0.24867744743824005,0.000294579162332288,-1.2550091276044983
29,526,1,0.8991452991452992,0.9197133062026657,0.24912044405937195,0.0002867726988279978,-1.2358255965720946
29,527,1,0.9008547008547009,0.9211006564731967,0.2458452582359314,0.0004492955819743338,-1.3442578308681885
29,528,1,0.9025641025641026,0.9220098335333643,0.25004735589027405,0.0011854888074043658,-0.9041105120369226
29,529,1,0.9042735042735043,0.9225198965897976,0.24736857414245605,0.0020596932427343496,-0.7565934372449385
29,530,1,0.905982905982906,0.9234890812534379,0.24648113548755646,0.0020913241194930755,-0.7899271690585027
29,531,1,0.9076923076923077,0.9241504658179441,0.2533920109272003,0.0023738833176798636,-0.3618169121999778
29,532,1,0.9094017094017094,0.9254403478321205,0.2518659234046936,0.0018464536396903698,-0.6045346243064865
29,533,1,0.9111111111111111,0.9260979542209238,0.24884049594402313,0.002046475825576115,-0.6887999270940018
29,534,1,0.9128205128205128,0.9271385057300099,0.2519589960575104,0.0019004387242715515,-0.5827795146461093
29,535,1,0.9145299145299145,0.9282341783687093,0.2600599527359009,0.0017171222047151925,-0.24490042679260776
29,536,1,0.9162393162393162,0.9289064571463423,0.2620842158794403,0.0020657715647733766,-0.03477982689881454
29,537,1,0.9179487179487179,0.9295835722060695,0.2589760720729828,0.002255183833601725,-0.12647233993778784
29,538,1,0.9196581196581196,0.9304052650024707,0.2571091055870056,0.002304895533486938,-0.20196238441387696
29,539,1,0.9213675213675213,0.931127716927002,0.2542741596698761,0.002399133427070781,-0.310617120078631
29,540,1,0.9230769230769231,0.9315025653844246,0.24820314347743988,0.002747669609221447,-0.4965468219646321
29,541,1,0.9247863247863248,0.9318064076347434,0.2456398457288742,0.0030928544184231233,-0.5119497937307445
29,542,1,0.9264957264957265,0.9322683099656406,0.2474384605884552,0.0031866609446944572,-0.39407209677996047
29,543,1,0.9282051282051282,0.9328929978505077,0.25361698865890503,0.003027734300619799,-0.14246488482505582
29,544,1,0.9299145299145299,0.933388029287686,0.2528379261493683,0.0029740230943178948,-0.19769076984028705
29,545,1,0.9316239316239316,0.9343618905455666,0.2559279799461365,0.0024715278122526985,-0.2066455224236802
29,546,1,0.9333333333333333,0.935003073456235,0.25580498576164246,0.0024692156292901047,-0.21339905960448213
29,547,1,0.935042735042735,0.9356781363554916,0.25358685851097107,0.0024778436026821494,-0.31915871406448304
29,548,1,0.9367521367521368,0.9364761800940101,0.25931602716445923,0.0023760844904095624,-0.07131764115939143
29,549,1,0.9384615384615385,0.9372985298044458,0.2548213601112366,0.002325772481554871,-0.30722462994885313
29,550,1,0.9401709401709402,0.9381223901160113,0.25538522005081177,0.002236071984709225,-0.3082236865497849
29,551,1,0.9418803418803419,0.9386160260261048,0.2562025785446167,0.0025222652395597445,-0.17704516613922425
29,552,1,0.9435897435897436,0.9392953826751601,0.25550463795661926,0.0025773810081577853,-0.1936254704035196
29,553,1,0.9452991452991453,0.9399520413963728,0.2566002607345581,0.0026255229322326035,-0.12468834761399353
29,554,1,0.947008547008547,0.9404649910040551,0.2567184567451477,0.002775951222532007,-0.07097308509097083
29,555,1,0.9487179487179487,0.9410566328386238,0.26024356484413147,0.002769959609974242,0.0995630333033734
29,556,1,0.9504273504273504,0.9412018978435877,0.2623184025287628,0.003234846308140181,0.34919613658892384
29,557,1,0.9521367521367521,0.9417373303971938,0.25679001212120056,0.0031760425466409604,0.06001441906175925
29,558,1,0.9538461538461539,0.9423431050139839,0.25568887591362,0.0030165901800560824,-0.04466092520188786
29,559,1,0.9555555555555556,0.9426692141025393,0.2632376253604889,0.0031600095939828144,0.3703174021133098
29,560,1,0.9572649572649573,0.9431745084783846,0.2631707787513733,0.0030578605341164567,0.3344980414349397
29,561,1,0.958974358974359,0.94367093434889,0.25961610674858093,0.0030545873223102194,0.15956349240527268
29,562,1,0.9606837606837607,0.9439558073120041,0.26163449883461,0.0032531153471202097,0.321561481428421
29,563,1,0.9623931623931624,0.9442556699495306,0.26306623220443726,0.00335642828409881,0.4245208149569986
29,564,1,0.9641025641025641,0.9444235318981978,0.26319098472595215,0.003585180297179373,0.5035142743204085
29,565,1,0.9658119658119658,0.9442250084486152,0.26326361298561096,0.004095959601715287,0.6698244277875891
29,566,1,0.9675213675213675,0.9443132277642985,0.2616512179374695,0.004146258810963326,0.6069750102504547
29,567,1,0.9692307692307692,0.9445293576316494,0.25727057456970215,0.00401948405668605,0.35228149715656654
29,568,1,0.9709401709401709,0.9445196837532295,0.2557533085346222,0.004097579855635624,0.302942953339635
29,569,1,0.9726495726495726,0.9445320219163024,0.26271358132362366,0.004109279656320646,0.6471617107204085
29,570,1,0.9743589743589743,0.9444598415994503,0.26712357997894287,0.004258213340094507,0.9103520904596113
29,571,1,0.976068376068376,0.9445966577689581,0.26645714044570923,0.004158050629374676,0.8458340896838474
29,572,1,0.9777777777777777,0.9449232488761261,0.2662966847419739,0.003848284556533814,0.7392793406380641
29,573,1,0.9794871794871794,0.9451345819348326,0.26124581694602966,0.0037378427785515075,0.45700343396336374
29,574,1,0.9811965811965812,0.9451758385867268,0.26327943801879883,0.003847226131289809,0.5913409135949428
29,575,1,0.9829059829059829,0.9450940844884264,0.26922374963760376,0.004107979476409411,0.9652193587428434
29,576,1,0.9846153846153847,0.945062683750883,0.26126939058303833,0.004263736893819857,0.6257301346005809
29,577,1,0.9863247863247864,0.9450046659733454,0.2603846490383148,0.004356613390046631,0.6120439498117867
