sequence,frame,valid,relative_phase,predicted_phase,feature_raw,time_raw,P3
03,15,0,0.03253796095444685,0.03561404763351226,0.5299941897392273,nan,nan
03,16,0,0.03470715835140998,0.0398100816430762,0.5370463132858276,nan,nan
03,17,0,0.0368763557483731,0.0449321685649089,0.529418408870697,nan,nan
03,18,0,0.039045553145336226,0.04530419902804912,0.5480072498321533,nan,nan
03,19,1,0.04121475054229935,0.0495071294996953,0.570359468460083,0.0019084209188116054,-0.07270165923139843
03,20,1,0.04338394793926247,0.04531427891388966,0.5535166263580322,0.00606762226354923,-0.4594750191694823
03,21,1,0.0455531453362256,0.05237409561555361,0.5509174466133118,0.002615061931719313,-0.6764070135618847
03,22,1,0.04772234273318872,0.0497188852729421,0.5606893301010132,0.0048995469848613065,-0.27159896935714795
03,23,1,0.049891540130151846,0.05363783725441073,0.548801839351654,0.00301071653080559,-0.7298579744490403
03,24,1,0.052060737527114966,0.05350301432496651,0.5581634640693665,0.0032517664327389984,-0.41683971817880355
03,25,1,0.05422993492407809,0.0544573686902445,0.5465676784515381,0.0043445959202302025,-0.75112325968765
03,26,1,0.05639913232104121,0.054496389309125697,0.5258817672729492,0.004826393570021762,-1.4038247274367603
03,27,1,0.05856832971800434,0.05487791080479642,0.5380374193191528,0.00563924808339694,-0.9781873328661304
03,28,1,0.06073752711496746,0.055250344507532585,0.532927393913269,0.005576832768257154,-1.1463916303317085
03,29,1,0.06290672451193059,0.05381920472405949,0.5257452130317688,0.007444805097371801,-1.307695706474838
03,30,1,0.0650759219088937,0.05580250276326776,0.5259440541267395,0.005301966066617257,-1.3835393600134125
03,31,1,0.06724511930585683,0.05482690628555567,0.5440924763679504,0.006604090907864871,-0.7446615314269558
03,32,1,0.06941431670281996,0.05443006667249157,0.5385046601295471,0.0069881793911187986,-0.9112209805233165
03,33,1,0.07158351409978309,0.05237758866120581,0.5462775230407715,0.008835587943644318,-0.5880619198605597
03,34,1,0.0737527114967462,0.053427188418237265,0.5441175103187561,0.00742558417089943,-0.712299869772348
03,35,1,0.07592190889370933,0.052322282357388464,0.5351986289024353,0.0079366616454906,-0.9820668558415767
03,36,1,0.07809110629067245,0.05423426509972638,0.5438266396522522,0.005398522921110869,-0.7995869811828779
03,37,1,0.08026030368763558,0.051713404572198356,0.5374841094017029,0.007870433055447625,-0.9104523673525768
03,38,1,0.0824295010845987,0.05219347179191091,0.5461475253105164,0.0072243198134832156,-0.6541606193827099
03,39,1,0.08459869848156182,0.05757059421660044,0.538484513759613,0.0032598203706540032,-1.0550619676716058
03,40,1,0.08676789587852494,0.06341567145636577,0.549726128578186,0.0035983330592357374,-0.6772997958708115
03,41,1,0.08893709327548807,0.06806803789162394,0.5574726462364197,0.005351245888848557,-0.35862467086716654
03,42,1,0.0911062906724512,0.07138904245803027,0.5597879886627197,0.004583592125398496,-0.3129794092683911
03,43,1,0.09327548806941431,0.07963103942649194,0.5641657114028931,0.008026696427330341,-0.03870140563870472
03,44,1,0.09544468546637744,0.08353022950967318,0.5630310773849487,0.006410775208038735,-0.13757668233344778
03,45,1,0.09761388286334056,0.093044619069527,0.5935052037239075,0.010896525254565668,1.0235055273271496
03,46,1,0.09978308026030369,0.0967271350249935,0.5840599536895752,0.00833489591555642,0.6186522014286585
03,47,1,0.1019522776572668,0.10397953417208701,0.5588192343711853,0.009252771920909095,-0.16509358075901698
03,48,1,0.10412147505422993,0.10858586232170651,0.5377885103225708,0.007771976384129855,-0.9043565562297917
03,49,1,0.10629067245119306,0.11080862892284066,0.5281039476394653,0.003918152780389874,-1.3666015681384467
03,50,1,0.10845986984815618,0.11267885518055021,0.5154616832733154,0.002074552914464068,-1.8476139682831236
03,51,1,0.11062906724511931,0.11744057751762085,0.5186551213264465,0.0019338508748182625,-1.7493987275626137
03,52,1,0.11279826464208242,0.11684054204222062,0.5245428681373596,0.0020314454369654267,-1.55460830565762
03,53,1,0.11496746203904555,0.12103260043248507,0.5207969546318054,0.0009811536031239794,-1.7164899718631386
03,54,1,0.11713665943600868,0.12407392676942877,0.5217917561531067,0.0011617057529030314,-1.6772771202602978
03,55,1,0.1193058568329718,0.13093986995808646,0.5310348868370056,0.004599451774141147,-1.2453348683841214
03,56,1,0.12147505422993492,0.13863485492625505,0.5082398653030396,0.008919613632193322,-1.8190595396811071
03,57,1,0.12364425162689804,0.13781979923678736,0.5171623826026917,0.00436220886515218,-1.7045734100838001
03,58,1,0.12581344902386118,0.13808141517503966,0.5229066014289856,0.003088143049106511,-1.5671185959005838
03,59,1,0.1279826464208243,0.1416413483989925,0.5149062275886536,0.0018583422574791064,-1.873940633919782
03,60,1,0.1301518438177874,0.14399226589362044,0.528852105140686,0.0019036177960425047,-1.4196938052910362
03,61,1,0.13232104121475055,0.15257670622108888,0.5418845415115356,0.005699492551472371,-0.8510443828822539
03,62,1,0.13449023861171366,0.152306358310031,0.5358613729476929,0.003173793148569361,-1.1434800395239113
03,63,1,0.13665943600867678,0.16383207970858008,0.5369402766227722,0.009709403509140378,-0.8574728558535375
03,64,1,0.13882863340563992,0.16407625046255456,0.5375194549560547,0.0055825073574320445,-0.9971730729002026
03,65,1,0.14099783080260303,0.17718488656425715,0.5361772179603577,0.012493531395186996,-0.7753079778542612
03,66,1,0.14316702819956617,0.17576880853107188,0.5343753695487976,0.0069321485915036386,-1.0473577468162847
03,67,1,0.14533622559652928,0.19108807696129881,0.5503379106521606,0.014379064151176402,-0.24341603682806076
03,68,1,0.1475054229934924,0.18090633352098193,0.5335108041763306,0.005836914936728638,-1.1174730287808403
03,69,1,0.14967462039045554,0.19401727427431698,0.5480518341064453,0.007419545327301575,-0.5848730558084074
03,70,1,0.15184381778741865,0.17961588373777979,0.5433657169342041,0.012322746077644109,-0.5486185829996589
03,71,1,0.1540130151843818,0.19256191315952445,0.5561884045600891,0.007444484792914818,-0.3199043759661612
03,72,1,0.1561822125813449,0.18416495108790693,0.5298972129821777,0.009103906578750345,-1.1092562955672525
03,73,1,0.15835140997830802,0.2036314057873946,0.550801694393158,0.009935633167272445,-0.39901700442473687
03,74,1,0.16052060737527116,0.1927273483161385,0.5488688349723816,0.006804419731606809,-0.5819873117431043
03,75,1,0.16268980477223427,0.21102342018037248,0.53690505027771,0.011258509099124875,-0.7991226013092305
03,76,1,0.1648590021691974,0.19747858936390644,0.5519051551818848,0.008363712415747765,-0.423582000111985
03,77,1,0.16702819956616052,0.20293141689360417,0.5536242723464966,0.007410923370631817,-0.40439282559367873
03,78,1,0.16919739696312364,0.19478621715770403,0.5393105149269104,0.012747483024307879,-0.6638875231865627
03,79,1,0.17136659436008678,0.22201443441457658,0.5478779077529907,0.013966017022173288,-0.3390998708146882
03,80,1,0.1735357917570499,0.23302313145185904,0.5646934509277344,0.022226960500904724,0.5237822409200852
03,81,1,0.175704989154013,0.2605552313563613,0.57778400182724,0.040872924883418926,1.6646336722510833
03,82,1,0.17787418655097614,0.256722219605138,0.5785779356956482,0.02584916669081927,1.1134087271443975
03,83,1,0.18004338394793926,0.26524456554604514,0.5470800399780273,0.015925040348115593,-0.2897525249800219
03,84,1,0.1822125813449024,0.2630150889844132,0.5629330277442932,0.007714910162651065,-0.09067295787294444
03,85,1,0.1843817787418655,0.29174048436446703,0.5611035823822021,0.023862701497971123,0.47012068072528224
03,86,1,0.18655097613882862,0.2757386073882697,0.5555599331855774,0.009364151056547353,-0.26657205498243114
03,87,1,0.18872017353579176,0.3021694204754041,0.5614228248596191,0.02174122741109888,0.39900426255075205
03,88,1,0.19088937093275488,0.2936455700835799,0.5577877759933472,0.012490350818095741,-0.07422284159988714
03,89,1,0.19305856832971802,0.33141537859983555,0.5725080370903015,0.03409835152839885,1.2332652493638538
03,90,1,0.19522776572668113,0.3099893084255475,0.5701032280921936,0.014765294181114011,0.4127510448639686
03,91,1,0.19739696312364424,0.3560844887059684,0.5725064277648926,0.04028606281637018,1.4708515200020083
03,92,1,0.19956616052060738,0.3089719898595228,0.5662090182304382,0.02277360778088279,0.5939524591625737
03,93,1,0.2017353579175705,0.3839271524502728,0.5408174395561218,0.05081835455904776,0.8471166814085855
03,94,1,0.2039045553145336,0.34198853674904783,0.5950964689254761,0.028963884419091437,1.7690132946978625
03,95,1,0.20607375271149675,0.40873876755159233,0.5597992539405823,0.05450221911688288,1.6045064487460898
03,96,1,0.20824295010845986,0.37528865462704475,0.5385488867759705,0.03412764704962233,0.13250284752351071
03,97,1,0.210412147505423,0.4168778559632381,0.5330834984779358,0.03289857162524218,-0.09203754144401677
03,98,1,0.21258134490238612,0.40012831022157297,0.5468750596046448,0.025786156735983168,0.08231166447037869
03,99,1,0.21475054229934923,0.45050005078709005,0.5255772471427917,0.04374814720272152,0.08108078150986131
03,100,1,0.21691973969631237,0.436140895153796,0.5420203804969788,0.027426949875901385,-0.012195733515860452
03,101,1,0.21908893709327548,0.45966879288621854,0.546406626701355,0.027263508361287714,0.12384977070503989
03,102,1,0.22125813449023862,0.46045693065630294,0.543068528175354,0.01825854431428614,-0.3302978061255978
03,103,1,0.22342733188720174,0.4487594205815171,0.543856143951416,0.011838912100597954,-0.5512870816390008
03,104,1,0.22559652928416485,0.42089113769994513,0.5482379794120789,0.03685887861302001,0.5517817996217587
03,105,1,0.227765726681128,0.4449347641990607,0.5394887328147888,0.019725924701298192,-0.3900983911687897
03,106,1,0.2299349240780911,0.40887092322455176,0.5336827635765076,0.04138314655316119,0.2532564051884333
03,107,1,0.23210412147505424,0.39308506190054376,0.5419014692306519,0.0442725060192314,0.6308979515698004
03,108,1,0.23427331887201736,0.3906191781332713,0.5369510054588318,0.03281980011626054,0.03042794679008476
03,109,1,0.23644251626898047,0.3863308496180206,0.5479114055633545,0.029540138739842764,0.2601097751915596
03,110,1,0.2386117136659436,0.36435144899950883,0.5530098080635071,0.03686856071309452,0.7069872638475536
03,111,1,0.24078091106290672,0.36581848830832464,0.5492061376571655,0.024271652848017966,0.0997847957652726
03,112,1,0.24295010845986983,0.3406484431695695,0.549139678478241,0.04262505458871835,0.8024890898125385
03,113,1,0.24511930585683298,0.3578986865654783,0.5502344965934753,0.020208547851137182,-0.022890767098909443
03,114,1,0.2472885032537961,0.3518318184081575,0.5634981393814087,0.014835239867960703,0.20111908269570625
03,115,1,0.24945770065075923,0.3507583005148976,0.5566341280937195,0.010943389868051545,-0.17106665721326145
03,116,1,0.25162689804772237,0.3637124741402795,0.564522922039032,0.007923865590950596,-0.031060043857375125
03,117,1,0.25379609544468545,0.3507331618496127,0.5691419243812561,0.011810664551097054,0.26808691817947805
03,118,1,0.2559652928416486,0.36533600858258597,0.5595138669013977,0.006369198737091992,-0.253297899194649
03,119,1,0.25813449023861174,0.36956669545517856,0.5696157217025757,0.006407195928482463,0.07594070744838438
03,120,1,0.2603036876355748,0.3928142573872324,0.5698819756507874,0.023983665886811723,0.7596026963135987
03,121,1,0.26247288503253796,0.3821574556698307,0.5700979828834534,0.012678520515073984,0.3324384984542221
03,122,1,0.2646420824295011,0.41414872148035264,0.570440948009491,0.030186610713139245,1.0159634501898824
03,123,1,0.2668112798264642,0.4118593328702641,0.5777338147163391,0.018137439482354606,0.7898509803638991
03,124,1,0.26898047722342733,0.43504481155125224,0.5635893940925598,0.028306363205825802,0.7214373308073788
03,125,1,0.27114967462039047,0.41454775692016205,0.5732977986335754,0.013748675396629856,0.47736352902438656
03,126,1,0.27331887201735355,0.44467080090814687,0.563627302646637,0.01927713870913264,0.37590082092213795
03,127,1,0.2754880694143167,0.42380166890542015,0.5724648833274841,0.012028429368541954,0.38427166735019314
03,128,1,0.27765726681127983,0.4494800167234629,0.5741062164306641,0.013663045348455638,0.5003060028130106
03,129,1,0.279826464208243,0.43792888466493485,0.5658434629440308,0.012651646652805604,0.1933581295807753
03,130,1,0.28199566160520606,0.45575458653058204,0.5551917552947998,0.01029073723658433,-0.24293302706367653
03,131,1,0.2841648590021692,0.43779490494510315,0.5626237392425537,0.012241703579539645,0.07314251139159217
03,132,1,0.28633405639913234,0.4701579799549178,0.5579090118408203,0.018424875245390576,0.15762582206742873
03,133,1,0.2885032537960954,0.46930342894782456,0.5652226209640503,0.014126810232681516,0.2298669197521664
03,134,1,0.29067245119305857,0.5066170164616425,0.578687846660614,0.041870784873529104,1.732283845434743
03,135,1,0.2928416485900217,0.5281839222209321,0.566058337688446,0.05072208315005364,1.6624219154337048
03,136,1,0.2950108459869848,0.5261215294182935,0.5750882625579834,0.028392333728478353,1.097847865980555
03,137,1,0.29718004338394793,0.5546900257667491,0.5870678424835205,0.04064004501106941,1.9569268049831967
03,138,1,0.2993492407809111,0.5485295632468404,0.5728088617324829,0.017511865845085267,0.6060237650835752
03,139,1,0.30151843817787416,0.5724320734101876,0.5678972005844116,0.026557306753477367,0.7940422697165812
03,140,1,0.3036876355748373,0.5773676130651896,0.5728251934051514,0.02043080861116542,0.7186554174527849
03,141,1,0.30585683297180044,0.6011603792881502,0.5813197493553162,0.03141205392240207,1.4160157395516595
03,142,1,0.3080260303687636,0.596691946254646,0.5840120911598206,0.018858950324000978,1.0212745370633463
03,143,1,0.31019522776572667,0.6079167932326119,0.5760012865066528,0.014510283734562066,0.5943342886236036
03,144,1,0.3123644251626898,0.6058903638446336,0.5780602693557739,0.00745570200153034,0.390212441453404
03,145,1,0.31453362255965295,0.6029336462860184,0.559259831905365,0.006474730862498526,-0.25748773282059795
03,146,1,0.31670281995661603,0.5994368317865285,0.5782089233398438,0.010414862111455477,0.5086821575197538
03,147,1,0.3188720173535792,0.5865279832789879,0.5691285729408264,0.02400993200196669,0.7361654548185435
03,148,1,0.3210412147505423,0.5683415290484244,0.5764105916023254,0.036849183744124214,1.4655386139054456
03,149,1,0.3232104121475054,0.5798978128544107,0.5716066956520081,0.02038513184337748,0.6773640725558101
03,150,1,0.32537960954446854,0.5618441355494044,0.5700201988220215,0.02820041018618999,0.9260313656013124
03,151,1,0.3275488069414317,0.5469929803707718,0.5504570603370667,0.033653391305541513,0.5006788464360395
03,152,1,0.3297180043383948,0.5225190304650622,0.5545204281806946,0.0482435904841971,1.1928600031148024
03,153,1,0.3318872017353579,0.5351566967390844,0.5664191246032715,0.029170431402644165,0.8464393023817587
03,154,1,0.33405639913232105,0.4838475435766317,0.5612423419952393,0.06427417369795552,2.026621988619742
03,155,1,0.3362255965292842,0.5084153290948881,0.5504354238510132,0.03119243164693286,0.40546386603300805
03,156,1,0.3383947939262473,0.47567413764334493,0.5810180306434631,0.04330401881907815,1.8629355698024679
03,157,1,0.3405639913232104,0.47887455491159314,0.5525707602500916,0.02869388568082344,0.3787936352699821
03,158,1,0.34273318872017355,0.45563755335414596,0.5549858808517456,0.03755884444597499,0.7976160511278125
03,159,1,0.34490238611713664,0.4756817592327579,0.5562031269073486,0.019185542652346288,0.13148758553911974
03,160,1,0.3470715835140998,0.46525295684915335,0.5494510531425476,0.01491785007991471,-0.25150026811549137
03,161,1,0.3492407809110629,0.4853676504435184,0.5426669716835022,0.011960695291941853,-0.5851956051154372
03,162,1,0.351409978308026,0.5038144373143444,0.5360914468765259,0.02683595085094398,-0.227271715463852
03,163,1,0.35357917570498915,0.5098771965543065,0.5468270778656006,0.02085448910085652,-0.10864546703106653
03,164,1,0.3557483731019523,0.5102919149382596,0.550176739692688,0.01381169026114723,-0.27043556450533385
03,165,1,0.3579175704989154,0.5162715786175617,0.5332620143890381,0.00744027231144795,-1.0639688263657123
03,166,1,0.3600867678958785,0.5291591833039082,0.5435193777084351,0.012601894954283654,-0.5329119970275509
03,167,1,0.36225596529284165,0.518677991301095,0.544093668460846,0.004512417831234267,-0.8249533652958898
03,168,1,0.3644251626898048,0.5578695748907856,0.5493369102478027,0.03277590135707295,0.4306329219307036
03,169,1,0.3665943600867679,0.5685900092303187,0.5676878094673157,0.031601920708474535,0.9809860040403082
03,170,1,0.368763557483731,0.5948532144475667,0.5779362916946411,0.0447855182725333,1.8198378817787106
03,171,1,0.37093275488069416,0.5981013256804508,0.5616496205329895,0.03161012171950284,0.7853771897199676
03,172,1,0.37310195227765725,0.5953520571750297,0.569169819355011,0.014026336404325712,0.35408471463478797
03,173,1,0.3752711496746204,0.5922685010098819,0.5774043202400208,0.010093597811942467,0.4702367204835618
03,174,1,0.3774403470715835,0.5867104632763688,0.5721448659896851,0.014926817795370001,0.48520026784022396
03,175,1,0.3796095444685466,0.5864728118613285,0.5759270191192627,0.01312878141761081,0.5388680312149082
03,176,1,0.38177874186550975,0.581358620328416,0.5730723142623901,0.015335844495742709,0.5310022232792397
03,177,1,0.3839479392624729,0.5906078247817037,0.5667873620986938,0.00591418175874414,-0.03476648555304335
03,178,1,0.38611713665943603,0.5857485258291348,0.5745998024940491,0.007032410726325902,0.26167268752561484
03,179,1,0.3882863340563991,0.5832661248626735,0.5763086676597595,0.009274327330978768,0.4032215907861326
03,180,1,0.39045553145336226,0.5601425986322628,0.5407530069351196,0.031596181811725715,0.1068002120528061
03,181,1,0.3926247288503254,0.5622738632122215,0.5419763922691345,0.024160911807728697,-0.1390549338030102
03,182,1,0.3947939262472885,0.5447642424163386,0.5412629246711731,0.034587042211241065,0.23820945878862132
03,183,1,0.3969631236442516,0.5499415222010795,0.536838710308075,0.020453630166970244,-0.4481373753518422
03,184,1,0.39913232104121477,0.524121199588419,0.5478376746177673,0.03665286352056313,0.5308809429252787
03,185,1,0.40130151843817785,0.5245540390637994,0.5354247093200684,0.02721467428422175,-0.23436080334695908
03,186,1,0.403470715835141,0.5216270513295479,0.553322434425354,0.020711705981367706,0.09662865277131977
03,187,1,0.40563991323210413,0.5314229801660563,0.5574667453765869,0.009567810446440395,-0.19687936040292173
03,188,1,0.4078091106290672,0.5212924566523993,0.5539326071739197,0.010632367378062805,-0.27066888571277986
03,189,1,0.40997830802603036,0.5202151091912384,0.556950032711029,0.011002529105218843,-0.1585451240608267
03,190,1,0.4121475054229935,0.5116755647565934,0.5405188798904419,0.018457341071723588,-0.40539259459080496
03,191,1,0.41431670281995664,0.5205150558769194,0.546352207660675,0.010251022569620653,-0.531278957083564
03,192,1,0.4164859002169197,0.5182884230111753,0.5509204268455505,0.007338656631507177,-0.49490108790787146
03,193,1,0.41865509761388287,0.5294214937275765,0.5518289804458618,0.005846061951724547,-0.5227438123357131
03,194,1,0.420824295010846,0.5278310851417954,0.5552796721458435,0.0036944391604805116,-0.49341057786841935
03,195,1,0.4229934924078091,0.5369499095364747,0.5550605058670044,0.006442388603601554,-0.39498721417377497
03,196,1,0.42516268980477223,0.5516821381235203,0.5529972314834595,0.017065903775758312,-0.05394005224031867
03,197,1,0.42733188720173537,0.5469470115159627,0.561176598072052,0.007648612992594563,-0.1502107411343124
03,198,1,0.42950108459869846,0.5648100665297748,0.5759199857711792,0.017464023956830055,0.7051344124229856
03,199,1,0.4316702819956616,0.564948475994946,0.5731889009475708,0.0095871846411221,0.3140084039863465
03,200,1,0.43383947939262474,0.5695536828934731,0.571549117565155,0.006188847774469099,0.13028881278288368
03,201,1,0.4360086767895879,0.5734431700003348,0.5729814171791077,0.005384854273289193,0.1458859713526261
03,202,1,0.43817787418655096,0.5779620821632993,0.5935356616973877,0.003279726815160563,0.7319713594186199
03,203,1,0.4403470715835141,0.5824577903192085,0.5828250050544739,0.004487431062688731,0.4308197419611132
03,204,1,0.44251626898047725,0.5868925581015516,0.5717588067054749,0.00454487026396619,0.07395588184992846
03,205,1,0.44468546637744033,0.5974695912279593,0.5654072165489197,0.010787184588354233,0.1075985548543203
03,206,1,0.44685466377440347,0.599837181275429,0.5649654865264893,0.007263075603884258,-0.04207753852854815
03,207,1,0.4490238611713666,0.6114942868003829,0.5707606673240662,0.01333650007583928,0.3792105572829098
03,208,1,0.4511930585683297,0.6189358592115697,0.5695140361785889,0.013518948366732512,0.34576747795148893
03,209,1,0.45336225596529284,0.6287174159371968,0.5629839301109314,0.015289679814855076,0.2018870330441304
03,210,1,0.455531453362256,0.6323100504790182,0.5780141949653625,0.011070358179367166,0.5275379871231609
03,211,1,0.45770065075921906,0.6376058653102171,0.5655910968780518,0.008247955709668745,0.016046146712422438
03,212,1,0.4598698481561822,0.6352775336378269,0.563159167766571,0.003584302608503453,-0.2419709004211725
03,213,1,0.46203904555314534,0.6390394882208501,0.5655456781387329,0.0015140106065314445,-0.24404412421762253
03,214,1,0.4642082429501085,0.6378345282413298,0.5534507632255554,0.004717212664154783,-0.5134744670314759
03,215,1,0.46637744034707157,0.6447784389724651,0.5648683905601501,0.0024540969900838376,-0.22991644027210562
03,216,1,0.4685466377440347,0.6411210555808851,0.5591645836830139,0.004604948180739418,-0.33238712760602324
03,217,1,0.47071583514099785,0.6494154811010223,0.552734911441803,0.0025142871414763897,-0.6213051791647187
03,218,1,0.47288503253796094,0.6433356632518086,0.5566842555999756,0.006445219215623491,-0.3421919826743774
03,219,1,0.4750542299349241,0.6530654183380503,0.5545268654823303,0.0037330016088997497,-0.5163562396216639
03,220,1,0.4772234273318872,0.6430121574723131,0.5804476141929626,0.010215753589134957,0.5736752000595701
03,221,1,0.4793926247288503,0.6512397921190742,0.5702901482582092,0.005331970977439038,0.056530206241123315
03,222,1,0.48156182212581344,0.6477754761850854,0.5537683963775635,0.006381288103732699,-0.43925941849807537
03,223,1,0.4837310195227766,0.655477876911393,0.5640625953674316,0.004678095498632823,-0.17064997106610805
03,224,1,0.48590021691973967,0.6462884443413397,0.5659096240997314,0.009581387824133229,0.0775918786950241
03,225,1,0.4880694143167028,0.6541457908520648,0.5696631669998169,0.005173084987326019,0.030084267455926017
03,226,1,0.49023861171366595,0.6452172787420409,0.561279833316803,0.012198124823936285,0.027862566300380892
03,227,1,0.4924078091106291,0.6491310420898817,0.5583319664001465,0.008302992490553494,-0.21738037165602317
03,228,1,0.4945770065075922,0.6444735057774122,0.5605598092079163,0.010715639722426031,-0.05243507826489338
03,229,1,0.4967462039045553,0.6491867940727095,0.5695228576660156,0.006606559635094237,0.08058405220674802
03,230,1,0.49891540130151846,0.6430292612545472,0.5553710460662842,0.010466400409470413,-0.2303691723311518
03,231,1,0.5010845986984815,0.6442506760617221,0.5568345189094543,0.008697981230422005,-0.2507992027016937
03,232,1,0.5032537960954447,0.64723311626478,0.5663387775421143,0.004687968323151907,-0.09641452150313456
03,233,1,0.5054229934924078,0.6495093496512083,0.5621088147163391,0.0029410529530783645,-0.30075611254162604
03,234,1,0.5075921908893709,0.6423892357207888,0.5697734951972961,0.010109871580782135,0.22326097505819165
03,235,1,0.5097613882863341,0.6351339231469201,0.5696906447410583,0.017205177771211222,0.4930672786412771
03,236,1,0.5119305856832972,0.6388934772714354,0.558371365070343,0.011747511181551732,-0.08381555868195725
03,237,1,0.5140997830802603,0.6387748307199297,0.5565606951713562,0.00920017222116495,-0.2403974827095057
03,238,1,0.5162689804772235,0.6437534189786114,0.5627180933952332,0.0031421910800449033,-0.2732618876710239
03,239,1,0.5184381778741866,0.6460473642895297,0.5679724216461182,0.0008858342970979598,-0.18942756378637587
03,240,1,0.5206073752711496,0.6432565925188771,0.5658084750175476,0.005104186789505913,-0.09763664853504245
03,241,1,0.5227765726681128,0.6444772245004283,0.5627440214157104,0.0049743336198151385,-0.20205732220854522
03,242,1,0.5249457700650759,0.6390442090039687,0.5663765668869019,0.011832947561399382,0.1792139236730655
03,243,1,0.527114967462039,0.6371466574728142,0.5608417391777039,0.012553196598893281,0.027284032206528384
03,244,1,0.5292841648590022,0.631823729364615,0.5588876605033875,0.01565094800291364,0.08284804245990185
03,245,1,0.5314533622559653,0.6290339915819204,0.5582725405693054,0.015582469997042627,0.06025908369460772
03,246,1,0.5336225596529284,0.6189759524681822,0.5712381601333618,0.021779700881153913,0.7189643354455357
03,247,1,0.5357917570498916,0.6196101459707477,0.5578244924545288,0.016128443244641712,0.06668912226259338
03,248,1,0.5379609544468547,0.6113477914534867,0.5773695707321167,0.02000666988638608,0.8498198191513291
03,249,1,0.5401301518438177,0.6172483709025587,0.5716037154197693,0.010638694385366741,0.30295632769260283
03,250,1,0.5422993492407809,0.5918836351572918,0.566069483757019,0.0314054365349585,0.9209295207786132
03,251,1,0.544468546637744,0.6026568480927061,0.5754433870315552,0.01794704944082745,0.7082205531682408
03,252,1,0.5466377440347071,0.5663498250195758,0.5762404799461365,0.04592784287544158,1.8086840042074264
03,253,1,0.5488069414316703,0.5835903112293079,0.5650966763496399,0.02475940686339645,0.6341242457990823
03,254,1,0.5509761388286334,0.5544813915479931,0.5460942387580872,0.038132269820233766,0.5311273767624695
03,255,1,0.5531453362255966,0.5787324340344142,0.5797850489616394,0.017652686987312594,0.8377914050734581
03,256,1,0.5553145336225597,0.5735653346679211,0.5753102898597717,0.010661231245969516,0.42409070567343443
03,257,1,0.5574837310195228,0.589567386622483,0.5956630110740662,0.01268777975728505,1.1623138181707224
03,258,1,0.559652928416486,0.5747425473051797,0.5773605704307556,0.010773368590317745,0.4949236860764158
03,259,1,0.561822125813449,0.6046315853986406,0.5737309455871582,0.018986153247634585,0.6925628992521639
03,260,1,0.5639913232104121,0.5834999965517815,0.5798515677452087,0.010401545466179385,0.5614703388211043
03,261,1,0.5661605206073753,0.5919076303128594,0.5886806845664978,0.010287808339741883,0.8435845135006302
03,262,1,0.5683297180043384,0.6019332431014098,0.5809724926948547,0.0119895717605073,0.6588294892885471
03,263,1,0.5704989154013015,0.6042333951408395,0.5851046442985535,0.007789300408852368,0.631596191521912
03,264,1,0.5726681127982647,0.6024491805717518,0.5772112607955933,0.0050923502469995005,0.2718999779603888
03,265,1,0.5748373101952278,0.5825774542584254,0.575283944606781,0.024046914516796192,0.9373118179975315
03,266,1,0.5770065075921909,0.6263764878287067,0.568576455116272,0.022084663067093557,0.6443108665057193
03,267,1,0.579175704989154,0.6061310978646467,0.5787740349769592,0.013450957284498688,0.6436195424133071
03,268,1,0.5813449023861171,0.6306422407334908,0.564215898513794,0.020229705254112218,0.43158248153651435
03,269,1,0.5835140997830802,0.6227138949854307,0.575397789478302,0.01577884281108005,0.6234712509160475
03,270,1,0.5856832971800434,0.6443567544022135,0.5823491811752319,0.01639731755563828,0.8727785825068215
03,271,1,0.5878524945770065,0.6317831281194608,0.5840317010879517,0.010239799272705435,0.690893116976627
03,272,1,0.5900216919739696,0.664113019181674,0.5853013396263123,0.025245508128018512,1.3083825208656594
03,273,1,0.5921908893709328,0.6548396980011033,0.5751121640205383,0.013539854224388692,0.528215283006574
03,274,1,0.5943600867678959,0.6818028689846873,0.5765300393104553,0.02653621256506794,1.0733456662766505
03,275,1,0.596529284164859,0.6649566079703029,0.5747571587562561,0.013524564212748003,0.5161090594733814
03,276,1,0.5986984815618221,0.6948322750291345,0.5830932259559631,0.0219107200011861,1.1086626502928658
03,277,1,0.6008676789587852,0.6732579187417054,0.5807726383209229,0.012911008211902608,0.6877324095676246
03,278,1,0.6030368763557483,0.6945652680279436,0.5819928646087646,0.012090249950977627,0.6958044825311427
03,279,1,0.6052060737527115,0.6891410309661358,0.5658143162727356,0.011497052787566159,0.14807032234865483
03,280,1,0.6073752711496746,0.6947062134538338,0.5656922459602356,0.008048349636010532,0.011662322390802726
03,281,1,0.6095444685466378,0.6888759432705593,0.567148745059967,0.008149378089973569,0.06280197818317218
03,282,1,0.6117136659436009,0.6826105726834262,0.5692247748374939,0.01570504773969844,0.42033863548275335
03,283,1,0.613882863340564,0.675707953471894,0.569787323474884,0.019618993115101208,0.5889066147613163
03,284,1,0.6160520607375272,0.6589446550046241,0.5717966556549072,0.03302402220881076,1.16892322310393
03,285,1,0.6182212581344902,0.6426253633982251,0.5617520809173584,0.04040292420290734,1.1263885464056564
03,286,1,0.6203904555314533,0.6292148735592408,0.5786537528038025,0.042250769073808064,1.7457708457052137
03,287,1,0.6225596529284165,0.6000561279960067,0.5487813353538513,0.05806058985599577,1.3836621005624523
03,288,1,0.6247288503253796,0.5845320900512939,0.5587146878242493,0.054671671431736735,1.575822855453005
03,289,1,0.6268980477223427,0.5702443201772672,0.5526566505432129,0.05035630006743089,1.2135236093269577
03,290,1,0.6290672451193059,0.5610051423314023,0.5514715909957886,0.04150021710805635,0.8349544002864777
03,291,1,0.631236442516269,0.5466755332611122,0.541056215763092,0.03877739337138686,0.3924323390032547
03,292,1,0.6334056399132321,0.549258905347574,0.5620803833007812,0.02284887260120136,0.46287936340891056
03,293,1,0.6355748373101953,0.5462197158277402,0.562559187412262,0.01706976594510523,0.25646926569672956
03,294,1,0.6377440347071583,0.5236921356861493,0.5489105582237244,0.03359119499931443,0.44811016835731976
03,295,1,0.6399132321041214,0.5499707261224642,0.5701245069503784,0.009824946821142377,0.22370789839522576
03,296,1,0.6420824295010846,0.5441927373463393,0.5594253540039062,0.01223903812584154,-0.03073926837428182
03,297,1,0.6442516268980477,0.5576618600783689,0.5605445504188538,0.010149524839189187,-0.07467177750019958
03,298,1,0.6464208242950108,0.5547734938615589,0.5512334108352661,0.008638226993384845,-0.4348356771398033
03,299,1,0.648590021691974,0.573101801643046,0.5743263363838196,0.014958590797356675,0.5572036369061026
03,300,1,0.6507592190889371,0.566755451408029,0.5673890113830566,0.007301348098403994,0.03802949061326355
03,301,1,0.6529284164859002,0.5868114282577909,0.5795912146568298,0.017244770016533656,0.8158359639350787
03,302,1,0.6550976138828634,0.5911991558153245,0.5717645287513733,0.014345105529211755,0.4505186914404103
03,303,1,0.6572668112798264,0.6056990943802345,0.5790170431137085,0.01973862860568043,0.8929819794700583
03,304,1,0.6594360086767896,0.5969459674580011,0.5608336925506592,0.008511443258967912,-0.1282002295897246
03,305,1,0.6616052060737527,0.6090737765795946,0.5767632722854614,0.008326420105972926,0.3815680563742889
03,306,1,0.6637744034707158,0.6063345298147595,0.5739575624465942,0.00535823562292459,0.17653709954491947
03,307,1,0.665943600867679,0.6037205601568538,0.5730814337730408,0.0072862883948001085,0.22215565825343742
03,308,1,0.6681127982646421,0.6016135444614548,0.5651415586471558,0.008898670534354,0.026450425566782787
03,309,1,0.6702819956616052,0.6054551350868993,0.5694099068641663,0.006846068173793849,0.08611739147718817
03,310,1,0.6724511930585684,0.6006697502314929,0.5683842897415161,0.010104698642005413,0.17798614808397714
03,311,1,0.6746203904555315,0.5968276678977752,0.5807004570960999,0.012530586079906505,0.6707802362302052
03,312,1,0.6767895878524945,0.592867223178146,0.5641385912895203,0.014767807734766044,0.21931038264216562
03,313,1,0.6789587852494577,0.5784490038378414,0.5789605379104614,0.026999446754243484,1.1699995907656897
03,314,1,0.6811279826464208,0.5797706596589286,0.567080020904541,0.01892625812089177,0.47445715250166826
03,315,1,0.6832971800433839,0.5584146948595865,0.5529711246490479,0.03505745027709278,0.6361765545356173
03,316,1,0.6854663774403471,0.568114660400655,0.577048122882843,0.01930552294831009,0.8124621749611697
03,317,1,0.6876355748373102,0.5548764358147739,0.5522129535675049,0.02280432536798549,0.14099569634026768
03,318,1,0.6898047722342733,0.5644411482016101,0.5761591792106628,0.01083012587009921,0.45812137466354136
03,319,1,0.6919739696312365,0.5703174600792601,0.5687152147293091,0.005156922823398581,-0.0012950634385030524
03,320,1,0.6941431670281996,0.5661866390647377,0.5786026120185852,0.006503291281721584,0.37123282543175296
03,321,1,0.6963123644251626,0.5710796390929174,0.5919389128684998,0.0034238833503396626,0.6856972661525758
03,322,1,0.6984815618221258,0.5756010360804011,0.5968680381774902,0.002355623872796726,0.804608356013579
03,323,1,0.7006507592190889,0.5868088956666491,0.5861548781394958,0.009519195593813506,0.7321100583174338
03,324,1,0.702819956616052,0.5903965485735114,0.5912166237831116,0.008983989603828627,0.8757962092330118
03,325,1,0.7049891540130152,0.5954135146247042,0.573011040687561,0.007948478277827912,0.24530292505230958
03,326,1,0.7071583514099783,0.6072475926057491,0.5812229514122009,0.013699087375926178,0.7326100252005167
03,327,1,0.7093275488069414,0.6112673305929913,0.5878316760063171,0.009807186231831386,0.7975781108170209
03,328,1,0.7114967462039046,0.6212525224702361,0.5656302571296692,0.013677769377490604,0.22584829659958913
03,329,1,0.7136659436008677,0.622996417716668,0.5768870711326599,0.008134424825226695,0.3782114507543675
03,330,1,0.7158351409978309,0.6246700194210335,0.5697548985481262,0.0038361016496383247,-0.018286002090996012
03,331,1,0.7180043383947939,0.6340323275245192,0.5628300309181213,0.0074922484807804805,-0.10256624285161656
03,332,1,0.720173535791757,0.6277620386749918,0.5587881803512573,0.004469289601628899,-0.3498104075345174
03,333,1,0.7223427331887202,0.6397874014929124,0.5577628016471863,0.005928694165102723,-0.3270330220537911
03,334,1,0.7245119305856833,0.6383605701035691,0.5566446781158447,0.0040482164316502645,-0.4355328445844868
03,335,1,0.7266811279826464,0.6452416991918483,0.5541704297065735,0.00376260824934366,-0.5267846277510279
03,336,1,0.7288503253796096,0.643842034868255,0.5607873201370239,0.003427921677848639,-0.3249370795833815
03,337,1,0.7310195227765727,0.6531392886156917,0.5562048554420471,0.004837855708039049,-0.4194779398437831
03,338,1,0.7331887201735358,0.6525941202218389,0.5566211342811584,0.0027458944102276843,-0.4863123405112888
03,339,1,0.735357917570499,0.6623701762617131,0.5726712346076965,0.007172384043798166,0.2044712591925329
03,340,1,0.737527114967462,0.6588861618192214,0.5694486498832703,0.0034696261481264317,-0.042297445579395576
03,341,1,0.7396963123644251,0.66397799343205,0.5713573098182678,0.002530544221161364,-0.01643167275812174
03,342,1,0.7418655097613883,0.661639624194482,0.5669028162956238,0.0043109952327304,-0.09259052511279747
03,343,1,0.7440347071583514,0.6512493375402486,0.5618472695350647,0.01696265788012452,0.2292558775701203
03,344,1,0.7462039045553145,0.6530111799395871,0.572705864906311,0.012420605800419867,0.407152402870746
03,345,1,0.7483731019522777,0.6496547373607119,0.5474996566772461,0.01430830290938653,-0.33822769155416155
03,346,1,0.7505422993492408,0.6548564058621476,0.5675585269927979,0.006827953342132874,0.02534915564576462
03,347,1,0.7527114967462039,0.6517464269261819,0.5491119623184204,0.006939994742998387,-0.5688917057807381
03,348,1,0.754880694143167,0.6547471695826251,0.5666391849517822,0.004265194462558795,-0.10290366174704174
03,349,1,0.7570498915401301,0.6563084844130228,0.5550298094749451,0.0029362070134003027,-0.5306378185342753
03,350,1,0.7592190889370932,0.6660744937542404,0.5590388774871826,0.005166365564739597,-0.3149047882968004
03,351,1,0.7613882863340564,0.6630409552730567,0.5693594217300415,0.0021437756498258204,-0.09611183850789051
03,352,1,0.7635574837310195,0.6684378051565345,0.563301682472229,0.003317269803547297,-0.24760203363714703
03,353,1,0.7657266811279827,0.667354645115838,0.555527925491333,0.0029325711834845276,-0.5146148626762295
03,354,1,0.7678958785249458,0.6679440072661362,0.5625076293945312,0.004776474052287675,-0.21732641683383958
03,355,1,0.7700650759219089,0.6616709169120467,0.5581584572792053,0.011516942784351142,-0.09957882978919463
03,356,1,0.7722342733188721,0.6644456140485924,0.5636792778968811,0.008488383327124508,-0.036753884271326115
03,357,1,0.7744034707158352,0.6654046460342561,0.5620023608207703,0.006442656294903729,-0.169731511127948
03,358,1,0.7765726681127982,0.6676619808296956,0.5609715580940247,0.00369782172906871,-0.30859354260561145
03,359,1,0.7787418655097614,0.6699080702617302,0.56325763463974,0.0013812256879240348,-0.32338487118229775
03,360,1,0.7809110629067245,0.6682409904120067,0.5886225700378418,0.00510759387506837,0.6427531805369866
03,361,1,0.7830802603036876,0.6559529506009042,0.5673734545707703,0.018344477777024443,0.46163510261010304
03,362,1,0.7852494577006508,0.6492246400639973,0.5636764764785767,0.022709864455593393,0.5093299059085804
03,363,1,0.7874186550976139,0.6521360431971088,0.5702985525131226,0.015346126398911725,0.44139563078770516
03,364,1,0.789587852494577,0.6459194201273708,0.5578272342681885,0.016962742434639938,0.09881927159387432
03,365,1,0.7917570498915402,0.6441904943911585,0.5607664585113525,0.01311127559969327,0.046274340556973416
03,366,1,0.7939262472885033,0.6346829436840088,0.5665377378463745,0.019678212254406552,0.48574018558006704
03,367,1,0.7960954446854663,0.6336474227891815,0.5587934851646423,0.017078309054236712,0.13460996513382945
03,368,1,0.7982646420824295,0.6246726438972667,0.5726301670074463,0.021430932844169664,0.7507369902955848
03,369,1,0.8004338394793926,0.6275451342452192,0.5760558247566223,0.013384292313966121,0.5528603171411673
03,370,1,0.8026030368763557,0.6155258434144633,0.5697794556617737,0.021104699232962293,0.6457097326711967
03,371,1,0.8047722342733189,0.6162081547242293,0.5654699802398682,0.015633112855809872,0.29574251023804393
03,372,1,0.806941431670282,0.5961765080881692,0.5727667808532715,0.03130494247563187,1.1343802015394586
03,373,1,0.8091106290672451,0.6003337152662047,0.5765759944915771,0.020803603635638462,0.8546764698126389
03,374,1,0.8112798264642083,0.5990507093439517,0.5795713663101196,0.01450385252282146,0.7099272488863592
03,375,1,0.8134490238611713,0.6002971218912507,0.5822939872741699,0.009138656457894493,0.5922194625619768
03,376,1,0.8156182212581344,0.5944558451208153,0.5829806923866272,0.011002175020085297,0.6860695463837829
03,377,1,0.8177874186550976,0.5877089104894008,0.6036788821220398,0.017318943909661322,1.60026775135839
03,378,1,0.8199566160520607,0.5805241890464929,0.597754180431366,0.021347464158368162,1.562741302172605
03,379,1,0.8221258134490239,0.590281811441542,0.5865500569343567,0.010538321587777648,0.7840720396590136
03,380,1,0.824295010845987,0.5759116719896178,0.5936223268508911,0.01882452352845146,1.3317799254780232
03,381,1,0.8264642082429501,0.6023090873590169,0.5842777490615845,0.012208935123747017,0.7745012270782529
03,382,1,0.8286334056399133,0.6233532455709704,0.5895246863365173,0.029603049118296476,1.6127702753502011
03,383,1,0.8308026030368764,0.6154778707860976,0.5741217732429504,0.01625679889344203,0.6004236504922951
03,384,1,0.8329718004338394,0.6268313464434337,0.5763437151908875,0.016933223184672497,0.6984979919940086
03,385,1,0.8351409978308026,0.6303783240309595,0.5783724188804626,0.0072754946636826865,0.3934200480227194
03,386,1,0.8373101952277657,0.6401918069519579,0.5905194878578186,0.009688103750586072,0.8802173728506613
03,387,1,0.8394793926247288,0.6347590792992126,0.5855759978294373,0.004467825840943907,0.5193294783223411
03,388,1,0.841648590021692,0.6453563211553212,0.5886337757110596,0.005837820976144687,0.6711610813360283
03,389,1,0.8438177874186551,0.6302385456470738,0.5767918229103088,0.013926343705795458,0.5975590074968223
03,390,1,0.8459869848156182,0.6353590931850706,0.5833598971366882,0.01003242404212437,0.6611305716828352
03,391,1,0.8481561822125814,0.6428906165603864,0.5682053565979004,0.0062268430029999424,0.02325153258177237
03,392,1,0.8503253796095445,0.6383196808803886,0.5799581408500671,0.006779433470634365,0.42582148156008665
03,393,1,0.8524945770065075,0.6556577989231313,0.589141309261322,0.01246230836139492,0.9420420811879783
03,394,1,0.8546637744034707,0.6502760899811049,0.5881926417350769,0.00491870905581332,0.6215490034101627
03,395,1,0.8568329718004338,0.6752942448664463,0.5787122249603271,0.022014691786687024,0.9705034101313624
03,396,1,0.8590021691973969,0.6770097165919526,0.5851900577545166,0.016070221871626517,0.9523956749879997
03,397,1,0.8611713665943601,0.6914683078792361,0.589998185634613,0.02041533879507082,1.2752809362631556
03,398,1,0.8633405639913232,0.6881483032434081,0.5942643880844116,0.011101410536831948,1.0560077169720166
03,399,1,0.8655097613882863,0.6998771815728726,0.591386616230011,0.010403531934105318,0.9358294230218781
03,400,1,0.8676789587852495,0.6909935476885973,0.5799432396888733,0.006422946480293678,0.41164712659075225
03,401,1,0.8698481561822126,0.6973013655640805,0.5961228013038635,0.004349610928727099,0.8570062187332659
03,402,1,0.8720173535791758,0.6937663617484965,0.5882130265235901,0.006807244262249654,0.6947394604192091
03,403,1,0.8741865509761388,0.6970146642189903,0.580549955368042,0.005288906354573545,0.3877807893461417
03,404,1,0.8763557483731019,0.6928788760881686,0.5808607339859009,0.008383615210379083,0.516716772001407
03,405,1,0.8785249457700651,0.6975439420438836,0.5673743486404419,0.005223713033713077,-0.04223766350872249
03,406,1,0.8806941431670282,0.7002353607404265,0.5705676674842834,0.00268695455626125,-0.03604662035282319
03,407,1,0.8828633405639913,0.700479304107164,0.5725057125091553,0.002932413159209749,0.03626479470572841
03,408,1,0.8850325379609545,0.6972342521534787,0.5622973442077637,0.007043625084938468,-0.1370799036533162
03,409,1,0.8872017353579176,0.6944832712559369,0.585053026676178,0.010883449998807773,0.7487518653469856
03,410,1,0.8893709327548807,0.6913099097364666,0.5697415471076965,0.01329164382129144,0.3444200147922687
03,411,1,0.8915401301518439,0.68134999378497,0.5650970339775085,0.021020197021798054,0.49053183609154527
03,412,1,0.8937093275488069,0.677548760058679,0.5581977963447571,0.020039103167540484,0.22899041645000204
03,413,1,0.89587852494577,0.6453133550730186,0.5386286973953247,0.04735313512950104,0.6430161644148783
03,414,1,0.8980477223427332,0.6597378274609147,0.5638031959533691,0.026549718591122096,0.6609108772382354
03,415,1,0.9002169197396963,0.6387761708496185,0.5640996098518372,0.0337048197382836,0.9453197581041829
03,416,1,0.9023861171366594,0.6436125372827151,0.5628573894500732,0.019344479489196126,0.3535053251723028
03,417,1,0.9045553145336226,0.6409860568396991,0.5541691184043884,0.012367422320374074,-0.19636007451896037
03,418,1,0.9067245119305857,0.6503685783245527,0.5715805292129517,0.00797635348579559,0.19995703457817604
03,419,1,0.9088937093275488,0.6226840735461405,0.5752904415130615,0.027245268771512315,1.060355130177478
03,420,1,0.911062906724512,0.6241132339543616,0.5714606046676636,0.021793084037421778,0.7266960700337648
03,421,1,0.913232104121475,0.6111401673585001,0.5840225219726562,0.029891324801194913,1.4453103284357416
03,422,1,0.9154013015184381,0.6153233313421641,0.5762314796447754,0.01903956914036184,0.775750260658233
03,423,1,0.9175704989154013,0.6072391000937956,0.5741202235221863,0.017569607950002508,0.6507916784136845
03,424,1,0.9197396963123644,0.6382724153692098,0.5846583247184753,0.01732495068849793,0.983330045254403
03,425,1,0.9219088937093276,0.6099204201554074,0.587903618812561,0.014566839879016497,0.982706536050703
03,426,1,0.9240780911062907,0.5966371061365252,0.5951773524284363,0.027545217097125485,1.7171539678643737
03,427,1,0.9262472885032538,0.5896115175576631,0.6022523641586304,0.029899249374577913,2.037126382242131
03,428,1,0.928416485900217,0.6476762723365973,0.5755805373191833,0.03306527774950088,1.2932849118150638
03,429,1,0.93058568329718,0.6304811135438461,0.5927996039390564,0.02292255869886825,1.4624693410537386
03,430,1,0.9327548806941431,0.9738706798581129,0.5735524892807007,0.35127567097094853,13.448321149240993
03,431,1,0.9349240780911063,0.9588284435096408,0.5648658275604248,0.25074486066501683,9.305584589251179
03,432,1,0.9370932754880694,0.011152487968435104,0.5703052878379822,0.20194485416287938,7.607921340010362
03,433,1,0.9392624728850325,0.9944453110364354,0.5630825757980347,0.10402091308762135,3.612802775157161
03,434,1,0.9414316702819957,0.009623516191613696,0.556845486164093,0.021917667590764467,0.2572575087298278
03,435,1,0.9436008676789588,0.9931646979176966,0.5518932938575745,0.018814570261563884,-0.02260262485140324
03,436,1,0.9457700650759219,0.9978270357423249,0.5545159578323364,0.011795441643339675,-0.20707288884605396
03,437,1,0.9479392624728851,0.9984857928412619,0.5494691729545593,0.006835998738642294,-0.5612950921695466
03,438,1,0.9501084598698482,0.010447591028953783,0.5576536655426025,0.008961591638358163,-0.21409605770127024
03,439,1,0.9522776572668112,0.9918744297237536,0.5581043362617493,0.0146003561523122,0.017083291645068107
03,440,1,0.9544468546637744,0.010154359369020875,0.562170147895813,0.0067461589688098695,-0.1526312574886531
03,441,1,0.9566160520607375,0.9906938977320302,0.5500433444976807,0.018540152002223836,-0.09316775407200878
03,442,1,0.9587852494577006,0.0006982725613941692,0.5552859306335449,0.01080710703424903,-0.22004614330046357
03,443,1,0.9609544468546638,0.9916232076708748,0.5589784979820251,0.013225538669181441,-0.0073521387247169195
03,444,1,0.9631236442516269,0.9971149514173664,0.5460214614868164,0.009118159984014605,-0.5855183082740526
03,445,1,0.96529284164859,0.9917315406178208,0.5646966099739075,0.009794548221102092,0.04641908123316296
03,446,1,0.9674620390455532,0.993313777840359,0.5553691387176514,0.008471721720011535,-0.3070365145273382
03,447,1,0.9696312364425163,0.9934799802048598,0.565209150314331,0.006459395675251886,-0.06503652693197279
03,448,1,0.9718004338394793,0.9907577613595441,0.5520763397216797,0.009645807654063917,-0.36878874902376035
03,449,1,0.9739696312364425,0.9955420588352085,0.5505078434944153,0.004365660103074818,-0.622466022681231
03,450,1,0.9761388286334056,0.9948345883586859,0.5556768178939819,0.004932312694813477,-0.4329837945395675
03,451,1,0.9783080260303688,0.9913949999367179,0.5591998100280762,0.008752103746363201,-0.17197299064939564
03,452,1,0.9804772234273319,0.9905042549627111,0.5442735552787781,0.009121603653334472,-0.6421011363497243
03,453,1,0.982646420824295,0.9940069461709711,0.5568594932556152,0.006008180151294949,-0.353290414858842
03,454,0,0.9848156182212582,0.989539905592336,0.5667844414710999,0.009638798258442018,0.10818230540642532
03,455,0,0.9869848156182213,0.9894400131560739,0.5674146413803101,0.00841502000311661,0.08163158660384615
03,456,0,0.9891540130151844,0.9865298289451568,0.5573648810386658,0.010836457518872657,-0.15146232199006623
03,457,0,0.9913232104121475,0.9876694941378116,0.5552326440811157,0.008703185821829353,-0.3025760582878717
03,458,0,0.9934924078091106,0.9882497714753882,0.549310564994812,0.006538545475962884,-0.5778651799278074
03,459,0,0.9956616052060737,0.9876021907663003,0.5644976496696472,0.006863592655813819,-0.07259975317019554
03,460,0,0.9978308026030369,0.9878119323038439,0.5490061044692993,0.006194395520826815,-0.6009611922944389
05,15,0,0.034324942791762014,0.05690520104688705,0.5239668488502502,nan,nan
05,16,0,0.036613272311212815,0.05931691422659425,0.5273644924163818,nan,nan
05,17,0,0.038901601830663615,0.0589670713199539,0.5345010161399841,nan,nan
05,18,0,0.041189931350114416,0.06021619509192028,0.5331282615661621,nan,nan
05,19,1,0.043478260869565216,0.06077641387666239,0.5290833115577698,0.004568438038182991,-1.3098495699508477
05,20,1,0.04576659038901602,0.06092385116716186,0.5404741168022156,0.005388803955127334,-0.908741021350041
05,21,1,0.04805491990846682,0.0637091192380723,0.5338141918182373,0.00309920285611273,-1.2127704598714433
05,22,1,0.05034324942791762,0.07062491105486858,0.5353425741195679,0.002725009717907903,-1.1775492202222526
05,23,1,0.05263157894736842,0.07632386390028881,0.5436610579490662,0.00582178357259103,-0.7887043967521765
05,24,1,0.05491990846681922,0.08055293376980949,0.5408488512039185,0.006163990936205096,-0.8668108638287699
05,25,1,0.057208237986270026,0.08161335986237564,0.5446288585662842,0.0030856346305275523,-0.8623832954699868
05,26,1,0.059496567505720827,0.0877128509470694,0.5537374019622803,0.003940577306727285,-0.5340003840608325
05,27,1,0.06178489702517163,0.08847552931481252,0.5713963508605957,0.0013486328162499468,-0.060556090866991874
05,28,1,0.06407322654462243,0.0939267258912549,0.5879946351051331,0.0028445509242316113,0.5354663407969475
05,29,1,0.06636155606407322,0.0986728322956923,0.5834982991218567,0.00424720929830766,0.4434407158340389
05,30,1,0.06864988558352403,0.10094181515168786,0.5885646343231201,0.002415533916677622,0.5374849970979192
05,31,1,0.07093821510297482,0.1122671520244555,0.5767134428024292,0.010269419867587117,0.45457194630439024
05,32,1,0.07322654462242563,0.11230916793372055,0.5645262598991394,0.005641223443510203,-0.11861640286564304
05,33,1,0.07551487414187644,0.12055080697420806,0.5345862507820129,0.008009558629312494,-0.9991373561540564
05,34,1,0.07780320366132723,0.12234028234155843,0.5556769371032715,0.004733503942060043,-0.44061515856745864
05,35,1,0.08009153318077804,0.12262262633156039,0.5362175107002258,0.0019983577832477497,-1.177066769429869
05,36,1,0.08237986270022883,0.12769836574931362,0.5557888746261597,0.002071462869096403,-0.5392185177505516
05,37,1,0.08466819221967964,0.12677535225643108,0.5523242354393005,0.0030211745862355316,-0.6151635979270031
05,38,1,0.08695652173913043,0.13035483650875,0.5518247485160828,0.0014888674819305541,-0.6902187848685704
05,39,1,0.08924485125858124,0.13124047896895188,0.5546817183494568,0.00211582273606836,-0.5734392679991897
05,40,1,0.09153318077803203,0.12859040349465323,0.54154372215271,0.006920361369714909,-0.8152157426885387
05,41,1,0.09382151029748284,0.1331288856029025,0.5380303859710693,0.0035754284532238372,-1.0576763521606267
05,42,1,0.09610983981693363,0.13282156133325682,0.5323977470397949,0.0045005963040640595,-1.2049100790054132
05,43,1,0.09839816933638444,0.13581820528976257,0.5365568399429321,0.0023202542332366443,-1.153694000293601
05,44,1,0.10068649885583524,0.13688410120467026,0.5446439981460571,0.002199169218980027,-0.8959366783531322
05,45,1,0.10297482837528604,0.13904280788869788,0.5385681390762329,0.0021138869624566493,-1.096358008522674
05,46,1,0.10526315789473684,0.14437466863013854,0.5391268134117126,0.0017394932075351665,-1.0926090146194734
05,47,1,0.10755148741418764,0.14389226063196284,0.5380359888076782,0.0016311916148609418,-1.1321627933687632
05,48,1,0.10983981693363844,0.15188364002692264,0.5383391380310059,0.004341673944548737,-1.01823054981815
05,49,1,0.11212814645308924,0.14907172169699334,0.534030556678772,0.0022201290909436267,-1.2395107220155805
05,50,1,0.11441647597254005,0.15582646024859725,0.5468840599060059,0.002653373495151713,-0.8058087348009302
05,51,1,0.11670480549199085,0.15385837630249288,0.5477278828620911,0.00280365084213263,-0.7726574521878254
05,52,1,0.11899313501144165,0.1665258235596334,0.5434921979904175,0.007372267497375381,-0.7346372760495754
05,53,1,0.12128146453089245,0.1617150202975436,0.5351024866104126,0.003556845153484811,-1.1533928810476357
05,54,1,0.12356979405034325,0.16836891085285224,0.5405421257019043,0.004069843208072134,-0.9571888741619408
05,55,1,0.12585812356979406,0.152234350290897,0.5392690300941467,0.016876188955740043,-0.5066710240957114
05,56,1,0.12814645308924486,0.15731197920012452,0.5365102887153625,0.012632666699526006,-0.7591572057956127
05,57,1,0.13043478260869565,0.1522094449710735,0.5450180768966675,0.014191626682787336,-0.4232295425601566
05,58,1,0.13272311212814644,0.15568034227375777,0.5379779934883118,0.008781082901126376,-0.8594536685822622
05,59,1,0.13501144164759726,0.1559070643697799,0.528535008430481,0.004945471307689781,-1.313160674380585
05,60,1,0.13729977116704806,0.1516010620224616,0.5236650109291077,0.010169652174728813,-1.2705454353434145
05,61,1,0.13958810068649885,0.1589298930904609,0.5315415859222412,0.0037788060476121026,-1.26041060467156
05,62,1,0.14187643020594964,0.15925328735965882,0.5344091653823853,0.003998519644158758,-1.1589269113873364
05,63,1,0.14416475972540047,0.16250871431049485,0.5407524704933167,0.002294353318231412,-1.0185512518603712
05,64,1,0.14645308924485126,0.1587978306378402,0.5477307438850403,0.005768915051435325,-0.6586839171045236
05,65,1,0.14874141876430205,0.1657518367359721,0.5393934845924377,0.002792402857512753,-1.0435193181464277
05,66,1,0.15102974828375287,0.16836952363495164,0.5689837336540222,0.0019004861714879686,-0.11764546511254126
05,67,1,0.15331807780320367,0.1665790725655219,0.5377775430679321,0.00377141025779931,-1.0583537937234118
05,68,1,0.15560640732265446,0.16991092985334005,0.5361535549163818,0.0021861142918904175,-1.171931199256925
05,69,1,0.15789473684210525,0.17430235103561614,0.538254976272583,0.002005242085418051,-1.1106918364365879
05,70,1,0.16018306636155608,0.1736458079420557,0.5469663143157959,0.0026381678238082385,-0.8037237621958685
05,71,1,0.16247139588100687,0.18010652035470076,0.5504913330078125,0.0025034735120608186,-0.6945188523329374
05,72,1,0.16475972540045766,0.18311712247701814,0.5575172305107117,0.0021322136870834695,-0.4808046641786368
05,73,1,0.16704805491990846,0.18682033309307175,0.5356833934783936,0.002533876147217564,-1.173830971907173
05,74,1,0.16933638443935928,0.1950548958947687,0.5514481067657471,0.0076389434345506295,-0.4662467379821979
05,75,1,0.17162471395881007,0.19708080163243752,0.5571690201759338,0.004598325613908079,-0.3973923939267479
05,76,1,0.17391304347826086,0.20421559601321482,0.5432546734809875,0.0072038012453843085,-0.7488142694101727
05,77,1,0.17620137299771166,0.23432431513233884,0.5727062821388245,0.03203790198045914,1.1605664162365619
05,78,1,0.17848970251716248,0.24829158174138097,0.5773486495018005,0.034129173079684494,1.391514429221081
05,79,1,0.18077803203661327,0.26657327197806857,0.5594855546951294,0.03910169185471901,1.0028718627474522
05,80,1,0.18306636155606407,0.2912812529009397,0.5636759996414185,0.04643655519118242,1.4205358330828584
05,81,1,0.1853546910755149,0.27275732254494034,0.5393031239509583,0.01670687708995279,-0.5120671725245696
05,82,1,0.18764302059496568,0.259630202252803,0.556229293346405,0.017063666592941715,0.05084616246388966
05,83,1,0.18993135011441648,0.26407986575953096,0.5505145192146301,0.01590028360782611,-0.17926324623698797
05,84,1,0.19221967963386727,0.2505465054128647,0.5489364266395569,0.027884161945195274,0.22977144694565993
05,85,1,0.1945080091533181,0.24953018536849073,0.5477268099784851,0.018716795117550533,-0.16154940621137392
05,86,1,0.19679633867276888,0.23834961786866457,0.555983304977417,0.024090578323264264,0.312732375385944
05,87,1,0.19908466819221968,0.2419991293904398,0.5482393503189087,0.015646975167640742,-0.2628149401663202
05,88,1,0.20137299771167047,0.23268164804141747,0.5519890785217285,0.018918217962203984,-0.015514077190006581
05,89,1,0.2036613272311213,0.2082898491812029,0.5555472373962402,0.03884380247955674,0.8651793303359635
05,90,1,0.20594965675057209,0.1886980905138784,0.5435357689857483,0.048125477100059294,0.8318997987426169
05,91,1,0.20823798627002288,0.2035780294357443,0.5649985671043396,0.026973924501728502,0.715989200393578
05,92,1,0.21052631578947367,0.18341978811583867,0.5686456561088562,0.0313856226707286,1.0037587690468492
05,93,1,0.2128146453089245,0.1973301313578284,0.5627081990242004,0.011236201295508827,0.037266791343259095
05,94,1,0.2151029748283753,0.23759484801660452,0.5708876252174377,0.03784483166727562,1.3245702611993333
05,95,1,0.21739130434782608,0.23106334866056707,0.5678014159202576,0.023653593912276644,0.6794174750496151
05,96,1,0.21967963386727687,0.26840211277262255,0.5567649006843567,0.04955657724140641,1.3161125270712966
05,97,1,0.2219679633867277,0.2775847980423472,0.5748909711837769,0.037493681346935065,1.4409826932964784
05,98,1,0.2242562929061785,0.267747512486941,0.5665259957313538,0.016734775937046947,0.3723167799986996
05,99,1,0.22654462242562928,0.3171142752729138,0.5676165819168091,0.04942132578878786,1.6630274834712708
05,100,1,0.2288329519450801,0.2755395665260773,0.5701298713684082,0.01496473903330088,0.4212752123764802
05,101,1,0.2311212814645309,0.3446573599900112,0.5654748678207397,0.05366731541443487,1.7566011890758355
05,102,1,0.2334096109839817,0.31578752794450876,0.5636537075042725,0.028322437763775368,0.7241414783135329
05,103,1,0.23569794050343248,0.3661448844671878,0.5629464387893677,0.04637669554030355,1.3945645466330092
05,104,1,0.2379862700228833,0.37878080994691904,0.5319340825080872,0.04675496872146628,0.40282052277728575
05,105,1,0.2402745995423341,0.450657217074438,0.533510148525238,0.09282106499377482,2.223124067144859
05,106,1,0.2425629290617849,0.4469493143667586,0.5468528270721436,0.06576585066752971,1.617006784254266
05,107,1,0.2448512585812357,0.49543559585385216,0.540492594242096,0.0783090328965198,1.8923532833246028
05,108,1,0.2471395881006865,0.47716928520260216,0.5339666604995728,0.03815190102292999,0.13837244293037376
05,109,1,0.2494279176201373,0.5015231717371298,0.5511640906333923,0.027476812119210547,0.2864092078062063
05,110,1,0.2517162471395881,0.49316056230537025,0.5431765913963318,0.01691134070670401,-0.37853066323841394
05,111,1,0.2540045766590389,0.49729802524882555,0.5365890860557556,0.007955931319453671,-0.9362100306540011
05,112,1,0.2562929061784897,0.4738587324580524,0.5557864308357239,0.024922535158936054,0.3382955400698599
05,113,1,0.2585812356979405,0.4676669547103834,0.5453813672065735,0.030286674720467602,0.2066871537331038
05,114,1,0.2608695652173913,0.428243928837047,0.5453230738639832,0.061245646337117404,1.3937721726415546
05,115,1,0.2631578947368421,0.41154440341012666,0.5340505838394165,0.06171601339695691,1.0460731326010864
05,116,1,0.2654462242562929,0.39275749742000415,0.5367633700370789,0.059064513927404694,1.0322655041685351
05,117,1,0.26773455377574373,0.38700806114178693,0.5430671572685242,0.04453864144610986,0.67894245114452
05,118,1,0.2700228832951945,0.361523403003013,0.5458036661148071,0.04985857619273468,0.9720467678537494
05,119,1,0.2723112128146453,0.3517183147582096,0.546288251876831,0.0429835329790296,0.7237349261016149
05,120,1,0.2745995423340961,0.33553388036914206,0.5523462891578674,0.044211445205117855,0.967460584885871
05,121,1,0.2768878718535469,0.33627230302802796,0.5503062605857849,0.029167118283516424,0.3234908732466762
05,122,1,0.2791762013729977,0.3319513837275481,0.5475464463233948,0.020804098055556525,-0.08723906564014416
05,123,1,0.2814645308924485,0.32799426938740867,0.5421671271324158,0.01736820757682976,-0.3937392638286769
05,124,1,0.2837528604118993,0.33142906900014507,0.5618515014648438,0.008421095129060028,-0.09864474758379396
05,125,1,0.28604118993135014,0.32855434368270353,0.559311032295227,0.009850919096585403,-0.12616420923706728
05,126,1,0.28832951945080093,0.3394255292715913,0.5553457736968994,0.004407488751417027,-0.4638811470790333
05,127,1,0.2906178489702517,0.3320087635969691,0.5433697700500488,0.006335545731999499,-0.7784249543942927
05,128,1,0.2929061784897025,0.3512385999130379,0.5753834247589111,0.011890667031679153,0.4736801154384434
05,129,1,0.2951945080091533,0.3471711249806015,0.564201831817627,0.006226554177537813,-0.1066636899944538
05,130,1,0.2974828375286041,0.365431344744653,0.5729239583015442,0.01647683381059653,0.5700080429778651
05,131,1,0.2997711670480549,0.3804557829887075,0.5713148713111877,0.024999818186385636,0.8451217289667754
05,132,1,0.30205949656750575,0.38610766279253245,0.5588346719741821,0.018539943142276003,0.19208029585537467
05,133,1,0.30434782608695654,0.4009420859974069,0.5542821288108826,0.024657100627276773,0.2792908012730494
05,134,1,0.30663615560640733,0.41455823030733097,0.5409483909606934,0.02483050468299952,-0.14669529115780444
05,135,1,0.30892448512585813,0.4382626015683786,0.5546818375587463,0.03625315455337766,0.7376057230597675
05,136,1,0.3112128146453089,0.46849286377502625,0.5691810846328735,0.05203171211510757,1.8140432409442124
05,137,1,0.3135011441647597,0.5164134102151563,0.5700868964195251,0.07935595830961412,2.8928197040349968
05,138,1,0.3157894736842105,0.5376780328213102,0.5665351152420044,0.07175274986133068,2.485572968434565
05,139,1,0.3180778032036613,0.5738318151650652,0.5772459506988525,0.07712658157659086,3.0394936778850683
05,140,1,0.32036613272311215,0.5913059705217191,0.5719711184501648,0.0607084335340731,2.237801392730405
05,141,1,0.32265446224256294,0.5961746860818047,0.5606600046157837,0.03487387240748549,0.8786107348563459
05,142,1,0.32494279176201374,0.5956152954323949,0.558663547039032,0.016395299556884485,0.10416288798056753
05,143,1,0.32723112128146453,0.6094967101360597,0.5620604157447815,0.013771261842307205,0.11360665191393779
05,144,1,0.3295194508009153,0.5962478404919866,0.5713363289833069,0.008393831544514422,0.2080665691365295
05,145,1,0.3318077803203661,0.5892225848470388,0.5533298850059509,0.016654554682029143,-0.058944121539714026
05,146,1,0.3340961098398169,0.5739897322042546,0.5712360739707947,0.030149382016121856,1.0403334874220214
05,147,1,0.33638443935926776,0.5998183803470484,0.5603139400482178,0.013230460991590809,0.036168578990668755
05,148,1,0.33867276887871856,0.5784087322128919,0.5380076169967651,0.01790440875319671,-0.5081119621542132
05,149,1,0.34096109839816935,0.5685515348359722,0.5514423847198486,0.023301829060342727,0.13509929390629657
05,150,1,0.34324942791762014,0.5360132128203907,0.5589662194252014,0.05067238857315756,1.4303923176182567
05,151,1,0.34553775743707094,0.5473433913787904,0.5671873688697815,0.03421446814929044,1.065082634562803
05,152,1,0.34782608695652173,0.5074971884549002,0.5561076998710632,0.056575535850617586,1.5643505099698336
05,153,1,0.3501144164759725,0.5132263458701225,0.5537377595901489,0.03468436990480722,0.6467237780612652
05,154,1,0.3524027459954233,0.47523400376585007,0.5450845956802368,0.05727953735870739,1.2337161115484123
05,155,1,0.35469107551487417,0.4933520172457313,0.5565469861030579,0.031727027056430324,0.6242995038335583
05,156,1,0.35697940503432496,0.4498139932785396,0.5664609670639038,0.054006902049117914,1.801639378956212
05,157,1,0.35926773455377575,0.4624399761498548,0.5470175743103027,0.03197441052066885,0.3245952255020098
05,158,1,0.36155606407322655,0.43228328568242974,0.5279998779296875,0.044420218421070704,0.1854997827125754
05,159,1,0.36384439359267734,0.46970306197539613,0.5447673797607422,0.020756520222723562,-0.17923988364366156
05,160,1,0.36613272311212813,0.424996045153455,0.5413743257522583,0.035057540611606555,0.2598935869531511
05,161,1,0.3684210526315789,0.4803363821037765,0.5444322228431702,0.026487283369986098,0.029974569720912503
05,162,1,0.3707093821510298,0.46899671972113643,0.5337545871734619,0.02189132701212068,-0.49299465928838565
05,163,1,0.37299771167048057,0.42314556318277385,0.5361242890357971,0.04435599554917366,0.4466496513936482
05,164,1,0.37528604118993136,0.47529955603175583,0.5380903482437134,0.02585188893007813,-0.20020529175637802
05,165,1,0.37757437070938216,0.4958052433734681,0.5319589972496033,0.027367181620100933,-0.3409572575917057
05,166,1,0.37986270022883295,0.5542812886302173,0.5476728677749634,0.08197601155942724,2.266164760229879
05,167,1,0.38215102974828374,0.5758516892003319,0.5749032497406006,0.08222526990227166,3.1592936903360274
05,168,1,0.38443935926773454,0.6059918390884788,0.5668387413024902,0.07418888828602899,2.588984531415804
05,169,1,0.38672768878718533,0.6205252771923424,0.5580563545227051,0.05604925562571189,1.6073676207770284
05,170,1,0.3890160183066362,0.6159892317745683,0.5700438022613525,0.023899925760807572,0.7616375236354751
05,171,1,0.391304347826087,0.658942398366694,0.5571430921554565,0.047859382559257146,1.2632032647771037
05,172,1,0.39359267734553777,0.6746370373085357,0.550235390663147,0.04278134420950838,0.8440444339034947
05,173,1,0.39588100686498856,0.6454813203377352,0.5469290018081665,0.021668829079677154,-0.0740636432085765
05,174,1,0.39816933638443935,0.625650026862293,0.5595813989639282,0.029605976578096826,0.6412996825246577
05,175,1,0.40045766590389015,0.636892815792425,0.5610899329185486,0.025101079586260705,0.517237588399184
05,176,1,0.40274599542334094,0.619555865435897,0.5616101026535034,0.032602941132856694,0.82222407494938
05,177,1,0.40503432494279173,0.6082333395171008,0.5544760227203369,0.030155174083493247,0.496735173209012
05,178,1,0.4073226544622426,0.6117918890886671,0.5558841228485107,0.017765202793850188,0.06658869740774882
05,179,1,0.4096109839816934,0.5657814211895771,0.5593607425689697,0.05983056276245188,1.7949124303051613
05,180,1,0.41189931350114417,0.564757948221601,0.5640386939048767,0.04307618707971603,1.3032497018163411
05,181,1,0.41418764302059496,0.5369197478322161,0.5549641251564026,0.057214908165526907,1.5517994735748322
05,182,1,0.41647597254004576,0.5386745276909777,0.5404533743858337,0.037631730385544127,0.3288725968083518
05,183,1,0.41876430205949655,0.5388640115615216,0.5528623461723328,0.01916290616557781,0.022218450734388495
05,184,1,0.42105263157894735,0.5289013774929828,0.5389996767044067,0.02239618782710276,-0.30341579755034775
05,185,1,0.4233409610983982,0.5305184907813977,0.5468838214874268,0.01181493185653337,-0.45396765541762807
05,186,1,0.425629290617849,0.5302958915478646,0.5525644421577454,0.010437216827361841,-0.32255707718842797
05,187,1,0.4279176201372998,0.520113149544092,0.5450888872146606,0.018525299795356137,-0.2544976073522261
05,188,1,0.4302059496567506,0.5282892971388659,0.5478405952453613,0.008450809194910534,-0.5521216210647429
05,189,1,0.43249427917620137,0.5214412976780753,0.5425059199333191,0.012356416068486194,-0.5752237016979345
05,190,1,0.43478260869565216,0.522692614293615,0.5409711003303528,0.008835801177115934,-0.7602335633770536
05,191,1,0.43707093821510296,0.5265611144578206,0.5500922203063965,0.003702030482749445,-0.6614385663533453
05,192,1,0.43935926773455375,0.5375378068586429,0.5434088110923767,0.006868769807958891,-0.7566797503835818
05,193,1,0.4416475972540046,0.550742507790408,0.5377248525619507,0.017190792974863034,-0.54469329324895
05,194,1,0.4439359267734554,0.5565150436315828,0.538780152797699,0.015638026287954635,-0.5700853654821384
05,195,1,0.4462242562929062,0.5613774964391045,0.5371361970901489,0.01204487176098443,-0.7614222924774436
05,196,1,0.448512585812357,0.5685173580127898,0.5705088973045349,0.010480637839348748,0.2613621352710643
05,197,1,0.45080091533180777,0.5732058678908616,0.564037561416626,0.007424259928883822,-0.06599606355447044
05,198,1,0.45308924485125857,0.5790419167107109,0.5608078241348267,0.007644468723619765,-0.16233567162409873
05,199,1,0.45537757437070936,0.5741349550427806,0.5641259551048279,0.004078135321125469,-0.19163552582563562
05,200,1,0.4576659038901602,0.5714778703965742,0.5812895894050598,0.008740660511218048,0.5443443247996828
05,201,1,0.459954233409611,0.571797424051272,0.572235107421875,0.009161234952466315,0.2667016867049958
05,202,1,0.4622425629290618,0.5876759011675696,0.578041672706604,0.007947166090104568,0.4084836614084528
05,203,1,0.4645308924485126,0.5855231746483534,0.5734329223632812,0.00513319504860721,0.15087120911344926
05,204,1,0.4668192219679634,0.6007584013068878,0.5632753968238831,0.01514630224743907,0.20583797930280737
05,205,1,0.4691075514874142,0.599916797603516,0.5826182961463928,0.008704068966876035,0.5860521621893956
05,206,1,0.47139588100686497,0.6062783348244486,0.5655797719955444,0.006316259649360392,-0.05850792820639927
05,207,1,0.47368421052631576,0.6042093531006946,0.5674274563789368,0.004551614519978792,-0.06632633562838341
05,208,1,0.4759725400457666,0.6048160121312858,0.5719682574272156,0.0044682160711074755,0.07780812428153339
05,209,1,0.4782608695652174,0.6056576558804962,0.5668860673904419,0.004640975027996483,-0.08046114019000472
05,210,1,0.4805491990846682,0.6089866772520804,0.5757052302360535,0.003112977612748145,0.14701551572188043
05,211,1,0.482837528604119,0.6150949463144657,0.577243447303772,0.002684015229819955,0.18045246050243502
05,212,1,0.4851258581235698,0.6262127994651742,0.5658546686172485,0.011080470077085625,0.13338083152764246
05,213,1,0.4874141876430206,0.6242477910484504,0.5705987215042114,0.00604747033395295,0.09402130583807006
05,214,1,0.4897025171624714,0.6211028568486638,0.5746871829032898,0.004889487768371835,0.18220919685342402
05,215,1,0.4919908466819222,0.6258821717205707,0.5548158884048462,0.0035656968376237552,-0.5134035101942465
05,216,1,0.494279176201373,0.629215697794945,0.5467346906661987,0.003466293083500104,-0.7794352814130803
05,217,1,0.4965675057208238,0.6296730321056995,0.5620869398117065,0.0023215874733784328,-0.32525641259413884
05,218,1,0.4988558352402746,0.6373063562220764,0.5532289147377014,0.00434441011110018,-0.5349903306760895
05,219,1,0.5011441647597255,0.6345298683582787,0.5501577854156494,0.0024829525960506616,-0.7061297217430866
05,220,1,0.5034324942791762,0.6409294888099144,0.563901424407959,0.002540579999641608,-0.25797064440217765
05,221,1,0.505720823798627,0.641804675250518,0.5533238649368286,0.0022095348433018584,-0.6138991302364707
05,222,1,0.5080091533180778,0.6500628640321382,0.5489053130149841,0.004926760378434816,-0.6529150292937038
05,223,1,0.5102974828375286,0.6444273219457732,0.5491960048675537,0.003897908660445591,-0.6829957794733441
05,224,1,0.5125858123569794,0.6405333118212577,0.5576907396316528,0.010266282181834726,-0.16278657678322989
05,225,1,0.5148741418764302,0.6421007388041329,0.5620824694633484,0.008599810951795402,-0.08428686238627636
05,226,1,0.517162471395881,0.6225037823017878,0.5631735324859619,0.02827078334254418,0.70657724484925
05,227,1,0.5194508009153318,0.6204377551779292,0.5594664216041565,0.023447040033815203,0.4010355638233319
05,228,1,0.5217391304347826,0.6144658914622472,0.5644339323043823,0.02342151205753623,0.5612381698152409
05,229,1,0.5240274599542334,0.6014770196411154,0.5653119087219238,0.029893528788915325,0.8382834707999506
05,230,1,0.5263157894736842,0.5888339028266109,0.5599523186683655,0.03238071581266555,0.7598986852842253
05,231,1,0.528604118993135,0.5881574828143648,0.5644319653511047,0.024639665956117413,0.6079574368781084
05,232,1,0.5308924485125858,0.5416400207373882,0.5448013544082642,0.0630870599422029,1.4475630338766006
05,233,1,0.5331807780320366,0.5402469846606859,0.5540269613265991,0.046273628337690415,1.1011920499221801
05,234,1,0.5354691075514875,0.49064120216760637,0.5474028587341309,0.08057190208566253,2.203478961456701
05,235,1,0.5377574370709383,0.5405549944625937,0.5511963963508606,0.029768129474716437,0.37545528023729324
05,236,1,0.540045766590389,0.4777623765817564,0.5368869304656982,0.05700193041881861,0.9570613917504363
05,237,1,0.5423340961098398,0.5143417788843416,0.5401540994644165,0.029398301392180498,0.002957800232252672
05,238,1,0.5446224256292906,0.483184191822532,0.5293180346488953,0.02924790771803422,-0.354420618524394
05,239,1,0.5469107551487414,0.5082626041691951,0.5480366945266724,0.024786252534363007,0.08160251404895424
05,240,1,0.5491990846681922,0.4628381478290188,0.5415254831314087,0.03954309652894401,0.4370656239110451
05,241,1,0.551487414187643,0.47961303022797086,0.5376415848731995,0.026125896842582264,-0.2042432653600918
05,242,1,0.5537757437070938,0.47154996492672413,0.5430524349212646,0.02017654103041165,-0.2571595016171667
05,243,1,0.5560640732265446,0.5014469463892595,0.5536275506019592,0.022990137192298782,0.19403183500765148
05,244,1,0.5583524027459954,0.5041168350643357,0.5564917325973511,0.0187613062275859,0.1245593400601875
05,245,1,0.5606407322654462,0.5320927427064435,0.5512073040008545,0.03641754206086445,0.6311792910405376
05,246,1,0.562929061784897,0.5341761564796802,0.5547285676002502,0.025638022126565935,0.33144879807030436
05,247,1,0.5652173913043478,0.5610433238004524,0.5513825416564941,0.03659164714701621,0.6435517943604164
05,248,1,0.5675057208237986,0.5578933941496571,0.5503571033477783,0.02141628926752162,0.02747070743980673
05,249,1,0.5697940503432495,0.5863700601681995,0.5756460428237915,0.03357514939063469,1.3149919717436902
05,250,1,0.5720823798627003,0.5993811356736223,0.5588030219078064,0.033016895530618484,0.7470393717523378
05,251,1,0.5743707093821511,0.6193487036318284,0.5689324140548706,0.03668321869033905,1.2165170235253335
05,252,1,0.5766590389016019,0.6357013477686546,0.57329922914505,0.03845951786932131,1.426427602715699
05,253,1,0.5789473684210527,0.6592246049645287,0.5677359700202942,0.042530786660446046,1.4022707933985963
05,254,1,0.5812356979405034,0.6579969924197018,0.5834105610847473,0.02500204548765156,1.2376814369515319
05,255,1,0.5835240274599542,0.6706292960402037,0.5728805065155029,0.02106787735051885,0.7449167532660947
05,256,1,0.585812356979405,0.6793789219617357,0.5725288391113281,0.016997355169956957,0.5771780121994781
05,257,1,0.5881006864988558,0.6744915530968439,0.5768481492996216,0.005599252557024621,0.2795854765710293
05,258,1,0.5903890160183066,0.6783058952820615,0.5636986494064331,0.004379918121348414,-0.1939105608636423
05,259,1,0.5926773455377574,0.6783992007622851,0.5590477585792542,0.003795722326432602,-0.36725604847616306
05,260,1,0.5949656750572082,0.673929779774853,0.5630247592926025,0.01020761949438503,0.008035771167963224
05,261,1,0.597254004576659,0.6755801722058019,0.5767373442649841,0.007194941516715484,0.33727242619292164
05,262,1,0.5995423340961098,0.6807862901427207,0.569556713104248,0.004396188613325524,-0.0032065235080854237
05,263,1,0.6018306636155606,0.6732996021985882,0.5654532313346863,0.01036776501633349,0.09298384634698509
05,264,1,0.6041189931350115,0.669692363100541,0.5657039284706116,0.01270010447345643,0.19069161131481285
05,265,1,0.6064073226544623,0.6708649028352953,0.5601087212562561,0.010468210570124144,-0.07657422161550992
05,266,1,0.6086956521739131,0.6666945895888683,0.5677751898765564,0.013459706473924523,0.28707118732160924
05,267,1,0.6109839816933639,0.6667460473972928,0.5689333081245422,0.009885323527036884,0.18737530781448422
05,268,1,0.6132723112128147,0.6512423365831288,0.5604714751243591,0.02375064564087706,0.4453069233787857
05,269,1,0.6155606407322655,0.6355776239510883,0.5648886561393738,0.0348028516435645,1.0130921056446334
05,270,1,0.6178489702517163,0.6090169572142528,0.553413450717926,0.052541698659348296,1.322009871739196
05,271,1,0.620137299771167,0.610571046565044,0.5612194538116455,0.036568201214903145,0.9618339728134284
05,272,1,0.6224256292906178,0.5692219082024953,0.5503822565078735,0.06387358936938967,1.658855611230156
05,273,1,0.6247139588100686,0.5870396289471264,0.544692873954773,0.03316092060321446,0.29473246188778757
05,274,1,0.6270022883295194,0.5427727274626175,0.5435169339179993,0.05768316426311859,1.1983507550602102
05,275,1,0.6292906178489702,0.574016930238083,0.5423508882522583,0.024201304138775748,-0.12535223404556844
05,276,1,0.631578947368421,0.5649775443801859,0.5481539368629456,0.018283766687282738,-0.16432064971043722
05,277,1,0.6338672768878718,0.5694602684821104,0.5580020546913147,0.014625273134302785,0.014721450947780417
05,278,1,0.6361556064073226,0.5740646648140983,0.562508761882782,0.008636527287938872,-0.06904467711720622
05,279,1,0.6384439359267735,0.5877730354842918,0.5590337514877319,0.010649677012165931,-0.10448503652670922
05,280,1,0.6407322654462243,0.6064615598916845,0.5558786988258362,0.025899175108006378,0.3787971685473307
05,281,1,0.6430205949656751,0.5948238369506221,0.5593233704566956,0.01100801105830185,-0.0813258559517749
05,282,1,0.6453089244851259,0.6456098358571782,0.5472145080566406,0.048335555078497544,0.9593334898233703
05,283,1,0.6475972540045767,0.6170406392605892,0.5563578009605408,0.017463365318134333,0.07036629874941087
05,284,1,0.6498855835240275,0.6364648514781237,0.5522623658180237,0.02115727178152857,0.079344054218346
05,285,1,0.6521739130434783,0.6362695769419893,0.5449947714805603,0.016253851482321363,-0.34478618782326986
05,286,1,0.6544622425629291,0.6479046128150876,0.5432081818580627,0.011612297152961526,-0.5810149192610898
05,287,1,0.6567505720823799,0.6434044434870407,0.5490777492523193,0.006466110723956919,-0.5882013048344521
05,288,1,0.6590389016018307,0.6642914178920505,0.5499356389045715,0.016787040217983662,-0.1639906234423339
05,289,1,0.6613272311212814,0.6577606342603641,0.5585896968841553,0.007863708097360091,-0.22588835438896748
05,290,1,0.6636155606407322,0.6745564155053165,0.55449378490448,0.014722631898174299,-0.09537386813832507
05,291,1,0.665903890160183,0.6704558519475887,0.552071750164032,0.008121987613789239,-0.4274598384475099
05,292,1,0.6681922196796338,0.6844586836046473,0.5536074042320251,0.011199097209810882,-0.25945568103732797
05,293,1,0.6704805491990846,0.6852274729535918,0.5432830452919006,0.007840376754835178,-0.7234460522445593
05,294,1,0.6727688787185355,0.6929476959083833,0.5414303541183472,0.00777958341209076,-0.7858959008107687
05,295,1,0.6750572082379863,0.684261338135379,0.5529857873916626,0.007212532360770213,-0.4327292165691494
05,296,1,0.6773455377574371,0.6804598358724736,0.5588257908821106,0.012757468271533262,-0.03028329423505825
05,297,1,0.6796338672768879,0.679552763867983,0.5460759401321411,0.012664828342980407,-0.44754114000530076
05,298,1,0.6819221967963387,0.673939574688323,0.5455018281936646,0.016859340251238253,-0.3050797544375652
05,299,1,0.6842105263157895,0.665823836959285,0.5512731671333313,0.02022304767526112,0.011368297391884857
05,300,1,0.6864988558352403,0.6599471381346049,0.5498470067977905,0.021490371205917735,0.01376449032393251
05,301,1,0.6887871853546911,0.6521361485787015,0.5437904000282288,0.02417318632735399,-0.07972362399625482
05,302,1,0.6910755148741419,0.6419868662857193,0.5399428009986877,0.027468314798015786,-0.07801925364619378
05,303,1,0.6933638443935927,0.6389962242244791,0.5489385724067688,0.02247077975860509,0.0219406211697471
05,304,1,0.6956521739130435,0.6349958743455888,0.5468364953994751,0.019764226453793915,-0.15021132994624606
05,305,1,0.6979405034324943,0.6304731304917075,0.5467634797096252,0.018049154360421177,-0.21844768989318616
05,306,1,0.700228832951945,0.6231939115603677,0.5635643601417542,0.019912618770012436,0.39826405169835705
05,307,1,0.7025171624713958,0.6170051458743901,0.5675777792930603,0.021403145774652133,0.5857327829920278
05,308,1,0.7048054919908466,0.6156898332189957,0.5604337453842163,0.01722068884252431,0.19330029307722538
05,309,1,0.7070938215102975,0.6195453730007758,0.5544779300689697,0.009167707371284693,-0.30922468809507586
05,310,1,0.7093821510297483,0.6150964373036232,0.5603206753730774,0.010255635103515678,-0.07786079457593728
05,311,1,0.7116704805491991,0.6201899455273121,0.5642988085746765,0.004385811128783777,-0.17421061182252365
05,312,1,0.7139588100686499,0.6197278721696904,0.5693697333335876,0.0043960315864928195,-0.009279569006696409
05,313,1,0.7162471395881007,0.624353590591975,0.5643439888954163,0.002526453562394892,-0.2441530842685263
05,314,1,0.7185354691075515,0.624069891127258,0.5688334703445435,0.0022655767643987,-0.10849985382821581
05,315,1,0.7208237986270023,0.628522047023262,0.5488131642341614,0.0014851445042859952,-0.7880799659024337
05,316,1,0.7231121281464531,0.6360091545549229,0.5394838452339172,0.005347297833370071,-0.9424668375170591
05,317,1,0.7254004576659039,0.6401300059183417,0.5560719966888428,0.005397828600480717,-0.4022831582779636
05,318,1,0.7276887871853547,0.6448848729118479,0.561856746673584,0.006208591762395302,-0.18344554451638995
05,319,1,0.7299771167048055,0.6442639239267671,0.5581978559494019,0.0025235167155985847,-0.44369215385246724
05,320,1,0.7322654462242563,0.654350153789661,0.5476495027542114,0.00653465796818459,-0.6319116967666683
05,321,1,0.7345537757437071,0.6537083062220216,0.5502773523330688,0.002927185674381662,-0.6851893503971354
05,322,1,0.7368421052631579,0.6636632995997966,0.555526614189148,0.007867978893715741,-0.3251135269303474
05,323,1,0.7391304347826086,0.6614506035885366,0.5481953620910645,0.003711604511465933,-0.7226190698597099
05,324,1,0.7414187643020596,0.664508036061601,0.5556043386459351,0.0020123371934261665,-0.5474769540998417
05,325,1,0.7437070938215103,0.66634068072769,0.5581977963447571,0.002106769191834445,-0.459699238609879
05,326,1,0.7459954233409611,0.6694769055158791,0.5552510023117065,0.0013937141349940614,-0.5826999759029199
05,327,1,0.7482837528604119,0.6716423999401525,0.5478519797325134,0.0003486200356093137,-0.8629160612196334
05,328,1,0.7505720823798627,0.6749627377997912,0.5590422749519348,0.00047722574495404286,-0.49488053747791877
05,329,1,0.7528604118993135,0.670568150981397,0.5577511191368103,0.006531036507987723,-0.30427918672441123
05,330,1,0.7551487414187643,0.6723069619490587,0.5661411285400391,0.0058490931037527534,-0.05823483407391261
05,331,1,0.7574370709382151,0.6706989186813568,0.556165337562561,0.008164650479749565,-0.29299494329486686
05,332,1,0.7597254004576659,0.6746188937487765,0.5521724224090576,0.004670091332639485,-0.5567630444770557
05,333,1,0.7620137299771167,0.672361817621181,0.5630581974983215,0.006179920212472764,-0.1455626691850621
05,334,1,0.7643020594965675,0.673144847677851,0.5461958646774292,0.005845306815748738,-0.7055529994044656
05,335,1,0.7665903890160183,0.6751418038475203,0.5510074496269226,0.004057822078277483,-0.6180775739913632
05,336,1,0.7688787185354691,0.6763395720549495,0.5479126572608948,0.003970775162389138,-0.7218386926135987
05,337,1,0.7711670480549199,0.6744184803108325,0.541286051273346,0.006322036483049434,-0.8465551159407011
05,338,1,0.7734553775743707,0.6716293760774694,0.5520392060279846,0.009625306388825413,-0.37078099154994826
05,339,1,0.7757437070938215,0.6729088939340311,0.5525141954421997,0.007966920632168358,-0.4190589551356767
05,340,1,0.7780320366132724,0.6736178209995913,0.5607953667640686,0.006699766088235801,-0.19902110018860072
05,341,1,0.7803203661327232,0.673456097424652,0.5640739798545837,0.006181051899335625,-0.11255966975450615
05,342,1,0.782608695652174,0.6765250604445299,0.5584907531738281,0.00310727336915023,-0.4117692675485198
05,343,1,0.7848970251716247,0.6768753786147189,0.5524423122406006,0.003745096079488639,-0.5835301689022353
05,344,1,0.7871853546910755,0.6801485263082122,0.554733157157898,0.001801442104212651,-0.5838439699142052
05,345,1,0.7894736842105263,0.6815034225889167,0.552448034286499,0.001741349602618012,-0.6602982043274852
05,346,1,0.7917620137299771,0.6819795436910265,0.5537276268005371,0.003277059791574386,-0.5597998928456542
05,347,1,0.7940503432494279,0.6839492209203084,0.5503144264221191,0.0026710033739166784,-0.6938250490604448
05,348,1,0.7963386727688787,0.6842308654757638,0.5664997100830078,0.004157819394858623,-0.11155299389610629
05,349,1,0.7986270022883295,0.6862760434599051,0.5554566383361816,0.0031332262026052527,-0.5092218106126477
05,350,1,0.8009153318077803,0.6872288928184798,0.5645897388458252,0.0033735320617777043,-0.20364715477619477
05,351,1,0.8032036613272311,0.6761991089305965,0.5596106648445129,0.01571565323152424,0.10879268088661637
05,352,1,0.8054919908466819,0.6672871427274791,0.5610014200210571,0.022690091437213677,0.4217717909247425
05,353,1,0.8077803203661327,0.6626865743864889,0.5567818880081177,0.02305472909113271,0.29886265486198843
05,354,1,0.8100686498855835,0.6554350618915774,0.5510194897651672,0.024408874317690177,0.16389340762283347
05,355,1,0.8123569794050344,0.6549847174473895,0.5530276894569397,0.016910761030152488,-0.05891001200394076
05,356,1,0.8146453089244852,0.6417960175787236,0.5646533370018005,0.024795863028016618,0.6211391145781195
05,357,1,0.816933638443936,0.6371165816409301,0.5647951364517212,0.02310251767862126,0.560707369624787
05,358,1,0.8192219679633868,0.6297961366608381,0.5555521249771118,0.024030464472323543,0.29643302120224546
05,359,1,0.8215102974828375,0.6211722769488093,0.5488581657409668,0.026244592876667555,0.16426458020339635
05,360,1,0.8237986270022883,0.6114341058958761,0.545080840587616,0.027529653804955673,0.09105269682550954
05,361,1,0.8260869565217391,0.6168312225945526,0.5678929686546326,0.01594191623620425,0.386221847278851
05,362,1,0.8283752860411899,0.602170849180571,0.5654876828193665,0.02413109283795456,0.6226810617908568
05,363,1,0.8306636155606407,0.6046484920441646,0.5638527870178223,0.014747128104294127,0.2092425663457003
05,364,1,0.8329519450800915,0.6039790066015401,0.5721647143363953,0.011285667320757416,0.3460062431324331
05,365,1,0.8352402745995423,0.6000420166790807,0.5785760283470154,0.013358882419632814,0.6336586073512177
05,366,1,0.8375286041189931,0.6142128156870281,0.5677005052566528,0.005009218067182521,-0.039892375937564395
05,367,1,0.8398169336384439,0.60828265243102,0.5719949007034302,0.005454352094006936,0.11654509464116453
05,368,1,0.8421052631578947,0.6231268869548303,0.5812891721725464,0.010004257611656575,0.5928591183675581
05,369,1,0.8443935926773455,0.6156683778550307,0.5649939179420471,0.005955057084238131,-0.09138934413551036
05,370,1,0.8466819221967964,0.6308085421855546,0.5682402849197388,0.008992352460070827,0.13059400633498042
05,371,1,0.8489702517162472,0.6330777798906693,0.572617769241333,0.00727674098669784,0.20674426382205152
05,372,1,0.851258581235698,0.6422103087850681,0.5703044533729553,0.010046405570040415,0.23805180225804845
05,373,1,0.8535469107551488,0.6545831933796891,0.5718724727630615,0.017648434707101895,0.5808852548654972
05,374,1,0.8558352402745996,0.6656291182581109,0.5559433102607727,0.018965655704359125,0.11461246224302435
05,375,1,0.8581235697940504,0.6816208012262838,0.5748122334480286,0.026252194654392935,1.006699581530663
05,376,1,0.8604118993135011,0.6949747510828368,0.5970940589904785,0.027470389177042337,1.7764724296486416
05,377,1,0.8627002288329519,0.7024979759633887,0.5852006673812866,0.021802503483152075,1.172887684050189
05,378,1,0.8649885583524027,0.7051379473455779,0.5964573621749878,0.012463779219416358,1.1794857576095292
05,379,1,0.8672768878718535,0.7031027192420733,0.600663959980011,0.005162690152558908,1.0355814262209628
05,380,1,0.8695652173913043,0.7063745244808881,0.5871314406394958,0.0023896132460141106,0.48998604998249573
05,381,1,0.8718535469107551,0.7015571302993304,0.5854647159576416,0.00921466795215808,0.6980207059277834
05,382,1,0.8741418764302059,0.7060108400691634,0.5902630090713501,0.005453900352525741,0.7092810964814598
05,383,1,0.8764302059496567,0.7074815389543372,0.5772849917411804,0.003638072792133905,0.21844096503578714
05,384,1,0.8787185354691075,0.7182120243384147,0.575437068939209,0.006362509393978424,0.26311234057439115
05,385,1,0.8810068649885584,0.698798180096923,0.5784862637519836,0.016010709811894952,0.7325891658032481
05,386,1,0.8832951945080092,0.696803962950567,0.5729143619537354,0.017315189407649034,0.6018936364985947
05,387,1,0.88558352402746,0.6850078979929496,0.5678516030311584,0.02680953508561737,0.8022495519923918
05,388,1,0.8878718535469108,0.6849337008605296,0.5492134690284729,0.021265321977690432,-0.015435183597401592
05,389,1,0.8901601830663616,0.6722596698703944,0.5678653120994568,0.025619772098354365,0.7570016368691114
05,390,1,0.8924485125858124,0.6804780991361805,0.5625857710838318,0.013577228610127888,0.12320125914705848
05,391,1,0.8947368421052632,0.6659531742358251,0.5539980530738831,0.021210174222694916,0.13769437582333038
05,392,1,0.897025171624714,0.654416965542331,0.5640966892242432,0.027982701976907942,0.7254675791221501
05,393,1,0.8993135011441648,0.6546713142940015,0.5534853339195251,0.02009916939568776,0.07838991248963098
05,394,1,0.9016018306636155,0.6472392819847077,0.5473793148994446,0.023134112810883317,-0.0031780477773051263
05,395,1,0.9038901601830663,0.6448092345217038,0.5571117997169495,0.01725445598601902,0.0868084842932544
05,396,1,0.9061784897025171,0.6462828656230697,0.5503091216087341,0.010494839956122794,-0.39352344445755544
05,397,1,0.9084668192219679,0.6447543692031252,0.5469333529472351,0.009989811396251932,-0.522454071594033
05,398,1,0.9107551487414187,0.6544562802356992,0.5653249025344849,0.0037776419783505663,-0.16427317048336404
05,399,1,0.9130434782608695,0.6428865555552785,0.5627908110618591,0.01118263833412747,0.037890259822545305
05,400,1,0.9153318077803204,0.6455986819854753,0.5470455288887024,0.008047204078721447,-0.5934199067729586
05,401,1,0.9176201372997712,0.6360093667606633,0.5581343770027161,0.017408111477737742,0.12588962464211828
05,402,1,0.919908466819222,0.644903313577077,0.5734561085700989,0.009476186160214143,0.31841572073492025
05,403,1,0.9221967963386728,0.6331702543643376,0.5707554221153259,0.015672731598792428,0.4687631228024007
05,404,1,0.9244851258581236,0.6516804847512518,0.5550861954689026,0.007420477897773975,-0.3565902219891074
05,405,1,0.9267734553775744,0.6429800930404742,0.5626950263977051,0.007261785057030427,-0.11579772075730288
05,406,1,0.9290617848970252,0.7374627368114861,0.5618935823440552,0.08778569388469445,2.950710864754762
05,407,1,0.931350114416476,0.6654413507055712,0.5632316470146179,0.029933846321836016,0.7723326949667241
05,408,1,0.9336384439359268,0.7794169401788096,0.5700347423553467,0.09853226735810725,3.6275918427324223
05,409,1,0.9359267734553776,0.7293063974244292,0.5892575979232788,0.05081585701236127,2.418779897550728
05,410,1,0.9382151029748284,0.8941588350758038,0.5583170056343079,0.15975847230222334,5.598768114284321
05,411,1,0.9405034324942791,0.9313606953908448,0.5700361132621765,0.15778630805118482,5.903282367717397
05,412,1,0.9427917620137299,0.9564087354111993,0.5670515894889832,0.11635451190022097,4.215257849345356
05,413,1,0.9450800915331807,0.9582900015020358,0.5679959654808044,0.07434589743624309,2.6325634156867532
05,414,1,0.9473684210526315,0.9639260913719596,0.5615022778511047,0.02237801803348219,0.4260381946528179
05,415,1,0.9496567505720824,0.9632185038241997,0.5636621713638306,0.006505482610188934,-0.11346206912924564
05,416,1,0.9519450800915332,0.9630574922051274,0.5606529712677002,0.003896847315727728,-0.31128731000004567
05,417,1,0.954233409610984,0.9609584118339373,0.5319076776504517,0.0076581168853998545,-1.099547285440701
05,418,1,0.9565217391304348,0.9611602082144174,0.5505693554878235,0.008123423087895095,-0.4761535703692678
05,419,1,0.9588100686498856,0.9612397700248921,0.5551727414131165,0.007352390488034791,-0.35639691843066057
05,420,1,0.9610983981693364,0.9658133385897216,0.5341666340827942,0.0032722214570918545,-1.1946898469929506
05,421,1,0.9633867276887872,0.9646777870267447,0.5630377531051636,0.004108651632503927,-0.225772918799785
05,422,1,0.965675057208238,0.9665229046739869,0.547552764415741,0.0031933777834635114,-0.7633721697468991
05,423,1,0.9679633867276888,0.9626583032618939,0.556974470615387,0.008398653310448891,-0.25775378965197027
05,424,1,0.9702517162471396,0.9662377733076497,0.5717867016792297,0.005664850298120165,0.11787373366709109
05,425,1,0.9725400457665904,0.9677088304212637,0.5537296533584595,0.003808868139811653,-0.5393100849927219
05,426,1,0.9748283752860412,0.9723172073513314,0.5447542071342468,0.002339401797759322,-0.8869750593855918
05,427,1,0.977116704805492,0.9677068675641275,0.5548116564750671,0.006017167514913682,-0.4193923171272442
05,428,1,0.9794050343249427,0.9726678789192564,0.5438544750213623,0.0035001016142063007,-0.8715924923078333
05,429,1,0.9816933638443935,0.9691927094594444,0.5568352341651917,0.007400993098056888,-0.30058670572249085
05,430,0,0.9839816933638444,0.973509880634976,0.5513537526130676,0.0043146759711349385,-0.5969764782228162
05,431,0,0.9862700228832952,0.9721356702496188,0.550579309463501,0.005127170388338789,-0.5909014017022182
05,432,0,0.988558352402746,0.9751520988801805,0.5601093769073486,0.0034274554457294475,-0.34695250748160555
05,433,0,0.9908466819221968,0.9770290140160386,0.5568282008171082,0.001962082283522818,-0.5096957949254657
05,434,0,0.9931350114416476,0.9795515071175787,0.554246187210083,0.0013986653211313072,-0.6151135038119536
05,435,0,0.9954233409610984,0.980181521228934,0.5538728833198547,0.002279057830426643,-0.5934148651756902
05,436,0,0.9977116704805492,0.9815386225516508,0.5691049695014954,0.0029334192525386194,-0.07404197120743405
15,15,0,0.04411764705882353,0.06540410212572846,0.5218974351882935,nan,nan
15,16,0,0.047058823529411764,0.07499446412089446,0.5245387554168701,nan,nan
15,17,0,0.05,0.07834939188343908,0.5186437964439392,nan,nan
15,18,0,0.052941176470588235,0.0839910813031543,0.5325533747673035,nan,nan
15,19,1,0.05588235294117647,0.08563711252804589,0.5695100426673889,0.003934531862490822,-0.022450745229355196
15,20,1,0.058823529411764705,0.09169694651457241,0.5696137547492981,0.0044604275621825135,0.0011114228366500556
15,21,1,0.061764705882352944,0.09594707013110171,0.5738106966018677,0.004534930580292336,0.14015272358659592
15,22,1,0.06470588235294118,0.09891331513153244,0.5685856342315674,0.003101756018807358,-0.08442811304439318
15,23,1,0.06764705882352941,0.1005561199081264,0.570858895778656,0.0017841789576013853,-0.06126802247533436
15,24,1,0.07058823529411765,0.10455071271534186,0.5365951061248779,0.0012788433005021548,-1.1924476527854178
15,25,1,0.07352941176470588,0.10925943710311294,0.5241216421127319,0.0027741261380808146,-1.5397534270696362
15,26,1,0.07647058823529412,0.11411334539280485,0.5379021167755127,0.00429994268476991,-1.0340134560379888
15,27,1,0.07941176470588235,0.11620971531979729,0.5306169390678406,0.002846821381649352,-1.3262058143539086
15,28,1,0.08235294117647059,0.12140715691482223,0.5274559259414673,0.0038803477885514825,-1.3890801106020039
15,29,1,0.08529411764705883,0.120123562186062,0.5071434378623962,0.0018546153367481467,-2.1259664201651387
15,30,1,0.08823529411764706,0.12664803647229889,0.5248045325279236,0.002191085025420816,-1.539987022161469
15,31,1,0.09117647058823529,0.1291523811630134,0.5215305089950562,0.0016317776716141823,-1.6677008524806523
15,32,1,0.09411764705882353,0.13361986827318972,0.5127537250518799,0.0027935775956340913,-1.9078662028349638
15,33,1,0.09705882352941177,0.1330664452083641,0.5124326348304749,0.0020896596251292194,-1.9453186641646525
15,34,1,0.1,0.1434018938078671,0.5199493169784546,0.006286704535144102,-1.5402344428903982
15,35,1,0.10294117647058823,0.14047100671695387,0.5008568167686462,0.0024020326287185483,-2.308927669864745
15,36,1,0.10588235294117647,0.1528342467694258,0.5260055661201477,0.008700936774325627,-1.251006292465145
15,37,1,0.10882352941176471,0.15388136053814092,0.5206530094146729,0.005719600333325416,-1.5391810100411336
15,38,1,0.11176470588235295,0.16361546679467076,0.5200664401054382,0.009474833343067316,-1.4139943004011115
15,39,1,0.11470588235294117,0.16420631293580656,0.5176272392272949,0.006015564465635616,-1.6259930311959931
15,40,1,0.11764705882352941,0.1701869131373618,0.524029552936554,0.005059059884344272,-1.4549888124237924
15,41,1,0.12058823529411765,0.1698141947067907,0.5331190228462219,0.0026299753158199606,-1.2533475544093133
15,42,1,0.12352941176470589,0.17393387124290585,0.5280879139900208,0.001244169371060116,-1.4698159086045495
15,43,1,0.1264705882352941,0.1779485841987701,0.5230991244316101,0.0019350230649471398,-1.6051571854104816
15,44,1,0.12941176470588237,0.1847906025470147,0.5386378765106201,0.005326205232051076,-0.9707264163777077
15,45,1,0.1323529411764706,0.1870154570051235,0.5350685119628906,0.004086411407393577,-1.1341573275784889
15,46,1,0.13529411764705881,0.19416850981680547,0.5366793870925903,0.006752874574845444,-0.9794832780121047
15,47,1,0.13823529411764707,0.1947886742920573,0.5211333632469177,0.003302998467697745,-1.6164041326857377
15,48,1,0.1411764705882353,0.20162257066313247,0.5204926133155823,0.00493825325437572,-1.5743930163382966
15,49,1,0.14411764705882352,0.2033487751970797,0.5331901907920837,0.0028920647910211945,-1.2409728142998968
15,50,1,0.14705882352941177,0.20053847173710632,0.5273215770721436,0.004437167248668908,-1.3720547867711717
15,51,1,0.15,0.21357551475192282,0.5329724550247192,0.007007385286072395,-1.0899892733082364
15,52,1,0.15294117647058825,0.21582577982507714,0.5332805514335632,0.004734509006384448,-1.167281940316742
15,53,1,0.15588235294117647,0.2420392476231717,0.5897263288497925,0.027223605751868718,1.5279307526760961
15,54,1,0.1588235294117647,0.26742053967800217,0.5985363721847534,0.042932279700176185,2.417084299536561
15,55,1,0.16176470588235295,0.28049562806661804,0.5474241375923157,0.03928685110356811,0.6186207786026653
15,56,1,0.16470588235294117,0.25998232148173905,0.5539631843566895,0.019915382476690238,0.08683661599280731
15,57,1,0.1676470588235294,0.2657927394092791,0.552611231803894,0.011473649659927351,-0.2812347642985163
15,58,1,0.17058823529411765,0.27831693835838006,0.5472922921180725,0.008386073456186832,-0.5723988240685183
15,59,1,0.17352941176470588,0.31354669236088134,0.5659929513931274,0.035906279038370764,1.0913006883988041
15,60,1,0.17647058823529413,0.3043246251792661,0.5574297904968262,0.024331180672698627,0.3689074388899625
15,61,1,0.17941176470588235,0.329936647138023,0.5555402636528015,0.032947891817564856,0.638521137582089
15,62,1,0.18235294117647058,0.3301625769714922,0.5492677688598633,0.018323581100814723,-0.12665058384484965
15,63,1,0.18529411764705883,0.3589867300931004,0.5537770390510559,0.03300058818717824,0.5833328123194051
15,64,1,0.18823529411764706,0.3650989941747487,0.5630573630332947,0.027752842835771785,0.6829163854528979
15,65,1,0.19117647058823528,0.36690342925271907,0.5570544600486755,0.014760169424587636,-0.010844889645358055
15,66,1,0.19411764705882353,0.39585089068325763,0.533134400844574,0.03406945156673602,-0.04541835231467273
15,67,1,0.19705882352941176,0.3872111936472201,0.54266357421875,0.014626225919477237,-0.48293638287804064
15,68,1,0.2,0.4077239366058883,0.5411816239356995,0.02246430317289541,-0.230001231931508
15,69,1,0.20294117647058824,0.41236464468028616,0.5302066206932068,0.01644877563950839,-0.8171377792885495
15,70,1,0.20588235294117646,0.3700773924829391,0.5530042052268982,0.037203780414730464,0.71967954828953
15,71,1,0.2088235294117647,0.4033408220696542,0.5353173613548279,0.015699998789003827,-0.6800640349339765
15,72,1,0.21176470588235294,0.4046563906084748,0.5548786520957947,0.014905911310088893,-0.07584708388245781
15,73,1,0.21470588235294116,0.4234021286881367,0.5318413972854614,0.019298809734291628,-0.6546381636840282
15,74,1,0.21764705882352942,0.43608287705064974,0.5413986444473267,0.029220187094842087,0.03649963555707658
15,75,1,0.22058823529411764,0.4490359225890846,0.5405415296554565,0.0256718614913492,-0.1275846672767617
15,76,1,0.2235294117647059,0.4544257003179617,0.5556035041809082,0.019637864090368773,0.12940272675597714
15,77,1,0.22647058823529412,0.47627964555338004,0.5383837223052979,0.02904948189841533,-0.06788278741469966
15,78,1,0.22941176470588234,0.47627988649233655,0.537887692451477,0.017128924450284078,-0.5417856107556276
15,79,1,0.2323529411764706,0.49112515931365125,0.5439924001693726,0.020626364081954007,-0.20938462221378423
15,80,1,0.23529411764705882,0.4751949208594688,0.5397325754165649,0.011015988629318435,-0.7166906254829786
15,81,1,0.23823529411764705,0.4628329932549068,0.5365623235702515,0.023380416293308864,-0.3447024625187421
15,82,1,0.2411764705882353,0.43574905426258304,0.5350169539451599,0.047102692211014305,0.5162060978700671
15,83,1,0.24411764705882352,0.4342788482990072,0.5437512993812561,0.03844019011715176,0.4669306428051135
15,84,1,0.24705882352941178,0.3632991640733222,0.5517659783363342,0.09520829658917576,2.907160422597868
15,85,1,0.25,0.38042964243598965,0.539617121219635,0.05737041691260408,1.0598007828125002
15,86,1,0.2529411764705882,0.34657397113808486,0.5547534227371216,0.06335871262314716,1.7809149707610874
15,87,1,0.25588235294117645,0.3605478817990325,0.5588362216949463,0.03277928521284748,0.7389912172159872
15,88,1,0.25882352941176473,0.3492838867875661,0.5528594851493835,0.0199222845675477,0.05128947631194489
15,89,1,0.26176470588235295,0.35430774562921347,0.5588465929031372,0.012607834526583706,-0.03535499226789926
15,90,1,0.2647058823529412,0.35026271108688073,0.5427531003952026,0.008909166745099988,-0.6995946251552854
15,91,1,0.2676470588235294,0.3411579338173974,0.5409057140350342,0.018936129001782306,-0.37445300997903447
15,92,1,0.27058823529411763,0.3445105127062837,0.5382621884346008,0.011113651263229078,-0.7606501943462262
15,93,1,0.2735294117647059,0.338199057972134,0.5323262810707092,0.015854174331316306,-0.7711958354333722
15,94,1,0.27647058823529413,0.3373674568165723,0.5306327939033508,0.012658603572608128,-0.9488707630484394
15,95,1,0.27941176470588236,0.31744248174127004,0.5356278419494629,0.029359765080333305,-0.1453876526452853
15,96,1,0.2823529411764706,0.32996230778416125,0.5547606945037842,0.015872287741154553,-0.042560906851315944
15,97,1,0.2852941176470588,0.3221358311132963,0.5634363293647766,0.015100501458744597,0.20930085315071542
15,98,1,0.28823529411764703,0.33294341456270227,0.5487900376319885,0.008236564235243077,-0.529542704338753
15,99,1,0.2911764705882353,0.34199367835024247,0.5416175127029419,0.00987916305637854,-0.6991889186156608
15,100,1,0.29411764705882354,0.3546392753259375,0.5539315938949585,0.01638696087983038,-0.04969712407234002
15,101,1,0.29705882352941176,0.3655682783562575,0.5488508939743042,0.021146722024706383,-0.03175463633340242
15,102,1,0.3,0.381187499755982,0.5752931833267212,0.025907831613690563,1.0090799426302808
15,103,1,0.3029411764705882,0.38971632292877384,0.5881052613258362,0.02237563348816249,1.289145327615108
15,104,1,0.3058823529411765,0.4041552853639996,0.5608291625976562,0.024883934778755362,0.5004368324686443
15,105,1,0.3088235294117647,0.4237006014847342,0.5532166957855225,0.03205024838997447,0.528653394347977
15,106,1,0.31176470588235294,0.4312652000067464,0.5547353029251099,0.02508176612986751,0.3103043811684015
15,107,1,0.31470588235294117,0.4447069202534446,0.5706610679626465,0.026004061313874588,0.8624753499731157
15,108,1,0.3176470588235294,0.4887453388217349,0.5629932284355164,0.05629483055099718,1.776987823719012
15,109,1,0.3205882352941177,0.5032802928214303,0.5781239867210388,0.04968227118625876,2.0139874550952186
15,110,1,0.3235294117647059,0.521643570076612,0.5806534886360168,0.04815062560726646,2.0372406076853586
15,111,1,0.3264705882352941,0.5437679098467907,0.5681576132774353,0.047680372859978754,1.6137214272464198
15,112,1,0.32941176470588235,0.5653088736014573,0.5549973845481873,0.044456089216308864,1.0628773746011737
15,113,1,0.3323529411764706,0.5557720797954933,0.5608871579170227,0.021845509917097522,0.3856282017053593
15,114,1,0.3352941176470588,0.5835962951307496,0.5617347955703735,0.03047968030715481,0.7447264020317845
15,115,1,0.3382352941176471,0.5903228583203867,0.5788415670394897,0.02171806223325745,0.9633081984742466
15,116,1,0.3411764705882353,0.5743169357849927,0.578780472278595,0.011302921519181358,0.5613332982086886
15,117,1,0.34411764705882353,0.5752921827299275,0.5573558807373047,0.011768612293896447,-0.11595503939074257
15,118,1,0.34705882352941175,0.5778884893217326,0.5527947545051575,0.00948708516328797,-0.3515737512317956
15,119,1,0.35,0.5617223877382782,0.5738804340362549,0.02422623529448817,0.8986582910681813
15,120,1,0.35294117647058826,0.5568727018583428,0.556625247001648,0.021925803528896448,0.25042377167555363
15,121,1,0.3558823529411765,0.5365929991633775,0.5584696531295776,0.03784444774219925,0.9216241118399022
15,122,1,0.3588235294117647,0.5224965779552537,0.5641442537307739,0.04226607305868557,1.2755624926550446
15,123,1,0.36176470588235293,0.4940092495317093,0.5548605918884277,0.05690542364061024,1.5365543590438795
15,124,1,0.36470588235294116,0.4632310411439784,0.546847939491272,0.07075534747669895,1.808469365836209
15,125,1,0.36764705882352944,0.4429507567168096,0.5591862201690674,0.06762521672527663,2.088602601573002
15,126,1,0.37058823529411766,0.42832026053281586,0.5284861326217651,0.058845152297628406,0.7552657759933593
15,127,1,0.3735294117647059,0.41033496325871643,0.527129054069519,0.05328637021611836,0.4977475308719572
15,128,1,0.3764705882352941,0.4146285377504608,0.5288175344467163,0.028922310103296642,-0.38316511559998745
15,129,1,0.37941176470588234,0.3775823276503974,0.5268398523330688,0.05296980840780978,0.47620614741778766
15,130,1,0.38235294117647056,0.37668127117201894,0.540667712688446,0.037528757619585185,0.33187266632147927
15,131,1,0.38529411764705884,0.34111528539767666,0.5471735000610352,0.060184996053728235,1.4130795880728966
15,132,1,0.38823529411764707,0.3462899278499694,0.558082640171051,0.038994054063620595,0.953217058269266
15,133,1,0.3911764705882353,0.3314194095142185,0.5617063045501709,0.0354912999968036,0.936272739643604
15,134,1,0.3941176470588235,0.3298049818613451,0.5504379868507385,0.025564998115632273,0.1894259559623795
15,135,1,0.39705882352941174,0.3404930285216115,0.5516406893730164,0.009142608065423205,-0.40224982201730597
15,136,1,0.4,0.35248753641957153,0.5394590497016907,0.011088193899283033,-0.7227927978914495
15,137,1,0.40294117647058825,0.38294165456982376,0.5314893126487732,0.03789690899713058,0.04819590152623554
15,138,1,0.40588235294117647,0.39074001341345005,0.5397050976753235,0.03281470657685559,0.11959557193462067
15,139,1,0.4088235294117647,0.4038568791556687,0.5180112719535828,0.03069781443104802,-0.6656125877210051
15,140,1,0.4117647058823529,0.4207331243198048,0.5349305868148804,0.031733096936669786,-0.07686420277372086
15,141,1,0.4147058823529412,0.44412484705600724,0.5338411331176758,0.0380634226978139,0.13090139870542172
15,142,1,0.4176470588235294,0.4591697013816296,0.5287496447563171,0.037812478901890406,-0.0439418382737391
15,143,1,0.42058823529411765,0.47428008754854545,0.5299662351608276,0.03581544307676138,-0.08116257326568743
15,144,1,0.4235294117647059,0.47949810108742175,0.5297896265983582,0.02342765451741846,-0.5626449617304523
15,145,1,0.4264705882352941,0.4970237912032155,0.544846773147583,0.026262100441308,0.03477753597599709
15,146,1,0.4294117647058823,0.49435721427004775,0.5351027846336365,0.013002777236623355,-0.7906130485860671
15,147,1,0.4323529411764706,0.5183647788532869,0.5299634337425232,0.025581473832472806,-0.47428812997645825
15,148,1,0.43529411764705883,0.5095118972518601,0.5499559044837952,0.011432561504275325,-0.36897132518677406
15,149,1,0.43823529411764706,0.5244054914778427,0.5441240668296814,0.013097564589733605,-0.4942552357633147
15,150,1,0.4411764705882353,0.5029574116782791,0.5585524439811707,0.015195940278486725,0.054496594189259874
15,151,1,0.4441176470588235,0.535897043476935,0.5601521134376526,0.015593642168111321,0.12167547785659272
15,152,1,0.4470588235294118,0.5434922527825674,0.5634680390357971,0.018805785317831697,0.35263084034408443
15,153,1,0.45,0.5647082535265422,0.5632948875427246,0.03152669717912965,0.8355579804857733
15,154,1,0.45294117647058824,0.5680688032335712,0.5641122460365295,0.0248115563739838,0.6041847994500256
15,155,1,0.45588235294117646,0.5795968979275525,0.557852566242218,0.02006180317914208,0.21866037527808724
15,156,1,0.4588235294117647,0.581260849194285,0.5570293664932251,0.011267516498555232,-0.1457941291842094
15,157,1,0.46176470588235297,0.5907680748906392,0.545208752155304,0.010865867426644974,-0.5447681002311384
15,158,1,0.4647058823529412,0.6015582854167707,0.570044755935669,0.015141122611752211,0.4252874297611862
15,159,1,0.4676470588235294,0.5982601449352866,0.5649351477622986,0.006418383123911577,-0.07550229161350583
15,160,1,0.47058823529411764,0.6066860321289829,0.5611144304275513,0.00726421626752752,-0.166990643309956
15,161,1,0.47352941176470587,0.6020480854956389,0.5548905730247498,0.004208755448482065,-0.4862835780159888
15,162,1,0.4764705882352941,0.5947654318730953,0.5657556056976318,0.013866211614580987,0.23715264371593667
15,163,1,0.47941176470588237,0.5897218643376743,0.5618799924850464,0.017211565764083142,0.23987693816827593
15,164,1,0.4823529411764706,0.5841098207800353,0.5568859577178955,0.020689039172319068,0.21138534440126108
15,165,1,0.4852941176470588,0.5581377535238982,0.5323718786239624,0.041017053591219266,0.1966617773895989
15,166,1,0.48823529411764705,0.5602956227295476,0.5135303139686584,0.027881601392634653,-0.9191646088167842
15,167,1,0.49117647058823527,0.5518555043718893,0.5312249660491943,0.027704267464405963,-0.35182893976885776
15,168,1,0.49411764705882355,0.5463067800267667,0.5557281374931335,0.023786401818082392,0.2927709727282047
15,169,1,0.4970588235294118,0.507630894821474,0.545807421207428,0.05301152683505789,1.093257393595718
15,170,1,0.5,0.5083460853320292,0.5499962568283081,0.03966962164889673,0.7167797312641548
15,171,1,0.5029411764705882,0.49600908409348354,0.5335257053375244,0.03901923853806277,0.1573745951173373
15,172,1,0.5058823529411764,0.49202197339147385,0.5297636985778809,0.02904474417047101,-0.3477624424728787
15,173,1,0.5088235294117647,0.47657247481527476,0.536087691783905,0.030923041087846895,-0.07042922985463274
15,174,1,0.5117647058823529,0.4789075615428517,0.5241928696632385,0.020823349358720156,-0.8442634995169978
15,175,1,0.5147058823529411,0.46274172569056643,0.5285196900367737,0.029629554263711028,-0.365667756589361
15,176,1,0.5176470588235295,0.47187090775026286,0.5456275343894958,0.015449422334432222,-0.3551486795223956
15,177,1,0.5205882352941177,0.44772514107431255,0.5485334992408752,0.03129153286893288,0.3475572546988562
15,178,1,0.5235294117647059,0.4632595676509529,0.5556989312171936,0.015013784846670888,-0.04508825291463216
15,179,1,0.5264705882352941,0.43607099316659415,0.5610909461975098,0.03182184886843603,0.7753809996113199
15,180,1,0.5294117647058824,0.4684978443466673,0.538140594959259,0.014154022339233185,-0.6478304167507457
15,181,1,0.5323529411764706,0.4542481849309596,0.5548710227012634,0.012624901406958738,-0.1636966160337766
15,182,1,0.5352941176470588,0.5085776755110949,0.554009199142456,0.046565021493794906,1.111806640169802
15,183,1,0.538235294117647,0.47474205842409284,0.5477586984634399,0.020390384141350817,-0.0962406722925978
15,184,1,0.5411764705882353,0.5167013083187291,0.541924774646759,0.03369136102201889,0.22528624159426702
15,185,1,0.5441176470588235,0.5291647354885017,0.5502106547355652,0.03410392219877617,0.509986213426119
15,186,1,0.5470588235294118,0.5698809812327795,0.5747367739677429,0.05609103030366841,2.1502088832855613
15,187,1,0.55,0.5673936410938454,0.5638460516929626,0.04082023510248145,1.210359324730713
15,188,1,0.5529411764705883,0.5864901692145248,0.5623217821121216,0.03421149618755437,0.9070926620591734
15,189,1,0.5558823529411765,0.6193086788136748,0.5873575806617737,0.04958279056275544,2.309773396554218
15,190,1,0.5588235294117647,0.636650437504549,0.5875911116600037,0.04438856342233635,2.11786705880014
15,191,1,0.5617647058823529,0.6462438031995881,0.5979633927345276,0.03728956504943309,2.1817846403279955
15,192,1,0.5647058823529412,0.6543698850863611,0.5592634081840515,0.025703106409770415,0.48109232198459273
15,193,1,0.5676470588235294,0.660558129580024,0.5686053037643433,0.014921421935474303,0.3701433072535748
15,194,1,0.5705882352941176,0.657603307148777,0.5539569854736328,0.005411040893159414,-0.47040244097113304
15,195,1,0.5735294117647058,0.6805674556351249,0.56791752576828,0.019380167887930844,0.5190644046635511
15,196,1,0.5764705882352941,0.6673303086277301,0.5810512900352478,0.005989396946301406,0.43095009335352913
15,197,1,0.5794117647058824,0.6768127743379149,0.5590923428535461,0.008279210842501968,-0.19362143430577913
15,198,1,0.5823529411764706,0.6552180906714686,0.5659112334251404,0.021853877259424587,0.5489679375374297
15,199,1,0.5852941176470589,0.6482217814623004,0.5508381128311157,0.028253882349265763,0.3056753741085104
15,200,1,0.5882352941176471,0.656149979003346,0.5583237409591675,0.014904663736835494,0.035889317510481536
15,201,1,0.5911764705882353,0.6383310609622169,0.5603320598602295,0.02726310190004705,0.5756788180657647
15,202,1,0.5941176470588235,0.6312648169050405,0.5689759254455566,0.024708917613298936,0.7580569131859253
15,203,1,0.5970588235294118,0.6288697735078456,0.5497784614562988,0.0211156425688869,-0.0028510497508859034
15,204,1,0.6,0.59979198202737,0.5329257249832153,0.04535543206074871,0.3812477043899878
15,205,1,0.6029411764705882,0.6062323168807671,0.5502574443817139,0.02674706409135491,0.22896495129073213
15,206,1,0.6058823529411764,0.5718335616382446,0.5505041480064392,0.05119966718551769,1.176069849777169
15,207,1,0.6088235294117647,0.5826881748904322,0.5436105132102966,0.029615845444023597,0.12346433753001007
15,208,1,0.611764705882353,0.5535485943382206,0.5466729402542114,0.04308142101448942,0.7399764602582475
15,209,1,0.6147058823529412,0.5626764398178032,0.565479040145874,0.02565795005370941,0.6810394416361067
15,210,1,0.6176470588235294,0.5399434705772443,0.5543123483657837,0.034236728587437315,0.6481760888345702
15,211,1,0.6205882352941177,0.5538957944882323,0.5513017177581787,0.01798934256799195,-0.07349054936816621
15,212,1,0.6235294117647059,0.5475273597580658,0.5662634968757629,0.012676763533823965,0.2079517669265113
15,213,1,0.6264705882352941,0.5690616851648345,0.5570175051689148,0.01355959503228113,-0.05815193121272501
15,214,1,0.6294117647058823,0.5864497804614623,0.5598648190498352,0.02734919647086162,0.563824504046024
15,215,1,0.6323529411764706,0.5841482642048692,0.5502855181694031,0.01587056217021185,-0.18783519302918347
15,216,1,0.6352941176470588,0.5713184998537277,0.5593321919441223,0.013672543890112493,0.02129151974977173
15,217,1,0.638235294117647,0.5753938205330864,0.5537379384040833,0.009583202422621562,-0.3172784736226877
15,218,1,0.6411764705882353,0.5825734746939865,0.5536354184150696,0.00856883366728195,-0.3595617245924511
15,219,1,0.6441176470588236,0.5872397450103606,0.5621519684791565,0.006036788487496143,-0.18046444182509674
15,220,1,0.6470588235294118,0.5840365889554153,0.5490828156471252,0.003177822231980627,-0.714323333696517
15,221,1,0.65,0.5861096325433481,0.5488187074661255,0.00285788205869622,-0.7351802413143647
15,222,1,0.6529411764705882,0.5830190729824933,0.5613996982574463,0.008464293811790782,-0.11164556358560367
15,223,1,0.6558823529411765,0.5943684713926559,0.5483771562576294,0.004404147029902605,-0.690123282119266
15,224,1,0.6588235294117647,0.585375064778687,0.5509032607078552,0.008001883183297722,-0.46998692974266926
15,225,1,0.6617647058823529,0.5927143464305942,0.5659077763557434,0.004319692842407241,-0.12454299299204696
15,226,1,0.6647058823529411,0.5792496194633461,0.5642399191856384,0.016113125926268013,0.27426503623902787
15,227,1,0.6676470588235294,0.5932102371185426,0.5649868249893188,0.0069132346940055656,-0.05482076835471411
15,228,1,0.6705882352941176,0.5903463242237817,0.568211019039154,0.006735449000332431,0.042968231365277554
15,229,1,0.6735294117647059,0.5948931493081835,0.5666189789772034,0.005380861264203535,-0.060712211869002886
15,230,1,0.6764705882352942,0.5996770576649162,0.5721556544303894,0.004421412265863318,0.08209118142315047
15,231,1,0.6794117647058824,0.5974300768945335,0.566047728061676,0.003595121677828964,-0.14782900806765448
15,232,1,0.6823529411764706,0.6019891124254463,0.5610753893852234,0.001698451463696099,-0.3820101161720271
15,233,1,0.6852941176470588,0.6055623753547809,0.5696716904640198,0.0015249648391760526,-0.1097448903761753
15,234,1,0.6882352941176471,0.6184998709026008,0.5670797228813171,0.010841708824175122,0.16396110210971393
15,235,1,0.6911764705882353,0.6303860797703231,0.5609612464904785,0.018022214382476254,0.24119886904253257
15,236,1,0.6941176470588235,0.6298528045433232,0.5513360500335693,0.01081527734873017,-0.3478958770529198
15,237,1,0.6970588235294117,0.6364315486677137,0.5516928434371948,0.00886275953145019,-0.4113051136368189
15,238,1,0.7,0.6416193119660429,0.5654760003089905,0.006333229501546247,-0.06122332815433726
15,239,1,0.7029411764705882,0.6472243485325198,0.5630579590797424,0.006158405802162539,-0.1463966642284432
15,240,1,0.7058823529411765,0.6544336558862005,0.5590125918388367,0.009158145965294132,-0.16245372713833098
15,241,1,0.7088235294117647,0.6591929190126052,0.564757227897644,0.007772196255979527,-0.02928226557123803
15,242,1,0.711764705882353,0.663527016589227,0.5537868142127991,0.006415951246378368,-0.43733057205352954
15,243,1,0.7147058823529412,0.6690154510468166,0.5611059665679932,0.006427459548171978,-0.19940083957384847
15,244,1,0.7176470588235294,0.6705691260034699,0.5664088726043701,0.0030552226966256996,-0.1568455634317727
15,245,1,0.7205882352941176,0.6754319966097458,0.5638854503631592,0.003362361953209688,-0.22692850009250237
15,246,1,0.7235294117647059,0.6764888655329313,0.564443826675415,0.0012891249672651044,-0.28843309602625
15,247,1,0.7264705882352941,0.6784088033463129,0.5605291724205017,0.0009847977207521055,-0.4271412654619873
15,248,1,0.7294117647058823,0.6827224072565593,0.5667623281478882,0.0012551014626349952,-0.21451032811343312
15,249,1,0.7323529411764705,0.6753262195967176,0.5627158284187317,0.00943030508317627,-0.03184093409014291
15,250,1,0.7352941176470589,0.6695873605040028,0.5534979701042175,0.015142719922633968,-0.11155206679718718
15,251,1,0.7382352941176471,0.6696929094145021,0.5687842965126038,0.013311794754902542,0.31413357827600774
15,252,1,0.7411764705882353,0.655756118823861,0.5782277584075928,0.025069611862590963,1.0721076383233026
15,253,1,0.7441176470588236,0.6552427618010099,0.5692189931869507,0.018841396777267427,0.5406022352023563
15,254,1,0.7470588235294118,0.6492470840041469,0.5643960237503052,0.01981621012520357,0.421546841537371
15,255,1,0.75,0.6363132666142619,0.562710702419281,0.02766495839012456,0.6682929418247414
15,256,1,0.7529411764705882,0.6219937730549141,0.5681342482566833,0.03363954124941232,1.0737264314057762
15,257,1,0.7558823529411764,0.6200581752476699,0.5911936163902283,0.02713455261441977,1.5721203995246116
15,258,1,0.7588235294117647,0.5935124396973142,0.5703628063201904,0.044884141526440546,1.577885286284444
15,259,1,0.7617647058823529,0.593430683778277,0.5642500519752502,0.031032236368769506,0.8475608986979213
15,260,1,0.7647058823529411,0.5819677550838895,0.5701929330825806,0.03177451935416076,1.0688994876284819
15,261,1,0.7676470588235295,0.5923374328289387,0.5782249569892883,0.01528447469017874,0.6962194365033728
15,262,1,0.7705882352941177,0.58901391723026,0.5689635276794434,0.008717345586133988,0.14349976843900308
15,263,1,0.7735294117647059,0.5736155792541441,0.5576956868171692,0.02206537446970372,0.29051701269233804
15,264,1,0.7764705882352941,0.5997903452266582,0.569530725479126,0.009232815331087774,0.18170045369905113
15,265,1,0.7794117647058824,0.5839842639534925,0.5725751519203186,0.013785500927285865,0.4553297742800328
15,266,1,0.7823529411764706,0.6117258824619914,0.5684077739715576,0.01863134955234627,0.5062134037853523
15,267,1,0.7852941176470588,0.6095110082938456,0.5613707304000854,0.013144622459041801,0.06716209953487079
15,268,1,0.788235294117647,0.6156216884298222,0.5767515301704407,0.00852480656580601,0.38880606874417395
15,269,1,0.7911764705882353,0.6339422866314249,0.5767273306846619,0.022238069353130496,0.9146774672529103
15,270,1,0.7941176470588235,0.6420827351449192,0.5743861198425293,0.017889012197141646,0.6716860243808009
15,271,1,0.7970588235294118,0.6620446210310459,0.5718923807144165,0.03026168491253639,1.065941943654979
15,272,1,0.8,0.6669932440372031,0.5686700344085693,0.0220769047343935,0.6470493169200363
15,273,1,0.8029411764705883,0.6786687472882613,0.5656602382659912,0.020909519083606554,0.5045557973248861
15,274,1,0.8058823529411765,0.6864860667277946,0.5777573585510254,0.01754522335893069,0.7678709111811209
15,275,1,0.8088235294117647,0.696664836026992,0.5888186693191528,0.016623159762409332,1.091370360559252
15,276,1,0.8117647058823529,0.699620458375808,0.5765697956085205,0.010923728362238764,0.47503962080862766
15,277,1,0.8147058823529412,0.6987925442489034,0.5985369086265564,0.005185217499283441,0.9674292156672692
15,278,1,0.8176470588235294,0.7001148993642698,0.5861135721206665,0.0033891945975435818,0.49534765312324336
15,279,1,0.8205882352941176,0.6972897350628879,0.5857816934585571,0.008001955934611862,0.6617317196677923
15,280,1,0.8235294117647058,0.6992494841606074,0.5934211611747742,0.0061984315958663865,0.8403487021693319
15,281,1,0.8264705882352941,0.6985986330313392,0.5804191827774048,0.00675653917133445,0.4399018583718138
15,282,1,0.8294117647058824,0.6944014655137087,0.5658277273178101,0.010905228884573844,0.125776533272495
15,283,1,0.8323529411764706,0.6988031383487896,0.5824020504951477,0.005977332705691838,0.47431548632275583
15,284,1,0.8352941176470589,0.6826169966239076,0.5561761260032654,0.0216396901332101,0.2248627860753415
15,285,1,0.8382352941176471,0.6807457226939506,0.5660479664802551,0.019352842178992163,0.4573525503962345
15,286,1,0.8411764705882353,0.6672717069622857,0.5666617155075073,0.02836363032630998,0.8233256342582966
15,287,1,0.8441176470588235,0.6633830518358902,0.5566810965538025,0.02546984581484968,0.3883445682663104
15,288,1,0.8470588235294118,0.6529304994099945,0.5582353472709656,0.02706737661252054,0.500129050179765
15,289,1,0.85,0.6453787274540925,0.5529217720031738,0.027197524264944206,0.3327154440266866
15,290,1,0.8529411764705882,0.6358677110796055,0.5474886298179626,0.02786679182946672,0.18212704867099144
15,291,1,0.8558823529411764,0.6448984190393573,0.5644328594207764,0.014201737580219474,0.20711875739625737
15,292,1,0.8588235294117647,0.6280374095922838,0.555480420589447,0.02322493614698512,0.26317015532587734
15,293,1,0.861764705882353,0.6334206853299571,0.5516988635063171,0.013011324525019517,-0.2517845166155387
15,294,1,0.8647058823529412,0.6506211451834562,0.5683097839355469,0.009606323253703197,0.15642856396078644
15,295,1,0.8676470588235294,0.6449813640933144,0.550086498260498,0.00851536732514313,-0.4767684685243387
15,296,1,0.8705882352941177,0.6625778081349971,0.552288293838501,0.016819150591737747,-0.08641979755347402
15,297,1,0.8735294117647059,0.662247719208231,0.5584227442741394,0.009317707791377668,-0.1754648132115404
15,298,1,0.8764705882352941,0.7066287540235612,0.5653970837593079,0.04502823837505501,1.4222943275926752
15,299,1,0.8794117647058823,0.6971207626003773,0.5519493818283081,0.027571041752138092,0.31550877724862647
15,300,1,0.8823529411764706,0.7546702189393697,0.5569042563438416,0.06603295145407156,1.953407914283545
15,301,1,0.8852941176470588,0.7582709764978269,0.570950448513031,0.046610606311435654,1.6632574941160723
15,302,1,0.888235294117647,0.8287877997170645,0.551498293876648,0.09312161520827425,2.818335938530991
15,303,1,0.8911764705882353,0.8818583667399268,0.5671840310096741,0.1156524208077607,4.192591493109136
15,304,1,0.8941176470588236,0.92779691709862,0.5565537214279175,0.11540657013156652,3.83822328748312
15,305,1,0.8970588235294118,0.9535536241604898,0.5398207902908325,0.09788160265362378,2.6222377259313863
15,306,1,0.9,0.9598876320594902,0.5477984547615051,0.05539494863695846,1.249396432947019
15,307,1,0.9029411764705882,0.9733564929211254,0.5305488109588623,0.03608885141298715,-0.05175925770840217
15,308,1,0.9058823529411765,0.9675301200715202,0.543610155582428,0.011599834741586214,-0.5684505187168689
15,309,1,0.9088235294117647,0.9656044691465647,0.5435678362846375,0.00530162194833042,-0.8117059609806685
15,310,1,0.9117647058823529,0.9652148426822166,0.5387266278266907,0.007873342360965038,-0.870024093644192
15,311,1,0.9147058823529411,0.9684904705004858,0.5379711389541626,0.006268629808810737,-0.9561666131244273
15,312,1,0.9176470588235294,0.9636531625519154,0.5445047616958618,0.009550319541787946,-0.6181342852978783
15,313,1,0.9205882352941176,0.9645710853326979,0.5413744449615479,0.007663157381104233,-0.7921813409526969
15,314,1,0.9235294117647059,0.9660191597800482,0.5422887802124023,0.005956736980287228,-0.8280484229861247
15,315,1,0.9264705882352942,0.971422448030081,0.548282265663147,0.0029857495823163707,-0.7476756639392842
15,316,1,0.9294117647058824,0.9677588195299218,0.5453280210494995,0.005151150887270276,-0.760371298773596
15,317,1,0.9323529411764706,0.9702285070145544,0.5550411343574524,0.0037078776471392827,-0.500634414597104
15,318,1,0.9352941176470588,0.9655358942370106,0.5347517728805542,0.00981484584514727,-0.9244346964862704
15,319,1,0.9382352941176471,0.9680157682613856,0.5407724976539612,0.007214155435012885,-0.8289568690180789
15,320,1,0.9411764705882353,0.9655016640539699,0.5374272465705872,0.00887658970025473,-0.8736560662404871
15,321,1,0.9441176470588235,0.9665027465040574,0.5311689376831055,0.007311218381179177,-1.136840111734832
15,322,1,0.9470588235294117,0.967898888188195,0.5492496490478516,0.00498363656941733,-0.639557881572535
15,323,1,0.95,0.9667628168813841,0.530682384967804,0.006710456364024367,-1.175699712409794
15,324,1,0.9529411764705882,0.9705833370872143,0.5569918155670166,0.003188257117407582,-0.45729578218589895
15,325,1,0.9558823529411765,0.9717107055424375,0.5437598824501038,0.0027197481162816706,-0.9046311841922963
15,326,1,0.9588235294117647,0.9752295485031266,0.5395018458366394,0.0013008770115982278,-1.097285187602938
15,327,1,0.961764705882353,0.9744327021944018,0.5478991270065308,0.0031324063026453275,-0.7544751945241375
15,328,1,0.9647058823529412,0.9777340125838059,0.5358920097351074,0.0021005211374964233,-1.1837048681525646
15,329,1,0.9676470588235294,0.9783705936914561,0.5494862198829651,0.0028996550079933825,-0.7119168858745949
15,330,1,0.9705882352941176,0.9796613134581289,0.5525945425033569,0.003273907278575181,-0.596686649614775
15,331,1,0.9735294117647059,0.9815341697528072,0.5616256594657898,0.002508992222647497,-0.33302651661261584
15,332,1,0.9764705882352941,0.9823635230268204,0.5556886792182922,0.003455005838235601,-0.48933476036872053
15,333,0,0.9794117647058823,0.982473122765438,0.5596534609794617,0.004502783710371659,-0.3204479280328503
15,334,0,0.9823529411764705,0.9820116332895186,0.5553659796714783,0.005989905454786529,-0.4024529453875472
15,335,0,0.9852941176470589,0.9829278336490188,0.566399335861206,0.005661285053133706,-0.057069418601608524
15,336,0,0.9882352941176471,0.9824967305718701,0.5668723583221436,0.006440804104335283,-0.011783692412551394
15,337,0,0.9911764705882353,0.9831726795112511,0.5486199259757996,0.005798157051216777,-0.6287091981875639
15,338,0,0.9941176470588236,0.9830792332875417,0.546093225479126,0.006066492461379495,-0.700388764037739
15,339,0,0.9970588235294118,0.9871460806171358,0.5365980863571167,0.003001267497386882,-1.1262014072834898
24,15,0,0.04076086956521739,0.053899223668446856,0.5346426963806152,nan,nan
24,16,0,0.043478260869565216,0.05322935460646157,0.517706036567688,nan,nan
24,17,0,0.04619565217391304,0.055070552296253475,0.5199285745620728,nan,nan
24,18,0,0.04891304347826087,0.05466252060670492,0.5156915187835693,nan,nan
24,19,1,0.051630434782608696,0.05703660269925034,0.524772047996521,0.003672316588722855,-1.4841544986031794
24,20,1,0.05434782608695652,0.05600986281693011,0.5282109379768372,0.005483401228743979,-1.3030167813108346
24,21,1,0.057065217391304345,0.05744015392619021,0.5197108387947083,0.004748237172100987,-1.6070571485842349
24,22,1,0.059782608695652176,0.056104214456652646,0.5154035687446594,0.006676577049122748,-1.6727593177147608
24,23,1,0.0625,0.057059618369770665,0.5243579745292664,0.006081596598491652,-1.4050619429978604
24,24,1,0.06521739130434782,0.05608934324986564,0.5258904695510864,0.007057625636026768,-1.3178520962655436
24,25,1,0.06793478260869565,0.05620242080699066,0.5117025375366211,0.006964418187135652,-1.7817937932065822
24,26,1,0.07065217391304347,0.05483859900719739,0.5330870151519775,0.008018806707129008,-1.047428542779719
24,27,1,0.07336956521739131,0.055709699409687764,0.5281573534011841,0.006831302442274809,-1.2529894401273298
24,28,1,0.07608695652173914,0.055767165339122876,0.5228272080421448,0.006436356772818963,-1.4411068645824805
24,29,1,0.07880434782608696,0.05869710913177342,0.528804361820221,0.003592139100106721,-1.3563954467388109
24,30,1,0.08152173913043478,0.05964987534016569,0.5310783386230469,0.0030967743752861854,-1.3016351579686232
24,31,1,0.08423913043478261,0.06312372558877406,0.5292152762413025,0.0012639670355227822,-1.43247556204886
24,32,1,0.08695652173913043,0.06576812827070602,0.5398244261741638,0.0005200709828917507,-1.1168050659464421
24,33,1,0.08967391304347826,0.07055996768521149,0.5379118323326111,0.002256751608850196,-1.1121667784862903
24,34,1,0.09239130434782608,0.0739710091044774,0.5495784282684326,0.002702078389756587,-0.7165128718659989
24,35,1,0.09510869565217392,0.07859161584981703,0.54682457447052,0.0037424016940182958,-0.765914855991936
24,36,1,0.09782608695652174,0.08414223452038774,0.5662047266960144,0.005426047799328262,-0.07241825315381928
24,37,1,0.10054347826086957,0.08908828823903789,0.5861580967903137,0.005778574955557949,0.5885562999632171
24,38,1,0.10326086956521739,0.09213256362174305,0.5793920755386353,0.0041907701998065445,0.3080367338787165
24,39,1,0.10597826086956522,0.09700800953067046,0.5697281956672668,0.004525827479417545,0.007336415532759932
24,40,1,0.10869565217391304,0.09999594723641651,0.536212682723999,0.0029096667649502216,-1.1422246863571144
24,41,1,0.11141304347826086,0.10159904430741336,0.5218542218208313,0.001348373629173922,-1.6680813064448907
24,42,1,0.11413043478260869,0.10667592452876201,0.5211796164512634,0.002498526861194674,-1.6457989934772197
24,43,1,0.11684782608695653,0.10496829421954344,0.510281503200531,0.00284494367477865,-1.9861107635278326
24,44,1,0.11956521739130435,0.11296396363824783,0.5316567420959473,0.0031606545717075296,-1.2804141328296974
24,45,1,0.12228260869565218,0.10929790243676309,0.5179227590560913,0.0037474107302350435,-1.7035124071477603
24,46,1,0.125,0.11254240878302449,0.5213587880134583,0.0027511707907404963,-1.6302825678242747
24,47,1,0.12771739130434784,0.11350150407336004,0.5235021114349365,0.0029351446895411726,-1.5536717087697478
24,48,1,0.13043478260869565,0.11476695487173758,0.5314058661460876,0.0038029963546177526,-1.2638853374306858
24,49,1,0.1331521739130435,0.11330039483766093,0.5325376391410828,0.005720304197066856,-1.1535281677608618
24,50,1,0.1358695652173913,0.11258528779054401,0.5237070322036743,0.00743603434440823,-1.3741662966568775
24,51,1,0.13858695652173914,0.11623728430824143,0.5319080948829651,0.0043220545387381275,-1.2276549182607712
24,52,1,0.14130434782608695,0.1132048978034321,0.5437766313552856,0.007511089142120367,-0.720076708859315
24,53,1,0.14402173913043478,0.11674533265170281,0.5435936450958252,0.004051656152207343,-0.8588733538197465
24,54,1,0.14673913043478262,0.11484303067836443,0.5436923503875732,0.0063436764536221575,-0.767645788609781
24,55,1,0.14945652173913043,0.11562466974836545,0.5348578095436096,0.006126473105576219,-1.0626456977572065
24,56,1,0.15217391304347827,0.11597176834879289,0.5398206114768982,0.005626220865179815,-0.9208276213766479
24,57,1,0.15489130434782608,0.11318022192655226,0.5324609875679016,0.009109484923760621,-1.0258541375856411
24,58,1,0.15760869565217392,0.11657154706729628,0.5527204275131226,0.005223843373399704,-0.5177148849693236
24,59,1,0.16032608695652173,0.11749524721750648,0.5507586002349854,0.0043353110487517315,-0.615495161047175
24,60,1,0.16304347826086957,0.11604479818610079,0.5390262603759766,0.006253404447442668,-0.9225153526724444
24,61,1,0.16576086956521738,0.11523530479626314,0.5424600839614868,0.007081155296607297,-0.779306871707255
24,62,1,0.16847826086956522,0.11507122581955495,0.5337471961975098,0.007759004990743207,-1.0359850191726299
24,63,1,0.17119565217391305,0.1153267644670101,0.5341757535934448,0.007128386031352724,-1.0462982925328401
24,64,1,0.17391304347826086,0.12318449466193487,0.5338892936706543,0.002896421808084277,-1.2181213847210235
24,65,1,0.1766304347826087,0.12817490107485685,0.5228469967842102,0.004476947145159618,-1.5157157190665729
24,66,1,0.1793478260869565,0.13020020754952707,0.5421459078788757,0.0035534026115475754,-0.9249841022655281
24,67,1,0.18206521739130435,0.12756087554749093,0.5239668488502502,0.004076473229783022,-1.4947595505884717
24,68,1,0.18478260869565216,0.13583760989063776,0.5329648852348328,0.0021287331768922455,-1.2775990840612126
24,69,1,0.1875,0.13620515854546547,0.5505545139312744,0.002456485365253862,-0.6942733686108523
24,70,1,0.19021739130434784,0.14484047860151178,0.5438805818557739,0.005896009224724999,-0.7787307785336972
24,71,1,0.19293478260869565,0.1505946987710471,0.5341882705688477,0.007990161631264123,-1.0127957352037784
24,72,1,0.1956521739130435,0.15182393328325475,0.546144962310791,0.004145024380180192,-0.7725038431598101
24,73,1,0.1983695652173913,0.1543504790674226,0.5485237240791321,0.0027458461294285483,-0.7490544267487149
24,74,1,0.20108695652173914,0.15503943880682008,0.5464683175086975,0.0018564651174954572,-0.8499037050604464
24,75,1,0.20380434782608695,0.15714771969529853,0.5391587018966675,0.002297924280344086,-1.0701278203643003
24,76,1,0.20652173913043478,0.16055362299682988,0.5456483960151672,0.0010942160595422959,-0.9057821642901621
24,77,1,0.20923913043478262,0.1614091793045968,0.5509739518165588,0.0018571423305024626,-0.7036813977054616
24,78,1,0.21195652173913043,0.16413871545161796,0.5531217455863953,0.0009583480175841246,-0.6685091019639148
24,79,1,0.21467391304347827,0.16837917189282248,0.5612366795539856,0.0010733560372301909,-0.40078339608135516
24,80,1,0.21739130434782608,0.17277665936786055,0.5633636116981506,0.0026629804628872955,-0.27072051140061126
24,81,1,0.22010869565217392,0.17480261387497853,0.5556247234344482,0.0019188999223898901,-0.5504039697911134
24,82,1,0.22282608695652173,0.19533469785570393,0.5746939778327942,0.018816901215377546,0.7173107213977663
24,83,1,0.22554347826086957,0.19188450922720904,0.5448002815246582,0.01059151259880989,-0.5685584987328963
24,84,1,0.22826086956521738,0.20203637386265094,0.558046281337738,0.011843247287706447,-0.0906869571560616
24,85,1,0.23097826086956522,0.20218882274598918,0.5570529103279114,0.006372285855340526,-0.3330310795608758
24,86,1,0.23369565217391305,0.22649786114505605,0.563642144203186,0.022143253728661272,0.4864552780372583
24,87,1,0.23641304347826086,0.22716006395807548,0.5497358441352844,0.015982265611534263,-0.20138074779085408
24,88,1,0.2391304347826087,0.2568111710431441,0.5577957034111023,0.03584688412169473,0.8230399196288609
24,89,1,0.2418478260869565,0.2754906552770394,0.5515031218528748,0.04083266906046676,0.8103403738393743
24,90,1,0.24456521739130435,0.2661562594357314,0.5515488386154175,0.019138714305751425,-0.021330593137971587
24,91,1,0.24728260869565216,0.28460276590812217,0.5564618110656738,0.021704721986118086,0.23663007740353495
24,92,1,0.25,0.27009611513040693,0.5648062229156494,0.008610271127935082,0.004493686556857973
24,93,1,0.25271739130434784,0.28395690293089015,0.5563302636146545,0.0072589629534571265,-0.3224263621666083
24,94,1,0.2554347826086957,0.28933713440335207,0.5536683797836304,0.008169536707046843,-0.37382717599679816
24,95,1,0.25815217391304346,0.3095892335276668,0.5539413690567017,0.021097497440967478,0.13152778302234625
24,96,1,0.2608695652173913,0.3212366481408776,0.5736926198005676,0.02649829514929211,0.9798224519547916
24,97,1,0.26358695652173914,0.3489216783717491,0.556581437587738,0.041398192127545946,0.996837581102081
24,98,1,0.266304347826087,0.32273086076820084,0.5580812096595764,0.015210587047999352,0.039768754644802125
24,99,1,0.26902173913043476,0.33289694266446235,0.5591591596603394,0.011393601419878205,-0.0718455131608575
24,100,1,0.2717391304347826,0.3050724857378925,0.5635288953781128,0.03286755324193649,0.8946463908101213
24,101,1,0.27445652173913043,0.3039830088792491,0.5523647665977478,0.029915989499833567,0.41904445458289014
24,102,1,0.27717391304347827,0.2737405764361418,0.5644590854644775,0.04892375456981589,1.5414656292532132
24,103,1,0.2798913043478261,0.29099708939672747,0.5507844686508179,0.02674922570780701,0.2461485563458462
24,104,1,0.2826086956521739,0.28352228144589153,0.553895890712738,0.018712965067589946,0.03847437830113615
24,105,1,0.28532608695652173,0.2854215189047903,0.5454917550086975,0.011077093966439036,-0.5274732460683815
24,106,1,0.28804347826086957,0.2747718791612532,0.5397402048110962,0.01514199387814108,-0.5579842149167562
24,107,1,0.2907608695652174,0.2671892521327575,0.5364010334014893,0.022982446587914596,-0.3652199059318274
24,108,1,0.29347826086956524,0.2683862126855042,0.5510150790214539,0.01583352671917541,-0.16558515415399216
24,109,1,0.296195652173913,0.2610805354651367,0.547704815864563,0.019355186749446085,-0.13774568635468284
24,110,1,0.29891304347826086,0.2757454463465232,0.554212212562561,0.0061029915940240265,-0.4355466715852885
24,111,1,0.3016304347826087,0.26797202124757097,0.5535684823989868,0.00747018719723047,-0.4039270447010118
24,112,1,0.30434782608695654,0.27199341284518513,0.5533252358436584,0.005068476878531222,-0.5040572390299266
24,113,1,0.3070652173913043,0.2760132622759901,0.5474974513053894,0.004084097737750093,-0.7309589197615749
24,114,1,0.30978260869565216,0.27937243916008875,0.5424467325210571,0.0033292057757873255,-0.9238333718080161
24,115,1,0.3125,0.28293483054752694,0.5604579448699951,0.002603540171811721,-0.3672847605579089
24,116,1,0.31521739130434784,0.2916778619859043,0.5478544235229492,0.007605869285200048,-0.584122769226374
24,117,1,0.3179347826086957,0.29849829604319456,0.5556290745735168,0.009505191057310545,-0.2589119655437971
24,118,1,0.32065217391304346,0.31457821001535025,0.5605113506317139,0.01996384658766512,0.30116910835352106
24,119,1,0.3233695652173913,0.3186506815302242,0.553695797920227,0.015234875388723677,-0.10159383830684109
24,120,1,0.32608695652173914,0.3240982030328516,0.5471411347389221,0.011753434145676787,-0.4479803131090685
24,121,1,0.328804347826087,0.33746476570903694,0.5608959197998047,0.0170149115601253,0.20039381190423103
24,122,1,0.33152173913043476,0.34200129445706173,0.5408411026000977,0.011809822891689501,-0.6502346235290023
24,123,1,0.3342391304347826,0.3520977899315346,0.5347532033920288,0.015050547255734518,-0.7233116436611496
24,124,1,0.33695652173913043,0.35055911886456853,0.5691814422607422,0.0072181359206251895,0.09299352792671345
24,125,1,0.33967391304347827,0.36074898870213,0.5617427825927734,0.008724739968073079,-0.09051094424643417
24,126,1,0.3423913043478261,0.3734376831146145,0.5556409358978271,0.015592378632284298,-0.02474921085974697
24,127,1,0.3451086956521739,0.37519051931919445,0.555050790309906,0.009908400868887364,-0.2621905733797451
24,128,1,0.34782608695652173,0.3972671796312156,0.5541195273399353,0.025789595637582208,0.31750816764334167
24,129,1,0.35054347826086957,0.3900980795875093,0.5514505505561829,0.011826731722768631,-0.30533581498626966
24,130,1,0.3532608695652174,0.4103050102173567,0.5442001223564148,0.019813138310716738,-0.233876430771001
24,131,1,0.35597826086956524,0.40950604707352317,0.5513824224472046,0.011495526261815743,-0.320266313316089
24,132,1,0.358695652173913,0.41676121871277744,0.5428838729858398,0.008473633091869746,-0.7120780196940512
24,133,1,0.36141304347826086,0.4089860206953977,0.535825788974762,0.008424240055039459,-0.9429917125341822
24,134,1,0.3641304347826087,0.41665181750270264,0.5567104816436768,0.0037654602705187844,-0.4442569132070271
24,135,1,0.36684782608695654,0.3851350648003588,0.540368914604187,0.03433471768924792,0.1995106204304603
24,136,1,0.3695652173913043,0.3962316553994578,0.5481199622154236,0.021394975522706014,-0.045937347746319135
24,137,1,0.37228260869565216,0.37378011384336685,0.5440877676010132,0.03446453224961889,0.3251633964483283
24,138,1,0.375,0.372146238481448,0.5627529621124268,0.02729693089853001,0.6555300983484516
24,139,1,0.37771739130434784,0.35589381280438664,0.5543062686920166,0.03242296182027772,0.5783212712873798
24,140,1,0.3804347826086957,0.3505985575128905,0.5602931380271912,0.03040790411278084,0.6951917471241409
24,141,1,0.38315217391304346,0.32396687392397133,0.5477686524391174,0.04563131323005816,0.8734578942592975
24,142,1,0.3858695652173913,0.2958104893373727,0.5691741108894348,0.06133438783680792,2.1710853756637833
24,143,1,0.38858695652173914,0.2630639016211632,0.5489649772644043,0.07499703826699856,2.040063570985783
24,144,1,0.391304347826087,0.2415560907019734,0.5748060941696167,0.07329737139038253,2.8132661105801056
24,145,1,0.39402173913043476,0.24841670934531332,0.5720387697219849,0.04130774406728202,1.494914789195545
24,146,1,0.3967391304347826,0.24567223094657664,0.5591557621955872,0.023033073298385512,0.3750571064743483
24,147,1,0.39945652173913043,0.21655506004937516,0.5607226490974426,0.03961567959788796,1.0627520617113035
24,148,1,0.40217391304347827,0.23524681635679273,0.5749751329421997,0.017343889752530886,0.6698626137194093
24,149,1,0.4048913043478261,0.21217599212865923,0.5626608729362488,0.030790218539361744,0.7867014343930769
24,150,1,0.4076086956521739,0.24090719279014622,0.5747063755989075,0.01457848569930921,0.5549370348379692
24,151,1,0.41032608695652173,0.21713866122564077,0.5767318606376648,0.015576110599109044,0.6589725327114088
24,152,1,0.41304347826086957,0.2167979797514522,0.5827914476394653,0.016062692367364018,0.8742777471718556
24,153,1,0.4157608695652174,0.2234756650216257,0.5822923183441162,0.007839069834508744,0.5422548040044124
24,154,1,0.41847826086956524,0.21828222467711195,0.5752783417701721,0.012791156513610761,0.5048536580994307
24,155,1,0.421195652173913,0.22845644293629203,0.5651789307594299,0.0031463174138972884,-0.193255543369333
24,156,1,0.42391304347826086,0.2607410600476749,0.5566480159759521,0.03249447545754791,0.6570514506079556
24,157,1,0.4266304347826087,0.25036538722205703,0.5694961547851562,0.01761957026938464,0.5026712836542604
24,158,1,0.42934782608695654,0.3049180940570201,0.5650609731674194,0.05896330884272963,1.9465635129741337
24,159,1,0.4320652173913043,0.31903070339572376,0.5576335191726685,0.051416950836456254,1.4157444520718434
24,160,1,0.43478260869565216,0.3499487476991141,0.5609170794487,0.05969143002498864,1.8400681977682405
24,161,1,0.4375,0.3638135437344393,0.5518667697906494,0.05125430414745408,1.2223817659718321
24,162,1,0.44021739130434784,0.3545576006811252,0.5580651760101318,0.019855970897799807,0.21765404793390347
24,163,1,0.4429347826086957,0.3908377139527054,0.5530050992965698,0.03750655858159832,0.731336726516884
24,164,1,0.44565217391304346,0.40382201178723537,0.553656280040741,0.032539103776882905,0.5616912247759407
24,165,1,0.4483695652173913,0.41719632061094264,0.552838146686554,0.03244509657855987,0.5315345539205015
24,166,1,0.45108695652173914,0.38522146712603966,0.5485565066337585,0.02301257915312102,0.030351321367992623
24,167,1,0.453804347826087,0.3465319472301292,0.5609803199768066,0.05923093763260806,1.8244350225730597
24,168,1,0.45652173913043476,0.3685654125457818,0.5532692074775696,0.03583906199543643,0.6758663061822916
24,169,1,0.4592391304347826,0.32553323476824775,0.5630933046340942,0.06033905860348207,1.9355532506303161
24,170,1,0.46195652173913043,0.3418871398902293,0.5678462982177734,0.02794763328311628,0.8457859821220388
24,171,1,0.46467391304347827,0.3209288943631918,0.5658110976219177,0.031194045738911727,0.9044271078602069
24,172,1,0.4673913043478261,0.3409819995950926,0.5657545924186707,0.017296307124844187,0.3688522714486928
24,173,1,0.4701086956521739,0.36695956087449527,0.5660154223442078,0.02813323722679842,0.7935068495649862
24,174,1,0.47282608695652173,0.3781488428769448,0.5470951795578003,0.028965937702686045,0.21157319221861526
24,175,1,0.47554347826086957,0.37777084961621366,0.5512402057647705,0.02101021662434295,0.0405299372437663
24,176,1,0.4782608695652174,0.3786394346214368,0.5525397062301636,0.009397130408490023,-0.3633041190171916
24,177,1,0.48097826086956524,0.4175691337703223,0.5581351518630981,0.03569595527954317,0.8282577444689466
24,178,1,0.483695652173913,0.4175918061846172,0.5519700050354004,0.024353599561435207,0.19261237287607808
24,179,1,0.48641304347826086,0.45447624367452505,0.5724180936813354,0.05008993113287105,1.8445019759744579
24,180,1,0.4891304347826087,0.4436920733484421,0.5708792805671692,0.026820198753953015,0.9008994745179912
24,181,1,0.49184782608695654,0.46739390050070306,0.5659279823303223,0.02756807976271991,0.7689648239608298
24,182,1,0.4945652173913043,0.47484530872942016,0.5615808367729187,0.022563296308841796,0.4357028258687663
24,183,1,0.49728260869565216,0.4816617201011805,0.5718339085578918,0.015066332044401446,0.4804685272594606
24,184,1,0.5,0.502422025602479,0.5560473799705505,0.029030268439035972,0.5045197944238992
24,185,1,0.5027173913043478,0.5006393056578743,0.5589404702186584,0.014755121701925777,0.05015745493225574
24,186,1,0.5054347826086957,0.5213994924790155,0.5630402565002441,0.02501389596277051,0.5771723167476424
24,187,1,0.5081521739130435,0.5397002132982893,0.5476669073104858,0.03167607084464549,0.33420671097393034
24,188,1,0.5108695652173914,0.5121683395867568,0.5566020607948303,0.012233839234501581,-0.12254756844294445
24,189,1,0.5135869565217391,0.5009297182403538,0.5522359609603882,0.024040626008636656,0.18922224098117038
24,190,1,0.5163043478260869,0.5116925851282641,0.5655716061592102,0.017433094411600097,0.3681681390710505
24,191,1,0.5190217391304348,0.5153559042159976,0.5728909969329834,0.012408964976509645,0.4127123984225445
24,192,1,0.5217391304347826,0.4550667421394654,0.5606135129928589,0.06146340114688417,1.898270633136759
24,193,1,0.5244565217391305,0.45160912441772166,0.5544145107269287,0.05064561950680507,1.2816729589887754
24,194,1,0.5271739130434783,0.4136557637095745,0.5587122440338135,0.07626883175929418,2.4051805384284295
24,195,1,0.529891304347826,0.4192177644521269,0.5510451197624207,0.04767992473464429,1.058447609753075
24,196,1,0.532608695652174,0.39061753326837423,0.5561836361885071,0.050763321904854386,1.3435969012182427
24,197,1,0.5353260869565217,0.3868716588486892,0.5501120686531067,0.03839689410676664,0.6716585430279267
24,198,1,0.5380434782608695,0.3765238508477615,0.5431453585624695,0.03256033571543618,0.2214541410026456
24,199,1,0.5407608695652174,0.3576035012404925,0.561836838722229,0.042197707107251944,1.1980671943698906
24,200,1,0.5434782608695652,0.3436236197908802,0.5564496517181396,0.04077402275395567,0.9685902989870374
24,201,1,0.5461956521739131,0.33267415265068656,0.5641590356826782,0.03997501152477578,1.1880541193577212
24,202,1,0.5489130434782609,0.33273021576081785,0.5479098558425903,0.02636957186514384,0.13829415831881153
24,203,1,0.5516304347826086,0.3263505040959294,0.5478795170783997,0.021800874758296354,-0.038150653694244085
24,204,1,0.5543478260869565,0.31132457663865026,0.5414117574691772,0.029013552929434736,0.02898935322205598
24,205,1,0.5570652173913043,0.3097014460554454,0.5417616963386536,0.0225619227245821,-0.20743029741498387
24,206,1,0.5597826086956522,0.32093722123578056,0.545766294002533,0.012111076888065495,-0.47885513848177347
24,207,1,0.5625,0.3190544594070796,0.5484029650688171,0.006596588171292798,-0.605085349673663
24,208,1,0.5652173913043478,0.32112841566649186,0.5493331551551819,0.0024368975706728904,-0.7346556017356884
24,209,1,0.5679347826086957,0.3277697662398796,0.5551648736000061,0.004050705549228124,-0.4834531185504325
24,210,1,0.5706521739130435,0.3342074971517753,0.5639742016792297,0.005491525020960899,-0.14227843315547814
24,211,1,0.5733695652173914,0.3539501524470189,0.5588346123695374,0.021916611337205794,0.321758996693153
24,212,1,0.5760869565217391,0.35852553574686447,0.5629444122314453,0.017768071377066597,0.29578718151018557
24,213,1,0.5788043478260869,0.3758775203066471,0.566012978553772,0.02577077591675611,0.7026974431186803
24,214,1,0.5815217391304348,0.38323913165486573,0.5593536496162415,0.021105448748282796,0.30744780119727366
24,215,1,0.5842391304347826,0.3896685102289887,0.574180006980896,0.015276918696633144,0.5646809763924112
24,216,1,0.5869565217391305,0.4081723657017004,0.5607879161834717,0.02485118472385242,0.49784072903815896
24,217,1,0.5896739130434783,0.39449117701717523,0.5725272297859192,0.007083653394891478,0.19639097887272655
24,218,1,0.592391304347826,0.41973897637147123,0.5670977830886841,0.01935267372728222,0.49140994247969483
24,219,1,0.595108695652174,0.4269363682456223,0.5527806282043457,0.017425104422281956,-0.04717320599824443
24,220,1,0.5978260869565217,0.43347423070193264,0.5568458437919617,0.014646002374433868,-0.021998528302214382
24,221,1,0.6005434782608695,0.4405624491368993,0.5783651471138,0.015408754559342432,0.70554120423249
24,222,1,0.6032608695652174,0.4479416653019863,0.5816022753715515,0.011270152694498468,0.6516351011439212
24,223,1,0.6059782608695652,0.4468165619974461,0.5845575928688049,0.004955630108300886,0.5050189229377884
24,224,1,0.6086956521739131,0.45023759961824344,0.5764076113700867,0.0029948017794448624,0.16526745332662368
24,225,1,0.6114130434782609,0.45717909921889843,0.5790824890136719,0.004296023711748117,0.30203369522382656
24,226,1,0.6141304347826086,0.4707651515977695,0.5742040276527405,0.013727913570119432,0.5059709847287079
24,227,1,0.6168478260869565,0.45257964147666757,0.5763537287712097,0.010163468124928313,0.4388310798059427
24,228,1,0.6195652173913043,0.43927993686445616,0.5680098533630371,0.024903942606945076,0.7342002643529308
24,229,1,0.6222826086956522,0.42655291997723865,0.5581546425819397,0.034891543805715755,0.7979968189236588
24,230,1,0.625,0.4320854791232558,0.5515002012252808,0.023170018123590944,0.13191310446437432
24,231,1,0.6277173913043478,0.4156184921267115,0.5499851703643799,0.028499508727199557,0.2874328332609565
24,232,1,0.6304347826086957,0.40930088977370677,0.5520153045654297,0.02557682374271525,0.24106004006780898
24,233,1,0.6331521739130435,0.37414425854104866,0.5710715055465698,0.05323869320268601,1.921736559064866
24,234,1,0.6358695652173914,0.3621250698347396,0.5487799644470215,0.05215571654994759,1.1568414959838402
24,235,1,0.6385869565217391,0.3579297420042306,0.5555305480957031,0.038860942058327505,0.8652960492209891
24,236,1,0.6413043478260869,0.324577107974343,0.558585524559021,0.05779138855759487,1.6914442905716756
24,237,1,0.6440217391304348,0.3237529424380179,0.563720166683197,0.037434608644079076,1.07625000227462
24,238,1,0.6467391304347826,0.29486389743214403,0.5901877284049988,0.05372582462419524,2.560717292003816
24,239,1,0.6494565217391305,0.307213524202181,0.5937901139259338,0.029437016839826552,1.7447960267561364
24,240,1,0.6521739130434783,0.2682185307117203,0.5811594724655151,0.05087684379345768,2.158358649095484
24,241,1,0.654891304347826,0.2873858132212441,0.5879220366477966,0.02590485692433879,1.418739660878656
24,242,1,0.657608695652174,0.25040582913429604,0.5733152627944946,0.04550811875103282,1.6976487292563347
24,243,1,0.6603260869565217,0.2818647428655853,0.5760379433631897,0.020292445693053482,0.8175871137995716
24,244,1,0.6630434782608695,0.28514704314347555,0.5705141425132751,0.011700296601745805,0.3083732126865246
24,245,1,0.6657608695652174,0.2931866071421906,0.5770224332809448,0.012786651791865805,0.5612719593924383
24,246,1,0.6684782608695652,0.3040817385552222,0.5780235528945923,0.019937176490328834,0.8683709786022766
24,247,1,0.6711956521739131,0.27818603126493485,0.5782463550567627,0.019377508155190057,0.8541063269014801
24,248,1,0.6739130434782609,0.30750675502902836,0.5686753392219543,0.011747787869565596,0.25053265096458865
24,249,1,0.6766304347826086,0.310713760249735,0.5679830312728882,0.009060063807232038,0.12484723218159258
24,250,1,0.6793478260869565,0.3666154753709807,0.5636154413223267,0.05999989760274413,1.9394698021345689
24,251,1,0.6820652173913043,0.3526621272973284,0.5717806816101074,0.038688490660679614,1.3859483018490315
24,252,1,0.6847826086956522,0.41882854661714625,0.5532213449478149,0.07796051063687165,2.2919836929681576
24,253,1,0.6875,0.44000712847098244,0.5581245422363281,0.07130864459367833,2.195615582717724
24,254,1,0.6902173913043478,0.452782656660486,0.553144097328186,0.05176083072787008,1.2832808819017096
24,255,1,0.6929347826086957,0.4616817325927979,0.5581874251365662,0.0391181113378056,0.9613814704847917
24,256,1,0.6956521739130435,0.4851764477103378,0.5678418874740601,0.035357925131478174,1.1302344491132383
24,257,1,0.6983695652173914,0.49693136963498247,0.5598898530006409,0.030525871782824954,0.6866367180424174
24,258,1,0.7010869565217391,0.49707119859854365,0.5510016083717346,0.017663427272306825,-0.09574507797332488
24,259,1,0.7038043478260869,0.5058537266573102,0.5570327639579773,0.014145033029638295,-0.03517312953742212
24,260,1,0.7065217391304348,0.4944421407550571,0.5506377816200256,0.008309551388742939,-0.4667850770851468
24,261,1,0.7092391304347826,0.510665602921459,0.5616803765296936,0.005788951981807345,-0.20528453178478653
24,262,1,0.7119565217391305,0.4948457323838397,0.561627984046936,0.013655941342759284,0.09514647703165664
24,263,1,0.7146739130434783,0.4921399068978676,0.563406765460968,0.015805400275055434,0.23541315507135382
24,264,1,0.717391304347826,0.5095858793625023,0.5631135106086731,0.009504992805022205,-0.016068789913376014
24,265,1,0.720108695652174,0.510305568667843,0.5653986930847168,0.008316460750563498,0.012434066028286811
24,266,1,0.7228260869565217,0.5128524644597565,0.5615338087081909,0.005629049589756908,-0.21618131920555664
24,267,1,0.7255434782608695,0.48216448938947487,0.5656537413597107,0.03054997195102399,0.8745857047437495
24,268,1,0.7282608695652174,0.5120494744719197,0.567934513092041,0.011814923734002086,0.22907308629984716
24,269,1,0.7309782608695652,0.5114825247643474,0.5675525069236755,0.011415596066441297,0.20134182131006925
24,270,1,0.7336956521739131,0.5261697297959462,0.5679718255996704,0.0150389850310651,0.3541035624796911
24,271,1,0.7364130434782609,0.540585126950556,0.5687095522880554,0.026125065851627494,0.8038008303975293
24,272,1,0.7391304347826086,0.5477070023611739,0.5739611387252808,0.018641781871975016,0.6868065259439816
24,273,1,0.7418478260869565,0.5631893267113364,0.5679042935371399,0.025209724249823984,0.7425186344096654
24,274,1,0.7445652173913043,0.5659204588143076,0.5630137324333191,0.015014155866048016,0.1922725699229469
24,275,1,0.7472826086956522,0.5713059388946711,0.5682124495506287,0.0104619536918211,0.18613072148274426
24,276,1,0.75,0.5858263084702007,0.5732511878013611,0.017302120281321942,0.6123208543859802
24,277,1,0.7527173913043478,0.5813840210526008,0.5707342028617859,0.006849851343966597,0.12923269876283805
24,278,1,0.7554347826086957,0.6053029986186624,0.5534313917160034,0.022700310317210898,0.17653620654444785
24,279,1,0.7581521739130435,0.6048972279100395,0.5693172812461853,0.013950491310512042,0.35595665157859946
24,280,1,0.7608695652173914,0.6231839061347753,0.5773353576660156,0.022337760628392905,0.9382350206313931
24,281,1,0.7635869565217391,0.6035376539564674,0.5705382227897644,0.0125299022231867,0.3410154844375586
24,282,1,0.7663043478260869,0.5883505166666794,0.5706454515457153,0.027373436481813285,0.9145593659757989
24,283,1,0.7690217391304348,0.6162481530316255,0.5738083124160767,0.01212630081880739,0.4316212462958775
24,284,1,0.7717391304347826,0.595057774321421,0.5614791512489319,0.020022015849440578,0.3348057460592742
24,285,1,0.7744565217391305,0.5951092916070533,0.5601601004600525,0.012182739380501543,-0.009060774986502262
24,286,1,0.7771739130434783,0.5810458769815557,0.5700737237930298,0.02413906341864555,0.7717924607357868
24,287,1,0.779891304347826,0.5598813482535168,0.5566977858543396,0.04347743222540362,1.0804658113194303
24,288,1,0.782608695652174,0.553138826361296,0.5615083575248718,0.03612825292309724,0.9543119846005853
24,289,1,0.7853260869565217,0.5455537634698203,0.5635893940925598,0.033233578824541615,0.9106665984228594
24,290,1,0.7880434782608695,0.5089419790768599,0.5621494650840759,0.0574564811831938,1.7942229498202678
24,291,1,0.7907608695652174,0.46521294635387644,0.5610435009002686,0.08315953943000329,2.745460857079329
24,292,1,0.7934782608695652,0.45153488525283253,0.5688112378120422,0.07317050005613712,2.613875886312827
24,293,1,0.7961956521739131,0.4156912618750526,0.5518730282783508,0.08361313815680117,2.4653229143714017
24,294,1,0.7989130434782609,0.4355050999988279,0.5552906394004822,0.039941892397520315,0.899025425661784
24,295,1,0.8016304347826086,0.4224719897329367,0.5488833785057068,0.026800526462256613,0.18643324865768152
24,296,1,0.8043478260869565,0.4087293489560157,0.5645929574966431,0.029064966752403235,0.7831344943860209
24,297,1,0.8070652173913043,0.4145717587978882,0.5489553213119507,0.014143676458561488,-0.2973175644678813
24,298,1,0.8097826086956522,0.4077056114381865,0.5417385697364807,0.01910744442673712,-0.3408496212324469
24,299,1,0.8125,0.41947963176729725,0.5517001152038574,0.0064508983328570016,-0.5036964733526736
24,300,1,0.8152173913043478,0.4092574205027297,0.5548848509788513,0.009857673730623724,-0.2695230510050323
24,301,1,0.8179347826086957,0.4070718186921252,0.5497873425483704,0.012175293427906684,-0.3459161765177968
24,302,1,0.8206521739130435,0.4077555412687567,0.5567489862442017,0.009616585824834486,-0.2182955928446777
24,303,1,0.8233695652173914,0.44903302173022175,0.5637825727462769,0.03164841217898806,0.8560565703842575
24,304,1,0.8260869565217391,0.45370917057875276,0.5672438740730286,0.028936213536787908,0.8642051955187907
24,305,1,0.8288043478260869,0.4771786971200763,0.5648605227470398,0.041292802559105724,1.2614252236141368
24,306,1,0.8315217391304348,0.4765788631936189,0.5925893187522888,0.024764867287590517,1.526399818822457
24,307,1,0.8342391304347826,0.5014829952314962,0.563886284828186,0.030864550582322292,0.8293176286302808
24,308,1,0.8369565217391305,0.5209749790798985,0.5632665157318115,0.03724404105540596,1.0542114593226435
24,309,1,0.8396739130434783,0.5395546346345248,0.5741435885429382,0.039007244484745796,1.474860294491262
24,310,1,0.842391304347826,0.562162350343457,0.569649875164032,0.04602097581506584,1.598412512780194
24,311,1,0.845108695652174,0.6056515265759121,0.5723896622657776,0.06811428026006153,2.535802937905026
24,312,1,0.8478260869565217,0.6272497750336756,0.5606581568717957,0.06367039588172102,1.9844786447462175
24,313,1,0.8505434782608695,0.6405895609808047,0.5734673738479614,0.05044148284040578,1.892049742615025
24,314,1,0.8532608695652174,0.6398090739140061,0.5789070725440979,0.026091209019137834,1.1333839889006094
24,315,1,0.8559782608695652,0.649837025675831,0.5746791958808899,0.015018535056224887,0.570955178088989
24,316,1,0.8586956521739131,0.6347327813341348,0.5725216865539551,0.011132084060451047,0.35169072661718137
24,317,1,0.8614130434782609,0.6427857386221025,0.5664559602737427,0.007677655692880673,0.02220642962234734
24,318,1,0.8641304347826086,0.6424743615477922,0.5709654092788696,0.007083687341658982,0.14571520533793136
24,319,1,0.8668478260869565,0.633351095600073,0.5621250867843628,0.015599887688398678,0.18593327086497682
24,320,1,0.8695652173913043,0.6245741530368032,0.5647523999214172,0.02025534773272894,0.4499753758509074
24,321,1,0.8722826086956522,0.6331748911648466,0.5545389652252197,0.012116620295673034,-0.1939915209192432
24,322,1,0.875,0.611275682589344,0.5351952910423279,0.028611449241541298,-0.18816182398488868
24,323,1,0.8777173913043478,0.612654819294757,0.5395286679267883,0.019432642796516214,-0.4000660638903981
24,324,1,0.8804347826086957,0.6049551116343075,0.5388316512107849,0.021958281380636685,-0.32568555192085047
24,325,1,0.8831521739130435,0.6043050412633864,0.5431274771690369,0.017703591400933888,-0.34969797834166716
24,326,1,0.8858695652173914,0.5759683841022554,0.5475941300392151,0.03882278608669981,0.6063142235733197
24,327,1,0.8885869565217391,0.5552130908558937,0.5740122199058533,0.050751254711289384,1.9216253629318616
24,328,1,0.8913043478260869,0.5353308153617763,0.5731488466262817,0.05627309809569092,2.105677003074211
24,329,1,0.8940217391304348,0.5405323820516186,0.5731257796287537,0.03496753938393568,1.2866904938642587
24,330,1,0.8967391304347826,0.5087434427782946,0.5798768401145935,0.04951123180809783,2.064294308724189
24,331,1,0.8994565217391305,0.5208900418291021,0.5760161280632019,0.025332995653002593,1.010461125841934
24,332,1,0.9021739130434783,0.5146173859182767,0.57049560546875,0.01858986005301616,0.5723647906587016
24,333,1,0.904891304347826,0.5470614370009093,0.5714539885520935,0.02130239508323961,0.7076365293723612
24,334,1,0.907608695652174,0.5281282788697564,0.5691649317741394,0.009848961234658726,0.19349441176590784
24,335,1,0.9103260869565217,0.5531763466796127,0.568162202835083,0.019008554281595064,0.5127317623718495
24,336,1,0.9130434782608695,0.5271452530195853,0.5646389126777649,0.0161632439469091,0.2891361316751162
24,337,1,0.9157608695652174,0.5544928390757079,0.5656738877296448,0.01253976424649636,0.1835590143430099
24,338,1,0.9184782608695652,0.577333294177576,0.5638929009437561,0.030104108272903884,0.8003275869266098
24,339,1,0.9211956521739131,0.5763064345586375,0.5749676823616028,0.018588125935181082,0.7174056388606301
24,340,1,0.9239130434782609,0.6227010680530998,0.5896503329277039,0.05738810635171662,2.6839297810692466
24,341,1,0.9266304347826086,0.5625797834182247,0.5912108421325684,0.0266221320415371,1.5529998652789134
24,342,1,0.9293478260869565,0.8162063982884236,0.534274160861969,0.2249827467430326,7.323571676664879
24,343,1,0.9320652173913043,0.5818229188926933,0.5889792442321777,0.07614317382024127,3.382441330867729
24,344,1,0.9347826086956522,0.9721751739308758,0.5718365907669067,0.319854125274259,12.185903030986994
24,345,1,0.9375,0.9973430444223103,0.5604508519172668,0.25765346929624944,9.427654417804167
24,346,1,0.9402173913043478,0.9810519577055683,0.5500310659408569,0.14211581198555834,4.652345818362051
24,347,1,0.9429347826086957,0.04040314536744138,0.5833315253257751,0.15081136513607296,6.06681240531662
24,348,1,0.9456521739130435,0.0139188034059988,0.565064013004303,0.024222838835365967,0.6124575575539896
24,349,1,0.9483695652173914,0.046766868817668616,0.5650022029876709,0.03209412459883246,0.9127479944524395
24,350,1,0.9510869565217391,0.005499320657730448,0.5669767260551453,0.02855825594122119,0.8410214991509342
24,351,1,0.9538043478260869,0.03219514998711491,0.5808003544807434,0.018236673829046465,0.8931634315602893
24,352,1,0.9565217391304348,0.997275591367987,0.5655264258384705,0.03381295084264763,0.9957690495066026
24,353,1,0.9592391304347826,0.010169670353944475,0.5611799359321594,0.021906407041464668,0.39746684731843596
24,354,1,0.9619565217391305,0.014552704577579711,0.5628713369369507,0.010159704828131083,0.001217450083240229
24,355,1,0.9646739130434783,0.009077551361744911,0.5604708194732666,0.012969110304193163,0.031221765353776382
24,356,1,0.967391304347826,0.021041264103620762,0.5657995939254761,0.006778878194800221,-0.03360844616133074
24,357,1,0.970108695652174,0.012318989390064932,0.5581404566764832,0.007884814702664038,-0.2396544518347579
24,358,1,0.9728260869565217,0.027528374324305226,0.5593816637992859,0.006787240472546144,-0.2415326966021612
24,359,1,0.9755434782608695,0.023250844868930132,0.5591320991516113,0.005494573120327723,-0.299275202613906
24,360,1,0.9782608695652174,0.024791016773642885,0.5675085783004761,0.005077267687278965,-0.043506474870929956
24,361,0,0.9809782608695652,0.014180607368446538,0.5620004534721375,0.014285205464295764,0.13139898771739947
24,362,0,0.9836956521739131,0.0138296399972544,0.5649399757385254,0.015101577330083285,0.2581316474467056
24,363,0,0.9864130434782609,0.014078360229688992,0.5591925382614136,0.011428173515885983,-0.06943472480164112
24,364,0,0.9891304347826086,0.02165367340083342,0.5631805658340454,0.005363308576189134,-0.1729540255542992
24,365,0,0.9918478260869565,0.0047949589715298325,0.5619075894355774,0.017634117771032506,0.2570004599539234
24,366,0,0.9945652173913043,0.010828055107475566,0.5606287121772766,0.010972456305129148,-0.040336335801425885
24,367,0,0.9972826086956522,0.014240931695097419,0.5775470733642578,0.007624657485281876,0.380049265273252
