sequence,frame,valid,relative_phase,predicted_phase,feature_raw,time_raw,P3
03,15,0,0.02074688796680498,0.10419966737731608,0.5960310697555542,nan,nan
03,16,0,0.022130013831258646,0.11295006156205632,0.5908284783363342,nan,nan
03,17,0,0.02351313969571231,0.09871264509674696,0.5948074460029602,nan,nan
03,18,0,0.024896265560165973,0.10956735699428496,0.6102820038795471,nan,nan
03,19,1,0.02627939142461964,0.0950369917307302,0.5894326567649841,0.014912395049859401,1.0588953766727616
03,20,1,0.027662517289073305,0.1045244053643912,0.5910860896110535,0.007910336236813718,0.15835039801535472
03,21,1,0.029045643153526972,0.0815014811150197,0.5973659157752991,0.024050822704507126,2.5635827136779668
03,22,1,0.030428769017980636,0.09121452277134517,0.601215660572052,0.014173120076314872,1.3427215174528224
03,23,1,0.0318118948824343,0.0808900734951192,0.5986199975013733,0.015771230773240885,1.4758506263350601
03,24,1,0.03319502074688797,0.0891023360003308,0.592602550983429,0.009055234185997053,0.36391987001471904
03,25,1,0.034578146611341634,0.08812518245291247,0.5930685997009277,0.003762935235786572,-0.34230913411700614
03,26,1,0.035961272475795295,0.09874959328562816,0.6092644929885864,0.007824610582712723,0.740016928295014
03,27,1,0.03734439834024896,0.09471158734633574,0.59227055311203,0.004640230789093491,-0.24876570922521885
03,28,1,0.03872752420470263,0.11892566750748451,0.5946602821350098,0.022661538713194214,2.285883569509422
03,29,1,0.040110650069156296,0.1056179939085782,0.5792616605758667,0.009270259841550329,-0.04222166233178426
03,30,1,0.04149377593360996,0.11407417240571696,0.5969274044036865,0.009843537030800976,0.6125460234440612
03,31,1,0.042876901798063624,0.10500100100223411,0.5926573872566223,0.009194451922341635,0.3846877818269174
03,32,1,0.04426002766251729,0.11395841616452126,0.5969774723052979,0.006313602055194997,0.13298294201804964
03,33,1,0.04564315352697095,0.10275498936441362,0.5883246064186096,0.010499860528837541,0.42121559461365876
03,34,1,0.04702627939142462,0.10847376499753467,0.6022903919219971,0.0062063307716381695,0.2917762919818244
03,35,1,0.048409405255878286,0.09567995859740444,0.5855812430381775,0.015459038307759977,1.0077011041627535
03,36,1,0.04979253112033195,0.1083114917303109,0.5773303508758545,0.006717699104657159,-0.45322323071970666
03,37,1,0.051175656984785614,0.10347959476384241,0.5857484340667725,0.006380446905585586,-0.2244264980611679
03,38,1,0.05255878284923928,0.11002357001654064,0.5989933013916016,0.005124816646247387,0.03672657703365452
03,39,1,0.05394190871369295,0.10140445653616093,0.5974699854850769,0.006561151263852161,0.18280449795801315
03,40,1,0.05532503457814661,0.1085600360382593,0.5839036703109741,0.00408114341630974,-0.598079378487676
03,41,1,0.056708160442600276,0.09518428618767662,0.5865308046340942,0.0142745821740127,0.8772313747091036
03,42,1,0.058091286307053944,0.10709043874677107,0.604771077632904,0.006217106637338287,0.3742161231742367
03,43,1,0.059474412171507604,0.09748086505504161,0.6048335433006287,0.009170893345163866,0.7789123840430443
03,44,1,0.06085753803596127,0.11238774383645499,0.5969647169113159,0.007676592625822326,0.31836815643075245
03,45,1,0.06224066390041494,0.11138223142767485,0.5938488245010376,0.0059848670305292844,-0.013950595107728517
03,46,1,0.0636237897648686,0.1178550153563076,0.5970287322998047,0.007177741566833458,0.25245475792955546
03,47,1,0.06500691562932227,0.10960953175157062,0.6023398041725159,0.006949656320161348,0.394718553892222
03,48,1,0.06639004149377593,0.11620040390108202,0.5892679691314697,0.003031139807977001,-0.566121343782785
03,49,1,0.0677731673582296,0.10830239994815098,0.5922525525093079,0.009051349683996287,0.3519662056928337
03,50,1,0.06915629322268327,0.11807103788657325,0.5917433500289917,0.00475426269401471,-0.25042917380282737
03,51,1,0.07053941908713693,0.11206429651883223,0.5999268889427185,0.005017667552145731,0.052592900748388995
03,52,1,0.07192254495159059,0.1197524450593041,0.6030734181404114,0.004194577134765697,0.04309436497413338
03,53,1,0.07330567081604426,0.10637678066945673,0.5904784202575684,0.011762718206746929,0.6636687397828706
03,54,1,0.07468879668049792,0.1179237196112973,0.6015421152114868,0.005563992243994808,0.17978918262351523
03,55,1,0.07607192254495158,0.10827846110642961,0.5980734825134277,0.009342803381281474,0.5816950836759995
03,56,1,0.07745504840940526,0.11575205356048687,0.6051313281059265,0.006473621528276457,0.42094274851624447
03,57,1,0.07883817427385892,0.11084636421729967,0.6004797220230103,0.004828343542606442,0.044829194881200976
03,58,1,0.08022130013831259,0.11624415480638144,0.5877745151519775,0.0043561277666114085,-0.4342473829068412
03,59,1,0.08160442600276625,0.1101838527938168,0.6028115749359131,0.006188359651821085,0.30633817173641603
03,60,1,0.08298755186721991,0.11672104476785632,0.5973162055015564,0.0034598886435356574,-0.24497608365140786
03,61,1,0.08437067773167359,0.10327344099066534,0.5899894833564758,0.013817367178661734,0.9277973461232908
03,62,1,0.08575380359612725,0.11225152188231975,0.59991055727005,0.00671670512157824,0.2836709856145074
03,63,1,0.08713692946058091,0.1046674158083178,0.5972662568092346,0.009532003323335257,0.5811383688413422
03,64,1,0.08852005532503458,0.11430042933810913,0.5943914651870728,0.005976318267395927,0.0025961208132355973
03,65,1,0.08990318118948824,0.11206268683191073,0.6042830348014832,0.003934382800763739,0.0471074436517713
03,66,1,0.0912863070539419,0.11313018164294776,0.5950621366500854,0.0033584963487269404,-0.3323717663689561
03,67,1,0.09266943291839558,0.1107852429114064,0.601531982421875,0.004032239850056956,-0.029348562669858164
03,68,1,0.09405255878284924,0.11488143223954832,0.5954083800315857,0.002609860824006969,-0.423123472888223
03,69,1,0.0954356846473029,0.10495023306592279,0.5921068787574768,0.011356606863519024,0.6614617689044624
03,70,1,0.09681881051175657,0.11271127132127866,0.5907635688781738,0.004979583489746409,-0.2516942285657793
03,71,1,0.09820193637621023,0.10649302764087594,0.6042391657829285,0.007930971266651623,0.5904866125837941
03,72,1,0.0995850622406639,0.11451540776039772,0.5981409549713135,0.004755751518104778,-0.041405056262554
03,73,1,0.10096818810511757,0.10445826884783126,0.5988108515739441,0.008801170122276018,0.5319282721159553
03,74,1,0.10235131396957123,0.1177295082854216,0.5861466526985168,0.004957505106156535,-0.4054024848869545
03,75,1,0.1037344398340249,0.10787840241686039,0.58286052942276,0.006785889915078914,-0.2634196128958315
03,76,1,0.10511756569847856,0.11797509907376948,0.5926081538200378,0.005695451999879608,-0.09389951053317624
03,77,1,0.10650069156293222,0.10735975901997241,0.582057535648346,0.008242514658986785,-0.09106407143480283
03,78,1,0.1078838174273859,0.11715316692100326,0.5892494320869446,0.005835002285187276,-0.18450657989621516
03,79,1,0.10926694329183956,0.10739822645855626,0.5918716788291931,0.008785334422333643,0.30327134675958267
03,80,1,0.11065006915629322,0.11451541586557105,0.5833643078804016,0.005810960933658704,-0.37987739763821543
03,81,1,0.11203319502074689,0.10897707495953839,0.5894304513931274,0.006221521129725874,-0.1259081400382
03,82,1,0.11341632088520055,0.11614131679615604,0.5921346545219421,0.004541711146717622,-0.266631612513955
03,83,1,0.11479944674965421,0.10752906832659226,0.5972023010253906,0.007820894216351678,0.3457940791839163
03,84,1,0.11618257261410789,0.11304628610120299,0.5936580300331116,0.004376604991457634,-0.2394149526899205
03,85,1,0.11756569847856155,0.1093285732604667,0.5864654779434204,0.005686817308394221,-0.29557672812719227
03,86,1,0.11894882434301521,0.11957240983229521,0.5872403979301453,0.005627161388523406,-0.2784151728750591
03,87,1,0.12033195020746888,0.1104719420850192,0.5862561464309692,0.005489096318108605,-0.3293625521658126
03,88,1,0.12171507607192254,0.1214228162335541,0.5978267788887024,0.00523763779938551,0.014030344592898827
03,89,1,0.12309820193637622,0.11517582607813477,0.5999247431755066,0.004580286875493145,-0.0071004492832908855
03,90,1,0.12448132780082988,0.12159777680705317,0.5963994860649109,0.00455525528027153,-0.12557896310678238
03,91,1,0.12586445366528354,0.11146657554532143,0.5879698991775513,0.00929246877860737,0.24504728891013772
03,92,1,0.1272475795297372,0.11696579354217924,0.5833766460418701,0.006073127340656324,-0.34373640241921743
03,93,1,0.12863070539419086,0.11005037794015539,0.6064393520355225,0.009843069076005266,0.9229571646883123
03,94,1,0.13001383125864455,0.1180821012740464,0.5820242762565613,0.0049800450205365965,-0.5368863829530224
03,95,1,0.1313969571230982,0.11027534908622542,0.5827772617340088,0.007457817012188697,-0.17454106129578772
03,96,1,0.13278008298755187,0.11689409674738653,0.5862498879432678,0.004398932752058903,-0.47817687604445025
03,97,1,0.13416320885200553,0.10818579094310261,0.5967377424240112,0.009231644341839342,0.5229427375888529
03,98,1,0.1355463347164592,0.11699737171139228,0.5906086564064026,0.0048471553026239395,-0.27480313491478137
03,99,1,0.13692946058091288,0.10683852271953202,0.5846406817436218,0.00984158342548319,0.21123467314747785
03,100,1,0.13831258644536654,0.11585459524611821,0.5851880311965942,0.005435179503633752,-0.3715762786067171
03,101,1,0.1396957123098202,0.11252429112106221,0.5872301459312439,0.004442835648532285,-0.4401959435772399
03,102,1,0.14107883817427386,0.11937521540823721,0.6010527014732361,0.004414207555690864,0.007076925584110827
03,103,1,0.14246196403872752,0.11027661695092782,0.5993875861167908,0.006963493195798099,0.30024284610950003
03,104,1,0.14384508990318118,0.12080189710295289,0.5926603078842163,0.0038256164501890228,-0.34709134943051845
03,105,1,0.14522821576763487,0.10978852971789745,0.5986742973327637,0.009547929450886101,0.6292685803145559
03,106,1,0.14661134163208853,0.12217590621679743,0.5847391486167908,0.005746382265188887,-0.343805180513018
03,107,1,0.1479944674965422,0.10744873707771557,0.5953799486160278,0.011903954442416832,0.8429103692994633
03,108,1,0.14937759336099585,0.12200580108937738,0.5961069464683533,0.007153524935632018,0.2190659998051457
03,109,1,0.1507607192254495,0.10870355295345106,0.5836197137832642,0.010243144594984403,0.2326501768359136
03,110,1,0.15214384508990317,0.11925185579404862,0.5914686918258667,0.007725745123349733,0.14567545172015486
03,111,1,0.15352697095435686,0.11054720614401804,0.5860232710838318,0.007397234607618609,-0.07684815774442733
03,112,1,0.15491009681881052,0.12000852609730006,0.5928179025650024,0.006220115251086935,-0.015531614820117112
03,113,1,0.15629322268326418,0.11044248790403721,0.5882843136787415,0.007777251366155727,0.04875696917464062
03,114,1,0.15767634854771784,0.12137834334823193,0.5783178210258484,0.005286062765421062,-0.6161509718828446
03,115,1,0.1590594744121715,0.11087429821847702,0.5888755917549133,0.008311796677908264,0.14092529421577582
03,116,1,0.16044260027662519,0.12191194333036039,0.5982279181480408,0.005735911635352136,0.09504794695184204
03,117,1,0.16182572614107885,0.10675796620006107,0.5844455361366272,0.012985756023204077,0.6334755881166808
03,118,1,0.1632088520055325,0.1205876927936611,0.584399402141571,0.007132896369611251,-0.16588642017004865
03,119,1,0.16459197786998617,0.10689675375961757,0.5781508684158325,0.011728175399010816,0.2565821751258939
03,120,1,0.16597510373443983,0.12318812160674619,0.57920902967453,0.007929619845683404,-0.22669431078358054
03,121,1,0.1673582295988935,0.11018933184945591,0.5942668914794922,0.007969763199277845,0.27027445627381896
03,122,1,0.16874135546334718,0.1230742162596714,0.5897218585014343,0.007390823002431151,0.04300164102662274
03,123,1,0.17012448132780084,0.10983452920741439,0.5794857144355774,0.009594530684446876,0.009295860386218768
03,124,1,0.1715076071922545,0.11976842234264826,0.5844997763633728,0.007278010006984519,-0.14282840243218642
03,125,1,0.17289073305670816,0.11066140986280722,0.5896860361099243,0.008647169074978754,0.2130962617116296
03,126,1,0.17427385892116182,0.12240055191127183,0.5925708413124084,0.006305065687622202,-0.012015461582867093
03,127,1,0.17565698478561548,0.11003619110171851,0.5891158580780029,0.00922199125230541,0.27284455692157994
03,128,1,0.17704011065006917,0.12149347390902787,0.588019609451294,0.006086234126946304,-0.19040095040352578
03,129,1,0.17842323651452283,0.10610928396614241,0.5823830962181091,0.013630576753052457,0.654057811963759
03,130,1,0.1798063623789765,0.12091897120571991,0.5891795754432678,0.007655528492707418,0.06138563570973252
03,131,1,0.18118948824343015,0.11368460126284129,0.5935266017913818,0.006897709844953452,0.09996973768063136
03,132,1,0.1825726141078838,0.12753892415395046,0.592785120010376,0.008395387545029083,0.27992936199594665
03,133,1,0.1839557399723375,0.11840010230646696,0.6009941697120667,0.006447611728073974,0.2823581096654564
03,134,1,0.18533886583679116,0.1267148063460745,0.5769598484039307,0.0048360431039746925,-0.7218221518779984
03,135,1,0.18672199170124482,0.11367955346107599,0.5958002209663391,0.011497009079245819,0.8011538794834767
03,136,1,0.18810511756569848,0.12356992590121209,0.5939300656318665,0.006261909487718217,0.026467317755764733
03,137,1,0.18948824343015214,0.11602052587132591,0.588325560092926,0.008162525155369981,0.10262342419020054
03,138,1,0.1908713692946058,0.12631761322378782,0.5786515474319458,0.005864554033318891,-0.5263985974350732
03,139,1,0.19225449515905949,0.11014422768538885,0.5942626595497131,0.01334463095195011,1.002833100593581
03,140,1,0.19363762102351315,0.12033702202202025,0.5947104096412659,0.006649087196668964,0.10471784431038751
03,141,1,0.1950207468879668,0.1107461070215256,0.5841695666313171,0.011050694202093604,0.36068204248072916
03,142,1,0.19640387275242047,0.1212310656428328,0.5816451907157898,0.007159465939321077,-0.2521633797171815
03,143,1,0.19778699861687413,0.11205411494847814,0.5874586701393127,0.0071524446674522514,-0.06336551186129794
03,144,1,0.1991701244813278,0.11991305581975568,0.5810055732727051,0.00541035722831005,-0.5114776355034912
03,145,1,0.20055325034578148,0.11490772638056605,0.6014930605888367,0.0046703135005704945,0.05636259167526722
03,146,1,0.20193637621023514,0.12089793165840329,0.5842955708503723,0.004263960837983785,-0.5603660462440025
03,147,1,0.2033195020746888,0.11646011776809104,0.5875707268714905,0.004075043456698274,-0.4792162801155745
03,148,1,0.20470262793914246,0.12092542757516246,0.5874263644218445,0.0030791766369731516,-0.6196839480387576
03,149,1,0.20608575380359612,0.111067727497362,0.5891559720039368,0.01082202737118222,0.49226927352432803
03,150,1,0.2074688796680498,0.12646810504156245,0.5823705196380615,0.0056268264206304815,-0.4374162030869583
03,151,1,0.20885200553250347,0.10998457609225758,0.5791675448417664,0.012337722401275421,0.3728598821566522
03,152,1,0.21023513139695713,0.12016720147776457,0.5961324572563171,0.007303698061374021,0.24037014057570938
03,153,1,0.21161825726141079,0.11046365326723011,0.5859919190406799,0.010050203282995036,0.28377862068977017
03,154,1,0.21300138312586445,0.12088689532931852,0.5859260559082031,0.007265160094557557,-0.098025581744689
03,155,1,0.2143845089903181,0.11710997094792673,0.5854816436767578,0.004433076057301122,-0.49859838727229944
03,156,1,0.2157676348547718,0.12459247755047369,0.594531774520874,0.004504518453961443,-0.19345843727303824
03,157,1,0.21715076071922546,0.11696666362460328,0.5966976881027222,0.005266481632418282,-0.018891804186803775
03,158,1,0.21853388658367912,0.12752055490328087,0.5789816975593567,0.004039599017211795,-0.7643984288615908
03,159,1,0.21991701244813278,0.11771711948841973,0.5870229601860046,0.007422251291139906,-0.040807533868323254
03,160,1,0.22130013831258644,0.1283657449959554,0.5689601898193359,0.005075703139780612,-0.9502649564887871
03,161,1,0.22268326417704012,0.11983671294180344,0.5963653922080994,0.006397761834249877,0.12447690810032737
03,162,1,0.22406639004149378,0.12682923953342898,0.575994074344635,0.005301507671850982,-0.6898938409706009
03,163,1,0.22544951590594745,0.11700651329626141,0.5905047655105591,0.009772644966628994,0.39324380208808324
03,164,1,0.2268326417704011,0.12461093437854028,0.6009446382522583,0.005306330377427567,0.125163006418963
03,165,1,0.22821576763485477,0.11621512842721107,0.595735490322113,0.009447675633285964,0.5196778830162513
03,166,1,0.22959889349930843,0.12368290570360588,0.6008567214012146,0.005273023851721911,0.11775304115089358
03,167,1,0.23098201936376211,0.11551696418243687,0.5835685729980469,0.008453860291956296,-0.012932591742599309
03,168,1,0.23236514522821577,0.12912719959184704,0.5636969208717346,0.006144193007647464,-0.9764052944115876
03,169,1,0.23374827109266944,0.11651567728660261,0.5924617648124695,0.008211826212661087,0.2443519762669096
03,170,1,0.2351313969571231,0.12438098511457374,0.5797378420829773,0.0059127567612010596,-0.4843704241127283
03,171,1,0.23651452282157676,0.11257345587557001,0.5911765098571777,0.012403704691283572,0.7738334064530069
03,172,1,0.23789764868603042,0.12670283902250226,0.5746907591819763,0.006823153690659744,-0.5250054132577641
03,173,1,0.2392807745504841,0.11792157716580273,0.5850511789321899,0.0069508952179188855,-0.16942230681702725
03,174,1,0.24066390041493776,0.13043628241983907,0.5752094388008118,0.0064496141022383794,-0.5589959955732928
03,175,1,0.24204702627939143,0.11916541176885734,0.596820592880249,0.006757495603312563,0.1883734551653274
03,176,1,0.24343015214384509,0.13081518398771402,0.5844516754150391,0.005731423931518009,-0.3552275613592517
03,177,1,0.24481327800829875,0.11758351537086169,0.5985944271087646,0.010593052487680108,0.7691317367041366
03,178,1,0.24619640387275243,0.12528520062460338,0.5769484639167786,0.006844025621556221,-0.4484675115895125
03,179,1,0.2475795297372061,0.11496343859172113,0.5870435237884521,0.011840843369276486,0.5622018739374652
03,180,1,0.24896265560165975,0.12513442727172827,0.5742983222007751,0.006606748467031334,-0.5673149119382721
03,181,1,0.2503457814661134,0.10925080208760238,0.5929800271987915,0.01508279740011474,1.197912481712099
03,182,1,0.2517289073305671,0.1280070078493435,0.5907989144325256,0.0072697376088497415,0.06165106462636871
03,183,1,0.25311203319502074,0.11125120356261006,0.5922458171844482,0.011679669410477251,0.7100363657649906
03,184,1,0.2544951590594744,0.12335068912638882,0.5960951447486877,0.00887824817231251,0.45379339003179014
03,185,1,0.25587828492392806,0.11199186371685808,0.5980836749076843,0.009565015962616606,0.6123195730388338
03,186,1,0.2572614107883817,0.1196794644455216,0.5959977507591248,0.007747048228663755,0.29641031650499433
03,187,1,0.25864453665283543,0.10918522195140093,0.5988122224807739,0.010975037284432219,0.8283124895224478
03,188,1,0.2600276625172891,0.11690731773168,0.5941641926765442,0.00618165778051056,0.023169511465462672
03,189,1,0.26141078838174275,0.10851713392136592,0.5822992920875549,0.009515787062987762,0.09039824822021097
03,190,1,0.2627939142461964,0.11095537688120259,0.5989032983779907,0.006709592329598644,0.24982392103702705
03,191,1,0.2641770401106501,0.10056881522955069,0.5937568545341492,0.014414401414850187,1.1321534365101515
03,192,1,0.26556016597510373,0.10693427435376358,0.5926636457443237,0.008359179367683493,0.271028514850723
03,193,1,0.2669432918395574,0.09602979162178861,0.6042251586914062,0.014306062497670606,1.4590756882808567
03,194,1,0.26832641770401106,0.10685534554429187,0.5959071516990662,0.00604115190050441,0.06090697738474268
03,195,1,0.2697095435684647,0.09131262920713086,0.5827676653862,0.01487638150320633,0.8364372495621231
03,196,1,0.2710926694329184,0.09794260245218189,0.5989270210266113,0.008528957570478144,0.4986123517067591
03,197,1,0.27247579529737204,0.09005857743118875,0.6042025685310364,0.011568468798148072,1.0851522066926782
03,198,1,0.27385892116182575,0.09539502992534625,0.5948037505149841,0.006689048198821632,0.1132119843049322
03,199,1,0.2752420470262794,0.08693155236866193,0.6012641191482544,0.010337611408288523,0.8214503964217519
03,200,1,0.2766251728907331,0.09805883610426043,0.6039652228355408,0.004805266449017042,0.15545191244087414
03,201,1,0.27800829875518673,0.09118687171084229,0.5927730202674866,0.005706959331405327,-0.08694951537905844
03,202,1,0.2793914246196404,0.10239345690923504,0.6117398738861084,0.005908430358968794,0.5596028160876524
03,203,1,0.28077455048409405,0.12327066538039431,0.6072146892547607,0.025036032084155897,3.0193546077651856
03,204,1,0.2821576763485477,0.1832899412641465,0.6686888337135315,0.07597052971497499,11.969244233378705
03,205,1,0.2835408022130014,0.18772462656579916,0.623115062713623,0.05909743872665613,8.18156912138779
03,206,1,0.28492392807745504,0.24568967413391937,0.6425737738609314,0.0929280475810371,13.428467501897426
03,207,1,0.2863070539419087,0.24556470577814957,0.6328679919242859,0.057759899901578815,8.317577818438801
03,208,1,0.28769017980636236,0.2845864578328688,0.6142153143882751,0.06542726687437664,8.753952748408146
03,209,1,0.28907330567081607,0.2802870668693028,0.6040423512458801,0.038671833055010776,4.7746270484065825
03,210,1,0.29045643153526973,0.3031873960582552,0.6299668550491333,0.03556346588170654,5.197086766932436
03,211,1,0.2918395573997234,0.2972468910614911,0.6373494267463684,0.01893717370683824,3.171577679717149
03,212,1,0.29322268326417705,0.30678418829184584,0.6234926581382751,0.011865281313377858,1.755251988878304
03,213,1,0.2946058091286307,0.3032543558704994,0.6151683926582336,0.0073910158002290565,0.8736160715075167
03,214,1,0.2959889349930844,0.3096942519415699,0.6458899974822998,0.003484090098058559,1.343796942877967
03,215,1,0.29737206085753803,0.3079227669318716,0.6257142424583435,0.0032759075207585897,0.6568705269730807
03,216,1,0.2987551867219917,0.3125167264874635,0.6340535283088684,0.002043720162358897,0.7610985774600851
03,217,1,0.30013831258644535,0.31303960290649147,0.6227598786354065,0.002040073102067919,0.3919707973146171
03,218,1,0.301521438450899,0.3154337193572344,0.6311492919921875,0.001052257777955346,0.5311475952585061
03,219,1,0.3029045643153527,0.3181023869635441,0.6272963881492615,0.002282229019790363,0.5730552948484948
03,220,1,0.30428769017980634,0.32071488863443853,0.6111695766448975,0.002349825682766679,0.05588246692762483
03,221,1,0.30567081604426005,0.3239748304548259,0.6099497079849243,0.0035602269664102596,0.18106605056644198
03,222,1,0.3070539419087137,0.3265564475409174,0.6203762292861938,0.0034080371654181566,0.5006467780274506
03,223,1,0.3084370677731674,0.3329162799597898,0.6064692735671997,0.006987187538369802,0.5346228083651269
03,224,1,0.30982019363762103,0.33315969059853673,0.6112726926803589,0.004123810413279496,0.3010761118490196
03,225,1,0.3112033195020747,0.33771955041959595,0.6120852828025818,0.0049757842580899795,0.44373972831665853
03,226,1,0.31258644536652835,0.33779331781909255,0.6047316193580627,0.0022948787712434825,-0.16174612699289115
03,227,1,0.313969571230982,0.34623617449458893,0.5975814461708069,0.007247010772346687,0.27993833812960334
03,228,1,0.3153526970954357,0.33776227084059285,0.6309969425201416,0.00455686651534917,1.003919704559903
03,229,1,0.31673582295988933,0.34652985215373233,0.6188740730285645,0.004350012516899944,0.5800247836173041
03,230,1,0.318118948824343,0.34882153571371716,0.6122277975082397,0.004011669667955976,0.31696431363166466
03,231,1,0.31950207468879666,0.3541342525488267,0.6091524362564087,0.005704840225180338,0.4473942919290057
03,232,1,0.32088520055325037,0.3545673003313503,0.6079826951026917,0.004665235407480425,0.2674954066330364
03,233,1,0.32226832641770403,0.3458527980969793,0.5951936841011047,0.008752391112915854,0.4072125315847287
03,234,1,0.3236514522821577,0.3449432757330505,0.609356701374054,0.00949264996265636,0.9704121740477136
03,235,1,0.32503457814661135,0.31633367248162214,0.6049339175224304,0.037132688218918054,4.593913500414073
03,236,1,0.326417704011065,0.3145366005770597,0.6131724715232849,0.02947961510667938,3.8195646712265936
03,237,1,0.3278008298755187,0.26715608157599446,0.6199449300765991,0.06685245916917193,9.135251229236415
03,238,1,0.32918395573997233,0.2759502083416825,0.6277788281440735,0.04206282585148402,6.011654896238506
03,239,1,0.330567081604426,0.261836243360423,0.6118087768554688,0.03524985140665521,4.56164600085118
03,240,1,0.33195020746887965,0.2749047993349807,0.6093302965164185,0.016092011800178878,1.869168932491182
03,241,1,0.3333333333333333,0.2539596239020248,0.6164936423301697,0.019594163274233852,2.580394180220356
03,242,1,0.334716459197787,0.2713744089476797,0.623170018196106,0.009483175908151559,1.4199945465628723
03,243,1,0.3360995850622407,0.2531718211446702,0.6237773299217224,0.01593890176459538,2.319855826744628
03,244,1,0.33748271092669435,0.24949001237527477,0.5926336050033569,0.01745460498005258,1.5099275972659405
03,245,1,0.338865836791148,0.25721284971300756,0.6204836368560791,0.007104831441635319,1.0080960395602119
03,246,1,0.34024896265560167,0.2861565715856814,0.6429556012153625,0.024752344517534837,4.147284602705483
03,247,1,0.34163208852005533,0.28576099355196216,0.6313948035240173,0.02157740564577248,3.3371295375249375
03,248,1,0.343015214384509,0.32854429390202805,0.6351664066314697,0.05529723307255811,8.056890911669278
03,249,1,0.34439834024896265,0.33255643116664785,0.6296513080596924,0.039545799955489576,5.7296550802267445
03,250,1,0.3457814661134163,0.3310375310463582,0.6158826351165771,0.02085900837356265,2.7328730473964686
03,251,1,0.34716459197787,0.33493469467763176,0.6219037175178528,0.012115578091597651,1.7375083530646491
03,252,1,0.34854771784232363,0.32775094922379183,0.6402190327644348,0.007609242497363136,1.7210304840746264
03,253,1,0.3499308437067773,0.3305366014169637,0.6398805975914001,0.005299689426620447,1.395147741292494
03,254,1,0.35131396957123096,0.3244613312137217,0.6596609354019165,0.010195566900453156,2.708189570275759
03,255,1,0.35269709543568467,0.32717902627888706,0.6343188285827637,0.006474278605113657,1.3737275611412314
03,256,1,0.35408022130013833,0.32603928761680995,0.6457931399345398,0.005034643439519646,1.5520053947439343
03,257,1,0.355463347164592,0.328433742572685,0.6338019371032715,0.0026911097552389553,0.8411380328095048
03,258,1,0.35684647302904565,0.32885698604310837,0.6570521593093872,0.0012633149004060403,1.4054017990463858
03,259,1,0.3582295988934993,0.3329080314253691,0.6342106461524963,0.0016978774196578011,0.7190820374383902
03,260,1,0.359612724757953,0.33412597982959247,0.6403841972351074,0.0015839304945968434,0.9050568303807525
03,261,1,0.36099585062240663,0.33775850254554635,0.6392322778701782,0.003085363554869133,1.0721314849336672
03,262,1,0.3623789764868603,0.33594324468523995,0.6511361598968506,0.0017306504013276458,1.2760072160382185
03,263,1,0.36376210235131395,0.3425277360891292,0.6495658159255981,0.0037518424447036984,1.50027731535869
03,264,1,0.3651452282157676,0.3430366706468397,0.6467995643615723,0.0023197743622166388,1.21476728458555
03,265,1,0.3665283540802213,0.35204478967693004,0.6386178135871887,0.008636297162252757,1.808772954060698
03,266,1,0.367911479944675,0.3610385242180411,0.6279188990592957,0.014058459920517909,2.19869878919247
03,267,1,0.36929460580912865,0.38123660647374485,0.6249351501464844,0.027982722293021352,3.9994496557496064
03,268,1,0.3706777316735823,0.385102845942695,0.6306473016738892,0.022171744165817575,3.3937503397867133
03,269,1,0.37206085753803597,0.397376447521527,0.6042962670326233,0.023928801920685805,2.773159238468151
03,270,1,0.37344398340248963,0.40396396356486375,0.6037406325340271,0.019183403502873203,2.108134913170035
03,271,1,0.3748271092669433,0.4225620039764964,0.6129630208015442,0.027050084077800247,3.4815367689335686
03,272,1,0.37621023513139695,0.4224698048098411,0.6066089272499084,0.017391025923382413,1.95742236974566
03,273,1,0.3775933609958506,0.4453727534775978,0.6071357727050781,0.030187744486427255,3.719055185468356
03,274,1,0.3789764868603043,0.44399917246937837,0.607764482498169,0.018220268297897534,2.1081818147684572
03,275,1,0.38035961272475793,0.46007078985019423,0.6061528325080872,0.022877902143877277,2.6905008622431925
03,276,1,0.3817427385892116,0.4533490968934013,0.6404880881309509,0.010858250001654104,2.172714154089442
03,277,1,0.3831258644536653,0.4657351469764833,0.6183268427848816,0.01144523978085188,1.5293774254127301
03,278,1,0.38450899031811897,0.4591645612166829,0.6192862391471863,0.00639602606137677,0.8723886894392915
03,279,1,0.38589211618257263,0.4665790512749461,0.6176450252532959,0.004422027977731159,0.5497251011389226
03,280,1,0.3872752420470263,0.46311664041222983,0.6026272773742676,0.004231744230738597,0.03359868024566734
03,281,1,0.38865836791147995,0.47402656969259593,0.6158989071846008,0.006785765699521887,0.8149533380083821
03,282,1,0.3900414937759336,0.4725945742280275,0.6046652793884277,0.004715303092807193,0.16603840573509576
03,283,1,0.3914246196403873,0.47392988312464235,0.6022129654884338,0.0027945814491664844,-0.17583731705133024
03,284,1,0.39280774550484093,0.47368862224713293,0.5976336598396301,0.003232676339290191,-0.2655875701560941
03,285,1,0.3941908713692946,0.46945566398959443,0.6017848253250122,0.007696202356493748,0.4783721888818283
03,286,1,0.39557399723374825,0.47104055279227053,0.5928606390953064,0.005042640724807635,-0.17464886145796532
03,287,1,0.3969571230982019,0.4740301793016682,0.589190661907196,0.0032173537566729683,-0.5432601864161366
03,288,1,0.3983402489626556,0.47534109392958057,0.5819878578186035,0.0018056461917340394,-0.9708060797439574
03,289,1,0.3997233748271093,0.4762380115437401,0.5876212120056152,0.0007819825031505478,-0.9264753051293579
03,290,1,0.40110650069156295,0.4778222248850173,0.5859147310256958,0.0005231772238095123,-1.0174558199795558
03,291,1,0.4024896265560166,0.47569498435453356,0.5919126272201538,0.0037548470834565086,-0.3811432479833161
03,292,1,0.40387275242047027,0.4757660061886323,0.6086671948432922,0.004100026512574112,0.21278910499501408
03,293,1,0.40525587828492393,0.47432678785926286,0.5945349335670471,0.00564547290670647,-0.03782151620262981
03,294,1,0.4066390041493776,0.4759864908136175,0.6021187901496887,0.003619424703812133,-0.06646941404976256
03,295,1,0.40802213001383125,0.4767790815084806,0.5913159847259521,0.002256439818519471,-0.6048794002195651
03,296,1,0.4094052558782849,0.47763024906481505,0.5884267091751099,0.0016762965506717216,-0.7782714308310197
03,297,1,0.4107883817427386,0.4776369758530826,0.5858862400054932,0.002135630481449877,-0.7985777122509956
03,298,1,0.41217150760719223,0.47896530654174285,0.5894184708595276,0.0016348467912445904,-0.7515502032620864
03,299,1,0.4135546334716459,0.48254694858255176,0.5943976044654846,0.001202091317532991,-0.6480214929906345
03,300,1,0.4149377593360996,0.483554370093839,0.5861364603042603,0.0009822261092565475,-0.9476413603182485
03,301,1,0.41632088520055327,0.48470323519838765,0.5891433358192444,0.0009379774611959334,-0.855527307975422
03,302,1,0.41770401106500693,0.4835781655789138,0.5913456678390503,0.002456253548205012,-0.5766721134330794
03,303,1,0.4190871369294606,0.4850422274358091,0.5921499729156494,0.0021590465744524036,-0.590934143568519
03,304,1,0.42047026279391425,0.48470271885038946,0.5884533524513245,0.0031087347493364394,-0.5821331897454871
03,305,1,0.4218533886583679,0.4867878100226147,0.5793634057044983,0.0016348855477637293,-1.0797474916622107
03,306,1,0.42323651452282157,0.4853459212958567,0.5694670677185059,0.0032737631990635814,-1.1793589084282732
03,307,1,0.42461964038727523,0.4880183906446725,0.5836746096611023,0.0016610766492936892,-0.9354572000349121
03,308,1,0.4260027662517289,0.4845689083866345,0.5812220573425293,0.0052367558397373145,-0.5280766560282605
03,309,1,0.42738589211618255,0.4863902076980682,0.5892089009284973,0.003574262763484052,-0.4940113644254568
03,310,1,0.4287690179806362,0.4814882036731556,0.5899401307106018,0.008184607356140888,0.1583340756189093
03,311,1,0.43015214384508993,0.4842654278687226,0.5889374017715454,0.005113175048084399,-0.2930902034003018
03,312,1,0.4315352697095436,0.48121462409080323,0.5811161398887634,0.0065555168388305,-0.3517616322821097
03,313,1,0.43291839557399725,0.4804349644140609,0.5813501477241516,0.0064966054416149945,-0.352154239195147
03,314,1,0.4343015214384509,0.481030675421827,0.585723876953125,0.004412083612847101,-0.49355343651305816
03,315,1,0.43568464730290457,0.4836174075096628,0.579018771648407,0.002440384640104905,-0.9811916693481391
03,316,1,0.43706777316735823,0.4809107037998363,0.593507707118988,0.004255668082240688,-0.2608075735866148
03,317,1,0.4384508990318119,0.48272129312141054,0.586220920085907,0.0025560025441141616,-0.7303488665960209
03,318,1,0.43983402489626555,0.481570799188623,0.585543692111969,0.004091174797549652,-0.5431807432295972
03,319,1,0.4412171507607192,0.4845637227022164,0.5884280204772949,0.002011353177854256,-0.7325540336907719
03,320,1,0.4426002766251729,0.4815138880137689,0.5801138877868652,0.004519695712241198,-0.6619968318484147
03,321,1,0.44398340248962653,0.48262029040958565,0.5790626406669617,0.0035640893699075806,-0.8265774191017612
03,322,1,0.44536652835408025,0.4822725205933953,0.5958544015884399,0.0038866085081416648,-0.234520086414479
03,323,1,0.4467496542185339,0.48276698506773136,0.5998968482017517,0.0035675743849987148,-0.1460629435971379
03,324,1,0.44813278008298757,0.482895341899697,0.5889254808425903,0.0029900331444117885,-0.582903960826517
03,325,1,0.44951590594744123,0.48571603364195437,0.5840135812759399,0.0012444026180835222,-0.9811935908887981
03,326,1,0.4508990318118949,0.48539240187249333,0.5809308290481567,0.0016122724511897198,-1.0316685715824434
03,327,1,0.45228215767634855,0.4875068285451477,0.579531192779541,0.0007672095389715467,-1.192551588836432
03,328,1,0.4536652835408022,0.48599013604411073,0.593623697757721,0.0029794694687008518,-0.4309917400630242
03,329,1,0.45504840940525587,0.4880885001952273,0.5904923677444458,0.001985595124648302,-0.668683974987551
03,330,1,0.45643153526970953,0.48748837273262846,0.5880224108695984,0.0028480479546048295,-0.6317359196425294
03,331,1,0.4578146611341632,0.48865765734657146,0.5950859785079956,0.0022027560556955846,-0.4891429553015817
03,332,1,0.45919778699861685,0.487758741563332,0.5939620137214661,0.003389379039291024,-0.3640704540860753
03,333,1,0.4605809128630705,0.48980595762857704,0.5881741642951965,0.002089531581876084,-0.7301828274233706
03,334,1,0.46196403872752423,0.48848426091605285,0.5890994668006897,0.0035353754247128668,-0.5028844358737858
03,335,1,0.4633471645919779,0.4898621984177294,0.5900759696960449,0.0024064099688924897,-0.6249103516825679
03,336,1,0.46473029045643155,0.4887118813217833,0.5909520387649536,0.003857862332628051,-0.3984544170368349
03,337,1,0.4661134163208852,0.48999877589910645,0.5975342392921448,0.0028092526949176884,-0.3265534106074281
03,338,1,0.46749654218533887,0.4884319894754236,0.6011982560157776,0.004424243686232896,0.013196017392411746
03,339,1,0.46887966804979253,0.48998706473017184,0.5890001654624939,0.002915247394103735,-0.5906609370697071
03,340,1,0.4702627939142462,0.48876062117712393,0.5967575311660767,0.0041137607024858665,-0.17407629833539223
03,341,1,0.47164591977869985,0.48946296475383694,0.6001114249229431,0.0034236020896080107,-0.15868521163301322
03,342,1,0.4730290456431535,0.4884859788991983,0.5878470540046692,0.004266635157929255,-0.4440792228290754
03,343,1,0.47441217150760717,0.4898411801853989,0.5882402062416077,0.00292493122767237,-0.6141463116227946
03,344,1,0.47579529737206083,0.4890197459559256,0.5911984443664551,0.0037098943209523784,-0.4105824659983147
03,345,1,0.47717842323651455,0.4908553862640175,0.5873769521713257,0.002138464557009199,-0.7495337511220057
03,346,1,0.4785615491009682,0.4892008425048532,0.5888155698776245,0.003941684344270416,-0.456763340353616
03,347,1,0.47994467496542187,0.4908066734616816,0.590410053730011,0.002599093962672192,-0.5877391787623885
03,348,1,0.48132780082987553,0.4894867168639682,0.5889601707458496,0.004075899205639774,-0.4337474524168259
03,349,1,0.4827109266943292,0.4901981982332712,0.5845118761062622,0.0034811605633474326,-0.6600163066474656
03,350,1,0.48409405255878285,0.4894227013967511,0.5950338840484619,0.004092360392180983,-0.23325430897011631
03,351,1,0.4854771784232365,0.49056216623615007,0.5839270949363708,0.003008360275756472,-0.7435555472674704
03,352,1,0.48686030428769017,0.48981453504496053,0.5860276222229004,0.0036948646605631493,-0.581409626779852
03,353,1,0.48824343015214383,0.49110866054102253,0.5857852101325989,0.0024826937097491538,-0.7545640561905405
03,354,1,0.4896265560165975,0.48961995030493455,0.5810831189155579,0.004199019522775027,-0.6740748904144859
03,355,1,0.49100968188105115,0.49094381780875296,0.5735669732093811,0.0029244642460024535,-1.0931519502357347
03,356,1,0.49239280774550487,0.4895993105282661,0.585438072681427,0.004364384419640041,-0.5093845449365481
03,357,1,0.49377593360995853,0.4911199696631493,0.5840591788291931,0.0028318579184271366,-0.7633048908518085
03,358,1,0.4951590594744122,0.48896867597357485,0.587228536605835,0.004944040125689384,-0.37192476293455656
03,359,1,0.49654218533886585,0.49094918860669895,0.5793700218200684,0.003072574421689695,-0.8835471805704904
03,360,1,0.4979253112033195,0.48972818830995635,0.5829722881317139,0.004023051905954461,-0.6363991571931854
03,361,1,0.49930843706777317,0.4910309236627263,0.5850754380226135,0.00275253599860707,-0.7409467481081333
03,362,1,0.5006915629322268,0.48949083078777994,0.5938431024551392,0.00427036737344767,-0.2478563016944046
03,363,1,0.5020746887966805,0.4906387146678019,0.5936165452003479,0.0032530221969770097,-0.3939347597631847
03,364,1,0.5034578146611342,0.48895755629481563,0.5834737420082092,0.0048565620852390025,-0.506408139120669
03,365,1,0.5048409405255878,0.4906096471992204,0.5860466957092285,0.0031194678246537523,-0.6592245987313886
03,366,1,0.5062240663900415,0.48871066116374096,0.5802433490753174,0.004805480096652018,-0.6188132968182016
03,367,1,0.5076071922544951,0.4903723672982817,0.5961532592773438,0.0030611938187741945,-0.3372849481680049
03,368,1,0.5089903181189488,0.4893950049762352,0.6024333238601685,0.0038595070357679536,-0.02347507824105438
03,369,1,0.5103734439834025,0.49051355861124346,0.5852771401405334,0.0028503155711146174,-0.7210338689551783
03,370,1,0.5117565698478561,0.4899809842881273,0.5839998126029968,0.0033588677472365354,-0.6934011649844944
03,371,1,0.5131396957123098,0.49023061945850904,0.5918107032775879,0.003426813357951361,-0.4291873390194938
03,372,1,0.5145228215767634,0.4901010554485244,0.5918446183204651,0.003520940407992901,-0.41524902585021406
03,373,1,0.5159059474412172,0.49086645667820167,0.5829911828041077,0.002932051796387861,-0.784506505609377
03,374,1,0.5172890733056709,0.4891510976885154,0.58990877866745,0.004735635302813718,-0.312849807968436
03,375,1,0.5186721991701245,0.49079867930168514,0.5954563617706299,0.002985982041728178,-0.37028484305500636
03,376,1,0.5200553250345782,0.4893204273304018,0.5939974188804626,0.004500848971818333,-0.2114003043691139
03,377,1,0.5214384508990318,0.491108416676126,0.5804888010025024,0.002693306464827936,-0.8987310857509335
03,378,1,0.5228215767634855,0.4897939215627955,0.5931886434555054,0.0038926877093750896,-0.32070311156827236
03,379,1,0.5242047026279392,0.49028568062510325,0.5819138884544373,0.0035616346156373798,-0.7338458337607305
03,380,1,0.5255878284923928,0.4899578976960481,0.5852408409118652,0.0037611678755470725,-0.5980521890000919
03,381,1,0.5269709543568465,0.4907311341464925,0.5923391580581665,0.0031472990165141825,-0.45004142417234194
03,382,1,0.5283540802213001,0.49040589518400307,0.5962085127830505,0.0033782173465952527,-0.29226510404133377
03,383,1,0.5297372060857538,0.49062841271319807,0.5940237641334534,0.0033086932227021472,-0.37305390095489893
03,384,1,0.5311203319502075,0.4900624303455888,0.590821385383606,0.003960358612335163,-0.38874681777920894
03,385,1,0.5325034578146611,0.4908341825823473,0.5912712216377258,0.0032147395379618056,-0.47570599930379565
03,386,1,0.5338865836791148,0.49061377417213103,0.5795860290527344,0.0034609100571417724,-0.8235590533602044
03,387,1,0.5352697095435685,0.49103410679873993,0.5842332243919373,0.003092547177564878,-0.7220870450727163
03,388,1,0.5366528354080221,0.490372779269937,0.5910663604736328,0.003855298227753265,-0.39507243313035745
03,389,1,0.5380359612724758,0.49125934721534914,0.5900823473930359,0.003046317513428179,-0.5374706023873748
03,390,1,0.5394190871369294,0.49045997547839143,0.5968047380447388,0.003951980408636352,-0.1945891744727685
03,391,1,0.5408022130013831,0.49189805613487325,0.5925534963607788,0.0024760996023628114,-0.5345425655285037
03,392,1,0.5421853388658368,0.4906626829308394,0.597946047782898,0.0039268106167867885,-0.16076735097743308
03,393,1,0.5435684647302904,0.4913857119826802,0.5883094072341919,0.0032762574801716267,-0.5639950999778272
03,394,1,0.5449515905947441,0.4898346440693305,0.5876895785331726,0.004858916585354059,-0.3684800726728271
03,395,1,0.5463347164591977,0.4919563682760396,0.5947065949440002,0.002923330825136603,-0.40329817666195733
03,396,1,0.5477178423236515,0.4899517767983824,0.586171567440033,0.004600029039328529,-0.4533200466225053
03,397,1,0.5491009681881052,0.4917863818117991,0.5876049399375916,0.0027866091949082274,-0.6537376609625907
03,398,1,0.5504840940525588,0.4908523606877178,0.5912763476371765,0.003621886074158584,-0.4200368617399908
03,399,1,0.5518672199170125,0.491043398235036,0.5835904479026794,0.003685277681437224,-0.6622671556149455
03,400,1,0.5532503457814661,0.489778077874946,0.5744243264198303,0.004722355531276365,-0.8200806920553971
03,401,1,0.5546334716459198,0.4914485554114773,0.5882984399795532,0.003125301227553879,-0.5849312873330939
03,402,1,0.5560165975103735,0.4905521654653891,0.5952587723731995,0.0038203866098936697,-0.26298903985537714
03,403,1,0.5573997233748271,0.49161888743009374,0.5923224091529846,0.002678615839606849,-0.5144785548225854
03,404,1,0.5587828492392808,0.49025325578747375,0.5920531153678894,0.004188119780991273,-0.3174943262308363
03,405,1,0.5601659751037344,0.4915684697337149,0.5892155170440674,0.0029917003128821064,-0.5732097611252638
03,406,1,0.5615491009681881,0.4893052582712012,0.5863155722618103,0.00528489035595518,-0.35526002142501645
03,407,1,0.5629322268326418,0.4916923326180628,0.6055134534835815,0.0030612355793797376,-0.03175763398311732
03,408,1,0.5643153526970954,0.48933921269806696,0.5904793739318848,0.004957570427534708,-0.26397129921929463
03,409,1,0.5656984785615491,0.49092093812901494,0.5943712592124939,0.00321980613511132,-0.37382848217470166
03,410,1,0.5670816044260027,0.4895124910800663,0.5970290303230286,0.0043938983720086785,-0.12702632790202978
03,411,1,0.5684647302904564,0.4909053975799862,0.5810320377349854,0.003052800074305054,-0.8319937340772572
03,412,1,0.5698478561549101,0.49005330208967945,0.5932467579841614,0.003708161805092644,-0.3439606159485124
03,413,1,0.5712309820193637,0.4904241631016032,0.5862635374069214,0.003515823141072014,-0.598115998989833
03,414,1,0.5726141078838174,0.4894026385555213,0.5916982293128967,0.004413153930300989,-0.2984015544672144
03,415,1,0.573997233748271,0.4911972294837127,0.5813202857971191,0.0027700045304713296,-0.861135582157498
03,416,1,0.5753803596127247,0.4900679299700569,0.5843488574028015,0.003793357360560798,-0.6227789565355883
03,417,1,0.5767634854771784,0.49129744661138164,0.5841344594955444,0.0025674976893303976,-0.7968850215344518
03,418,1,0.5781466113416321,0.489562351843163,0.5925670862197876,0.004520913334993657,-0.25535195391944415
03,419,1,0.5795297372060858,0.4907654620242758,0.5867552161216736,0.0033577314757912953,-0.6036182522677367
03,420,1,0.5809128630705395,0.49090113314719336,0.5865558981895447,0.0031141184880144447,-0.6433331805602418
03,421,1,0.5822959889349931,0.49100892991679534,0.584128201007843,0.003214622512696605,-0.7088738714250113
03,422,1,0.5836791147994468,0.48953495545131404,0.6024259328842163,0.004616467804531341,0.07947183677063502
03,423,1,0.5850622406639004,0.49019374846549424,0.5837787985801697,0.0039508256923889125,-0.6199200430777858
03,424,1,0.5864453665283541,0.48814663429029137,0.6052417159080505,0.00585501147789638,0.3402175398373822
03,425,1,0.5878284923928078,0.4889185941470795,0.5938399434089661,0.004394426906882754,-0.2310477389269936
03,426,1,0.5892116182572614,0.48827819598504413,0.5973815321922302,0.00451224112648915,-0.0993881131158044
03,427,1,0.5905947441217151,0.48893742567348,0.5924118757247925,0.0035388215714858536,-0.39429590535283143
03,428,1,0.5919778699861687,0.48797310812807715,0.5822516083717346,0.0041890584188851,-0.637292673103397
03,429,1,0.5933609958506224,0.489955460135684,0.588117241859436,0.002436110069930445,-0.6847955609288872
03,430,1,0.5947441217150761,0.4892795998242397,0.5947940349578857,0.0030984016793201537,-0.37657859937827803
03,431,1,0.5961272475795297,0.4907695114457509,0.5898074507713318,0.0018854060237657212,-0.7046977036508897
03,432,1,0.5975103734439834,0.4868840264478674,0.5881025791168213,0.006202347458559046,-0.17186432011082015
03,433,1,0.598893499308437,0.49025444820582265,0.5975175499916077,0.0035264753549312557,-0.22932705833450043
03,434,1,0.6002766251728907,0.48675146023817745,0.5918110609054565,0.006137390265731205,-0.059672441825262906
03,435,1,0.6016597510373444,0.4911663555140664,0.5841723084449768,0.00257951692667344,-0.7940111612651045
03,436,1,0.603042876901798,0.4880796106494863,0.5934774279594421,0.0042764159749856786,-0.2589675684644593
03,437,1,0.6044260027662517,0.4915216130062313,0.5885917544364929,0.002365824012654027,-0.6788885502849412
03,438,1,0.6058091286307054,0.48827758851659175,0.5947118401527405,0.004694125358387116,-0.16173397118394922
03,439,1,0.607192254495159,0.49055231982748837,0.5906427502632141,0.00321990096794467,-0.4955160316491102
03,440,1,0.6085753803596127,0.4902722512397855,0.6013637781143188,0.0029274857831524366,-0.18543784555722972
03,441,1,0.6099585062240664,0.4906796244923726,0.5980594158172607,0.0030682726781401494,-0.274102021136463
03,442,1,0.6113416320885201,0.4902173765445363,0.6042943596839905,0.0033200234975117706,-0.036271772657505336
03,443,1,0.6127247579529738,0.49023083005618473,0.5929621458053589,0.0037915169928494615,-0.34188760730179235
03,444,1,0.6141078838174274,0.49039454439015484,0.5997908711433411,0.0035474302160534545,-0.1522681237034645
03,445,1,0.6154910096818811,0.49074671887359494,0.591435968875885,0.003225829020205709,-0.46881685601327694
03,446,1,0.6168741355463347,0.49056248874744074,0.5978907346725464,0.0034268327416654394,-0.2307293004117216
03,447,1,0.6182572614107884,0.49104745945012823,0.5970215797424316,0.0030281400897040596,-0.31344836764555123
03,448,1,0.6196403872752421,0.49070948715829693,0.6007283926010132,0.00357026973002125,-0.11855347382126069
03,449,1,0.6210235131396957,0.4907110509898094,0.5983534455299377,0.0036474415905443066,-0.18555299162469827
03,450,1,0.6224066390041494,0.4900516427016694,0.6008474230766296,0.004297932907737928,-0.015473915978092834
03,451,1,0.623789764868603,0.48761989115236853,0.61077880859375,0.006601972945595958,0.622776198660776
03,452,1,0.6251728907330567,0.506256406988451,0.6140499711036682,0.0128914349649264,1.5869220324127997
03,453,1,0.6265560165975104,0.5109628693501296,0.626261830329895,0.01371116736906647,2.097268616571367
03,454,1,0.627939142461964,0.55878715256648,0.6492212414741516,0.05647249599533689,8.675858757940592
03,455,1,0.6293222683264177,0.5516702979783215,0.6377880573272705,0.03644858203965265,5.5730330681402656
03,456,1,0.6307053941908713,0.5820375757751746,0.6416933536529541,0.04652644003134055,7.074307837521044
03,457,1,0.632088520055325,0.5694744643786525,0.6361673474311829,0.022017982940996297,3.552966931165883
03,458,1,0.6334716459197787,0.5996038398969192,0.6468809843063354,0.030519513199273603,5.061586014548584
03,459,1,0.6348547717842323,0.5919888086011069,0.6350700259208679,0.017226216523355344,2.86394081832937
03,460,1,0.636237897648686,0.6088641261333939,0.6293808221817017,0.01949599994744211,2.9876569230484975
03,461,1,0.6376210235131397,0.6044182565588214,0.6262471675872803,0.011284818375198732,1.766032467460648
03,462,1,0.6390041493775933,0.6127054440015738,0.6457232236862183,0.007894732181024907,1.9396078246183968
03,463,1,0.640387275242047,0.5984639381681724,0.6219050884246826,0.009986176243682025,1.447275098543464
03,464,1,0.6417704011065007,0.6069768750941954,0.6243875622749329,0.0062660978026972715,1.0211868426806916
03,465,1,0.6431535269709544,0.5981202458839825,0.6219199299812317,0.011112836594696777,1.6013447847152138
03,466,1,0.6445366528354081,0.6076059703065471,0.6254147887229919,0.006492924565501262,1.0856368548296138
03,467,1,0.6459197786998617,0.5901245007272784,0.609817385673523,0.01625921065893446,1.9078601634695258
03,468,1,0.6473029045643154,0.5831943690143088,0.6201959848403931,0.02110448301168058,2.9071258977337986
03,469,1,0.648686030428769,0.5466266394778897,0.6209092736244202,0.051726586028127984,7.104783499695568
03,470,1,0.6500691562932227,0.5352628720930179,0.6303683519363403,0.050216951811476555,7.2077408726985635
03,471,1,0.6514522821576764,0.5669956482950351,0.634786069393158,0.024294121151865286,3.8181622562912856
03,472,1,0.65283540802213,0.5789865439295525,0.6229676604270935,0.02235218344727006,3.167680152020419
03,473,1,0.6542185338865837,0.5706069271091176,0.6217116713523865,0.014955246352070458,2.118340698501296
03,474,1,0.6556016597510373,0.5919737267191669,0.6279996633529663,0.025418774839497615,3.74996212677992
03,475,1,0.656984785615491,0.5906656935243146,0.6381636261940002,0.011305435390131926,2.1578023838751994
03,476,1,0.6583679114799447,0.6057621027353501,0.6500310301780701,0.0191119258918237,3.609333879734119
03,477,1,0.6597510373443983,0.6019599333000065,0.6288560628890991,0.011235342277300189,1.844443637139554
03,478,1,0.661134163208852,0.6161253207821791,0.6407521963119507,0.014943002689481013,2.738164320979563
03,479,1,0.6625172890733056,0.614721461520344,0.6368539929389954,0.008921565347408147,1.7900884113087097
03,480,1,0.6639004149377593,0.6230305462285217,0.6344484686851501,0.009796387621063276,1.8308257716217542
03,481,1,0.665283540802213,0.6206073741473349,0.6357705593109131,0.004986081511774678,1.2182432200919664
03,482,1,0.6666666666666666,0.6288118411387158,0.6271273493766785,0.006598711446132363,1.15595649319782
03,483,1,0.6680497925311203,0.6226124668560913,0.6395056843757629,0.003844232375109163,1.1845038799471839
03,484,1,0.669432918395574,0.6312364705452396,0.6295139789581299,0.004103426335518652,0.8937024733215948
03,485,1,0.6708160442600276,0.6302310810185536,0.6338839530944824,0.003488726865534592,0.952545471045859
03,486,1,0.6721991701244814,0.6349100979818909,0.6330540776252747,0.003095179069252332,0.8718098476584292
03,487,1,0.673582295988935,0.6335924305747065,0.6221089959144592,0.00260736435852369,0.4480582415232798
03,488,1,0.6749654218533887,0.6394640416810577,0.6172289252281189,0.003379567627971594,0.3940361920276664
03,489,1,0.6763485477178424,0.6383417529376165,0.6099969744682312,0.0019192662128244336,-0.041085330544647136
03,490,1,0.677731673582296,0.6435016260833641,0.636931300163269,0.003332591266557719,1.0307282150164898
03,491,1,0.6791147994467497,0.6420882247144832,0.6145763993263245,0.0020394802584270183,0.12477694807218387
03,492,1,0.6804979253112033,0.6470958677526368,0.6135386824607849,0.0026550023755179146,0.1748127083203007
03,493,1,0.681881051175657,0.6450473168082791,0.6158960461616516,0.0018234882413776026,0.1384070861533619
03,494,1,0.6832641770401107,0.6508169215617603,0.6275916695594788,0.0027917086990809662,0.6521452115242313
03,495,1,0.6846473029045643,0.6622535353221124,0.6114025712013245,0.012399498589834025,1.433449227497079
03,496,1,0.686030428769018,0.6613652734198799,0.619601309299469,0.007632430791408209,1.0512182412520694
03,497,1,0.6874135546334716,0.6740527662092239,0.622173547744751,0.015590050408227503,2.2199524602110334
03,498,1,0.6887966804979253,0.670029677721194,0.6210103034973145,0.007045534618574042,1.0172034278499504
03,499,1,0.690179806362379,0.7149793502249562,0.6085034012794495,0.0444620830338651,5.70955932878674
03,500,1,0.6915629322268326,0.6848963747981487,0.6100637316703796,0.016957532399348104,2.0110955699653448
03,501,1,0.6929460580912863,0.7470122976848448,0.6092687249183655,0.05743080142347557,7.502423046926496
03,502,1,0.69432918395574,0.7468266218320398,0.6056713461875916,0.03981647143276559,4.98383429028336
03,503,1,0.6957123098201936,0.8158789281930083,0.6079166531562805,0.08885831303502247,11.74245872449454
03,504,1,0.6970954356846473,0.8169827174761153,0.6176550984382629,0.0649037039891606,8.794857507644673
03,505,1,0.6984785615491009,0.8304612409083388,0.6032729148864746,0.045194145588848274,5.638627584444408
03,506,1,0.6998616874135546,0.8389200705597089,0.6067502498626709,0.03279073943434477,4.061309274047124
03,507,1,0.7012448132780082,0.8401872838923635,0.5944321751594543,0.011119374723352556,0.705021400362163
03,508,1,0.7026279391424619,0.8382453111925537,0.6083982586860657,0.006479067407709161,0.5283194437907424
03,509,1,0.7040110650069157,0.837180703197131,0.5988383889198303,0.0038508953901040194,-0.14198956112092517
03,510,1,0.7053941908713693,0.8400422829201548,0.5940996408462524,0.002895412370187176,-0.42691529180877485
03,511,1,0.706777316735823,0.8351617303320884,0.6016213893890381,0.007344118991450874,0.42504189067902176
03,512,1,0.7081604426002767,0.8380768672620569,0.6096579432487488,0.003911771331800155,0.21946488547372683
03,513,1,0.7095435684647303,0.8420993750892506,0.6296019554138184,0.0024328787399805363,0.6688466372480579
03,514,1,0.710926694329184,0.8400071627823283,0.6062647104263306,0.002697398952874701,-0.05683407273796426
03,515,1,0.7123098201936376,0.8383690859816946,0.6006374359130859,0.004059151907724987,-0.05487840164794064
03,516,1,0.7136929460580913,0.836158529604351,0.5980890989303589,0.007071547197470105,0.2725893640819758
03,517,1,0.715076071922545,0.834335947712312,0.5872982144355774,0.008414544675082621,0.10344538336934983
03,518,1,0.7164591977869986,0.83143763743285,0.5980971455574036,0.009371998110309945,0.5864472550162824
03,519,1,0.7178423236514523,0.8327723952011467,0.6017280220985413,0.005894859004643757,0.23096071738795157
03,520,1,0.719225449515906,0.8305605665267481,0.5973272919654846,0.006707514983905286,0.19809906788872447
03,521,1,0.7206085753803596,0.8314910962997275,0.5916269421577454,0.004377494441525212,-0.30558947143821613
03,522,1,0.7219917012448133,0.8300437217603346,0.614673912525177,0.005113656127772007,0.5470285127693062
03,523,1,0.7233748271092669,0.8324762433485863,0.5888137817382812,0.0028305256109195966,-0.6082937906426205
03,524,1,0.7247579529737206,0.829178485515832,0.5911256074905396,0.00555637549100568,-0.16124937132266834
03,525,1,0.7261410788381742,0.8277919648338882,0.6042624711990356,0.006597375920220414,0.4094528849455237
03,526,1,0.7275242047026279,0.8276048637314637,0.5926132202148438,0.005859694156185061,-0.07134480877229929
03,527,1,0.7289073305670816,0.8269293531691815,0.5957625508308411,0.0059254902112495485,0.040420239937167285
03,528,1,0.7302904564315352,0.827605845491586,0.5984444618225098,0.003862275343993829,-0.15329624274595516
03,529,1,0.7316735822959889,0.8293747156738629,0.5957522988319397,0.001866289442196193,-0.5132607158822688
03,530,1,0.7330567081604425,0.8289888510214412,0.6182777881622314,0.002481797518070869,0.3058884717119822
03,531,1,0.7344398340248963,0.8321496478040104,0.5900415182113647,0.0006457338871020063,-0.866048527719461
03,532,1,0.73582295988935,0.8300062014766963,0.5950305461883545,0.0031155175440172574,-0.3665255313138159
03,533,1,0.7372060857538036,0.829997911268797,0.589582085609436,0.0037238967481942305,-0.4614324616165094
03,534,1,0.7385892116182573,0.8293542212186471,0.5916593074798584,0.004523385697077606,-0.28464529550292134
03,535,1,0.739972337482711,0.830141319136568,0.5983878970146179,0.0038276303284582288,-0.1598653226113211
03,536,1,0.7413554633471646,0.8294079634761589,0.5862686038017273,0.0040589038220067404,-0.5239183957355339
03,537,1,0.7427385892116183,0.8287316372180136,0.5910672545433044,0.004585670580017656,-0.2954795971446757
03,538,1,0.7441217150760719,0.8276376156155006,0.5809186697006226,0.005363123669834738,-0.5207530464630508
03,539,1,0.7455048409405256,0.8302351866932006,0.5873064994812012,0.002916795925600433,-0.6457319838437985
03,540,1,0.7468879668049793,0.8302717783325684,0.5876160264015198,0.0023232764411385528,-0.7165368661349818
03,541,1,0.7482710926694329,0.8300516569875079,0.5883520245552063,0.0027593515003013743,-0.6330681719259172
03,542,1,0.7496542185338866,0.8297945032474063,0.604705810546875,0.003346510182776566,-0.019231162535812196
03,543,1,0.7510373443983402,0.8316278535981717,0.5837633609771729,0.0022506661107726013,-0.8521880452896864
03,544,1,0.7524204702627939,0.8309112041435265,0.5769908428192139,0.0031171979208756114,-0.9551217919257468
03,545,1,0.7538035961272476,0.8295031794524113,0.5795458555221558,0.004685079064730366,-0.657992802517037
03,546,1,0.7551867219917012,0.8323326421647264,0.5865736603736877,0.0024148375202009444,-0.7380787192142924
03,547,1,0.7565698478561549,0.8300942468695506,0.5846779942512512,0.004591426993146877,-0.5032436772128788
03,548,1,0.7579529737206085,0.8308474995107916,0.5843216180801392,0.003454772669750553,-0.6698236000124798
03,549,1,0.7593360995850622,0.8308139256728545,0.5927019715309143,0.003472420349503955,-0.39387877731665083
03,550,1,0.7607192254495159,0.8313732841175923,0.579772412776947,0.0032407484598770105,-0.8474876075108377
03,551,1,0.7621023513139695,0.830367975807888,0.5893344879150391,0.004006217257797731,-0.43102852053611634
03,552,1,0.7634854771784232,0.8341473749537309,0.5915768146514893,0.0014665591148629344,-0.7040415494205958
03,553,1,0.7648686030428768,0.8301944909581174,0.5815492868423462,0.005073103202887561,-0.5397046837318403
03,554,1,0.7662517289073306,0.8326083554724093,0.5879439115524292,0.0029929214624596114,-0.6145491617457575
03,555,1,0.7676348547717843,0.8313584205807474,0.5871142745018005,0.004063082740277527,-0.49574559686131914
03,556,1,0.7690179806362379,0.8300074833553641,0.5877690315246582,0.005661631158875633,-0.25646141082466867
03,557,1,0.7704011065006916,0.8301562995274446,0.595121443271637,0.004477842087203418,-0.17784783819229574
03,558,1,0.7717842323651453,0.8296712876001398,0.5752356052398682,0.004953306156840112,-0.7621171621438544
03,559,1,0.7731673582295989,0.8282877594696672,0.5759505033493042,0.005602567319245325,-0.6502758608564395
03,560,1,0.7745504840940526,0.8315294195670739,0.5912479758262634,0.0024956811881741738,-0.5744860939192399
03,561,1,0.7759336099585062,0.8305223202195182,0.5837849378585815,0.002980825344551655,-0.7519491636461203
03,562,1,0.7773167358229599,0.8326570411840969,0.597130537033081,0.0013160476741047806,-0.5432827280354526
03,563,1,0.7786998616874136,0.8301540212924221,0.5847792029380798,0.004187067840655448,-0.5550620216970705
03,564,1,0.7800829875518672,0.8327622431488839,0.5831435322761536,0.0026311315635155798,-0.8205548946489023
03,565,1,0.7814661134163209,0.8298767224098221,0.6048945784568787,0.005239138074396657,0.24493152529101628
03,566,1,0.7828492392807745,0.832339521210391,0.5690225958824158,0.003127948417090496,-1.2137440311411578
03,567,1,0.7842323651452282,0.8303060988657869,0.5853383541107178,0.004568982172581418,-0.4847488431829032
03,568,1,0.7856154910096819,0.831871321583322,0.5939280390739441,0.00310599940255735,-0.4038094424690114
03,569,1,0.7869986168741355,0.831824505135702,0.5874856114387512,0.002865864904616958,-0.6468285436704866
03,570,1,0.7883817427385892,0.8333511098051966,0.5691113471984863,0.0018711174467419857,-1.3821771249188834
03,571,1,0.7897648686030428,0.8309869249985664,0.5847700834274292,0.004443287871923965,-0.5204320202805821
03,572,1,0.7911479944674965,0.8332604409195736,0.5810933113098145,0.002758345640017538,-0.8701334764963091
03,573,1,0.7925311203319502,0.8324965301506603,0.5809887647628784,0.0034511690870878938,-0.779100907698756
03,574,1,0.7939142461964038,0.8313565712403186,0.5863723754882812,0.004759134251169137,-0.42507649849327644
03,575,1,0.7952973720608575,0.8324270518137116,0.5747731924057007,0.00319001903655666,-1.0175801541076515
03,576,1,0.7966804979253111,0.83301095436136,0.5744535326957703,0.002966148192694554,-1.058531870825323
03,577,1,0.7980636237897649,0.8312974157508728,0.5802584886550903,0.0046173151636283135,-0.6439695948274041
03,578,1,0.7994467496542186,0.832901754665313,0.5763323307037354,0.0027969763018636275,-1.020268272451092
03,579,1,0.8008298755186722,0.8309403421539003,0.5671973824501038,0.0050609060169025085,-1.0098210380359398
03,580,1,0.8022130013831259,0.8337293141882018,0.5770508050918579,0.002576351780201245,-1.0268922151853923
03,581,1,0.8035961272475796,0.8325351317661664,0.5741495490074158,0.003274028946394056,-1.0264840502314265
03,582,1,0.8049792531120332,0.8355791481129882,0.5991339087486267,0.0015072895379597212,-0.4518217242007534
03,583,1,0.8063623789764869,0.8345357748730515,0.5770244002342224,0.002252163205251176,-1.0719471566897056
03,584,1,0.8077455048409405,0.8348024877031027,0.5805330872535706,0.0028843085549877774,-0.8712483391065626
03,585,1,0.8091286307053942,0.8346174074524622,0.5895473957061768,0.003337682184353566,-0.5152131541831388
03,586,1,0.8105117565698479,0.8373818166798954,0.5771372318267822,0.0017576556876131612,-1.135675061467689
03,587,1,0.8118948824343015,0.8346728636525735,0.5811901688575745,0.004253462047542925,-0.6631591721145492
03,588,1,0.8132780082987552,0.8383372777022008,0.5773583650588989,0.0017371364130121004,-1.1312543251021405
03,589,1,0.8146611341632088,0.8375743151188694,0.5769217014312744,0.002283924399854624,-1.0709696438402951
03,590,1,0.8160442600276625,0.8372774821798428,0.5754840970039368,0.003306040131530516,-0.978559973673117
03,591,1,0.8174273858921162,0.8354317419960743,0.5852442979812622,0.005125696690285839,-0.41192809937543706
03,592,1,0.8188105117565698,0.8359603413493636,0.5817286968231201,0.00478681692287172,-0.5728749173427364
03,593,1,0.8201936376210235,0.8361592318089783,0.5811320543289185,0.003993692375047678,-0.700467611306038
03,594,1,0.8215767634854771,0.8345091596528117,0.5893639922142029,0.005289993703741555,-0.2550623206040984
03,595,1,0.8229598893499308,0.835644876935685,0.5793203115463257,0.00346219578911047,-0.8320569416355608
03,596,1,0.8243430152143845,0.8352307327644191,0.5823078751564026,0.003929623695279103,-0.6708219866548137
03,597,1,0.8257261410788381,0.8330472069527505,0.5654269456863403,0.005930747360711555,-0.9490330863100555
03,598,1,0.8271092669432918,0.8350638852555453,0.5874870419502258,0.0034260111906594705,-0.5704232507519581
03,599,1,0.8284923928077456,0.834911825342919,0.5871465802192688,0.0034268041571695025,-0.581428002816181
03,600,1,0.8298755186721992,0.8346634506263426,0.5798481702804565,0.0034919159755543413,-0.8107759301196846
03,601,1,0.8312586445366529,0.8363994016761109,0.5689437985420227,0.0017637291115533728,-1.4022850745154303
03,602,1,0.8326417704011065,0.835862465042289,0.592871367931366,0.0029891297059289586,-0.4542313038292479
03,603,1,0.8340248962655602,0.8371263691679673,0.574894368648529,0.0019248705269365425,-1.1860887202760924
03,604,1,0.8354080221300139,0.8382994723943187,0.5840439200401306,0.0013054032568473014,-0.9718877696868362
03,605,1,0.8367911479944675,0.839119891021289,0.5880043506622314,0.0013939900718709626,-0.8305411793185087
03,606,1,0.8381742738589212,0.8351676230079892,0.5918785333633423,0.00602638042146533,-0.07260286027301466
03,607,1,0.8395573997233748,0.8375728633228586,0.5886960625648499,0.003931658950857956,-0.46203077332026987
03,608,1,0.8409405255878285,0.8381730474434484,0.5872315764427185,0.0030247996246881665,-0.633454551038107
03,609,1,0.8423236514522822,0.8378510112807684,0.586336076259613,0.0032492989411163882,-0.6320806143163278
03,610,1,0.8437067773167358,0.8388155900728163,0.5677023530006409,0.001967500213938431,-1.415028624844695
03,611,1,0.8450899031811895,0.839424975440632,0.5796164274215698,0.0022701066123294563,-0.984896009315033
03,612,1,0.8464730290456431,0.8415196887857932,0.5802686214447021,0.0009673871645944944,-1.1411935121091346
03,613,1,0.8478561549100968,0.8390054302721722,0.5850092768669128,0.003989340145818751,-0.5745063368844554
03,614,1,0.8492392807745505,0.8412253774538305,0.5754204392433167,0.002449580498242846,-1.0973895455441316
03,615,1,0.8506224066390041,0.8406104965779719,0.5635876059532166,0.003275325433123558,-1.3710546450949812
03,616,1,0.8520055325034578,0.8414177853567902,0.5738549828529358,0.002764416938640238,-1.1055686594749983
03,617,1,0.8533886583679114,0.8420477229102475,0.562010645866394,0.0021090035279321935,-1.5815193196663364
03,618,1,0.8547717842323651,0.8383789636362907,0.5895453095436096,0.006538335961407846,-0.07897121847063682
03,619,1,0.8561549100968188,0.838216089507646,0.5711353421211243,0.00598960663566758,-0.7546844095574645
03,620,1,0.8575380359612724,0.8397880076266643,0.575435221195221,0.0038866550039792815,-0.9010064473726938
03,621,1,0.8589211618257261,0.8418243941477469,0.5754778385162354,0.0020424289622523895,-1.151018507169985
03,622,1,0.8603042876901799,0.8416235600334273,0.5848371386528015,0.00152025771914818,-0.9167079477819353
03,623,1,0.8616874135546335,0.8409309344417898,0.5770720839500427,0.0030240324100698464,-0.9651702714175172
03,624,1,0.8630705394190872,0.8426110889669354,0.5876823663711548,0.002144275576435293,-0.7387727197761069
03,625,1,0.8644536652835408,0.8403610777389002,0.5803114175796509,0.004978370681563119,-0.5930232279107772
03,626,1,0.8658367911479945,0.8400809134970488,0.5851889252662659,0.00489270582120285,-0.4454965837420128
03,627,1,0.8672199170124482,0.840619290362659,0.5691816210746765,0.003968667321498029,-1.0939473775011923
03,628,1,0.8686030428769018,0.8393060858587289,0.5875853896141052,0.005203960805645472,-0.32484475874737057
03,629,1,0.8699861687413555,0.8433921236886294,0.5810290575027466,0.0016163003090459184,-1.027913269896396
03,630,1,0.8713692946058091,0.8405238291257185,0.5876101851463318,0.0039177282490364925,-0.4993733984903663
03,631,1,0.8727524204702628,0.8442085173096543,0.5780600309371948,0.0017637655713079398,-1.10472152370762
03,632,1,0.8741355463347165,0.8409573563708455,0.5955893397331238,0.004492236647825829,-0.1606132010317312
03,633,1,0.8755186721991701,0.8432017049726285,0.5736207365989685,0.0030644891703657563,-1.0723090228135927
03,634,1,0.8769017980636238,0.8420982218731877,0.5839915871620178,0.0037165840945124736,-0.6449061009754185
03,635,1,0.8782849239280774,0.8415956967696353,0.5803255438804626,0.004612707384932188,-0.6424090052314433
03,636,1,0.8796680497925311,0.8406819262658962,0.5782137513160706,0.004873272753666527,-0.6758189968964847
03,637,1,0.8810511756569848,0.844655248910249,0.5752911567687988,0.0021923575617665714,-1.1366737750192162
03,638,1,0.8824343015214384,0.8422535223257963,0.5820218920707703,0.0035962051519342593,-0.7256079172938165
03,639,1,0.8838174273858921,0.8436704896765406,0.5787833333015442,0.002218062914342148,-1.0191831825612345
03,640,1,0.8852005532503457,0.8428382237719378,0.5755848288536072,0.003569027045671189,-0.9394219116220529
03,641,1,0.8865836791147994,0.8431390033900914,0.5747427344322205,0.0038073218040280384,-0.9344242016708155
03,642,1,0.8879668049792531,0.8443018628031155,0.5856195688247681,0.00226540101096456,-0.789591805545005
03,643,1,0.8893499308437067,0.8435712026459256,0.5731891989707947,0.0035081462874842735,-1.0259157267306442
03,644,1,0.8907330567081605,0.8422222228979417,0.5836544036865234,0.0048323042778143895,-0.5038180485631333
03,645,1,0.8921161825726142,0.8436007249140105,0.5810966491699219,0.003299802043246533,-0.7962137134830425
03,646,1,0.8934993084370678,0.8444561907825413,0.5675398707389832,0.002559766555695506,-1.339594955394625
03,647,1,0.8948824343015215,0.8456448499260281,0.564507007598877,0.001409689407065204,-1.595366595550895
03,648,1,0.8962655601659751,0.8481799440868931,0.561456024646759,0.0006069929337742279,-1.8043750779377392
03,649,1,0.8976486860304288,0.8506248842099763,0.5723757147789001,0.00156250275961953,-1.3176965201552648
03,650,1,0.8990318118948825,0.8507001738418538,0.5630669593811035,0.0007391652878796073,-1.7337757203477537
03,651,1,0.9004149377593361,0.8521943682380342,0.5668078660964966,0.0006149511322468826,-1.628603327431093
03,652,1,0.9017980636237898,0.8528503427486164,0.5708165764808655,0.0011664538685614819,-1.422576609500907
03,653,1,0.9031811894882434,0.8545064296931092,0.5876018404960632,0.0007876192571481845,-0.9263392044493428
03,654,1,0.9045643153526971,0.8575610540329386,0.5845526456832886,0.001406271379546689,-0.9415324543416512
03,655,1,0.9059474412171508,0.8543732656056932,0.5856094360351562,0.0034967370954699347,-0.6220680002490033
03,656,1,0.9073305670816044,0.8584728217055111,0.5828678607940674,0.0012732925828780085,-1.0146522529797548
03,657,1,0.9087136929460581,0.8574838086737593,0.5837383270263672,0.0024550280333798897,-0.825146746748082
03,658,1,0.9100968188105117,0.8640501073827274,0.5856993794441223,0.0034854158552633267,-0.620675500985353
03,659,1,0.9114799446749654,0.8620449840897544,0.579058825969696,0.001948072897598802,-1.0469957362794196
03,660,1,0.9128630705394191,0.8622539210987096,0.5901393294334412,0.002080847185899003,-0.6672226606936031
03,661,1,0.9142461964038727,0.8616213402925392,0.5750041604042053,0.0034288190416869287,-0.9774882522812898
03,662,1,0.9156293222683264,0.8598356850417652,0.5886350870132446,0.006248857197155924,-0.14814282199181644
03,663,1,0.91701244813278,0.8592293097460378,0.5880061388015747,0.005801626907642768,-0.22963802047209286
03,664,1,0.9183955739972337,0.859647918564518,0.5989229679107666,0.004679099503233417,-0.026328874575602332
03,665,1,0.9197786998616874,0.8554074884667405,0.5897033214569092,0.008268028967463061,0.1619764514727255
03,666,1,0.921161825726141,0.8592788328846636,0.5785631537437439,0.004060502997454172,-0.7752103069459286
03,667,1,0.9225449515905948,0.858588129949845,0.5740600228309631,0.003548250620990327,-0.9920245977108735
03,668,1,0.9239280774550485,0.8602094376145292,0.5771901607513428,0.0019511740627467184,-1.107567195916891
03,669,1,0.9253112033195021,0.8567955583788622,0.5780837535858154,0.005167367873070841,-0.6399714282164632
03,670,1,0.9266943291839558,0.8600887899558327,0.5912195444107056,0.0031493787580183265,-0.48630268929434783
03,671,1,0.9280774550484094,0.8621388338334964,0.643501877784729,0.0019150864166152127,1.0519624049813938
03,672,1,0.9294605809128631,0.859205847781534,0.6415690183639526,0.004194261187134671,1.299567766930595
03,673,1,0.9308437067773168,0.8534882373823643,0.6213491559028625,0.009660974128055498,1.3847979329790294
03,674,1,0.9322268326417704,0.8642130404701114,0.6304579973220825,0.003820166265553109,0.885901986206788
03,675,1,0.9336099585062241,0.8493318967480076,0.6196882128715515,0.014021547141857462,1.925012984370996
03,676,1,0.9349930843706777,0.8668306959138021,0.634717583656311,0.006806940182659335,1.4320912394446075
03,677,1,0.9363762102351314,0.8579304261554195,0.6244533061981201,0.006989978590650935,1.122011487940429
03,678,1,0.9377593360995851,0.882480871145135,0.5903875827789307,0.019312402300311317,1.6898693952323869
03,679,1,0.9391424619640387,0.8719272115926321,0.6348500847816467,0.010187005659901684,1.8971834039894842
03,680,1,0.9405255878284924,0.8967330155023402,0.5924801230430603,0.023348760277604526,2.3084034189132057
03,681,1,0.941908713692946,0.8887961482121054,0.5790786743164062,0.01262313753995031,0.40886661767450305
03,682,1,0.9432918395573997,0.9048227910830178,0.6065918207168579,0.016246525446976107,1.8008468049102584
03,683,1,0.9446749654218534,0.9038918079406654,0.604128897190094,0.010913944695926905,0.9935234427413753
03,684,1,0.946058091286307,0.9132324949854129,0.6004570126533508,0.011079600277892234,0.8962532249201813
03,685,1,0.9474412171507607,0.9100537826675109,0.6086446642875671,0.0060837650527707475,0.48247501622822764
03,686,1,0.9488243430152143,0.9211672661621655,0.608233630657196,0.009575092970025238,0.9449931111011094
03,687,1,0.950207468879668,0.9211377935904952,0.5875949859619141,0.006192628719000861,-0.18975727464364261
03,688,1,0.9515905947441217,0.9277839881826335,0.5913740992546082,0.007794199808248889,0.1519195773296435
03,689,1,0.9529737206085753,0.9257353092055771,0.602645218372345,0.003850377825013237,-0.017803216019580903
03,690,1,0.9543568464730291,0.9304508834927592,0.5923903584480286,0.003006174138685415,-0.4676082236745367
03,691,1,0.9557399723374828,0.9310329413015648,0.598181426525116,0.002122051415232396,-0.3991074959333197
03,692,1,0.9571230982019364,0.9350382137232569,0.5979835391044617,0.0026954791546347527,-0.32739752940484257
03,693,1,0.9585062240663901,0.9332420941269556,0.5908781290054321,0.001794026069120846,-0.6822070346850551
03,694,1,0.9598893499308437,0.9366647032905764,0.5909255146980286,0.0012552529319894328,-0.7541053742385181
03,695,1,0.9612724757952974,0.9371466423586702,0.6134693026542664,0.0011385795917305324,-0.03416917287157628
03,696,1,0.9626556016597511,0.9405326427463578,0.6048367023468018,0.0015441240553449092,-0.2606583206206662
03,697,1,0.9640387275242047,0.9420091787551764,0.5950402617454529,0.0015207041015479232,-0.5836118373983539
03,698,1,0.9654218533886584,0.9447219551983591,0.5939890146255493,0.002041709387675397,-0.5469021547477051
03,699,1,0.966804979253112,0.9452358904953109,0.5896645784378052,0.0010027548638032978,-0.8296832841016754
03,700,1,0.9681881051175657,0.948240329434373,0.6012032628059387,0.0015234586125834086,-0.38207277571588094
03,701,1,0.9695712309820194,0.9486984633409893,0.6028105020523071,0.0007109130409634961,-0.4403770752548106
03,702,1,0.970954356846473,0.9539165823526059,0.5947397351264954,0.0036004687123593363,-0.3099096815515056
03,703,1,0.9723374827109267,0.953354115345672,0.5895933508872986,0.0017389692249284126,-0.7316481584181511
03,704,1,0.9737206085753803,0.9578154175919031,0.5987575650215149,0.003171090950504582,-0.23729797943136655
03,705,1,0.975103734439834,0.9573761820577251,0.5970690250396729,0.0017014645098642261,-0.49275086107848526
03,706,1,0.9764868603042877,0.9571184127891443,0.5961495041847229,0.002089115570820724,-0.46992028350336695
03,707,1,0.9778699861687413,0.9510734102639251,0.5962390303611755,0.008934575705174556,0.46616840631173034
03,708,1,0.979253112033195,0.9514169059145237,0.5837942957878113,0.008020903784139274,-0.06458509479295471
03,709,1,0.9806362378976486,0.9451131654145356,0.5924407839775085,0.012725016364782458,0.8589008699724229
03,710,1,0.9820193637621023,0.9426047646459218,0.5817182660102844,0.012167662972598884,0.43293441468322014
03,711,1,0.983402489626556,0.9412536127596696,0.5978897213935852,0.009890402823045482,0.6503452514631151
03,712,1,0.9847856154910097,0.9390908704932586,0.596024751663208,0.009598195713392595,0.5496382759039853
03,713,1,0.9861687413554634,0.933740967988812,0.5877700448036194,0.011866589362522882,0.5894255677586953
03,714,1,0.9875518672199171,0.9362365228695965,0.6060178875923157,0.007057371761102053,0.5294567800929297
03,715,1,0.9889349930843707,0.9317853073451551,0.5913326740264893,0.009387140205667579,0.367715531520634
03,716,0,0.9903181189488244,0.9400278179710316,0.6034694314002991,0.003627536253341868,-0.02127802050790578
03,717,0,0.991701244813278,0.92928313090783,0.6020548939704895,0.009756477158807312,0.7680420399419522
03,718,0,0.9930843706777317,0.9391589536263412,0.5962004065513611,0.004517366451508458,-0.13724199078802019
03,719,0,0.9944674965421854,0.933543676888335,0.6078904271125793,0.005805570978300099,0.41993317407593744
03,720,0,0.995850622406639,0.9352500452058156,0.5897890329360962,0.004808381754899665,-0.30684164507052114
03,721,0,0.9972337482710927,0.9287253782585229,0.5960087180137634,0.009175527421546063,0.49149719622775967
03,722,0,0.9986168741355463,0.9491233235405662,0.6055874228477478,0.011361856022824027,1.1021893201462662
05,15,0,0.02127659574468085,0.10723522500427861,0.5971611142158508,nan,nan
05,16,0,0.02269503546099291,0.11455726423220502,0.6039731502532959,nan,nan
05,17,0,0.024113475177304965,0.10070711098735716,0.6009368896484375,nan,nan
05,18,0,0.02553191489361702,0.11819828824702872,0.6044965982437134,nan,nan
05,19,1,0.02695035460992908,0.10449998899182113,0.6034606099128723,0.009726094541921342,0.8097836125942384
05,20,1,0.028368794326241134,0.11463728370452503,0.609250009059906,0.007605503929611548,0.70967575814468
05,21,1,0.029787234042553193,0.10415770092617758,0.6014580726623535,0.008944921079493918,0.6379309408417879
05,22,1,0.031205673758865248,0.11113271110017445,0.6015510559082031,0.006762861312986445,0.34350968429018297
05,23,1,0.032624113475177303,0.09787140948598624,0.6086535453796387,0.014327465717676817,1.6065382060127897
05,24,1,0.03404255319148936,0.12608273811830426,0.6277050971984863,0.015541007791099907,2.3938196776228446
05,25,1,0.03546099290780142,0.10942945856239673,0.6068162322044373,0.008315878297262236,0.7270735592116847
05,26,1,0.03687943262411347,0.11973745830860687,0.5923575758934021,0.00962584648294704,0.43370907205897674
05,27,1,0.03829787234042553,0.10359070032577301,0.5902654528617859,0.013281519816039018,0.8637589402052188
05,28,1,0.03971631205673759,0.11038963089652262,0.6056958436965942,0.0105934864360132,1.0009848338372311
05,29,1,0.04113475177304964,0.10809848098322587,0.6035711169242859,0.007097393782618474,0.4550486724753158
05,30,1,0.0425531914893617,0.11204374387354388,0.587797224521637,0.005327867778630376,-0.3010394780775354
05,31,1,0.04397163120567376,0.1057997742677073,0.600177526473999,0.006322818775047559,0.23869079365983825
05,32,1,0.04539007092198582,0.10921330791730544,0.5985356569290161,0.004449929631134362,-0.07021112250143365
05,33,1,0.04680851063829787,0.10311421869146245,0.5959250330924988,0.009266562091971683,0.5011754350240011
05,34,1,0.04822695035460993,0.11366668105931169,0.5888248085975647,0.004594060474325318,-0.3675305002510877
05,35,1,0.04964539007092199,0.098181098985067,0.5886972546577454,0.013359350521868218,0.8231819393989054
05,36,1,0.05106382978723404,0.10917753992908207,0.5738487243652344,0.006114558629619633,-0.6490848626995172
05,37,1,0.0524822695035461,0.1041967681630838,0.5762308239936829,0.007001123505948499,-0.45047622126948383
05,38,1,0.05390070921985816,0.11691768502148638,0.591259241104126,0.008268270201665184,0.21279536518048453
05,39,1,0.05531914893617021,0.11090667985935516,0.5779451727867126,0.0052109486460067056,-0.6385538889450444
05,40,1,0.05673758865248227,0.1176194721192592,0.5719178915023804,0.004813737913327861,-0.8894348771931652
05,41,1,0.05815602836879433,0.1092096637838231,0.5915650725364685,0.006792441529961554,0.0215943246663865
05,42,1,0.059574468085106386,0.12163281410830709,0.5996537804603577,0.004893483564318102,0.0267498562385962
05,43,1,0.06099290780141844,0.10221802109003832,0.5985219478607178,0.016216090400636318,1.5332930693254763
05,44,1,0.062411347517730496,0.11711707707732129,0.5959187150001526,0.00767454114302394,0.2839464522756597
05,45,1,0.06382978723404255,0.1044543504715433,0.5952826142311096,0.011681997566317657,0.80947637739644
05,46,1,0.06524822695035461,0.12238217157076155,0.5883328914642334,0.00993353634813413,0.34428525791807485
05,47,1,0.06666666666666667,0.10392750344175143,0.5937644839286804,0.011207355633653186,0.6952210829542103
05,48,1,0.06808510638297872,0.11892906205414806,0.5910150408744812,0.008497739488294707,0.23610557365259915
05,49,1,0.06950354609929078,0.10616152019532603,0.5966849327087402,0.009853705712213555,0.6060178056624359
05,50,1,0.07092198581560284,0.11378849347441491,0.5837947130203247,0.008523943301555752,0.004002384671836279
05,51,1,0.07234042553191489,0.10713440468085034,0.5833072066307068,0.007159194133548248,-0.19795136560251703
05,52,1,0.07375886524822695,0.11383620281978866,0.5934944152832031,0.005573798467694368,-0.0815551659953517
05,53,1,0.075177304964539,0.1086545985376077,0.5957522392272949,0.0051675107779757925,-0.06324335986490157
05,54,1,0.07659574468085106,0.12013771320003541,0.6010280251502991,0.005692334298881499,0.1805044797303635
05,55,1,0.07801418439716312,0.10651540683874487,0.6115468144416809,0.00951727699381416,1.0452557400796967
05,56,1,0.07943262411347518,0.11547448685024035,0.609084963798523,0.005419368465465598,0.40627672135990156
05,57,1,0.08085106382978724,0.10634107120583167,0.5981606841087341,0.00994643417381391,0.6668277554040203
05,58,1,0.08226950354609928,0.11519275047872168,0.5847796201705933,0.006407321306022514,-0.25238559670086663
05,59,1,0.08368794326241134,0.10700335854406727,0.5915154814720154,0.007469524322305865,0.11227491824104216
05,60,1,0.0851063829787234,0.11778436288706015,0.589113175868988,0.005049092699363483,-0.2960884890071522
05,61,1,0.08652482269503546,0.10804918963628464,0.5845039486885071,0.007123150165624076,-0.1638025594506623
05,62,1,0.08794326241134752,0.11983073553332771,0.5910072922706604,0.0051995321009551615,-0.21375578782397944
05,63,1,0.08936170212765958,0.10464622044048495,0.5901480317115784,0.012112645232688483,0.7005863992403154
05,64,1,0.09078014184397164,0.12375956038545821,0.5956647396087646,0.007589979238180337,0.2641291658893654
05,65,1,0.09219858156028368,0.10690488890426866,0.5967143177986145,0.010758491617608721,0.7303164903844457
05,66,1,0.09361702127659574,0.12403709516779009,0.5956746935844421,0.008728187448105796,0.41961351183656004
05,67,1,0.0950354609929078,0.11409149179617355,0.5800579786300659,0.00834299574752597,-0.1426331706689586
05,68,1,0.09645390070921986,0.12426310712473872,0.5909004211425781,0.0074184595177992025,0.08523792346499451
05,69,1,0.09787234042553192,0.11307998021032481,0.5918667912483215,0.008050101995543702,0.20288563982362084
05,70,1,0.09929078014184398,0.12347593909834069,0.6036954522132874,0.0060005733761053165,0.3095895435319719
05,71,1,0.10070921985815603,0.11256087091609844,0.5829181671142578,0.009758712664284517,0.1437140350712831
05,72,1,0.10212765957446808,0.11938058225980282,0.5907744765281677,0.006242939578761758,-0.0791187162814193
05,73,1,0.10354609929078014,0.11618833777562064,0.5962416529655457,0.004904911189075263,-0.08306596228813151
05,74,1,0.1049645390070922,0.12529825188810587,0.5892608165740967,0.005767272176159916,-0.19336788729203208
05,75,1,0.10638297872340426,0.11575516167014763,0.5954437255859375,0.006193803062747816,0.06658976620167745
05,76,1,0.10780141843971631,0.12692489642307767,0.5942580103874207,0.004800818343379439,-0.16200292686867063
05,77,1,0.10921985815602837,0.1119594343168409,0.590212881565094,0.01267418164538557,0.7792512332861492
05,78,1,0.11063829787234042,0.12739895409705368,0.579759418964386,0.006845528885646428,-0.35651154905846694
05,79,1,0.11205673758865248,0.11569463234899273,0.5915844440460205,0.008837750707656269,0.30104119095725135
05,80,1,0.11347517730496454,0.1273341488462738,0.5805854797363281,0.007385836768172165,-0.255894246280729
05,81,1,0.1148936170212766,0.11250128727877723,0.6018257141113281,0.011687459146501556,1.0237910878743761
05,82,1,0.11631205673758865,0.1294433324573152,0.5885959267616272,0.007352686633487114,0.001051928771211852
05,83,1,0.11773049645390071,0.11481153139485906,0.5877279043197632,0.010023772860969197,0.3368391161524421
05,84,1,0.11914893617021277,0.12740882248375562,0.5733585357666016,0.008084556462085855,-0.3965366739258556
05,85,1,0.12056737588652482,0.11702734379765099,0.598037600517273,0.007605853629014307,0.3437445653052104
05,86,1,0.12198581560283688,0.12640278713652375,0.5699783563613892,0.006971710741737879,-0.6585695458289813
05,87,1,0.12340425531914893,0.11383842533626873,0.6064478158950806,0.011166149889917125,1.1035945271462761
05,88,1,0.12482269503546099,0.12661752751509214,0.566531777381897,0.006454850926187605,-0.8415255120083379
05,89,1,0.12624113475177304,0.11624510901569494,0.6004869341850281,0.008318365953677461,0.5208210852448273
05,90,1,0.1276595744680851,0.12816569376199913,0.5863662958145142,0.006452585879510747,-0.1944252531254599
05,91,1,0.12907801418439716,0.11946979828100059,0.5918209552764893,0.0055144076727090775,-0.14427386930148905
05,92,1,0.13049645390070921,0.12940754143575542,0.5824039578437805,0.005485469299696615,-0.45559442870041517
05,93,1,0.13191489361702127,0.11688658784896021,0.5872066617012024,0.010027401797640818,0.32032017832786985
05,94,1,0.13333333333333333,0.13132453997543594,0.5955780148506165,0.0060226030715461116,0.04763522053039226
05,95,1,0.1347517730496454,0.12371077762717783,0.5999253392219543,0.006128606561012116,0.20398444891303688
05,96,1,0.13617021276595745,0.13391078808370152,0.5793992280960083,0.005752069788361008,-0.5173276540955876
05,97,1,0.1375886524822695,0.1275574407094976,0.5746975541114807,0.005441099841152131,-0.7131838680906109
05,98,1,0.13900709219858157,0.1365920270944866,0.5833330750465393,0.00421016823521319,-0.5991153669586317
05,99,1,0.14042553191489363,0.128615602649686,0.5857427716255188,0.0054191097520184224,-0.3556598746463933
05,100,1,0.14184397163120568,0.1392052037979527,0.5829465389251709,0.004300833759348832,-0.5993726709745056
05,101,1,0.14326241134751774,0.1260200933134893,0.5920713543891907,0.01056442927240493,0.5523133514886565
05,102,1,0.14468085106382977,0.14092117950033956,0.5973280668258667,0.006008774536913724,0.10287273740205358
05,103,1,0.14609929078014183,0.12607562000935457,0.5867258310317993,0.011206853829000813,0.4654073753250412
05,104,1,0.1475177304964539,0.1426336797573264,0.5883945822715759,0.007726058298459813,0.04537760405854774
05,105,1,0.14893617021276595,0.12698033055392532,0.5813549160957336,0.010524266614190645,0.1970482808624061
05,106,1,0.150354609929078,0.14467416065203936,0.5996755957603455,0.00834311797819417,0.49771274790423625
05,107,1,0.15177304964539007,0.12979075207849822,0.5840837955474854,0.008892149687651714,0.06363172779709608
05,108,1,0.15319148936170213,0.14348114182167537,0.5869185924530029,0.008352580248833265,0.08260739314542254
05,109,1,0.15460992907801419,0.12837165308051884,0.5808982253074646,0.011451897219004218,0.308595362714734
05,110,1,0.15602836879432624,0.13916420489583467,0.5861011147499084,0.008216615133272119,0.0373898613682887
05,111,1,0.1574468085106383,0.13106333142779084,0.577997088432312,0.007730560564329454,-0.29338827393471695
05,112,1,0.15886524822695036,0.13879465996479357,0.5841485261917114,0.00652098135689782,-0.25749080509518607
05,113,1,0.16028368794326242,0.1313000675322415,0.5732532739639282,0.006640348832981491,-0.5968454621057707
05,114,1,0.16170212765957448,0.1417308104179258,0.5951281785964966,0.004648550897117388,-0.15435713371463966
05,115,1,0.16312056737588654,0.13305694467334162,0.5956670641899109,0.006257226685334819,0.08252550166076476
05,116,1,0.16453900709219857,0.14131496359689388,0.592950701713562,0.004760505348881777,-0.21016959235413912
05,117,1,0.16595744680851063,0.13594725368933522,0.5916519165039062,0.004503769787555382,-0.2875605626387279
05,118,1,0.1673758865248227,0.14188698877875255,0.5879750847816467,0.004228784717633432,-0.4450599669192661
05,119,1,0.16879432624113475,0.13628620212579126,0.5897192358970642,0.005357289581778083,-0.23429327244491788
05,120,1,0.1702127659574468,0.14408724283785304,0.5833742022514343,0.0034605149447277045,-0.6999649654844458
05,121,1,0.17163120567375886,0.13817783540116138,0.5878453850746155,0.004966040479760123,-0.3487914401474288
05,122,1,0.17304964539007092,0.14438387454097584,0.5994268655776978,0.0035959393270109325,-0.1575367401241306
05,123,1,0.17446808510638298,0.13925516235026705,0.5967049598693848,0.005070580399166827,-0.04535951668915526
05,124,1,0.17588652482269504,0.1454583058339899,0.5883680582046509,0.0034779207114478345,-0.5345901649475562
05,125,1,0.1773049645390071,0.1365709534878426,0.577664852142334,0.008839795066744467,-0.1530228645560588
05,126,1,0.17872340425531916,0.14474807737759346,0.5848882794380188,0.004222406938811729,-0.5466843161398289
05,127,1,0.18014184397163122,0.13680457883325525,0.5854569673538208,0.008295499952156473,0.02711805661597516
05,128,1,0.18156028368794327,0.1445043778217663,0.5906931161880493,0.004926103527219083,-0.26128417791962644
05,129,1,0.1829787234042553,0.13333135372801433,0.5782164931297302,0.010917597175088582,0.1482269600362215
05,130,1,0.18439716312056736,0.14156881680432565,0.5806320905685425,0.005497521464120241,-0.5117861614129475
05,131,1,0.18581560283687942,0.1356258873137905,0.6140465140342712,0.007018348506038411,0.7861957226943379
05,132,1,0.18723404255319148,0.1408200180394991,0.5898841023445129,0.004997379200669499,-0.2779745808659997
05,133,1,0.18865248226950354,0.1307173938513984,0.5840964317321777,0.0107110791429975,0.3119988846384874
05,134,1,0.1900709219858156,0.14084852389771066,0.5834004878997803,0.00472977922425668,-0.5260821084923186
05,135,1,0.19148936170212766,0.1252129459935613,0.5817111134529114,0.015381963805026875,0.8708713340238365
05,136,1,0.19290780141843972,0.13987377932966302,0.5821855664253235,0.007152941327660194,-0.23541466343850792
05,137,1,0.19432624113475178,0.12683765560484267,0.574786365032196,0.010917459186229187,0.03624697917812025
05,138,1,0.19574468085106383,0.13757763025519684,0.5900079011917114,0.007886316211840112,0.11988337900935714
05,139,1,0.1971631205673759,0.12598682026333868,0.5788625478744507,0.00998063655546577,0.041588957899342915
05,140,1,0.19858156028368795,0.13469164192151553,0.5751625299453735,0.006875124233767343,-0.5025219952503415
05,141,1,0.2,0.12789819967998972,0.5851877331733704,0.006967191354222244,-0.1627436316054667
05,142,1,0.20141843971631207,0.131625178549172,0.5919969081878662,0.005314453862943679,-0.16578818456493666
05,143,1,0.2028368794326241,0.12549533896572973,0.5817918181419373,0.00814707516076275,-0.11274744959575128
05,144,1,0.20425531914893616,0.13018614768026665,0.5862923860549927,0.004960409674494393,-0.40024972416489196
05,145,1,0.20567375886524822,0.1230585771355023,0.5682886838912964,0.009334593106275737,-0.39161549665153317
05,146,1,0.20709219858156028,0.130750604566137,0.5883998274803162,0.0040327433366493465,-0.457920315240345
05,147,1,0.20851063829787234,0.1261729334019255,0.5926283001899719,0.004912084231988116,-0.20002985942796725
05,148,1,0.2099290780141844,0.13976682512318464,0.5803393125534058,0.008632805404238277,-0.0939437123858547
05,149,1,0.21134751773049645,0.1295605097507822,0.5844658017158508,0.004603088983375753,-0.5085800010180953
05,150,1,0.2127659574468085,0.14087051412904433,0.5807322859764099,0.00660077900181404,-0.3581207299021441
05,151,1,0.21418439716312057,0.13109202413877521,0.5947902202606201,0.006592625485447448,0.09962609865944869
05,152,1,0.21560283687943263,0.14196978270824065,0.5952906608581543,0.005714592145265617,-0.003731915423342856
05,153,1,0.2170212765957447,0.13262381801677184,0.581055760383606,0.006841343687927254,-0.3147688110364149
05,154,1,0.21843971631205675,0.14073816227189886,0.5889236330986023,0.0054995044750321765,-0.24087556601047377
05,155,1,0.2198581560283688,0.1347439150840083,0.5896751284599304,0.005453985722901841,-0.22255143770875802
05,156,1,0.22127659574468084,0.14096190333779632,0.5843284726142883,0.004553443774437554,-0.5198300814231952
05,157,1,0.2226950354609929,0.13227601354827534,0.6036741137504578,0.008582890152331987,0.6609119718510323
05,158,1,0.22411347517730495,0.1413079879929258,0.5826491117477417,0.004388425048950561,-0.597140489258711
05,159,1,0.225531914893617,0.13290759368769683,0.5825663805007935,0.00800681532604312,-0.10658541526451742
05,160,1,0.22695035460992907,0.14179948269739615,0.5808136463165283,0.004989961828285199,-0.5750501260459512
05,161,1,0.22836879432624113,0.12960452822570176,0.5777276158332825,0.011060195278860275,0.15170858573999102
05,162,1,0.2297872340425532,0.14665559647819051,0.5862992405891418,0.006858503280030298,-0.14127970297897843
05,163,1,0.23120567375886525,0.13095455943330875,0.5767663717269897,0.010379194861926063,0.027499758116169448
05,164,1,0.2326241134751773,0.14397173071422545,0.5924271941184998,0.007692388683741745,0.17241434892701735
05,165,1,0.23404255319148937,0.12609881079333654,0.5779838562011719,0.015289746942508576,0.7366407995278986
05,166,1,0.23546099290780143,0.13756299058355495,0.5866407752037048,0.009111880046040376,0.17704630763006723
05,167,1,0.23687943262411348,0.12913335817464305,0.5844714045524597,0.009186110810909736,0.11635598408739722
05,168,1,0.23829787234042554,0.13854442957053267,0.5922518968582153,0.007294028887047895,0.11238853247951996
05,169,1,0.2397163120567376,0.12910476550673314,0.5790385007858276,0.0073220857967721655,-0.31507891697047774
05,170,1,0.24113475177304963,0.13681827983905012,0.5943091511726379,0.005185714922775566,-0.10786493529923127
05,171,1,0.2425531914893617,0.12782441372699627,0.5903701782226562,0.009167748568731992,0.3063919105361011
05,172,1,0.24397163120567375,0.1313553657794862,0.5907913446426392,0.006356645625977628,-0.06306783377762581
05,173,1,0.2453900709219858,0.12299215817214788,0.5990838408470154,0.011875502063907055,0.9599287430317712
05,174,1,0.24680851063829787,0.132082776253068,0.5850995779037476,0.005083650385202993,-0.4223835498624591
05,175,1,0.24822695035460993,0.12575823969760522,0.5883222222328186,0.006397392808307878,-0.13810666068535443
05,176,1,0.24964539007092199,0.13288564743630893,0.5976669192314148,0.004390326845297937,-0.10669216826135265
05,177,1,0.251063829787234,0.12966627108875955,0.5807947516441345,0.0033361156503082722,-0.8011175703885278
05,178,1,0.2524822695035461,0.12861742551320426,0.5923194885253906,0.005072762128719666,-0.18820617767260134
05,179,1,0.25390070921985813,0.11899583722389527,0.5996237993240356,0.01382801273306272,1.2437176365075824
05,180,1,0.2553191489361702,0.12665951179774476,0.589754581451416,0.007587184023112804,0.07083747972061433
05,181,1,0.25673758865248225,0.11820151410930754,0.5998294353485107,0.011375201319581942,0.9160648226052471
05,182,1,0.2581560283687943,0.12314690609869162,0.5911285281181335,0.005317925275429184,-0.19365934341673652
05,183,1,0.25957446808510637,0.10908463706188568,0.5902231335639954,0.016258259268512626,1.268163861105343
05,184,1,0.26099290780141843,0.11744653969386983,0.5948930978775024,0.008881117107420445,0.41494904359728146
05,185,1,0.2624113475177305,0.10673156745314394,0.5938737392425537,0.013830285810783228,1.0563425398204342
05,186,1,0.26382978723404255,0.12035158336414374,0.6018535494804382,0.006928441349922216,0.3759549428626619
05,187,1,0.2652482269503546,0.1067942135733924,0.6024975180625916,0.010201322342856907,0.8431303866965261
05,188,1,0.26666666666666666,0.11683597686754621,0.5974722504615784,0.006786476312467018,0.21359452080123853
05,189,1,0.2680851063829787,0.1087242270711201,0.6036871671676636,0.007546062266424984,0.5199986669851374
05,190,1,0.2695035460992908,0.11336177609061376,0.6064413785934448,0.006135670701392059,0.4176343497274997
05,191,1,0.27092198581560284,0.09979627424126192,0.5802012085914612,0.015224728182394716,0.8001530436455077
05,192,1,0.2723404255319149,0.10771614852426693,0.6047852635383606,0.008796915403261874,0.7263561958643361
05,193,1,0.27375886524822696,0.11176672448680551,0.5794468522071838,0.005080176708246635,-0.6073649934964124
05,194,1,0.275177304964539,0.12352954753646155,0.5938798189163208,0.011777362677735994,0.7766884863950914
05,195,1,0.2765957446808511,0.1553918096111192,0.7114430069923401,0.04109768189093175,8.61092984352402
05,196,1,0.27801418439716313,0.22442535671914715,0.6496029496192932,0.09623234515649533,14.1083421168202
05,197,1,0.2794326241134752,0.2299150524865538,0.6162480115890503,0.07254473887518192,9.790547948776073
05,198,1,0.28085106382978725,0.274155955465952,0.6120001673698425,0.08724855985464305,11.65630676092822
05,199,1,0.2822695035460993,0.27780839230850957,0.6143940687179565,0.05324439471482804,7.099030026105473
05,200,1,0.28368794326241137,0.30445965995112756,0.6294263601303101,0.0492915166830984,7.050839346603552
05,201,1,0.2851063829787234,0.3003822829115182,0.6202791333198547,0.02796264315989634,3.844737669806201
05,202,1,0.2865248226950355,0.30985405255983517,0.6264386773109436,0.017060525877569843,2.5596223086814534
05,203,1,0.28794326241134754,0.30805446584406615,0.6271840333938599,0.008312368518136014,1.3914107647269123
05,204,1,0.28936170212765955,0.31250893940738517,0.6121847629547119,0.0033387082531802963,0.22382219377655443
05,205,1,0.2907801418439716,0.31173008946106856,0.6210713982582092,0.002763169998311283,0.43542978699920076
05,206,1,0.29219858156028367,0.3132600824884328,0.6291645169258118,0.0013629999701190937,0.5087235770535949
05,207,1,0.2936170212765957,0.31389420938157664,0.6362506151199341,0.001132447492014515,0.7085888274443173
05,208,1,0.2950354609929078,0.3152724657944333,0.6286760568618774,0.0011678184131710097,0.46617302459160337
05,209,1,0.29645390070921984,0.31512386345287596,0.6169131398200989,0.0020073023514903783,0.19666291552483883
05,210,1,0.2978723404255319,0.31673697687823515,0.6395663619041443,0.001330798332164932,0.8438555268672874
05,211,1,0.29929078014184396,0.31680071427395773,0.6424463391304016,0.002048118625810999,1.0356438948760098
05,212,1,0.300709219858156,0.3197052415274325,0.6389044523239136,0.0007869577564596558,0.7481146312931212
05,213,1,0.3021276595744681,0.31971898961086526,0.6538516283035278,0.0009870195045069237,1.2632704762297038
05,214,1,0.30354609929078014,0.32193498176195656,0.6452158093452454,0.0006990194348088724,0.9421329496356412
05,215,1,0.3049645390070922,0.326107362567618,0.6306672096252441,0.0029754267510765124,0.7775767108216383
05,216,1,0.30638297872340425,0.32723742371877124,0.6186544895172119,0.0019321860578357351,0.2432616974293877
05,217,1,0.3078014184397163,0.3316183754978841,0.6350295543670654,0.0042767320600928275,1.097358600598279
05,218,1,0.30921985815602837,0.3295552017862777,0.6327442526817322,0.0016978349170380736,0.6712123957265145
05,219,1,0.31063829787234043,0.33548661677518565,0.6229579448699951,0.0032650718595594068,0.5654264290698121
05,220,1,0.3120567375886525,0.3405667108138892,0.6219750642776489,0.006000352346371004,0.9062154858880626
05,221,1,0.31347517730496455,0.35575996787241326,0.6298337578773499,0.01786128763111558,2.7795985775636196
05,222,1,0.3148936170212766,0.36305967692127944,0.6173019409179688,0.01912559858634949,2.5429031824169535
05,223,1,0.31631205673758866,0.37671130533748637,0.6024423837661743,0.024401108218805978,2.7770318596461765
05,224,1,0.3177304964539007,0.376856668964666,0.6074790358543396,0.014886008696418315,1.6443416414276952
05,225,1,0.3191489361702128,0.39328695233394695,0.608696460723877,0.02159809353699718,2.5990639417999395
05,226,1,0.32056737588652484,0.3929763057383199,0.6168475151062012,0.012779414928397927,1.6629648648279556
05,227,1,0.3219858156028369,0.41364685102273757,0.6074418425559998,0.025097088906144267,3.0350922169630072
05,228,1,0.32340425531914896,0.4159059673639004,0.6060317158699036,0.01812231882599427,2.0382710308321856
05,229,1,0.324822695035461,0.43674917541986874,0.6126059293746948,0.02920320228215407,3.7633921109134736
05,230,1,0.3262411347517731,0.4321301810694056,0.5967332124710083,0.016746540140039717,1.5472182088976307
05,231,1,0.3276595744680851,0.4457055388956779,0.6033563017845154,0.017505541153711307,1.8668655834071026
05,232,1,0.32907801418439714,0.44641697678239156,0.5980669856071472,0.010564978933430776,0.7480888111842687
05,233,1,0.3304964539007092,0.45726079365719285,0.5967586040496826,0.013418371592368418,1.094354283848431
05,234,1,0.33191489361702126,0.44787229070659734,0.5917815566062927,0.0060955275177632185,-0.0663421668788072
05,235,1,0.3333333333333333,0.4588652494272102,0.59183669090271,0.006593949117943494,0.0034017960797138036
05,236,1,0.3347517730496454,0.4562250992826645,0.6074204444885254,0.004740803094255819,0.25944456731942644
05,237,1,0.33617021276595743,0.4604794043662541,0.5911300778388977,0.0037255540783830083,-0.41067926212332384
05,238,1,0.3375886524822695,0.4588496619296951,0.6256619095802307,0.003217925432133028,0.6472582922571035
05,239,1,0.33900709219858155,0.4625294521725623,0.5917620658874512,0.0017858639498738666,-0.6544675259770809
05,240,1,0.3404255319148936,0.4602159944500598,0.5737524628639221,0.0028968640107227385,-1.0908599085501822
05,241,1,0.34184397163120567,0.4640549071965743,0.5829986929893494,0.0017041908443630677,-0.9516421873793384
05,242,1,0.3432624113475177,0.4624260970259047,0.5631002187728882,0.002578360934306673,-1.4819727436902852
05,243,1,0.3446808510638298,0.4651742636535367,0.5794260501861572,0.0017039577778906962,-1.0682868834579007
05,244,1,0.34609929078014184,0.46335501036470095,0.5745961666107178,0.0032047592398064375,-1.0213489981381092
05,245,1,0.3475177304964539,0.46842883687387876,0.5714493989944458,0.001770911670449688,-1.319521849273952
05,246,1,0.34893617021276596,0.4683029116401015,0.5776728987693787,0.0012371074796047243,-1.1891512415986898
05,247,1,0.350354609929078,0.4702266058045692,0.5770695209503174,0.0012046854352509512,-1.2132655500981429
05,248,1,0.3517730496453901,0.4716156094971587,0.5700262784957886,0.0010309893638137174,-1.466838738322087
05,249,1,0.35319148936170214,0.4734622362950302,0.5630239844322205,0.0005836548259297364,-1.756377480953299
05,250,1,0.3546099290780142,0.47440726025823965,0.5730599761009216,0.0002651456646420242,-1.4722163388417986
05,251,1,0.35602836879432626,0.4751338041017058,0.5687586665153503,0.0008860778850321412,-1.5279684473004962
05,252,1,0.3574468085106383,0.47523324132227346,0.5685341954231262,0.0020134402387486346,-1.3816143544868402
05,253,1,0.3588652482269504,0.47679291944000785,0.5745233297348022,0.0014196183315624313,-1.2670751148622972
05,254,1,0.36028368794326243,0.47587697219376013,0.5803008079528809,0.0031067881097850804,-0.8485018587821956
05,255,1,0.3617021276595745,0.4796269814256808,0.581236720085144,0.0009225183110177443,-1.1157107462484408
05,256,1,0.36312056737588655,0.478397961766942,0.5758718252182007,0.0020765208514770513,-1.1335112023178238
05,257,1,0.3645390070921986,0.47813551489998307,0.5746873617172241,0.0031301478296031056,-1.0285432976117135
05,258,1,0.3659574468085106,0.47938500692152036,0.5678157210350037,0.0022163046730596077,-1.3774114496934438
05,259,1,0.36737588652482267,0.47951556445211724,0.5667975544929504,0.0029627558244028325,-1.3088894372950466
05,260,1,0.36879432624113473,0.4782249170526058,0.583986759185791,0.004225548980523378,-0.5756820873405991
05,261,1,0.3702127659574468,0.47966304030748336,0.58253413438797,0.002744835369902863,-0.8249459666164705
05,262,1,0.37163120567375885,0.48046752524516456,0.5744696855545044,0.0023215609612556283,-1.1458741414243876
05,263,1,0.3730496453900709,0.48181546147998555,0.5772007703781128,0.001244254307345702,-1.203587509914867
05,264,1,0.37446808510638296,0.48057882704369864,0.5735738277435303,0.0030558630005996625,-1.0750160634484986
05,265,1,0.375886524822695,0.48241453871097706,0.558440089225769,0.0020080938601359823,-1.7118200592893118
05,266,1,0.3773049645390071,0.48087477615986773,0.5653300285339355,0.0040362659830772115,-1.2104503829189317
05,267,1,0.37872340425531914,0.4822733541117521,0.5790163278579712,0.0027395007598686434,-0.9404962156211497
05,268,1,0.3801418439716312,0.48193941056081163,0.5698267221450806,0.0031879174687507424,-1.1793220073175492
05,269,1,0.38156028368794326,0.48176625702472065,0.571352481842041,0.00370121688411999,-1.0595479347820003
05,270,1,0.3829787234042553,0.48296686124314936,0.5655572414398193,0.0023385422441271593,-1.4344660942301801
05,271,1,0.3843971631205674,0.48220759230362076,0.5724869966506958,0.003620832454476167,-1.0334747073839363
05,272,1,0.38581560283687943,0.4825443543793699,0.5671332478523254,0.0032676299266942545,-1.2563720880043152
05,273,1,0.3872340425531915,0.48155744639662845,0.5732083916664124,0.004405773864075213,-0.902925543537171
05,274,1,0.38865248226950355,0.48267906037530184,0.5764260292053223,0.0032319572283787653,-0.9579137250322015
05,275,1,0.3900709219858156,0.48205061349416456,0.5677133202552795,0.003788453892554178,-1.1664400025912616
05,276,1,0.39148936170212767,0.4818480338217833,0.5719828009605408,0.003951788862571371,-1.0048162600623773
05,277,1,0.39290780141843973,0.4814946140096959,0.5834378004074097,0.004131128535262149,-0.6064716920500894
05,278,1,0.3943262411347518,0.48221860129523586,0.5674203038215637,0.0033914331529890348,-1.2301256952915751
05,279,1,0.39574468085106385,0.48278916365153346,0.5743734836578369,0.002705756026674969,-1.0966411215567893
05,280,1,0.3971631205673759,0.4810235357327209,0.5948200821876526,0.004656021484829753,-0.16339517791473857
05,281,1,0.39858156028368796,0.48255955588027627,0.5653972625732422,0.0029634960841887666,-1.3544947844855943
05,282,1,0.4,0.4828587772749684,0.5695553421974182,0.0028808908879616986,-1.2300335570905998
05,283,1,0.4014184397163121,0.48450016208919294,0.5632846355438232,0.0015018516711848597,-1.6227019862887815
05,284,1,0.40283687943262414,0.48248180723020345,0.5749457478523254,0.0038456545370746777,-0.9225722566247263
05,285,1,0.40425531914893614,0.4851247218305192,0.5795990228652954,0.0021703743066897353,-0.9990595146144088
05,286,1,0.4056737588652482,0.48360969052865055,0.5722771286964417,0.003723630600558939,-1.0263115629738735
05,287,1,0.40709219858156026,0.4854635725398206,0.5798072814941406,0.0022660271037967562,-0.9792225474916664
05,288,1,0.4085106382978723,0.4831244659475711,0.5709658265113831,0.004637436107715884,-0.944544066850201
05,289,1,0.4099290780141844,0.48562712649572154,0.5642304420471191,0.0028283797083848185,-1.410999348849638
05,290,1,0.41134751773049644,0.4833116150874252,0.5752606987953186,0.004736552813504225,-0.7908457016549791
05,291,1,0.4127659574468085,0.48524013083236317,0.5791702270507812,0.0029793852761312335,-0.9027720403045382
05,292,1,0.41418439716312055,0.48311162566328536,0.5690767765045166,0.0048061629504733945,-0.9832029643394756
05,293,1,0.4156028368794326,0.48550810842000913,0.5659362077713013,0.0028863206964423634,-1.3474238063528212
05,294,1,0.41702127659574467,0.483062699477289,0.575552761554718,0.004822124546470197,-0.7696475649158545
05,295,1,0.41843971631205673,0.48602075392716915,0.5623812079429626,0.002562477614398404,-1.5076068310514859
05,296,1,0.4198581560283688,0.482547734246541,0.5762839317321777,0.005470016648385656,-0.6574617638428343
05,297,1,0.42127659574468085,0.48442729195788325,0.5698809027671814,0.0036708741339307217,-1.1117173377770642
05,298,1,0.4226950354609929,0.48273753853201706,0.5714918375015259,0.004869035393192067,-0.8958034030174985
05,299,1,0.42411347517730497,0.48578470551983943,0.5803493857383728,0.002545770858365163,-0.9233935839604449
05,300,1,0.425531914893617,0.48194685591434344,0.5784602165222168,0.005519415672715256,-0.5796926658398651
05,301,1,0.4269503546099291,0.4857269900065922,0.5669115781784058,0.002760738238943756,-1.3327064867042422
05,302,1,0.42836879432624114,0.4825440363866024,0.5830654501914978,0.005096940129584113,-0.48696689433755463
05,303,1,0.4297872340425532,0.4863379352105802,0.5671045780181885,0.0024735916109691553,-1.365550422030386
05,304,1,0.43120567375886526,0.48217871491723735,0.5795735120773315,0.005552193485280727,-0.5388858784701495
05,305,1,0.4326241134751773,0.48604614701935883,0.5758963227272034,0.0029580513803457616,-1.0125422012344734
05,306,1,0.4340425531914894,0.48407753285995897,0.5669227838516235,0.0037911295464742424,-1.191878780615442
05,307,1,0.43546099290780144,0.48646346505029286,0.5710952877998352,0.002263146765048716,-1.2639792110769648
05,308,1,0.4368794326241135,0.4847522900157497,0.571169912815094,0.0035311289689508004,-1.0886933032439023
05,309,1,0.43829787234042555,0.4868128208648084,0.5695992112159729,0.0024258665144518167,-1.2906301322135623
05,310,1,0.4397163120567376,0.48482341462070866,0.5775232911109924,0.004295066599982325,-0.777176482130876
05,311,1,0.44113475177304967,0.487622042860872,0.575395405292511,0.002363832115490381,-1.1098958034095259
05,312,1,0.4425531914893617,0.4856116630108151,0.5736960172653198,0.0039829331027080835,-0.9446504335033763
05,313,1,0.44397163120567373,0.488036206217616,0.5857843160629272,0.00226711394347626,-0.7839808644506389
05,314,1,0.4453900709219858,0.4862344835222252,0.5664117336273193,0.003880802178266263,-1.196335640025586
05,315,1,0.44680851063829785,0.4881799215747515,0.5703895688056946,0.0025424595727845424,-1.248938595199907
05,316,1,0.4482269503546099,0.4861719149513654,0.5802723169326782,0.004435607652975041,-0.6682884248481228
05,317,1,0.44964539007092197,0.4883979725613682,0.5699236989021301,0.0027442510285135314,-1.2366368156684304
05,318,1,0.451063829787234,0.4875926487944148,0.5819900631904602,0.0032453783810012906,-0.7744711948555414
05,319,1,0.4524822695035461,0.4879402745471594,0.5791598558425903,0.0032372939463040764,-0.8679527013254784
05,320,1,0.45390070921985815,0.48903979977588896,0.5960228443145752,0.0020778569606764693,-0.4755892905864976
05,321,1,0.4553191489361702,0.48906779971714337,0.573449432849884,0.002766828225552906,-1.1184773188191541
05,322,1,0.45673758865248226,0.48928105694393614,0.5806633234024048,0.002721027787703942,-0.8892556396434447
05,323,1,0.4581560283687943,0.48966093664408117,0.5651530027389526,0.0027632501249392734,-1.3897648884970963
05,324,1,0.4595744680851064,0.48931183008149043,0.5710130929946899,0.0035425222117605017,-1.0922588681361591
05,325,1,0.46099290780141844,0.4894783733406945,0.5677796006202698,0.0034439865289567885,-1.2112340349489714
05,326,1,0.4624113475177305,0.48940555141879644,0.5886074304580688,0.0036194518567426283,-0.5074835408099589
05,327,1,0.46382978723404256,0.48993375022458163,0.5799155235290527,0.0031223766696724916,-0.8589527259346141
05,328,1,0.4652482269503546,0.4897022335826597,0.5818636417388916,0.0034220967067195686,-0.7545075856329766
05,329,1,0.4666666666666667,0.4899229323560692,0.5874114036560059,0.0032989988086023743,-0.5902063292825405
05,330,1,0.46808510638297873,0.4896653440151592,0.5726091861724854,0.0036677269033560363,-1.0230937717121116
05,331,1,0.4695035460992908,0.4902135909548678,0.5818138718605042,0.0031844281127381665,-0.7885308534267275
05,332,1,0.47092198581560285,0.48945334457940876,0.5864918828010559,0.004014634670768719,-0.5226651806354987
05,333,1,0.4723404255319149,0.4899676527781748,0.5760786533355713,0.003438104221189964,-0.941150495822393
05,334,1,0.47375886524822697,0.489844202037445,0.5805824398994446,0.003572735067446137,-0.775791806253995
05,335,1,0.475177304964539,0.490569860867199,0.5745761394500732,0.00289179074326362,-1.0646662580426733
05,336,1,0.4765957446808511,0.4908582784508853,0.5754978656768799,0.0026924406376600514,-1.0617558469073654
05,337,1,0.47801418439716314,0.4908567998662106,0.5745134949684143,0.003045152690203887,-1.0458048542333034
05,338,1,0.4794326241134752,0.4905410890995342,0.5880685448646545,0.003583150228889301,-0.5300216504960897
05,339,1,0.4808510638297872,0.4910328522386903,0.5667880177497864,0.003265608855255506,-1.2679160891374242
05,340,1,0.48226950354609927,0.49021129380319883,0.5677829384803772,0.004202915133619781,-1.107668671644119
05,341,1,0.4836879432624113,0.49090307736591593,0.5632911920547485,0.003349385408981065,-1.3706339650356305
05,342,1,0.4851063829787234,0.49048843172321177,0.5709156394004822,0.003775600426611553,-1.0636668073296256
05,343,1,0.48652482269503544,0.49076916090130523,0.5729318857192993,0.0034817069044374817,-1.0379187566216541
05,344,1,0.4879432624113475,0.49037916923400493,0.5804517865180969,0.0038057757373915176,-0.7482885219028557
05,345,1,0.48936170212765956,0.4910727685550318,0.5884568691253662,0.003154145274066181,-0.5758280848328747
05,346,1,0.4907801418439716,0.490548386581205,0.5846424102783203,0.0037209500451719614,-0.6230677327987547
05,347,1,0.4921985815602837,0.4912484805533341,0.5676961541175842,0.003035844787541123,-1.2695952600059104
05,348,1,0.49361702127659574,0.4902042514073806,0.58449786901474,0.004199903846501843,-0.5624951157964492
05,349,1,0.4950354609929078,0.4913830425218305,0.5753280520439148,0.0029773832753958425,-1.0284555475151331
05,350,1,0.49645390070921985,0.4909016614755495,0.5762475728988647,0.003536332813376575,-0.9222464464240749
05,351,1,0.4978723404255319,0.4915254788931653,0.5800924897193909,0.0030008341193468986,-0.86974502014944
05,352,1,0.49929078014184397,0.49045596185139373,0.583283543586731,0.004139600746076233,-0.6103517915525647
05,353,1,0.500709219858156,0.4917443528075259,0.5701567530632019,0.002914137400947395,-1.2058710602051677
05,354,1,0.502127659574468,0.4905641764603901,0.5882677435874939,0.004184641319507018,-0.44152501620147877
05,355,1,0.5035460992907801,0.491574296306031,0.5680550932884216,0.00309015022007626,-1.250476434165754
05,356,1,0.5049645390070922,0.49154731992841694,0.5784826874732971,0.0031293309509067392,-0.9047732413042584
05,357,1,0.5063829787234042,0.49182457105840605,0.5828076601028442,0.003124919340173446,-0.7642052651652362
05,358,1,0.5078014184397163,0.4914902520237038,0.5878291726112366,0.0034792929375957434,-0.5519926112716588
05,359,1,0.5092198581560283,0.49259227213549583,0.5869244337081909,0.0026087917166321114,-0.7001896460213215
05,360,1,0.5106382978723404,0.4919520959441176,0.5868386626243591,0.003503461865376559,-0.5810286890463905
05,361,1,0.5120567375886524,0.4914217915506286,0.5914238095283508,0.004134960262790724,-0.3452818512334378
05,362,1,0.5134751773049645,0.49165916114544356,0.5834124088287354,0.0037968957910313713,-0.6528627710482426
05,363,1,0.5148936170212766,0.4922890683068634,0.5831464529037476,0.003209215910046509,-0.7416556644960404
05,364,1,0.5163120567375886,0.4923174102304884,0.5798136591911316,0.003105073029263353,-0.8646364465944594
05,365,1,0.5177304964539007,0.4927630765994246,0.5779932141304016,0.0027507352319199293,-0.972359709001705
05,366,1,0.5191489361702127,0.4919330129051522,0.5771764516830444,0.003916120188391323,-0.8401551105195921
05,367,1,0.5205673758865248,0.49242973823008673,0.5746631026268005,0.0034878578033839093,-0.9805724491127856
05,368,1,0.5219858156028369,0.4918719669369334,0.5752768516540527,0.004080796577343071,-0.8797105201818554
05,369,1,0.5234042553191489,0.49211717137956545,0.566790759563446,0.0037242313113222793,-1.2053076250012662
05,370,1,0.524822695035461,0.49153048466348426,0.5971523523330688,0.004149441722438693,-0.15632512734465998
05,371,1,0.526241134751773,0.49242135852113633,0.574819028377533,0.0031579358043696245,-1.0204575992779688
05,372,1,0.5276595744680851,0.4915936711211542,0.5714277029037476,0.003983528277114176,-1.018608263878852
05,373,1,0.5290780141843971,0.4926728393827582,0.5789700746536255,0.002834786061565367,-0.929016744113057
05,374,1,0.5304964539007092,0.4914395850523412,0.5825596451759338,0.004206957392780553,-0.6247982203137499
05,375,1,0.5319148936170213,0.4918868956852189,0.5888339281082153,0.003736921857117101,-0.4840771424569973
05,376,1,0.5333333333333333,0.4913528683132873,0.5878257751464844,0.004137333520069339,-0.4624000501503865
05,377,1,0.5347517730496454,0.4919208908012217,0.5866507291793823,0.0035091103301681777,-0.5863929414609436
05,378,1,0.5361702127659574,0.49154021782085205,0.5776004195213318,0.003701796165153687,-0.8555330228077938
05,379,1,0.5375886524822695,0.4916825513125709,0.5840701460838318,0.0035846208655626157,-0.6603309966042064
05,380,1,0.5390070921985816,0.4902717314390508,0.5785391330718994,0.004944354645920701,-0.6555085518138237
05,381,1,0.5404255319148936,0.4918134083737494,0.5791487097740173,0.0031848411554145813,-0.8754668285711542
05,382,1,0.5418439716312057,0.49163507657070765,0.5877023935317993,0.0032838546888366406,-0.5827726997167417
05,383,1,0.5432624113475177,0.4912709119882109,0.5827401876449585,0.003671733958797313,-0.6918663611244282
05,384,1,0.5446808510638298,0.49054838127049033,0.6015974283218384,0.004291354845427861,0.00810993135256119
05,385,1,0.5460992907801419,0.49065375358840857,0.6202133893966675,0.00425514498536948,0.610808518295866
05,386,1,0.5475177304964539,0.49039748820551843,0.6067465543746948,0.004221496671924435,0.16665709295249329
05,387,1,0.548936170212766,0.4925862988953903,0.5851873159408569,0.0020993034310935223,-0.8263430266892009
05,388,1,0.550354609929078,0.49141448578625807,0.5911332368850708,0.003223948726682313,-0.47895450590218824
05,389,1,0.5517730496453901,0.49334221321674004,0.5872271060943604,0.001758220335785602,-0.8062593299322987
05,390,1,0.5531914893617021,0.4920492712156068,0.584073543548584,0.0034778043333584087,-0.6747812280040637
05,391,1,0.5546099290780142,0.4938335473472727,0.5854920744895935,0.002280221215449855,-0.7917330111992856
05,392,1,0.5560283687943263,0.4922891145613542,0.5933312177658081,0.003962718853103714,-0.30650283388819494
05,393,1,0.5574468085106383,0.49337008016618095,0.5815129280090332,0.003100410442051016,-0.8098070253759846
05,394,1,0.5588652482269504,0.4916603046501803,0.5819501280784607,0.004817152695411883,-0.5615119424737292
05,395,1,0.5602836879432624,0.4930713043761539,0.5760840177536011,0.003308911328081654,-0.9585868487307867
05,396,1,0.5617021276595745,0.49217003228653133,0.6079981923103333,0.004019622674924503,0.1799919399192836
05,397,1,0.5631205673758866,0.4926932993167402,0.5917578339576721,0.0034665850760098984,-0.42549137903706613
05,398,1,0.5645390070921986,0.49276900961162,0.5881784558296204,0.003221679568769881,-0.5757094302582616
05,399,1,0.5659574468085107,0.493293923450716,0.5902498960494995,0.0029739419700338917,-0.54186789096009
05,400,1,0.5673758865248227,0.49334860591654245,0.5905412435531616,0.0029749142728479035,-0.532225613086119
05,401,1,0.5687943262411348,0.4932745693522825,0.585313081741333,0.0033435942446106816,-0.6526174443874984
05,402,1,0.5702127659574469,0.4923337473812135,0.5986234545707703,0.004429733724565244,-0.07009844813918459
05,403,1,0.5716312056737589,0.49335816770936763,0.5961047410964966,0.003296497838809473,-0.3067921903321017
05,404,1,0.573049645390071,0.49106233797753085,0.6156547665596008,0.00560838863530917,0.6464855573133179
05,405,1,0.574468085106383,0.49247611628973226,0.6006839275360107,0.0036230433383548618,-0.11281078945986267
05,406,1,0.5758865248226951,0.5011224289280402,0.6120169758796692,0.005222882565590589,0.4751943571561638
05,407,1,0.577304964539007,0.5164753104746168,0.6030706167221069,0.01837859372546058,1.9765543566403023
05,408,1,0.5787234042553191,0.552444348175882,0.6229119300842285,0.04856834573541342,6.739622987224506
05,409,1,0.5801418439716312,0.5465445558088162,0.629379391670227,0.030991337806890507,4.5546435760529675
05,410,1,0.5815602836879432,0.5855822761230149,0.6395310163497925,0.05284366125318766,7.864885510770286
05,411,1,0.5829787234042553,0.5805101893818216,0.6287316083908081,0.029911046888445005,4.386235378114699
05,412,1,0.5843971631205673,0.6032337501794498,0.6494420170783997,0.03337145378407761,5.5339532439763515
05,413,1,0.5858156028368794,0.59987445539745,0.6544843912124634,0.01971284669678344,3.8366108501731526
05,414,1,0.5872340425531914,0.6124612376184191,0.640927255153656,0.016569115824996483,2.9655485037261995
05,415,1,0.5886524822695035,0.6103612051672662,0.6293537020683289,0.009517750030166718,1.6265463246211715
05,416,1,0.5900709219858156,0.6199945309614325,0.6487199068069458,0.009919914847797752,2.3134920684288294
05,417,1,0.5914893617021276,0.6178210820017086,0.6330026984214783,0.005361385977037805,1.1790599388071075
05,418,1,0.5929078014184397,0.6245229180727501,0.644966721534729,0.0057714501125549515,1.625471440565474
05,419,1,0.5943262411347517,0.6231558793988128,0.6364595890045166,0.003365399661704244,1.0198037254515306
05,420,1,0.5957446808510638,0.6266203531000423,0.6201245784759521,0.0020428605639270696,0.30633320957319576
05,421,1,0.5971631205673759,0.6246378124920441,0.6402748823165894,0.0025190017010497884,1.0289567374457251
05,422,1,0.5985815602836879,0.630390224819064,0.6189810633659363,0.00206403003016323,0.27189408106915913
05,423,1,0.6,0.6258382710932265,0.6256987452507019,0.0039547503822527615,0.7489038927435652
05,424,1,0.601418439716312,0.6305739899641652,0.6137531995773315,0.002352014388056622,0.14051162931869765
05,425,1,0.6028368794326241,0.6258483486880815,0.6220571398735046,0.005603679927032004,0.8548204753675517
05,426,1,0.6042553191489362,0.630326572459365,0.617112398147583,0.003037789555078018,0.3436418308000104
05,427,1,0.6056737588652482,0.6267945788565135,0.6246049404144287,0.004944170717684601,0.8480783560854291
05,428,1,0.6070921985815603,0.6273445025955673,0.6224868297576904,0.004633323919452506,0.7365677843147314
05,429,1,0.6085106382978723,0.6115143489039135,0.6128872632980347,0.019656105768956763,2.471124028434831
05,430,1,0.6099290780141844,0.604982579902545,0.6102161407470703,0.02260437482428332,2.785842382877506
05,431,1,0.6113475177304964,0.5767220958522559,0.6259896755218506,0.04452886073536746,6.289423513089227
05,432,1,0.6127659574468085,0.5753644640930915,0.6115630269050598,0.03336837174346743,4.297143105226217
05,433,1,0.6141843971631206,0.5654859039808677,0.6100301146507263,0.030251922230072253,3.8222766643202597
05,434,1,0.6156028368794326,0.5798498038159747,0.6235345602035522,0.011650358529405812,1.7273216279787564
05,435,1,0.6170212765957447,0.6229685487808683,0.6245238184928894,0.04502102782233231,6.308668916601664
05,436,1,0.6184397163120567,0.636907662201966,0.5973813533782959,0.04739852801127698,5.746823224698099
05,437,1,0.6198581560283688,0.6386656478599595,0.6310412883758545,0.033770714142051794,4.987770646887858
05,438,1,0.6212765957446809,0.651257612745404,0.6273210644721985,0.028067743057723308,4.088917092361093
05,439,1,0.6226950354609929,0.6579006944511081,0.6149004697799683,0.016858872531070157,2.155520006955058
05,440,1,0.624113475177305,0.6445070386439459,0.6107984185218811,0.006959467674451226,0.6721496128283896
05,441,1,0.625531914893617,0.6530113075035783,0.608261227607727,0.00649640517315167,0.5262101453411876
05,442,1,0.6269503546099291,0.6426378492686209,0.6080513596534729,0.01262326809037667,1.3545679765126653
05,443,1,0.6283687943262412,0.672145803946957,0.6174958348274231,0.019039627457155213,2.537512479529437
05,444,1,0.6297872340425532,0.6503016154137486,0.6129551529884338,0.008784665079894427,0.9913556969074719
05,445,1,0.6312056737588653,0.6949573412741173,0.6580723524093628,0.03684124321790264,6.288650232725224
05,446,1,0.6326241134751773,0.6662034520266484,0.6159738898277283,0.017822529330078503,2.3219217606119864
05,447,1,0.6340425531914894,0.7254812893709884,0.6539097428321838,0.05098728218263208,8.081154842955856
05,448,1,0.6354609929078014,0.6705023182582743,0.6140673160552979,0.025264999996579475,3.274240605550296
05,449,1,0.6368794326241135,0.773270339578715,0.6502546668052673,0.08039228532321942,11.970312860199776
05,450,1,0.6382978723404256,0.6927538737801852,0.6527637839317322,0.03979307386159748,6.517766488642847
05,451,1,0.6397163120567376,0.8455870668966788,0.6341164708137512,0.1264931576266496,17.727980076377474
05,452,1,0.6411347517730497,0.7463656558466292,0.6372261047363281,0.06318191280463589,9.198952451977537
05,453,1,0.6425531914893617,0.9304947459868046,0.6326614022254944,0.16240855793826403,22.576438533428494
05,454,1,0.6439716312056738,0.9214965283611548,0.6252742409706116,0.11932173832801446,16.46176413503334
05,455,1,0.6453900709219859,0.909898611366777,0.662263810634613,0.06357285629196745,10.069489271143683
05,456,1,0.6468085106382979,0.8046399354231879,0.6893719434738159,0.10227948056003054,16.230762473873007
05,457,1,0.64822695035461,0.7876750681995567,0.6835281252861023,0.10754934110791288,16.758399495991892
05,458,1,0.649645390070922,0.7435257155676775,0.6371846199035645,0.11599377429298005,16.396860275720382
05,459,1,0.6510638297872341,0.7372489323187714,0.6467992067337036,0.07777785434351686,11.501128136950564
05,460,1,0.6524822695035462,0.7239058817100478,0.6366398334503174,0.04795848519023912,7.104573313906575
05,461,1,0.6539007092198581,0.7261816537999122,0.6272046566009521,0.025918694912424184,3.792161312817664
05,462,1,0.6553191489361702,0.7075285509280249,0.6114040017127991,0.028778948944065817,3.666326760105203
05,463,1,0.6567375886524822,0.73249193285664,0.6142012476921082,0.010435787093918965,1.2571082350146159
05,464,1,0.6581560283687943,0.7051851317688882,0.6095266938209534,0.020933827077756536,2.5356110215143604
05,465,1,0.6595744680851063,0.7383313668181584,0.6171296238899231,0.016892595456803525,2.2328778365299566
05,466,1,0.6609929078014184,0.7187738358614897,0.6204924583435059,0.013809013439873626,1.9222915872714794
05,467,1,0.6624113475177305,0.7454132944566361,0.6204609870910645,0.018125773607353485,2.509720922640578
05,468,1,0.6638297872340425,0.7244629929693187,0.6220530867576599,0.014228032606506435,2.0303516005479034
05,469,1,0.6652482269503546,0.7645813702185857,0.6041128039360046,0.029244043669196536,3.4917395247574876
05,470,1,0.6666666666666666,0.7438476902209117,0.6093533039093018,0.015971068156505654,1.8534329851943494
05,471,1,0.6680851063829787,0.7807452064666767,0.6211821436882019,0.032576915477325115,4.503225541435266
05,472,1,0.6695035460992907,0.7603977359266622,0.6074747443199158,0.018535582569160304,2.1417079461719117
05,473,1,0.6709219858156028,0.7971864014070047,0.6060200333595276,0.031201446675807133,3.8208237738452184
05,474,1,0.6723404255319149,0.7905667261195317,0.6022589206695557,0.0204587420395636,2.2336239815968137
05,475,1,0.6737588652482269,0.8282502603895168,0.5897427797317505,0.04243428888655946,4.820775917325635
05,476,1,0.675177304964539,0.8341845310624514,0.5936322808265686,0.03649229607878405,4.137724545882674
05,477,1,0.676595744680851,0.8493251901886942,0.5966668128967285,0.033186256421079585,3.7860971250143782
05,478,1,0.6780141843971631,0.8545420519080642,0.6031119227409363,0.02536842094502717,2.930749096869116
05,479,1,0.6794326241134752,0.8534843435992446,0.599433183670044,0.009564126148081966,0.6562469443248831
05,480,1,0.6808510638297872,0.8471996119000536,0.5936122536659241,0.007910348512958848,0.24080738395337487
05,481,1,0.6822695035460993,0.858183386861566,0.6053406000137329,0.003788138376605561,0.06169102529205722
05,482,1,0.6836879432624113,0.8529551585373403,0.6054800152778625,0.005430135762328296,0.29007710870857034
05,483,1,0.6851063829787234,0.8542573920471951,0.593799352645874,0.003663904860122207,-0.3319567019017974
05,484,1,0.6865248226950355,0.857908251966417,0.5914683938026428,0.003460150468257357,-0.4358160161861129
05,485,1,0.6879432624113475,0.8546812846331121,0.6017099618911743,0.004736716743005989,0.07249438914875095
05,486,1,0.6893617021276596,0.858407233123766,0.6133475303649902,0.0012798261359678632,-0.018889291531235752
05,487,1,0.6907801418439716,0.849297366356219,0.5993278622627258,0.010608128109392044,0.7951265368885684
05,488,1,0.6921985815602837,0.8597359774136167,0.6018977165222168,0.0038025993298106625,-0.04871518460822544
05,489,1,0.6936170212765957,0.8518119630295921,0.5947869420051575,0.007310456375074906,0.1973731077122199
05,490,1,0.6950354609929078,0.8494058026007769,0.5976612567901611,0.008999286403010036,0.5214119186049939
05,491,1,0.6964539007092199,0.8526019933806464,0.5910047888755798,0.004432442577730348,-0.31840640228510725
05,492,1,0.6978723404255319,0.8593157580609152,0.5892553925514221,0.005418542826510254,-0.2410833780850738
05,493,1,0.699290780141844,0.8575211312092224,0.5944259166717529,0.002279981277270998,-0.500160450382947
05,494,1,0.700709219858156,0.8699598203596057,0.6108639240264893,0.011656695023727017,1.3146092385973847
05,495,1,0.7021276595744681,0.8576440593373138,0.5999388694763184,0.005797570438272113,0.15929955919970396
05,496,1,0.7035460992907802,0.8741476066722332,0.6105033755302429,0.009445460407480457,1.0014073820933476
05,497,1,0.7049645390070922,0.8569382410353482,0.6020900011062622,0.011471867382234073,1.0030282923335259
05,498,1,0.7063829787234043,0.8673010960143503,0.5903581976890564,0.008099672469391937,0.16040175820675442
05,499,1,0.7078014184397163,0.8573000561831358,0.6000036597251892,0.010299648604664145,0.7751332906681649
05,500,1,0.7092198581560284,0.8666556927805417,0.5961158871650696,0.007520992171622603,0.2694506072273183
05,501,1,0.7106382978723405,0.8626227891884057,0.6086356043815613,0.004242521231366351,0.23118271817652838
05,502,1,0.7120567375886525,0.8688366594432942,0.5904073119163513,0.00422687666043533,-0.36593090904063896
05,503,1,0.7134751773049646,0.8615505073110757,0.6020498871803284,0.005895246110757116,0.24151933148212457
05,504,1,0.7148936170212766,0.8716008750199346,0.5973293781280518,0.003548154735686309,-0.23251377388713473
05,505,1,0.7163120567375887,0.8673523332353628,0.6003580689430237,0.0038564598812514212,-0.09162786640351109
05,506,1,0.7177304964539007,0.8743988883453775,0.5895726680755615,0.003602064283795275,-0.4783479386186277
05,507,1,0.7191489361702128,0.8716352043316258,0.5962583422660828,0.0035558399001206836,-0.26642530891554395
05,508,1,0.7205673758865249,0.8770456565335495,0.6115366220474243,0.0024714472541785765,0.08444235538267963
05,509,1,0.7219858156028369,0.8684402215866167,0.5900186896324158,0.007759753047850674,0.10298255116197386
05,510,1,0.723404255319149,0.8692416167983955,0.6028100848197937,0.007230329923885362,0.44832991389184584
05,511,1,0.724822695035461,0.8643667752891085,0.5967739820480347,0.010815853546426833,0.7400834852986278
05,512,1,0.7262411347517731,0.8681573073141228,0.5957408547401428,0.00638508946869271,0.10236419474707421
05,513,1,0.7276595744680852,0.8682939765655207,0.5849218964576721,0.003376276733539389,-0.6609306907989292
05,514,1,0.7290780141843972,0.8669374984079918,0.5977892279624939,0.004169374606783541,-0.13281994306201578
05,515,1,0.7304964539007093,0.8696110907253669,0.5925489068031311,0.0015381580458973844,-0.6625516574503824
05,516,1,0.7319148936170212,0.8650448280590812,0.5894996523857117,0.00679709421715782,-0.04518781661144275
05,517,1,0.7333333333333333,0.8701666847255087,0.5899587273597717,0.002739655265585981,-0.5833095259637898
05,518,1,0.7347517730496453,0.8715419549507941,0.6053570508956909,0.0018018063883426068,-0.2085468659978173
05,519,1,0.7361702127659574,0.8675496701556649,0.595583438873291,0.005133423482511387,-0.07339983863941596
05,520,1,0.7375886524822695,0.8807299933245964,0.6107193231582642,0.008562254828845707,0.8880582945400703
05,521,1,0.7390070921985815,0.8706803882561314,0.5950520634651184,0.005537218997036029,-0.035699194909193085
05,522,1,0.7404255319148936,0.8895474424133607,0.6098241209983826,0.013329986718575495,1.5087710318145184
05,523,1,0.7418439716312056,0.8784741465523106,0.6035246849060059,0.00729345352694253,0.4802597820140393
05,524,1,0.7432624113475177,0.8767834386188238,0.607710063457489,0.0075628608083176,0.6535980613288395
05,525,1,0.7446808510638298,0.8742527967476432,0.5888570547103882,0.008210511235501898,0.12651310180638753
05,526,1,0.7460992907801418,0.8726080851949354,0.6022332906723022,0.010748324911087705,0.9090727282197866
05,527,1,0.7475177304964539,0.8727368522779126,0.5882068276405334,0.00638471852350411,-0.14360094662397951
05,528,1,0.7489361702127659,0.8837607958936423,0.6109150648117065,0.006073548660825047,0.5551893849629301
05,529,1,0.750354609929078,0.8615920670649562,0.594287633895874,0.017839519486565727,1.6163871365742613
05,530,1,0.75177304964539,0.8789962053345539,0.6227680444717407,0.006548878092443386,1.0068732725643694
05,531,1,0.7531914893617021,0.8701514588587026,0.5933905243873596,0.010554889594729982,0.5940713087036521
05,532,1,0.7546099290780142,0.8707979843766885,0.5990355610847473,0.008866887676336798,0.5482214612102689
05,533,1,0.7560283687943262,0.8717980451067916,0.5948461294174194,0.004407763627449123,-0.19638725390113598
05,534,1,0.7574468085106383,0.8730346106573237,0.5903050899505615,0.0034932667848489836,-0.4692724764608309
05,535,1,0.7588652482269503,0.8655564419648311,0.592738687992096,0.009481036808034053,0.4264084548470234
05,536,1,0.7602836879432624,0.8615071479014877,0.5913010835647583,0.01238157664790948,0.7748830837655536
05,537,1,0.7617021276595745,0.8651393791914763,0.5925159454345703,0.007524361079517292,0.1524058775856612
05,538,1,0.7631205673758865,0.8648435476891915,0.5952198505401611,0.005289219547233197,-0.06402958253925821
05,539,1,0.7645390070921986,0.8671493131563117,0.5991483926773071,0.0018046721960047413,-0.4108100447177968
05,540,1,0.7659574468085106,0.868798673692937,0.5838849544525146,0.0008723978483944194,-1.036103368126057
05,541,1,0.7673758865248227,0.8711190495453253,0.5837970972061157,0.0010443670898576422,-1.0155283937058324
05,542,1,0.7687943262411348,0.8657922122610704,0.590756893157959,0.005777387782859464,-0.14315621747359392
05,543,1,0.7702127659574468,0.8669134428952577,0.5986762642860413,0.004893323291641852,-0.0051786298060068625
05,544,1,0.7716312056737589,0.8637180490439336,0.6078363656997681,0.008029749577702524,0.7213664581489017
05,545,1,0.7730496453900709,0.8677013853932087,0.5861257314682007,0.004049534436216393,-0.5298590488424003
05,546,1,0.774468085106383,0.8600287635068641,0.5923026204109192,0.009594462914492034,0.42763711872794863
05,547,1,0.775886524822695,0.858071737173513,0.5884947180747986,0.010110627059291498,0.37370819746970335
05,548,1,0.7773049645390071,0.8639297485138988,0.577002227306366,0.004766515048386698,-0.7299168797287112
05,549,1,0.7787234042553192,0.8594633911088223,0.5986304879188538,0.006561471561037366,0.22072756534831897
05,550,1,0.7801418439716312,0.8715242337597491,0.5939005017280579,0.007558869660986014,0.20230269369666476
05,551,1,0.7815602836879433,0.869181819337493,0.575368344783783,0.004232185691234399,-0.856086919028736
05,552,1,0.7829787234042553,0.8637439697333723,0.575510561466217,0.0058727824696069835,-0.6278003252976212
05,553,1,0.7843971631205674,0.8641311569082288,0.5924816131591797,0.005439150599618828,-0.13296862285406336
05,554,1,0.7858156028368795,0.8632351466189665,0.5968537330627441,0.0075021023387328,0.2909592384469017
05,555,1,0.7872340425531915,0.862231147983358,0.5880082845687866,0.006433829189145671,-0.1433867775811241
05,556,1,0.7886524822695036,0.8722545689617012,0.5912489891052246,0.005327259627731259,-0.18845498407914268
05,557,1,0.7900709219858156,0.866445836713969,0.584948718547821,0.0032796851831932245,-0.6732224705634703
05,558,1,0.7914893617021277,0.8647412802933557,0.5882824659347534,0.004892348799131444,-0.34457047155261916
05,559,1,0.7929078014184398,0.8696151904158305,0.584062397480011,0.0030798895914744395,-0.7293883944869491
05,560,1,0.7943262411347518,0.8689091965509425,0.5733595490455627,0.003594153087858108,-1.0086310475379767
05,561,1,0.7957446808510639,0.8730906326350892,0.600583016872406,0.0020708026185763144,-0.3277045206871914
05,562,1,0.7971631205673759,0.8669932514779235,0.579339861869812,0.0056877775188694775,-0.528029658718042
05,563,1,0.798581560283688,0.8697438370921264,0.6027157306671143,0.0041570867033122495,0.026308599888743373
05,564,1,0.8,0.8620402407370518,0.5862888693809509,0.011235942724957147,0.45511008928999225
05,565,1,0.8014184397163121,0.8669459738754144,0.5760536789894104,0.006347446397705462,-0.5453669581661162
05,566,1,0.8028368794326242,0.8549479058154446,0.589709997177124,0.015074874003172976,1.0900968862572902
05,567,1,0.8042553191489362,0.8634580237452546,0.6006516814231873,0.007090087818050515,0.3587608328357518
05,568,1,0.8056737588652483,0.8604662764934168,0.5863886475563049,0.006296117302653763,-0.21502532576928748
05,569,1,0.8070921985815603,0.8635632437328615,0.5862878561019897,0.004465844632549614,-0.46781621266686285
05,570,1,0.8085106382978723,0.8594015062105946,0.5791218280792236,0.004799310259138237,-0.656261393432215
05,571,1,0.8099290780141843,0.8638016797202782,0.5771449208259583,0.002994232798486266,-0.9668550920408394
05,572,1,0.8113475177304964,0.8647063080388891,0.5886116623878479,0.001909441828339002,-0.740452322596538
05,573,1,0.8127659574468085,0.8664065009829374,0.5963043570518494,0.0015326681055116914,-0.5407201857556414
05,574,1,0.8141843971631205,0.862563972491093,0.5787898302078247,0.004606980270070391,-0.6933162153378643
05,575,1,0.8156028368794326,0.8601039005125033,0.5821090936660767,0.007857668818784632,-0.141843003787696
05,576,1,0.8170212765957446,0.8688217854527156,0.5863972306251526,0.0035480156137529684,-0.5893637358500723
05,577,1,0.8184397163120567,0.8676324669256669,0.58841872215271,0.003140103358014179,-0.5789874023421973
05,578,1,0.8198581560283688,0.8728910159987522,0.5796891450881958,0.004518530630268999,-0.6760194779384344
05,579,1,0.8212765957446808,0.8638801796043294,0.583716094493866,0.007074066641068603,-0.1962095499530226
05,580,1,0.8226950354609929,0.8685933395773788,0.5816208124160767,0.0049431656229027045,-0.5550830170019325
05,581,1,0.8241134751773049,0.8647282237502721,0.5858550071716309,0.007112980799248184,-0.12108958400791103
05,582,1,0.825531914893617,0.872191216197341,0.5942997932434082,0.004299535560765739,-0.228973497041833
05,583,1,0.826950354609929,0.8596433029727888,0.578033447265625,0.011296890832530047,0.19395719230865383
05,584,1,0.8283687943262411,0.8709910353212369,0.5921130776405334,0.004821648067512418,-0.22917516272155078
05,585,1,0.8297872340425532,0.8678494476355701,0.5805206298828125,0.005297241670023332,-0.5427262442775691
05,586,1,0.8312056737588652,0.8636678169452556,0.5839225649833679,0.007592887609467079,-0.11874507255366185
05,587,1,0.8326241134751773,0.8606592956479533,0.5738195180892944,0.008470559093748078,-0.32887046481308657
05,588,1,0.8340425531914893,0.8651617425160791,0.581375002861023,0.005754943023878582,-0.4524456584599975
05,589,1,0.8354609929078014,0.8656941910357336,0.5813418626785278,0.003313004758164188,-0.7864100353163377
05,590,1,0.8368794326241135,0.8713893046758099,0.5718413591384888,0.004001589116565954,-1.002644272426212
05,591,1,0.8382978723404255,0.8621421879321726,0.5728121995925903,0.007175899559709929,-0.5382366022563465
05,592,1,0.8397163120567376,0.8716545405315471,0.5896741151809692,0.003269893649936591,-0.5203178319131948
05,593,1,0.8411347517730496,0.8633876505751515,0.5951010584831238,0.007924359491652763,0.29131271285981625
05,594,1,0.8425531914893617,0.8701138408248363,0.590671718120575,0.005096892479605924,-0.23870083709844592
05,595,1,0.8439716312056738,0.869555979733302,0.5923121571540833,0.003341244907667135,-0.4244842313514876
05,596,1,0.8453900709219858,0.8606208405520273,0.5856215357780457,0.011649116387170503,0.48965140665274615
05,597,1,0.8468085106382979,0.8703807575085025,0.5842972993850708,0.003915332357739887,-0.6078343234135288
05,598,1,0.8482269503546099,0.8591394331485502,0.5770348906517029,0.012120375529105302,0.273620421415979
05,599,1,0.849645390070922,0.8681595813126186,0.5909749269485474,0.005762506689904461,-0.1380680570241382
05,600,1,0.851063829787234,0.8650531316401878,0.5874114036560059,0.004634043149848731,-0.4082143751331954
05,601,1,0.8524822695035461,0.8653597485788449,0.5899404287338257,0.004870416647962632,-0.2934434706009038
05,602,1,0.8539007092198582,0.8728825272151185,0.6157716512680054,0.0048625995220796,0.5486354841276224
05,603,1,0.8553191489361702,0.8699954391640413,0.6224029064178467,0.0026573070771760965,0.4644597767976665
05,604,1,0.8567375886524823,0.8765269073709527,0.5940665602684021,0.0046122416984160945,-0.1939585445827981
05,605,1,0.8581560283687943,0.87252219220241,0.5948736667633057,0.00296857599620961,-0.39167708734385187
05,606,1,0.8595744680851064,0.8688661748972273,0.5833646655082703,0.007707545613891862,-0.12132513410100648
05,607,1,0.8609929078014185,0.8737151651359932,0.5929508805274963,0.0035605716104383824,-0.3737375631467469
05,608,1,0.8624113475177305,0.8712486001616078,0.5884248614311218,0.005250963763026553,-0.29103656303168435
05,609,1,0.8638297872340426,0.8743716842381984,0.5834432244300842,0.0022490363744897485,-0.8628596332532341
05,610,1,0.8652482269503546,0.8761383408014212,0.6104769110679626,0.001439565251255116,-0.0908123209854303
05,611,1,0.8666666666666667,0.8780382018514524,0.617033839225769,0.001289845104819976,0.10279952871160059
05,612,1,0.8680851063829788,0.8815040206735801,0.6171473860740662,0.0029628598874216787,0.3345695151029116
05,613,1,0.8695035460992908,0.8820278141441421,0.6013227701187134,0.0013792922993072741,-0.3978246071638325
05,614,1,0.8709219858156029,0.8865741819243287,0.6162121891975403,0.003555133533691221,0.3847823721991323
05,615,1,0.8723404255319149,0.881368381556258,0.615950345993042,0.004259627115106382,0.4722715574772768
05,616,1,0.873758865248227,0.8839910678790268,0.6069990992546082,0.0030624380753256387,0.016898542020818252
05,617,1,0.875177304964539,0.8851230710530993,0.6096432209014893,0.002399807485053372,0.012874890250239746
05,618,1,0.8765957446808511,0.8826415107125429,0.6178123354911804,0.005214618913623762,0.6632314248421266
05,619,1,0.8780141843971632,0.8773061153739159,0.6126490235328674,0.00956684644930436,1.0879896800165523
05,620,1,0.8794326241134752,0.8881404622386693,0.6074767112731934,0.0037284098206122208,0.12327267203407927
05,621,1,0.8808510638297873,0.8817348628205359,0.6132721304893494,0.005937473161124039,0.6135755576006342
05,622,1,0.8822695035460993,0.890731969065078,0.6099517941474915,0.0048253054516645315,0.3535884202900962
05,623,1,0.8836879432624114,0.8955043626185379,0.6047042012214661,0.00743405622099966,0.5379266331657285
05,624,1,0.8851063829787233,0.8942909315379294,0.604066014289856,0.0029961696741375686,-0.08787252559948494
05,625,1,0.8865248226950354,0.880588535536032,0.6197543740272522,0.013568949997476818,1.8654749137614006
05,626,1,0.8879432624113475,0.8904291628198661,0.6061652302742004,0.007643663729836107,0.6141888765575226
05,627,1,0.8893617021276595,0.8812738931101944,0.6086568236351013,0.012521309040885413,1.3604316776258654
05,628,1,0.8907801418439716,0.8889122453746862,0.6046895384788513,0.0064328072324899505,0.4009587392885564
05,629,1,0.8921985815602836,0.8831628134274575,0.6074226498603821,0.0057300998057256665,0.39437652326391415
05,630,1,0.8936170212765957,0.8804452721187149,0.6002873778343201,0.009091210587324618,0.6196608952935463
05,631,1,0.8950354609929078,0.8856817240654564,0.6101463437080383,0.003258621134068388,0.14636972760567774
05,632,1,0.8964539007092198,0.8784424798688273,0.6163468360900879,0.009699987900739972,1.2268379247278864
05,633,1,0.8978723404255319,0.8851821161818991,0.614904522895813,0.0032075871809406293,0.29472227912717147
05,634,1,0.8992907801418439,0.8810630374956798,0.6156245470046997,0.004966814586033122,0.558040421024018
05,635,1,0.900709219858156,0.8765853210180712,0.6037679314613342,0.009598972407882987,0.8024855818069005
05,636,1,0.902127659574468,0.8487852626086508,0.6620407700538635,0.03512493005545702,6.184215303352548
05,637,1,0.9035460992907801,0.8421969309385698,0.6455067992210388,0.0342989574104939,5.53194207822829
05,638,1,0.9049645390070922,0.8281764729821411,0.6161842942237854,0.03757311905609029,5.021170770448357
05,639,1,0.9063829787234042,0.8263483744492532,0.6278434991836548,0.026179576460593518,3.8485765884336924
05,640,1,0.9078014184397163,0.8168862169579082,0.6547492146492004,0.02308249730973408,4.3046023397517565
05,641,1,0.9092198581560283,0.8151896937744738,0.6409705281257629,0.016804259080482803,2.999015457407328
05,642,1,0.9106382978723404,0.8160963058415704,0.6534664630889893,0.009145837722362157,2.362900695886526
05,643,1,0.9120567375886525,0.8178737754905845,0.6292325854301453,0.004518670308114762,0.9411232987566568
05,644,1,0.9134751773049645,0.8289375182823869,0.6676694750785828,0.00883406624326419,2.783994029224803
05,645,1,0.9148936170212766,0.8261793571544043,0.6351450085639954,0.005160551152750877,1.221608450224663
05,646,1,0.9163120567375886,0.8452845692383065,0.6689960956573486,0.019420876023081485,4.270479292926594
05,647,1,0.9177304964539007,0.8481706808094739,0.6607537865638733,0.015009921745064827,3.4001490011407594
05,648,1,0.9191489361702128,0.857453731386618,0.6697100400924683,0.016718745992486544,3.9254310578005045
05,649,1,0.9205673758865248,0.8663279504978663,0.6545397639274597,0.018463911827677093,3.6681646503341794
05,650,1,0.9219858156028369,0.8740421542631328,0.6667187809944153,0.016140967257078143,3.7490325617873266
05,651,1,0.9234042553191489,0.8751668337312318,0.5981562733650208,0.010232301539518786,0.7056529494029107
05,652,1,0.924822695035461,0.8833004367047904,0.5985163450241089,0.011460815212089696,0.8848756725462583
05,653,1,0.926241134751773,0.8925413480376682,0.5913100242614746,0.014240050215424323,1.0285202330994208
05,654,1,0.9276595744680851,0.8955961712955194,0.6027421355247498,0.010741524088325074,0.9247546080454224
05,655,1,0.9290780141843972,0.9017982458483677,0.593305766582489,0.0115550943830767,0.7276517196935843
05,656,1,0.9304964539007092,0.9052691428009589,0.5955613255500793,0.00836813830638403,0.3668315690819316
05,657,1,0.9319148936170213,0.9070172451925926,0.5991495251655579,0.004624064173975598,-0.026436290488347988
05,658,1,0.9333333333333333,0.915623770737479,0.5998051166534424,0.009611615430130869,0.6748607239391368
05,659,1,0.9347517730496454,0.9120121447741514,0.601686954498291,0.003517293392574835,-0.09448719659650867
05,660,1,0.9361702127659575,0.9206283067241728,0.6009215712547302,0.00705577682488884,0.36289293629616715
05,661,1,0.9375886524822695,0.9202661330372117,0.6300749778747559,0.0037532898052025053,0.8642834972204139
05,662,1,0.9390070921985816,0.9256103192018771,0.6243943572044373,0.0048857763606348385,0.8332445479562326
05,663,1,0.9404255319148936,0.9203333118674016,0.6162576079368591,0.004174888418174449,0.4707492503419021
05,664,1,0.9418439716312057,0.92366197223433,0.609674870967865,0.0025854388751908076,0.03921305659912516
05,665,1,0.9432624113475178,0.9205194831167777,0.6219533681869507,0.0055404049914159455,0.8428077353264988
05,666,1,0.9446808510638298,0.9223673677823573,0.6186290383338928,0.003961409373919925,0.5190527185380164
05,667,1,0.9460992907801419,0.9199678168724648,0.6062361001968384,0.005344670900740392,0.30310562753646225
05,668,1,0.9475177304964539,0.9240177834303505,0.6075363159179688,0.0025099230684656228,-0.040884737536512006
05,669,1,0.948936170212766,0.9216422780275868,0.611190915107727,0.003667788795889246,0.2362424231272638
05,670,1,0.950354609929078,0.9236227609528114,0.6101183295249939,0.0022398552563815434,0.006578150347550715
05,671,1,0.9517730496453901,0.9174191539359644,0.6081564426422119,0.00848545990782745,0.7939359282255332
05,672,1,0.9531914893617022,0.9291553954680678,0.6215177774429321,0.0041927045579331695,0.644872605816261
05,673,1,0.9546099290780142,0.925053238059984,0.6189244985580444,0.0038788735119265156,0.5174454854462326
05,674,1,0.9560283687943263,0.9326102236291901,0.6034752130508423,0.005205632501994714,0.19403525081553202
05,675,1,0.9574468085106383,0.9230578768263884,0.6025348901748657,0.006593579969901673,0.3525462788858037
05,676,1,0.9588652482269504,0.9295550601697455,0.5980582237243652,0.004132016857319087,-0.12913235337626366
05,677,1,0.9602836879432625,0.9260697813391928,0.608153760433197,0.005160443002329494,0.340585288916822
05,678,1,0.9617021276595744,0.9309308398331249,0.6146990060806274,0.0039777972129363065,0.393008390155673
05,679,1,0.9631205673758865,0.9247219816509011,0.5950093865394592,0.0062733619142002735,0.0632580988904327
05,680,1,0.9645390070921985,0.9337853543096761,0.6063302755355835,0.0031419250577918107,0.0059033755734340665
05,681,1,0.9659574468085106,0.9321093545819106,0.6140568256378174,0.002762716983579056,0.2064087231503121
05,682,1,0.9673758865248226,0.9321571420346625,0.6014512181282043,0.003384102360316764,-0.12033822745795725
05,683,1,0.9687943262411347,0.9348516383183824,0.595520555973053,0.00225389630150577,-0.46798673127801277
05,684,1,0.9702127659574468,0.9368721598224985,0.5951384902000427,0.0013844939503317227,-0.5989736455554692
05,685,1,0.9716312056737588,0.9378982032339683,0.5943736433982849,0.0005140446204791281,-0.7425974554015324
05,686,1,0.9730496453900709,0.9399173497719205,0.585568368434906,0.0008806098965541157,-0.9800363991596072
05,687,1,0.9744680851063829,0.9400544008264251,0.5884664058685303,0.0009223909832558304,-0.8797473882784745
05,688,1,0.975886524822695,0.9440763294467927,0.5945636630058289,0.001798847010101026,-0.5612520964243833
05,689,1,0.9773049645390071,0.9411780378896228,0.5915659666061401,0.00290048695314232,-0.5089239783949893
05,690,1,0.9787234042553191,0.940358602987223,0.5875611305236816,0.004539880519455833,-0.41616337082859384
05,691,1,0.9801418439716312,0.9285830647673813,0.6137136816978455,0.016425732043123115,2.057737332249326
05,692,1,0.9815602836879432,0.9330822157655216,0.6069315671920776,0.010589931724694277,1.0408349185052457
05,693,1,0.9829787234042553,0.9239262849240276,0.6080019474029541,0.015466149451398068,1.740493974095879
05,694,1,0.9843971631205674,0.9317871531196686,0.6004553437232971,0.006504386307581048,0.27251000412624404
05,695,1,0.9858156028368794,0.9188344089607228,0.6040658354759216,0.014102224706415532,1.4260883247452139
05,696,1,0.9872340425531915,0.9191306995907847,0.6015964150428772,0.011368770124688924,0.9728632672618402
05,697,1,0.9886524822695035,0.9124093210529339,0.6004821062088013,0.014602269618855522,1.3772791712193633
05,698,0,0.9900709219858156,0.9141379434187973,0.6025274991989136,0.010140326663552721,0.8357941145805117
05,699,0,0.9914893617021276,0.9125510339356618,0.6142778992652893,0.007169013343136352,0.8142867422925669
05,700,0,0.9929078014184397,0.9148930692352291,0.6043375730514526,0.0037087611324898052,0.018131072845427587
05,701,0,0.9943262411347518,0.9137521545619003,0.6094892024993896,0.0033376413717437466,0.13569225819214586
05,702,0,0.9957446808510638,0.9146145687390853,0.6120599508285522,0.0028109355718003133,0.14780279909093103
05,703,0,0.9971631205673759,0.9115049328225515,0.6103717088699341,0.006039727818406113,0.5328435390470333
05,704,0,0.9985815602836879,0.914293342281152,0.6158822774887085,0.0036656070062305902,0.38907351892536335
20,15,0,0.021739130434782608,0.06186459382216278,0.5949747562408447,nan,nan
20,16,0,0.02318840579710145,0.0712885576145777,0.5854164361953735,nan,nan
20,17,0,0.02463768115942029,0.06435483033184565,0.5875616669654846,nan,nan
20,18,0,0.02608695652173913,0.07101850065867882,0.5864816904067993,nan,nan
20,19,1,0.02753623188405797,0.06860394642628226,0.5769348740577698,0.003303517725214317,-0.9315497058627286
20,20,1,0.028985507246376812,0.07091621682579086,0.5794371366500854,0.00305546118337987,-0.8836893776146373
20,21,1,0.030434782608695653,0.06621737608340919,0.5809410214424133,0.006097951500228707,-0.41985245439453
20,22,1,0.03188405797101449,0.07703189873783078,0.5768366456031799,0.0042509347163019766,-0.805604965404132
20,23,1,0.03333333333333333,0.06835926250901805,0.5924071073532104,0.005925051032298731,-0.06916305391191775
20,24,1,0.034782608695652174,0.09441665366917268,0.6021746397018433,0.020193511107171942,2.194716982515166
20,25,1,0.036231884057971016,0.0854629667495586,0.5939306616783142,0.010559949241117136,0.6123913977353419
20,26,1,0.03768115942028986,0.09427295502466193,0.5843849778175354,0.01087193651672919,0.3433451010808342
20,27,1,0.0391304347826087,0.08148114164587852,0.5806483626365662,0.011426148215252225,0.29692963549897844
20,28,1,0.04057971014492753,0.09548149043946631,0.5852726697921753,0.006154765879197077,-0.27072031153016557
20,29,1,0.042028985507246375,0.07979408034850463,0.5850018858909607,0.01297251213937521,0.6498297408629958
20,30,1,0.043478260869565216,0.09497810846696174,0.5819168090820312,0.007838196672033969,-0.15077369713506444
20,31,1,0.04492753623188406,0.08722808466769096,0.5911787748336792,0.006577795130898105,-0.020275023499724737
20,32,1,0.0463768115942029,0.09144180200762328,0.5917181968688965,0.006577749277155828,-0.002674257631081839
20,33,1,0.04782608695652174,0.0828021439559703,0.5802789926528931,0.009150328939713374,-0.02536427728360302
20,34,1,0.04927536231884058,0.09915484830837974,0.621486485004425,0.007235552808511464,1.0586493366123912
20,35,1,0.050724637681159424,0.07434696414007343,0.6198827624320984,0.019401709617831147,2.6647817317873317
20,36,1,0.05217391304347826,0.06621432759017684,0.6114295125007629,0.024314066035823347,3.058510923220603
20,37,1,0.0536231884057971,0.06739482458601787,0.6282514333724976,0.01682670043562072,2.5869167538810496
20,38,1,0.05507246376811594,0.10293719966534594,0.601056694984436,0.0235498920261032,2.615765286391329
20,39,1,0.05652173913043478,0.04829136946558728,0.6230698823928833,0.03302391355280474,4.625776663033667
20,40,1,0.057971014492753624,0.08351759239263451,0.6628229022026062,0.019862793288415163,4.129224772915365
20,41,1,0.059420289855072465,0.11109416622734569,0.6571594476699829,0.03196696567696076,5.5943957429153475
20,42,1,0.06086956521739131,0.0938595287224393,0.6540923118591309,0.020555601008617433,3.938696628747025
20,43,1,0.06231884057971015,0.10183146272239377,0.6425933241844177,0.020116977859074948,3.503570989090573
20,44,1,0.06376811594202898,0.11029488521932902,0.6478400826454163,0.011682056597938638,2.5249876089555983
20,45,1,0.06521739130434782,0.09245882850160908,0.6256377696990967,0.015403136244256373,2.3075465136698545
20,46,1,0.06666666666666667,0.10177432365016767,0.6190459132194519,0.006451997679418606,0.872174322667089
20,47,1,0.06811594202898551,0.08379124102744087,0.6008489727973938,0.02139058801892252,2.3146308907699176
20,48,1,0.06956521739130435,0.10935510339638253,0.6097928285598755,0.01202678390362142,1.3300982822355805
20,49,1,0.07101449275362319,0.07935275122072817,0.6171751618385315,0.021084076946160372,2.8057429240836003
20,50,1,0.07246376811594203,0.10864577457811939,0.6032798886299133,0.013276911749778037,1.2879287452164832
20,51,1,0.07391304347826087,0.10171017603832862,0.5877176523208618,0.012995830626985484,0.7416525274429102
20,52,1,0.07536231884057971,0.10917064753044413,0.6054083108901978,0.009952878483458986,0.9042725561689361
20,53,1,0.07681159420289856,0.11203716682913005,0.5970353484153748,0.009184851752524216,0.5262780318403324
20,54,1,0.0782608695652174,0.1139297173809048,0.6002591848373413,0.0026784139309088467,-0.2554455804490375
20,55,1,0.07971014492753623,0.11439664404047804,0.5904015302658081,0.0023347335511201116,-0.6240547448529349
20,56,1,0.08115942028985507,0.11229592512152549,0.6094197630882263,0.003679572846702281,0.1800374877468556
20,57,1,0.08260869565217391,0.11059257391032995,0.607521653175354,0.006164243455668153,0.45679008582574926
20,58,1,0.08405797101449275,0.1059278293004362,0.596957266330719,0.010467839835861869,0.6986250872560964
20,59,1,0.08550724637681159,0.0854648824990158,0.6113337874412537,0.02893031461716513,3.684668951903666
20,60,1,0.08695652173913043,0.0792580300610814,0.6026217937469482,0.027904226669733967,3.2604296161317086
20,61,1,0.08840579710144927,0.09236923128626719,0.5904217958450317,0.014386154271862643,1.019444758012986
20,62,1,0.08985507246376812,0.07585745893251078,0.5979399681091309,0.018489488377177867,1.8242043613607852
20,63,1,0.09130434782608696,0.053522127477288926,0.6037784814834595,0.03330722724041838,4.034716322484295
20,64,1,0.0927536231884058,0.09300540389373807,0.5985835194587708,0.015998824041520157,1.5056852583375342
20,65,1,0.09420289855072464,0.09598198537947343,0.6007259488105774,0.014768662130821349,1.4079207873329065
20,66,1,0.09565217391304348,0.06535054461938201,0.6201021671295166,0.02159218948161272,2.970547313278681
20,67,1,0.09710144927536232,0.08074925385381462,0.6148169636726379,0.017528679294135138,2.244101734560835
20,68,1,0.09855072463768116,0.07401354354649489,0.6041545271873474,0.016244925267456686,1.7210741378241161
20,69,1,0.1,0.08431984114777727,0.5918319821357727,0.01040869060923643,0.5232699722474544
20,70,1,0.10144927536231885,0.061973982158249584,0.623856782913208,0.017726267656606117,2.5661012045685854
20,71,1,0.10289855072463767,0.06981761346014875,0.60880446434021,0.012241920585775726,1.3271647831093423
20,72,1,0.10434782608695652,0.09629585851866766,0.6046182513237,0.020172659417511542,2.271635258326482
20,73,1,0.10579710144927536,0.09359531524151128,0.6071416735649109,0.013970199840487831,1.5084877823008478
20,74,1,0.1072463768115942,0.055898062904125016,0.6074948906898499,0.028114583463507793,3.4481656770829336
20,75,1,0.10869565217391304,0.09002030414428089,0.595076322555542,0.016043874348976292,1.3973497363352876
20,76,1,0.11014492753623188,0.08625372833136773,0.6125232577323914,0.01503166199819293,1.8288429920384133
20,77,1,0.11159420289855072,0.09511602966331024,0.6040144562721252,0.012195428992491824,1.1644787321127588
20,78,1,0.11304347826086956,0.09523791364174831,0.6058672666549683,0.010481377173367497,0.9912975422979369
20,79,1,0.1144927536231884,0.11242835297904163,0.6089615225791931,0.017179405010876364,2.0053643502294585
20,80,1,0.11594202898550725,0.08512371710067872,0.5997875928878784,0.01572724307617677,1.5079651884541816
20,81,1,0.11739130434782609,0.11203193029768792,0.61756831407547,0.013098465878376936,1.7299848362804962
20,82,1,0.11884057971014493,0.08118198563944069,0.5886327028274536,0.023615446888336937,2.2191760771550735
20,83,1,0.12028985507246377,0.11727064791346485,0.6025763750076294,0.016439613137443305,1.6961020897236276
20,84,1,0.12173913043478261,0.10820539764603473,0.5967771410942078,0.015030828063160633,1.314767850154558
20,85,1,0.12318840579710146,0.11497845363500384,0.586234986782074,0.010697189536017039,0.37990901919674247
20,86,1,0.1246376811594203,0.11344687841763434,0.5944374203681946,0.009997038761150608,0.5521968531902722
20,87,1,0.12608695652173912,0.11705236608854903,0.5859625339508057,0.0033675971757976203,-0.6281469291203989
20,88,1,0.12753623188405797,0.12256941202683587,0.5967721343040466,0.00555668405704188,0.023098272673562383
20,89,1,0.1289855072463768,0.11819046505950925,0.5934434533119202,0.0026298874126293743,-0.4845297007731177
20,90,1,0.13043478260869565,0.11817432243664082,0.587890088558197,0.003232411984479819,-0.5836588558819469
20,91,1,0.1318840579710145,0.12352502433870734,0.5925223231315613,0.0026137951706924744,-0.5167895492123271
20,92,1,0.13333333333333333,0.12163436580812659,0.5799524188041687,0.0028656342568327093,-0.8927473224612342
20,93,1,0.13478260869565217,0.12306117546311181,0.5877331495285034,0.0012000770700650882,-0.8658273587596871
20,94,1,0.13623188405797101,0.11278175969055772,0.5893957018852234,0.012408916344077437,0.7164173528025939
20,95,1,0.13768115942028986,0.11971744215389604,0.5963635444641113,0.006874543621289798,0.18941102912633956
20,96,1,0.1391304347826087,0.09633215347030841,0.5999607443809509,0.026558486331603133,2.9901215546450386
20,97,1,0.14057971014492754,0.1208959600116683,0.5893736481666565,0.009134566918633133,0.2693413592233058
20,98,1,0.14202898550724638,0.1151103385171374,0.6002646684646606,0.008865755251677803,0.5881857961910407
20,99,1,0.14347826086956522,0.10240943431528288,0.6038107872009277,0.015079961254652318,1.5510475171881923
20,100,1,0.14492753623188406,0.11097311178461935,0.6030194759368896,0.009316177685803617,0.739505299909154
20,101,1,0.1463768115942029,0.10980336306842865,0.5920497179031372,0.008395984879114329,0.2560068816153642
20,102,1,0.14782608695652175,0.09113401019910884,0.6221158504486084,0.02203200574524673,3.0962303151386408
20,103,1,0.1492753623188406,0.09419897643130772,0.607637345790863,0.013787049745042457,1.4996999383329814
20,104,1,0.15072463768115943,0.10277326489223436,0.5939420461654663,0.010297653664853275,0.5770071139121697
20,105,1,0.15217391304347827,0.0992248727580112,0.6113712191581726,0.006810910332561607,0.6705949311337249
20,106,1,0.1536231884057971,0.09294692788582729,0.6133835911750793,0.007477807207326754,0.8271905408203979
20,107,1,0.15507246376811595,0.1013892317491467,0.5923805236816406,0.0037130583332776468,-0.3715674654445822
20,108,1,0.1565217391304348,0.10267220706996197,0.5948564410209656,0.00342917925720337,-0.3294503532381302
20,109,1,0.15797101449275364,0.08945728709044425,0.6001458168029785,0.01319297679828106,1.1741890745127286
20,110,1,0.15942028985507245,0.10931820650665743,0.6068106293678284,0.00910983903482385,0.8351226400068088
20,111,1,0.1608695652173913,0.10196818699514326,0.6072751879692078,0.007151668475051925,0.5833501571349875
20,112,1,0.16231884057971013,0.10146040093507347,0.6036233305931091,0.00683190951198827,0.4205623947056454
20,113,1,0.16376811594202897,0.10766184563797808,0.6138948202133179,0.006502224081292763,0.7108867745536634
20,114,1,0.16521739130434782,0.11543537347281364,0.614361584186554,0.006741259431112064,0.7587072619532785
20,115,1,0.16666666666666666,0.11186857632401717,0.6048360466957092,0.0041469599197724825,0.094136347732066
20,116,1,0.1681159420289855,0.102350082957792,0.5927123427391052,0.010348420157667097,0.5437893918591726
20,117,1,0.16956521739130434,0.11220130288957626,0.6006296277046204,0.004926839892856905,0.06314912178367507
20,118,1,0.17101449275362318,0.11686108141646011,0.5950110554695129,0.0049660027289894,-0.11490536680102209
20,119,1,0.17246376811594202,0.10903790836860493,0.5959439873695374,0.006563046842958333,0.1332535269768217
20,120,1,0.17391304347826086,0.11221533039384755,0.6076604723930359,0.004418598244909866,0.223356549706911
20,121,1,0.1753623188405797,0.1137819910749186,0.6019615530967712,0.0033890679950913816,-0.10300371734684069
20,122,1,0.17681159420289855,0.1047313300896137,0.596705973148346,0.011834701746832597,0.8767520412016041
20,123,1,0.1782608695652174,0.1120457953790458,0.6081598997116089,0.004426640465807267,0.24075442567894456
20,124,1,0.17971014492753623,0.10936396226510531,0.6037419438362122,0.005801137970790011,0.2839202126765206
20,125,1,0.18115942028985507,0.11877008308266693,0.5858537554740906,0.00557687657202422,-0.33053068353054954
20,126,1,0.1826086956521739,0.10668814435537087,0.605379045009613,0.00813160237172558,0.6550427034486341
20,127,1,0.18405797101449275,0.11434601983349711,0.594311535358429,0.004409333764906828,-0.21362264322461472
20,128,1,0.1855072463768116,0.10741746095091365,0.6012531518936157,0.008466545456234915,0.5660305174916239
20,129,1,0.18695652173913044,0.11806105309083542,0.5939362645149231,0.0058917502265413485,-0.023790100156700245
20,130,1,0.18840579710144928,0.1106528370340131,0.6076852679252625,0.004748192978983985,0.2690959243766249
20,131,1,0.18985507246376812,0.11574508416763891,0.6050156354904175,0.004302584539449144,0.12121281739775683
20,132,1,0.19130434782608696,0.10454562245863054,0.6038466095924377,0.01201544037520824,1.134464254602729
20,133,1,0.1927536231884058,0.12011470365609389,0.6023575067520142,0.006118338381087473,0.28197191741575156
20,134,1,0.19420289855072465,0.11323418360618512,0.5949026942253113,0.006029831210479393,0.026577735967802572
20,135,1,0.1956521739130435,0.126687778383559,0.5904759168624878,0.00968592588843334,0.38048070624954616
20,136,1,0.19710144927536233,0.06655826222151397,0.642393171787262,0.05317926382759167,8.004056775776634
20,137,1,0.19855072463768117,0.11891251904304764,0.6186349987983704,0.017470899857586174,2.360847955713139
20,138,1,0.2,0.10364079921320951,0.6118459105491638,0.02340382751000778,2.94801953671909
20,139,1,0.20144927536231885,0.1076428048555022,0.6156402826309204,0.019568699802568472,2.5490689186570745
20,140,1,0.2028985507246377,0.0732963763665356,0.6165559887886047,0.02997966784389127,3.9981711454872624
20,141,1,0.20434782608695654,0.1244186767100157,0.5951482057571411,0.020074082202360212,1.9490900805196612
20,142,1,0.20579710144927535,0.0969321354807287,0.6168340444564819,0.01929058077647671,2.550121010533616
20,143,1,0.2072463768115942,0.107715207990766,0.6165225505828857,0.01617663323416111,2.115463368978623
20,144,1,0.20869565217391303,0.059323949007747255,0.6218785643577576,0.04485860415225274,6.200185004088507
20,145,1,0.21014492753623187,0.09080355858690459,0.6080666780471802,0.024907301718379297,3.029615567337592
20,146,1,0.21159420289855072,0.05779522234086307,0.6194571256637573,0.03449044444866207,4.70777047306381
20,147,1,0.21304347826086956,0.07863691863656781,0.623214840888977,0.02106828961186278,3.0007290845969763
20,148,1,0.2144927536231884,0.06710422410650488,0.6140226125717163,0.012361935664117855,1.5138482027849647
20,149,1,0.21594202898550724,0.07914879006809705,0.6074906587600708,0.011853648498623824,1.2313526080393769
20,150,1,0.21739130434782608,0.10520150960189711,0.6050583124160767,0.0309382667909004,3.753556273069891
20,151,1,0.21884057971014492,0.09090000449707787,0.6001763939857483,0.012654333227829976,1.101759758835378
20,152,1,0.22028985507246376,0.09126280194774514,0.6177976131439209,0.011025343371897879,1.4548632212732664
20,153,1,0.2217391304347826,0.10541509760380634,0.6023157238960266,0.012243245464952047,1.1155495165591474
20,154,1,0.22318840579710145,0.10410559692053574,0.6146668195724487,0.007113450190220125,0.8194069886911117
20,155,1,0.2246376811594203,0.10103782356077173,0.6041092276573181,0.0054026904106843476,0.24159256192695755
20,156,1,0.22608695652173913,0.10296343523386084,0.593016505241394,0.004305017253956309,-0.27011342770780294
20,157,1,0.22753623188405797,0.10460173936858008,0.605002224445343,0.0028166405416227853,-0.08178737558426563
20,158,1,0.2289855072463768,0.10277396238298307,0.6130886673927307,0.0039951404109425355,0.34281030337528207
20,159,1,0.23043478260869565,0.1058578680080935,0.6189871430397034,0.0014018881594014578,0.1818299849940922
20,160,1,0.2318840579710145,0.10989861578189182,0.5971100926399231,0.0022574105105239465,-0.4156243717499538
20,161,1,0.23333333333333334,0.10846758545370441,0.6103175282478333,0.0015990540762387834,-0.07427329691238682
20,162,1,0.23478260869565218,0.11095099040327468,0.5886321663856506,0.001520122772121925,-0.7928546588418477
20,163,1,0.23623188405797102,0.11719689217266385,0.5963606834411621,0.00481117323793426,-0.09195901236728149
20,164,1,0.23768115942028986,0.11935456176832566,0.6164603233337402,0.004134086792453448,0.4718039484583068
20,165,1,0.2391304347826087,0.11227332558029378,0.5916786789894104,0.005311135892186887,-0.176627654165831
20,166,1,0.24057971014492754,0.1175562953389853,0.5931739807128906,0.003331784489355283,-0.3976434959216359
20,167,1,0.24202898550724639,0.12405681769128274,0.593804657459259,0.003869594953227087,-0.303744075353071
20,168,1,0.24347826086956523,0.11855201936634024,0.6022503972053528,0.004334359230600273,0.03528549253533275
20,169,1,0.24492753623188407,0.11770328396616124,0.5802087187767029,0.003998284551052789,-0.7299797643726645
20,170,1,0.2463768115942029,0.11966766641540058,0.602782666683197,0.0036551921183022897,-0.039924358329641474
20,171,1,0.24782608695652175,0.12088989291544756,0.5885592699050903,0.002853530832784913,-0.6134651400302483
20,172,1,0.2492753623188406,0.11725437263465437,0.5742982029914856,0.00554079705417154,-0.7126282692476719
20,173,1,0.25072463768115943,0.12768067702418445,0.6525382995605469,0.005209919018280026,1.79606432086849
20,174,1,0.25217391304347825,0.09804722497656887,0.6287188529968262,0.026917881293841366,3.977793594728976
20,175,1,0.2536231884057971,0.11381786142466753,0.608982503414154,0.012909061905486411,1.4239201311992358
20,176,1,0.25507246376811593,0.13067916277529054,0.6287322640419006,0.013543104275523283,2.1549946631130092
20,177,1,0.2565217391304348,0.11527378178673409,0.6251922845840454,0.012332509777721797,1.8744208152768123
20,178,1,0.2579710144927536,0.05658381466163116,0.6285776495933533,0.06146264710217259,8.682293726121719
20,179,1,0.2594202898550725,0.11135637358815537,0.6310377717018127,0.022992124255578367,3.518328906037323
20,180,1,0.2608695652173913,0.10076927792213841,0.6214667558670044,0.0269519093248611,3.745720029820796
20,181,1,0.26231884057971017,0.10103125051997952,0.6164687275886536,0.018625061008054805,2.4474738658665287
20,182,1,0.263768115942029,0.023691816634210924,0.6363583207130432,0.07233531656175368,10.41841068131923
20,183,1,0.26521739130434785,0.08916060538894621,0.609143078327179,0.030659531872933285,3.8488882885384874
20,184,1,0.26666666666666666,0.058609519656237556,0.6190377473831177,0.039667741884887635,5.39984592937282
20,185,1,0.26811594202898553,0.08303310144658611,0.5939116477966309,0.027691020709217022,2.9470618784145124
20,186,1,0.26956521739130435,0.0336015273615033,0.6351463794708252,0.0356954795882358,5.384145126705139
20,187,1,0.2710144927536232,0.09322716032657723,0.6080591082572937,0.02437430358984575,2.956710695759593
20,188,1,0.27246376811594203,0.06449737696579645,0.6052271723747253,0.02029391288425792,2.308039914445148
20,189,1,0.27391304347826084,0.07523279623948617,0.5996215343475342,0.02025873016606359,2.120272891049996
20,190,1,0.2753623188405797,0.08191774910977838,0.5947315096855164,0.019495957885641638,1.8566795553399404
20,191,1,0.2768115942028985,0.07830743703516829,0.5911229848861694,0.008853684057768235,0.28815094215640036
20,192,1,0.2782608695652174,0.09091659841726031,0.6020798087120056,0.01233580455671446,1.120466687814772
20,193,1,0.2797101449275362,0.08895471435804553,0.594717264175415,0.0054684479688388125,-0.05600201845538499
20,194,1,0.2811594202898551,0.08903125343165066,0.6052042245864868,0.0034747500483943827,0.014518866228024008
20,195,1,0.2826086956521739,0.09123281484738223,0.6060193777084351,0.00313315557712171,-0.00543993880571908
20,196,1,0.28405797101449276,0.12659529695670121,0.6600732207298279,0.03296949767012806,5.8261670077552505
20,197,1,0.2855072463768116,0.17072419364704117,0.6760823726654053,0.06817871972560774,11.148401195222451
20,198,1,0.28695652173913044,0.26743824793606935,0.6299965977668762,0.14445040419238703,20.041419765518743
20,199,1,0.28840579710144926,0.23646256224003515,0.6216330528259277,0.08507920352286295,11.675004608730056
20,200,1,0.2898550724637681,0.3062632227112802,0.631057620048523,0.10236619349333001,14.339173162210015
20,201,1,0.29130434782608694,0.2807991899771167,0.6258161067962646,0.04543558649220121,6.407362118081527
20,202,1,0.2927536231884058,0.3113768047576006,0.634599506855011,0.03504404501848677,5.277491988387835
20,203,1,0.2942028985507246,0.30553618328475335,0.63309645652771,0.02437617800833456,3.774198322373766
20,204,1,0.2956521739130435,0.31248404789132533,0.629467248916626,0.00878140372798213,1.5298745368147153
20,205,1,0.2971014492753623,0.30877838098928,0.6368250250816345,0.008662979042166279,1.753892650152121
20,206,1,0.2985507246376812,0.31300966990413664,0.6320405006408691,0.003104962898320817,0.8400598883001406
20,207,1,0.3,0.31124890079005735,0.6350275278091431,0.002295123750305006,0.8271615233162202
20,208,1,0.30144927536231886,0.31414031318153063,0.6260657906532288,0.002084999808628884,0.5060018552409431
20,209,1,0.30289855072463767,0.3139013764399877,0.6262290477752686,0.001484893799251913,0.4295247817257841
20,210,1,0.30434782608695654,0.3162346373597076,0.6539897322654724,0.0012183172685032379,1.299308549202638
20,211,1,0.30579710144927535,0.3184172603429621,0.6381800174713135,0.0009606982102301331,0.7481528305406941
20,212,1,0.3072463768115942,0.32169648526574696,0.6310957670211792,0.0024311344117114468,0.7173676421808646
20,213,1,0.30869565217391304,0.3224055331162096,0.6214563846588135,0.0016150061204863973,0.2914793539203815
20,214,1,0.3101449275362319,0.3253925627564901,0.6269306540489197,0.0021121297123450093,0.5379297698631061
20,215,1,0.3115942028985507,0.33067639150290973,0.6401028633117676,0.005106477109569021,1.3760640940429612
20,216,1,0.3130434782608696,0.33450753888147117,0.6309762001037598,0.005872841698143591,1.1826351261707615
20,217,1,0.3144927536231884,0.3378463989236346,0.6164923906326294,0.006008938336375921,0.7284285920635422
20,218,1,0.3159420289855073,0.3611217941836605,0.6410351395606995,0.02542411714454563,4.176175127714018
20,219,1,0.3173913043478261,0.3529950311963906,0.6746904850006104,0.013146818598715759,3.6010736878298104
20,220,1,0.3188405797101449,0.35676529404376706,0.6388261914253235,0.010170680903631466,2.0247402238874717
20,221,1,0.32028985507246377,0.3627110388071386,0.6185364723205566,0.008297505299340964,1.107123720875509
20,222,1,0.3217391304347826,0.41112609384776105,0.6459439992904663,0.049135850267033356,7.568763409462521
20,223,1,0.32318840579710145,0.3774285199068082,0.6388338208198547,0.020504379185129484,3.433669012520566
20,224,1,0.32463768115942027,0.36594197400198014,0.6446031928062439,0.016372493433092848,3.058729651764404
20,225,1,0.32608695652173914,0.3608425025594372,0.6181944608688354,0.02205135810447334,2.970872208656904
20,226,1,0.32753623188405795,0.4059227260226026,0.6453622579574585,0.028971246551587497,4.800955781449665
20,227,1,0.3289855072463768,0.36014241726560287,0.6420050859451294,0.020983467380092668,3.602489600078674
20,228,1,0.33043478260869563,0.3700766063537859,0.635320246219635,0.013438335854483362,2.355747907974788
20,229,1,0.3318840579710145,0.3651462512088395,0.6198674440383911,0.013756901226929057,1.8947869078312245
20,230,1,0.3333333333333333,0.40409104435045407,0.6325808763504028,0.02896649416922293,4.383116978514217
20,231,1,0.3347826086956522,0.373080227527662,0.6360846161842346,0.011501354752851724,2.1166499508401335
20,232,1,0.336231884057971,0.37263574463215754,0.6279023289680481,0.01064431604888226,1.732745140289328
20,233,1,0.33768115942028987,0.3713349451332591,0.6259257197380066,0.011216109563326674,1.7461739231638576
20,234,1,0.3391304347826087,0.3644195537491019,0.6541965007781982,0.019457890684769788,3.7924585991093003
20,235,1,0.34057971014492755,0.3611440704389776,0.6242891550064087,0.012815501344556028,1.9107831382990046
20,236,1,0.34202898550724636,0.36128598777989657,0.6392555236816406,0.009689544731465976,1.9731658347598646
20,237,1,0.34347826086956523,0.36819258734124105,0.6328256130218506,0.004767891775067092,1.0923752230476207
20,238,1,0.34492753623188405,0.38228470070049037,0.6159278154373169,0.014932196850197534,1.9264105386035781
20,239,1,0.3463768115942029,0.38896494927741754,0.618070662021637,0.017146158689277657,2.29815930677729
20,240,1,0.34782608695652173,0.4052890137246014,0.6063399314880371,0.026515003426851536,3.192414001829812
20,241,1,0.3492753623188406,0.4012167915329677,0.6082136631011963,0.01419652664945614,1.574330731775476
20,242,1,0.3507246376811594,0.38523385311300423,0.6225833892822266,0.012796964718853537,1.852579160390305
20,243,1,0.3521739130434783,0.3756361256933945,0.6339664459228516,0.02313198024159173,3.6329873931159318
20,244,1,0.3536231884057971,0.36445743496793637,0.6365981698036194,0.030978465071044098,4.7885134609270015
20,245,1,0.35507246376811596,0.3679855630362532,0.6423256993293762,0.018288115543121725,3.245526831083133
20,246,1,0.3565217391304348,0.3540290929567594,0.6348173022270203,0.022891105268876194,3.6279239432617816
20,247,1,0.35797101449275365,0.3655419079312871,0.6343184113502502,0.008615116937953405,1.6655509546599545
20,248,1,0.35942028985507246,0.3651080897170096,0.6087061166763306,0.005590080799967641,0.41718229410409163
20,249,1,0.36086956521739133,0.3829704733111142,0.6075955629348755,0.0162123558777984,1.8289515118430522
20,250,1,0.36231884057971014,0.39041149927548036,0.6131513118743896,0.019907154273449273,2.513965401171646
20,251,1,0.36376811594202896,0.3975504635635211,0.615801990032196,0.017950516981809772,2.333758014589853
20,252,1,0.3652173913043478,0.3918711469128783,0.6016407012939453,0.008534068343524005,0.5878849868023786
20,253,1,0.36666666666666664,0.4023214290368502,0.6069062352180481,0.008028579248113208,0.6908469758462207
20,254,1,0.3681159420289855,0.40928627123384914,0.5898172855377197,0.010155682513678157,0.4230194053375871
20,255,1,0.3695652173913043,0.41294788292149326,0.6039921045303345,0.009098601211730091,0.7415925899112914
20,256,1,0.3710144927536232,0.4122341309859417,0.6011778712272644,0.005610761209058953,0.17427556908990172
20,257,1,0.372463768115942,0.4231893353476919,0.605448842048645,0.01039995278016981,0.9665402503099041
20,258,1,0.3739130434782609,0.4221397728993844,0.5926976799964905,0.005376585782903339,-0.13444486391770652
20,259,1,0.3753623188405797,0.42789703693094877,0.6043887138366699,0.006677302369332452,0.4244690067757631
20,260,1,0.37681159420289856,0.43606518051735454,0.6145232319831848,0.011108157453374375,1.3592748477210244
20,261,1,0.3782608695652174,0.4395466346101725,0.5937933325767517,0.008631849163339093,0.3450721653181362
20,262,1,0.37971014492753624,0.43852559097088567,0.6050270199775696,0.004956969715103092,0.2107895676154967
20,263,1,0.38115942028985506,0.44434527489607983,0.588543176651001,0.005244710115750953,-0.288027183690298
20,264,1,0.3826086956521739,0.4406297784936172,0.6004742383956909,0.002582845777994486,-0.2614538783562438
20,265,1,0.38405797101449274,0.4424286695136886,0.5939339399337769,0.0021061589574267216,-0.5399141183638282
20,266,1,0.3855072463768116,0.4371673781300065,0.6045286655426025,0.00790690436154982,0.596655258509893
20,267,1,0.3869565217391304,0.44416081941780294,0.5921560525894165,0.0033522397028341207,-0.42808076592089916
20,268,1,0.3884057971014493,0.4445294512956358,0.5977320075035095,0.002403419089750762,-0.37542099780624993
20,269,1,0.3898550724637681,0.45399995615927097,0.5907190442085266,0.008336422546999015,0.20445351856703814
20,270,1,0.391304347826087,0.444535982885189,0.6024559140205383,0.0048311115476789785,0.10971046429111686
20,271,1,0.3927536231884058,0.4468740609858383,0.5934749841690063,0.003975093722351861,-0.30012329328099874
20,272,1,0.39420289855072466,0.45060923721210744,0.5818134546279907,0.0033829522450102827,-0.7614818542950272
20,273,1,0.39565217391304347,0.4584896972463487,0.5876992344856262,0.006521626587610719,-0.1415058770101913
20,274,1,0.39710144927536234,0.44884118675599904,0.6014435887336731,0.004878011849360318,0.08306104266338915
20,275,1,0.39855072463768115,0.45366627050455816,0.5908374786376953,0.0033459216791546925,-0.47198097438955433
20,276,1,0.4,0.44792066499972294,0.5811476707458496,0.008572886953018898,-0.07572650467646441
20,277,1,0.40144927536231884,0.45777223715977167,0.5792189836502075,0.005183121521805257,-0.6007694045802578
20,278,1,0.4028985507246377,0.4551910259795421,0.5832568407058716,0.0029507731725542446,-0.7732832132185462
20,279,1,0.4043478260869565,0.4632281790912119,0.5961165428161621,0.005998675407324658,0.06195125817813851
20,280,1,0.4057971014492754,0.4579673137666605,0.5969977378845215,0.0038024282289681128,-0.2086763676041188
20,281,1,0.4072463768115942,0.46462323619682694,0.5858802795410156,0.003230846230929775,-0.6494735125834308
20,282,1,0.40869565217391307,0.46591713657692313,0.6006777882575989,0.0029548780808613456,-0.20409482076486937
20,283,1,0.4101449275362319,0.4679426013022282,0.6064506769180298,0.0019330329842167432,-0.15496165945768586
20,284,1,0.4115942028985507,0.4704334124295622,0.6281214356422424,0.002728886445914044,0.6608731839778734
20,285,1,0.41304347826086957,0.4698506430586021,0.5997511744499207,0.0009704075907715189,-0.5048610778206188
20,286,1,0.4144927536231884,0.472035412908888,0.6069251894950867,0.0006520585240663013,-0.3140945216461993
20,287,1,0.41594202898550725,0.4699283404472178,0.599368691444397,0.003729131000590827,-0.14127901398046488
20,288,1,0.41739130434782606,0.46836996351137117,0.5927817225456238,0.005783942722684868,-0.0761711669939781
20,289,1,0.41884057971014493,0.47485553222229376,0.589500367641449,0.0023337196114206916,-0.6536073822623234
20,290,1,0.42028985507246375,0.47376531880751854,0.5908607840538025,0.0023848435267909513,-0.602233518206411
20,291,1,0.4217391304347826,0.4715743558016035,0.5865752100944519,0.0037473869684853363,-0.5563762827678491
20,292,1,0.42318840579710143,0.46950317402743424,0.5863560438156128,0.006230072581251006,-0.22509268145548172
20,293,1,0.4246376811594203,0.47648404913895714,0.6013445854187012,0.0033226119093889995,-0.1322010935526275
20,294,1,0.4260869565217391,0.48085279018748545,0.6136068105697632,0.004429111720618581,0.4188813164108096
20,295,1,0.427536231884058,0.4767938255682387,0.5963041186332703,0.00289187410022901,-0.355442320466495
20,296,1,0.4289855072463768,0.4725109573817487,0.5821767449378967,0.006989456371768675,-0.2579887125527661
20,297,1,0.43043478260869567,0.4780461314936348,0.5926156044006348,0.004255424349806556,-0.2899594970281582
20,298,1,0.4318840579710145,0.4742070898534083,0.5945650339126587,0.006435790327357108,0.07089628164421935
20,299,1,0.43333333333333335,0.4780021501851761,0.5919255018234253,0.002748868261276801,-0.5178570748805975
20,300,1,0.43478260869565216,0.4698781394616512,0.5784567594528198,0.009405396789829294,-0.05007231667954015
20,301,1,0.43623188405797103,0.47860356174798646,0.6197546720504761,0.003709153895535577,0.5214067672239178
20,302,1,0.43768115942028984,0.47190952054371144,0.5987951159477234,0.006855168791332589,0.2661376326321036
20,303,1,0.4391304347826087,0.48145817012329545,0.6145995259284973,0.004422903786547716,0.450437803974829
20,304,1,0.4405797101449275,0.4744470169171524,0.6091163754463196,0.004607285074997203,0.2965995910975551
20,305,1,0.4420289855072464,0.48495480570256144,0.6120680570602417,0.004758284346536526,0.4135280933929839
20,306,1,0.4434782608695652,0.4754744492837523,0.5951552391052246,0.006309883060916355,0.07299733013673698
20,307,1,0.4449275362318841,0.48554363549698015,0.5988141894340515,0.004841268210835741,-0.007772779328725651
20,308,1,0.4463768115942029,0.47876124697978656,0.6054615378379822,0.005142301132135231,0.250236656864612
20,309,1,0.44782608695652176,0.4820401898195373,0.5835743546485901,0.00478407703859838,-0.5130051815506388
20,310,1,0.4492753623188406,0.4789021018841874,0.6100316643714905,0.005144732533815169,0.399739417145506
20,311,1,0.45072463768115945,0.48436841968381666,0.5995808839797974,0.0031985099177335658,-0.20668669205824103
20,312,1,0.45217391304347826,0.4832557192258439,0.6172372698783875,0.002094251450609412,0.21909550684949508
20,313,1,0.45362318840579713,0.4790897573226213,0.5942239165306091,0.0066438043537135035,0.08811830336540971
20,314,1,0.45507246376811594,0.48218497187732867,0.6029168367385864,0.0036401981475331392,-0.0375889413371672
20,315,1,0.45652173913043476,0.48204324690835254,0.6094918251037598,0.003813387325708832,0.2006310899568928
20,316,1,0.4579710144927536,0.48471772547047726,0.61277836561203,0.0017953125226473849,0.03280348000531874
20,317,1,0.45942028985507244,0.48016663011676536,0.602072536945343,0.0054342493009180955,0.1794159921076331
20,318,1,0.4608695652173913,0.48357541106004825,0.6106076836585999,0.0032806862232149826,0.16443599586369878
20,319,1,0.4623188405797101,0.48332086475492547,0.6173366904258728,0.003037178366858527,0.35087953117293813
20,320,1,0.463768115942029,0.4841820130881966,0.5931366086006165,0.0023550987853460078,-0.5320041922699956
20,321,1,0.4652173913043478,0.4817148571525314,0.6044565439224243,0.004688326625441036,0.15554776528674435
20,322,1,0.4666666666666667,0.48733525233952196,0.6079608798027039,0.0016866330027568589,-0.13925685684288625
20,323,1,0.4681159420289855,0.48381643931586976,0.5955959558486938,0.0039137615409126055,-0.23925441499070416
20,324,1,0.46956521739130436,0.4851309957277062,0.6078300476074219,0.0027230987693122573,-0.0022372764899488695
20,325,1,0.47101449275362317,0.4791075598950419,0.5961538553237915,0.008983780261853935,0.4700957662675099
20,326,1,0.47246376811594204,0.4876520680380962,0.6072679162025452,0.0033413110713567153,0.06368856468485834
20,327,1,0.47391304347826085,0.48069357595210604,0.605254590511322,0.006825143815060952,0.47288527607953007
20,328,1,0.4753623188405797,0.4836374508895851,0.6075111627578735,0.003963872784261324,0.15649527007179606
20,329,1,0.47681159420289854,0.48097387980868433,0.5946864485740662,0.005390737908011489,-0.06760121613535298
20,330,1,0.4782608695652174,0.4840476938132576,0.5806635022163391,0.0036020200795377245,-0.7691537854047514
20,331,1,0.4797101449275362,0.4804239332744551,0.5981482267379761,0.005506170864441673,0.06112873793429732
20,332,1,0.4811594202898551,0.4822354372258915,0.5899126529693604,0.003814617414712996,-0.4382756169862465
20,333,1,0.4826086956521739,0.48367354569334836,0.6061985492706299,0.0020273323895941987,-0.1503364335937824
20,334,1,0.48405797101449277,0.48303903382498625,0.5898183584213257,0.0031480726997404037,-0.5322161714858489
20,335,1,0.4855072463768116,0.4814103813563321,0.5974282026290894,0.004524560171326739,-0.09618544542746006
20,336,1,0.48695652173913045,0.4840883315085758,0.6037245392799377,0.0027138063110764034,-0.13750994876674658
20,337,1,0.48840579710144927,0.47999353293475866,0.590525209903717,0.006651244184040461,-0.03159521980189636
20,338,1,0.48985507246376814,0.4823576866831531,0.5936443209648132,0.003830773315598144,-0.3142696702843038
20,339,1,0.49130434782608695,0.4851058375960137,0.5912554264068604,0.002223654920944439,-0.6113252608912189
20,340,1,0.4927536231884058,0.48302553568656514,0.5868781208992004,0.0034527655170486895,-0.5866516275742133
20,341,1,0.49420289855072463,0.4846211167866523,0.5868561267852783,0.0016708852069047438,-0.8302737284446737
20,342,1,0.4956521739130435,0.4827915978051261,0.586702823638916,0.004577900405958482,-0.43899612108504776
20,343,1,0.4971014492753623,0.48470012727857764,0.5932937860488892,0.003013722645128284,-0.4370908704284912
20,344,1,0.4985507246376812,0.48557597657338847,0.5958752036094666,0.001800571838830309,-0.5182076000017932
20,345,1,0.5,0.4856227560259366,0.6093505024909973,0.0023914026079880886,0.0021746639246091326
20,346,1,0.5014492753623189,0.4832896315119806,0.5921743512153625,0.004974936931765078,-0.20627897147076835
20,347,1,0.5028985507246376,0.48268762651975644,0.6016380190849304,0.0057014503507028915,0.20165769131864603
20,348,1,0.5043478260869565,0.4839954524188217,0.6042104363441467,0.003890499261932312,0.03875563053919179
20,349,1,0.5057971014492754,0.4814048604007205,0.5901666879653931,0.006085960241391836,-0.12035652354374077
20,350,1,0.5072463768115942,0.4819292245966497,0.5876075029373169,0.004507122139158615,-0.4191153417964234
20,351,1,0.508695652173913,0.4818358328932164,0.5861848592758179,0.004260412113759185,-0.4991824451901464
20,352,1,0.5101449275362319,0.48492632684831866,0.5893685817718506,0.001845595441614405,-0.7244495567978693
20,353,1,0.5115942028985507,0.48544668250437173,0.5901322364807129,0.0010379758997253559,-0.8096173840658512
20,354,1,0.5130434782608696,0.48474608218968934,0.5967819094657898,0.002380388543938278,-0.40957219509790577
20,355,1,0.5144927536231884,0.48353782527453115,0.6100983023643494,0.004292859857356388,0.2857880561549766
20,356,1,0.5159420289855072,0.48369450445867374,0.6090436577796936,0.004561678768542504,0.28800904091439894
20,357,1,0.5173913043478261,0.48798757376199986,0.5988544821739197,0.0021768903494094483,-0.36966301797263307
20,358,1,0.518840579710145,0.48670466058960116,0.5873996615409851,0.0019470863108791798,-0.7748810029773838
20,359,1,0.5202898550724637,0.4859365268159848,0.5852424502372742,0.003136568228205153,-0.6831444799690147
20,360,1,0.5217391304347826,0.4838326031253563,0.5903538465499878,0.005840167304197089,-0.14775382533140394
20,361,1,0.5231884057971015,0.4858262654287328,0.5953787565231323,0.004159470014581782,-0.2128491726444156
20,362,1,0.5246376811594203,0.48715904251226544,0.5995866060256958,0.0022343635849009875,-0.3379314176464867
20,363,1,0.5260869565217391,0.48643863793703135,0.5913288593292236,0.0028419255565420133,-0.5246463165743531
20,364,1,0.527536231884058,0.485128954807961,0.589373767375946,0.004277136465874004,-0.3928149738675294
20,365,1,0.5289855072463768,0.4852182286685023,0.5805766582489014,0.004511950525983852,-0.647947578878223
20,366,1,0.5304347826086957,0.48638036961498937,0.5831636190414429,0.0031978003894391595,-0.7426515055423386
20,367,1,0.5318840579710145,0.4864284893715923,0.5870556235313416,0.002955012408517238,-0.6487110716995335
20,368,1,0.5333333333333333,0.4856803459734681,0.5796146988868713,0.0037006186652816494,-0.789946409258925
20,369,1,0.5347826086956522,0.4854978990589359,0.6002510190010071,0.0040209133711905905,-0.07270389156273008
20,370,1,0.5362318840579711,0.48936250305078255,0.6063330769538879,0.0018444350977398372,-0.17087776187667908
20,371,1,0.5376811594202898,0.49056925405702145,0.6062659025192261,0.0011531868474926876,-0.26730066377948974
20,372,1,0.5391304347826087,0.48534047876205333,0.5851374268531799,0.006028975795987182,-0.2922822941602147
20,373,1,0.5405797101449276,0.4827889823993315,0.59366774559021,0.008495505355855328,0.3223866845211567
20,374,1,0.5420289855072464,0.4927880908752078,0.6229332089424133,0.004387355595800212,0.7176076696192922
20,375,1,0.5434782608695652,0.4883457659761187,0.597174882888794,0.004459499749471528,-0.11332290770917905
20,376,1,0.5449275362318841,0.48786580515833694,0.6024085283279419,0.003425217333538998,-0.08348636977183241
20,377,1,0.5463768115942029,0.48589013524768015,0.5976893901824951,0.005648979877557078,0.06561966005114839
20,378,1,0.5478260869565217,0.4898837403556765,0.5907992720603943,0.003709074731048371,-0.42372338399060255
20,379,1,0.5492753623188406,0.48801919788359127,0.5918985605239868,0.0035691178238502737,-0.40692082542801794
20,380,1,0.5507246376811594,0.49073207553716214,0.5945861339569092,0.0016784439002832047,-0.5769318684087974
20,381,1,0.5521739130434783,0.4876493691895315,0.5959632992744446,0.004573872089484535,-0.13727850203733907
20,382,1,0.553623188405797,0.48952840198598313,0.586821436882019,0.0033557733721238416,-0.6017236989067902
20,383,1,0.5550724637681159,0.4868174599246358,0.5999087691307068,0.0057567552474196955,0.15275318085262035
20,384,1,0.5565217391304348,0.4903648935510905,0.605030357837677,0.002964213139855818,-0.0607521330354025
20,385,1,0.5579710144927537,0.4860585924451091,0.5985173583030701,0.0061233927406896095,0.15731647433340712
20,386,1,0.5594202898550724,0.48718637271981646,0.6027292609214783,0.004597918279876653,0.08684396885987189
20,387,1,0.5608695652173913,0.4883895181870175,0.5899705290794373,0.00280926549613397,-0.5734351123345264
20,388,1,0.5623188405797102,0.48985091690515653,0.6008872389793396,0.0017531898980621859,-0.36107121148358423
20,389,1,0.563768115942029,0.48882178382926683,0.616066575050354,0.002641520257996602,0.25548657183155526
20,390,1,0.5652173913043478,0.4883281021694144,0.601789116859436,0.0038259997638884326,-0.04907000969518027
20,391,1,0.5666666666666667,0.49057082950894765,0.605548620223999,0.002271677651923574,-0.13824154671877148
20,392,1,0.5681159420289855,0.48861154706805576,0.5998551845550537,0.004373315058129113,-0.03758507702331587
20,393,1,0.5695652173913044,0.4866251540632731,0.6253631114959717,0.006049865603636556,1.023552713761349
20,394,1,0.5710144927536231,0.4873065429653924,0.5973412990570068,0.00481931926001884,-0.05884074929409738
20,395,1,0.572463768115942,0.49096522950968136,0.5974172949790955,0.00274945149627988,-0.33852257558131155
20,396,1,0.5739130434782609,0.4851599213700363,0.6101512312889099,0.006809151054552887,0.630534067625018
20,397,1,0.5753623188405798,0.4847084489486355,0.5898732542991638,0.00639771705144877,-0.08743596446843999
20,398,1,0.5768115942028985,0.48728942022799737,0.5885773301124573,0.003909664328510743,-0.468904548158834
20,399,1,0.5782608695652174,0.4900052691429814,0.5890218615531921,0.0027361035076460738,-0.6143734867940865
20,400,1,0.5797101449275363,0.48555227222474956,0.5845539569854736,0.0048304467206515935,-0.4747093800512377
20,401,1,0.5811594202898551,0.4868746801738858,0.6010005474090576,0.0036061264851936616,-0.10478224071737141
20,402,1,0.5826086956521739,0.4835075596569157,0.6062329411506653,0.007514804808476325,0.5988330712799745
20,403,1,0.5840579710144927,0.48982737924855063,0.5965845584869385,0.0027306069934277966,-0.36827239347672824
20,404,1,0.5855072463768116,0.4888841477453517,0.5944378972053528,0.002399791538684799,-0.483436980489146
20,405,1,0.5869565217391305,0.485905952454155,0.602216362953186,0.004959443275009451,0.1193854495211627
20,406,1,0.5884057971014492,0.486595809493485,0.6019260287284851,0.004027404305746757,-0.017145862403346257
20,407,1,0.5898550724637681,0.4874280742901428,0.5884972810745239,0.0039672019682313155,-0.46367391508167993
20,408,1,0.591304347826087,0.4879143024403305,0.597433865070343,0.002881147578441626,-0.3200290365362878
20,409,1,0.5927536231884057,0.48419605877599936,0.6012142896652222,0.006356929916517482,0.2771812828582656
20,410,1,0.5942028985507246,0.4869192938090886,0.599218487739563,0.0038494481758362432,-0.1297802202252408
20,411,1,0.5956521739130435,0.48517048078190605,0.5885493755340576,0.005035905569972768,-0.3162888827645382
20,412,1,0.5971014492753624,0.48551058479356385,0.6000301837921143,0.004131403181255819,-0.0648502038655352
20,413,1,0.5985507246376811,0.4843735949406823,0.5921702980995178,0.004667463622445686,-0.24832573160990956
20,414,1,0.6,0.48520831636125206,0.6000601053237915,0.003877126243046658,-0.09853633589715964
20,415,1,0.6014492753623188,0.48386404476282613,0.6056416034698486,0.004793653479513435,0.20858678201202974
20,416,1,0.6028985507246377,0.48408900203103394,0.5865995287895203,0.004242087206535639,-0.48814544960010003
20,417,1,0.6043478260869565,0.48415181559802606,0.6063058972358704,0.0038238779489110477,0.09807081409843302
20,418,1,0.6057971014492753,0.48207310832570954,0.5934566855430603,0.00584714038556351,-0.0455249783619107
20,419,1,0.6072463768115942,0.48383512212238916,0.5907704830169678,0.003463940673740371,-0.4580795111316531
20,420,1,0.6086956521739131,0.4815266878138142,0.6044210195541382,0.005602528228463991,0.27901131023532594
20,421,1,0.6101449275362318,0.483335398841025,0.592271089553833,0.0033392033559559477,-0.4261030016015275
20,422,1,0.6115942028985507,0.48063780084975616,0.6070212721824646,0.005646732448966821,0.3699107889965845
20,423,1,0.6130434782608696,0.4833917893081588,0.6043894290924072,0.0031925205461794705,-0.050549736657730215
20,424,1,0.6144927536231884,0.5155906606893312,0.6179202198982239,0.029775787463154214,4.014907584092716
20,425,1,0.6159420289855072,0.5119127902449421,0.6107900142669678,0.02013924982667808,2.468530457022715
20,426,1,0.6173913043478261,0.5599787623547867,0.6434994339942932,0.058503548058751166,8.7659670312266
20,427,1,0.618840579710145,0.5609660680208219,0.6388214230537415,0.03988035132010884,6.0745781356586805
20,428,1,0.6202898550724638,0.5914893298700423,0.6370055675506592,0.05078530551958333,7.501860480619635
20,429,1,0.6217391304347826,0.5864388905760343,0.6382809281349182,0.03000380938199923,4.7105754492007
20,430,1,0.6231884057971014,0.605654331415757,0.6416535377502441,0.027344114687347154,4.458092176365362
20,431,1,0.6246376811594203,0.6017911982259627,0.6403561234474182,0.014712046631805167,2.693752589537988
20,432,1,0.6260869565217392,0.6138961206849001,0.6437535881996155,0.013960729139962493,2.7022287369912448
20,433,1,0.6275362318840579,0.6120318881967141,0.6310632824897766,0.008145305996752752,1.4952576773049284
20,434,1,0.6289855072463768,0.6198413259263964,0.6469287276268005,0.007905987272574442,1.9804903852630327
20,435,1,0.6304347826086957,0.61878566981837,0.6321200728416443,0.004549801395499094,1.0396161537997555
20,436,1,0.6318840579710145,0.6222098099969581,0.6525751352310181,0.002731644391288997,1.4594306547076221
20,437,1,0.6333333333333333,0.6223746384128421,0.6403624415397644,0.0020900036724698983,0.9733341195754308
20,438,1,0.6347826086956522,0.627332563367053,0.6275151371955872,0.0029377483054228463,0.6695551332206137
20,439,1,0.636231884057971,0.6248007514147584,0.6274454593658447,0.0016008505868392803,0.4850362077555138
20,440,1,0.6376811594202898,0.6254056179121759,0.6228507161140442,0.0023657769087155585,0.4393354080986173
20,441,1,0.6391304347826087,0.6239757623724598,0.6135108470916748,0.00459458442723609,0.43830609784962404
20,442,1,0.6405797101449275,0.6291115668339193,0.6186248660087585,0.0021250005292767,0.26857905303406904
20,443,1,0.6420289855072464,0.6252415492962404,0.607668936252594,0.004173829360076428,0.19026615671014777
20,444,1,0.6434782608695652,0.6277399472102715,0.6172909140586853,0.0023164390688336957,0.25113488222718944
20,445,1,0.644927536231884,0.6198732640421626,0.6325634717941284,0.010235896409048676,1.8292119029844156
20,446,1,0.6463768115942029,0.6121048480598158,0.621623158454895,0.01697868780882117,2.391285174889046
20,447,1,0.6478260869565218,0.5453846136772382,0.6890751123428345,0.07944724249787284,13.108605127853686
20,448,1,0.6492753623188405,0.6109993880388849,0.6872122287750244,0.025957230607701276,5.756092918867347
20,449,1,0.6507246376811594,0.6010044652261697,0.6595534682273865,0.026051161416614517,4.866101104120268
20,450,1,0.6521739130434783,0.5848025548024529,0.6727765202522278,0.028716526119876976,5.6610483597252585
20,451,1,0.6536231884057971,0.5630172547238929,0.6402474641799927,0.03206521204021858,5.0557726293333864
20,452,1,0.6550724637681159,0.6002154916375846,0.6714231371879578,0.0174827925438726,4.085501527954719
20,453,1,0.6565217391304348,0.5794155692032061,0.6814927458763123,0.018198702047768616,4.511770899695494
20,454,1,0.6579710144927536,0.5666543087390878,0.6870498657226562,0.018800362875684786,4.775176012720863
20,455,1,0.6594202898550725,0.546780411025274,0.6824368238449097,0.034137199073657386,6.7153066055185375
20,456,1,0.6608695652173913,0.5957165656610948,0.6818296313285828,0.02398119269345384,5.311030552069926
20,457,1,0.6623188405797101,0.515415916401385,0.6754956841468811,0.060317751278769226,10.05765175565795
20,458,1,0.663768115942029,0.573361515707218,0.6421987414360046,0.026242067813652924,4.3256579444742185
20,459,1,0.6652173913043479,0.602939998432714,0.6453620791435242,0.041529442210982516,6.512871038448727
20,460,1,0.6666666666666666,0.6351286950649658,0.6398654580116272,0.0596782419913744,8.807485301013218
20,461,1,0.6681159420289855,0.5987620077923796,0.6354539394378662,0.035886033738073794,5.420160201977787
20,462,1,0.6695652173913044,0.6212512144983003,0.6366267800331116,0.023486728118520612,3.768180973861161
20,463,1,0.6710144927536232,0.6388851685966368,0.6289753317832947,0.02104967127451597,3.186216478463088
20,464,1,0.672463768115942,0.6459383947608954,0.6393790245056152,0.018839669249836266,3.2245330959404663
20,465,1,0.6739130434782609,0.647168931932798,0.6403712630271912,0.01747090371640286,3.0703314843893903
20,466,1,0.6753623188405797,0.6462959555877074,0.6238201856613159,0.006805954290493672,1.076260088646347
20,467,1,0.6768115942028986,0.6598711821303136,0.6175606846809387,0.011707115387815688,1.5400682548646827
20,468,1,0.6782608695652174,0.6624205316094001,0.6314895153045654,0.009009961483482962,1.627039138892068
20,469,1,0.6797101449275362,0.6669600036864498,0.6173489093780518,0.009428899348406546,1.222591590134471
20,470,1,0.6811594202898551,0.6625457707298541,0.607089638710022,0.005184445899284678,0.30912385250981866
20,471,1,0.6826086956521739,0.6829965210863753,0.6236239671707153,0.016455195024382422,2.3852305846804858
20,472,1,0.6840579710144927,0.6804872597180152,0.628894567489624,0.01013762040578461,1.6960600629149734
20,473,1,0.6855072463768116,0.6978776071799784,0.6237978339195251,0.02103826435181627,3.0156652667916144
20,474,1,0.6869565217391305,0.6833651486851231,0.6208941340446472,0.008741883650023407,1.2446562565997192
20,475,1,0.6884057971014492,0.7096641693545109,0.6090769171714783,0.019890581164149438,2.3787158025150132
20,476,1,0.6898550724637681,0.7014302591776562,0.5983064770698547,0.010203951228240062,0.7066909896487653
20,477,1,0.691304347826087,0.7258455241965154,0.6191774010658264,0.02416927407420972,3.2916681472386413
20,478,1,0.6927536231884058,0.7306615446234048,0.6211288571357727,0.021993315246964906,3.0587400872378736
20,479,1,0.6942028985507246,0.7464558626500619,0.6000797748565674,0.02596353428905157,2.9129034840966517
20,480,1,0.6956521739130435,0.7543574280985008,0.6129100322723389,0.02466717641360272,3.1549715262271767
20,481,1,0.6971014492753623,0.765079310629579,0.6300566792488098,0.02215726671446977,3.3724985635737768
20,482,1,0.6985507246376812,0.7724559526962514,0.6086380481719971,0.019725462172876296,2.3418820281592323
20,483,1,0.7,0.7864617538845321,0.6172096133232117,0.023282661342945293,3.106576338339835
20,484,1,0.7014492753623188,0.7830288833224367,0.602492094039917,0.01228314405787775,1.126745267676905
20,485,1,0.7028985507246377,0.800361268224743,0.6036311984062195,0.02001283906855464,2.2176307807386957
20,486,1,0.7043478260869566,0.7932667987316805,0.6079294681549072,0.00836350572783012,0.7699026866272017
20,487,1,0.7057971014492753,0.810497436880524,0.6102808713912964,0.016125806816687432,1.9048030962368
20,488,1,0.7072463768115942,0.8062475058777727,0.6043750047683716,0.008710311370911519,0.7011593576311013
20,489,1,0.7086956521739131,0.8235454120638155,0.6215295195579529,0.017360205612146934,2.4402368906238445
20,490,1,0.7101449275362319,0.8084295214249271,0.6022133827209473,0.00825951911474209,0.5691513218164955
20,491,1,0.7115942028985507,0.8148826552348173,0.6147420406341553,0.005559846215007623,0.6100764511899281
20,492,1,0.7130434782608696,0.809122481753258,0.6020642518997192,0.0077457459200636885,0.4942465487338613
20,493,1,0.7144927536231884,0.8227800656445984,0.6132257580757141,0.008449330430404777,0.9544758928260713
20,494,1,0.7159420289855073,0.8103219472179859,0.5929157733917236,0.007073687819402788,0.10402112746855713
20,495,1,0.717391304347826,0.8179614025877939,0.6131476163864136,0.005272963781640654,0.5189260760322706
20,496,1,0.7188405797101449,0.8110582327328996,0.5971872806549072,0.007580195590997983,0.3124920025065746
20,497,1,0.7202898550724638,0.8148619311235437,0.6235406398773193,0.005558712874974414,0.8971128242538942
20,498,1,0.7217391304347827,0.8137711802764953,0.6117480397224426,0.0033716521620489577,0.21405820148225901
20,499,1,0.7231884057971014,0.8216386012782704,0.5988707542419434,0.004668424448251335,-0.02948836913872574
20,500,1,0.7246376811594203,0.8136584722529774,0.601578950881958,0.00526596812281335,0.140365157991821
20,501,1,0.7260869565217392,0.8267413115473726,0.6124290823936462,0.007166811291562439,0.7536402136676973
20,502,1,0.7275362318840579,0.8130643524435197,0.6062367558479309,0.009479992918247719,0.8668501285684093
20,503,1,0.7289855072463768,0.8270569570978551,0.5998779535293579,0.006132662836884178,0.20299070279514017
20,504,1,0.7304347826086957,0.8193510926653915,0.6141286492347717,0.00607772319476869,0.660651525255559
20,505,1,0.7318840579710145,0.8292238154316112,0.6068211793899536,0.006064096688676823,0.4202743456096689
20,506,1,0.7333333333333333,0.8246940305459913,0.6070608496665955,0.005247941050541056,0.31683976076031173
20,507,1,0.7347826086956522,0.8359551548482862,0.5905622243881226,0.007281726890085413,0.05555974534243602
20,508,1,0.736231884057971,0.8273140984457379,0.5971306562423706,0.0046918186218530495,-0.08309700439382935
20,509,1,0.7376811594202899,0.8409107151122772,0.604354202747345,0.008021986271382068,0.6066485565787669
20,510,1,0.7391304347826086,0.8289404808285987,0.5927104353904724,0.0068699729324629396,0.06954857152040075
20,511,1,0.7405797101449275,0.8371095348415675,0.6077346801757812,0.005871213476154402,0.42379783467475696
20,512,1,0.7420289855072464,0.8268213952748117,0.6083087921142578,0.010339266055222144,1.051617756592749
20,513,1,0.7434782608695653,0.8411630253052333,0.6090315580368042,0.006872947889843806,0.6026840715457937
20,514,1,0.744927536231884,0.8372510203360675,0.6065621376037598,0.0049092802062499,0.2543956199424502
20,515,1,0.7463768115942029,0.843566505878877,0.6107154488563538,0.004623349238842102,0.35098403260834443
20,516,1,0.7478260869565218,0.8230779570155358,0.6187964677810669,0.017714483706200126,2.399323502330626
20,517,1,0.7492753623188406,0.8385433673997115,0.5923293232917786,0.008327528144695593,0.25580139148436143
20,518,1,0.7507246376811594,0.8396996794283287,0.5994657278060913,0.006376066849408816,0.22271603987360528
20,519,1,0.7521739130434782,0.8316658043314547,0.6041950583457947,0.010286778366313436,0.910188269538827
20,520,1,0.7536231884057971,0.8357766025047593,0.6014829874038696,0.005874821370262434,0.2202311461866602
20,521,1,0.755072463768116,0.8360828678788563,0.5960701107978821,0.004702199724701132,-0.11629861900492164
20,522,1,0.7565217391304347,0.8429840135075501,0.6080107688903809,0.00481721712749198,0.28912975087420867
20,523,1,0.7579710144927536,0.8288400492304907,0.6044891476631165,0.0113792268481529,1.0687090193484088
20,524,1,0.7594202898550725,0.8465463628512897,0.5999715328216553,0.007033525547887085,0.32884991370224814
20,525,1,0.7608695652173914,0.8340514932445517,0.6079235672950745,0.0093227245433186,0.900469861233931
20,526,1,0.7623188405797101,0.8419901338507433,0.5855966806411743,0.00737809927554705,-0.09338080228561085
20,527,1,0.763768115942029,0.8321462560714445,0.5994547009468079,0.00930270774581282,0.621312975551261
20,528,1,0.7652173913043478,0.8419790923169742,0.6182135939598083,0.006303077651106875,0.8247063535584555
20,529,1,0.7666666666666667,0.8310903342643963,0.5989866852760315,0.010043363629520683,0.7070021940791924
20,530,1,0.7681159420289855,0.8444275557851115,0.6079798340797424,0.005901549762566871,0.4359351992196855
20,531,1,0.7695652173913043,0.82421037614438,0.6035436987876892,0.016792387488090168,1.775765900976445
20,532,1,0.7710144927536232,0.8506424300459262,0.5919378399848938,0.011623636395222212,0.6923454628441372
20,533,1,0.7724637681159421,0.8300579853596541,0.6012789607048035,0.012613665721729542,1.1322043565511224
20,534,1,0.7739130434782608,0.8499315678716853,0.6025956273078918,0.010918796886348609,0.9441381598998513
20,535,1,0.7753623188405797,0.8319042479217,0.614558756351471,0.011371668626969112,1.3963559701077681
20,536,1,0.7768115942028986,0.8548503049252573,0.5950444936752319,0.011393918881252607,0.7624333903503528
20,537,1,0.7782608695652173,0.833596423043084,0.6040743589401245,0.011681557499478688,1.0963835212219917
20,538,1,0.7797101449275362,0.8448010243744882,0.5983939170837402,0.010538691262637338,0.7551765152434886
20,539,1,0.7811594202898551,0.8325746360057497,0.5814299583435059,0.012305318083371234,0.4422889136940906
20,540,1,0.782608695652174,0.836905025755251,0.586808443069458,0.00958932942503524,0.24760451207191886
20,541,1,0.7840579710144927,0.8343350638047502,0.6016396880149841,0.006226167512881545,0.27324110242451227
20,542,1,0.7855072463768116,0.8444972196862088,0.6085417866706848,0.0067767937406910455,0.5735900380075716
20,543,1,0.7869565217391304,0.8359907121551584,0.5913641452789307,0.0046792281808200305,-0.2730352469587611
20,544,1,0.7884057971014493,0.8428273256144685,0.599104642868042,0.0035750948862034353,-0.1708957514699989
20,545,1,0.7898550724637681,0.8427771827431272,0.5989352464675903,0.003531301530594478,-0.18239480624854215
20,546,1,0.7913043478260869,0.8526276960245469,0.5893195271492004,0.007512631951817675,0.046474214063154634
20,547,1,0.7927536231884058,0.8485059058897189,0.6065372824668884,0.004137508604416831,0.1483771765398086
20,548,1,0.7942028985507247,0.8489679316487847,0.5908363461494446,0.002445491779972121,-0.5947636729008584
20,549,1,0.7956521739130434,0.847705499429395,0.5860777497291565,0.004106133670137927,-0.5237096449738076
20,550,1,0.7971014492753623,0.840932569803235,0.5953591465950012,0.01211114246786482,0.8704750518440865
20,551,1,0.7985507246376812,0.8469330953787948,0.5874425768852234,0.005468707320159281,-0.29341625175758246
20,552,1,0.8,0.8497814299096969,0.5896674394607544,0.0036387230832328633,-0.4702572590655803
20,553,1,0.8014492753623188,0.8488948050628142,0.6010280251502991,0.0028612428064511853,-0.2054271759942472
20,554,1,0.8028985507246377,0.8492162098294707,0.5922281742095947,0.002279476026880078,-0.5719647859940175
20,555,1,0.8043478260869565,0.8424308750455112,0.5948885083198547,0.009867464022671467,0.5492570961290413
20,556,1,0.8057971014492754,0.8235320682878832,0.6059539318084717,0.02764071569697856,3.333270779495061
20,557,1,0.8072463768115942,0.8435352231668207,0.5883690118789673,0.010358407047458666,0.4033822101496997
20,558,1,0.808695652173913,0.8282839387966754,0.5974155068397522,0.015925762953935253,1.4576011003471416
20,559,1,0.8101449275362319,0.8461584718443231,0.5958964228630066,0.009255913586541037,0.4987899882420183
20,560,1,0.8115942028985508,0.8233731938223326,0.5977525115013123,0.01559618572458146,1.4236734589538453
20,561,1,0.8130434782608695,0.8469035972900747,0.5933088064193726,0.010227531402631657,0.5467788392787554
20,562,1,0.8144927536231884,0.8309723632001103,0.5930266380310059,0.011162194340923118,0.6649810642017279
20,563,1,0.8159420289855073,0.8435859299022248,0.5964708924293518,0.010397518832586432,0.6731634982153596
20,564,1,0.8173913043478261,0.82404328815696,0.6010216474533081,0.01575743691971407,1.5523613687514448
20,565,1,0.8188405797101449,0.8495594326518364,0.6038790941238403,0.011136829529015409,1.0157531853617852
20,566,1,0.8202898550724638,0.8312330239096033,0.5914917588233948,0.011557269858294314,0.6687381188805919
20,567,1,0.8217391304347826,0.8383783036263484,0.6118587851524353,0.010185653426472173,1.1465510560605299
20,568,1,0.8231884057971014,0.8284994768076975,0.6003031134605408,0.010895989301478002,0.8662002041618841
20,569,1,0.8246376811594203,0.8389031676990842,0.5937296152114868,0.0077696996948186875,0.2254650150812738
20,570,1,0.8260869565217391,0.8276741975560794,0.6035163998603821,0.010171249477592457,0.8722877161279142
20,571,1,0.827536231884058,0.8315928656561868,0.6035721302032471,0.006603818034560064,0.3877979775424934
20,572,1,0.8289855072463768,0.8329049380144418,0.5933259725570679,0.0035330315582945233,-0.3652485969316162
20,573,1,0.8304347826086956,0.8356311939259378,0.5968282222747803,0.0037799977764652387,-0.21726714313394457
20,574,1,0.8318840579710145,0.8345439673742423,0.5942928791046143,0.001560107127598292,-0.6026354142257679
20,575,1,0.8333333333333334,0.8307387588931537,0.5969993472099304,0.006521436372536935,0.1620287235638953
20,576,1,0.8347826086956521,0.8414172154556225,0.6015066504478455,0.0043705468806901375,0.015942275893462032
20,577,1,0.836231884057971,0.8340617320632298,0.5908895134925842,0.005337710847840442,-0.19876375536465907
20,578,1,0.8376811594202899,0.8461025427359088,0.5966408848762512,0.007320170266358203,0.25921095836128266
20,579,1,0.8391304347826087,0.8361147542713979,0.5931833386421204,0.005557262038569291,-0.09396309986047158
20,580,1,0.8405797101449275,0.8447277244498805,0.6001867055892944,0.005054208768823614,0.06605471495685858
20,581,1,0.8420289855072464,0.833806726384305,0.5947924256324768,0.010036916018787782,0.5692204394125716
20,582,1,0.8434782608695652,0.8486260801428337,0.5854275226593018,0.0064579836744004864,-0.22433147641892578
20,583,1,0.8449275362318841,0.8354320831317935,0.5999160408973694,0.008978692203299275,0.5922018666217433
20,584,1,0.8463768115942029,0.848997232787315,0.5975282788276672,0.006747139573751637,0.21006096969735316
20,585,1,0.8478260869565217,0.84013492111947,0.597183108329773,0.006377735048914846,0.1484375568353272
20,586,1,0.8492753623188406,0.8494038787656772,0.5856092572212219,0.006232467974319,-0.24914164777263142
20,587,1,0.8507246376811595,0.8438659306377378,0.5910401344299316,0.004990136020834485,-0.24122847385452226
20,588,1,0.8521739130434782,0.8470366594414367,0.5880430340766907,0.0043184557535438034,-0.4306181975452792
20,589,1,0.8536231884057971,0.8497872039698084,0.595535397529602,0.0030484122674670055,-0.3591946466271156
20,590,1,0.855072463768116,0.8519600727700343,0.5893094539642334,0.0024401667595929993,-0.6453281319249307
20,591,1,0.8565217391304348,0.8511185473251288,0.6028879284858704,0.001388618527918683,-0.3454656791617132
20,592,1,0.8579710144927536,0.860810931059771,0.6007034182548523,0.007243356160180461,0.3813429422591069
20,593,1,0.8594202898550725,0.8561483976229479,0.589462161064148,0.0022479223291193067,-0.6665502674669636
20,594,1,0.8608695652173913,0.8514789191252135,0.5828416347503662,0.007122522092245563,-0.2181469718549018
20,595,1,0.8623188405797102,0.8583561683936497,0.5922864675521851,0.003590465558094169,-0.39134923518745585
20,596,1,0.863768115942029,0.8595016999921591,0.6033305525779724,0.0033634669055023587,-0.06180877596050077
20,597,1,0.8652173913043478,0.8534983908558517,0.5846102833747864,0.006464859450629382,-0.25006929378997816
20,598,1,0.8666666666666667,0.8624576313776922,0.6014575362205505,0.0032613236847570514,-0.13686907200293774
20,599,1,0.8681159420289855,0.862801296918196,0.5873647928237915,0.0024588011816074435,-0.706262659539231
20,600,1,0.8695652173913043,0.8544346126123684,0.6033896803855896,0.008722096196594807,0.6706043518514917
20,601,1,0.8710144927536232,0.8576683762750535,0.593930721282959,0.005120051715706873,-0.1291682292152845
20,602,1,0.8724637681159421,0.8551040782525048,0.6055907011032104,0.00782835506631124,0.6206128891928786
20,603,1,0.8739130434782608,0.85498342394371,0.5881116390228271,0.006110621093809218,-0.184072649433201
20,604,1,0.8753623188405797,0.8565521907813405,0.5961530208587646,0.0026533786267747585,-0.3928857030553661
20,605,1,0.8768115942028986,0.8552213433300162,0.603445827960968,0.004447628006124496,0.08974566596154782
20,606,1,0.8782608695652174,0.8562697759228265,0.584109902381897,0.002787437177054872,-0.7677046401597197
20,607,1,0.8797101449275362,0.8514731107898501,0.597797691822052,0.007875526727611683,0.3726753964860867
20,608,1,0.881159420289855,0.861471762296679,0.5921876430511475,0.0034144805284037133,-0.41856502759169534
20,609,1,0.8826086956521739,0.8541158941785261,0.604083240032196,0.005585057929305384,0.2656044761497233
20,610,1,0.8840579710144928,0.8578733768225041,0.5983132719993591,0.0037565241173800274,-0.17199425199893048
20,611,1,0.8855072463768116,0.8519520324863928,0.5917287468910217,0.007873457558485477,0.17429980107786253
20,612,1,0.8869565217391304,0.8553556720835741,0.5829871296882629,0.005572977379432829,-0.42463037865383546
20,613,1,0.8884057971014493,0.8522250622995357,0.585016667842865,0.006191135616202129,-0.2741184612994611
20,614,1,0.8898550724637682,0.8606508983200536,0.610272228717804,0.0041922108436794675,0.27774472679893647
20,615,1,0.8913043478260869,0.8548000691677762,0.6128946542739868,0.003837801152601375,0.31502927836357364
20,616,1,0.8927536231884058,0.8575890217247041,0.5941799283027649,0.0029637505386766677,-0.41497887427507724
20,617,1,0.8942028985507247,0.8569377240421405,0.5933101773262024,0.0029704928588653564,-0.4424488932644549
20,618,1,0.8956521739130435,0.8543942957496399,0.6073187589645386,0.006692086587017224,0.5221225784037956
20,619,1,0.8971014492753623,0.8571759233195961,0.5981324911117554,0.0030187313548379648,-0.278470230712206
20,620,1,0.8985507246376812,0.8583475974731983,0.5902561545372009,0.0023084670113941537,-0.6323805137728393
20,621,1,0.9,0.8581812649672934,0.5880388617515564,0.002124574201838811,-0.7298221969439733
20,622,1,0.9014492753623189,0.8567220915114961,0.6047943234443665,0.0038946328889243017,0.05837750209750603
20,623,1,0.9028985507246376,0.8568304530990292,0.599111020565033,0.004368220241855345,-0.06256949826326216
20,624,1,0.9043478260869565,0.8602712972177553,0.5965381264686584,0.002180861066687011,-0.4447287921243172
20,625,1,0.9057971014492754,0.8601035548262257,0.5857559442520142,0.0016894451500591807,-0.8636541867042469
20,626,1,0.9072463768115943,0.8651260890304683,0.5888957381248474,0.0030522858438532,-0.5753885508336398
20,627,1,0.908695652173913,0.8639181609244899,0.5999029874801636,0.001397453776144481,-0.4416912981151093
20,628,1,0.9101449275362319,0.8639518477511833,0.5895524621009827,0.0019948817715400276,-0.6980970387422976
20,629,1,0.9115942028985508,0.865682065356312,0.5947571992874146,0.0013315197977349681,-0.6186405651125536
20,630,1,0.9130434782608695,0.8643709242316373,0.5943270921707153,0.003890570556964565,-0.2838321598286594
20,631,1,0.9144927536231884,0.8633894785001297,0.5790837407112122,0.004683225088764423,-0.6733292032093244
20,632,1,0.9159420289855073,0.8642485989825337,0.603776752948761,0.0036919340002703723,-0.0024682462443124664
20,633,1,0.9173913043478261,0.8602336510034071,0.5936582088470459,0.007781069787234582,0.22468423410629249
20,634,1,0.9188405797101449,0.8644639627000473,0.5924245715141296,0.0035854195460905437,-0.3875293173097367
20,635,1,0.9202898550724637,0.8624433732141124,0.5877623558044434,0.0042325036054056105,-0.451496596513875
20,636,1,0.9217391304347826,0.8634854463924189,0.5910680890083313,0.0029539041055947598,-0.5178931883042776
20,637,1,0.9231884057971015,0.868717671760928,0.5890150666236877,0.0024974272937958297,-0.647131387605969
20,638,1,0.9246376811594202,0.864195880360095,0.5906134247779846,0.00417368717977015,-0.3664540163144457
20,639,1,0.9260869565217391,0.8638758682676635,0.5963213443756104,0.004426678687213551,-0.14565698549031167
20,640,1,0.927536231884058,0.8695946943007224,0.6024689078330994,0.002650684726353476,-0.1870990875788502
20,641,1,0.9289855072463769,0.8518878976733548,0.6574768424034119,0.018300085021985903,3.7416997120506412
20,642,1,0.9304347826086956,0.8443406661269045,0.6449242830276489,0.02163987304654294,3.787254301554465
20,643,1,0.9318840579710145,0.8454894218221813,0.6237285733222961,0.015527313792968482,2.2621571114539734
20,644,1,0.9333333333333333,0.8523984926129575,0.647869884967804,0.009349907615443258,2.208044077257594
20,645,1,0.9347826086956522,0.8509664431951587,0.6346654295921326,0.0036140755843066252,0.9951406877495785
20,646,1,0.936231884057971,0.8573954291758713,0.6587345004081726,0.005504719213582285,2.03849842630998
20,647,1,0.9376811594202898,0.8574690028540328,0.6381973624229431,0.002996206095019046,1.026197446148844
20,648,1,0.9391304347826087,0.8666076327703509,0.6678776144981384,0.008458336787857321,2.7395687322679536
20,649,1,0.9405797101449276,0.8661114488320834,0.647831380367279,0.005376350583972896,1.665115813308218
20,650,1,0.9420289855072463,0.8721123238552067,0.6582627892494202,0.006624491424133547,2.175747793405436
20,651,1,0.9434782608695652,0.8787104338153806,0.6073352098464966,0.00954337771447367,0.9113447942185995
20,652,1,0.9449275362318841,0.8837178500169166,0.6267662048339844,0.00924043617567272,1.5042859085903486
20,653,1,0.946376811594203,0.8897810592292841,0.6155861616134644,0.011026091076398768,1.3827822161216705
20,654,1,0.9478260869565217,0.8967808189637856,0.6280781030654907,0.012108448211600094,1.9380715797148147
20,655,1,0.9492753623188406,0.8996464968922773,0.6218492984771729,0.008807002362947045,1.2847102419189191
20,656,1,0.9507246376811594,0.9103217680618703,0.6257592439651489,0.01424825776331587,2.154079578857865
20,657,1,0.9521739130434783,0.9112108927014515,0.6309933066368103,0.008760231376465779,1.5767996623405112
20,658,1,0.9536231884057971,0.9178084029904254,0.6308714747428894,0.009726454812590771,1.7045376506363992
20,659,1,0.9550724637681159,0.9222692117565278,0.6198359131813049,0.008930367572033141,1.2358093216843358
20,660,1,0.9565217391304348,0.9272475085496088,0.6212460994720459,0.008252985649051556,1.1894984888192788
20,661,1,0.9579710144927536,0.9315054763831031,0.6236773133277893,0.008279518360611225,1.2724714908503676
20,662,1,0.9594202898550724,0.9334337507038797,0.6272064447402954,0.005134146760974903,0.9588901648871573
20,663,1,0.9608695652173913,0.9370175294841346,0.6282110810279846,0.004811588612866294,0.9477112023959711
20,664,1,0.9623188405797102,0.9399849566382527,0.6103543043136597,0.004091936335082594,0.2667543929735712
20,665,1,0.9637681159420289,0.9418731987089243,0.603091299533844,0.0027958163835932496,-0.1469996905792153
20,666,1,0.9652173913043478,0.9440591321967161,0.6288325786590576,0.0023898192899297925,0.637863956035355
20,667,1,0.9666666666666667,0.9491361110928489,0.6262084245681763,0.004810452812853474,0.8821886197487118
20,668,1,0.9681159420289855,0.9492783590145267,0.6310454607009888,0.0025703221761115246,0.7346995591533203
20,669,1,0.9695652173913043,0.9539099809761626,0.6140028834342957,0.004231326699920132,0.40484747846808145
20,670,1,0.9710144927536232,0.9552012629630738,0.6114721894264221,0.00258616293116384,0.09797717122623228
20,671,1,0.972463768115942,0.9583773681480464,0.6142709255218506,0.002903985613404883,0.2326546581134631
20,672,1,0.9739130434782609,0.9606751216559792,0.6284075975418091,0.0028914248575383243,0.6923707368129786
20,673,1,0.9753623188405797,0.9641707533163539,0.6043262481689453,0.003537865857549896,-0.005534855919985371
20,674,1,0.9768115942028985,0.9661305097281928,0.6132732629776001,0.002932429184340948,0.20396783235817767
20,675,1,0.9782608695652174,0.9657685523503606,0.6128689050674438,0.001375411700934871,-0.021481739083301865
20,676,1,0.9797101449275363,0.9670864267504945,0.6184350252151489,0.0010238508640824867,0.11227489251288836
20,677,1,0.981159420289855,0.965281284688994,0.6137529611587524,0.004099729870344984,0.3787507324215682
20,678,1,0.9826086956521739,0.9671092625015092,0.6036040186882019,0.002744983002649696,-0.1371938272877855
20,679,1,0.9840579710144928,0.9633814679283018,0.6170815825462341,0.006521867667526268,0.8175821540885312
20,680,1,0.9855072463768116,0.9641668917922277,0.6120806336402893,0.005139672698085682,0.4659290909605051
20,681,1,0.9869565217391304,0.9582308363906601,0.6032117605209351,0.010345844360086589,0.8861447347991029
20,682,1,0.9884057971014493,0.9618880647528789,0.6088676452636719,0.006036227299796002,0.48327293106544783
20,683,0,0.9898550724637681,0.954906657652968,0.6146437525749207,0.010602111586037629,1.294225019208933
20,684,0,0.991304347826087,0.9565371069375216,0.6346961855888367,0.0069497935703296855,1.4508664310860586
20,685,0,0.9927536231884058,0.9452927395604659,0.6141217947006226,0.016189880896029768,2.038907353143798
20,686,0,0.9942028985507246,0.9457867450955795,0.6041467189788818,0.01246135115336763,1.2050461077841887
20,687,0,0.9956521739130435,0.9405600434627933,0.6077507138252258,0.013662722871828929,1.4864522109278528
20,688,0,0.9971014492753624,0.9451184968125997,0.6122956275939941,0.007078451844784343,0.7372391050166094
20,689,0,0.9985507246376811,0.94400968418744,0.6151923537254333,0.004059814821536038,0.42029207575184957
21,15,0,0.021037868162692847,0.104198095399442,0.5981171131134033,nan,nan
21,16,0,0.02244039270687237,0.10407792047159906,0.6071768403053284,nan,nan
21,17,0,0.023842917251051893,0.10099002911897433,0.5926660299301147,nan,nan
21,18,0,0.025245441795231416,0.09628152578012464,0.6057875156402588,nan,nan
21,19,1,0.02664796633941094,0.09673661820799212,0.6043962836265564,0.008242228507531393,0.6380453071732143
21,20,1,0.028050490883590462,0.09031091736850343,0.5854212641716003,0.012802560049157611,0.6403507620386677
21,21,1,0.029453015427769985,0.09661004724103561,0.6017845869064331,0.0054928535325199125,0.17800602484047084
21,22,1,0.030855539971949508,0.09540043013065039,0.5884020924568176,0.004284275813630149,-0.4235577210942858
21,23,1,0.03225806451612903,0.0856056560312252,0.593660295009613,0.012750801228808685,0.9022213139304112
21,24,1,0.033660589060308554,0.09190140533660024,0.5898562669754028,0.006101795227331747,-0.12833021660363675
21,25,1,0.03506311360448808,0.07290220740468334,0.5950531959533691,0.02306913130318302,2.3542711093846904
21,26,1,0.0364656381486676,0.0841008509600938,0.5807573795318604,0.010824458761792017,0.21846627912281336
21,27,1,0.037868162692847124,0.06817008320321667,0.5842830538749695,0.019049400752922496,1.4547622707977421
21,28,1,0.03927068723702665,0.07715573133377385,0.5894820094108582,0.009479292676044044,0.31987100879767494
21,29,1,0.04067321178120617,0.06070662438926247,0.6033827662467957,0.018467547859167974,1.998869221475918
21,30,1,0.04207573632538569,0.07225115222661346,0.5928465723991394,0.008927997382039522,0.3545400581827867
21,31,1,0.043478260869565216,0.06554848629338109,0.5822619795799255,0.00859851486068795,-0.03586131147730831
21,32,1,0.04488078541374474,0.06435802094859304,0.5973436832427979,0.008149431635153189,0.39519477187669894
21,33,1,0.04628330995792426,0.0814305256490459,0.5991834402084351,0.012122500661594874,0.9968503282309951
21,34,1,0.047685834502103785,0.09728415014152389,0.6064319610595703,0.022795149839126977,2.688331049569066
21,35,1,0.04908835904628331,0.10000646535958188,0.5900294780731201,0.01925921557845736,1.6709303083247031
21,36,1,0.05049088359046283,0.103813876751921,0.5756450295448303,0.014452132204246295,0.5461174459859747
21,37,1,0.051893408134642355,0.09856631170550466,0.5764928460121155,0.006353726602840581,-0.530176205970151
21,38,1,0.05329593267882188,0.10057747014078423,0.5738041400909424,0.0032193732848792324,-1.0452089843873793
21,39,1,0.0546984572230014,0.0961522874990405,0.575147271156311,0.008180697513395948,-0.32504556256849243
21,40,1,0.056100981767180924,0.09604458983765077,0.5614190101623535,0.007324850709650344,-0.8898113714677216
21,41,1,0.05750350631136045,0.09637122943456608,0.5778369307518005,0.005055889384167467,-0.6632244941206845
21,42,1,0.05890603085553997,0.09700610849993228,0.5890666842460632,0.0038722397510665947,-0.45803345620043356
21,43,1,0.06030855539971949,0.09407166503413987,0.5780869722366333,0.005913842806646055,-0.5381076283700138
21,44,1,0.061711079943899017,0.10071050740877387,0.5730493068695068,0.0017857596170423378,-1.265275963949642
21,45,1,0.06311360448807854,0.09505428388014928,0.5801487565040588,0.005577547737192265,-0.5166533332056297
21,46,1,0.06451612903225806,0.09980894756428299,0.5823168158531189,0.0028660575532019417,-0.8155144660987987
21,47,1,0.06591865357643759,0.09787027983021823,0.5694685578346252,0.0031330251646067677,-1.1984955430810953
21,48,1,0.06732117812061711,0.10438066950580438,0.5755224823951721,0.0034661929818353204,-0.9554751727300014
21,49,1,0.06872370266479663,0.094307775227295,0.5803039073944092,0.008562723990807234,-0.10465278578224374
21,50,1,0.07012622720897616,0.10153954614459106,0.5751922726631165,0.0040418205643479345,-0.887784394982096
21,51,1,0.07152875175315568,0.09292964102354737,0.5844421982765198,0.010186880676418304,0.25182665673129284
21,52,1,0.0729312762973352,0.09992680921051803,0.5854246020317078,0.005389090654486,-0.37013727051342554
21,53,1,0.07433380084151472,0.09878482538418955,0.5751307010650635,0.0034738821114124836,-0.9672149449967065
21,54,1,0.07573632538569425,0.1256854135470205,0.6250820755958557,0.023798254083320487,3.433822717403774
21,55,1,0.07713884992987377,0.09552464746154583,0.6259261965751648,0.01239897885276153,1.9074370855557254
21,56,1,0.0785413744740533,0.11265664206846794,0.6233438849449158,0.012035431493132662,1.773590662280558
21,57,1,0.07994389901823282,0.09790756160465071,0.6202601790428162,0.013847274533643759,1.919925585053566
21,58,1,0.08134642356241234,0.1342271070120157,0.6308117508888245,0.02269158681860598,3.4699824958932757
21,59,1,0.08274894810659186,0.11842479339461724,0.6276005506515503,0.013373397448255633,2.0949206770648905
21,60,1,0.08415147265077139,0.13232446454619168,0.6429439187049866,0.015316587345372685,2.8606299823348196
21,61,1,0.08555399719495091,0.11743042670472226,0.6639936566352844,0.013770378289280039,3.3369266845205328
21,62,1,0.08695652173913043,0.1656745325790857,0.6515421867370605,0.03648088064171049,6.0263779408107645
21,63,1,0.08835904628330996,0.12631142043731802,0.663895845413208,0.014817553451886782,3.476483981181577
21,64,1,0.08976157082748948,0.14479057524548264,0.6517264246940613,0.017642170431661656,3.464316797430625
21,65,1,0.091164095371669,0.11153825246931194,0.6107684969902039,0.030605440295328724,3.894569089987196
21,66,1,0.09256661991584852,0.12263717131481405,0.6220223903656006,0.022864546509127368,3.206670881479098
21,67,1,0.09396914446002805,0.08750254920262557,0.598892331123352,0.0424087596870946,5.115941931603872
21,68,1,0.09537166900420757,0.12369909276318883,0.6103850603103638,0.01781512702668748,2.1384903750388773
21,69,1,0.0967741935483871,0.1152491129872623,0.6069984436035156,0.012123607756334264,1.2520870336461911
21,70,1,0.09817671809256662,0.11105142867807227,0.6098612546920776,0.014431774235819166,1.6601777043132127
21,71,1,0.09957924263674614,0.11884586476327108,0.6141718626022339,0.010460151246247313,1.259470388048163
21,72,1,0.10098176718092566,0.12363032050494237,0.6105212569236755,0.0057349410315193005,0.4961766253468933
21,73,1,0.10238429172510519,0.12990991154655818,0.6093025207519531,0.009123775790182673,0.9183591196411977
21,74,1,0.10378681626928471,0.12141640663204055,0.6144736409187317,0.005343854522752261,0.5718719657626152
21,75,1,0.10518934081346423,0.12584366820046805,0.5997018218040466,0.0033194901640472146,-0.1862473081519594
21,76,1,0.10659186535764376,0.12064158055578447,0.5895571112632751,0.008150450188206312,0.14117584894833052
21,77,1,0.10799438990182328,0.12578533731649053,0.5938059687614441,0.004142288944397992,-0.26652789247441494
21,78,1,0.1093969144460028,0.11555842543155175,0.597564697265625,0.011455276767632664,0.8530583979094536
21,79,1,0.11079943899018233,0.11323250914335585,0.5935899019241333,0.012316697755706358,0.8407470810510786
21,80,1,0.11220196353436185,0.10073810230014889,0.5901684761047363,0.021658314834635276,2.0025101682226736
21,81,1,0.11360448807854137,0.11612369769869109,0.5975992679595947,0.008280069435329789,0.42134560899879714
21,82,1,0.1150070126227209,0.10549415254795005,0.6022561192512512,0.010452228633180512,0.8694543065460343
21,83,1,0.11640953716690042,0.12136315825482977,0.5939704775810242,0.008874088809304794,0.3838761450511859
21,84,1,0.11781206171107994,0.1061816839481441,0.5936022996902466,0.00834004777524935,0.29905866908458467
21,85,1,0.11921458625525946,0.11834484125538937,0.5833237767219543,0.007171145668954361,-0.195781287426546
21,86,1,0.12061711079943899,0.11218753995332327,0.6057940721511841,0.006289649948933543,0.4174962319887717
21,87,1,0.12201963534361851,0.11897938529796055,0.6026827096939087,0.00605308470678561,0.283691393266902
21,88,1,0.12342215988779803,0.10448276753331667,0.5910917520523071,0.013032549103376171,0.8567903299076649
21,89,1,0.12482468443197756,0.10725280471849115,0.5961900949478149,0.01050441060248435,0.6785695046977718
21,90,1,0.12622720897615708,0.11767328650057836,0.5983906984329224,0.006294619859064392,0.17652374537190174
21,91,1,0.1276297335203366,0.12363399151994664,0.6068217754364014,0.008491236591769208,0.7511591664009457
21,92,1,0.12903225806451613,0.08429820077528087,0.6146705150604248,0.03255446581579082,4.287622270224202
21,93,1,0.13043478260869565,0.12052375429385746,0.6153400540351868,0.012439068131688241,1.5673648027885922
21,94,1,0.13183730715287517,0.10289739539526585,0.6128507256507874,0.020089682600935573,2.5290361952111113
21,95,1,0.1332398316970547,0.13347797717159104,0.6011062860488892,0.022047687652514837,2.4126049164212224
21,96,1,0.13464235624123422,0.07980349457268149,0.6095415949821472,0.03408779135930582,4.329233099471854
21,97,1,0.13604488078541374,0.12171043334251554,0.6173135638237,0.01854360117897299,2.4639452361060052
21,98,1,0.13744740532959326,0.09049363527870173,0.6041096448898315,0.02647893260861498,3.114699144811104
21,99,1,0.1388499298737728,0.13134808337942191,0.5941810607910156,0.025323254379536315,2.633084041697138
21,100,1,0.1402524544179523,0.06816221502814868,0.6045874357223511,0.04126865063817,5.146414552910398
21,101,1,0.14165497896213183,0.12384974511484804,0.6039041876792908,0.02431905740836946,2.813560814717687
21,102,1,0.14305750350631136,0.09901962698844756,0.6162474155426025,0.023417103742257174,3.093496758795254
21,103,1,0.14446002805049088,0.11114076938121377,0.6084150075912476,0.022722387424016117,2.743139820677168
21,104,1,0.1458625525946704,0.09089353943465855,0.615684449672699,0.021733602701358608,2.845628024514668
21,105,1,0.14726507713884993,0.12138417845298399,0.5999591946601868,0.015672650749526347,1.5061243866141778
21,106,1,0.14866760168302945,0.10371683884820758,0.5956187844276428,0.010459511836685984,0.6538010749538529
21,107,1,0.15007012622720897,0.12304061799337238,0.5956841707229614,0.013273394280119108,1.0395210525398166
21,108,1,0.1514726507713885,0.11415336429073893,0.598675012588501,0.011735213736274862,0.9274604061974996
21,109,1,0.15287517531556802,0.12864955344221884,0.5856875777244568,0.009483849522904599,0.19663996423577418
21,110,1,0.15427769985974754,0.11822457312958935,0.6040877103805542,0.007736601269563457,0.55904669912143
21,111,1,0.15568022440392706,0.1181732533093012,0.6146374940872192,0.006435727927667179,0.7260633458090988
21,112,1,0.1570827489481066,0.13223236101232155,0.602613627910614,0.009203989575112688,0.7109648338215828
21,113,1,0.1584852734922861,0.12995372339142663,0.6040981411933899,0.006121022003912471,0.3391529624133061
21,114,1,0.15988779803646563,0.1402059314335877,0.5760239958763123,0.011967999699939532,0.21985256289153376
21,115,1,0.16129032258064516,0.13352847304789825,0.5920754671096802,0.005359438131697681,-0.15709176834358893
21,116,1,0.16269284712482468,0.13859149283136668,0.5915126800537109,0.0032634174973755386,-0.46118893827953855
21,117,1,0.1640953716690042,0.13424593921611253,0.5967620015144348,0.004915919982945782,-0.06458080608528843
21,118,1,0.16549789621318373,0.14118360925869575,0.5990212559700012,0.0034741438048335955,-0.18737909715225004
21,119,1,0.16690042075736325,0.14052007753460205,0.6159617304801941,0.002281781651915233,0.2030251713129122
21,120,1,0.16830294530154277,0.13948255187529954,0.5858708024024963,0.0032078157736836078,-0.6529223409988647
21,121,1,0.1697054698457223,0.14064298061735964,0.5818860530853271,0.0021319753590390506,-0.9296441626838261
21,122,1,0.17110799438990182,0.13470487638071166,0.5986095070838928,0.009344382463766076,0.5994064642587124
21,123,1,0.17251051893408134,0.13022268122645522,0.5991591811180115,0.012206894398526498,1.0075629715091956
21,124,1,0.17391304347826086,0.13648963191526914,0.5967774391174316,0.005780679172485124,0.05380622217388154
21,125,1,0.1753155680224404,0.12643617553282332,0.5872625112533569,0.012670821025114102,0.6824914908118627
21,126,1,0.1767180925666199,0.12550008973344923,0.5938526391983032,0.010055205553354122,0.5410385316568613
21,127,1,0.17812061711079943,0.12196533135336314,0.5990551710128784,0.011288767271624601,0.8790098249425152
21,128,1,0.17952314165497896,0.13623407945468533,0.601263165473938,0.008045657746653312,0.5089823602351708
21,129,1,0.18092566619915848,0.11701933746301432,0.5959466099739075,0.014106535578554426,1.1616602230771687
21,130,1,0.182328190743338,0.11303134956620133,0.6092303395271301,0.015740313957915184,1.8179631743131308
21,131,1,0.18373071528751753,0.11204239056515405,0.6090423464775085,0.013612087917150488,1.5217092663703449
21,132,1,0.18513323983169705,0.13275893456070545,0.5875357389450073,0.01419632694083394,0.8993652770722653
21,133,1,0.18653576437587657,0.10980830860731312,0.5915058851242065,0.012496648454444158,0.7972543909347082
21,134,1,0.1879382889200561,0.11785367569021465,0.607173502445221,0.006703287043207572,0.5189081652051237
21,135,1,0.18934081346423562,0.11817478181498108,0.6032553315162659,0.006472086965015521,0.3595000510792455
21,136,1,0.19074333800841514,0.13594246519072536,0.6015093326568604,0.013983383902814152,1.3264424757149165
21,137,1,0.19214586255259467,0.10036934210447998,0.6122811436653137,0.02366741974431707,2.9981584112531463
21,138,1,0.1935483870967742,0.12424642283597034,0.6004409193992615,0.00985420539945445,0.7286832873459511
21,139,1,0.1949509116409537,0.11352762260693462,0.604461669921875,0.014889943044624983,1.5463895699978
21,140,1,0.19635343618513323,0.1406886084493046,0.5936817526817322,0.01907568283088968,1.7651234499277297
21,141,1,0.19775596072931276,0.1029545271427205,0.604352593421936,0.020345425879440375,2.2865154029332926
21,142,1,0.19915848527349228,0.13862372167214101,0.5907467603683472,0.017146697388197175,1.4063663388512537
21,143,1,0.2005610098176718,0.11878578561422685,0.5945779085159302,0.015233636003094613,1.2706303339593128
21,144,1,0.20196353436185133,0.13903278000930303,0.591472864151001,0.015111395145722262,1.1526163106943514
21,145,1,0.20336605890603085,0.11550516949087708,0.600299596786499,0.016337746097396764,1.6079004445226475
21,146,1,0.20476858345021037,0.1418322110936766,0.5830828547477722,0.011559777448682746,0.3946089358406917
21,147,1,0.2061711079943899,0.1269225781920514,0.590103805065155,0.01092511819487122,0.5372602804956355
21,148,1,0.20757363253856942,0.1344199776447296,0.5879323482513428,0.010327701659610465,0.38494355277685416
21,149,1,0.20897615708274894,0.12372003120031329,0.6078429818153381,0.010775774564336186,1.0959178834916603
21,150,1,0.21037868162692847,0.13800609943168848,0.6051217317581177,0.007477064925392108,0.5574179526878537
21,151,1,0.211781206171108,0.13310297052863543,0.5778272747993469,0.0047274761164156276,-0.7083086486623473
21,152,1,0.2131837307152875,0.13455846444499273,0.5917341113090515,0.004619159641465053,-0.26914784797425284
21,153,1,0.21458625525946703,0.11934448308480186,0.5974199175834656,0.01659436233959413,1.5488878913098145
21,154,1,0.21598877980364656,0.12843892098367563,0.592223048210144,0.010234865556681686,0.5123389097599165
21,155,1,0.21739130434782608,0.12978715632994872,0.5988318920135498,0.006450562466944222,0.21218247955454494
21,156,1,0.2187938288920056,0.123831907681388,0.5932117700576782,0.007880842436955209,0.2237131503169153
21,157,1,0.22019635343618513,0.12185733678830522,0.590093195438385,0.007085234254636833,0.013464709629712995
21,158,1,0.22159887798036465,0.12719182067280177,0.5897179245948792,0.0045709898201781885,-0.34152369749884803
21,159,1,0.22300140252454417,0.12495120092484122,0.5978705286979675,0.004417958925330821,-0.09627947062391487
21,160,1,0.2244039270687237,0.12889796193842934,0.5836326479911804,0.0017721884648585423,-0.9216801955319981
21,161,1,0.22580645161290322,0.1124380053059441,0.6071721911430359,0.01687852879813879,1.9059444842956494
21,162,1,0.22720897615708274,0.105857925279243,0.6089710593223572,0.021103775954249615,2.5406420882178757
21,163,1,0.22861150070126227,0.11877973002178428,0.5976364612579346,0.010325089678716247,0.7013348005264007
21,164,1,0.2300140252454418,0.13176960645146016,0.6037886738777161,0.013121987753996872,1.283416671744895
21,165,1,0.2314165497896213,0.10878474423648622,0.5997996926307678,0.012018526551110156,1.002791478509447
21,166,1,0.23281907433380084,0.1044915170619258,0.6089357733726501,0.015398438458306128,1.7617442437263096
21,167,1,0.23422159887798036,0.11480917798568349,0.613724410533905,0.010755050402903492,1.2850656871217705
21,168,1,0.23562412342215988,0.12070786543965835,0.6169639825820923,0.010556583707072608,1.3637522204836905
21,169,1,0.2370266479663394,0.10403716529779204,0.6152381896972656,0.011753114906134936,1.4705314169963284
21,170,1,0.23842917251051893,0.10458082067239842,0.6170424222946167,0.010022564796855008,1.2935155919567562
21,171,1,0.23983169705469845,0.10609716626342254,0.6091256141662598,0.008568327099363383,0.8368665677673006
21,172,1,0.24123422159887797,0.11408395322018491,0.610794723033905,0.007821764107006086,0.7895764063662398
21,173,1,0.2426367461430575,0.09545157231642178,0.5949196219444275,0.015340158070016204,1.2963050237112193
21,174,1,0.24403927068723702,0.0983076659110607,0.6071247458457947,0.011047322222756468,1.1094914011134525
21,175,1,0.24544179523141654,0.1079491015933664,0.6029598116874695,0.008042251923226622,0.5638974991034602
21,176,1,0.24684431977559607,0.12490394650946973,0.5962316393852234,0.017363919226222768,1.6150071220155915
21,177,1,0.2482468443197756,0.09025453369124412,0.602827787399292,0.019990491914324053,2.1883606839278618
21,178,1,0.2496493688639551,0.12466460907312736,0.5971750020980835,0.0172752934512202,1.633717593063619
21,179,1,0.25105189340813466,0.10947022580450558,0.6082435846328735,0.014235840382720171,1.580666596295324
21,180,1,0.25245441795231416,0.13172576545121994,0.6000543832778931,0.01581048265864471,1.5280205053721996
21,181,1,0.2538569424964937,0.09686900613189504,0.5950399041175842,0.021185404398052367,2.097049426027957
21,182,1,0.2552594670406732,0.1318563417003536,0.5940150022506714,0.013953479546806691,1.0777470891080312
21,183,1,0.25666199158485276,0.12010006257644007,0.5866461992263794,0.01359232799919554,0.7879936847477096
21,184,1,0.25806451612903225,0.14403919988083574,0.5990513563156128,0.020309451892870097,2.108576319438767
21,185,1,0.2594670406732118,0.10929499053403846,0.6148282289505005,0.02085254504401205,2.697575605292335
21,186,1,0.2608695652173913,0.13723998944243224,0.5864112973213196,0.012343512922275389,0.6100890998501216
21,187,1,0.26227208976157085,0.13028367230210441,0.5959449410438538,0.012252643248599683,0.9088849378763008
21,188,1,0.26367461430575034,0.13247965149174454,0.6002724170684814,0.011143522426378984,0.8989417342348258
21,189,1,0.2650771388499299,0.11628314332895477,0.6142521500587463,0.01525389981568099,1.9155701838728134
21,190,1,0.2664796633941094,0.12676313525820992,0.59117591381073,0.010422038066117457,0.5036750723156709
21,191,1,0.26788218793828894,0.13249169832815547,0.5900692343711853,0.00636604291086647,-0.08535686091726785
21,192,1,0.26928471248246844,0.12151354526576993,0.6160591244697571,0.009542844413599207,1.1960252190895402
21,193,1,0.270687237026648,0.12132073149923722,0.6017805933952332,0.006534103069023812,0.319817804899703
21,194,1,0.2720897615708275,0.11900545718441087,0.6030412912368774,0.010108774426420773,0.8482633842397942
21,195,1,0.27349228611500703,0.1296809076980693,0.5919255614280701,0.0067850541391213165,0.032353828150204794
21,196,1,0.27489481065918653,0.11952991421192183,0.599190354347229,0.006942200222938522,0.29090246079113047
21,197,1,0.2762973352033661,0.1132620265529087,0.6051595211029053,0.01271418011848961,1.2725698975588213
21,198,1,0.2776998597475456,0.10188760714092032,0.603351354598999,0.02207392329389586,2.4894615422584514
21,199,1,0.2791023842917251,0.1280343680151494,0.5910292267799377,0.012049133151056608,0.7206911603490126
21,200,1,0.2805049088359046,0.10124051779226376,0.604164183139801,0.018029915210949803,1.964717416880727
21,201,1,0.28190743338008417,0.11683500870163913,0.6080825328826904,0.010260458213316191,1.0334895284182912
21,202,1,0.28330995792426367,0.10815587282490134,0.5883260369300842,0.00971692214130341,0.3145328830513354
21,203,1,0.2847124824684432,0.11683045765426138,0.5840297341346741,0.009586637329503551,0.15653901913088547
21,204,1,0.2861150070126227,0.11510624929749393,0.59968501329422,0.005348878130086144,0.089848259250392
21,205,1,0.28751753155680226,0.11808862575733663,0.5935829281806946,0.003319226862974028,-0.38600708074469997
21,206,1,0.28892005610098176,0.11260621816568901,0.6069120168685913,0.005531037240797812,0.3505731796142622
21,207,1,0.2903225806451613,0.12830680088643184,0.5777331590652466,0.009056959144748107,-0.12118969375808092
21,208,1,0.2917251051893408,0.12601452704784383,0.590553879737854,0.005760127222009161,-0.15213562437416916
21,209,1,0.29312762973352036,0.11928644473876462,0.5977597832679749,0.006744493121293911,0.21725663354692298
21,210,1,0.29453015427769985,0.1333872133712212,0.5877007246017456,0.008241761638550395,0.09302990862458699
21,211,1,0.2959326788218794,0.1193834938656162,0.5926932096481323,0.010957206668437676,0.6261540664867415
21,212,1,0.2973352033660589,0.19138838644009865,0.639268696308136,0.06327851266124869,9.278792105432158
21,213,1,0.29873772791023845,0.18943755741408888,0.6134728789329529,0.04667802410477778,6.173840616475336
21,214,1,0.30014025245441794,0.25318139873926815,0.6162782907485962,0.09119028194352341,12.333278684695328
21,215,1,0.3015427769985975,0.24256979949098972,0.6067141890525818,0.056654326781970146,7.313193391160764
21,216,1,0.302945301542777,0.2843218481172546,0.6322943568229675,0.06158560857315474,8.82037097770047
21,217,1,0.30434782608695654,0.26825239112755883,0.614592969417572,0.031035905463615565,4.078082460618388
21,218,1,0.30575035063113604,0.3041460357646994,0.6429516077041626,0.03847272237294306,6.017502899595074
21,219,1,0.3071528751753156,0.2964623771215626,0.6207512021064758,0.02260812459961453,3.1302234467671988
21,220,1,0.3085553997194951,0.30712195308710766,0.6337284445762634,0.015234336031350272,2.5486196801115666
21,221,1,0.30995792426367463,0.3045158530792436,0.6379849910736084,0.010919914346073721,2.099417784282075
21,222,1,0.31136044880785413,0.30923540319504916,0.641694962978363,0.003290830467347899,1.1805238623727876
21,223,1,0.3127629733520337,0.3089985075499838,0.6316947340965271,0.0031263907157399523,0.8316949072902498
21,224,1,0.3141654978962132,0.3123421598723372,0.6414898037910461,0.0015457364472786289,0.9359378294683914
21,225,1,0.3155680224403927,0.3133675296264548,0.6305454969406128,0.0012974098049420351,0.5448582971751457
21,226,1,0.3169705469845722,0.31566513858357786,0.6300219297409058,0.001087284499633137,0.4991247121567416
21,227,1,0.31837307152875177,0.3207324463452354,0.6180983781814575,0.004547158414158456,0.5815804373382543
21,228,1,0.31977559607293127,0.32020622731398424,0.614522397518158,0.002068955004317693,0.12703226975446696
21,229,1,0.3211781206171108,0.3243531932584822,0.6233440041542053,0.003268403768180608,0.5784818080479226
21,230,1,0.3225806451612903,0.324961577752889,0.621421754360199,0.0015851776219411922,0.286282810819957
21,231,1,0.32398316970546986,0.3335174767024117,0.6205571889877319,0.007362161511775519,1.0455758059312557
21,232,1,0.32538569424964936,0.33430038884506175,0.6161071062088013,0.005275750798404141,0.6159052910154099
21,233,1,0.3267882187938289,0.3476948414753818,0.6200776100158691,0.014819728312682136,2.0465303959690906
21,234,1,0.3281907433380084,0.3471630804636021,0.6213629841804504,0.009436826557165112,1.3546937149692067
21,235,1,0.32959326788218796,0.35733025552108166,0.6186674237251282,0.013069354626478792,1.7618919308504433
21,236,1,0.33099579242636745,0.358329516164909,0.6170443892478943,0.008334181048322644,1.063420953723858
21,237,1,0.332398316970547,0.37161828889160375,0.6046889424324036,0.015396911462371628,1.622917307966138
21,238,1,0.3338008415147265,0.3437750163627498,0.6296538710594177,0.018427222920537813,2.850874729615431
21,239,1,0.33520336605890605,0.34724208923190275,0.6204344630241394,0.015128279656150576,2.1002396852000453
21,240,1,0.33660589060308554,0.3370300778849741,0.6236890554428101,0.02180310380080576,3.1163768549648836
21,241,1,0.3380084151472651,0.34642207311434503,0.6248912215232849,0.011063855811538837,1.691652277537621
21,242,1,0.3394109396914446,0.3319864338536414,0.6260796189308167,0.015222834317840021,2.29739011874374
21,243,1,0.34081346423562414,0.3380137203207087,0.615533709526062,0.008543654652431582,1.0426668188279145
21,244,1,0.34221598877980364,0.3300761042138846,0.6481730937957764,0.011878926102521196,2.5626943271821796
21,245,1,0.3436185133239832,0.33401837767361336,0.6282257437705994,0.0074509051502867525,1.3079788811900876
21,246,1,0.3450210378681627,0.3302487662769487,0.633083164691925,0.006866846761501813,1.3869093588126673
21,247,1,0.34642356241234223,0.3367772164303161,0.6276535987854004,0.0036451976804698716,0.7705134067256201
21,248,1,0.34782608695652173,0.3398197596992019,0.6228588819503784,0.0034476895275227263,0.5870872276787897
21,249,1,0.3492286115007013,0.3471428316253808,0.6136187314987183,0.008334847582372244,0.9516965591533252
21,250,1,0.3506311360448808,0.3509262031747066,0.5987014770507812,0.008837105643756175,0.5332569261802617
21,251,1,0.3520336605890603,0.36674112260597186,0.6192764639854431,0.01948266585058203,2.6560277096235803
21,252,1,0.3534361851332398,0.36815951037129185,0.6088100075721741,0.013419273993925781,1.4878413956653305
21,253,1,0.3548387096774194,0.37640245505579645,0.6014515161514282,0.014568084088470159,1.4042610789583736
21,254,1,0.35624123422159887,0.3741032967497561,0.6001587510108948,0.006821989882443782,0.3061244756134753
21,255,1,0.3576437587657784,0.3919350975026516,0.6002384424209595,0.01699154728395902,1.6950298799218266
21,256,1,0.3590462833099579,0.3912229774071685,0.5991889834403992,0.011055384316645222,0.8515629935413258
21,257,1,0.36044880785413747,0.4100918360579919,0.6072827577590942,0.023083925356160225,2.755467096992396
21,258,1,0.36185133239831696,0.41262265227031825,0.6022292971611023,0.017192396317937675,1.7873919632951945
21,259,1,0.3632538569424965,0.42406002209560567,0.6093959212303162,0.01899992726308458,2.267715182506436
21,260,1,0.364656381486676,0.43446414363689556,0.5987997651100159,0.021372817656135995,2.245321244254021
21,261,1,0.36605890603085556,0.431819268028181,0.6218490600585938,0.009958479098944605,1.4416706554497891
21,262,1,0.36746143057503505,0.4451008811783043,0.635762631893158,0.015767405647565708,2.6876841500407656
21,263,1,0.3688639551192146,0.44227912379185697,0.6103153824806213,0.006955360531943188,0.6558231827803935
21,264,1,0.3702664796633941,0.4509462569963782,0.6341904997825623,0.0089384488145802,1.7054521432587832
21,265,1,0.37166900420757365,0.4567024016180208,0.633283257484436,0.010574065096352144,1.8988049119560397
21,266,1,0.37307152875175315,0.456283439908032,0.6121391654014587,0.004862191648495492,0.4300136497089213
21,267,1,0.3744740532959327,0.45446294908664403,0.6329202055931091,0.003900159943919173,0.9771744094400949
21,268,1,0.3758765778401122,0.45800957946394133,0.6498764157295227,0.001894158860757611,1.2571778244431182
21,269,1,0.37727910238429174,0.4591902146077346,0.6181042194366455,0.001693183085763282,0.19271994083064348
21,270,1,0.37868162692847124,0.45210188599695195,0.6290991902351379,0.008476613792624555,1.4763122400826625
21,271,1,0.3800841514726508,0.4593257514147974,0.6182013154029846,0.003100901801334103,0.3877880584302587
21,272,1,0.3814866760168303,0.45242667492565886,0.5890863537788391,0.00832213696818598,0.1492142549915964
21,273,1,0.38288920056100983,0.46200159997275747,0.5957096219062805,0.004215242079577985,-0.19444675995902386
21,274,1,0.38429172510518933,0.4588091136331694,0.579670250415802,0.0034813068116383216,-0.8180295582800235
21,275,1,0.3856942496493689,0.4631240571237024,0.5934637784957886,0.0032412815117793476,-0.4005216235448429
21,276,1,0.3870967741935484,0.4596367536592534,0.5935870409011841,0.0037770379259635884,-0.32346447781451027
21,277,1,0.3884992987377279,0.4586080038448492,0.5926563739776611,0.005876831275359995,-0.0676001319225364
21,278,1,0.3899018232819074,0.4611875961940039,0.5847682356834412,0.0030202452642078444,-0.7144801243838601
21,279,1,0.391304347826087,0.4651785257282494,0.5815384387969971,0.0027937979159260223,-0.8507714631404593
21,280,1,0.39270687237026647,0.4622670972737253,0.5783018469810486,0.002477576605852222,-0.9995224916367728
21,281,1,0.394109396914446,0.46454620586091233,0.5830435752868652,0.0013727552009197147,-0.9953581923262349
21,282,1,0.3955119214586255,0.4637617625053718,0.5961650013923645,0.0031250477818394297,-0.3281971688846985
21,283,1,0.39691444600280507,0.46388079032172824,0.5799306631088257,0.0036495615433249752,-0.7865932297524294
21,284,1,0.39831697054698456,0.4683615464320072,0.5936540365219116,0.001403130546829957,-0.644886465119883
21,285,1,0.3997194950911641,0.4600929890914056,0.5974652767181396,0.008636541211587799,0.4655659529593595
21,286,1,0.4011220196353436,0.46279720729629403,0.5843562483787537,0.005452737112169207,-0.3963326674367931
21,287,1,0.40252454417952316,0.46074148805319876,0.5914789438247681,0.006633599255148515,-0.002870186776664202
21,288,1,0.40392706872370265,0.463087384847323,0.5888485312461853,0.003957434486356371,-0.45354041994513616
21,289,1,0.4053295932678822,0.46453645313184083,0.583859920501709,0.0012021124809899076,-0.9919741093243679
21,290,1,0.4067321178120617,0.46234815624707565,0.5934995412826538,0.004034431108077008,-0.29123292121516253
21,291,1,0.40813464235624125,0.4592891972901474,0.5879969000816345,0.006981127302700671,-0.06915122335691526
21,292,1,0.40953716690042075,0.4653454616605633,0.6150482296943665,0.0029334027196805824,0.26203638326007633
21,293,1,0.4109396914446003,0.45793609941659164,0.5954254269599915,0.008535671688803658,0.38523375696736095
21,294,1,0.4123422159887798,0.4608870656355348,0.5975240468978882,0.004691709345922061,-0.07027142458392384
21,295,1,0.41374474053295934,0.4593013855045068,0.6030367016792297,0.005155024519191001,0.1728231796085299
21,296,1,0.41514726507713884,0.4615904422865075,0.5871456265449524,0.0032951523771827702,-0.5994057746369553
21,297,1,0.4165497896213184,0.46526241999325396,0.5949221849441528,0.0017417177594802628,-0.5573375575665283
21,298,1,0.4179523141654979,0.4654482689586779,0.6048812866210938,0.0013144144594436358,-0.29051685672816524
21,299,1,0.41935483870967744,0.4653799421241057,0.5812515616416931,0.0012783561760279583,-1.066718836294414
21,300,1,0.42075736325385693,0.4633222189258443,0.5832335352897644,0.004690003437780488,-0.5369537255354814
21,301,1,0.4221598877980365,0.46410233807929147,0.5944663286209106,0.0043428284441675265,-0.21763605143226505
21,302,1,0.423562412342216,0.4625239693473464,0.5861682295799255,0.005631176697621945,-0.3128639440428196
21,303,1,0.42496493688639553,0.46697051614699475,0.5929058194160461,0.0019584375903672104,-0.5936097423283245
21,304,1,0.426367461430575,0.4672056959751028,0.5990798473358154,0.001520100377437726,-0.4518399556600665
21,305,1,0.4277699859747546,0.46798283018401515,0.585328221321106,0.0013840117306984801,-0.9192516747771604
21,306,1,0.42917251051893407,0.46788873277562,0.5921589136123657,0.0018739741607332857,-0.6295031104521484
21,307,1,0.4305750350631136,0.4667135675207787,0.6009553074836731,0.004390330272642987,0.000643006816077013
21,308,1,0.4319775596072931,0.46246780926558684,0.5930342078208923,0.008571851371280827,0.31211509628736983
21,309,1,0.43338008415147267,0.46722779058848213,0.5964087843894958,0.004288998227856503,-0.16157136496412167
21,310,1,0.43478260869565216,0.46676788155897037,0.5963690876960754,0.0036118020391313994,-0.2551818156156757
21,311,1,0.4361851332398317,0.4657116941066894,0.5897209048271179,0.003674522149753637,-0.4636320274736534
21,312,1,0.4375876577840112,0.4655895994247713,0.5843806862831116,0.0035461484781493914,-0.6554393211785227
21,313,1,0.43899018232819076,0.46680767151094554,0.5845566987991333,0.003108523931771243,-0.709350735998591
21,314,1,0.44039270687237025,0.4640370359568759,0.5909401178359985,0.005774129716456755,-0.1376198048702666
21,315,1,0.4417952314165498,0.4644849659206378,0.5934967994689941,0.004643488352171235,-0.2082963206409708
21,316,1,0.4431977559607293,0.46539774686330265,0.5900126099586487,0.003424025362993505,-0.4882580996610746
21,317,1,0.44460028050490885,0.46567349576705663,0.5932313203811646,0.00310031331887235,-0.42732582546024933
21,318,1,0.44600280504908835,0.4688549147541622,0.5937366485595703,0.0008292734239530647,-0.7204176134202709
21,319,1,0.4474053295932679,0.4709266897545824,0.5993365049362183,0.0012319549053040639,-0.48274222994426125
21,320,1,0.4488078541374474,0.4684295673731675,0.6018954515457153,0.0028755984345970017,-0.17515698062229257
21,321,1,0.45021037868162694,0.46841812506291974,0.5838075876235962,0.003644995872310955,-0.6606707791421629
21,322,1,0.45161290322580644,0.4686923118219276,0.5959814786911011,0.004056966437268825,-0.2071491952655859
21,323,1,0.453015427769986,0.46912602516030266,0.5889232158660889,0.003582602365835183,-0.5021994273519712
21,324,1,0.4544179523141655,0.471460191791675,0.603591799736023,0.001246962096981389,-0.341801422139387
21,325,1,0.45582047685834504,0.47135459612929775,0.6033921837806702,0.0016615213528970137,-0.29180467399228943
21,326,1,0.45722300140252453,0.4685796879081651,0.5952935814857483,0.005170547340624135,-0.07780024651205067
21,327,1,0.4586255259467041,0.46885819737778944,0.6014639139175415,0.004863881892559205,0.08179828521385495
21,328,1,0.4600280504908836,0.47160791883255326,0.5995749831199646,0.00278100726794993,-0.26379285686308074
21,329,1,0.46143057503506313,0.4718056579360312,0.5924049615859985,0.0019233448188341702,-0.6147418158567618
21,330,1,0.4628330995792426,0.4729505269739439,0.5911243557929993,0.0008542925626793237,-0.8022736271552489
21,331,1,0.4642356241234222,0.4710349886218225,0.6133791208267212,0.0038625406812454162,0.3342149879871592
21,332,1,0.46563814866760167,0.4708605629267482,0.5803849697113037,0.00458116418732801,-0.6447692533225398
21,333,1,0.4670406732117812,0.470781857269179,0.5813776254653931,0.004473030868445982,-0.6271090812219415
21,334,1,0.4684431977559607,0.4723039581951257,0.6072964072227478,0.0027376394341618628,-0.017673407629482107
21,335,1,0.46984572230014027,0.4728060684512409,0.5956079959869385,0.002031227324966492,-0.4954866632644903
21,336,1,0.47124824684431976,0.4731310857125534,0.5975345969200134,0.002148980021008576,-0.41654947013719723
21,337,1,0.4726507713884993,0.4731876207906578,0.5914846062660217,0.0026600756393554944,-0.5443522602508407
21,338,1,0.4740532959326788,0.4710395894758748,0.599414050579071,0.005409547834508141,0.08927433035019917
21,339,1,0.47545582047685836,0.4762847243473943,0.6029038429260254,0.0018642675835108136,-0.28010620403610886
21,340,1,0.47685834502103785,0.47449657382792076,0.5891470313072205,0.002797845843515413,-0.6018712251849325
21,341,1,0.4782608695652174,0.4757333384181265,0.6014225482940674,0.001802444772656649,-0.3368840593240771
21,342,1,0.4796633941093969,0.47661358515676694,0.6091628074645996,0.001366925383550652,-0.14360754462284403
21,343,1,0.48106591865357645,0.47632677996281847,0.5873262882232666,0.003047229497722165,-0.6273054905054616
21,344,1,0.48246844319775595,0.47513643425239627,0.5897629261016846,0.004248089112000403,-0.38407233726678847
21,345,1,0.4838709677419355,0.4784565268537471,0.5942355990409851,0.0020296171128461084,-0.5405019180192244
21,346,1,0.485273492286115,0.4759288777974004,0.5838716626167297,0.004296407782020295,-0.5697794960640301
21,347,1,0.48667601683029454,0.4772969208345653,0.5922844409942627,0.002757187905013736,-0.5050069873197037
21,348,1,0.48807854137447404,0.47679762993932123,0.6005498766899109,0.0034990140181945352,-0.13409383603900532
21,349,1,0.4894810659186536,0.4784649898796941,0.5911691784858704,0.002362242165141668,-0.5952483588505535
21,350,1,0.4908835904628331,0.4777116635338185,0.5925226807594299,0.003002395101915284,-0.4638043090472358
21,351,1,0.49228611500701264,0.477348827710702,0.5836189985275269,0.003810927359136307,-0.6442068057157715
21,352,1,0.49368863955119213,0.4782306501979582,0.5881391763687134,0.0029420815909142447,-0.6151060584343018
21,353,1,0.4950911640953717,0.47917116466986415,0.5943267345428467,0.00235982218366759,-0.49251397162046845
21,354,1,0.4964936886395512,0.4767241242757378,0.5798925161361694,0.0049834062753364135,-0.6060099422604324
21,355,1,0.49789621318373073,0.4811446491303391,0.5988261699676514,0.0018078682289178506,-0.42089188192351285
21,356,1,0.4992987377279102,0.47891828882746823,0.5799667835235596,0.0034913122639950696,-0.806986629369173
21,357,1,0.5007012622720898,0.4792954229353227,0.5988765954971313,0.0032860878135181184,-0.2177365014073372
21,358,1,0.5021037868162693,0.4779216186565319,0.5862458348274231,0.004690956658673581,-0.4385007551794463
21,359,1,0.5035063113604488,0.48074011674160244,0.5822685360908508,0.0028626904067391053,-0.8175493488743866
21,360,1,0.5049088359046283,0.47594150324842954,0.5865057706832886,0.00686931256479027,-0.13306494172414135
21,361,1,0.5063113604488079,0.47994371222988647,0.5812932848930359,0.0034056208747044077,-0.7753703000899315
21,362,1,0.5077138849929874,0.4789407238528297,0.5849967002868652,0.0033507965822760733,-0.6619624843855728
21,363,1,0.5091164095371669,0.48175592580589893,0.6040326952934265,0.002168791272155129,-0.20174749904009545
21,364,1,0.5105189340813464,0.47571546305165524,0.576032280921936,0.007021957255594427,-0.4541167340827814
21,365,1,0.511921458625526,0.4819581219850952,0.5853197574615479,0.0031257269350831764,-0.6820990064424342
21,366,1,0.5133239831697055,0.48134323075710006,0.5950195789337158,0.0032183841832852207,-0.35286082739157365
21,367,1,0.514726507713885,0.48266859145826685,0.5771814584732056,0.002437939754171713,-1.0414958142656512
21,368,1,0.5161290322580645,0.4775882117844154,0.5870437622070312,0.006425094051602448,-0.17606005609604466
21,369,1,0.517531556802244,0.48172033645619533,0.593184232711792,0.0041088280943047985,-0.29138303219078837
21,370,1,0.5189340813464236,0.4801283846110004,0.5832332968711853,0.004293662025982523,-0.5909903857962953
21,371,1,0.520336605890603,0.48083584401272444,0.5889666080474854,0.0032824910877335663,-0.5416939632609294
21,372,1,0.5217391304347826,0.4800865687989896,0.5976823568344116,0.0035735794400827943,-0.21752649366050977
21,373,1,0.5231416549789621,0.48251656923674496,0.5896910429000854,0.002264777670250965,-0.6567817411403182
21,374,1,0.5245441795231417,0.48179828378658635,0.6084794402122498,0.002685511901267032,0.013835431351617189
21,375,1,0.5259467040673211,0.48081739350053854,0.5891737937927246,0.004083876981211304,-0.42568716208070523
21,376,1,0.5273492286115007,0.479830327187484,0.5850268602371216,0.00506633066621939,-0.42711809978327553
21,377,1,0.5287517531556802,0.4803644581193455,0.5876540541648865,0.004468139331481419,-0.4229099841080906
21,378,1,0.5301542776998598,0.4820764141414886,0.5844705700874329,0.002355742736462333,-0.8147804269842811
21,379,1,0.5315568022440392,0.47952805040898583,0.5840840339660645,0.004836051851216838,-0.4892838265484279
21,380,1,0.5329593267882188,0.4817345984152528,0.5881751179695129,0.002692051270597493,-0.6480167974232179
21,381,1,0.5343618513323983,0.4816612973517953,0.5995421409606934,0.0028565369424614047,-0.25456870985036806
21,382,1,0.5357643758765779,0.48346298877917243,0.5950669646263123,0.0015615102322875975,-0.5771775891388022
21,383,1,0.5371669004207573,0.47999175587323645,0.5889708995819092,0.005196931888553633,-0.28057916586298715
21,384,1,0.5385694249649369,0.4803957859470162,0.596243679523468,0.0049088281808365416,-0.08246585384969224
21,385,1,0.5399719495091164,0.4825976097190875,0.5970388054847717,0.002754822373144051,-0.3501445173636396
21,386,1,0.541374474053296,0.4797190974454373,0.5977782011032104,0.0054848916571793695,0.04615014723468207
21,387,1,0.5427769985974754,0.48161416572724364,0.6004268527030945,0.002882993878244717,-0.22208467317626746
21,388,1,0.544179523141655,0.4821026939254222,0.5976207852363586,0.002570924807262437,-0.35621713312183717
21,389,1,0.5455820476858345,0.4833402105722038,0.5849868059158325,0.0017601351550824125,-0.8791228700443178
21,390,1,0.5469845722300141,0.48098777326184083,0.5918972492218018,0.004298222678724398,-0.307572757949202
21,391,1,0.5483870967741935,0.483395551846535,0.5943858623504639,0.002693111535880508,-0.4451503267998948
21,392,1,0.5497896213183731,0.4816224844583483,0.5997963547706604,0.004426026966140637,-0.032319675524125735
21,393,1,0.5511921458625526,0.4827810528747189,0.5791094303131104,0.003147406183001561,-0.8818520299192013
21,394,1,0.5525946704067322,0.4813617351437014,0.5928663611412048,0.004426934489647869,-0.2583945697324767
21,395,1,0.5539971949509116,0.4832303685558023,0.5783270001411438,0.0028677174494648495,-0.9455178566782536
21,396,1,0.5553997194950911,0.4821238910828449,0.6001595258712769,0.0037169731982863137,-0.11712310562515552
21,397,1,0.5568022440392707,0.48251500658697977,0.5878573656082153,0.003451209350275622,-0.5549007046220281
21,398,1,0.5582047685834503,0.4820123240739408,0.5882643461227417,0.0038873802913798163,-0.4821582472459919
21,399,1,0.5596072931276297,0.48390092071077473,0.5928481221199036,0.0023873384009250077,-0.5370256682497109
21,400,1,0.5610098176718092,0.481446001237809,0.5915805101394653,0.004783988398814551,-0.2516921733930658
21,401,1,0.5624123422159888,0.4856451302854152,0.6109513640403748,0.0017965606091547605,-0.02666066636015535
21,402,1,0.5638148667601683,0.4820814721873419,0.594917893409729,0.004761575912631569,-0.14581349103582258
21,403,1,0.5652173913043478,0.48514472357403693,0.5931785702705383,0.002528846443036612,-0.5069494287229319
21,404,1,0.5666199158485273,0.4854561634936131,0.6135345697402954,0.00196568639446638,0.08071157873177581
21,405,1,0.5680224403927069,0.4851870459959438,0.6001652479171753,0.002986780412146503,-0.2164755098669524
21,406,1,0.5694249649368864,0.48286549722542876,0.6303030848503113,0.0051938081102936825,1.068099090839142
21,407,1,0.5708274894810659,0.4838829877787754,0.598604142665863,0.004372323816468735,-0.07855486196845564
21,408,1,0.5722300140252454,0.48450007802602707,0.5988101363182068,0.003439799620401707,-0.1989519187372653
21,409,1,0.573632538569425,0.4866633334799017,0.5917292833328247,0.001400759721970183,-0.708034601767729
21,410,1,0.5750350631136045,0.48326469874917766,0.5822142362594604,0.004805229401344102,-0.5545166856023028
21,411,1,0.576437587657784,0.4839654501012089,0.5796607136726379,0.004204278430250089,-0.7197860503242917
21,412,1,0.5778401122019635,0.48443129362014714,0.6037371158599854,0.00375905049192021,0.005387233769415495
21,413,1,0.5792426367461431,0.4851276367777596,0.5864626169204712,0.0030455112328377333,-0.6557304045509555
21,414,1,0.5806451612903226,0.4843982675457687,0.5825706124305725,0.003390956289293143,-0.7356767250850187
21,415,1,0.5820476858345021,0.4806723007279801,0.6041075587272644,0.007400315306229474,0.5138523820426698
21,416,1,0.5834502103786816,0.48480606018511196,0.5808432698249817,0.0037917574297586278,-0.7374212647044293
21,417,1,0.5848527349228612,0.48276908594311135,0.5921035408973694,0.00457393438903225,-0.26325453620425654
21,418,1,0.5862552594670407,0.4843368945272053,0.5871151089668274,0.0024820015837255134,-0.7112498144810195
21,419,1,0.5876577840112202,0.4836360475727605,0.594237744808197,0.00310199179608017,-0.39424679879342317
21,420,1,0.5890603085553997,0.48399470403966743,0.5929046273231506,0.0034842720403683554,-0.38564837550453934
21,421,1,0.5904628330995793,0.4811642713302063,0.5926893353462219,0.006111865713468373,-0.03448458823974107
21,422,1,0.5918653576437588,0.4824782206666249,0.6027076840400696,0.0043967127238235095,0.05871154127906056
21,423,1,0.5932678821879382,0.4797979444535805,0.6126061677932739,0.006612320471722802,0.683832720892448
21,424,1,0.5946704067321178,0.4820746797593956,0.596834123134613,0.0037960362344225153,-0.2148881889049401
21,425,1,0.5960729312762973,0.4817519822789853,0.6024619936943054,0.003218750796455003,-0.10988655109019213
21,426,1,0.5974754558204769,0.4799876889995278,0.589982271194458,0.0051299718131072565,-0.25669540163234916
21,427,1,0.5988779803646563,0.48005921608937635,0.5935584306716919,0.00443581180648443,-0.2345949120050072
21,428,1,0.6002805049088359,0.48135519548411876,0.6240857243537903,0.0032051503206910028,0.5940692934422764
21,429,1,0.6016830294530154,0.4844484915247547,0.6186608076095581,0.0015933253842702671,0.19727476378039333
21,430,1,0.603085553997195,0.4769549955036066,0.6065146923065186,0.008099606543826325,0.6877491832714984
21,431,1,0.6044880785413744,0.47881079837938156,0.5982409715652466,0.005695140927360818,0.08991619379390396
21,432,1,0.605890603085554,0.4801506605250931,0.6162891983985901,0.003994714622408686,0.4472192618078259
21,433,1,0.6072931276297335,0.48412972785214237,0.6077682375907898,0.003479482400641851,0.09885469783040335
21,434,1,0.6086956521739131,0.47824574098519834,0.601775050163269,0.005357758602846052,0.15927873033813814
21,435,1,0.6100981767180925,0.48092241674489244,0.5962411761283875,0.003623716288799265,-0.25773277690866014
21,436,1,0.6115007012622721,0.483303873439118,0.6224668622016907,0.002714839270981541,0.4743900599925173
21,437,1,0.6129032258064516,0.4840484881001904,0.6209537982940674,0.0020663608902924124,0.3366029187545226
21,438,1,0.6143057503506312,0.4804392684029198,0.6162776350975037,0.004782815437418539,0.5542749709551904
21,439,1,0.6157082748948106,0.47972481346241325,0.5944648385047913,0.0060456522323554225,0.014442603262356316
21,440,1,0.6171107994389902,0.5067829063944391,0.6271584630012512,0.021311841520290288,3.1626517281808684
21,441,1,0.6185133239831697,0.5183476602300318,0.6258485317230225,0.027006837117052603,3.8962311829513547
21,442,1,0.6199158485273493,0.557661436248547,0.6630828380584717,0.05774582010310756,9.301886812613212
21,443,1,0.6213183730715287,0.5476684052648652,0.647535502910614,0.0341621534544575,5.579511041829546
21,444,1,0.6227208976157083,0.5906797393309513,0.6483719944953918,0.054472683273492035,8.375526356334255
21,445,1,0.6241234221598878,0.5791724351845016,0.6334697604179382,0.02846321377073682,4.343523920691811
21,446,1,0.6255259467040674,0.5945750472502609,0.6297541260719299,0.02218758922005612,3.3667566047124793
21,447,1,0.6269284712482468,0.5958387723121406,0.6289532780647278,0.014309439805165188,2.266674794768365
21,448,1,0.6283309957924264,0.6137491376169593,0.6404450535774231,0.020090685074507182,3.429866108905042
21,449,1,0.6297335203366059,0.6026695356816663,0.6207762360572815,0.009501925339956387,1.3444161533112846
21,450,1,0.6311360448807855,0.610384751969573,0.6386706829071045,0.008203649164216276,1.7515204793445645
21,451,1,0.6325385694249649,0.6004702101787667,0.6268305778503418,0.008782293239306597,1.443933475176931
21,452,1,0.6339410939691444,0.6128408210590177,0.6281216740608215,0.005966926736122529,1.1022874885670562
21,453,1,0.635343618513324,0.5998281753572003,0.608927845954895,0.010355108388044069,1.0739836083633443
21,454,1,0.6367461430575035,0.6105175431087131,0.6184403896331787,0.006450187677753621,0.8521629792763882
21,455,1,0.638148667601683,0.6033185330759555,0.62208491563797,0.006496005623139632,0.9773680671826656
21,456,1,0.6395511921458625,0.6113349470280158,0.627333402633667,0.005771304738241439,1.049890896337664
21,457,1,0.6409537166900421,0.5871004208762299,0.6144005060195923,0.02274133278922976,2.941092225447971
21,458,1,0.6423562412342216,0.6195921591602946,0.6244889497756958,0.012932344115077547,1.9332324373245022
21,459,1,0.6437587657784011,0.6150588609686383,0.6298887729644775,0.009408647254433557,1.6291385328492005
21,460,1,0.6451612903225806,0.6232510723491353,0.6309765577316284,0.011387521317852175,1.9344025946188927
21,461,1,0.6465638148667602,0.6162843096121644,0.6251174211502075,0.010276653898975079,1.5917249475381792
21,462,1,0.6479663394109397,0.6337259919666707,0.6209900379180908,0.011587437421124006,1.6356897486287008
21,463,1,0.6493688639551192,0.6293430840337133,0.6091241240501404,0.006580916057649013,0.5658959774181876
21,464,1,0.6507713884992987,0.6399097854157823,0.6070079803466797,0.01066671690237281,1.0537963649314477
21,465,1,0.6521739130434783,0.6329888093458524,0.617024838924408,0.006283705129546103,0.7832639257027825
21,466,1,0.6535764375876578,0.6470400393210372,0.6176553964614868,0.009456167607543977,1.236312671137867
21,467,1,0.6549789621318373,0.6457133293400521,0.6121894717216492,0.006182691583057533,0.6116649489297741
21,468,1,0.6563814866760168,0.653918388960044,0.6123271584510803,0.008913444081374457,0.9884126566338981
21,469,1,0.6577840112201964,0.6493263683415998,0.6065205931663513,0.004845681594196439,0.2443698865138237
21,470,1,0.6591865357643759,0.6596304526553687,0.6300391554832458,0.007038967141696914,1.311014594261893
21,471,1,0.6605890603085554,0.6541006503104589,0.6129351854324341,0.00390889517884247,0.3260437054553699
21,472,1,0.6619915848527349,0.659554807741161,0.6112356781959534,0.003248846545436162,0.18059371104299826
21,473,1,0.6633941093969145,0.651009675200618,0.625899612903595,0.008235348584517603,1.3389873270328962
21,474,1,0.664796633941094,0.6645423833628807,0.6151837706565857,0.005294130727625335,0.5882726711400041
21,475,1,0.6661991584852734,0.6674888681475294,0.6147761940956116,0.006595034970761196,0.7523071685615883
21,476,1,0.667601683029453,0.6807801977137101,0.6107954382896423,0.016539310077674313,1.9779671930575566
21,477,1,0.6690042075736325,0.6978776613707831,0.6226516962051392,0.028330426241610036,3.9723151941755317
21,478,1,0.6704067321178121,0.7068631251427007,0.6058695316314697,0.025598893470986317,3.0521766814635405
21,479,1,0.6718092566619915,0.7418145413681116,0.6027054786682129,0.04997012425144232,6.271162965130372
21,480,1,0.6732117812061711,0.7378781927372371,0.603378415107727,0.030138922435457183,3.589757698755486
21,481,1,0.6746143057503506,0.7653115487823425,0.6206031441688538,0.0406112146046459,5.5795545862120175
21,482,1,0.6760168302945302,0.7648562387771953,0.6470667123794556,0.024243478553780142,4.212105299256216
21,483,1,0.6774193548387096,0.8254224667750713,0.606385350227356,0.06936538233586109,9.035218727017238
21,484,1,0.6788218793828892,0.8348698935477914,0.6094450950622559,0.057910827756841345,7.573616586195054
21,485,1,0.6802244039270687,0.845927849637501,0.5982794761657715,0.04472085864391238,5.411121121033232
21,486,1,0.6816269284712483,0.8642078920743749,0.6243570446968079,0.042846825866996625,6.006840223928803
21,487,1,0.6830294530154277,0.8617663036292386,0.6257501840591431,0.01750650912473128,2.5979455349733147
21,488,1,0.6844319775596073,0.8677488188070045,0.5958512425422668,0.01246388006178953,0.9346221681021054
21,489,1,0.6858345021037868,0.8535778206370964,0.5894903540611267,0.010878271704328724,0.51085085142259
21,490,1,0.6872370266479664,0.8605723800295582,0.5957090854644775,0.007623671671992103,0.2701695577620469
21,491,1,0.6886395511921458,0.8485889397037625,0.5838289856910706,0.015919345094950438,1.0132550866276522
21,492,1,0.6900420757363254,0.8448800326951724,0.5811629891395569,0.016333911122171474,0.9827488086437143
21,493,1,0.6914446002805049,0.8377802841506452,0.5730865597724915,0.017716463138740673,0.9075980957495019
21,494,1,0.6928471248246845,0.8370026193694091,0.6031120419502258,0.014544743798363955,1.4552797814192104
21,495,1,0.6942496493688639,0.8347352091420762,0.5854151248931885,0.010919713860659593,0.38348260032561904
21,496,1,0.6956521739130435,0.8307029647941917,0.6043696999549866,0.011488525568122545,1.0797096797064145
21,497,1,0.697054698457223,0.8359244186455138,0.5881330966949463,0.004615140862618609,-0.38723467941209144
21,498,1,0.6984572230014026,0.8310423845930215,0.6188302636146545,0.007140872417764729,0.95904214554524
21,499,1,0.699859747545582,0.8325419458363819,0.5983611941337585,0.004182642297389936,-0.11234203012011035
21,500,1,0.7012622720897616,0.824790180478761,0.6152601838111877,0.011354702011504762,1.41693805565604
21,501,1,0.7026647966339411,0.830843379974789,0.6058856248855591,0.006131515380035372,0.39892780941527145
21,502,1,0.7040673211781207,0.8240905372043359,0.6105668544769287,0.009305889539390929,0.984453202196256
21,503,1,0.7054698457223001,0.8274963832625072,0.5943278670310974,0.005146613858536184,-0.1125842591985769
21,504,1,0.7068723702664796,0.8231235581264523,0.6001133918762207,0.00727351612663443,0.36619555096149864
21,505,1,0.7082748948106592,0.8270121080031942,0.6008101105690002,0.004194194795588611,-0.03083329486560482
21,506,1,0.7096774193548387,0.8207748203510312,0.603922426700592,0.008247780321079697,0.623335187789819
21,507,1,0.7110799438990182,0.8255754730695184,0.5987275242805481,0.004300133943912241,-0.08436847535439557
21,508,1,0.7124824684431977,0.8201660896367082,0.5925331115722656,0.007547354273829324,0.15610059929782527
21,509,1,0.7138849929873773,0.8224608856890262,0.5915206074714661,0.004942198320636613,-0.23208040410579084
21,510,1,0.7152875175315568,0.8185253293991852,0.6054378151893616,0.007310941810374308,0.5450893382960512
21,511,1,0.7166900420757363,0.8224774977418686,0.5985908508300781,0.004054094096473396,-0.12236948225184291
21,512,1,0.7180925666199158,0.8197691494900933,0.6053197979927063,0.004730255149592297,0.18944048432151356
21,513,1,0.7194950911640954,0.8218569399644642,0.5921369194984436,0.0028687340711554023,-0.494616300346117
21,514,1,0.7208976157082749,0.8209829756802735,0.5953009724617004,0.003266207491617876,-0.33715676868969857
21,515,1,0.7223001402524544,0.8208960630989646,0.6060659289360046,0.003967531643198821,0.10982085636705866
21,516,1,0.7237026647966339,0.8230131485446387,0.5917764902114868,0.0017952394550380425,-0.6527186487147951
21,517,1,0.7251051893408135,0.8216204507155245,0.5992432236671448,0.0036587851295492553,-0.15496382882163376
21,518,1,0.726507713884993,0.8250858169828613,0.5970181226730347,0.0011485888790482048,-0.5697798124627124
21,519,1,0.7279102384291725,0.8219569112411216,0.5992343425750732,0.004288912617364191,-0.06935534223963684
21,520,1,0.729312762973352,0.8223075719072346,0.5831939578056335,0.004203463986790443,-0.6045701429337582
21,521,1,0.7307152875175316,0.8194282649509188,0.605395495891571,0.006906376783755189,0.48855810096376173
21,522,1,0.7321178120617111,0.8212163358387023,0.6015264391899109,0.004745904094114298,0.06775652327178022
21,523,1,0.7335203366058906,0.820692280943687,0.6060842871665955,0.004126944063795876,0.13215102567796996
21,524,1,0.7349228611500701,0.821676364911184,0.605438768863678,0.0028267025219401694,-0.06616669862556646
21,525,1,0.7363253856942497,0.8182793864032338,0.6027615070343018,0.006065879280877704,0.2880075235331761
21,526,1,0.7377279102384292,0.8220059906271144,0.5898057222366333,0.003196966727418458,-0.5259634365533105
21,527,1,0.7391304347826086,0.8201246641934592,0.5947027802467346,0.004130795550834118,-0.23882226609480234
21,528,1,0.7405329593267882,0.8222893190894669,0.601136326789856,0.0021881731106756265,-0.29364436432730157
21,529,1,0.7419354838709677,0.8183246397437705,0.5929635167121887,0.005942154357536642,-0.04867005343243279
21,530,1,0.7433380084151473,0.8202383981974578,0.5864495038986206,0.004278197661229419,-0.4881197980164522
21,531,1,0.7447405329593267,0.8203525427203426,0.6082562208175659,0.0034836666086844577,0.11535311209341886
21,532,1,0.7461430575035063,0.8212215155937163,0.5896366238594055,0.0026716633670316988,-0.6030917421237325
21,533,1,0.7475455820476858,0.8185368842163332,0.5979637503623962,0.005089343870477101,-0.0017141201061288275
21,534,1,0.7489481065918654,0.8204778593429689,0.591854989528656,0.0034535266207022276,-0.4241002865264878
21,535,1,0.7503506311360448,0.8226447827008431,0.5791240334510803,0.0020766102978846002,-1.0273452359099262
21,536,1,0.7517531556802244,0.8186501475134449,0.606483519077301,0.00566206697300897,0.3544486346327547
21,537,1,0.7531556802244039,0.8197953083273616,0.592285692691803,0.0038740641390244386,-0.3527146426075325
21,538,1,0.7545582047685835,0.8193625320612203,0.5803589820861816,0.00462144643292278,-0.6401262661795689
21,539,1,0.7559607293127629,0.8253801772910778,0.5887406468391418,0.0031808965406452732,-0.562918725426807
21,540,1,0.7573632538569425,0.8186783976597664,0.6063137054443359,0.00571059766149831,0.3555214856187038
21,541,1,0.758765778401122,0.8218932196555618,0.5990577340126038,0.003391858395583234,-0.19740550226598969
21,542,1,0.7601683029453016,0.819582833999718,0.6091204881668091,0.0053377016901771076,0.396303519402725
21,543,1,0.761570827489481,0.8265791823090919,0.5970232486724854,0.0038776318439561535,-0.1975919980742591
21,544,1,0.7629733520336606,0.8167001108285621,0.6068039536476135,0.008575251600460935,0.7620302986948206
21,545,1,0.7643758765778401,0.8285042786559556,0.5801956653594971,0.0041977213704971665,-0.7032188002675737
21,546,1,0.7657784011220197,0.8210489063165625,0.5918606519699097,0.0061222652895627045,-0.06011558574502493
21,547,1,0.7671809256661991,0.8322891931914789,0.5837428569793701,0.00550767741814468,-0.40886467326858655
21,548,1,0.7685834502103787,0.8200103682286789,0.5894420146942139,0.008217208042449351,0.14651940305921277
21,549,1,0.7699859747545582,0.8329325338652114,0.5803938508033752,0.0056519401301459654,-0.4985122283281813
21,550,1,0.7713884992987378,0.822597922363685,0.5849807858467102,0.007564282059786401,-0.08810367246027712
21,551,1,0.7727910238429172,0.8275506112680477,0.5769108533859253,0.006371749920679287,-0.5140753059786669
21,552,1,0.7741935483870968,0.8227424752036835,0.5953242778778076,0.006622337750710775,0.12110836514412172
21,553,1,0.7755960729312763,0.8289141958466673,0.5800883173942566,0.004504077696070357,-0.6649604956694495
21,554,1,0.7769985974754559,0.8248565906041467,0.5701673030853271,0.004186664589362646,-1.032057025675548
21,555,1,0.7784011220196353,0.826542870832537,0.6002908945083618,0.0031898007306852584,-0.18469880600555044
21,556,1,0.7798036465638148,0.8252492968302911,0.5743281841278076,0.004106690314455983,-0.9071457138744439
21,557,1,0.7812061711079944,0.8275707667969204,0.5863952040672302,0.0028542699331955447,-0.6840006243591177
21,558,1,0.782608695652174,0.8249905315968131,0.5914070010185242,0.004656303692149197,-0.2747614574006025
21,559,1,0.7840112201963534,0.8251919218183498,0.5961747169494629,0.004488398718779149,-0.142029366119908
21,560,1,0.7854137447405329,0.8269581187657348,0.5982099771499634,0.002549172186942148,-0.339950897899554
21,561,1,0.7868162692847125,0.8276258616220751,0.5992494225502014,0.002143927145367955,-0.3612654701921374
21,562,1,0.788218793828892,0.8287704292221316,0.5908534526824951,0.001013133251600071,-0.7894630368136178
21,563,1,0.7896213183730715,0.8279884384209113,0.5855672359466553,0.0027400984591500173,-0.7265896806891481
21,564,1,0.791023842917251,0.829904398825569,0.5870678424835205,0.0017628566028638527,-0.8108257658195677
21,565,1,0.7924263674614306,0.8294311444995636,0.5933752655982971,0.002733091546096686,-0.4726866955968144
21,566,1,0.7938288920056101,0.830875226782826,0.5824494957923889,0.001743980319239894,-0.9641442076092526
21,567,1,0.7952314165497896,0.8299583874846328,0.583003580570221,0.0031833686705731697,-0.7498425626895344
21,568,1,0.7966339410939691,0.8309486163346101,0.5812755823135376,0.0026856270865261963,-0.8740969787797812
21,569,1,0.7980364656381487,0.833101018157066,0.5757589936256409,0.001286623474982056,-1.2448721312066129
21,570,1,0.7994389901823282,0.8307953534652001,0.5913647413253784,0.004017412747572194,-0.3632338318435717
21,571,1,0.8008415147265077,0.8381457699534508,0.5830139517784119,0.0033529720700850333,-0.7263838695608998
21,572,1,0.8022440392706872,0.8332242187756458,0.5808852314949036,0.003615424724924485,-0.7600891177902412
21,573,1,0.8036465638148668,0.8339555110933327,0.5768415927886963,0.0034530330174965236,-0.9142126750203616
21,574,1,0.8050490883590463,0.8285249010686011,0.594245970249176,0.009097266276294726,0.4232917060214947
21,575,1,0.8064516129032258,0.8360006968965078,0.5739037990570068,0.00407336445859394,-0.9255408124144504
21,576,1,0.8078541374474053,0.8326457402649928,0.6022191047668457,0.004496183705517974,0.0563238470212772
21,577,1,0.8092566619915849,0.8317614829786028,0.5828198194503784,0.004612183375244353,-0.5610659820426144
21,578,1,0.8106591865357644,0.8314618767143294,0.5949423909187317,0.004363282610835265,-0.19930883747532815
21,579,1,0.8120617110799438,0.8337888474826202,0.5880283713340759,0.003215650333524226,-0.5814301660017723
21,580,1,0.8134642356241234,0.8372239023864927,0.5856298208236694,0.0018019436610087819,-0.8524352329228073
21,581,1,0.814866760168303,0.8346519257568853,0.5818817019462585,0.0024990556566144547,-0.8797461547857947
21,582,1,0.8162692847124825,0.8401995524390831,0.5870183706283569,0.00232596033101268,-0.7356787970508675
21,583,1,0.8176718092566619,0.8344301076694935,0.5833560228347778,0.005627903369765261,-0.40510205601620736
21,584,1,0.8190743338008415,0.8380089781906368,0.5998538136482239,0.0032803923513142798,-0.1866159911149385
21,585,1,0.820476858345021,0.8318108891757432,0.5852674245834351,0.008603705861269986,0.06294561333956239
21,586,1,0.8218793828892006,0.8387611111223582,0.5915628671646118,0.003710274250718481,-0.3986357241153141
21,587,1,0.82328190743338,0.8310925435857536,0.5869074463844299,0.008252181976792863,0.06855738425319569
21,588,1,0.8246844319775596,0.8338684932824576,0.5800319314002991,0.005311425302908155,-0.5567441185400127
21,589,1,0.8260869565217391,0.8300817416533668,0.6044760942459106,0.007393471661199855,0.5249486545338831
21,590,1,0.8274894810659187,0.8362940297980153,0.5853347778320312,0.0035822205960215564,-0.619379959100942
21,591,1,0.8288920056100981,0.82987498463976,0.5875879526138306,0.006551171463126862,-0.14111064648082156
21,592,1,0.8302945301542777,0.8331949880991458,0.5911194086074829,0.0038683891923378157,-0.39155636673167965
21,593,1,0.8316970546984572,0.8266064983721996,0.5967124104499817,0.00934689169836089,0.5378262969860039
21,594,1,0.8330995792426368,0.8344665564381685,0.5901867151260376,0.003970274525898093,-0.408111058295029
21,595,1,0.8345021037868162,0.8308261195116191,0.5936621427536011,0.004474620359202218,-0.2259193511582203
21,596,1,0.8359046283309958,0.8301699605749616,0.594819188117981,0.004695534053310133,-0.1580380456726614
21,597,1,0.8373071528751753,0.8292825819607914,0.6053645610809326,0.004826655786434289,0.2040428165046158
21,598,1,0.8387096774193549,0.8294449464233065,0.5898635983467102,0.0053333122210671964,-0.23284977742082574
21,599,1,0.8401122019635343,0.828547010293797,0.5979178547859192,0.004975845846861196,-0.01868411653521445
21,600,1,0.8415147265077139,0.8298259641093084,0.5920156240463257,0.0031271147268941953,-0.4633532459337595
21,601,1,0.8429172510518934,0.8277602082456628,0.6070578694343567,0.005106871474126554,0.29751201612602135
21,602,1,0.844319775596073,0.8284976873652712,0.580600380897522,0.003988798925735973,-0.7184887797220959
21,603,1,0.8457223001402524,0.8325492060815168,0.5975238680839539,0.0019655513072382603,-0.4419044899022229
21,604,1,0.847124824684432,0.8287670715344646,0.5885604023933411,0.004483148938963702,-0.3912802099720818
21,605,1,0.8485273492286115,0.8324006940905966,0.5976589322090149,0.0016832237125890583,-0.4759825512128452
21,606,1,0.8499298737727911,0.8276913388472629,0.5931077003479004,0.006454279943687938,0.025848640532520922
21,607,1,0.8513323983169705,0.8374078732680141,0.5887737274169922,0.003908071231707561,-0.4627112071090499
21,608,1,0.85273492286115,0.8271458250731909,0.5878089070320129,0.008012873384882154,0.06535921408192435
21,609,1,0.8541374474053296,0.8392803464775855,0.5847787261009216,0.005027504639240611,-0.44051005389089126
21,610,1,0.8555399719495091,0.8281130297627702,0.5982899069786072,0.008360270176731629,0.45482131438129936
21,611,1,0.8569424964936886,0.8364978838347965,0.6015135645866394,0.0060757320320073355,0.2486171485916397
21,612,1,0.8583450210378681,0.8273253862207589,0.6046371459960938,0.009025839089315394,0.7527282176286235
21,613,1,0.8597475455820477,0.8360576683248876,0.5828043222427368,0.005803344386810926,-0.3991939012592563
21,614,1,0.8611500701262272,0.8270419499930571,0.6000807881355286,0.00854849606573468,0.5389353807651597
21,615,1,0.8625525946704067,0.8351625514060245,0.6052046418190002,0.005265444791064716,0.25863826135622203
21,616,1,0.8639551192145862,0.8269654753849591,0.6045738458633423,0.008023367624211405,0.6140061271391335
21,617,1,0.8653576437587658,0.836510522638805,0.6064990162849426,0.005021589392821651,0.26764518692626893
21,618,1,0.8667601683029453,0.8283779102619546,0.5984573364257812,0.006634168616745315,0.22498580265935625
21,619,1,0.8681626928471248,0.8351686140819007,0.60616534948349,0.0048008129040766285,0.22665809093340583
21,620,1,0.8695652173913043,0.8293570237752997,0.5944036841392517,0.00599056083959362,0.00493648746125655
21,621,1,0.8709677419354839,0.8357440308804394,0.5883631706237793,0.004204441475460529,-0.43571108983900764
21,622,1,0.8723702664796634,0.8341184444699496,0.5890297889709473,0.0025793330410670097,-0.6354855302136595
21,623,1,0.8737727910238429,0.834943581953655,0.603833794593811,0.0028835070466153735,-0.1108103580949118
21,624,1,0.8751753155680224,0.8386114334802967,0.610246479511261,0.0022001803013366582,0.005352581223731445
21,625,1,0.876577840112202,0.8385183692422877,0.5991304516792297,0.0013233594842828322,-0.47700773188023443
21,626,1,0.8779803646563815,0.8449570406129978,0.5875312685966492,0.004817129303462039,-0.37934379345572794
21,627,1,0.879382889200561,0.8402539850225903,0.5945625305175781,0.0025955753227075136,-0.45267982797200734
21,628,1,0.8807854137447405,0.8433719068515103,0.5974097847938538,0.0019174207617018097,-0.4521893374446946
21,629,1,0.8821879382889201,0.848048374680151,0.6079845428466797,0.0032906006050324853,0.08016683040830008
21,630,1,0.8835904628330996,0.8510431437882681,0.5879642963409424,0.0032933629734671925,-0.5729278952406337
21,631,1,0.884992987377279,0.8493942031455446,0.5904015898704529,0.002429625039384221,-0.6111172833678672
21,632,1,0.8863955119214586,0.8552395335304495,0.5925279855728149,0.003683172391092451,-0.37082825514761697
21,633,1,0.8877980364656382,0.8545769357729593,0.6007384061813354,0.0014916340686577717,-0.401584229491039
21,634,1,0.8892005610098177,0.8528614126360636,0.5832334160804749,0.0032939954462302386,-0.727260076620388
21,635,1,0.8906030855539971,0.8597423669029112,0.5899814963340759,0.003132391608668408,-0.5290288960942225
21,636,1,0.8920056100981767,0.8459847417495899,0.620916485786438,0.013212274483994478,1.854785186533268
21,637,1,0.8934081346423562,0.8644327697779305,0.6001538038253784,0.007549451489560963,0.40512986001791484
21,638,1,0.8948106591865358,0.8444554020635913,0.6065088510513306,0.014891874726021046,1.6134739548684716
21,639,1,0.8962131837307152,0.8641476451310761,0.5881603956222534,0.009152139021512818,0.2321355753884023
21,640,1,0.8976157082748948,0.8540852888952598,0.6070882081985474,0.008816676969358651,0.8042193884392745
21,641,1,0.8990182328190743,0.8690123850909078,0.5885869264602661,0.00922391016285704,0.25584153704534285
21,642,1,0.9004207573632539,0.860669847342029,0.6139639019966125,0.007936444011185519,0.9086531145261421
21,643,1,0.9018232819074333,0.8695205162439914,0.59369295835495,0.005319614300771485,-0.10972475650952215
21,644,1,0.9032258064516129,0.8638716534276536,0.5865439176559448,0.005226050469804905,-0.3558277050549643
21,645,1,0.9046283309957924,0.8679428956490097,0.5850456953048706,0.004216240945901861,-0.5423867223269004
21,646,1,0.906030855539972,0.8683078967758757,0.5911402106285095,0.0025120869762319314,-0.5757671850168857
21,647,1,0.9074333800841514,0.8696598329207634,0.6000918745994568,0.0020817789591195002,-0.3422393765360598
21,648,1,0.908835904628331,0.8618808700182008,0.6054407358169556,0.00915665369811333,0.7967903295818936
21,649,1,0.9102384291725105,0.8705139267726347,0.6046319007873535,0.0036240386639354617,0.016188798653583802
21,650,1,0.9116409537166901,0.8695611034016049,0.6032328009605408,0.004024817325758943,0.025155210286961244
21,651,1,0.9130434782608695,0.8713770657772413,0.5875235795974731,0.0029013373729958264,-0.6407536705627558
21,652,1,0.9144460028050491,0.8692830188133867,0.5927420258522034,0.003469687881224392,-0.39294387081104487
21,653,1,0.9158485273492286,0.8697378367030826,0.5970683097839355,0.0040378960111228076,-0.1742741235340878
21,654,1,0.9172510518934082,0.8689600654104506,0.5925198197364807,0.004621644786366783,-0.24316314250554075
21,655,1,0.9186535764375876,0.868876521332072,0.6006673574447632,0.0045549293669567255,0.013682156779527083
21,656,1,0.9200561009817672,0.8718854189569563,0.5850847363471985,0.0017328488026820566,-0.8796460188657179
21,657,1,0.9214586255259467,0.8682535357106832,0.5887595415115356,0.005203378912945669,-0.28659915139655723
21,658,1,0.9228611500701263,0.8705827945705982,0.5879027247428894,0.002949283430290637,-0.6218422150581788
21,659,1,0.9242636746143057,0.8763001015101048,0.6109060049057007,0.002808579844538919,0.10981627177673214
21,660,1,0.9256661991584852,0.8775445544101548,0.6056981682777405,0.002337297546444933,-0.1244149796431987
21,661,1,0.9270687237026648,0.8732503842012325,0.6058084964752197,0.0035118163721412883,0.03929546130565659
21,662,1,0.9284712482468443,0.8750885235437003,0.601895809173584,0.0031235680189470073,-0.1413423334100828
21,663,1,0.9298737727910238,0.8683393501321053,0.6110125780105591,0.010798494807181312,1.2024723581932466
21,664,1,0.9312762973352033,0.8852925749854935,0.593437671661377,0.008144917890706817,0.2670852070989427
21,665,1,0.9326788218793829,0.8770523057457501,0.5820774435997009,0.0049520526904982915,-0.5389668605129645
21,666,1,0.9340813464235624,0.8947062956733973,0.6015625,0.014671153048646525,1.4219339106930362
21,667,1,0.9354838709677419,0.8863851439525061,0.5926419496536255,0.007933412890661164,0.21228026852982765
21,668,1,0.9368863955119214,0.9079293700911981,0.598006546497345,0.018478335978922844,1.8248572305309094
21,669,1,0.938288920056101,0.9020523437674801,0.6026602983474731,0.010599014845235396,0.90265667762162
21,670,1,0.9396914446002805,0.9114904832404681,0.6071595549583435,0.010130240846334184,0.9856119419182914
21,671,1,0.94109396914446,0.9105867626128195,0.591179370880127,0.007027200598322298,0.041006950692700384
21,672,1,0.9424964936886395,0.9184543390249759,0.5943500399589539,0.006847645073995909,0.12002240781308321
21,673,1,0.9438990182328191,0.9157143274368968,0.6013033390045166,0.0036080381666883992,-0.09463836652384941
21,674,1,0.9453015427769986,0.9208423303606619,0.595471978187561,0.0034316842002356978,-0.3090174276268907
21,675,1,0.9467040673211781,0.9223884769760375,0.5906422138214111,0.0025851865324727896,-0.5820571997200756
21,676,1,0.9481065918653576,0.9275269508226344,0.5924586653709412,0.004585128350002829,-0.250137138204976
21,677,1,0.9495091164095372,0.92913716005914,0.5962679982185364,0.0039271846370938805,-0.21548877798703897
21,678,1,0.9509116409537167,0.9333027506953138,0.598004162311554,0.004737067117706803,-0.04841707943379207
21,679,1,0.9523141654978962,0.9335969040308919,0.5981458425521851,0.0024874295064306017,-0.3504609871524289
21,680,1,0.9537166900420757,0.9276758843727951,0.6333858370780945,0.0068070110521883925,1.3886319973226473
21,681,1,0.9551192145862553,0.9290912937360435,0.6645047664642334,0.005428835076480229,2.216498468084669
21,682,1,0.9565217391304348,0.9375339760748117,0.628726065158844,0.003969900763537164,0.8497824790088216
21,683,1,0.9579242636746143,0.9350154743283866,0.6416090726852417,0.0035909254992162465,1.218629023076078
21,684,1,0.9593267882187938,0.9316696453470614,0.6359469294548035,0.004251465803936314,1.1238579303724776
21,685,1,0.9607293127629734,0.9282936719071815,0.6354671120643616,0.008625879487382828,1.7045122854967705
21,686,1,0.9621318373071529,0.9300602408691395,0.6508561372756958,0.006824798744590608,1.9612965097834265
21,687,1,0.9635343618513323,0.9149278755058361,0.635471761226654,0.019923836630094668,3.2447906337063275
21,688,1,0.9649368863955119,0.9228857524689734,0.6431532502174377,0.010204607638290678,2.1706025396470743
21,689,1,0.9663394109396914,0.9107999187402452,0.6368660926818848,0.016833920470525898,2.8690879555558015
21,690,1,0.967741935483871,0.923778447902216,0.6459605693817139,0.007522940577605602,1.8966726399196334
21,691,1,0.9691444600280504,0.909472853274749,0.6284262537956238,0.012217099402557162,1.9642466264804923
21,692,1,0.97054698457223,0.9272417729149792,0.6266618967056274,0.007611128790832707,1.278775629052499
21,693,1,0.9719495091164095,0.9103950558190027,0.6147262454032898,0.011020146412033164,1.353903731566028
21,694,1,0.9733520336605891,0.9173346897221766,0.6227089166641235,0.008506468735458565,1.2718001743364122
21,695,1,0.9747545582047685,0.8983734390376023,0.6131444573402405,0.021329607918113135,2.7076491715031894
21,696,1,0.9761570827489481,0.9293694918740184,0.6154184937477112,0.014251002216460924,1.8169262189484794
21,697,1,0.9775596072931276,0.9203371937017151,0.6052525043487549,0.008765530880299806,0.7373288718069069
21,698,1,0.9789621318373072,0.9297390974313446,0.5993276238441467,0.011045418655010342,0.8547297792769007
21,699,1,0.9803646563814866,0.9339287024819616,0.61503666639328,0.010881942947802984,1.345196271946353
21,700,1,0.9817671809256662,0.9506022407455272,0.6082640290260315,0.018666665350278805,2.1853396887094636
21,701,1,0.9831697054698457,0.9451636126651999,0.5957756042480469,0.011357554896835622,0.7813401176074632
21,702,1,0.9845722300140253,0.9540659377188759,0.603500485420227,0.010615570364879092,0.9323376543756987
21,703,1,0.9859747545582047,0.9534217841812911,0.5969200730323792,0.005675575024712726,0.04413417172841869
21,704,1,0.9873772791023843,0.9624929648271086,0.6131468415260315,0.008087616976396515,0.9025915870600438
21,705,1,0.9887798036465638,0.9591177342192949,0.6156149506568909,0.004145711456692066,0.44579520630956876
21,706,0,0.9901823281907434,0.9635816168825815,0.6194994449615479,0.003607513204409292,0.4992204611392319
21,707,0,0.9915848527349228,0.961876806478197,0.5928645133972168,0.0027226205024226896,-0.49078531641446255
21,708,0,0.9929873772791024,0.9651732562498047,0.6014872193336487,0.0019884010576472428,-0.30942378183279806
21,709,0,0.9943899018232819,0.9603773014651288,0.5970787405967712,0.0056520060153292225,0.04610025921799196
21,710,0,0.9957924263674615,0.9652115099873869,0.6059051156044006,0.002831402761060923,-0.050304165695727376
21,711,0,0.9971949509116409,0.9584892706506161,0.5870999693870544,0.008262401917501768,0.07623460792289022
21,712,0,0.9985974754558204,0.9624814042301305,0.5994465351104736,0.004701060366251623,-0.00624568445114998
