sequence,frame,valid,relative_phase,predicted_phase,feature_raw,time_raw,P3
03,8,0,0.011065006915629323,0.10085351217919034,0.2846192717552185,nan,nan
03,9,0,0.012448132780082987,0.10134779956812386,0.2828620970249176,nan,nan
03,10,0,0.013831258644536652,0.1027079945644933,0.28557896614074707,nan,nan
03,11,0,0.015214384508990318,0.10530392196845223,0.2836886942386627,nan,nan
03,12,0,0.016597510373443983,0.10872881595434584,0.2860003709793091,0.002583554861292417,-0.4436055376274402
03,13,0,0.017980636237897647,0.10847698702455587,0.2866750657558441,0.001207205257206228,-1.0160168807362722
03,14,0,0.019363762102351315,0.10674003315374837,0.28816360235214233,0.003156350747201939,-0.15634940801787334
03,15,0,0.02074688796680498,0.10670085598637695,0.28417885303497314,0.004203537561887139,0.209517542620609
03,16,0,0.022130013831258646,0.10691386713259689,0.2827487885951996,0.00433975992014837,0.23881891401871394
03,17,0,0.02351313969571231,0.10614570603896623,0.28151577711105347,0.0046541838083418,0.3479389079698613
03,18,0,0.024896265560165973,0.1052771989636317,0.2784888446331024,0.0049398706372789205,0.40883250595776155
03,19,0,0.02627939142461964,0.10520824154416199,0.2772325277328491,0.004643119509219457,0.25729170688518355
03,20,0,0.027662517289073305,0.10587667487936543,0.286245733499527,0.0036015325634622926,-0.005302955013258051
03,21,0,0.029045643153526972,0.10509093073094901,0.2885470688343048,0.004127978648570838,0.26499169541492107
03,22,0,0.030428769017980636,0.10418820660118898,0.2847667634487152,0.00476700895132656,0.4611975874094436
03,23,0,0.0318118948824343,0.10231011970949537,0.2875916063785553,0.006372847752409494,1.2015213546965513
03,24,0,0.03319502074688797,0.10138877655426844,0.2965901792049408,0.0065696604489697665,1.4658522554310898
03,25,0,0.034578146611341634,0.10010015963774482,0.28742715716362,0.006736302784219131,1.35295425566817
03,26,0,0.035961272475795295,0.09849410065528098,0.28871023654937744,0.007094668993381928,1.531263156192407
03,27,0,0.03734439834024896,0.09742857938932473,0.28945258259773254,0.006736663772861179,1.3937449975212317
03,28,0,0.03872752420470263,0.09648973460344715,0.2917778193950653,0.006455123478696101,1.3205382387124454
03,29,0,0.040110650069156296,0.09423826558621327,0.2918006479740143,0.007481832008224648,1.758092960377975
03,30,0,0.04149377593360996,0.0931408916333613,0.2902368903160095,0.007113732448193755,1.570008937867787
03,31,0,0.042876901798063624,0.0927862642291365,0.2856227159500122,0.006130057596938615,1.0586564578143032
03,32,0,0.04426002766251729,0.09058936747467637,0.2856486737728119,0.007166375561351687,1.5003649509796202
03,33,0,0.04564315352697095,0.09087227648758589,0.28559190034866333,0.005408374766249485,0.7507989146237999
03,34,0,0.04702627939142462,0.09051463872224276,0.28344348073005676,0.004924515256935766,0.5017025041321904
03,35,0,0.048409405255878286,0.09046338951654011,0.2826688289642334,0.004319201234858791,0.2284622759030262
03,36,0,0.04979253112033195,0.08830915260723442,0.2886620759963989,0.005892719466015381,1.0185955065127836
03,37,0,0.051175656984785614,0.08996397786114696,0.29126325249671936,0.003776862317600913,0.17000834631389106
03,38,0,0.05255878284923928,0.09115504568332558,0.2896455228328705,0.0022496980164539966,-0.5126027475080299
03,39,0,0.05394190871369295,0.09329056582706569,0.2868592143058777,0.001185695450143443,-1.021479510103623
03,40,0,0.05532503457814661,0.0949738427790489,0.28549182415008545,0.0007022032613672206,-1.254749382546624
03,41,0,0.056708160442600276,0.0973633307422976,0.28719326853752136,0.0014255186816622993,-0.9126781950772638
03,42,0,0.058091286307053944,0.09852501601430616,0.2883000671863556,0.0008749139019766337,-1.1248788452229042
03,43,0,0.059474412171507604,0.0997340117357769,0.28553035855293274,0.0004692029284269327,-1.3531705906609046
03,44,0,0.06085753803596127,0.10037121962738076,0.2830462157726288,0.00086978471346513,-1.2324729577670914
03,45,1,0.06224066390041494,0.1034940885844611,0.28244104981422424,0.0009037400315322656,-1.2301590180703719
03,46,1,0.0636237897648686,0.10680265718467716,0.283959299325943,0.002679619171207434,-0.4436594228104142
03,47,1,0.06500691562932227,0.11004962233821311,0.285286545753479,0.003857174032150609,0.08428567793992714
03,48,1,0.06639004149377593,0.11268462763249776,0.28855574131011963,0.003913276675826224,0.17376144446931668
03,49,1,0.0677731673582296,0.1140599220473923,0.28568360209465027,0.0022409626865919317,-0.5958114783352673
03,50,1,0.06915629322268327,0.1174799517794711,0.2790769338607788,0.0029887904557875126,-0.40999429863247844
03,51,1,0.07053941908713693,0.11984986954647903,0.2786175310611725,0.0026893845740969284,-0.5466764348188038
03,52,1,0.07192254495159059,0.12230262690707865,0.28616809844970703,0.0026920801326300895,-0.3940382934974949
03,53,1,0.07330567081604426,0.12397027489720742,0.280549019575119,0.001955228304113657,-0.8204736207419027
03,54,1,0.07468879668049792,0.1230177630455923,0.2798691391944885,0.0014748717599552793,-1.038614736411878
03,55,1,0.07607192254495158,0.12320113326209421,0.282496839761734,0.002675954359983632,-0.47456164039713133
03,56,1,0.07745504840940526,0.1220211182163588,0.2829434871673584,0.004693785334622847,0.3934431303529012
03,57,1,0.07883817427385892,0.12178584411530811,0.2836708128452301,0.004858682262993586,0.4782367457905813
03,58,1,0.08022130013831259,0.12192663982661987,0.2804934084415436,0.004171778856206993,0.12205422837577974
03,59,1,0.08160442600276625,0.12182456931376778,0.28073960542678833,0.004001068564315963,0.05431795324144113
03,60,1,0.08298755186721991,0.11946206684524878,0.28741762042045593,0.006019430045753363,1.047571422372154
03,61,1,0.08437067773167359,0.11893330772162476,0.288618803024292,0.005908426326599878,1.0244141223678145
03,62,1,0.08575380359612725,0.1181740130547218,0.28809380531311035,0.005954586895082004,1.0335326098192485
03,63,1,0.08713692946058091,0.11533108746431778,0.288474977016449,0.007859355792511496,1.852090224537566
03,64,1,0.08852005532503458,0.11266618226456818,0.29279837012290955,0.008900890529898602,2.3822410922808963
03,65,1,0.08990318118948824,0.11098244988624181,0.2937811613082886,0.008885651763054832,2.3954717503288476
03,66,1,0.0912863070539419,0.1080986720380766,0.29243695735931396,0.0097817151523743,2.749980001240586
03,67,1,0.09266943291839558,0.1054007746603094,0.29091230034828186,0.009960777275980198,2.7956215272498297
03,68,1,0.09405255878284924,0.10375588185542899,0.2881663739681244,0.009123091879858516,2.3839041151280904
03,69,1,0.0954356846473029,0.10155191747176419,0.28690263628959656,0.009099481161238512,2.3484974528681293
03,70,1,0.09681881051175657,0.10295596988231716,0.2866421937942505,0.0053377956470661405,0.7418240652957738
03,71,1,0.09820193637621023,0.10282979755651242,0.2854347825050354,0.004178292433931,0.22396833215719444
03,72,1,0.0995850622406639,0.10277020283977235,0.28499963879585266,0.0035951428747218296,-0.033024194719729255
03,73,1,0.10096818810511757,0.1003123671652357,0.2832467257976532,0.005806558795344347,0.8732639447376819
03,74,1,0.10235131396957123,0.09816300964729953,0.28427162766456604,0.007646028736648378,1.6769375441510475
03,75,1,0.1037344398340249,0.09762604769003304,0.28460219502449036,0.006984750635160461,1.4020464713176444
03,76,1,0.10511756569847856,0.09762200290198379,0.2879098653793335,0.0056878579565898925,0.9162886444154205
03,77,1,0.10650069156293222,0.0970930214921449,0.28402459621429443,0.004929789381981628,0.5156070294988715
03,78,1,0.1078838174273859,0.09674834955780247,0.2863955795764923,0.004469624898051358,0.3672731113286016
03,79,1,0.10926694329183956,0.09808334009407478,0.29219022393226624,0.0027809693394047737,-0.23537110563197214
03,80,1,0.11065006915629322,0.09919268639546223,0.29337531328201294,0.0017859461390277416,-0.6352015297298957
03,81,1,0.11203319502074689,0.0997282922483933,0.28828948736190796,0.0016430111594662985,-0.798092001195627
03,82,1,0.11341632088520055,0.09954761092078708,0.2877187728881836,0.0024825101761346393,-0.45214580285301814
03,83,1,0.11479944674965421,0.09912208124952927,0.28800997138023376,0.0036078551881385925,0.032785483112178326
03,84,1,0.11618257261410789,0.09779670673622398,0.28696468472480774,0.005192914990307493,0.6866148632545971
03,85,1,0.11756569847856155,0.0956780032744061,0.28535154461860657,0.0069626235373158015,1.4076609384865977
03,86,1,0.11894882434301521,0.09350463057627044,0.2868075668811798,0.008123423991954672,1.9310569397462822
03,87,1,0.12033195020746888,0.0918123357288539,0.2844788432121277,0.008304973753242042,1.9616251521242138
03,88,1,0.12171507607192254,0.09190263440553662,0.2874965965747833,0.006387238696390488,1.2057417301055742
03,89,1,0.12309820193637622,0.09376150784289816,0.28727859258651733,0.0032658930904402063,-0.12747073019883232
03,90,1,0.12448132780082988,0.09394872699531724,0.2856217920780182,0.002388504166061037,-0.5342393310802757
03,91,1,0.12586445366528354,0.09314399233588233,0.28975242376327515,0.0033042629302576622,-0.06150205076995348
03,92,1,0.1272475795297372,0.09130711904876884,0.2944141924381256,0.0054740503691282335,0.9557645182643149
03,93,1,0.12863070539419086,0.08923039904734803,0.2924076020717621,0.007401891531357116,1.7362378109238927
03,94,1,0.13001383125864455,0.08896276826626702,0.28952860832214355,0.0065367451135505935,1.3101597299314307
03,95,1,0.1313969571230982,0.08753406416387585,0.2875882387161255,0.006718959533679206,1.3488026345169672
03,96,1,0.13278008298755187,0.0881975438674505,0.2898155450820923,0.004652997787102956,0.5139561214982219
03,97,1,0.13416320885200553,0.08584262237976573,0.2907426655292511,0.006230525479458124,1.204152213204323
03,98,1,0.1355463347164592,0.08533819126225811,0.2910640239715576,0.005888012430070169,1.0647830057815042
03,99,1,0.13692946058091288,0.08396316562089626,0.28461259603500366,0.006356893820429793,1.1349600677682676
03,100,1,0.13831258644536654,0.08502445489267987,0.28889623284339905,0.004402879912901278,0.38902980192914677
03,101,1,0.1396957123098202,0.08677413420083441,0.28752607107162476,0.002016377210533663,-0.6544570769368302
03,102,1,0.14107883817427386,0.08735255662137603,0.28324994444847107,0.0015143838957796503,-0.9539627057747753
03,103,1,0.14246196403872752,0.08931606749760347,0.2860082983970642,0.00031782899284768865,-1.4080253071043367
03,104,1,0.14384508990318118,0.09140044161776971,0.2906269431114197,0.0006916842916577541,-1.156199285466963
03,105,1,0.14522821576763487,0.09170403516096826,0.29213377833366394,0.0006192857024191634,-1.1567889192462872
03,106,1,0.14661134163208853,0.09432423766564366,0.2890349328517914,0.0007890084182257976,-1.1467071045585686
03,107,1,0.1479944674965422,0.09595115881061846,0.2867904007434845,0.0006730093021336562,-1.2411240646502095
03,108,1,0.14937759336099585,0.09817223696422825,0.288841187953949,0.0012353146274897446,-0.9605900612382228
03,109,1,0.1507607192254495,0.1010210668854663,0.2877783477306366,0.0023911957121131337,-0.4898254829041296
03,110,1,0.15214384508990317,0.10165059098482061,0.2877870202064514,0.0010950906352634703,-1.041437347390274
03,111,1,0.15352697095435686,0.10381086636087351,0.2888352572917938,0.0010620307980934067,-1.0344805137952418
03,112,1,0.15491009681881052,0.10461740316499324,0.28831732273101807,0.0005338855197250308,-1.2697173499046006
03,113,1,0.15629322268326418,0.10755535373018939,0.28410035371780396,0.0011884178581624853,-1.0756728224311587
03,114,1,0.15767634854771784,0.10965582321444264,0.2911326587200165,0.0016553156312349463,-0.7358097862403441
03,115,1,0.1590594744121715,0.11209569395173889,0.2907990515232086,0.002093878311125677,-0.5557954889462103
03,116,1,0.16044260027662519,0.11430600618262024,0.2858274579048157,0.002232983644290673,-0.5963221190157537
03,117,1,0.16182572614107885,0.11576875890846591,0.2870553135871887,0.0012735856157296303,-0.9801279338015261
03,118,1,0.1632088520055325,0.11653838200194615,0.28510987758636475,0.0006440303720307693,-1.2871782774330656
03,119,1,0.16459197786998617,0.1173831740891127,0.28387993574142456,0.0008859901950686007,-1.2088465455844772
03,120,1,0.16597510373443983,0.1174086689708882,0.2827419936656952,0.0021823653476365475,-0.6797767679185772
03,121,1,0.1673582295988935,0.11865599855272987,0.28064727783203125,0.0017107014628618663,-0.9226036975500475
03,122,1,0.16874135546334718,0.1183026510443847,0.2836107611656189,0.0027858588822730042,-0.40542328078185386
03,123,1,0.17012448132780084,0.11693118193980327,0.28312790393829346,0.004598395247464093,0.35653311293697154
03,124,1,0.1715076071922545,0.11808836224262706,0.28317365050315857,0.003328216907312967,-0.18329722613050697
03,125,1,0.17289073305670816,0.11681461420106865,0.28120651841163635,0.004771888266806104,0.391843975352976
03,126,1,0.17427385892116182,0.11703100694198872,0.28289321064949036,0.004095149437970705,0.13757943497638025
03,127,1,0.17565698478561548,0.11694128874675125,0.28541696071624756,0.0038669566076091734,0.09106695293591291
03,128,1,0.17704011065006917,0.11553872545867225,0.28821444511413574,0.005272046597425165,0.7453777884331446
03,129,1,0.17842323651452283,0.1153875357449972,0.28899094462394714,0.0047858271151115074,0.5539606986504735
03,130,1,0.1798063623789765,0.11533679953518651,0.28996479511260986,0.0044797937109043425,0.4432130849155146
03,131,1,0.18118948824343015,0.11538007173017333,0.2921278178691864,0.0040129696642169895,0.2878716054515339
03,132,1,0.1825726141078838,0.11479268669995511,0.2990054488182068,0.004210050440290711,0.50976318395932
03,133,1,0.1839557399723375,0.11560748863530909,0.2996582090854645,0.003208738815257459,0.09657524503339576
03,134,1,0.18533886583679116,0.11600534546789955,0.29553061723709106,0.0028658702052449777,-0.13220670818039224
03,135,1,0.18672199170124482,0.11451824611601642,0.29451048374176025,0.004520106040306349,0.5515773798931991
03,136,1,0.18810511756569848,0.11215778632080962,0.29066064953804016,0.006665109431973929,1.3875204543340762
03,137,1,0.18948824343015214,0.10983405914995327,0.29840055108070374,0.00833011150804391,2.2516447007273612
03,138,1,0.1908713692946058,0.10867116113006389,0.2965664267539978,0.008049652156594336,2.095446916351395
03,139,1,0.19225449515905949,0.10934901316776523,0.29084283113479614,0.005538254034434084,0.9114438042361519
03,140,1,0.19363762102351315,0.1076034417881225,0.29796257615089417,0.005991517177014,1.2472565712294905
03,141,1,0.1950207468879668,0.1094521856128025,0.29579222202301025,0.00321016832690452,0.01961871564993256
03,142,1,0.19640387275242047,0.10945890689757898,0.2960468530654907,0.002901997550098065,-0.10646887031194657
03,143,1,0.19778699861687413,0.10954568786376945,0.29310786724090576,0.00301215302578636,-0.11853905005795373
03,144,1,0.1991701244813278,0.10983169934125825,0.2936064600944519,0.0027753102222986244,-0.20936573021796165
03,145,1,0.20055325034578148,0.1087577605765291,0.2908145487308502,0.004406313375311705,0.4289795872826515
03,146,1,0.20193637621023514,0.10738941177407141,0.2904200851917267,0.005601055918701037,0.9296984606377567
03,147,1,0.2033195020746888,0.10651486041760332,0.2894381582736969,0.005958233494292237,1.0620574459453562
03,148,1,0.20470262793914246,0.10570325173521218,0.2887817919254303,0.006012135315141856,1.071835876681536
03,149,1,0.20608575380359612,0.10396855954826544,0.29439130425453186,0.006714715600577068,1.483488972691217
03,150,1,0.2074688796680498,0.10273806084853007,0.29565325379371643,0.0067479140432465225,1.5229415038169087
03,151,1,0.20885200553250347,0.10469845656615827,0.2915322184562683,0.003886487648449389,0.222075109823252
03,152,1,0.21023513139695713,0.10728731608163844,0.2907317578792572,0.0019956050763927247,-0.5989831217656026
03,153,1,0.21161825726141079,0.10990581192697564,0.29012277722358704,0.0016407596428391095,-0.7622683772520551
03,154,1,0.21300138312586445,0.11079050428095057,0.2949797809123993,0.0013171835297467148,-0.8025748592619812
03,155,1,0.2143845089903181,0.11090376484882669,0.2899806499481201,0.0010878023110359675,-1.0005283564538894
03,156,1,0.2157676348547718,0.11123621864948706,0.2959468364715576,0.002077584658099288,-0.4594497021086855
03,157,1,0.21715076071922546,0.10947044736460831,0.2926866114139557,0.0048305815849401775,0.6471617426541025
03,158,1,0.21853388658367912,0.10740404341809856,0.2893959581851959,0.006788144390858103,1.4145255622910258
03,159,1,0.21991701244813278,0.10518019664857206,0.2903784513473511,0.008165375944671604,2.020561312610646
03,160,1,0.22130013831258644,0.10221161438402007,0.29286372661590576,0.009703066159159928,2.7250595372926494
03,161,1,0.22268326417704012,0.10187342661469052,0.2928251624107361,0.007785102862122734,1.9077586159910533
03,162,1,0.22406639004149378,0.10134709348244166,0.28994426131248474,0.006412180806892151,1.265468884086894
03,163,1,0.22544951590594745,0.10065222970343084,0.29125332832336426,0.005592807101988753,0.9429044707841063
03,164,1,0.2268326417704011,0.10089419729757251,0.293875128030777,0.004218847771561782,0.41057640833368614
03,165,1,0.22821576763485477,0.09975534246980285,0.2928469181060791,0.005028348327719545,0.7345725310485058
03,166,1,0.22959889349930843,0.10027058780165761,0.29816344380378723,0.0039835819596428625,0.3964560814532866
03,167,1,0.23098201936376211,0.09713369191548135,0.2963202893733978,0.006851351425623109,1.5803605529676215
03,168,1,0.23236514522821577,0.0952440666690694,0.2978766858577728,0.007861342225047693,2.041566790712087
03,169,1,0.23374827109266944,0.09325402951315512,0.2994442880153656,0.008438846723836196,2.3188771120609935
03,170,1,0.2351313969571231,0.09253163515895778,0.2982980012893677,0.007535912838871614,1.9114760298973879
03,171,1,0.23651452282157676,0.09053087069023649,0.29487189650535583,0.007601939146917922,1.8708456122121329
03,172,1,0.23789764868603042,0.08950552177175386,0.30160653591156006,0.0069765827590893255,1.7397352515640225
03,173,1,0.2392807745504841,0.08934534675584252,0.30255216360092163,0.005702121550671802,1.2161363200037245
03,174,1,0.24066390041493776,0.08949161959323067,0.3038318157196045,0.004578678023955504,0.7635312579638884
03,175,1,0.24204702627939143,0.08987585977886042,0.3109467327594757,0.003434433946893992,0.4191465114054608
03,176,1,0.24343015214384509,0.08922411184096181,0.3109249174594879,0.003922429156948568,0.6264611579012922
03,177,1,0.24481327800829875,0.08778147799387087,0.3073132336139679,0.005294710521341489,1.1382143569879948
03,178,1,0.24619640387275243,0.08502580637507177,0.305983304977417,0.007659414949647667,2.1182479608450833
03,179,1,0.2475795297372061,0.08405653600869063,0.30577027797698975,0.007512232011489106,2.0513142701594327
03,180,1,0.24896265560165975,0.08089042398086453,0.3094496428966522,0.009223513096772742,2.8536722534910104
03,181,1,0.2503457814661134,0.08250986043230248,0.3067365884780884,0.005611982101431743,1.2617156735333073
03,182,1,0.2517289073305671,0.08162459666779791,0.31296926736831665,0.005088014054422938,1.1636979149763405
03,183,1,0.25311203319502074,0.08100336780206675,0.3139428496360779,0.00485894049333564,1.0857087398950127
03,184,1,0.2544951590594744,0.08091961639469938,0.31179171800613403,0.004179399849047053,0.7532513347791655
03,185,1,0.25587828492392806,0.08254302150351953,0.31084734201431274,0.0026566045934979833,0.08601006828872554
03,186,1,0.2572614107883817,0.08270689459185217,0.30981191992759705,0.0024077100231572586,-0.04072502508593223
03,187,1,0.25864453665283543,0.08510405858233776,0.3100318908691406,0.0007613117043303065,-0.7372265135535625
03,188,1,0.2600276625172891,0.08769033811669717,0.3118419945240021,0.0012799863256064718,-0.4800961901131954
03,189,1,0.26141078838174275,0.08918960966451261,0.310963898897171,0.0010865774429224566,-0.5800530591032638
03,190,1,0.2627939142461964,0.09086949920281942,0.30911189317703247,0.001104819940980997,-0.6094444086309319
03,191,1,0.2641770401106501,0.09270660781548398,0.30465081334114075,0.0009012774009037076,-0.7856025319451502
03,192,1,0.26556016597510373,0.09393074368167516,0.3071295917034149,0.0003310988303104577,-0.9786095854813529
03,193,1,0.2669432918395574,0.09543099298383084,0.30739009380340576,0.0002395128947415186,-1.0123735403612195
03,194,1,0.26832641770401106,0.09947823298393793,0.30464592576026917,0.002651818039997064,-0.04044961295219118
03,195,1,0.2697095435684647,0.1005344733097346,0.3097500503063202,0.001746145562213499,-0.3236116556746688
03,196,1,0.2710926694329184,0.10116519861641197,0.3116585612297058,0.001225960797846216,-0.5067765798532081
03,197,1,0.27247579529737204,0.09916502192320817,0.30678340792655945,0.0035791565732591736,0.39722798549021154
03,198,1,0.27385892116182575,0.09586156209608773,0.30192261934280396,0.007816123635223948,2.103491512471152
03,199,1,0.2752420470262794,0.09547007823463477,0.3013271391391754,0.0073034397747143405,1.8732811721702651
03,200,1,0.2766251728907331,0.09432867649775256,0.3001207709312439,0.007178742742821623,1.7959904503880657
03,201,1,0.27800829875518673,0.0989165482631462,0.29785826802253723,0.0027437389309225447,-0.13750044079348553
03,202,1,0.2793914246196404,0.10409820551717862,0.3056798577308655,0.004362035221284785,0.7083788777681077
03,203,1,0.28077455048409405,0.11358418003321014,0.3074148893356323,0.01178884888204357,3.9049786460014384
03,204,1,0.2821576763485477,0.1206303410315125,0.3042716681957245,0.014306484430702095,4.913738094520859
03,205,1,0.2835408022130014,0.1305564249747573,0.30855122208595276,0.0176571522405069,6.42606779967269
03,206,1,0.28492392807745504,0.14202465614637802,0.3100605905056,0.021215414234224905,7.971196254801488
03,207,1,0.2863070539419087,0.15119140980050688,0.29999786615371704,0.020900555231053858,7.63525938009742
03,208,1,0.28769017980636236,0.16264971962390315,0.29587307572364807,0.02295705761262598,8.428008681897884
03,209,1,0.28907330567081607,0.1766636176503306,0.28615429997444153,0.026466110990955777,9.726912223504021
03,210,1,0.29045643153526973,0.19010627545877512,0.2782014012336731,0.02838197063050696,10.382981097098204
03,211,1,0.2918395573997234,0.20665451811875196,0.2661402225494385,0.032909808462384504,12.068611125625079
03,212,1,0.29322268326417705,0.2233992822805539,0.2754271328449249,0.03578879554462516,13.480598933872741
03,213,1,0.2946058091286307,0.24166589358160645,0.2924262285232544,0.03886801618151504,15.132564597662926
03,214,1,0.2959889349930844,0.26176943879678766,0.29887425899505615,0.042720992413877286,16.902247310929738
03,215,1,0.29737206085753803,0.27974546809134615,0.30662596225738525,0.042781230873932714,17.083418455236973
03,216,1,0.2987551867219917,0.2977845173041868,0.30755138397216797,0.04254754259362476,17.002498405624866
03,217,1,0.30013831258644535,0.3152411432636444,0.31913524866104126,0.041407859797174075,16.749718106335347
03,218,1,0.301521438450899,0.33031513054469636,0.31553903222084045,0.038088034657716596,15.26422905289068
03,219,1,0.3029045643153527,0.3413985941287484,0.31390243768692017,0.032035075304791466,12.654490021342339
03,220,1,0.30428769017980634,0.35277955998396154,0.3144330382347107,0.028002759650654047,10.948473365075175
03,221,1,0.30567081604426005,0.3623166946854258,0.31360599398612976,0.023791133682174642,9.138880549783977
03,222,1,0.3070539419087137,0.36988636984696416,0.3121049702167511,0.019591920988267647,7.3210500235371505
03,223,1,0.3084370677731674,0.37778815787447,0.396917462348938,0.017600899190206548,8.175052687522413
03,224,1,0.30982019363762103,0.38226466770388784,0.4002816379070282,0.012980018083193936,6.2753196519424295
03,225,1,0.3112033195020747,0.3846676930220366,0.39834168553352356,0.008011766471361152,4.121282693938736
03,226,1,0.31258644536652835,0.3870868645145786,0.4005492031574249,0.004843188379750399,2.81662650452926
03,227,1,0.313969571230982,0.38675712763630926,0.39759084582328796,0.0014886513803689504,1.3291573696529637
03,228,1,0.3153526970954357,0.38690828887883805,0.40212559700012207,0.0018777533633535211,1.585791108562329
03,229,1,0.31673582295988933,0.38715524543205865,0.39904385805130005,0.002791702103870472,1.9130526428759018
03,230,1,0.318118948824343,0.38742322678559904,0.3986644446849823,0.0031456088528355993,2.0561076633630035
03,231,1,0.31950207468879666,0.3885271652204157,0.4001568555831909,0.002125760985774075,1.6518746649532843
03,232,1,0.32088520055325037,0.3891139444276291,0.3993018567562103,0.0019814911745872884,1.5733009871233077
03,233,1,0.32226832641770403,0.3894948248436423,0.4016353189945221,0.002152024645771797,1.6927188968053306
03,234,1,0.3236514522821577,0.38986377910972336,0.4049588441848755,0.002367965232586697,1.851331901331144
03,235,1,0.32503457814661135,0.39073042427942595,0.4041357934474945,0.002111458143915193,1.7256168654928101
03,236,1,0.326417704011065,0.39047764607688357,0.4042319059371948,0.00291505111121011,2.069655780385865
03,237,1,0.3278008298755187,0.39028292338579873,0.39978888630867004,0.003450699214608566,2.2085528170897275
03,238,1,0.32918395573997233,0.39016034362512897,0.40136653184890747,0.0037703036108174383,2.3762698178017785
03,239,1,0.330567081604426,0.38968583695089076,0.40299224853515625,0.004318951413907046,2.64246106731608
03,240,1,0.33195020746887965,0.3893470400167812,0.40150371193885803,0.004396601515882792,2.6456535414635542
03,241,1,0.3333333333333333,0.38882771879851213,0.40490347146987915,0.004633271219126292,2.8146209988581643
03,242,1,0.334716459197787,0.3879065801942124,0.4025190472602844,0.005190608676604353,3.00405432592582
03,243,1,0.3360995850622407,0.38910316180394855,0.4013312757015228,0.0034305862091391056,2.230935865189877
03,244,1,0.33748271092669435,0.3899031030653916,0.3996046781539917,0.00248497616096052,1.7937233751167012
03,245,1,0.338865836791148,0.39156376218457245,0.4034039080142975,0.0010752715589249263,1.269800947563884
03,246,1,0.34024896265560167,0.3920704939273661,0.4040558934211731,0.0011406119076536577,1.3106991334064417
03,247,1,0.34163208852005533,0.39339383690877155,0.4006810784339905,0.0008582473595366265,1.122778658287592
03,248,1,0.343015214384509,0.3954038450157383,0.39854326844215393,0.0004374152126520193,0.9007275120093237
03,249,1,0.34439834024896265,0.3992193092150094,0.3833352327346802,0.0025193706829088084,1.4819445167770349
03,250,1,0.3457814661134163,0.40360718355897496,0.3778403699398041,0.004993358269265172,2.4249397965697033
03,251,1,0.34716459197787,0.40768275318360986,0.360453724861145,0.006184755485997786,2.5833123765380757
03,252,1,0.34854771784232363,0.4135854288089225,0.3511355221271515,0.00851520204260087,3.388489021230344
03,253,1,0.3499308437067773,0.4199840971842597,0.34920912981033325,0.010368474469642012,4.13882550208915
03,254,1,0.35131396957123096,0.42580274084791814,0.325546532869339,0.010995921140987911,3.9311922072114736
03,255,1,0.35269709543568467,0.4313951192417643,0.31748124957084656,0.01103941021259822,3.7878890856164795
03,256,1,0.35408022130013833,0.43691379921480183,0.28184816241264343,0.010629998671097155,2.8986685493986966
03,257,1,0.355463347164592,0.442365099360951,0.29220935702323914,0.010249206215776466,2.944436734085561
03,258,1,0.35684647302904565,0.4478039798931343,0.26917317509651184,0.010092836203786985,2.415680214024046
03,259,1,0.3582295988934993,0.4524162418823268,0.28109118342399597,0.009204788431675468,2.2767316130219117
03,260,1,0.359612724757953,0.4567882570899734,0.28348708152770996,0.008321522979181376,1.9487724114967473
03,261,1,0.36099585062240663,0.4606762539148852,0.3165586292743683,0.007240905335300338,2.1522551476965495
03,262,1,0.3623789764868603,0.46456510876889373,0.32632479071617126,0.006551971550825294,2.0549010718605145
03,263,1,0.36376210235131395,0.46816683009257193,0.3402235209941864,0.005963410655563636,2.0831920277732507
03,264,1,0.3651452282157676,0.47112080801484946,0.34632807970046997,0.0049797415252798875,1.786896947387349
03,265,1,0.3665283540802213,0.47353557998357965,0.3453693985939026,0.003811375762791061,1.2702585851610837
03,266,1,0.367911479944675,0.4755264158474514,0.3453352749347687,0.002587380109489254,0.7484869512615296
03,267,1,0.36929460580912865,0.47690482241293114,0.34113091230392456,0.0012546474271873352,0.09675365874558706
03,268,1,0.3706777316735823,0.47802001891725676,0.345343679189682,0.0005069309562929624,-0.13704610281279117
03,269,1,0.37206085753803597,0.4787926080955009,0.34460410475730896,0.0007960552177923271,-0.028796763533426972
03,270,1,0.37344398340248963,0.47916902787089216,0.34847205877304077,0.0017338924703813848,0.44806968215416676
03,271,1,0.3748271092669433,0.4791308047863231,0.34860560297966003,0.0026827685608106612,0.8547104362865573
03,272,1,0.37621023513139695,0.4789652146618605,0.3408842086791992,0.0034048542786212334,1.007203279363694
03,273,1,0.3775933609958506,0.47904316600573427,0.3503326177597046,0.0035632018708983805,1.2641838536992145
03,274,1,0.3789764868603043,0.47917992218221456,0.35123124718666077,0.003489085171976489,1.250660057788491
03,275,1,0.38035961272475793,0.4793771533649271,0.3472547233104706,0.003294577567094556,1.0880702161974316
03,276,1,0.3817427385892116,0.47960559461239555,0.3386663496494293,0.0031277234642770853,0.8447234912237159
03,277,1,0.3831258644536653,0.47972167355843653,0.3372693955898285,0.0031717395058697946,0.8354345286421875
03,278,1,0.38450899031811897,0.479777193887074,0.3370148837566376,0.0032858460654079354,0.8789062882859537
03,279,1,0.38589211618257263,0.4798582246346253,0.34382691979408264,0.0033541332440714918,1.0446509989952655
03,280,1,0.3872752420470263,0.4798298336344623,0.3482726514339447,0.003502792061659027,1.1971357466908688
03,281,1,0.38865836791147995,0.47956425900547117,0.3469415307044983,0.0038244264461668705,1.307357025940998
03,282,1,0.3900414937759336,0.4795418664891829,0.35403090715408325,0.003807465324213802,1.442373713841292
03,283,1,0.3914246196403873,0.4794763551232895,0.3501104712486267,0.003814144840634412,1.3665598162896373
03,284,1,0.39280774550484093,0.4794529078520669,0.34484630823135376,0.0037421247340230753,1.2302816021112442
03,285,1,0.3941908713692946,0.47937320429002306,0.34577828645706177,0.003727596850468068,1.2427954175675155
03,286,1,0.39557399723374825,0.4792953082219291,0.34125763177871704,0.003757729239699981,1.164923551504658
03,287,1,0.3969571230982019,0.47930577743747205,0.33746567368507385,0.0036856204573436054,1.0581451229530594
03,288,1,0.3983402489626556,0.47914881232279216,0.3421058654785156,0.003799941150569125,1.1999127772835907
03,289,1,0.3997233748271093,0.47885757000596707,0.3411731421947479,0.004015159585075531,1.272823235180673
03,290,1,0.40110650069156295,0.4786005240030674,0.3429383337497711,0.004143297016961198,1.3627905599729533
03,291,1,0.4024896265560166,0.47853158110939303,0.3401697874069214,0.004038543855920143,1.262647754251249
03,292,1,0.40387275242047027,0.478302769825075,0.33960336446762085,0.004073806058218399,1.2662953881266616
03,293,1,0.40525587828492393,0.47815646760809366,0.3417929708957672,0.004008597650770479,1.2824655616109242
03,294,1,0.4066390041493776,0.47800510646034283,0.34107425808906555,0.003984683199052955,1.2578646816048038
03,295,1,0.40802213001383125,0.47780455739726435,0.34084928035736084,0.004036377876450292,1.2753586255379294
03,296,1,0.4094052558782849,0.47767264958158157,0.3369297683238983,0.0039865297641009075,1.175497972550544
03,297,1,0.4107883817427386,0.4777960999263331,0.3412504494190216,0.0037055493584759987,1.1425651069025569
03,298,1,0.41217150760719223,0.477655729165187,0.3394465744495392,0.0037558281991819627,1.1277781369836832
03,299,1,0.4135546334716459,0.47750242439611534,0.34347590804100037,0.003821788644464666,1.236701633313562
03,300,1,0.4149377593360996,0.47753509474169975,0.34395480155944824,0.0037135850485930074,1.200244794737327
03,301,1,0.41632088520055327,0.47756430486592377,0.34487736225128174,0.003649986214398504,1.1916788733890717
03,302,1,0.41770401106500693,0.4775930098762588,0.3441421091556549,0.0035633324389612005,1.1400363651355438
03,303,1,0.4190871369294606,0.47766225174716503,0.3453980088233948,0.003478410745822888,1.1290806805490239
03,304,1,0.42047026279391425,0.47784243870204923,0.3434660732746124,0.0033381806287011125,1.0306197201762293
03,305,1,0.4218533886583679,0.47803430173114164,0.336235374212265,0.0032231535896960735,0.8365767947858975
03,306,1,0.42323651452282157,0.4783091563688871,0.3453807234764099,0.0030657981682550824,0.9530738996875411
03,307,1,0.42461964038727523,0.4783245215378091,0.3471432328224182,0.0032294696224901805,1.058115173690935
03,308,1,0.4260027662517289,0.47851871065293977,0.3455186188220978,0.0032008479550204834,1.0133347885746793
03,309,1,0.42738589211618255,0.4783995507544338,0.341217964887619,0.0034890758412491037,1.0497549107694693
03,310,1,0.4287690179806362,0.47851238944503716,0.3465723693370819,0.003467549406468801,1.1480184692817759
03,311,1,0.43015214384508993,0.4784275853540809,0.34026795625686646,0.003603161766462565,1.0792638077029466
03,312,1,0.4315352697095436,0.47825677460663935,0.339450478553772,0.003799738467972072,1.146550217891225
03,313,1,0.43291839557399725,0.4780290353765597,0.3383214771747589,0.003961993686476592,1.1929748287160034
03,314,1,0.4343015214384509,0.47799118634098403,0.34123608469963074,0.00390721387758376,1.2281307663524064
03,315,1,0.43568464730290457,0.4780096036873432,0.3402842879295349,0.003758495755211336,1.1457212235005638
03,316,1,0.43706777316735823,0.47788744265056493,0.33589962124824524,0.0037761613753051456,1.0652703183289292
03,317,1,0.4384508990318119,0.477625814382278,0.3393690884113312,0.003945456654573448,1.2069532963981988
03,318,1,0.43983402489626555,0.47755473733816595,0.3336159884929657,0.003915728450115103,1.0788700820595145
03,319,1,0.4412171507607192,0.4775049841897529,0.3322678506374359,0.003856369347823627,1.0265510366466681
03,320,1,0.4426002766251729,0.4772472143802265,0.3331504166126251,0.003987984282952464,1.1002902950341718
03,321,1,0.44398340248962653,0.4773570775527707,0.3318333923816681,0.003718064042823652,0.9589541077893639
03,322,1,0.44536652835408025,0.47735055198074167,0.3397022783756256,0.0036574054074758446,1.0910072854397461
03,323,1,0.4467496542185339,0.4772641320508571,0.33719193935394287,0.003692778998004337,1.0557006409804472
03,324,1,0.44813278008298757,0.4771568351809795,0.33467957377433777,0.003739862833157981,1.025338694461818
03,325,1,0.44951590594744123,0.47707884822620333,0.33913519978523254,0.0037952549881224125,1.1383158974744056
03,326,1,0.4508990318118949,0.47693393078835006,0.34305375814437866,0.0038706150943338515,1.2490185401615441
03,327,1,0.45228215767634855,0.47693817370810726,0.34479042887687683,0.003762216876478747,1.2377142195130721
03,328,1,0.4536652835408022,0.47692221974961313,0.347461462020874,0.0036966812492854164,1.263404176766779
03,329,1,0.45504840940525587,0.4768516804762345,0.34918490052223206,0.003708566664822455,1.3030422635353702
03,330,1,0.45643153526970953,0.4769311641612409,0.34647494554519653,0.0035722910423238415,1.1906550667107472
03,331,1,0.4578146611341632,0.4769143262981569,0.3467566967010498,0.003588437248630558,1.2031818349178502
03,332,1,0.45919778699861685,0.4770854994096493,0.3453196883201599,0.0034113022846505832,1.098939470712041
03,333,1,0.4605809128630705,0.47723315579731795,0.34599539637565613,0.0033044658119909228,1.0670134345577755
03,334,1,0.46196403872752423,0.47737677917662047,0.34020543098449707,0.0032562112629592995,0.9303034210428971
03,335,1,0.4633471645919779,0.47747266285523954,0.34299910068511963,0.0032717313381850884,0.9929614276282202
03,336,1,0.46473029045643155,0.4774333256607851,0.3461003601551056,0.003450652671910204,1.1313549456211212
03,337,1,0.4661134163208852,0.47730828917936985,0.35063448548316956,0.003662645716109425,1.3125762157183176
03,338,1,0.46749654218533887,0.4773230323962236,0.34777384996414185,0.003666685844768644,1.2569019334380818
03,339,1,0.46887966804979253,0.4772684169909323,0.3366134464740753,0.003707864554960719,1.0505163838175804
03,340,1,0.4702627939142462,0.4772972625468514,0.33824244141578674,0.0036279575329648235,1.049181161327815
03,341,1,0.47164591977869985,0.4775263064434692,0.3412249982357025,0.0033648978578635887,0.9970302055072079
03,342,1,0.4730290456431535,0.47773443963453227,0.3436494767665863,0.0032112689828253634,0.9802698200606275
03,343,1,0.47441217150760717,0.4777329982781557,0.337273508310318,0.0033155621487791194,0.8967461085753884
03,344,1,0.47579529737206083,0.47796510710059614,0.33982446789741516,0.0031995986481445056,0.8985585078223715
03,345,1,0.47717842323651455,0.4780073232088517,0.3342178165912628,0.003324343678325123,0.8391768608483398
03,346,1,0.4785615491009682,0.47795515837792313,0.333894282579422,0.0034967627005993264,0.9060889382405539
03,347,1,0.47994467496542187,0.4779188342349233,0.3406270742416382,0.0035882665294468376,1.0801276677346137
03,348,1,0.48132780082987553,0.4777757102496513,0.34197521209716797,0.0037778495039107575,1.1878864249114307
03,349,1,0.4827109266943292,0.47776625299834313,0.3331853449344635,0.0037399575424827388,0.9953996013365262
03,350,1,0.48409405255878285,0.4778014196804563,0.33643868565559387,0.003644523307742423,1.0200440483561486
03,351,1,0.4854771784232365,0.4778267656064259,0.33675482869148254,0.003580742707406129,0.9992339028225066
03,352,1,0.48686030428769017,0.47796913920088024,0.3375020921230316,0.0034153519558274255,0.9438154261662037
03,353,1,0.48824343015214383,0.4781608411153634,0.33164355158805847,0.003272007279151526,0.7652472005240228
03,354,1,0.4896265560165975,0.4781627819267179,0.33094340562820435,0.003368713497052059,0.7923702128819978
03,355,1,0.49100968188105115,0.47849798414714284,0.3381616771221161,0.0031238518381925236,0.832949757247178
03,356,1,0.49239280774550487,0.4785727678492008,0.34340158104896545,0.0032168727713138253,0.9776818515934842
03,357,1,0.49377593360995853,0.4786289771041591,0.341071218252182,0.003311570678435652,0.9712420692043922
03,358,1,0.4951590594744122,0.47868363765434063,0.3430270254611969,0.003373944125453024,1.0370363550596373
03,359,1,0.49654218533886585,0.47874561333918214,0.33662328124046326,0.003442182372517197,0.9376058424749836
03,360,1,0.4979253112033195,0.4789415795702211,0.34289199113845825,0.0033081234394880784,1.0063055089084918
03,361,1,0.49930843706777317,0.47922765347466073,0.3395179510116577,0.0031142524653034994,0.8560746114423677
03,362,1,0.5006915629322268,0.4794994991945101,0.33890724182128906,0.0029920758380795305,0.7918078778911515
03,363,1,0.5020746887966805,0.479860690827098,0.3404541313648224,0.002834849590534036,0.7559085177211
03,364,1,0.5034578146611342,0.4802580859571208,0.3422097861766815,0.0027162238324902306,0.7406309519275143
03,365,1,0.5048409405255878,0.4805649441660572,0.34711816906929016,0.0027384922202787184,0.8485903735086405
03,366,1,0.5062240663900415,0.4807016633602525,0.3430188298225403,0.002936095698932548,0.8504683836787292
03,367,1,0.5076071922544951,0.4807305246190554,0.35549473762512207,0.0032077754815652256,1.2164395640435703
03,368,1,0.5089903181189488,0.48081222487596154,0.3533271253108978,0.0033435336726484162,1.2307455587241387
03,369,1,0.5103734439834025,0.4809894834199885,0.35834938287734985,0.003304809858331673,1.3150237239769098
03,370,1,0.5117565698478561,0.48119517023149067,0.35935553908348083,0.0032052578603123357,1.292828815475344
03,371,1,0.5131396957123098,0.4813934934108438,0.3625853955745697,0.0031303113987687066,1.3257242688221338
03,372,1,0.5145228215767634,0.4817162312755322,0.35579124093055725,0.0029733157320274125,1.1225727950438347
03,373,1,0.5159059474412172,0.4819158434089316,0.3500864505767822,0.0029997051985207164,1.0193495998720208
03,374,1,0.5172890733056709,0.4820785937099435,0.35038071870803833,0.00306854489474456,1.054560500243218
03,375,1,0.5186721991701245,0.4822904118623474,0.35542139410972595,0.0030775826119539247,1.1595415255656294
03,376,1,0.5200553250345782,0.48224236828124045,0.354086697101593,0.0033498558059367302,1.2486767011330813
03,377,1,0.5214384508990318,0.4823533225330151,0.3482244312763214,0.0033704358055891255,1.1398207596570988
03,378,1,0.5228215767634855,0.48255296728436553,0.3519463837146759,0.0032801608352595853,1.1760636170704657
03,379,1,0.5242047026279392,0.48245001467364396,0.35353174805641174,0.0035017068395866687,1.3021894590312493
03,380,1,0.5255878284923928,0.48246257694890726,0.34773924946784973,0.0035290452671474905,1.197610530018614
03,381,1,0.5269709543568465,0.48235048743897374,0.34698835015296936,0.0036961869439977287,1.2537014729728955
03,382,1,0.5283540802213001,0.4824479602317214,0.34747472405433655,0.003598005377739755,1.2216613572167034
03,383,1,0.5297372060857538,0.4824526919967954,0.3465966284275055,0.0035670218495047175,1.1908532140600043
03,384,1,0.5311203319502075,0.4824443178411743,0.34837520122528076,0.003576065335913645,1.23038760241772
03,385,1,0.5325034578146611,0.4823493538733917,0.35064199566841125,0.0036664645267630415,1.314352663759068
03,386,1,0.5338865836791148,0.4823771649331144,0.3503812253475189,0.003638370075644809,1.2971601632425176
03,387,1,0.5352697095435685,0.48243666585886835,0.3449980616569519,0.0035611703252390716,1.1562892728246517
03,388,1,0.5366528354080221,0.4823367102725994,0.3507024943828583,0.003657119377026297,1.3115880029073637
03,389,1,0.5380359612724758,0.48244488916372535,0.3443736732006073,0.003522038593756602,1.1271024720590068
03,390,1,0.5394190871369294,0.48258025770923424,0.338241845369339,0.0034105538708311374,0.9566147717714809
03,391,1,0.5408022130013831,0.48276880570692565,0.3375888168811798,0.0032727790671696873,0.8848584142351911
03,392,1,0.5421853388658368,0.48315622824595733,0.3477155268192291,0.0029683914901523474,0.9584495801077769
03,393,1,0.5435684647302904,0.4832950765822376,0.36097484827041626,0.0030344226472115406,1.2525887516124379
03,394,1,0.5449515905947441,0.48324901076143023,0.35881277918815613,0.0032930353226469896,1.3193083331848907
03,395,1,0.5463347164591977,0.48355928712402246,0.35549965500831604,0.0031499472231037414,1.191919220182939
03,396,1,0.5477178423236515,0.48388036460645467,0.3553529381752014,0.003026490094945736,1.1364166399356588
03,397,1,0.5491009681881052,0.48399866625281046,0.3590031862258911,0.0030892225387142954,1.236360120676522
03,398,1,0.5504840940525588,0.48421296292160354,0.36028018593788147,0.00305082328756445,1.2456335977192379
03,399,1,0.5518672199170125,0.4846150725867982,0.35925766825675964,0.0028897016624130885,1.1565246522237715
03,400,1,0.5532503457814661,0.4849405844039733,0.3598581552505493,0.002828136210931917,1.1423624796146459
03,401,1,0.5546334716459198,0.48516052496616585,0.3582700490951538,0.0028732505981190455,1.1297059374423892
03,402,1,0.5560165975103735,0.48526474175210976,0.3554021120071411,0.003059498490513954,1.151455775750619
03,403,1,0.5573997233748271,0.4852844085163579,0.3531128764152527,0.003302776433892399,1.2090955591400678
03,404,1,0.5587828492392808,0.4854777353786265,0.34798499941825867,0.0032767835540136988,1.0951467107010056
03,405,1,0.5601659751037344,0.48554556659457077,0.35570207238197327,0.0033432400817327264,1.2782702452995354
03,406,1,0.5615491009681881,0.48546028655341517,0.3594176173210144,0.0035247805299895687,1.4301034861204809
03,407,1,0.5629322268326418,0.4855379882350173,0.35575687885284424,0.00349596504871377,1.3443888701285063
03,408,1,0.5643153526970954,0.485454182043757,0.3609671890735626,0.0036431661696389285,1.5115931365170066
03,409,1,0.5656984785615491,0.48549718269290876,0.3618636429309845,0.0035942771867697983,1.5087657903436673
03,410,1,0.5670816044260027,0.4856086107648432,0.35776814818382263,0.003470753139419883,1.3740085392780683
03,411,1,0.5684647302904564,0.4854850713145662,0.3559286296367645,0.003631373642553876,1.405481770102126
03,412,1,0.5698478561549101,0.4855264965147069,0.3573431074619293,0.003576719212300375,1.4105932796276148
03,413,1,0.5712309820193637,0.48544932941819696,0.35989972949028015,0.003671964926547808,1.5024365795125596
03,414,1,0.5726141078838174,0.4855063511996779,0.36095744371414185,0.003602979826388933,1.4942892323677996
03,415,1,0.573997233748271,0.4853576553824299,0.35596975684165955,0.003726110752345577,1.4466389924274572
03,416,1,0.5753803596127247,0.4852969717007561,0.35605093836784363,0.003754940450985342,1.4605413329253183
03,417,1,0.5767634854771784,0.48522595816829245,0.3551926016807556,0.0037685727799612713,1.4491237611338046
03,418,1,0.5781466113416321,0.4850344409751236,0.3532272279262543,0.003904247160653987,1.4674516825234512
03,419,1,0.5795297372060858,0.48503448628159207,0.3526649475097656,0.0037862242980469503,1.4059249645016216
03,420,1,0.5809128630705395,0.4851410726883017,0.3536847233772278,0.0035988456161278578,1.3466131949280071
03,421,1,0.5822959889349931,0.48514289904128594,0.3557354211807251,0.0035580445100300397,1.3703872067778216
03,422,1,0.5836791147994468,0.4853174150007911,0.36388757824897766,0.0033627637687732,1.4508116297085423
03,423,1,0.5850622406639004,0.4851647418631921,0.36390772461891174,0.003586180412789128,1.546330150378307
03,424,1,0.5864453665283541,0.48514063119538775,0.3581565320491791,0.003642854975993465,1.4550691243665097
03,425,1,0.5878284923928078,0.48491126519857464,0.3575723171234131,0.003872110599578091,1.5409478676476138
03,426,1,0.5892116182572614,0.4845632214290973,0.3562335669994354,0.004162245908377602,1.637606093576692
03,427,1,0.5905947441217151,0.48455850972682657,0.3513433635234833,0.003978409217724879,1.4612275576149156
03,428,1,0.5919778699861687,0.4843186366395629,0.3524503707885742,0.004066724270897143,1.5210359933886013
03,429,1,0.5933609958506224,0.4842500541400379,0.3539833426475525,0.0039298081314659535,1.4935039409533986
03,430,1,0.5947441217150761,0.4839634781162942,0.348501980304718,0.004051081390575484,1.435158001317891
03,431,1,0.5961272475795297,0.48388316910368373,0.3483484983444214,0.003981454574985177,1.4024366625409466
03,432,1,0.5975103734439834,0.4838945906443876,0.3412409722805023,0.0038011978784955854,1.1830950417698811
03,433,1,0.598893499308437,0.4838342946125643,0.34714213013648987,0.0037554824115250936,1.2820304657748824
03,434,1,0.6002766251728907,0.4839238179962418,0.3517332077026367,0.00356201914597917,1.2917810290350247
03,435,1,0.6016597510373444,0.4839406557101781,0.35034605860710144,0.003535266402029777,1.2525606632450006
03,436,1,0.603042876901798,0.4837134721790389,0.3522075116634369,0.0037768215847925725,1.392744233572227
03,437,1,0.6044260027662517,0.4834308219474251,0.3488556444644928,0.004014192200069167,1.4265490368803717
03,438,1,0.6058091286307054,0.4834256341667329,0.34538358449935913,0.0039185118144765664,1.31615382575175
03,439,1,0.607192254495159,0.4834169866457727,0.35162606835365295,0.0038026133780595358,1.3920587056479465
03,440,1,0.6085753803596127,0.4834450406729639,0.3598403334617615,0.0036436420847670127,1.4891871138972188
03,441,1,0.6099585062240664,0.48361855577424584,0.3553745746612549,0.0034030191069663015,1.297149001184854
03,442,1,0.6113416320885201,0.4839544193916081,0.35019466280937195,0.0031140889463092377,1.0702168687041973
03,443,1,0.6127247579529738,0.4840376387896508,0.34949353337287903,0.0031630658544853614,1.0770005323628473
03,444,1,0.6141078838174274,0.4842204881578208,0.3489742875099182,0.0031353795222848454,1.0547958628402274
03,445,1,0.6154910096818811,0.4846970970614851,0.354889839887619,0.002852632489834775,1.0531095477512114
03,446,1,0.6168741355463347,0.48468640785044437,0.3536273241043091,0.0031329570226853428,1.1471205948016325
03,447,1,0.6182572614107884,0.48489445831772593,0.35601380467414856,0.0031079036701128467,1.1843358045964534
03,448,1,0.6196403872752421,0.4849841485733355,0.3594309687614441,0.003232418296522069,1.3059051052279276
03,449,1,0.6210235131396957,0.4846639266748649,0.3614088296890259,0.0037435552988713235,1.5631922597178716
03,450,1,0.6224066390041494,0.48398213827847797,0.3604225814342499,0.0044170510986032115,1.8301294935387944
03,451,1,0.623789764868603,0.4828441421522289,0.3581712245941162,0.005378979831860709,2.194477712260463
03,452,1,0.6251728907330567,0.48203803833652803,0.35272327065467834,0.005672504606187287,2.2101340408066785
03,453,1,0.6265560165975104,0.48156058694652965,0.3449782729148865,0.0054134284369838056,1.9444470140025716
03,454,1,0.627939142461964,0.4804132833481502,0.33887743949890137,0.005784897103279435,1.9801870711450824
03,455,1,0.6293222683264177,0.4791410412727645,0.31738370656967163,0.0061649254460831695,1.7107362511002149
03,456,1,0.6307053941908713,0.4767191231297556,0.2910116910934448,0.0076610683692259875,1.8185693602522475
03,457,1,0.632088520055325,0.4743842282491427,0.2836747467517853,0.008666234448145776,2.099290324021465
03,458,1,0.6334716459197787,0.4717847250147864,0.27249106764793396,0.009471648008155361,2.2177925687905065
03,459,1,0.6348547717842323,0.46891965320028917,0.282546728849411,0.010179580239311658,2.720929296368596
03,460,1,0.636237897648686,0.4660263676257839,0.2951132655143738,0.010517518795698063,3.1169269007676066
03,461,1,0.6376210235131397,0.4626740482528062,0.302293062210083,0.011196649292682836,3.5501021589315798
03,462,1,0.6390041493775933,0.4596514888287182,0.3149047791957855,0.011291663717686733,3.843587074570082
03,463,1,0.640387275242047,0.4565022931629543,0.3254832327365875,0.011407550336933563,4.105163512530729
03,464,1,0.6417704011065007,0.45266655602596123,0.3369182348251343,0.012138947464592941,4.645964223416959
03,465,1,0.6431535269709544,0.44945461193227415,0.3347848653793335,0.012010938658324349,4.548664732377812
03,466,1,0.6445366528354081,0.4467736479391168,0.35080257058143616,0.0113870435713487,4.604426984585356
03,467,1,0.6459197786998617,0.44402048777296793,0.3573891818523407,0.010920743515097194,4.538061110689966
03,468,1,0.6473029045643154,0.4417055383818752,0.3555205464363098,0.010115241558693321,4.157646531133043
03,469,1,0.648686030428769,0.4383850179716722,0.3583313524723053,0.010695507557874847,4.461075477437648
03,470,1,0.6500691562932227,0.4348299427379768,0.38507020473480225,0.011483184301419713,5.332884211215161
03,471,1,0.6514522821576764,0.4321728092953149,0.3883909583091736,0.011154391443796662,5.259534318593452
03,472,1,0.65283540802213,0.43035238262649494,0.3951180577278137,0.010012898493203328,4.90853983194528
03,473,1,0.6542185338865837,0.42616399993846393,0.39858928322792053,0.011362992242389274,5.552954911382712
03,474,1,0.6556016597510373,0.42102933492730105,0.40185171365737915,0.013442402745250102,6.503670073702248
03,475,1,0.656984785615491,0.4161220475789626,0.4147719740867615,0.014899538140919611,7.383235999811383
03,476,1,0.6583679114799447,0.409005271879345,0.43138161301612854,0.01800362341144915,9.037973335878862
03,477,1,0.6597510373443983,0.39903651687649705,0.4548097550868988,0.0226356007275096,11.479977140809403
03,478,1,0.661134163208852,0.38551433640136107,0.46703508496284485,0.02937591043715386,14.594785973399722
03,479,1,0.6625172890733056,0.36464501437301516,0.5005611777305603,0.04136648283401476,20.37213627540544
03,480,1,0.6639004149377593,0.3378850945175603,0.5065241456031799,0.055257144387982744,26.40539238765561
03,481,1,0.665283540802213,0.3009725647677394,0.47913095355033875,0.07438962979735747,34.00098988463574
03,482,1,0.6666666666666666,0.2584241458710539,0.4908900856971741,0.0924220606668536,41.91379678955691
03,483,1,0.6680497925311203,0.21295770839753828,0.48721396923065186,0.10611595050779242,47.669888566230156
03,484,1,0.669432918395574,0.16513510765425812,0.5156328082084656,0.11601672475720336,52.45508785814822
03,485,1,0.6708160442600276,0.1069844594033352,0.4900234341621399,0.13097987629230073,58.31148034437905
03,486,1,0.6721991701244814,0.04065017195254839,0.35205498337745667,0.1488171374019865,63.13714371869629
03,487,1,0.673582295988935,0.9773268597441979,0.33448469638824463,0.15769695613071066,66.56499413253107
03,488,1,0.6749654218533887,0.9192331842215775,0.3268115520477295,0.15688291948999583,66.06448753204951
03,489,1,0.6763485477178424,0.8804080143883141,0.3287429213523865,0.13423260846508916,56.46040709021343
03,490,1,0.677731673582296,0.8565444318803157,0.292215496301651,0.10145207971933223,41.772010934470515
03,491,1,0.6791147994467497,0.8423992345845243,0.309014230966568,0.06957084199706554,28.536374241075173
03,492,1,0.6804979253112033,0.8346873206483187,0.32223811745643616,0.04355084964335265,17.724299299840716
03,493,1,0.681881051175657,0.8303961587837042,0.3193783462047577,0.026705545614652493,10.495435418721978
03,494,1,0.6832641770401107,0.828397121901257,0.33721816539764404,0.01620161859594721,6.381567336097626
03,495,1,0.6846473029045643,0.8280975305601117,0.337814599275589,0.009464382442327859,3.525316050857024
03,496,1,0.686030428769018,0.8289407435072119,0.34417468309402466,0.0050457434891245075,1.7717911062568
03,497,1,0.6874135546334716,0.8300150771458429,0.3482823073863983,0.0025347655652168373,0.7852152552343263
03,498,1,0.6887966804979253,0.8311574821795813,0.3575257956981659,0.0012970901220130922,0.443760852802048
03,499,1,0.690179806362379,0.8320880162252089,0.36414435505867004,0.001056646145966564,0.4741888148603495
03,500,1,0.6915629322268326,0.8330589002357311,0.36191341280937195,0.001083383551718606,0.4408111887996453
03,501,1,0.6929460580912863,0.8339267678605384,0.36312779784202576,0.0012450551090411295,0.5340037793950729
03,502,1,0.69432918395574,0.8345371024819837,0.35487452149391174,0.0016126431662697978,0.5249062885435278
03,503,1,0.6957123098201936,0.8352640823893444,0.3562902510166168,0.001730568334509683,0.6035145648337512
03,504,1,0.6970954356846473,0.8358067092338171,0.3505588173866272,0.0019819580310708436,0.5955453017788591
03,505,1,0.6984785615491009,0.8358565469013687,0.35300713777542114,0.002619072613040699,0.91590345873487
03,506,1,0.6998616874135546,0.8362186795653344,0.3574563264846802,0.002739384709282586,1.0563896258137104
03,507,1,0.7012448132780082,0.8365450147929634,0.3526410460472107,0.0028334437524912244,0.9998217953490982
03,508,1,0.7026279391424619,0.8375429955353217,0.35488206148147583,0.0021556961110376334,0.7562494230578253
03,509,1,0.7040110650069157,0.8382586621875313,0.3540192246437073,0.001874101034204237,0.619055526657854
03,510,1,0.7053941908713693,0.8386085583894678,0.3517436981201172,0.0021247336538084112,0.6801014397296714
03,511,1,0.706777316735823,0.8388998499579872,0.3492352068424225,0.0024309117913224017,0.7601204529864214
03,512,1,0.7081604426002767,0.8395177521505,0.3439345061779022,0.0024017183900655577,0.6413416165826303
03,513,1,0.7095435684647303,0.839992195270206,0.3400423228740692,0.002420964424154096,0.5714444597898265
03,514,1,0.710926694329184,0.8404576751108084,0.3384799063205719,0.0023888678542203475,0.5264326142379343
03,515,1,0.7123098201936376,0.8409485102402348,0.33658158779144287,0.0023603119051291118,0.4761887449448833
03,516,1,0.7136929460580913,0.8417288882848244,0.33742663264274597,0.0020920989311013745,0.37895799065404834
03,517,1,0.715076071922545,0.841487804054226,0.33806517720222473,0.002885967195280917,0.7297399136123345
03,518,1,0.7164591977869986,0.8412846154447748,0.341122031211853,0.003463058000737038,1.0367536726041202
03,519,1,0.7178423236514523,0.8409708560327384,0.3440251052379608,0.003983552496265139,1.3165875408503767
03,520,1,0.719225449515906,0.8408961399484673,0.34787678718566895,0.0040638550286620475,1.428052530982985
03,521,1,0.7206085753803596,0.8412651252980612,0.3393411338329315,0.0034866825949789433,1.0110803022989503
03,522,1,0.7219917012448133,0.8413890869676928,0.33388951420783997,0.0033070512363061718,0.8252281309978257
03,523,1,0.7233748271092669,0.8412933572873289,0.3314927816390991,0.0034288987973995185,0.829015059273569
03,524,1,0.7247579529737206,0.8413699870877801,0.3336377441883087,0.003432894310595955,0.8737514425362484
03,525,1,0.7261410788381742,0.8411429971420858,0.3363415002822876,0.0037783460411183996,1.0750660138732
03,526,1,0.7275242047026279,0.8410861757675414,0.32738250494003296,0.0038046353766689996,0.9065095508325733
03,527,1,0.7289073305670816,0.8415729490228866,0.31842076778411865,0.003242134321285975,0.48723459300799316
03,528,1,0.7302904564315352,0.8415795014677203,0.3247644603252411,0.00330547981034168,0.6414789020550992
03,529,1,0.7316735822959889,0.8416171494819631,0.31947213411331177,0.0033202103910839583,0.5415676753247296
03,530,1,0.7330567081604425,0.8412101293329608,0.31900301575660706,0.0038457686250555597,0.7558994337169154
03,531,1,0.7344398340248963,0.8410228023870999,0.31819185614585876,0.004064083962271284,0.8325673131099162
03,532,1,0.73582295988935,0.8405099595562759,0.31398624181747437,0.004439390134148594,0.9079657654442992
03,533,1,0.7372060857538036,0.840365310442166,0.31709566712379456,0.004316653770397441,0.9180995389475759
03,534,1,0.7385892116182573,0.839843568099788,0.3187386691570282,0.004525436352826176,1.0399480700599484
03,535,1,0.739972337482711,0.8396434744714839,0.31491467356681824,0.004383889672837063,0.9029653272329685
03,536,1,0.7413554633471646,0.8393229260220446,0.31760719418525696,0.004359606143372355,0.9466484957755192
03,537,1,0.7427385892116183,0.838653486049823,0.319573312997818,0.0047322877320360975,1.144755968214431
03,538,1,0.7441217150760719,0.8380444583593762,0.31390315294265747,0.0049133593243971515,1.1080798076519498
03,539,1,0.7455048409405256,0.8372508151318364,0.3094245493412018,0.005257225116834044,1.1646161556205685
03,540,1,0.7468879668049793,0.8369535738771463,0.3113650679588318,0.004956301536612276,1.0754386433587084
03,541,1,0.7482710926694329,0.8369521504473618,0.3077138364315033,0.0043653869301721855,0.7506144557235053
03,542,1,0.7496542185338866,0.8368113806761879,0.306972473859787,0.004080822800730824,0.6145937510147476
03,543,1,0.7510373443983402,0.8360114012227076,0.3024982213973999,0.004572532833414048,0.7341585616956978
03,544,1,0.7524204702627939,0.8355392962456211,0.2953924238681793,0.004734784333218331,0.6606663276665891
03,545,1,0.7538035961272476,0.8349419126696035,0.29523903131484985,0.004978598501354595,0.7613868156477525
03,546,1,0.7551867219917012,0.8342967939468438,0.29658305644989014,0.005121157779674754,0.8490438388144907
03,547,1,0.7565698478561549,0.8339637820016869,0.2951867878437042,0.004825523042495614,0.6951703999145784
03,548,1,0.7579529737206085,0.8333723162445175,0.2958059012889862,0.004905083994409834,0.7414631432733546
03,549,1,0.7593360995850622,0.8332352568753497,0.29267048835754395,0.0045003983633016805,0.5062706162680906
03,550,1,0.7607192254495159,0.8331567067172041,0.2880666255950928,0.004152284572883855,0.2657000059169704
03,551,1,0.7621023513139695,0.8332790842869895,0.2880253493785858,0.0037448851956885494,0.09143128088380725
03,552,1,0.7634854771784232,0.8332900005486236,0.2870888113975525,0.003562794505380132,-0.004879693627996982
03,553,1,0.7648686030428768,0.8331197532280099,0.28442391753196716,0.0037124629020203167,0.005371046964184459
03,554,1,0.7662517289073306,0.8330483350628949,0.2854412794113159,0.0037550051553003868,0.04389420607073198
03,555,1,0.7676348547717843,0.8332604868304949,0.2780667245388031,0.0035157604741230504,-0.20591766824969887
03,556,1,0.7690179806362379,0.833259958813265,0.28283002972602844,0.0035116391272293464,-0.1121038096122779
03,557,1,0.7704011065006916,0.8329074797361409,0.28321707248687744,0.003856607770513801,0.0425237936960644
03,558,1,0.7717842323651453,0.8326117585857906,0.28416743874549866,0.004099260547896802,0.16489507745914264
03,559,1,0.7731673582295989,0.8326696669302835,0.282893568277359,0.003932208084127806,0.06821820994718458
03,560,1,0.7745504840940526,0.832563941004494,0.28591033816337585,0.003890229034864465,0.11087349741528163
03,561,1,0.7759336099585062,0.8323620099577627,0.2753992974758148,0.003918155629403117,-0.08812535461314468
03,562,1,0.7773167358229599,0.8321605769869009,0.27536702156066895,0.003983221155670289,-0.061072823415260935
03,563,1,0.7786998616874136,0.8317089506707123,0.27388709783554077,0.004322052072136537,0.05348396548360243
03,564,1,0.7800829875518672,0.8313722451445306,0.2770715355873108,0.004418578533425419,0.15846867394946365
03,565,1,0.7814661134163209,0.8311057456505729,0.27541297674179077,0.004387154062392176,0.11181401064148672
03,566,1,0.7828492392807745,0.8308743341335242,0.27528056502342224,0.004304499502643497,0.07396916223473307
03,567,1,0.7842323651452282,0.830424951345369,0.27900853753089905,0.004432321577454515,0.20318242521231256
03,568,1,0.7856154910096819,0.8300350672832228,0.2803148627281189,0.004501205808264822,0.2587176602564004
03,569,1,0.7869986168741355,0.8299507593302304,0.2807847261428833,0.004251219295930306,0.16171894693397482
03,570,1,0.7883817427385892,0.8297764525866891,0.2820585370063782,0.004136779459386034,0.13855597660059923
03,571,1,0.7897648686030428,0.8293498005833417,0.27506110072135925,0.0042889610760246085,0.06295083208627963
03,572,1,0.7911479944674965,0.8289681367908788,0.2720145583152771,0.004401837177980758,0.049880936078675
03,573,1,0.7925311203319502,0.8286874642288637,0.2720464766025543,0.004415777116909767,0.05645592459469162
03,574,1,0.7939142461964038,0.8285944113376251,0.2733886241912842,0.004193006232806715,-0.011455337151538736
03,575,1,0.7952973720608575,0.8284811025642091,0.27495643496513367,0.004010804693956702,-0.05756758025902575
03,576,1,0.7966804979253111,0.8284486885028224,0.2739998996257782,0.0038260442505603206,-0.15541635492712436
03,577,1,0.7980636237897649,0.8283276277800649,0.2721911072731018,0.0038172429013037497,-0.19545396824965186
03,578,1,0.7994467496542186,0.8283854385159761,0.2728079855442047,0.0036694730531927596,-0.24598674353690625
03,579,1,0.8008298755186722,0.8286050111361305,0.2741669714450836,0.003397657227626136,-0.3344398859590696
03,580,1,0.8022130013831259,0.8285520616151003,0.27376583218574524,0.003481583891636661,-0.3067583527346287
03,581,1,0.8035961272475796,0.8286335875285662,0.2758772671222687,0.0034259012562402576,-0.28810119995981015
03,582,1,0.8049792531120332,0.8286595332283393,0.27480658888816833,0.0034764454935924923,-0.28806471392246064
03,583,1,0.8063623789764869,0.8286629483711071,0.27080103754997253,0.003541554028915481,-0.340711559211722
03,584,1,0.8077455048409405,0.8286639220940688,0.27155163884162903,0.0035550646146979255,-0.31990008370127787
03,585,1,0.8091286307053942,0.8288371449012941,0.27730488777160645,0.0034098069272147343,-0.26630995516312034
03,586,1,0.8105117565698479,0.8287822559235678,0.27811282873153687,0.003515585248123035,-0.20506725652364766
03,587,1,0.8118948824343015,0.8288442736814112,0.27708303928375244,0.003484248164086737,-0.2390694218502391
03,588,1,0.8132780082987552,0.8287795227943381,0.27636009454727173,0.003594330378735908,-0.20670932001880166
03,589,1,0.8146611341632088,0.8288165441210068,0.26946157217025757,0.00358620922713451,-0.34857499376173007
03,590,1,0.8160442600276625,0.8287726908553703,0.2632708251476288,0.003624912297699176,-0.45630594165061394
03,591,1,0.8174273858921162,0.8289322099608075,0.2636590898036957,0.0034630019252125917,-0.5174454904562577
03,592,1,0.8188105117565698,0.8288499844453843,0.2601814568042755,0.0035672115104849163,-0.5428541220835382
03,593,1,0.8201936376210235,0.8291349072699241,0.2619869112968445,0.003299904098706616,-0.6204302061649826
03,594,1,0.8215767634854771,0.8295471898266533,0.26603129506111145,0.0029672123292067394,-0.6809214360788436
03,595,1,0.8229598893499308,0.8299801241124357,0.26683515310287476,0.0027279027862450985,-0.7666735933052407
03,596,1,0.8243430152143845,0.8305286199138775,0.2680743336677551,0.0024413855227103628,-0.8637892333607927
03,597,1,0.8257261410788381,0.8310069657058293,0.26965877413749695,0.002382698597881841,-0.8569844221728331
03,598,1,0.8271092669432918,0.8314559178137705,0.2708503305912018,0.0024017610989169854,-0.8249622609507883
03,599,1,0.8284923928077456,0.8319220764153574,0.26962003111839294,0.0024127844941093353,-0.8449533878185692
03,600,1,0.8298755186721992,0.8322910531984105,0.27016595005989075,0.0025292957867867312,-0.7843984526293012
03,601,1,0.8312586445366529,0.8324237836333324,0.27264469861984253,0.0028371736729980697,-0.6035944821200683
03,602,1,0.8326417704011065,0.8329612839604109,0.2736240327358246,0.002653877827795273,-0.661979483020869
03,603,1,0.8340248962655602,0.8333727119737457,0.26986345648765564,0.002618791351120556,-0.7523669180956136
03,604,1,0.8354080221300139,0.833850824356998,0.273028165102005,0.002503337857465396,-0.7380234612072083
03,605,1,0.8367911479944675,0.8340013458270932,0.27281615138053894,0.0027427591770170763,-0.6403492678417131
03,606,1,0.8381742738589212,0.8344100709992999,0.27350756525993347,0.0027284245532505887,-0.6325797318349471
03,607,1,0.8395573997233748,0.8345581801472075,0.26364368200302124,0.0029425121650651894,-0.7393407421738625
03,608,1,0.8409405255878285,0.8347277356416488,0.2638182044029236,0.003069323713989322,-0.6818522210693342
03,609,1,0.8423236514522822,0.8345414307199552,0.2612467408180237,0.0034748564568456127,-0.5607987940302235
03,610,1,0.8437067773167358,0.8341884938523191,0.2642890214920044,0.003962814547697283,-0.29202355688331716
03,611,1,0.8450899031811895,0.8338824066704043,0.2696925401687622,0.004213507442866912,-0.07688370090447136
03,612,1,0.8464730290456431,0.8335762291694856,0.2672198414802551,0.004350741574584757,-0.0680704505356523
03,613,1,0.8478561549100968,0.8334035584762371,0.2646388113498688,0.0042355356497923964,-0.16890104581418375
03,614,1,0.8492392807745505,0.8334622378851417,0.26217976212501526,0.0038923881799582923,-0.36432496447102414
03,615,1,0.8506224066390041,0.8333830219791061,0.26569226384162903,0.0037900400941996122,-0.33742425635355233
03,616,1,0.8520055325034578,0.8332562009852897,0.26552143692970276,0.0037920149151914025,-0.3400109037329791
03,617,1,0.8533886583679114,0.8334028207907797,0.26476189494132996,0.0035653880636525278,-0.45173093454238467
03,618,1,0.8547717842323651,0.8332132574176941,0.26469576358795166,0.003754767015373664,-0.3724341810103738
03,619,1,0.8561549100968188,0.8335117298291927,0.26545873284339905,0.0033940494870131595,-0.510693267072337
03,620,1,0.8575380359612724,0.8336397194589171,0.2686089873313904,0.003298236819810449,-0.4882781960581946
03,621,1,0.8589211618257261,0.8334776911065667,0.2650507092475891,0.0035561447905677586,-0.4498714211358753
03,622,1,0.8603042876901799,0.8331878027351602,0.2672395408153534,0.0038647507409209332,-0.2745742351205874
03,623,1,0.8616874135546335,0.8331138497172247,0.26860499382019043,0.003932340088223016,-0.2184039569774765
03,624,1,0.8630705394190872,0.8328842145834318,0.27128154039382935,0.004062505194023927,-0.1092884555414893
03,625,1,0.8644536652835408,0.8326949373712565,0.2699178159236908,0.004062906187327795,-0.13647878523770762
03,626,1,0.8658367911479945,0.8325340039137572,0.2720032334327698,0.004028151210999612,-0.1094341799300696
03,627,1,0.8672199170124482,0.8326255450161563,0.2713042199611664,0.0037731604032497897,-0.23201507749904926
03,628,1,0.8686030428769018,0.8325688397798223,0.26807963848114014,0.003707789464316627,-0.3245414868481207
03,629,1,0.8699861687413555,0.8325219073055355,0.2698628604412079,0.0036758782377010442,-0.3023493137352802
03,630,1,0.8713692946058091,0.8323409961969082,0.2677679657936096,0.0038135318298981842,-0.28577742855837196
03,631,1,0.8727524204702628,0.8324136701727425,0.26842397451400757,0.003692605924851597,-0.3240969419445711
03,632,1,0.8741355463347165,0.8324050699055341,0.26954686641693115,0.003648237481206543,-0.3204566436095102
03,633,1,0.8755186721991701,0.8323414266300727,0.2691017687320709,0.0036709382880958626,-0.31972251919936406
03,634,1,0.8769017980636238,0.8323041644369223,0.2671877145767212,0.0036630803123805207,-0.36147043057651035
03,635,1,0.8782849239280774,0.8321419653954639,0.2683812975883484,0.0038160714138424897,-0.2723906979982492
03,636,1,0.8796680497925311,0.8320141846339968,0.2694728970527649,0.0038759259809899834,-0.22500777017143692
03,637,1,0.8810511756569848,0.8319755019669818,0.2670714259147644,0.0038168873301206692,-0.29832391023018884
03,638,1,0.8824343015214384,0.832241970530034,0.2670360207557678,0.0034589376012957003,-0.4514228315372175
03,639,1,0.8838174273858921,0.832560171618143,0.26631686091423035,0.0031251880364646352,-0.6079376000319883
03,640,1,0.8852005532503457,0.8330530659980332,0.2673546373844147,0.0027368452122442074,-0.7524439118815114
03,641,1,0.8865836791147994,0.8331785189051504,0.26585015654563904,0.0028711126461361232,-0.7254678540515649
03,642,1,0.8879668049792531,0.833623148626086,0.26861199736595154,0.0027272371597426544,-0.7313073089089523
03,643,1,0.8893499308437067,0.833705760380432,0.27097639441490173,0.0029899199294096653,-0.5720383707090078
03,644,1,0.8907330567081605,0.8338937057994932,0.2729143500328064,0.003088371700920714,-0.4912427623904038
03,645,1,0.8921161825726142,0.8340494129853714,0.2731388509273529,0.003142824465407504,-0.4635565282836127
03,646,1,0.8934993084370678,0.8341701136298083,0.27295616269111633,0.003239847341025834,-0.42591670967095063
03,647,1,0.8948824343015215,0.8344036083695454,0.2731708288192749,0.003143093852219306,-0.4628002558355403
03,648,1,0.8962655601659751,0.83448503941584,0.27053970098495483,0.0032361248032031194,-0.47598409497243444
03,649,1,0.8976486860304288,0.8348816028908821,0.27132970094680786,0.002987394732247681,-0.5660248587545493
03,650,1,0.8990318118948825,0.8349311853722775,0.27149876952171326,0.003145859727229941,-0.49517005959329724
03,651,1,0.9004149377593361,0.8350558955159137,0.27077892422676086,0.003211417519210999,-0.48170298463412553
03,652,1,0.9017980636237898,0.8351716339753206,0.26948273181915283,0.0032587508463962607,-0.4875580636515657
03,653,1,0.9031811894882434,0.8355284210944184,0.2735793888568878,0.003073612367168602,-0.4841832116371071
03,654,1,0.9045643153526971,0.8355875714759669,0.27469703555107117,0.0031761665365042076,-0.4180993474684005
03,655,1,0.9059474412171508,0.8355178775275631,0.27377137541770935,0.0034099570108302698,-0.3371405746909203
03,656,1,0.9073305670816044,0.8352188104946371,0.270221084356308,0.0038245195466686506,-0.23188160268081282
03,657,1,0.9087136929460581,0.8351606102637539,0.2733522057533264,0.0038945139073809894,-0.1392620150728599
03,658,1,0.9100968188105117,0.8350404699871057,0.2740028500556946,0.003922701476363058,-0.11420764747036807
03,659,1,0.9114799446749654,0.83488116699387,0.272916704416275,0.003945229097383399,-0.12640889830663699
03,660,1,0.9128630705394191,0.8350277522062288,0.27546459436416626,0.003639466251601356,-0.20546063701921213
03,661,1,0.9142461964038727,0.8353171441510672,0.27769219875335693,0.003302309734660944,-0.30430352269919414
03,662,1,0.9156293222683264,0.8351846335831323,0.27576497197151184,0.0034739537744241074,-0.2698970151377532
03,663,1,0.91701244813278,0.835085275076325,0.2719479501247406,0.0036093531802380814,-0.28883664105406337
03,664,1,0.9183955739972337,0.8349115175387812,0.2721870243549347,0.0038341377383956073,-0.18834331127766762
03,665,1,0.9197786998616874,0.8352045879802809,0.27308791875839233,0.0035120086300340888,-0.30740703979386513
03,666,1,0.921161825726141,0.8355314984036852,0.2719578146934509,0.003156959163933129,-0.4812347004202112
03,667,1,0.9225449515905948,0.8364101300986764,0.26921430230140686,0.002365043674080217,-0.8734182321706581
03,668,1,0.9239280774550485,0.837316817153209,0.27194082736968994,0.0017895703751353827,-1.063708731937764
03,669,1,0.9253112033195021,0.8372208266957691,0.2734045684337616,0.0024868857361822457,-0.737475603552895
03,670,1,0.9266943291839558,0.8379667110802256,0.2761029899120331,0.0022450610305978754,-0.7862870173957923
03,671,1,0.9280774550484094,0.8389597322366575,0.27758437395095825,0.001860843043301,-0.9201369716623409
03,672,1,0.9294605809128631,0.840367596346406,0.2715848982334137,0.0010903794680478225,-1.368513779581459
03,673,1,0.9308437067773168,0.8416788660129625,0.2712167799472809,0.0005418045997905825,-1.6094421928543747
03,674,1,0.9322268326417704,0.8435715171734308,0.2805626094341278,0.0003074969031675928,-1.5216833575317197
03,675,1,0.9336099585062241,0.84588164634184,0.280813992023468,0.001145264376487323,-1.1599802039401517
03,676,1,0.9349930843706777,0.8482635520413115,0.29122552275657654,0.0017966915496631956,-0.6737591817357423
03,677,1,0.9363762102351314,0.8510859985848935,0.2898525297641754,0.002645149169518804,-0.3400955613153177
03,678,1,0.9377593360995851,0.8552532127764181,0.28626003861427307,0.004460580218060592,0.36070313242317015
03,679,1,0.9391424619640387,0.8600023314853527,0.2995039224624634,0.00628927502624835,1.404944636498412
03,680,1,0.9405255878284924,0.8660418744505756,0.320700466632843,0.008798646705593108,2.8985260557866077
03,681,1,0.941908713692946,0.8710338886342158,0.3313370645046234,0.009346080286917361,3.344989910755132
03,682,1,0.9432918395573997,0.8768123373264755,0.2912295162677765,0.010137556466846418,2.877245508673111
03,683,1,0.9446749654218534,0.8812316059303306,0.29627805948257446,0.009167043933187183,2.5653642022997083
03,684,1,0.946058091286307,0.8871374966458351,0.30236902832984924,0.00976561603744722,2.9423979802736766
03,685,1,0.9474412171507607,0.8933271918137142,0.29824769496917725,0.010681405656511492,3.2495853549735774
03,686,1,0.9488243430152143,0.8985144073579675,0.30126819014549255,0.010295295405890168,3.1458097225985786
03,687,1,0.950207468879668,0.9031739848081601,0.30049052834510803,0.009529355348209787,2.8041263939426084
03,688,1,0.9515905947441217,0.9075070812069601,0.3054444491863251,0.008376857027552368,2.4128705204713023
03,689,1,0.9529737206085753,0.9114716554927837,0.30709943175315857,0.00724903517309475,1.965931920332995
03,690,1,0.9543568464730291,0.9145577964616413,0.3142333924770355,0.005799060222184879,1.4917716188187193
03,691,1,0.9557399723374828,0.9175707090201114,0.31322887539863586,0.004801125504736578,1.0467705859267438
03,692,1,0.9571230982019364,0.919798618754294,0.3089657127857208,0.003429854185931394,0.3774506552824194
03,693,1,0.9585062240663901,0.9213263878093018,0.3079800307750702,0.0018847388541056468,-0.3001215940495403
03,694,1,0.9598893499308437,0.9226671330292919,0.3069681227207184,0.0008123436612653811,-0.7769706893729846
03,695,1,0.9612724757952974,0.9232290560050604,0.31051695346832275,0.0007036101711778405,-0.7520595286825991
03,696,1,0.9626556016597511,0.9238469270847575,0.31127578020095825,0.0015003258377180835,-0.39765211439116466
03,697,1,0.9640387275242047,0.9244871641151361,0.31002721190452576,0.0018721658899553103,-0.264400679813197
03,698,1,0.9654218533886584,0.9246624739382313,0.3116922080516815,0.0024870501433186783,0.030777242942868765
03,699,1,0.966804979253112,0.9251533220441434,0.30713561177253723,0.0024950372646414783,-0.057243556630258985
03,700,1,0.9681881051175657,0.9251579423472882,0.3078511357307434,0.002971483471267353,0.15994795977430765
03,701,1,0.9695712309820194,0.9251700528542468,0.3055843710899353,0.0032871267799414435,0.2488464189823351
03,702,1,0.970954356846473,0.9252441529574931,0.3057464063167572,0.0033837488614728546,0.2932319574252734
03,703,1,0.9723374827109267,0.9250620362282268,0.3050740957260132,0.003711285345554563,0.41918393149747135
03,704,1,0.9737206085753803,0.9254428266953919,0.3066120445728302,0.003307673424410321,0.2782123580864366
03,705,1,0.975103734439834,0.9256485585699091,0.30252698063850403,0.003173162636919022,0.13898704238522122
03,706,1,0.9764868603042877,0.9254159580714724,0.3043464124202728,0.003525389564271367,0.32544337935026746
03,707,1,0.9778699861687413,0.9252137528007203,0.306174635887146,0.003770546113518289,0.4664934448531044
03,708,1,0.979253112033195,0.9252099678283863,0.30453184247016907,0.003812260228975653,0.4512921018293717
03,709,1,0.9806362378976486,0.9252681876216777,0.3018449544906616,0.0036958257189327855,0.3478145900155401
03,710,1,0.9820193637621023,0.9255762298420668,0.3050157129764557,0.0032926907614858865,0.2398058974093596
03,711,1,0.983402489626556,0.9257604389277934,0.308413565158844,0.003148549618407906,0.24661393951907612
03,712,1,0.9847856154910097,0.9255215760059178,0.3044312596321106,0.0035240840720517615,0.32658992650131474
03,713,1,0.9861687413554634,0.9257919216273953,0.3031584918498993,0.0033316404949570973,0.2191255209884991
03,714,1,0.9875518672199171,0.9257710081231336,0.30092698335647583,0.0034834875006481943,0.23899896628447193
03,715,1,0.9889349930843707,0.9257130924559728,0.3015875220298767,0.003590097738075751,0.2976384324236739
05,8,0,0.011347517730496455,0.1508064219567747,0.28528061509132385,nan,nan
05,9,0,0.01276595744680851,0.15087236053274164,0.2844511866569519,nan,nan
05,10,0,0.014184397163120567,0.14984163208666645,0.2832146883010864,nan,nan
05,11,0,0.015602836879432624,0.1490542957069297,0.28683143854141235,nan,nan
05,12,0,0.01702127659574468,0.14873485253245936,0.28453171253204346,0.005000779061307287,0.5560037068648069
05,13,0,0.018439716312056736,0.14705671514255264,0.28628820180892944,0.006161024095135148,1.085191661441647
05,14,0,0.019858156028368795,0.1459675214913807,0.28476378321647644,0.0062963063987598435,1.1121997553928045
05,15,0,0.02127659574468085,0.14568212857849677,0.2819402515888214,0.005613171662822336,0.7647215751452109
05,16,0,0.02269503546099291,0.14417970223839674,0.2868988513946533,0.006272556220814127,1.144925556126451
05,17,0,0.024113475177304965,0.14405662732539784,0.2873721420764923,0.0052568435602973725,0.722005936976686
05,18,0,0.02553191489361702,0.14284183069456655,0.2891022861003876,0.005721618236839973,0.954585375251373
05,19,0,0.02695035460992908,0.14117719682679944,0.2843163013458252,0.006604829405403534,1.234568038288493
05,20,0,0.028368794326241134,0.1396701202690967,0.2828214466571808,0.006985673025181963,1.3667111680011563
05,21,0,0.029787234042553193,0.13979036643451875,0.2815675735473633,0.00573803136743489,0.8104004061687917
05,22,0,0.031205673758865248,0.13887499803627532,0.2814762592315674,0.005586834542958563,0.7441998776130577
05,23,0,0.032624113475177303,0.13731697214078037,0.2802586853504181,0.006153152273880688,0.9608674070876742
05,24,0,0.03404255319148936,0.1355937573756672,0.2855246365070343,0.006911310867489082,1.3892886151918036
05,25,0,0.03546099290780142,0.13467271963990338,0.28411537408828735,0.006813257879895518,1.319270199011596
05,26,0,0.03687943262411347,0.1329437096528309,0.29173198342323303,0.007262856168314164,1.6634915632837386
05,27,0,0.03829787234042553,0.1322230013821732,0.28664371371269226,0.006500742343110791,1.2369514156467563
05,28,0,0.03971631205673759,0.1305527288927316,0.2828386425971985,0.006897522142900595,1.3295280397452673
05,29,0,0.04113475177304964,0.12950002380551648,0.28909316658973694,0.006689970109381796,1.3666551507154268
05,30,0,0.0425531914893617,0.12843288317052734,0.2822449207305908,0.0064639367857742104,1.133027281545385
05,31,0,0.04397163120567376,0.12828738332810893,0.28086596727371216,0.005481730007616728,0.6872095516704757
05,32,0,0.04539007092198582,0.1283185034287669,0.2873777747154236,0.00446670539344268,0.38573644308042154
05,33,0,0.04680851063829787,0.12736441456787606,0.2930077612400055,0.0048622378883423885,0.6670820392444623
05,34,0,0.04822695035460993,0.12733202442385674,0.2872793674468994,0.004360725722951581,0.33864373156854677
05,35,0,0.04964539007092199,0.12786909496480459,0.2875753343105316,0.003548440495336089,-0.0012292343319813548
05,36,0,0.05106382978723404,0.12752031682385068,0.282330185174942,0.0037926465454639043,-0.0025002100787699794
05,37,0,0.0524822695035461,0.12642783649461625,0.2790544629096985,0.004685580223469277,0.3119226837580281
05,38,0,0.05390070921985816,0.12645898209739542,0.28241875767707825,0.004420290102375155,0.26648115599385025
05,39,0,0.05531914893617021,0.12763482082662944,0.28003382682800293,0.0030261907915257987,-0.3748734045614186
05,40,0,0.05673758865248227,0.12844472199267368,0.2832931876182556,0.002157721090937756,-0.6792096106615689
05,41,0,0.05815602836879433,0.12804436539292852,0.2840592563152313,0.0027891789828886878,-0.3950114586886744
05,42,0,0.059574468085106386,0.1280671832064775,0.27930334210395813,0.0031704933939177534,-0.32809606605031305
05,43,0,0.06099290780141844,0.12869765260802776,0.2788768410682678,0.0029420742696380483,-0.43389715760233816
05,44,0,0.062411347517730496,0.12847732713281673,0.2777000367641449,0.003428107690198659,-0.2505907818380846
05,45,1,0.06382978723404255,0.12845377100693603,0.27775803208351135,0.0034598151011151048,-0.23592851961463024
05,46,1,0.06524822695035461,0.13050678279723066,0.2775966227054596,0.0018172698048719606,-0.9384414875478926
05,47,1,0.06666666666666667,0.12880510108293947,0.27655982971191406,0.0038207363263018353,-0.10631500042704081
05,48,1,0.06808510638297872,0.12843769995065887,0.28106534481048584,0.0042149995773103745,0.15192944826953741
05,49,1,0.06950354609929078,0.12894235995903133,0.2801845371723175,0.0037004327733984295,-0.0848071683498039
05,50,1,0.07092198581560284,0.12848575910534468,0.2825978994369507,0.004279180865108878,0.21000146438929518
05,51,1,0.07234042553191489,0.12870029279674888,0.2879522144794464,0.0035593912507332183,0.010994312364855381
05,52,1,0.07375886524822695,0.1301360731022736,0.278947651386261,0.0020974088736608583,-0.7920726301935248
05,53,1,0.075177304964539,0.12974075871267185,0.2774420380592346,0.002917316551166252,-0.47322429161063423
05,54,1,0.07659574468085106,0.12965876423027764,0.2860538959503174,0.003198910721970591,-0.18055854058359702
05,55,1,0.07801418439716312,0.12898083659742893,0.2814161777496338,0.004170089636052543,0.13984903614044344
05,56,1,0.07943262411347518,0.12743232204740387,0.28827282786369324,0.005788740136247636,0.9665191158803673
05,57,1,0.08085106382978724,0.12739964398893203,0.28192323446273804,0.005145480431002045,0.5652717506004926
05,58,1,0.08226950354609928,0.12649406094063825,0.2861820161342621,0.005465784798360876,0.7870796378575148
05,59,1,0.08368794326241134,0.12562478599929586,0.27964502573013306,0.005543883917293405,0.6891737759813151
05,60,1,0.0851063829787234,0.12461047594526645,0.2829328775405884,0.0057191813217895545,0.8297681819819729
05,61,1,0.08652482269503546,0.12536786629347754,0.28587889671325684,0.004256329448044102,0.26610120360350237
05,62,1,0.08794326241134752,0.12352155631335207,0.28377097845077515,0.0055946950043059525,0.7935863087330548
05,63,1,0.08936170212765958,0.12420805532683574,0.28651750087738037,0.004165069834000762,0.24006221122025864
05,64,1,0.09078014184397164,0.12403141132460242,0.287945955991745,0.003987531168119046,0.19313911731960506
05,65,1,0.09219858156028368,0.12198298364616092,0.2860969603061676,0.005891192691394526,0.9664804005563097
05,66,1,0.09361702127659574,0.11983123157037896,0.2877526581287384,0.007196724105347327,1.5554983447070174
05,67,1,0.0950354609929078,0.1188859239305569,0.2825256884098053,0.007219450559426116,1.4603024485383234
05,68,1,0.09645390070921986,0.11687374157864067,0.28454044461250305,0.00790110006227265,1.7909214858559352
05,69,1,0.09787234042553192,0.11537963528244119,0.28760552406311035,0.007605788921981685,1.7266959271383329
05,70,1,0.09929078014184398,0.11257113692830589,0.28312695026397705,0.008763450185187049,2.1296869108612997
05,71,1,0.10070921985815603,0.10897783544531185,0.28629106283187866,0.010541728007662812,2.950229409886563
05,72,1,0.10212765957446808,0.10633343436275221,0.288512259721756,0.010709106968911194,3.066051929811064
05,73,1,0.10354609929078014,0.10331391599267406,0.2895277142524719,0.01109354853501723,3.2500923095952134
05,74,1,0.1049645390070922,0.10147702664976302,0.2879853844642639,0.009914008055486489,2.7169865607801738
05,75,1,0.10638297872340426,0.09929961313611545,0.28581100702285767,0.00931789399949835,2.4195796468806177
05,76,1,0.10780141843971631,0.09851219661381835,0.2854469418525696,0.007685754944496329,1.717430910170666
05,77,1,0.10921985815602837,0.09549332893214155,0.28825923800468445,0.008749313188939675,2.2266399152144674
05,78,1,0.11063829787234042,0.0939741069136974,0.29509589076042175,0.008313388442250696,2.1782223053252587
05,79,1,0.11205673758865248,0.09073074212784782,0.2900543808937073,0.00968102329408389,2.659310092929284
05,80,1,0.11347517730496454,0.08802407549736369,0.2914762496948242,0.010245472172501113,2.928138378260869
05,81,1,0.1148936170212766,0.08720592351808516,0.29251769185066223,0.008441593872665961,2.181075100796735
05,82,1,0.11631205673758865,0.08602616105354564,0.2903025448322296,0.007549504983691374,1.75684597247557
05,83,1,0.11773049645390071,0.08671648109623066,0.29170024394989014,0.004872198475968437,0.6450891901198993
05,84,1,0.11914893617021277,0.08676480507337152,0.2893342971801758,0.0038203092409232866,0.14980330468705239
05,85,1,0.12056737588652482,0.08673649074139603,0.2900985777378082,0.0035338059669007384,0.043165478964035484
05,86,1,0.12198581560283688,0.08991279306484985,0.2926620841026306,0.0012471181929475817,-0.8789045446083792
05,87,1,0.12340425531914893,0.09544303097522136,0.29480043053627014,0.00431843445827085,0.47153784587255837
05,88,1,0.12482269503546099,0.0986664702755078,0.2926342785358429,0.005360236288809636,0.871599637881079
05,89,1,0.12624113475177304,0.10052904282084207,0.28760719299316406,0.004247392533609814,0.29697214324288274
05,90,1,0.1276595744680851,0.10343837203361658,0.28672605752944946,0.003708583726522832,0.049908493876553654
05,91,1,0.12907801418439716,0.10606163798770284,0.28524014353752136,0.002950454938417393,-0.30265936839947205
05,92,1,0.13049645390070921,0.1060113560803225,0.28856128454208374,0.001139342622046997,-1.007063689896588
05,93,1,0.13191489361702127,0.10915221526534541,0.2855171859264374,0.0015501590117359436,-0.8932435741543191
05,94,1,0.13333333333333333,0.10934839681456071,0.2831020951271057,0.0007226404801795932,-1.2939949765752152
05,95,1,0.1347517730496454,0.1114007122118249,0.2843501567840576,0.0006819158941389564,-1.286292053232631
05,96,1,0.13617021276595745,0.11404312832915997,0.2842424511909485,0.0014730042131581049,-0.9516659921920451
05,97,1,0.1375886524822695,0.11602139783166418,0.2825092673301697,0.001443330653452926,-0.9990724833553454
05,98,1,0.13900709219858157,0.11843956783221202,0.28321969509124756,0.002144205012421077,-0.6864382741551427
05,99,1,0.14042553191489363,0.11884880917807444,0.2821073830127716,0.0008174996715274562,-1.2735683105595972
05,100,1,0.14184397163120568,0.12040247829024898,0.2838979959487915,0.00042762485465973766,-1.4036223210177963
05,101,1,0.14326241134751774,0.12126840552694124,0.28389760851860046,0.0007516117790971862,-1.2657003782040244
05,102,1,0.14468085106382977,0.12097333545882048,0.2826393246650696,0.002358433771037183,-0.6068797267115665
05,103,1,0.14609929078014183,0.12111613602137276,0.2830635905265808,0.002849075115137015,-0.38948861631128867
05,104,1,0.1475177304964539,0.12156937313928881,0.2827610373497009,0.002962669708045565,-0.34719869025463274
05,105,1,0.14893617021276595,0.12265302496822225,0.28562137484550476,0.0021707415913720914,-0.6269549314802917
05,106,1,0.150354609929078,0.12279139253856695,0.2837594449520111,0.002378528881347622,-0.5758512139729519
05,107,1,0.15177304964539007,0.12340728715233146,0.28078821301460266,0.0022171485375197227,-0.704168270014403
05,108,1,0.15319148936170213,0.12372762046075711,0.28371575474739075,0.0024696030118337682,-0.5379551492681022
05,109,1,0.15460992907801419,0.12360378990484171,0.2831176817417145,0.0031329953981162175,-0.2675310611594566
05,110,1,0.15602836879432624,0.12501133393033298,0.2820996344089508,0.0019631426067798193,-0.785993582911287
05,111,1,0.1574468085106383,0.12730056575980275,0.28330475091934204,0.0010667275536739174,-1.1434421227562162
05,112,1,0.15886524822695036,0.12767354750022028,0.28159457445144653,0.0008292340367018732,-1.27886140254073
05,113,1,0.16028368794326242,0.12831518673176182,0.28262120485305786,0.0011740765650261028,-1.1114551431449022
05,114,1,0.16170212765957448,0.1296377684677767,0.27907299995422363,0.001029344035741256,-1.2442608675573563
05,115,1,0.16312056737588654,0.1298325417450198,0.27714261412620544,0.0019911793928590856,-0.8735126096897259
05,116,1,0.16453900709219857,0.12988393174397161,0.27810004353523254,0.0025727833902115223,-0.606699206236325
05,117,1,0.16595744680851063,0.13024735909249918,0.28099435567855835,0.0027619521026217815,-0.46809519203538796
05,118,1,0.1673758865248227,0.13020032377749158,0.27957314252853394,0.003292030507813762,-0.27094140237339626
05,119,1,0.16879432624113475,0.129779079038689,0.2810822129249573,0.0038539140740450313,-0.001455671134954456
05,120,1,0.1702127659574468,0.13021263384640744,0.28575602173805237,0.003406993589743887,-0.09794860586801436
05,121,1,0.17163120567375886,0.13091913214194917,0.28425008058547974,0.002782670819811148,-0.3939535573520274
05,122,1,0.17304964539007092,0.13071659882435954,0.28324827551841736,0.0031531473997632566,-0.25633166232621774
05,123,1,0.17446808510638298,0.13057147525087387,0.2803546190261841,0.003427339734965934,-0.19765759270692207
05,124,1,0.17588652482269504,0.13077879028096603,0.283302366733551,0.0034181237579199693,-0.14243903194060983
05,125,1,0.1773049645390071,0.12946879347413748,0.2858237624168396,0.004869659673388174,0.5261057528558569
05,126,1,0.17872340425531916,0.128873423971045,0.2840944826602936,0.005102444509527721,0.590513002077241
05,127,1,0.18014184397163122,0.1276067253784622,0.2863624095916748,0.005908349388781886,0.9791102892087122
05,128,1,0.18156028368794327,0.12729302616916305,0.28209778666496277,0.00548086112997814,0.7115542173513413
05,129,1,0.1829787234042553,0.1271582828429455,0.2810066342353821,0.004744163428244933,0.3760304158280238
05,130,1,0.18439716312056736,0.12696699661433772,0.27819955348968506,0.004357821999054723,0.15523497833627045
05,131,1,0.18581560283687942,0.1277610678839087,0.2839258313179016,0.0030871438903069233,-0.27083696484704944
05,132,1,0.18723404255319148,0.12798647867535812,0.2874385416507721,0.002900318725219145,-0.27989617552151974
05,133,1,0.18865248226950354,0.12753579144384455,0.28394031524658203,0.0035243690832814758,-0.0844081553942177
05,134,1,0.1900709219858156,0.12829104611444256,0.2858087718486786,0.0028634915629082132,-0.3282732978858784
05,135,1,0.19148936170212766,0.12671012281859173,0.2840747833251953,0.004775427233785251,0.4508979491915065
05,136,1,0.19290780141843972,0.1266730326739549,0.28590649366378784,0.004549781112092821,0.3915849503717808
05,137,1,0.19432624113475178,0.12600321904528272,0.28662049770355225,0.004891233240414236,0.551275458537731
05,138,1,0.19574468085106383,0.12611828216880244,0.28170523047447205,0.0043930270172540505,0.2405587162823215
05,139,1,0.1971631205673759,0.12538176813479432,0.28369829058647156,0.004586350064852138,0.3628490979333255
05,140,1,0.19858156028368795,0.12662296046400526,0.2832391858100891,0.0030130690646918397,-0.3161490480224883
05,141,1,0.2,0.12696981636515345,0.28277358412742615,0.0026536951110562564,-0.47848553355018175
05,142,1,0.20141843971631207,0.12671731404274292,0.28289544582366943,0.0031478467634344478,-0.26566726947785396
05,143,1,0.2028368794326241,0.12623846513812653,0.2853948175907135,0.0037764536365359454,0.052093200796241676
05,144,1,0.20425531914893616,0.12684803781946224,0.28207331895828247,0.003381055206033293,-0.18287904637686508
05,145,1,0.20567375886524822,0.12606296781381454,0.27996668219566345,0.00422239455054525,0.1330346991418472
05,146,1,0.20709219858156028,0.12625724702490546,0.28506097197532654,0.003801403201619602,0.05601678284343057
05,147,1,0.20851063829787234,0.12596405633413016,0.286293625831604,0.003979577137935533,0.156601404192312
05,148,1,0.2099290780141844,0.12582703893959438,0.28394123911857605,0.004047992331472222,0.13853050637318143
05,149,1,0.21134751773049645,0.12637460178032187,0.2837574779987335,0.003245179770777787,-0.20693470453430513
05,150,1,0.2127659574468085,0.12786331930902048,0.2823636531829834,0.0018603386934576173,-0.8244627679385367
05,151,1,0.21418439716312057,0.13124309756295155,0.2847653329372406,0.00137793205317644,-0.9816498782901197
05,152,1,0.21560283687943263,0.13178169423310698,0.28302890062332153,0.0008118182816664009,-1.2574981873519504
05,153,1,0.2170212765957447,0.13260719291408316,0.2820794880390167,0.0007599360674836585,-1.2986343137980583
05,154,1,0.21843971631205675,0.1343554691103968,0.28209245204925537,0.0006385698932387385,-1.3500429686396855
05,155,1,0.2198581560283688,0.13513026209014262,0.2848997116088867,0.000958555387980506,-1.1574934020739789
05,156,1,0.22127659574468084,0.13552483719490516,0.27892276644706726,0.0015357714150157327,-1.0316756787168277
05,157,1,0.2226950354609929,0.13648520511125561,0.2835247218608856,0.0015111892391148326,-0.949809766778443
05,158,1,0.22411347517730495,0.13798078407053307,0.2877251207828522,0.0010145120041714951,-1.0769836974082914
05,159,1,0.225531914893617,0.13938268181475413,0.2868174910545349,0.0005015010674973381,-1.3135960847731487
05,160,1,0.22695035460992907,0.14052813628949185,0.2858649790287018,0.0004071947813586692,-1.3728554348996134
05,161,1,0.22836879432624113,0.14136825633964034,0.285261869430542,0.0008178995048568312,-1.2101081519475134
05,162,1,0.2297872340425532,0.14056294466727132,0.2833104729652405,0.0028439739843220515,-0.386706983203089
05,163,1,0.23120567375886525,0.1412816418179109,0.2875654995441437,0.0027708169828670444,-0.332481242011643
05,164,1,0.2326241134751773,0.14281935420501113,0.288104385137558,0.001758309985508414,-0.7527200649810905
05,165,1,0.23404255319148937,0.14441810623432372,0.29019099473953247,0.0008943328551928188,-1.0786731229024906
05,166,1,0.23546099290780143,0.14383531361740057,0.2907731831073761,0.0020271521367172226,-0.5847215784922043
05,167,1,0.23687943262411348,0.14238238619489937,0.2893465757369995,0.004298171796750694,0.35348825602076667
05,168,1,0.23829787234042554,0.1415694379117415,0.28880220651626587,0.0053863061741557085,0.8058136140856194
05,169,1,0.2397163120567376,0.1417970300726076,0.29008322954177856,0.0048462349399721995,0.6015929153436337
05,170,1,0.24113475177304963,0.1399325516350299,0.28792741894721985,0.0060554443371208634,1.0731319758129005
05,171,1,0.2425531914893617,0.14012488199456816,0.2892214357852936,0.004887423481989947,0.6018373840877119
05,172,1,0.24397163120567375,0.14148343327583768,0.2915288209915161,0.002964496150637622,-0.1705089743037549
05,173,1,0.2453900709219858,0.14051814943189714,0.28976601362228394,0.003908278835602211,0.19591599353353517
05,174,1,0.24680851063829787,0.14027220776883145,0.29431453347206116,0.0038345003384902794,0.2557656407680362
05,175,1,0.24822695035460993,0.13955006104996748,0.29246217012405396,0.0046415610908046275,0.5621876988054259
05,176,1,0.24964539007092199,0.13851639204586086,0.29134222865104675,0.0055315248587610695,0.9185986643471385
05,177,1,0.251063829787234,0.13832855656861387,0.29003602266311646,0.004977600028513854,0.6565713390677658
05,178,1,0.2524822695035461,0.139023468589789,0.2900140881538391,0.0037352897915179347,0.12724726402210038
05,179,1,0.25390070921985813,0.13935107571295485,0.28880637884140015,0.003095497873591463,-0.16935974360835915
05,180,1,0.2553191489361702,0.1376412773694558,0.2879525125026703,0.004755549882837354,0.5202363379589445
05,181,1,0.25673758865248225,0.13667411532508655,0.2902035415172577,0.005503933258105329,0.8840061840553909
05,182,1,0.2581560283687943,0.13711136919579828,0.2903938889503479,0.004653069076511776,0.5255900552890729
05,183,1,0.25957446808510637,0.13758116364527068,0.2886973023414612,0.0037052497785417223,0.08803915326372001
05,184,1,0.26099290780141843,0.13858033470389164,0.29203981161117554,0.0022636007029996604,-0.4586462722107167
05,185,1,0.2624113475177305,0.1381353046147786,0.29248639941215515,0.0029433951257216958,-0.1602798885093124
05,186,1,0.26382978723404255,0.13846305961380018,0.29438701272010803,0.002980937449123128,-0.10616424317810028
05,187,1,0.2652482269503546,0.1388838757788775,0.2930721938610077,0.002898043888546251,-0.16783402899907154
05,188,1,0.26666666666666666,0.13754561663748135,0.2927972972393036,0.0045619810633441395,0.5350322099811308
05,189,1,0.2680851063829787,0.13949081183933293,0.28811490535736084,0.0026123131412180457,-0.38893749091189833
05,190,1,0.2695035460992908,0.14244501900180245,0.2868420481681824,0.0015144083381612317,-0.8818822399342964
05,191,1,0.27092198581560284,0.1464032315063413,0.2911236584186554,0.003219946668979237,-0.06988596726347573
05,192,1,0.2723404255319149,0.1495820528484111,0.29206153750419617,0.004518929079183112,0.501941960863421
05,193,1,0.27375886524822696,0.15431016365778766,0.2923421561717987,0.0062379308358271905,1.2393961975235626
05,194,1,0.275177304964539,0.15861031190107372,0.29191362857818604,0.00683324112449957,1.48423762327401
05,195,1,0.2765957446808511,0.16506043107786522,0.2885700762271881,0.009242037076473256,2.4426418670072483
05,196,1,0.27801418439716313,0.17340598587122083,0.2871134579181671,0.012923291976947917,3.9806236411011136
05,197,1,0.2794326241134752,0.18182827122129316,0.2842395007610321,0.015389594071317793,4.972931463628294
05,198,1,0.28085106382978725,0.1891445337466073,0.26692840456962585,0.015826329705755537,4.811540623007668
05,199,1,0.2822695035460993,0.19887840018029856,0.26373496651649475,0.017926640678063432,5.641626547975149
05,200,1,0.28368794326241137,0.20906603594280943,0.266088604927063,0.019659784164965943,6.426693255906636
05,201,1,0.2851063829787234,0.2215217266343302,0.2669457495212555,0.023200462338589578,7.951249946238486
05,202,1,0.2865248226950355,0.23547960030423778,0.27721285820007324,0.027234972155237902,9.87484021462209
05,203,1,0.28794326241134754,0.25487428522842065,0.2884232997894287,0.03504589044001317,13.425072967918513
05,204,1,0.28936170212765955,0.2756038186813968,0.2850899398326874,0.041776452630958756,16.223570742159538
05,205,1,0.2907801418439716,0.2951132983729966,0.29028987884521484,0.04465148663791175,17.55187680288213
05,206,1,0.29219858156028367,0.31345476812047773,0.30663883686065674,0.04459506345072626,17.85587278017304
05,207,1,0.2936170212765957,0.3333151516138727,0.29909542202949524,0.04496165499006128,17.860593329798476
05,208,1,0.2950354609929078,0.3533467926499479,0.3005053400993347,0.04538307942977347,18.06829259394125
05,209,1,0.29645390070921984,0.3702424944955658,0.293094664812088,0.04284303778325355,16.838246513698394
05,210,1,0.2978723404255319,0.3854132066049436,0.3323758840560913,0.039231450861989065,16.088816914337645
05,211,1,0.29929078014184396,0.3968316127887569,0.3221479654312134,0.03266024742468587,13.086076047096023
05,212,1,0.300709219858156,0.4070409805502507,0.31564226746559143,0.026990499892458608,10.5417892167915
05,213,1,0.3021276595744681,0.4158436919158604,0.30309033393859863,0.02236966428299264,8.322743196331421
05,214,1,0.30354609929078014,0.4241097215057359,0.29260358214378357,0.01923539451779452,6.778001884204347
05,215,1,0.3049645390070922,0.43075075479262837,0.2826385498046875,0.01620229907948892,5.286800633773798
05,216,1,0.30638297872340425,0.43659829800091843,0.2798337936401367,0.013570056786811115,4.109913038115971
05,217,1,0.3078014184397163,0.44135631006299436,0.2757583558559418,0.01093873948622007,2.9079249550690807
05,218,1,0.30921985815602837,0.44608079828347674,0.271902859210968,0.009285073169918948,2.1265612739658724
05,219,1,0.31063829787234043,0.44898363584286705,0.26928168535232544,0.006695141534874052,0.971369730818618
05,220,1,0.3120567375886525,0.45151886134797914,0.27532485127449036,0.004672146777426475,0.23137476825835496
05,221,1,0.31347517730496455,0.4542215619629874,0.27543333172798157,0.0036447065556695383,-0.20385693929992074
05,222,1,0.3148936170212766,0.4562423869809049,0.2739589512348175,0.002449218598588823,-0.7423886482821103
05,223,1,0.31631205673758866,0.4577320235667055,0.27264171838760376,0.0013984580100323577,-1.216153200533266
05,224,1,0.3177304964539007,0.4592859577411638,0.2730382978916168,0.0007652952535310868,-1.4777504023422614
05,225,1,0.3191489361702128,0.4601197349866228,0.2743878662586212,0.0004182248927329874,-1.5984303190399665
05,226,1,0.32056737588652484,0.4609845906717636,0.273246169090271,0.0009523891700741723,-1.3939290065192003
05,227,1,0.3219858156028369,0.46161731325082866,0.27480366826057434,0.0015052175137237585,-1.1273266714251964
05,228,1,0.32340425531914896,0.46192841483628194,0.2742060720920563,0.0021654383493012715,-0.8582432284784061
05,229,1,0.324822695035461,0.4620060443953991,0.2741273045539856,0.002748423063963637,-0.6116317223976059
05,230,1,0.3262411347517731,0.4617781551792269,0.27491188049316406,0.0034478896323299453,-0.29810917687304933
05,231,1,0.3276595744680851,0.4618511619067946,0.2737556993961334,0.003573274031628074,-0.2679267585143976
05,232,1,0.32907801418439714,0.4616670152012502,0.2753061354160309,0.003815882901163939,-0.1335346866765355
05,233,1,0.3304964539007092,0.46151738224056915,0.2745649814605713,0.0039001659530870482,-0.11252330395593282
05,234,1,0.33191489361702126,0.46130045862751357,0.2726457417011261,0.003994924027435146,-0.11068891744374593
05,235,1,0.3333333333333333,0.4610481397022085,0.27515143156051636,0.004127818814811901,-0.003839297411571213
05,236,1,0.3347517730496454,0.4609801920785097,0.2772209644317627,0.003995010887364145,-0.0188571014434315
05,237,1,0.33617021276595743,0.4610323487293025,0.2788812816143036,0.0037711484558862586,-0.08084947783964848
05,238,1,0.3375886524822695,0.46112902590654814,0.27541840076446533,0.003553212900823913,-0.2431077504725469
05,239,1,0.33900709219858155,0.4611980531667471,0.2726065218448639,0.0034413274603836115,-0.347156356055805
05,240,1,0.3404255319148936,0.46098841000565266,0.27017873525619507,0.0036884489876126943,-0.29066007196176913
05,241,1,0.34184397163120567,0.4611876071116026,0.2758012115955353,0.0034913063634485044,-0.261782471125841
05,242,1,0.3432624113475177,0.4612700860452811,0.277548611164093,0.0034476420253450575,-0.24531262670674436
05,243,1,0.3446808510638298,0.46119140799741964,0.27691686153411865,0.0035615851078897283,-0.20947916217805757
05,244,1,0.34609929078014184,0.4611732508098079,0.2734082341194153,0.003578081003169584,-0.27285166353668
05,245,1,0.3475177304964539,0.46111441670517395,0.27278077602386475,0.003683125308842375,-0.24072053823444814
05,246,1,0.34893617021276596,0.4611393240509926,0.27742987871170044,0.003639920361416524,-0.1658368898450549
05,247,1,0.350354609929078,0.46101375615839024,0.2764365077018738,0.0037327977554467958,-0.14622701962466944
05,248,1,0.3517730496453901,0.46111336049740353,0.2761175334453583,0.0035887804566761385,-0.21393868418610187
05,249,1,0.35319148936170214,0.461000045206771,0.27753177285194397,0.0036871231692075764,-0.1436970688755039
05,250,1,0.3546099290780142,0.46087511776082785,0.27917245030403137,0.0037834577405500116,-0.06976723923518219
05,251,1,0.35602836879432626,0.4610049901417277,0.2760215699672699,0.0035875337871090042,-0.21639478428622475
05,252,1,0.3574468085106383,0.4613590787215442,0.2757655680179596,0.0032312537031268214,-0.37320883083983536
05,253,1,0.3588652482269504,0.4613343450340357,0.2738565504550934,0.0033174169466705207,-0.37482839610184426
05,254,1,0.36028368794326243,0.46129928530671166,0.2753525674343109,0.0034360516308106883,-0.29430721545683447
05,255,1,0.3617021276595745,0.461510656521756,0.2755565643310547,0.003330722302237352,-0.3350557829226397
05,256,1,0.36312056737588655,0.4615904401469807,0.2748686969280243,0.0033773552720196805,-0.32900391281313823
05,257,1,0.3645390070921986,0.461521702068853,0.27498263120651245,0.003503933706506504,-0.2728302424973987
05,258,1,0.3659574468085106,0.4615951891957814,0.27300840616226196,0.0034772858382824652,-0.3237847397903383
05,259,1,0.36737588652482267,0.46165593800178206,0.2708168625831604,0.00349051300454922,-0.36212355452919676
05,260,1,0.36879432624113473,0.461630316233972,0.27081015706062317,0.003552455142365793,-0.3358877007994887
05,261,1,0.3702127659574468,0.46147936521738464,0.2705347239971161,0.0037133751807009842,-0.2729059700589801
05,262,1,0.37163120567375885,0.46138072097745214,0.2673046588897705,0.0038014352077663906,-0.3002228208037113
05,263,1,0.3730496453900709,0.46149624499008307,0.26947319507598877,0.0036322941405531302,-0.32872224377038695
05,264,1,0.37446808510638296,0.4614282175955053,0.2718220055103302,0.0036603982822061816,-0.269632290551472
05,265,1,0.375886524822695,0.4616247299101607,0.27276256680488586,0.0034133613079341237,-0.3559314761821936
05,266,1,0.3773049645390071,0.4617252267475128,0.2720123827457428,0.003349205643775996,-0.39829551636025146
05,267,1,0.37872340425531914,0.4619110082878336,0.2782961130142212,0.0032495505459703674,-0.3146478758171136
05,268,1,0.3801418439716312,0.4616440027357026,0.27652719616889954,0.0036202469225389807,-0.19232333066955912
05,269,1,0.38156028368794326,0.4617946861879015,0.27258554100990295,0.003523509755389409,-0.3125901497869364
05,270,1,0.3829787234042553,0.46181272914809085,0.27348798513412476,0.0035479558646353106,-0.2840766417374119
05,271,1,0.3843971631205674,0.46181192354742456,0.2683786451816559,0.003570637065446064,-0.37693174228479104
05,272,1,0.38581560283687943,0.46188687194939465,0.26992765069007874,0.0034709174783737447,-0.3883065579193526
05,273,1,0.3872340425531915,0.4619130699222595,0.27334529161453247,0.0035054368089318918,-0.3050410438835585
05,274,1,0.38865248226950355,0.4615062745143168,0.2725187838077545,0.003941828150464091,-0.13584043807228613
05,275,1,0.3900709219858156,0.4613378977201775,0.27217844128608704,0.00403359128615986,-0.10360292025004936
05,276,1,0.39148936170212767,0.46090652534303483,0.269634485244751,0.004346457206490792,-0.021448288926494252
05,277,1,0.39290780141843973,0.4608570960824624,0.26751887798309326,0.00415079981547328,-0.14719118257184036
05,278,1,0.3943262411347518,0.4606494547081408,0.2686336040496826,0.004094447729845613,-0.14881646937212828
05,279,1,0.39574468085106385,0.4603557167391281,0.2688230574131012,0.004173980747314271,-0.11115608998620086
05,280,1,0.3971631205673759,0.46015395167058293,0.2714206278324127,0.004130200570597109,-0.07767818495494277
05,281,1,0.39858156028368796,0.4597342344650887,0.2725791931152344,0.0043617743579783515,0.04415367728452896
05,282,1,0.4,0.4597180459793684,0.27752599120140076,0.004097247439355256,0.030787570391168917
05,283,1,0.4014184397163121,0.45938564795649484,0.27456921339035034,0.004196793280035705,0.01384362229112826
05,284,1,0.40283687943262414,0.45907979962029083,0.2757575213909149,0.004260124420581391,0.0646469271088311
05,285,1,0.40425531914893614,0.45868259846568143,0.2749471962451935,0.0043887875626177604,0.10316426210029545
05,286,1,0.4056737588652482,0.458218303356232,0.2723585367202759,0.004590173672215395,0.13696211241342454
05,287,1,0.40709219858156026,0.45809245378297786,0.2712212800979614,0.004341087589685416,0.008102333281564567
05,288,1,0.4085106382978723,0.4578162079711855,0.2758100628852844,0.004294034858098536,0.08013765278704651
05,289,1,0.4099290780141844,0.457582725730943,0.27492040395736694,0.0042116191860647025,0.027201499546695013
05,290,1,0.41134751773049644,0.45781967566970966,0.2737996280193329,0.003699701063613445,-0.2132221004719527
05,291,1,0.4127659574468085,0.45788977571814554,0.27158647775650024,0.0035299440935469524,-0.32989555775996915
05,292,1,0.41418439716312055,0.4579786212429317,0.2738899290561676,0.0033904290525527377,-0.3430755405904825
05,293,1,0.4156028368794326,0.45803343988519113,0.26901188492774963,0.0033762137282298517,-0.4469978613759539
05,294,1,0.41702127659574467,0.4583821069628426,0.2683852016925812,0.0031402251891404194,-0.5600378002540853
05,295,1,0.41843971631205673,0.4585942118838893,0.2701931297779083,0.003068728091376924,-0.5542026783156334
05,296,1,0.4198581560283688,0.4587526864858356,0.27095070481300354,0.0030863625308665795,-0.5314956528334709
05,297,1,0.42127659574468085,0.45873914431849866,0.2681494355201721,0.003293421008929512,-0.4995486161529682
05,298,1,0.4226950354609929,0.4589474428891048,0.2700183093547821,0.003261548546650281,-0.4756214663544622
05,299,1,0.42411347517730497,0.45912336204791815,0.2649223506450653,0.0032269633694024776,-0.5925878891841829
05,300,1,0.425531914893617,0.45957089567393333,0.2691231667995453,0.002911717284394458,-0.642513458121587
05,301,1,0.4269503546099291,0.45991334018683017,0.2684604823589325,0.002773825068522082,-0.7145135330085888
05,302,1,0.42836879432624114,0.4603746085804341,0.2676870822906494,0.002606105642000975,-0.8014331718883416
05,303,1,0.4297872340425532,0.4604458572599599,0.27133727073669434,0.00289164838530753,-0.6066347091325015
05,304,1,0.43120567375886526,0.46087707907659725,0.27263253927230835,0.0027910503716806175,-0.6234743377282279
05,305,1,0.4326241134751773,0.4612691553643256,0.2664956748485565,0.0027255199346182786,-0.774499146913548
05,306,1,0.4340425531914894,0.46139050252046715,0.2665722072124481,0.0029431265728505325,-0.6803227991996375
05,307,1,0.43546099290780144,0.4617199813118619,0.26580506563186646,0.0028676212664640295,-0.7278589059167355
05,308,1,0.4368794326241135,0.46220873264231316,0.2662656605243683,0.0026974009489883185,-0.791085020440881
05,309,1,0.43829787234042555,0.4623864769097292,0.2678839862346649,0.002852570073001268,-0.6925562348551763
05,310,1,0.4397163120567376,0.4624936765605711,0.2668643891811371,0.0030247008085102474,-0.6397323276457885
05,311,1,0.44113475177304967,0.46281105486916885,0.26963165402412415,0.0029831160099385553,-0.6019151339251657
05,312,1,0.4425531914893617,0.46315052150585784,0.26748549938201904,0.0029164177625762818,-0.6733696302555519
05,313,1,0.44397163120567373,0.46365766873943015,0.26644158363342285,0.00264471774489011,-0.8099840119508297
05,314,1,0.4453900709219858,0.4636510502247757,0.2718749940395355,0.002969134216969785,-0.5628583673582602
05,315,1,0.44680851063829785,0.4638199349070636,0.2733503580093384,0.003089592950733075,-0.48197501203865484
05,316,1,0.4482269503546099,0.46423650899149543,0.2714117169380188,0.002925238875774891,-0.5908407088903718
05,317,1,0.44964539007092197,0.4645834473247296,0.2718813419342041,0.002849797413950109,-0.613535807965297
05,318,1,0.451063829787234,0.4647362888805429,0.2695823609828949,0.0029284005044616897,-0.6261979464920759
05,319,1,0.4524822695035461,0.4645702647682212,0.2668623626232147,0.003365734280725172,-0.494586109736641
05,320,1,0.45390070921985815,0.4644750828489643,0.26636484265327454,0.003648498665271488,-0.38418788448446667
05,321,1,0.4553191489361702,0.4645740755360635,0.26989802718162537,0.003609149442539536,-0.3300519420654081
05,322,1,0.45673758865248226,0.4648483543779846,0.27148860692977905,0.003332527653451875,-0.4159045331073198
05,323,1,0.4581560283687943,0.4645514710272218,0.2667539417743683,0.0036574273785751317,-0.37258001948274516
05,324,1,0.4595744680851064,0.4642953188692634,0.2648829221725464,0.003908881101283662,-0.30306872941114205
05,325,1,0.46099290780141844,0.4643670844393055,0.26685625314712524,0.0037921745363162897,-0.31316190561680823
05,326,1,0.4624113475177305,0.46447784665791164,0.2650134861469269,0.0036296645435207027,-0.41931896199958074
05,327,1,0.46382978723404256,0.4644874433049997,0.2667439877986908,0.0035274409664143693,-0.4281183495809689
05,328,1,0.4652482269503546,0.4642615493910144,0.27234649658203125,0.0037373279498441854,-0.22635820681682176
05,329,1,0.4666666666666667,0.46435578703353686,0.26878657937049866,0.0036346479377594556,-0.3414960633014966
05,330,1,0.46808510638297873,0.4645633215224591,0.26887333393096924,0.003424289097395031,-0.429310731634344
05,331,1,0.4695035460992908,0.46480808054569295,0.26589730381965637,0.003200898790298082,-0.5841233205283447
05,332,1,0.47092198581560285,0.4647354435390277,0.263696551322937,0.003353695107136648,-0.5632286566498641
05,333,1,0.4723404255319149,0.46453713173088745,0.26123523712158203,0.0036704804522801867,-0.47774734161046967
05,334,1,0.47375886524822697,0.4645827109476249,0.26548346877098083,0.0036702374098804254,-0.3926165489495661
05,335,1,0.475177304964539,0.464858258355028,0.2686585485935211,0.00339953735876877,-0.4441575336577886
05,336,1,0.4765957446808511,0.46529246730556056,0.26657700538635254,0.0029778728605699386,-0.66543412681655
05,337,1,0.47801418439716314,0.4654358793826317,0.27007347345352173,0.0029737167251320225,-0.5970522253140846
05,338,1,0.4794326241134752,0.46563954237665633,0.27176788449287415,0.0029947406440434506,-0.5541060299762347
05,339,1,0.4808510638297872,0.46595126144323884,0.2721540629863739,0.0029472294347188096,-0.5665847156061403
05,340,1,0.48226950354609927,0.46638877784140614,0.2732875347137451,0.002782963808604208,-0.6137755188910631
05,341,1,0.4836879432624113,0.4665042840274179,0.27031856775283813,0.0029415352565538818,-0.6058352772572089
05,342,1,0.4851063829787234,0.46651764294085374,0.2714713215827942,0.003195277504314584,-0.4746823189455307
05,343,1,0.48652482269503544,0.4666696721891001,0.2669580280780792,0.0032627733971175273,-0.5364998726517248
05,344,1,0.4879432624113475,0.46683732288485674,0.2661556005477905,0.003274725387826219,-0.5475110768262063
05,345,1,0.48936170212765956,0.4669442213470618,0.26656991243362427,0.0032799631864838226,-0.5369686753079173
05,346,1,0.4907801418439716,0.46719558782462106,0.27498623728752136,0.0031385810388355724,-0.428298087899162
05,347,1,0.4921985815602837,0.46707403314855045,0.273396760225296,0.0034296219358479598,-0.33628478140378637
05,348,1,0.49361702127659574,0.46709638392253655,0.2716522514820099,0.003508361401724472,-0.3377642256489647
05,349,1,0.4950354609929078,0.4674715423489675,0.26888060569763184,0.0031979682347134915,-0.5255155513033211
05,350,1,0.49645390070921985,0.46775604069447596,0.2671031057834625,0.0030453001396814313,-0.626173170009104
05,351,1,0.4978723404255319,0.4681874412934646,0.26897963881492615,0.0027540127581564796,-0.7125320729981764
05,352,1,0.49929078014184397,0.46853262778811866,0.2673097550868988,0.0026871782997309997,-0.7744889114291466
05,353,1,0.500709219858156,0.4688457235893108,0.2718639671802521,0.0027331434649343874,-0.6635470459982613
05,354,1,0.502127659574468,0.4692750777041668,0.2732888460159302,0.002647334660164172,-0.6714900890070523
05,355,1,0.5035460992907801,0.46974542647001105,0.2723454535007477,0.002556745146742698,-0.7289841426639876
05,356,1,0.5049645390070922,0.4702395715140659,0.2683011591434479,0.0024520963968244188,-0.8546784280276345
05,357,1,0.5063829787234042,0.4705595378512397,0.2656426727771759,0.002558865991137441,-0.8625622740549517
05,358,1,0.5078014184397163,0.47099596006880484,0.27040889859199524,0.002550897339054556,-0.7703277160426009
05,359,1,0.5092198581560283,0.4713240975994298,0.2717323303222656,0.0026529803995891084,-0.700315653620962
05,360,1,0.5106382978723404,0.47192759488739844,0.27059710025787354,0.0024441508939751196,-0.8119964942244773
05,361,1,0.5120567375886524,0.4722660211205515,0.271689236164093,0.0025277305041552208,-0.7545024315520895
05,362,1,0.5134751773049645,0.4725202558017735,0.2714673578739166,0.002700116640261177,-0.6855647882861666
05,363,1,0.5148936170212766,0.4729383259639886,0.2686432898044586,0.0026631204112881864,-0.7579756525047279
05,364,1,0.5163120567375886,0.4733989755962543,0.26990312337875366,0.0026060278701622005,-0.7570048106764049
05,365,1,0.5177304964539007,0.4736903579368427,0.2712317109107971,0.002682490706787802,-0.697796505066893
05,366,1,0.5191489361702127,0.47401384629832677,0.26779744029045105,0.0027150865493765193,-0.7528229821382624
05,367,1,0.5205673758865248,0.4742405217336734,0.2699397802352905,0.002861808738168184,-0.6473767349000467
05,368,1,0.5219858156028369,0.47455125277391513,0.27079951763153076,0.002876626640347682,-0.6238190517685265
05,369,1,0.5234042553191489,0.4746855348306506,0.2720406651496887,0.00303041387802738,-0.5334460741770009
05,370,1,0.524822695035461,0.47480686982250686,0.26722094416618347,0.0031578731096231468,-0.5758836627535309
05,371,1,0.526241134751773,0.4748006505540039,0.2659046947956085,0.0033623482591711136,-0.5152417661205198
05,372,1,0.5276595744680851,0.474783826837728,0.2677733302116394,0.0035192041805296144,-0.41097278582928204
05,373,1,0.5290780141843971,0.4751163662094062,0.27196991443634033,0.0032448083248046407,-0.4435922498546129
05,374,1,0.5304964539007092,0.47542185914102164,0.2746979594230652,0.0030470232378781133,-0.4730604947065711
05,375,1,0.5319148936170213,0.4754211522396181,0.27167582511901855,0.0032014774689103328,-0.46793978142498904
05,376,1,0.5333333333333333,0.4754752190160861,0.268417626619339,0.0033025361138459526,-0.49028723365950305
05,377,1,0.5347517730496454,0.47571853149734894,0.2664441466331482,0.003232071677172596,-0.5598806428502192
05,378,1,0.5361702127659574,0.4758810892392578,0.2691134810447693,0.0032200552572493853,-0.5114402403434285
05,379,1,0.5375886524822695,0.47612211029587714,0.2645106911659241,0.003093841725189142,-0.6575205753933608
05,380,1,0.5390070921985816,0.4764339759616231,0.26110491156578064,0.0029572155735078905,-0.7840176571237989
05,381,1,0.5404255319148936,0.4764083506256524,0.26046305894851685,0.003222530145862876,-0.6839440873066542
05,382,1,0.5418439716312057,0.47643768144067683,0.2659284174442291,0.003365654112914282,-0.513358419016792
05,383,1,0.5432624113475177,0.4763183771664537,0.2640497386455536,0.003624106437492167,-0.4410213109549428
05,384,1,0.5446808510638298,0.47633809459183085,0.26549074053764343,0.003653455729759181,-0.39961505267504527
05,385,1,0.5460992907801419,0.4762170868441848,0.2642647922039032,0.0037504931349571615,-0.38290046461597865
05,386,1,0.5475177304964539,0.4763366397620039,0.2677363455295563,0.0035831242717711377,-0.38450237050780084
05,387,1,0.548936170212766,0.4763367218790846,0.2698832154273987,0.003557781735022217,-0.3522176951745138
05,388,1,0.550354609929078,0.4763733731077311,0.2698025107383728,0.003525716684533467,-0.3674878426516238
05,389,1,0.5517730496453901,0.47602765942540115,0.2712353765964508,0.003880249995838453,-0.18780547091469524
05,390,1,0.5531914893617021,0.4758474640902329,0.26972639560699463,0.0040130884763108195,-0.1615280445984962
05,391,1,0.5546099290780142,0.4757807488620335,0.26842665672302246,0.003957509786567459,-0.21126661817030837
05,392,1,0.5560283687943263,0.4753568735401078,0.26954516768455505,0.004242391854230349,-0.06754365397162604
05,393,1,0.5574468085106383,0.47511869020987446,0.27217936515808105,0.004226450292557871,-0.021479255924400198
05,394,1,0.5588652482269504,0.47475029687923237,0.282090961933136,0.00436760131931829,0.2374734420001865
05,395,1,0.5602836879432624,0.4743749946336194,0.2770894169807434,0.00446861176218116,0.18012789212161823
05,396,1,0.5617021276595745,0.47395854016232897,0.27851781249046326,0.004533627676368041,0.23646543738115344
05,397,1,0.5631205673758866,0.47383892000101924,0.27829644083976746,0.004303664493233062,0.1341226065180768
05,398,1,0.5645390070921986,0.47358148702635106,0.2768685817718506,0.004241154915687437,0.07886283726816484
05,399,1,0.5659574468085107,0.4731793643120173,0.27656811475753784,0.004351075166800872,0.11963035548210565
05,400,1,0.5673758865248227,0.4730799545527563,0.2753106653690338,0.004151577345661334,0.009470113703502397
05,401,1,0.5687943262411348,0.47284438767279513,0.27148574590682983,0.004167497823229349,-0.06049327359381551
05,402,1,0.5702127659574469,0.47237870403596083,0.27528712153434753,0.004384548378007625,0.10817961058093906
05,403,1,0.5716312056737589,0.47182443695322984,0.2779152989387512,0.004638119713141054,0.26886192142512805
05,404,1,0.573049645390071,0.47107031470538174,0.27808910608291626,0.00505351012129229,0.4491916676502864
05,405,1,0.574468085106383,0.469818206247111,0.27446499466896057,0.005803208617719377,0.6956456999259266
05,406,1,0.5758865248226951,0.46800488485569086,0.27511829137802124,0.006859984652718501,1.1586503233776437
05,407,1,0.577304964539007,0.46551733191004513,0.27484509348869324,0.008254082803296741,1.746673107578553
05,408,1,0.5787234042553191,0.4627878583100519,0.27585774660110474,0.009406780142493767,2.2577238774387216
05,409,1,0.5801418439716312,0.45980175773976834,0.2730877101421356,0.010322266613944902,2.5918938971783696
05,410,1,0.5815602836879432,0.45687550795839105,0.277676522731781,0.01074440426848652,2.863676445830448
05,411,1,0.5829787234042553,0.4531171427754372,0.28871381282806396,0.011720425227115427,3.5006404439797056
05,412,1,0.5843971631205673,0.44905282798050067,0.32022660970687866,0.012684692738399962,4.543410378653817
05,413,1,0.5858156028368794,0.4431854496493363,0.34160372614860535,0.0151183134871765,6.008365549661118
05,414,1,0.5872340425531914,0.43615472775454744,0.3799890875816345,0.01799495835935737,8.00317207758357
05,415,1,0.5886524822695035,0.4260482459431585,0.40225663781166077,0.022921245119785424,10.547185620353268
05,416,1,0.5900709219858156,0.41208543285576554,0.4224138557910919,0.030116833999108694,14.014959902762149
05,417,1,0.5914893617021276,0.3950489570293201,0.4382215142250061,0.03791146104437037,17.650493164545928
05,418,1,0.5929078014184397,0.3731816326614629,0.48098433017730713,0.047744662257223465,22.694714776866252
05,419,1,0.5943262411347517,0.3481699684039428,0.5000818371772766,0.05701305274147244,27.023673492405997
05,420,1,0.5957446808510638,0.32129520525967264,0.4908163249492645,0.06441824650093869,29.990360037194225
05,421,1,0.5971631205673759,0.29341615219271583,0.47482624650001526,0.06959974266887228,31.875442175805674
05,422,1,0.5985815602836879,0.27007989755114736,0.48645439743995667,0.0675277961012897,31.22666131743288
05,423,1,0.6,0.24753466846722091,0.4802948236465454,0.06429759140763727,29.72789619442426
05,424,1,0.601418439716312,0.2281694238819443,0.48455357551574707,0.05850401100873338,27.346862671646363
05,425,1,0.6028368794326241,0.20826832322041622,0.46690499782562256,0.055123666325829386,25.553669755834754
05,426,1,0.6042553191489362,0.191386806155544,0.4770365059375763,0.050718226147626715,23.881431728083477
05,427,1,0.6056737588652482,0.18207546759017512,0.4927870035171509,0.04035629186409474,19.786094631801966
05,428,1,0.6070921985815603,0.17233811588013978,0.5049237608909607,0.03372884335486863,17.20812173886142
05,429,1,0.6085106382978723,0.16010996664675545,0.5031615495681763,0.03199916558780183,16.436396557386598
05,430,1,0.6099290780141844,0.1521353110505947,0.5041295289993286,0.027934232040547388,14.725268947532502
05,431,1,0.6113475177304964,0.14123600875227335,0.5077241659164429,0.029020660562631417,15.259910897881927
05,432,1,0.6127659574468085,0.1328949931128301,0.5057381391525269,0.02715181149259921,14.424446335034135
05,433,1,0.6141843971631206,0.12473128243234896,0.48683029413223267,0.025454741481252957,13.32260224607675
05,434,1,0.6156028368794326,0.11630678006652474,0.4934370219707489,0.02503457279347554,13.276279311624233
05,435,1,0.6170212765957447,0.10834289352365495,0.47894391417503357,0.02404132659032783,12.562646386116262
05,436,1,0.6184397163120567,0.09983204379368128,0.4611178934574127,0.024328897513146916,12.327421050443542
05,437,1,0.6198581560283688,0.08474496378164292,0.4507010281085968,0.031150240195398048,15.022446768754104
05,438,1,0.6212765957446809,0.07150091280235805,0.4591529965400696,0.034397711512006435,16.574556132980646
05,439,1,0.6226950354609929,0.06114188407122608,0.3468445837497711,0.03355527342709674,13.962611874328907
05,440,1,0.624113475177305,0.04945624400363621,0.35621604323387146,0.0334406611315794,14.101842402281717
05,441,1,0.625531914893617,0.04071380347333405,0.3525334596633911,0.02958915171437028,12.388268607613366
05,442,1,0.6269503546099291,0.024404368578426074,0.35124504566192627,0.03489079653220104,14.619467554654724
05,443,1,0.6283687943262412,0.013604997023145446,0.35271772742271423,0.03391603203149865,14.234031890699342
05,444,1,0.6297872340425532,0.00685229505325413,0.35234931111335754,0.028784512239369828,12.042017858262058
05,445,1,0.6312056737588653,0.0025348893290025746,0.35420936346054077,0.02245093072602586,9.382965490875982
05,446,1,0.6326241134751773,0.9902829999929805,0.3423544764518738,0.025158091525965043,10.297624566464519
05,447,1,0.6340425531914894,0.9914027649393117,0.3432671129703522,0.015507984433272474,6.207631982573183
05,448,1,0.6354609929078014,0.9903709569942266,0.34622126817703247,0.01098923435739915,4.343152370399711
05,449,1,0.6368794326241135,0.9864018034901884,0.3439616858959198,0.0108380533466805,4.23345559800231
05,450,1,0.6382978723404256,0.9809662961310546,0.3438129425048828,0.012240289246110729,4.827439823858014
05,451,1,0.6397163120567376,0.9695853077378608,0.34270820021629333,0.021292101673823033,8.658868396884694
05,452,1,0.6411347517730497,0.9577830993015489,0.33755749464035034,0.027639945809772165,11.257970818494044
05,453,1,0.6425531914893617,0.9496447054230052,0.3444584608078003,0.0276313752651465,11.392779431061827
05,454,1,0.6439716312056738,0.9376408875254321,0.33964890241622925,0.030445918645923803,12.494507811958114
05,455,1,0.6453900709219859,0.9246254926583639,0.35925307869911194,0.03262996136158633,13.817639750934923
05,456,1,0.6468085106382979,0.9165378652308395,0.35875776410102844,0.02947763501923656,12.465674167337166
05,457,1,0.64822695035461,0.9073970086268802,0.3423161804676056,0.02830718310551844,11.63750694770346
05,458,1,0.649645390070922,0.9014505875728261,0.33657634258270264,0.02369167996054128,9.557405363792382
05,459,1,0.6510638297872341,0.8912023834950127,0.3385373651981354,0.02489230905020326,10.107889516438693
05,460,1,0.6524822695035462,0.880912259790732,0.3407784104347229,0.026826655463646182,10.9763545682679
05,461,1,0.6539007092198581,0.8743069995687409,0.30040520429611206,0.024525514325610343,9.186671987414046
05,462,1,0.6553191489361702,0.8698500932918259,0.299498587846756,0.02070991833799049,7.54408300905287
05,463,1,0.6567375886524822,0.8643688329684853,0.2977132499217987,0.01829105509108106,6.478489525446586
05,464,1,0.6581560283687943,0.8589551362944177,0.2978989779949188,0.016996364133516878,5.931032037974793
05,465,1,0.6595744680851063,0.855617533364906,0.2993758022785187,0.014844686188949989,5.044636621671394
05,466,1,0.6609929078014184,0.853219596665061,0.3020175099372864,0.012570256337836257,4.129354105978527
05,467,1,0.6624113475177305,0.85293820766718,0.301319420337677,0.008694021179026009,2.4651332167483804
05,468,1,0.6638297872340425,0.8529076293180197,0.2982081174850464,0.0058669432028599896,1.1991485798117383
05,469,1,0.6652482269503546,0.8517971133549014,0.29585471749305725,0.005465582421878776,0.9810614205847712
05,470,1,0.6666666666666666,0.8515874960649551,0.2998986542224884,0.004720094709323911,0.7448231812674226
05,471,1,0.6680851063829787,0.8517747899999453,0.30223095417022705,0.004124775624307267,0.538174287473364
05,472,1,0.6695035460992907,0.8509862291326435,0.3017321825027466,0.004622482074800313,0.7400538641848158
05,473,1,0.6709219858156028,0.8508512644953701,0.2947792708873749,0.0042770966657297545,0.4535147293760195
05,474,1,0.6723404255319149,0.8510582584280133,0.295409232378006,0.003833640518203699,0.2773630498536175
05,475,1,0.6737588652482269,0.8500784768029804,0.29997488856315613,0.004681112734001122,0.7297570590866208
05,476,1,0.675177304964539,0.8501909072952434,0.3031266927719116,0.0041446039424969635,0.5645873449315981
05,477,1,0.676595744680851,0.8507894028766287,0.30189692974090576,0.0033472779017615613,0.20047146274455166
05,478,1,0.6780141843971631,0.8513103871706289,0.29623228311538696,0.0028108282030760686,-0.14156167825822924
05,479,1,0.6794326241134752,0.8518066890121074,0.3010554015636444,0.002377558547251438,-0.2292474287454545
05,480,1,0.6808510638297872,0.8529592958685688,0.3034387528896332,0.0016570047430718412,-0.48818775352380145
05,481,1,0.6822695035460993,0.8539246133193102,0.29321253299713135,0.0013837844356617253,-0.8096782329437334
05,482,1,0.6836879432624113,0.8555242757584055,0.30064845085144043,0.0006493650221867688,-0.9731495008773299
05,483,1,0.6851063829787234,0.8559319626799162,0.29666268825531006,0.0012137098326702707,-0.8128613625636913
05,484,1,0.6865248226950355,0.8554920010915852,0.28855714201927185,0.0026849898379535083,-0.34912431700265373
05,485,1,0.6879432624113475,0.8560296037658518,0.28801316022872925,0.002780563469440997,-0.3193502814302008
05,486,1,0.6893617021276596,0.8565460085480383,0.29094842076301575,0.0027904062988898777,-0.25626842376665626
05,487,1,0.6907801418439716,0.8562324068116389,0.28722310066223145,0.0033594412326974606,-0.08875819734270436
05,488,1,0.6921985815602837,0.8568092885459921,0.2881403863430023,0.002857670531274917,-0.2839711893291161
05,489,1,0.6936170212765957,0.8563044767519841,0.28430673480033875,0.0036918041888847316,-0.005775000134563689
05,490,1,0.6950354609929078,0.8560863301471324,0.28191402554512024,0.003978669040269442,0.06834483054630583
05,491,1,0.6964539007092199,0.8572374870560551,0.2784684896469116,0.0027125925311203255,-0.5397864876389603
05,492,1,0.6978723404255319,0.8580483777046071,0.28083115816116333,0.0021529719436723634,-0.7306282976189571
05,493,1,0.699290780141844,0.85923704332653,0.27778008580207825,0.001274078611403215,-1.1660112937774723
05,494,1,0.700709219858156,0.8595937818100815,0.2788403630256653,0.00165048177148813,-0.9844937751997227
05,495,1,0.7021276595744681,0.8603467401867341,0.27765679359436035,0.0017743863105728315,-0.9554908770619042
05,496,1,0.7035460992907802,0.8604719762782589,0.28259626030921936,0.0024264635017177657,-0.5787817096302945
05,497,1,0.7049645390070922,0.8598254114000567,0.28261592984199524,0.003678928023332859,-0.045180133058629446
05,498,1,0.7063829787234043,0.8600688078178187,0.2846379578113556,0.003582623623952616,-0.045610542602259926
05,499,1,0.7078014184397163,0.8600194523125684,0.27781403064727783,0.0037507356311372283,-0.1109525079944067
05,500,1,0.7092198581560284,0.8616392962290489,0.27571457624435425,0.0021406008997578475,-0.838551355369653
05,501,1,0.7106382978723405,0.8630854694673551,0.2761736512184143,0.0009956492782599458,-1.3167766002095924
05,502,1,0.7120567375886525,0.8640787910051749,0.2719603478908539,0.0007164194745113402,-1.520185517043367
05,503,1,0.7134751773049646,0.8656509410390293,0.2696036100387573,0.00021444944982551908,-1.7811716344088226
05,504,1,0.7148936170212766,0.8657134950970939,0.2753540277481079,0.0014920833610466118,-1.1218761038039546
05,505,1,0.7163120567375887,0.8668077899698796,0.2736131250858307,0.0014163382052722025,-1.1890513455417362
05,506,1,0.7177304964539007,0.8670771695359796,0.27691152691841125,0.0020775387648033746,-0.8413835750160302
05,507,1,0.7191489361702128,0.868396618845401,0.27664217352867126,0.0015076840880831307,-1.0893897934819639
05,508,1,0.7205673758865249,0.8697079294813593,0.2717791497707367,0.0008827929037177025,-1.4529914552093872
05,509,1,0.7219858156028369,0.8677113935353276,0.26920387148857117,0.003877937445815824,-0.229549022884672
05,510,1,0.723404255319149,0.8659518334333167,0.2700865566730499,0.005863398439188647,0.6334234296356689
05,511,1,0.724822695035461,0.8644220051437992,0.27089351415634155,0.007111892703040465,1.1811304905828233
05,512,1,0.7262411347517731,0.8631561317333558,0.2791142761707306,0.0073841126880833914,1.4619586654767691
05,513,1,0.7276595744680852,0.8634860530256566,0.27571240067481995,0.005416241958781706,0.5559311532667893
05,514,1,0.7290780141843972,0.8625170060851549,0.2837786078453064,0.005328953771865677,0.6806063808519264
05,515,1,0.7304964539007093,0.8630560010135979,0.2755088210105896,0.003931252006382222,-0.08035246206043256
05,516,1,0.7319148936170212,0.8617060381510865,0.27737879753112793,0.0049397138363433376,0.38649435655319186
05,517,1,0.7333333333333333,0.8618115537687498,0.27283617854118347,0.00447167482311264,0.09609720160330154
05,518,1,0.7347517730496453,0.8619057755264501,0.2745465040206909,0.003958828251185706,-0.0879199493569634
05,519,1,0.7361702127659574,0.8604944692280105,0.2744162976741791,0.005217326909949052,0.4452434873845349
05,520,1,0.7375886524822695,0.8602092727134758,0.27586689591407776,0.004862140478086943,0.3231353564281048
05,521,1,0.7390070921985815,0.8594215289986553,0.2753807306289673,0.005275692833504761,0.48944125939125566
05,522,1,0.7404255319148936,0.8594150857571031,0.26978179812431335,0.004684629882533317,0.12547628026395863
05,523,1,0.7418439716312056,0.8581522304296192,0.27084654569625854,0.005324812767680512,0.41938142448912563
05,524,1,0.7432624113475177,0.8564174292983315,0.2734515964984894,0.00647405419937033,0.9609099450444463
05,525,1,0.7446808510638298,0.8562839335257959,0.26872718334198,0.005659589118119893,0.519382721640036
05,526,1,0.7460992907801418,0.8566455337245893,0.2716562747955322,0.004513590051111652,0.09026864982563543
05,527,1,0.7475177304964539,0.8560608199236224,0.2701319754123688,0.004405915843950112,0.013846188063108056
05,528,1,0.7489361702127659,0.8563787933947948,0.2708990275859833,0.0035650897462784466,-0.3287257681360628
05,529,1,0.750354609929078,0.8561138010426328,0.26907458901405334,0.003820423122556313,-0.2566282309379409
05,530,1,0.75177304964539,0.8554819063995708,0.27269282937049866,0.00440978464482755,0.06687285078533134
05,531,1,0.7531914893617021,0.8548196780675822,0.27607622742652893,0.004781106145561512,0.29283683573970076
05,532,1,0.7546099290780142,0.8551680671177789,0.27339059114456177,0.004122431631354726,-0.0414613287920475
05,533,1,0.7560283687943262,0.8539853559877849,0.26684609055519104,0.005002461192094768,0.20188491331659747
05,534,1,0.7574468085106383,0.8528930314114571,0.2688100039958954,0.005562674504710594,0.4797853029851521
05,535,1,0.7588652482269503,0.8521344438382524,0.2658858597278595,0.005674043330886861,0.4685294514118452
05,536,1,0.7602836879432624,0.8509334449280519,0.2632349729537964,0.006203733683754956,0.6408465189333833
05,537,1,0.7617021276595745,0.8498830478866698,0.2614072263240814,0.006195475177705298,0.6006597196345502
05,538,1,0.7631205673758865,0.8494821291457519,0.2592454254627228,0.005570816893344374,0.29135311022117205
05,539,1,0.7645390070921986,0.8493254892107553,0.2623603641986847,0.004874731261914675,0.057507708187432116
05,540,1,0.7659574468085106,0.8493611363094822,0.2614936828613281,0.004136845506313572,-0.274018210268192
05,541,1,0.7673758865248227,0.8483520053848073,0.2638641595840454,0.004752899276346059,0.0358119937070871
05,542,1,0.7687943262411348,0.8478553687383642,0.2641368806362152,0.004866775297323486,0.08976372747407457
05,543,1,0.7702127659574468,0.8486939873420322,0.2664777338504791,0.0036214665918085894,-0.3934311568951625
05,544,1,0.7716312056737589,0.8482462080942312,0.2656272053718567,0.0039113703724287215,-0.2870760789371442
05,545,1,0.7730496453900709,0.8481418751874701,0.270413339138031,0.0037369712253771366,-0.2652959173793596
05,546,1,0.774468085106383,0.8479294391698075,0.2658901512622833,0.003896874693705474,-0.2879716622717199
05,547,1,0.775886524822695,0.8477440150998518,0.2661325931549072,0.004100816371521984,-0.19628412535286516
05,548,1,0.7773049645390071,0.8471310627437503,0.2670016586780548,0.004476275667078364,-0.019004804558032995
05,549,1,0.7787234042553192,0.8461347257013279,0.271283894777298,0.005193826371880536,0.37239182599467113
05,550,1,0.7801418439716312,0.8466055289042554,0.2711469233036041,0.004221235797417397,-0.04441356772306168
05,551,1,0.7815602836879433,0.8465931324376925,0.2676294147968292,0.00390265469759232,-0.250615304031905
05,552,1,0.7829787234042553,0.8472847588276158,0.26985791325569153,0.00292330764212925,-0.6228375769582906
05,553,1,0.7843971631205674,0.8473689461458864,0.2718507647514343,0.002877544344824981,-0.6023366973972627
05,554,1,0.7858156028368795,0.8473087824804502,0.2758336365222931,0.003246263121400886,-0.3654532382229921
05,555,1,0.7872340425531915,0.8474940257536775,0.2717852294445038,0.003236833242222234,-0.4506928728338705
05,556,1,0.7886524822695036,0.8472569604566917,0.2668502926826477,0.003699121868204228,-0.3528964502278352
05,557,1,0.7900709219858156,0.8468666697874648,0.26439201831817627,0.00408246294470013,-0.23901962819000833
05,558,1,0.7914893617021277,0.8471475010403432,0.2689518332481384,0.0036760626022163652,-0.32054919038836077
05,559,1,0.7929078014184398,0.8470094325553252,0.26641008257865906,0.0037738107272075857,-0.3299315891127589
05,560,1,0.7943262411347518,0.8464013132661174,0.26814138889312744,0.004260781716827308,-0.08787927966096715
05,561,1,0.7957446808510639,0.8464068487213806,0.26410770416259766,0.0040413344639205736,-0.262233427363443
05,562,1,0.7971631205673759,0.8464964464422956,0.26728251576423645,0.0038367814764845272,-0.28561925671591726
05,563,1,0.798581560283688,0.8465007212278921,0.2659694254398346,0.0036697430413761252,-0.3830770382131933
05,564,1,0.8,0.8466377516416982,0.26725152134895325,0.0034055347957117595,-0.4698341146305497
05,565,1,0.8014184397163121,0.848656320841018,0.2672211229801178,0.001736968985349311,-1.1807961613996085
05,566,1,0.8028368794326242,0.8495713273039325,0.2661200761795044,0.0011234429792037577,-1.4640810627657674
05,567,1,0.8042553191489362,0.8501898414648048,0.2667846381664276,0.0012436428118189043,-1.3995754285427682
05,568,1,0.8056737588652483,0.8508873709719852,0.2680028975009918,0.0014683933638666965,-1.279450726492371
05,569,1,0.8070921985815603,0.8511111318594041,0.26226404309272766,0.0023070373090195136,-1.037559367619754
05,570,1,0.8085106382978723,0.8517226273642061,0.2629465162754059,0.002309244558814036,-1.0229269043442333
05,571,1,0.8099290780141843,0.8520096395821901,0.26299193501472473,0.0025600573558984515,-0.9152380726680246
05,572,1,0.8113475177304964,0.8528082076739574,0.26165831089019775,0.0022164387934775183,-1.0882826166450155
05,573,1,0.8127659574468085,0.853066215300521,0.2612851560115814,0.002438640342406981,-1.0011723810044866
05,574,1,0.8141843971631205,0.8518981277057518,0.2593323588371277,0.004095498797455352,-0.33498424335180965
05,575,1,0.8156028368794326,0.8510620125942133,0.2602337896823883,0.004975488994380242,0.0577364518593233
05,576,1,0.8170212765957446,0.8510671662281073,0.2601282596588135,0.004733428613492072,-0.047432287958217745
05,577,1,0.8184397163120567,0.8500394741708687,0.26040107011795044,0.00532586030926818,0.21025491941000818
05,578,1,0.8198581560283688,0.8491503612816373,0.26688873767852783,0.0054582879160864324,0.3967979328993251
05,579,1,0.8212765957446808,0.8481439185080248,0.2630819082260132,0.0057777890836703235,0.45643974170290574
05,580,1,0.8226950354609929,0.8479273687597831,0.2622365355491638,0.005264815310364904,0.2210922681524452
05,581,1,0.8241134751773049,0.8472920196036042,0.2655301094055176,0.005115215099462775,0.22348405724915837
05,582,1,0.825531914893617,0.8460692752213071,0.2644559144973755,0.005651095839943746,0.43007044254316146
05,583,1,0.826950354609929,0.8458282571565021,0.262055903673172,0.005121842389666229,0.1566008506824924
05,584,1,0.8283687943262411,0.8451821965763152,0.2612541913986206,0.00518898763197245,0.1691012092339263
05,585,1,0.8297872340425532,0.8456033065493391,0.2581494450569153,0.004081584613081554,-0.3646412293755055
05,586,1,0.8312056737588652,0.8444570789437291,0.2610577940940857,0.004805633955125285,0.0019571013032983475
05,587,1,0.8326241134751773,0.8439421679044086,0.2560437321662903,0.0049174959250513324,-0.05101980334414469
05,588,1,0.8340425531914893,0.8437438850997816,0.25681865215301514,0.004644256416654916,-0.15179743293140102
05,589,1,0.8354609929078014,0.8441145344986931,0.2625361680984497,0.003914029148609996,-0.34796109748965304
05,590,1,0.8368794326241135,0.844813991113455,0.2582915127277374,0.0028423795211865973,-0.8893529102703995
05,591,1,0.8382978723404255,0.8457074693579051,0.25890713930130005,0.0020381293191679946,-1.2193916728668919
05,592,1,0.8397163120567376,0.8470576613029717,0.25741004943847656,0.0011292627374755422,-1.636356787060754
05,593,1,0.8411347517730496,0.8484767652775078,0.2583225965499878,0.0005386028137369077,-1.8695073203237271
05,594,1,0.8425531914893617,0.8496175712304521,0.26377636194229126,0.0004883545554962817,-1.7814778688683905
05,595,1,0.8439716312056738,0.850117036114054,0.26187726855278015,0.0011897847011436953,-1.5209630923140396
05,596,1,0.8453900709219858,0.8507507196070017,0.2593506872653961,0.001658492897233241,-1.3721137262768097
05,597,1,0.8468085106382979,0.8504385501481126,0.2590843737125397,0.0028939269321297508,-0.8515002864249602
05,598,1,0.8482269503546099,0.8515404917778419,0.25845497846603394,0.0022824315200517505,-1.1244577446021684
05,599,1,0.849645390070922,0.8516778946890302,0.2573547661304474,0.0026257587457108296,-1.0003684316328876
05,600,1,0.851063829787234,0.8521941129784616,0.25517284870147705,0.002499755100023507,-1.0977883142500822
05,601,1,0.8524822695035461,0.8523417543828125,0.2524586617946625,0.002712962038537628,-1.0614765422683827
05,602,1,0.8539007092198582,0.8526604908774889,0.2557145357131958,0.0028700266025361828,-0.9292859212494982
05,603,1,0.8553191489361702,0.8531074632534417,0.2582208216190338,0.0027030540014951173,-0.950085740510302
05,604,1,0.8567375886524823,0.8522806895727759,0.2575048804283142,0.0038872198232637297,-0.4603196112159753
05,605,1,0.8581560283687943,0.8514153823973628,0.2575318515300751,0.004774171147255421,-0.08218007754280415
05,606,1,0.8595744680851064,0.8510384234826818,0.2552488148212433,0.004919537065574045,-0.0660996355523783
05,607,1,0.8609929078014185,0.8504734169740205,0.2554195523262024,0.005079026725533589,0.0052248748420477
05,608,1,0.8624113475177305,0.8488387423206716,0.25539088249206543,0.006055189809027165,0.4202278400121233
05,609,1,0.8638297872340426,0.8482949248688889,0.25456205010414124,0.005738520447783749,0.26878414967261366
05,610,1,0.8652482269503546,0.8482479480107221,0.2561277449131012,0.0050053829238320665,-0.011918419896043586
05,611,1,0.8666666666666667,0.847807061177154,0.2580687701702118,0.004748650889410286,-0.08227226919043873
05,612,1,0.8680851063829788,0.8474547147240181,0.2553377151489258,0.004434408393329534,-0.2708479635092469
05,613,1,0.8695035460992908,0.847367380509146,0.25480300188064575,0.004175735709038339,-0.3916999003514503
05,614,1,0.8709219858156029,0.8470909993577673,0.2561575770378113,0.004220230770481223,-0.3455797116830019
05,615,1,0.8723404255319149,0.8464740171959568,0.25595980882644653,0.004547975769053023,-0.21001800141971305
05,616,1,0.873758865248227,0.8459349779816276,0.25688067078590393,0.004753753988082918,-0.10393714113617675
05,617,1,0.875177304964539,0.8460319109932836,0.25667911767959595,0.004276886790829379,-0.3109958462401752
05,618,1,0.8765957446808511,0.8463217079325429,0.25581878423690796,0.0036532224726044367,-0.5937673475978307
05,619,1,0.8780141843971632,0.8463034906916552,0.25470077991485596,0.0034791168571860183,-0.6903197109018389
05,620,1,0.8794326241134752,0.8467199926699313,0.25696638226509094,0.003019983252834588,-0.8403290652673626
05,621,1,0.8808510638297873,0.846838984178161,0.26083236932754517,0.003097245416680797,-0.7298714294063272
05,622,1,0.8822695035460993,0.8475730425745478,0.25929924845695496,0.002564955316513293,-0.987240983289925
05,623,1,0.8836879432624114,0.8477840839811637,0.25986915826797485,0.0026667475703986395,-0.9324709882157287
05,624,1,0.8851063829787233,0.8481678879576804,0.2579730749130249,0.0026530919162590346,-0.976326566497622
05,625,1,0.8865248226950354,0.8476201798979827,0.25821033120155334,0.003562773797894045,-0.5842909890935496
05,626,1,0.8879432624113475,0.8462862836563168,0.25571784377098083,0.005091968969515384,0.016719487971745717
05,627,1,0.8893617021276595,0.8458587266422812,0.25604236125946045,0.005197836253993141,0.0683009091066844
05,628,1,0.8907801418439716,0.8455460398193311,0.25594863295555115,0.00502918374222269,-0.005379395510668239
05,629,1,0.8921985815602836,0.8439764627885818,0.2546546757221222,0.005943298738384587,0.3578220204395506
05,630,1,0.8936170212765957,0.8436952440707943,0.25409963726997375,0.005313588178821907,0.07860175229539634
05,631,1,0.8950354609929078,0.8427924250028637,0.25950807332992554,0.005568647350371961,0.29569910620565687
05,632,1,0.8964539007092198,0.8416545862622686,0.25500765442848206,0.005939910681112601,0.3634616129371704
05,633,1,0.8978723404255319,0.84003630916083,0.2556289732456207,0.006585324393285572,0.6506969382901882
05,634,1,0.8992907801418439,0.8383810514166792,0.26184359192848206,0.007255543730498496,1.060713663712246
05,635,1,0.900709219858156,0.8373728243334598,0.25982028245925903,0.0069352226501890575,0.8837499875833881
05,636,1,0.902127659574468,0.8361609728928756,0.2610767185688019,0.006792173923422321,0.8480588658455601
05,637,1,0.9035460992907801,0.8349980922917091,0.25764232873916626,0.006581651182240603,0.6895280508442448
05,638,1,0.9049645390070922,0.8333815056093881,0.25086352229118347,0.006938683647281366,0.7055197485411614
05,639,1,0.9063829787234042,0.8325268358550726,0.259314626455307,0.00654346694977406,0.7068241160516754
05,640,1,0.9078014184397163,0.8319247524236127,0.261224627494812,0.005934053261637093,0.48570199982741663
05,641,1,0.9092198581560283,0.8313313522510639,0.2656729817390442,0.005468398316870207,0.3767099141325436
05,642,1,0.9106382978723404,0.8312644562902954,0.2656484544277191,0.0046186092674773945,0.014440364611075895
05,643,1,0.9120567375886525,0.8319606074713309,0.2678225040435791,0.0033931957566687406,-0.4636312732511593
05,644,1,0.9134751773049645,0.8334127526073762,0.27945685386657715,0.0018071752881129756,-0.9054162981828435
05,645,1,0.9148936170212766,0.8357392090714856,0.28157228231430054,0.0008245977016604128,-1.2812824693443496
05,646,1,0.9163120567375886,0.8388726482046602,0.2912585139274597,0.0021864378215496775,-0.5071720725594687
05,647,1,0.9177304964539007,0.842449575746001,0.30150920152664185,0.003861317384299237,0.41153235564458585
05,648,1,0.9191489361702128,0.8466469547689277,0.3206675350666046,0.005436454338558441,1.4664920184223649
05,649,1,0.9205673758865248,0.8515794441766821,0.3331570327281952,0.0070603932059249445,2.4084279542479763
05,650,1,0.9219858156028369,0.857800838452162,0.35927924513816833,0.009321728705105784,3.895239867734917
05,651,1,0.9234042553191489,0.8642019373095794,0.377703458070755,0.010990780000647685,4.975452318627857
05,652,1,0.924822695035461,0.8711982299713721,0.4247112274169922,0.012548982271545774,6.5819587233100485
05,653,1,0.926241134751773,0.8776354915273801,0.30914899706840515,0.01284842502694267,4.390860167550806
05,654,1,0.9276595744680851,0.8829673706809459,0.3113737404346466,0.011666292342833982,3.932231403213849
05,655,1,0.9290780141843972,0.8882894796201652,0.30956414341926575,0.010696768224857382,3.483172810320937
05,656,1,0.9304964539007092,0.895000343278023,0.3168013095855713,0.011385746305068698,3.9216914730533485
05,657,1,0.9319148936170213,0.8983114842057655,0.3151615858078003,0.008746358906148392,2.7651366092772434
05,658,1,0.9333333333333333,0.9013769578956236,0.31754177808761597,0.006642834426410146,1.9173660790519254
05,659,1,0.9347517730496454,0.9042903019541444,0.32243815064430237,0.004953781681261568,1.29653032139091
05,660,1,0.9361702127659575,0.9061791426480957,0.32655176520347595,0.0028424167917181246,0.48020038686193667
05,661,1,0.9375886524822695,0.907079449811292,0.32622501254081726,0.0012584690160173783,-0.20068344223359225
05,662,1,0.9390070921985816,0.9077440143953888,0.323991060256958,0.0008893677363804526,-0.4026403518172659
05,663,1,0.9404255319148936,0.9092725689252595,0.32295501232147217,0.0006884987602968663,-0.5089422490597757
05,664,1,0.9418439716312057,0.9099513373754156,0.3272660970687866,0.0012094105925819472,-0.20068113077940364
05,665,1,0.9432624113475178,0.9105545952817609,0.3240024149417877,0.0015492013680666024,-0.12150408539788393
05,666,1,0.9446808510638298,0.9110362312398588,0.32572734355926514,0.0019363517775859125,0.07792403098789036
05,667,1,0.9460992907801419,0.9117682171377176,0.3315846621990204,0.0020274200908445813,0.2342123246240163
05,668,1,0.9475177304964539,0.9125621395369188,0.3318620026111603,0.0018574097447579237,0.16739887991047708
05,669,1,0.948936170212766,0.9133488464384166,0.32760941982269287,0.0017234033836358827,0.02502730245614193
05,670,1,0.950354609929078,0.9144081594439926,0.32725241780281067,0.0013626531672238902,-0.13571620824643094
05,671,1,0.9517730496453901,0.9148276017699303,0.32657578587532043,0.0017861928923196243,0.031020157974168683
05,672,1,0.9531914893617022,0.915520894969007,0.3193216025829315,0.0018577458512960528,-0.08406195255165372
05,673,1,0.9546099290780142,0.9162196220568165,0.3170519173145294,0.0018987076215086192,-0.11216121360071174
05,674,1,0.9560283687943263,0.9171171989305992,0.3175118863582611,0.0017188246523259206,-0.17951352863071635
05,675,1,0.9574468085106383,0.9175037161589693,0.31489938497543335,0.0020095672956074425,-0.10815261285933908
05,676,1,0.9588652482269504,0.9182552357871665,0.3145785927772522,0.0019270762646700053,-0.1497074086056358
05,677,1,0.9602836879432625,0.9186812754726273,0.3104839324951172,0.002184621783749033,-0.12221662622957186
05,678,1,0.9617021276595744,0.9193527242223634,0.30836814641952515,0.002128586387965728,-0.18852236869984274
05,679,1,0.9631205673758865,0.9202776906935805,0.30470457673072815,0.0017625012396896818,-0.41787831606845066
05,680,1,0.9645390070921985,0.9210197876241771,0.30811402201652527,0.0017138979427457875,-0.3701647137253354
05,681,1,0.9659574468085106,0.9212579868339368,0.3075440227985382,0.0021668366922387968,-0.18877299110985485
05,682,1,0.9673758865248226,0.9216325941477491,0.30765870213508606,0.0024364072187538196,-0.07170889510490502
05,683,1,0.9687943262411347,0.9218512227981935,0.3080199062824249,0.00278774604965584,0.08511225163953784
05,684,1,0.9702127659574468,0.9221508787126482,0.30840441584587097,0.0028814731613544227,0.1327289324920542
05,685,1,0.9716312056737588,0.9221689751844289,0.30880239605903625,0.0031461494616915582,0.2533934265114747
05,686,1,0.9730496453900709,0.922206845664082,0.3067329227924347,0.003336026069661488,0.2927080578278296
05,687,1,0.9744680851063829,0.9222236825456892,0.3090016543865204,0.0034627520671374453,0.3921772577864538
05,688,1,0.975886524822695,0.9222016500989194,0.30844300985336304,0.0035778994507811553,0.4299901666349631
05,689,1,0.9773049645390071,0.922274076785483,0.306723415851593,0.003518165610785354,0.3700588868553804
05,690,1,0.9787234042553191,0.9223531538490601,0.30790677666664124,0.003465363947471764,0.37132215890597914
05,691,1,0.9801418439716312,0.9225526269643084,0.3054865598678589,0.003302467878468049,0.25341509388923955
05,692,1,0.9815602836879432,0.922635603145213,0.30563920736312866,0.0033017278022182657,0.25616266227738715
05,693,1,0.9829787234042553,0.9223258417794591,0.3043992817401886,0.0037199774295455486,0.40934527002431564
05,694,1,0.9843971631205674,0.9222772470421924,0.3074418306350708,0.003781513415306273,0.4965868343546388
05,695,1,0.9858156028368794,0.9223098544845121,0.30999788641929626,0.003729929271269636,0.5259094586067669
05,696,1,0.9872340425531915,0.9222458315293967,0.31384798884391785,0.003733259106435985,0.6045734656008619
05,697,1,0.9886524822695035,0.9222588314128413,0.3137509822845459,0.003622816319037295,0.5556087914569907
20,8,0,0.011594202898550725,0.15836351065103885,0.2873954772949219,nan,nan
20,9,0,0.013043478260869565,0.15847351613968244,0.28487738966941833,nan,nan
20,10,0,0.014492753623188406,0.15892509854914016,0.2860117554664612,nan,nan
20,11,0,0.015942028985507246,0.160266479707392,0.2842826247215271,nan,nan
20,12,0,0.017391304347826087,0.16030917132941772,0.2905203700065613,0.002289933955384152,-0.4779207861193177
20,13,0,0.01884057971014493,0.1606153452180727,0.28915438055992126,0.0024701752363238934,-0.428593840270463
20,14,0,0.020289855072463767,0.16087153414934838,0.2873016893863678,0.002749443574645763,-0.3468734082756758
20,15,0,0.021739130434782608,0.16069149696485832,0.2841207683086395,0.0034160896591878655,-0.12688502674643742
20,16,0,0.02318840579710145,0.15992123260220023,0.28309303522109985,0.0042926083362125585,0.22565203162451325
20,17,0,0.02463768115942029,0.1614998437422986,0.2854079604148865,0.0026879272797613075,-0.41105727725930785
20,18,0,0.02608695652173913,0.16265796608714495,0.28231632709503174,0.001680014800519933,-0.9021808956848018
20,19,0,0.02753623188405797,0.16312729023896483,0.28306129574775696,0.0016572986331491986,-0.8969051077153809
20,20,0,0.028985507246376812,0.16275871807969608,0.28359657526016235,0.0026348191109445947,-0.47000948426406725
20,21,0,0.030434782608695653,0.16254181050214261,0.2889336943626404,0.003561098057871995,0.03141283563763811
20,22,0,0.03188405797101449,0.16170671010821153,0.28772175312042236,0.004656690141764089,0.4735193243327106
20,23,0,0.03333333333333333,0.16174695747275356,0.28613269329071045,0.004378628782488733,0.3232592718398726
20,24,0,0.034782608695652174,0.1611126128056111,0.29082900285720825,0.004667890258078342,0.5406297145084917
20,25,0,0.036231884057971016,0.1609841254960745,0.29031240940093994,0.0043848512490937104,0.40976794159039254
20,26,0,0.03768115942028986,0.1598848755507236,0.2920414209365845,0.005094679942927599,0.7466505691220156
20,27,0,0.0391304347826087,0.1611333790254765,0.2920560836791992,0.003390717828802678,0.021523471326929597
20,28,0,0.04057971014492753,0.16184699679936515,0.2917213439941406,0.0025237054430947677,-0.35430243959684776
20,29,0,0.042028985507246375,0.16060566045063318,0.2919920086860657,0.003948637790265272,0.25775903916595944
20,30,0,0.043478260869565216,0.16093581285600334,0.2968026101589203,0.00352386912353479,0.17344124835720862
20,31,0,0.04492753623188406,0.15997593470521568,0.2972087264060974,0.004746481600642377,0.7020874895363468
20,32,0,0.0463768115942029,0.15930465306797376,0.29202792048454285,0.005128402157819093,0.7607361329845634
20,33,0,0.04782608695652174,0.15500300253719562,0.28017154335975647,0.008794466755749377,2.083595763459054
20,34,0,0.04927536231884058,0.1543753762593637,0.28918197751045227,0.00802142855522189,1.9352737250266832
20,35,0,0.050724637681159424,0.15454322228058676,0.2920871675014496,0.006213473384838933,1.2238680631462884
20,36,0,0.05217391304347826,0.15545421752282698,0.28842419385910034,0.00394430003644147,0.1843296031542821
20,37,0,0.0536231884057971,0.15263347882786324,0.29012706875801086,0.00580242984511854,1.0095496872591925
20,38,0,0.05507246376811594,0.15157493279214243,0.2827235758304596,0.006268594953506246,1.059468630872792
20,39,0,0.05652173913043478,0.15155185805480625,0.2713638246059418,0.00559155882403711,0.5433206134821051
20,40,0,0.057971014492753624,0.15076818147412632,0.27631422877311707,0.005627394348271903,0.6578990127699902
20,41,0,0.059420289855072465,0.15075709970500387,0.27595609426498413,0.004466967105219194,0.15668933390757844
20,42,0,0.06086956521739131,0.15141780261717333,0.28713110089302063,0.003337169412334887,-0.10008572884565342
20,43,0,0.06231884057971015,0.14851576636486655,0.2765924632549286,0.006199923120899395,0.9072218493855575
20,44,0,0.06376811594202898,0.14598872831486331,0.2860993444919586,0.00796793824841768,1.8506531903171737
20,45,1,0.06521739130434782,0.1458547312071078,0.28971508145332336,0.006907072066357459,1.4715589070463573
20,46,1,0.06666666666666667,0.14359667177189583,0.28926822543144226,0.007939539377095402,1.9021417904165698
20,47,1,0.06811594202898551,0.14337717415734788,0.2843570411205292,0.006203754280324017,1.0646372382175846
20,48,1,0.06956521739130435,0.14169661314464235,0.2880273461341858,0.006599667241149879,1.3068268002867074
20,49,1,0.07101449275362319,0.14260744038185064,0.28424301743507385,0.004615811211386348,0.3863205893385996
20,50,1,0.07246376811594203,0.13951721349720952,0.28857260942459106,0.006894215389713171,1.4431635315593494
20,51,1,0.07391304347826087,0.13592079542525554,0.2843487560749054,0.009470768892995581,2.4553246655120966
20,52,1,0.07536231884057971,0.13120323555616956,0.2883926331996918,0.012324234079058442,3.7512537031412267
20,53,1,0.07681159420289856,0.13094552148220512,0.28801390528678894,0.009958603755904707,2.7365443446307687
20,54,1,0.0782608695652174,0.12939763290115344,0.2879108786582947,0.008591012612045017,2.1522579183792505
20,55,1,0.07971014492753623,0.12830217954894996,0.28634729981422424,0.007156570815234462,1.5102076754839826
20,56,1,0.08115942028985507,0.12832946159726816,0.2815057039260864,0.005224634797839853,0.5905927260982125
20,57,1,0.08260869565217391,0.12761707953997153,0.27705925703048706,0.005218573365411133,0.4988010680837681
20,58,1,0.08405797101449275,0.12758287695044404,0.2763635814189911,0.004420665469380231,0.14515312101861055
20,59,1,0.08550724637681159,0.12698278402527088,0.2749599516391754,0.004567069406876037,0.1793194282291469
20,60,1,0.08695652173913043,0.12969480696542343,0.27416306734085083,0.002162818251282287,-0.8602214972758004
20,61,1,0.08840579710144927,0.13083282786916647,0.2682296335697174,0.0012167533368518764,-1.382031362170359
20,62,1,0.08985507246376812,0.13275367762565632,0.2721971571445465,0.0006765625308762851,-1.5324024464216508
20,63,1,0.09130434782608696,0.13421079573013925,0.26730892062187195,0.0005528175857714727,-1.6831588891415221
20,64,1,0.0927536231884058,0.13738231989286026,0.26473724842071533,0.0019173388222754077,-1.1538431387258403
20,65,1,0.09420289855072464,0.14038026501287504,0.26564499735832214,0.002993405710430971,-0.6775206997433671
20,66,1,0.09565217391304348,0.1445671285820359,0.27073967456817627,0.004793409993664707,0.1910051454603442
20,67,1,0.09710144927536232,0.14850701331458196,0.2688393294811249,0.005779931987115852,0.5728658721959915
20,68,1,0.09855072463768116,0.15332367484113352,0.27384230494499207,0.007022539117556711,1.2022533011897825
20,69,1,0.1,0.1575379501930182,0.268543004989624,0.007251475732373089,1.1933952737924867
20,70,1,0.10144927536231885,0.16098636198719818,0.2741602659225464,0.006410466231517284,0.9480572490539215
20,71,1,0.10289855072463767,0.16187717571488555,0.27113690972328186,0.00346945554866809,-0.3646670090646851
20,72,1,0.10434782608695652,0.16229204717480863,0.2651163339614868,0.0015636965577876093,-1.2967921385640413
20,73,1,0.10579710144927536,0.16324764203016456,0.26730433106422424,0.0010176957603015542,-1.4853401617535897
20,74,1,0.1072463768115942,0.16395647994584175,0.27374446392059326,0.0017362808039109974,-1.050208292327931
20,75,1,0.10869565217391304,0.16383527545447363,0.2754334807395935,0.002600014784939983,-0.6486065873964122
20,76,1,0.11014492753623188,0.1634989510292243,0.2773386836051941,0.0034258641450863577,-0.2587959154775451
20,77,1,0.11159420289855072,0.16206084659598385,0.2701476812362671,0.0051656945419307045,0.3376189847992889
20,78,1,0.11304347826086956,0.1608071127903218,0.2713566720485687,0.006122729489047599,0.7693103670011889
20,79,1,0.1144927536231884,0.1591970542650055,0.269548624753952,0.006945446225483887,1.0832867211116055
20,80,1,0.11594202898550725,0.15730766991409326,0.2743890881538391,0.007675275279029098,1.4911105420837203
20,81,1,0.11739130434782609,0.15534324133293645,0.2725551128387451,0.008091883581403166,1.6316756974994402
20,82,1,0.11884057971014493,0.15419650197605664,0.27222004532814026,0.00755922162252112,1.398184939558078
20,83,1,0.12028985507246377,0.15190418517851967,0.27348557114601135,0.008198885716491796,1.6958975288235416
20,84,1,0.12173913043478261,0.15042054989605416,0.27788031101226807,0.007859303727335853,1.6395023106502304
20,85,1,0.12318840579710146,0.14830376877809673,0.2733701169490814,0.008254304840783513,1.7171744893066043
20,86,1,0.1246376811594203,0.14679787563343893,0.2677435576915741,0.008000329846731349,1.4961623902235262
20,87,1,0.12608695652173912,0.14826516304373547,0.26856309175491333,0.004698638751330978,0.10698874553825533
20,88,1,0.12753623188405797,0.14993590201928914,0.27383774518966675,0.0023521016084395597,-0.7861657072776526
20,89,1,0.1289855072463768,0.14881289280614096,0.27174413204193115,0.00310473858548761,-0.5077535830096161
20,90,1,0.13043478260869565,0.14757703027218258,0.27285006642341614,0.004467882126457043,0.09476119042941594
20,91,1,0.1318840579710145,0.1494464477544799,0.27114295959472656,0.0030095712403965975,-0.5603304178823791
20,92,1,0.13333333333333333,0.15114422884353912,0.2696409821510315,0.0018681108088873122,-1.0764148852883348
20,93,1,0.13478260869565217,0.15334643706263662,0.2667275071144104,0.0011161242107054553,-1.4550096826569403
20,94,1,0.13623188405797101,0.1560500222603921,0.2703365385532379,0.0020795322541940523,-0.9724519668003495
20,95,1,0.13768115942028986,0.1573647871133198,0.26839640736579895,0.001337057488203227,-1.3274686744514044
20,96,1,0.1391304347826087,0.15779461901380656,0.2710248529911041,0.0007942542576886546,-1.505818484576954
20,97,1,0.14057971014492754,0.16023281664361225,0.26839184761047363,0.0005684383243171887,-1.6547814601785347
20,98,1,0.14202898550724638,0.1609352861510406,0.26986607909202576,0.0006507810891522121,-1.5901477923850686
20,99,1,0.14347826086956522,0.16006652090631301,0.2702268064022064,0.002607310347120276,-0.7499646224914152
20,100,1,0.14492753623188406,0.16059848186287765,0.27579745650291443,0.0027507828388039753,-0.5771180633334307
20,101,1,0.1463768115942029,0.1611189241774099,0.2717544436454773,0.0029313062365395022,-0.5813813880408061
20,102,1,0.14782608695652175,0.1624642062014176,0.26804354786872864,0.0018075510959811832,-1.1342468130959675
20,103,1,0.1492753623188406,0.16139114195900545,0.2655431926250458,0.003262845350987584,-0.5648557466483366
20,104,1,0.15072463768115943,0.16091526742533524,0.2627396881580353,0.004069875147830912,-0.27753005711165885
20,105,1,0.15217391304347827,0.16132250095967698,0.25718405842781067,0.0037418380041035733,-0.5286492599850386
20,106,1,0.1536231884057971,0.1603251017992781,0.26435211300849915,0.004790131360069211,0.061452704712955664
20,107,1,0.15507246376811595,0.16044228789288364,0.268001526594162,0.004138169165928793,-0.14288477552661658
20,108,1,0.1565217391304348,0.15891291561661103,0.2632897198200226,0.0054303279256709665,0.3126858512762288
20,109,1,0.15797101449275364,0.15899276698179518,0.2588488757610321,0.004849888608305775,-0.023521097758196885
20,110,1,0.15942028985507245,0.15853118621010245,0.2694803774356842,0.004729035885528044,0.13833353381611468
20,111,1,0.1608695652173913,0.15800265833418276,0.27020391821861267,0.004809084864153834,0.18692921752965652
20,112,1,0.16231884057971013,0.15877510798439126,0.2700381875038147,0.0034267278242700984,-0.4049014987087026
20,113,1,0.16376811594202897,0.15854998273546073,0.2620617747306824,0.0036174011651457063,-0.4837613724662637
20,114,1,0.16521739130434782,0.15978858341203256,0.2650667428970337,0.002268104426990239,-0.9979022353647382
20,115,1,0.16666666666666666,0.1617739055315932,0.2591663897037506,0.0010465816519655991,-1.6363180121192034
20,116,1,0.1681159420289855,0.16116746344356964,0.263187974691391,0.0021463854952882945,-1.0874157781465295
20,117,1,0.16956521739130434,0.16038168407062808,0.262294739484787,0.003530253733024441,-0.516188234898048
20,118,1,0.17101449275362318,0.16088926689349248,0.25994646549224854,0.0034805962439518725,-0.58444324951656
20,119,1,0.17246376811594202,0.16025868214471586,0.26149997115135193,0.0043863518630934935,-0.16767065697294975
20,120,1,0.17391304347826086,0.15941526730459918,0.2727006673812866,0.004850960856490849,0.2548503721704976
20,121,1,0.1753623188405797,0.15944392448767308,0.2735852599143982,0.004384254638674323,0.07390931093494166
20,122,1,0.17681159420289855,0.161078768422239,0.27280279994010925,0.0026140019710549113,-0.6954324576067221
20,123,1,0.1782608695652174,0.16016252560337174,0.25837618112564087,0.003478589009423547,-0.6168031328410736
20,124,1,0.17971014492753623,0.1607190928667469,0.26452311873435974,0.0028979826107123604,-0.7406535880683001
20,125,1,0.18115942028985507,0.16001961259181247,0.2670825123786926,0.00392341927618371,-0.2527480387667307
20,126,1,0.1826086956521739,0.15882826858167792,0.2690556049346924,0.005258685312353112,0.3552967517994767
20,127,1,0.18405797101449275,0.16037920162039268,0.2662634551525116,0.0032022030282577753,-0.5762218065243483
20,128,1,0.1855072463768116,0.16199070287873543,0.2681957185268402,0.0018195904233176009,-1.1260682850320285
20,129,1,0.18695652173913044,0.1632537939918048,0.2627880871295929,0.0007007113171193513,-1.7109002563936464
20,130,1,0.18840579710144928,0.16435375331293173,0.26132816076278687,0.00035119247820949735,-1.8889907636148293
20,131,1,0.18985507246376812,0.16584903336417597,0.26342254877090454,0.0002665328308031102,-1.8830119040096316
20,132,1,0.19130434782608696,0.16914948901803709,0.26464059948921204,0.0016957141081366282,-1.2501336946720667
20,133,1,0.1927536231884058,0.17048421408442938,0.26685142517089844,0.0012917709111049912,-1.3777460576739426
20,134,1,0.19420289855072465,0.17158744845641288,0.27625057101249695,0.0009209474971443154,-1.3470358263205693
20,135,1,0.1956521739130435,0.1736962143952976,0.2746131718158722,0.0008367141415452665,-1.41574807842259
20,136,1,0.19710144927536233,0.17559070488163114,0.27799132466316223,0.0007694093700984254,-1.3766240182535474
20,137,1,0.19855072463768117,0.1767229237422685,0.26971930265426636,0.0004436056391162978,-1.6812926499539818
20,138,1,0.2,0.17789408753458003,0.27837300300598145,0.00037694567800380333,-1.5360482956020878
20,139,1,0.20144927536231885,0.1790633174387229,0.2736629843711853,0.0005046192227099707,-1.5761936358512842
20,140,1,0.2028985507246377,0.1810624949895763,0.2698063552379608,0.0002904507317053667,-1.7447481269976208
20,141,1,0.20434782608695654,0.18226324458836632,0.27539077401161194,0.00020700343963547807,-1.6682310134143286
20,142,1,0.20579710144927535,0.1852020306684169,0.272877037525177,0.0015392905076170053,-1.1514758010673014
20,143,1,0.2072463768115942,0.18630423671370006,0.268999844789505,0.0009817985513970416,-1.4666046570697437
20,144,1,0.20869565217391303,0.18641456382248675,0.26655206084251404,0.0008853919405166196,-1.556758511620163
20,145,1,0.21014492753623187,0.18529065251687943,0.26955661177635193,0.0033473204543515685,-0.4483693745124134
20,146,1,0.21159420289855072,0.1847969496553685,0.2706860601902008,0.004597875297990797,0.10668521584728224
20,147,1,0.21304347826086956,0.18353553061562505,0.27505937218666077,0.005758024084472122,0.6883347357949136
20,148,1,0.2144927536231884,0.18104669343959062,0.2748636305332184,0.007554684735987802,1.4492929568538122
20,149,1,0.21594202898550724,0.18064999625718903,0.28003284335136414,0.006609414322665386,1.150578932763665
20,150,1,0.21739130434782608,0.17968769393716702,0.2755267322063446,0.006411552577764779,0.9759357884292496
20,151,1,0.21884057971014492,0.17817231567961023,0.27448877692222595,0.0066496169057712025,1.0564610223841466
20,152,1,0.22028985507246376,0.17721092438545524,0.2730622887611389,0.00627020446592248,0.8663149129909173
20,153,1,0.2217391304347826,0.17610403610769543,0.2735678255558014,0.0064181504801484575,0.9394422261993989
20,154,1,0.22318840579710145,0.17439917287386153,0.27035993337631226,0.006986523676608955,1.1170521325456808
20,155,1,0.2246376811594203,0.17207751815750036,0.2742658853530884,0.007986048127143732,1.6209428043231853
20,156,1,0.22608695652173913,0.16963656941122246,0.2715139091014862,0.008903297492894171,1.9562256847230985
20,157,1,0.22753623188405797,0.1677752665072827,0.2746221721172333,0.008871011653275761,2.0048432948468085
20,158,1,0.2289855072463768,0.16416091351032394,0.2793008089065552,0.010403172250131331,2.7509938564655023
20,159,1,0.23043478260869565,0.1612180864835426,0.2765754163265228,0.010786434436028263,2.8594777747876794
20,160,1,0.2318840579710145,0.15951576232695464,0.2757876217365265,0.009773900674126795,2.4126097512900224
20,161,1,0.23333333333333334,0.1570917503207015,0.2772704064846039,0.009667710909312979,2.397151793451893
20,162,1,0.23478260869565218,0.1544219700507351,0.2751922607421875,0.009666612132634072,2.354989203666948
20,163,1,0.23623188405797102,0.15357575790381137,0.2813360393047333,0.008078088414660591,1.8019785760082438
20,164,1,0.23768115942028986,0.15179478206696845,0.2794952392578125,0.0079484821065707,1.7098689435585293
20,165,1,0.2391304347826087,0.15159668360509174,0.2780211567878723,0.006216335503450865,0.9428735781225411
20,166,1,0.24057971014492754,0.15209659392412656,0.2821081876754761,0.004342658505513628,0.22720024127787353
20,167,1,0.24202898550724639,0.15311977788244552,0.2801332175731659,0.0027381305155425003,-0.49551408263750774
20,168,1,0.24347826086956523,0.1538930738608199,0.27274641394615173,0.0018508395318266565,-1.0214619868948593
20,169,1,0.24492753623188407,0.15576096098443118,0.2722974121570587,0.0007230781138861976,-1.5105880816213237
20,170,1,0.2463768115942029,0.1576933531476211,0.27417710423469543,0.0004589810683203249,-1.5853079653011315
20,171,1,0.24782608695652175,0.16049905560860173,0.27613717317581177,0.0017903101167837969,-0.9792005523631546
20,172,1,0.2492753623188406,0.16422106392510796,0.27937594056129456,0.0036674990017509816,-0.1150511898670484
20,173,1,0.25072463768115943,0.16705351057307202,0.2857809066772461,0.003917948133643048,0.1200773989228358
20,174,1,0.25217391304347825,0.16793247917286871,0.28223732113838196,0.0022526858409788707,-0.6599649742374992
20,175,1,0.2536231884057971,0.16789321374551647,0.27812954783439636,0.001448783447451218,-1.0846234506376922
20,176,1,0.25507246376811593,0.16969021847165203,0.27783849835395813,0.0008569139639478286,-1.342437247552806
20,177,1,0.2565217391304348,0.17213557554582398,0.2751769721508026,0.0007874209913884701,-1.4254216726847901
20,178,1,0.2579710144927536,0.17317123279840052,0.27723896503448486,0.0006211556253810646,-1.4548344625613627
20,179,1,0.2594202898550725,0.1741746671274906,0.276090532541275,0.0004940624225686207,-1.5319829056466694
20,180,1,0.2608695652173913,0.176708388080521,0.27975741028785706,0.0008235105716906969,-1.3181579168946804
20,181,1,0.26231884057971017,0.17623535957436215,0.2812335193157196,0.0014040603366853562,-1.041386815526622
20,182,1,0.263768115942029,0.17566898185926869,0.2765134572982788,0.002995384058913389,-0.45861946059552827
20,183,1,0.26521739130434785,0.17515487522616324,0.27548182010650635,0.004133927957235895,0.005390264669446976
20,184,1,0.26666666666666666,0.17557295550478633,0.279004842042923,0.003960899703280949,0.002411646813633428
20,185,1,0.26811594202898553,0.1750602627939584,0.27314653992652893,0.0041897342701752134,-0.0177053473438262
20,186,1,0.26956521739130435,0.17508528393910083,0.2772068679332733,0.0038709389299318416,-0.07196060669414692
20,187,1,0.2710144927536232,0.1737327001649666,0.2756929099559784,0.005077598224024091,0.4113705979526787
20,188,1,0.27246376811594203,0.17102237319478783,0.2771955132484436,0.007432381428903717,1.4440108925802189
20,189,1,0.27391304347826084,0.16811557171205618,0.28103965520858765,0.009201537334135739,2.274313700952254
20,190,1,0.2753623188405797,0.16778317354016348,0.2822669446468353,0.0077977627355528935,1.7013137853016689
20,191,1,0.2768115942028985,0.16809401888444425,0.2821684181690216,0.005661389791537766,0.7898271079445617
20,192,1,0.2782608695652174,0.16694346272857588,0.27932336926460266,0.00540227562727556,0.622433875099742
20,193,1,0.2797101449275362,0.16954018699207887,0.2796669602394104,0.002365795074373376,-0.6633817673869237
20,194,1,0.2811594202898551,0.1720473205332747,0.2850537896156311,0.0012851672851836183,-1.0153548271906505
20,195,1,0.2826086956521739,0.17390635164447207,0.27623310685157776,0.0011581503368900984,-1.2464027588970392
20,196,1,0.28405797101449276,0.17592372867604758,0.2770627737045288,0.0017224441784586845,-0.9895221019847324
20,197,1,0.2855072463768116,0.18087761714825804,0.27474701404571533,0.0044312661638012145,0.11723216548535148
20,198,1,0.28695652173913044,0.18574481738108736,0.2642417550086975,0.006464108857585779,0.7718945874083425
20,199,1,0.28840579710144926,0.19173239929579414,0.2620924711227417,0.009027316560339397,1.8199971239014434
20,200,1,0.2898550724637681,0.19792000282150637,0.26198020577430725,0.010758408173221105,2.554715712778239
20,201,1,0.29130434782608694,0.20673565523515042,0.2537583112716675,0.01407499205050042,3.801712578602218
20,202,1,0.2927536231884058,0.2153286666027704,0.2604637145996094,0.01620349389639733,4.842405189442775
20,203,1,0.2942028985507246,0.22800161183811987,0.2674752473831177,0.021480476826326034,7.2296306465820415
20,204,1,0.2956521739130435,0.2412954742755432,0.2702689468860626,0.025707036128167965,9.085038898736924
20,205,1,0.2971014492753623,0.25517477061800625,0.27498742938041687,0.028742464607121737,10.471969397744388
20,206,1,0.2985507246376812,0.26929702476268913,0.2842329144477844,0.030754939906090684,11.514229320019378
20,207,1,0.3,0.2815448655541717,0.2891502380371094,0.029510691157593555,11.083178619493465
20,208,1,0.30144927536231886,0.2929936445719449,0.2849229872226715,0.027573656746353814,10.173719043444194
20,209,1,0.30289855072463767,0.3031328402793317,0.2945241928100586,0.024788309879640175,9.18055744588553
20,210,1,0.30434782608695654,0.3165331426291653,0.30656692385673523,0.026199094814142482,10.022784483989584
20,211,1,0.30579710144927535,0.33033037824641936,0.3062325417995453,0.02818730096477745,10.862507031476996
20,212,1,0.3072463768115942,0.3428932733551112,0.3066509962081909,0.02855381790040737,11.0269385335991
20,213,1,0.30869565217391304,0.3523391560277449,0.30421367287635803,0.025524793377249527,9.688502331394602
20,214,1,0.3101449275362319,0.3591183721162114,0.3040412366390228,0.020002430528612697,7.334028217188166
20,215,1,0.3115942028985507,0.36549714398577954,0.31050172448158264,0.01573489502641931,5.6468464206917925
20,216,1,0.3130434782608696,0.37091075162522424,0.30963030457496643,0.012356811231023977,4.191224001759235
20,217,1,0.3144927536231884,0.3753215213847623,0.3725830614566803,0.0097632114230338,4.350111319739006
20,218,1,0.3159420289855073,0.37989973474265504,0.3785473704338074,0.008595833441672144,3.9727926757505703
20,219,1,0.3173913043478261,0.38348147385627585,0.3858117163181305,0.006982231898682026,3.4315882286623305
20,220,1,0.3188405797101449,0.3871183153475238,0.3853664994239807,0.006122990922305951,3.0568542541414807
20,221,1,0.32028985507246377,0.3911295320448675,0.37581688165664673,0.006082316689074721,2.847939712240904
20,222,1,0.3217391304347826,0.3944147348879553,0.3801349103450775,0.005415516867136263,2.65070020348449
20,223,1,0.32318840579710145,0.40005327397338525,0.36325380206108093,0.0074253059162411065,3.1676264343313485
20,224,1,0.32463768115942027,0.40370526143353297,0.3670974671840668,0.0069343433471114905,3.035728069190064
20,225,1,0.32608695652173914,0.40645690550352304,0.36193203926086426,0.005539250895599287,2.3381642869990262
20,226,1,0.32753623188405795,0.40901291455255384,0.3605279326438904,0.004263416579966181,1.7668369673460766
20,227,1,0.3289855072463768,0.41179950623060624,0.35688039660453796,0.0034004633418689726,1.3262729563009352
20,228,1,0.33043478260869563,0.41427956405001326,0.3431479334831238,0.0029439630969707335,0.8564080082355872
20,229,1,0.3318840579710145,0.4164700698354686,0.3411586284637451,0.002490893228305982,0.6236119446297692
20,230,1,0.3333333333333333,0.4198309930083303,0.3417266011238098,0.003348525318181336,1.0001238804962969
20,231,1,0.3347826086956522,0.422109129471601,0.3330256938934326,0.0029221421675078877,0.6440310314109025
20,232,1,0.336231884057971,0.4242958899874131,0.3184746503829956,0.0025314968730713065,0.18577869799321245
20,233,1,0.33768115942028987,0.4254899861308545,0.3018902838230133,0.0013428542650397411,-0.652997497218037
20,234,1,0.3391304347826087,0.4279519505978464,0.29980114102363586,0.0014284969253081396,-0.6584526254310002
20,235,1,0.34057971014492755,0.4300779434689152,0.29774388670921326,0.0015242503989979532,-0.6589635220444983
20,236,1,0.34202898550724636,0.43197086096303366,0.297288179397583,0.0014249643937878668,-0.7103752431846926
20,237,1,0.34347826086956523,0.4340682151917922,0.2887195646762848,0.0016035758786412694,-0.8062517900151439
20,238,1,0.34492753623188405,0.4361191515408494,0.2911018431186676,0.0015099549624640355,-0.7983118964605833
20,239,1,0.3463768115942029,0.43769742787335414,0.3069019913673401,0.0010464310592180363,-0.6786403797721745
20,240,1,0.34782608695652173,0.43959456402705327,0.3119811415672302,0.0010386961118074049,-0.5800279789977534
20,241,1,0.3492753623188406,0.44210403541885557,0.30902302265167236,0.001642241737604802,-0.382432930605982
20,242,1,0.3507246376811594,0.4444173623127436,0.30597540736198425,0.0019466135747269768,-0.31399960438630325
20,243,1,0.3521739130434783,0.44665373150937737,0.30020567774772644,0.0021084300783872382,-0.3608708710439822
20,244,1,0.3536231884057971,0.4488982689081744,0.2908731698989868,0.00211389156817843,-0.5457882497506202
20,245,1,0.35507246376811596,0.45060725744789093,0.2805536091327667,0.0014969538876146741,-1.015480955443567
20,246,1,0.3565217391304348,0.4521969095817498,0.2768542766571045,0.0009608005142147128,-1.3179569243394418
20,247,1,0.35797101449275365,0.453761574242426,0.2717483341693878,0.0005805783576393912,-1.5822703675774554
20,248,1,0.35942028985507246,0.45542766807068175,0.27164533734321594,0.0004697115026329494,-1.6315357639340877
20,249,1,0.36086956521739133,0.4570639912967318,0.27025076746940613,0.0004736849380561929,-1.6578240772773543
20,250,1,0.36231884057971014,0.45841892239483567,0.2724067270755768,0.0002553578294956192,-1.7075156155996578
20,251,1,0.36376811594202896,0.45951857035865656,0.2723389267921448,0.00024635750522519154,-1.7127075981339452
20,252,1,0.3652173913043478,0.4603002114285059,0.2733670473098755,0.000899030624709027,-1.4142198998969282
20,253,1,0.36666666666666664,0.46089359454104584,0.27144673466682434,0.0015237833516251438,-1.18677443980796
20,254,1,0.3681159420289855,0.46146430271212574,0.2773647904396057,0.0019104759916237475,-0.9034125330037298
20,255,1,0.3695652173913043,0.4617007311662987,0.28536906838417053,0.0024353926167733327,-0.5193482039177706
20,256,1,0.3710144927536232,0.4619526711127101,0.27525296807289124,0.0027289928722724595,-0.5973189490693762
20,257,1,0.372463768115942,0.46183049582878954,0.2702840566635132,0.003264283077244021,-0.46912549231204526
20,258,1,0.3739130434782609,0.4617868983239447,0.2753910720348358,0.0035421059040248422,-0.2483845989092186
20,259,1,0.3753623188405797,0.461415188818587,0.2784666121006012,0.003994464312337254,0.005902220110165307
20,260,1,0.37681159420289856,0.46093720595235793,0.2788483798503876,0.004401061591638414,0.18666091224625722
20,261,1,0.3782608695652174,0.46112751614652914,0.27710893750190735,0.00395688510737918,-0.03733589293693326
20,262,1,0.37971014492753624,0.4611253726803638,0.2787895202636719,0.0037832836529793886,-0.07752425770082821
20,263,1,0.38115942028985506,0.4611470432587562,0.2795654535293579,0.003596231663691743,-0.1415892740447574
20,264,1,0.3826086956521739,0.4612352822278281,0.28471240401268005,0.003440956304662149,-0.10442838038390187
20,265,1,0.38405797101449274,0.4613501834762715,0.2834206223487854,0.003400574125086317,-0.14753775228392685
20,266,1,0.3855072463768116,0.4612230722415868,0.28112271428108215,0.003583352192206621,-0.11582835010563167
20,267,1,0.3869565217391304,0.46155163509993485,0.27676546573638916,0.003279214224164326,-0.33272936493743344
20,268,1,0.3884057971014493,0.46180167662366217,0.27676263451576233,0.0031303206607316532,-0.3961740571665474
20,269,1,0.3898550724637681,0.46206368025479344,0.27178576588630676,0.0030099156285588987,-0.5472868789979113
20,270,1,0.391304347826087,0.4617533797312174,0.2712835371494293,0.003498590346765443,-0.3493217079830297
20,271,1,0.3927536231884058,0.461731417059865,0.27059024572372437,0.003653129890525503,-0.2974400089467908
20,272,1,0.39420289855072466,0.4615359951993634,0.27465951442718506,0.003893497241009608,-0.11346569007585036
20,273,1,0.39565217391304347,0.4612926407253941,0.2739330530166626,0.004070431358904195,-0.05271553946793192
20,274,1,0.39710144927536234,0.46090100152657876,0.2795218825340271,0.004269310675369714,0.14408389775575625
20,275,1,0.39855072463768115,0.46081494516285176,0.26837316155433655,0.004142272487937052,-0.13368159757619538
20,276,1,0.4,0.4608886927667644,0.26767003536224365,0.0038394069097710927,-0.27672655375490757
20,277,1,0.40144927536231884,0.46018022492930427,0.2676212787628174,0.004386049139081497,-0.04498487164373405
20,278,1,0.4028985507246377,0.45978491151015694,0.267543226480484,0.004503258609206373,0.0033482689262585574
20,279,1,0.4043478260869565,0.45908532663150287,0.276084840297699,0.004923820983754987,0.35376708283375996
20,280,1,0.4057971014492754,0.45846065242718936,0.2834739089012146,0.005116090555231265,0.5838716188888848
20,281,1,0.4072463768115942,0.45758983991770896,0.27637481689453125,0.005379892979817902,0.5537468082764472
20,282,1,0.40869565217391307,0.4571083126894255,0.2797662317752838,0.00521382395520256,0.5510904225246596
20,283,1,0.4101449275362319,0.4565778056997461,0.269231915473938,0.0050751812396990755,0.2807116647287
20,284,1,0.4115942028985507,0.45566928892838654,0.28174057602882385,0.005356817778119441,0.6515788305257559
20,285,1,0.41304347826086957,0.45574010013633054,0.2721862196922302,0.00458816569547475,0.1326499868680841
20,286,1,0.4144927536231884,0.45615645307894703,0.27677738666534424,0.0037093778075136504,-0.14935829024589728
20,287,1,0.41594202898550725,0.45587006322834583,0.2783108651638031,0.0037578027554952377,-0.097975624424884
20,288,1,0.41739130434782606,0.4561080154443406,0.27768799662590027,0.0033429149216504086,-0.2871011407689714
20,289,1,0.41884057971014493,0.45680537645656755,0.2747849225997925,0.002755235538411946,-0.5955373746753797
20,290,1,0.42028985507246375,0.45696088560541004,0.2765970528125763,0.002866045469628678,-0.5120050682830178
20,291,1,0.4217391304347826,0.4570248795536169,0.27564576268196106,0.0030031596530376266,-0.4727181502670619
20,292,1,0.42318840579710143,0.45709219053801176,0.270855575799942,0.0032245527499604994,-0.47457307658237946
20,293,1,0.4246376811594203,0.4580922295650829,0.27091896533966064,0.0024705574963071993,-0.7942967823106465
20,294,1,0.4260869565217391,0.45858653352913653,0.276168555021286,0.0022979668093823765,-0.7624481787367694
20,295,1,0.427536231884058,0.45876220343008023,0.27804315090179443,0.0025287088893703154,-0.6266043387180181
20,296,1,0.4289855072463768,0.4590745199775586,0.2703664004802704,0.002650723311007766,-0.7286818457756613
20,297,1,0.43043478260869567,0.4591560234216858,0.2697453796863556,0.0030648022267672466,-0.5648574415515487
20,298,1,0.4318840579710145,0.4595732823420289,0.2782433331012726,0.002913491770574925,-0.4587758429538153
20,299,1,0.43333333333333335,0.4595985703911513,0.27452361583709717,0.0031348909246755293,-0.43915085703780843
20,300,1,0.43478260869565216,0.4597483472160413,0.2722598612308502,0.003194205840053363,-0.45931771403412786
20,301,1,0.43623188405797103,0.45980752322287993,0.2798278331756592,0.00330348664283536,-0.26095424796906574
20,302,1,0.43768115942028984,0.45957501695502784,0.2819691002368927,0.0036988678609860106,-0.04966886757826261
20,303,1,0.4391304347826087,0.45958663370877434,0.27696675062179565,0.003687684760489263,-0.15479429051955065
20,304,1,0.4405797101449275,0.45928668055177396,0.26971566677093506,0.003984653746895395,-0.17384871102295174
20,305,1,0.4420289855072464,0.45923657304986826,0.26937294006347656,0.003919344582734266,-0.20852881858304878
20,306,1,0.4434782608695652,0.45931691340427394,0.27018091082572937,0.0036962666850756916,-0.2872882240063243
20,307,1,0.4449275362318841,0.45931752582708674,0.27241623401641846,0.0036311283745743663,-0.27017097158832015
20,308,1,0.4463768115942029,0.4599039540579824,0.26837173104286194,0.0029774231732568298,-0.6296171486787623
20,309,1,0.44782608695652176,0.4594209026769208,0.2632811963558197,0.0036147929308705364,-0.4604059386342852
20,310,1,0.4492753623188406,0.45979155229670743,0.27381157875061035,0.003290225717847051,-0.38730670248266375
20,311,1,0.45072463768115945,0.46000641436200107,0.25867360830307007,0.003194023375661767,-0.731982752496146
20,312,1,0.45217391304347826,0.4599411972267922,0.2642868161201477,0.003431462644599187,-0.5182782207202504
20,313,1,0.45362318840579713,0.4606384843993353,0.2654215097427368,0.002743486264258602,-0.7884018878497473
20,314,1,0.45507246376811594,0.4607890910890534,0.2709905505180359,0.0028972750051441095,-0.6111957199674671
20,315,1,0.45652173913043476,0.46125562626735994,0.26675793528556824,0.002680124524924052,-0.7885633072787533
20,316,1,0.4579710144927536,0.4614421683150369,0.2734007239341736,0.0028058854535867846,-0.6017462061458658
20,317,1,0.45942028985507244,0.4614826048346201,0.2682018280029297,0.0031406917060647884,-0.5635183040443325
20,318,1,0.4608695652173913,0.4618744929212214,0.2676040232181549,0.0029598337282847028,-0.6525083177227131
20,319,1,0.4623188405797101,0.4622177503815592,0.28166329860687256,0.0028879267259888904,-0.40104318132006805
20,320,1,0.463768115942029,0.4626646013854778,0.2825159430503845,0.0026816067506200943,-0.47177199148701593
20,321,1,0.4652173913043478,0.46254436370940927,0.2783252000808716,0.0031074526942988625,-0.3745590640779669
20,322,1,0.4666666666666667,0.4622881566658008,0.2717990577220917,0.0036290994566046232,-0.2834174322700185
20,323,1,0.4681159420289855,0.46250389555597055,0.2694190740585327,0.0035167765025797106,-0.37898698194583885
20,324,1,0.46956521739130436,0.46219071803986717,0.2806421220302582,0.003901490312285952,0.00996902924016009
20,325,1,0.47101449275362317,0.4621935952788458,0.26479074358940125,0.00378014223690466,-0.3597256565842921
20,326,1,0.47246376811594204,0.46190308796740426,0.2776670455932617,0.003982957440705326,-0.015038633893186437
20,327,1,0.47391304347826085,0.46189052753118437,0.2846088409423828,0.0038992507023260766,0.0886017088625503
20,328,1,0.4753623188405797,0.46197903157675385,0.27983149886131287,0.0036574046505600507,-0.11020853981440071
20,329,1,0.47681159420289854,0.46151732390841166,0.2760709226131439,0.004066190703123915,-0.011627818203211154
20,330,1,0.4782608695652174,0.46141483466370303,0.2858808636665344,0.003999612105224007,0.15684937357525458
20,331,1,0.4797101449275362,0.4612753459253994,0.28586921095848083,0.004017037517602307,0.16403403409615902
20,332,1,0.4811594202898551,0.4614966802690228,0.2724730372428894,0.0036419077725327017,-0.26444222991400784
20,333,1,0.4826086956521739,0.4615532248510203,0.2784252166748047,0.0034647753636024266,-0.22043076893211486
20,334,1,0.48405797101449277,0.4616570606327914,0.28143665194511414,0.0033699148174834966,-0.20039555005600512
20,335,1,0.4855072463768116,0.46199921779951864,0.27480021119117737,0.0030883141430283452,-0.4534303502147372
20,336,1,0.48695652173913045,0.4620262992607477,0.2765837609767914,0.0032422006503290664,-0.3521326401014568
20,337,1,0.48840579710144927,0.4622918137663686,0.27343785762786865,0.003109090892639413,-0.47191868184893915
20,338,1,0.48985507246376814,0.4630856633230075,0.27255919575691223,0.0024998885648375687,-0.7489010670998276
20,339,1,0.49130434782608695,0.4636617333057751,0.27614206075668335,0.0022809692546240075,-0.7702160496540744
20,340,1,0.4927536231884058,0.4642856223899237,0.28050801157951355,0.0020727090470394867,-0.7712817553559302
20,341,1,0.49420289855072463,0.4649056075452628,0.2802814543247223,0.0020175546739944735,-0.7993079403138493
20,342,1,0.4956521739130435,0.4653261435498124,0.28033116459846497,0.0022504671141683726,-0.6991536561561474
20,343,1,0.4971014492753623,0.46592458637164547,0.27297601103782654,0.0022121443490365185,-0.8630385528853621
20,344,1,0.4985507246376812,0.4664273747093001,0.26669764518737793,0.0022750692778494537,-0.962215559165597
20,345,1,0.5,0.4670623520348015,0.26167061924934387,0.002175530032192172,-1.1054515989761295
20,346,1,0.5014492753623189,0.4674647138695203,0.2672540247440338,0.0023123543198580706,-0.9351794368783412
20,347,1,0.5028985507246376,0.4678361872208803,0.2688068449497223,0.0024755235484250878,-0.8345590649667436
20,348,1,0.5043478260869565,0.4678972315474689,0.26453453302383423,0.00289237943414519,-0.742809996791121
20,349,1,0.5057971014492754,0.46792931817237954,0.26194077730178833,0.0032277570187767253,-0.6520707149275156
20,350,1,0.5072463768115942,0.46813242059423316,0.26846611499786377,0.0032413961313176006,-0.515343279864007
20,351,1,0.508695652173913,0.468142762701599,0.2664633095264435,0.0033979807051299745,-0.4888643518912328
20,352,1,0.5101449275362319,0.46828540975893085,0.27105921506881714,0.0033319775179778384,-0.42475383028806446
20,353,1,0.5115942028985507,0.4683772485461241,0.26631227135658264,0.003337183283650011,-0.5177777555211862
20,354,1,0.5130434782608696,0.4681286257922432,0.2810403108596802,0.003697788630967103,-0.06876306052990543
20,355,1,0.5144927536231884,0.46823487460836183,0.27730605006217957,0.0035905911143509607,-0.18932207402336432
20,356,1,0.5159420289855072,0.46812064688642907,0.2733265161514282,0.003727846812974428,-0.2107319831790534
20,357,1,0.5173913043478261,0.46794391151250625,0.26257216930389404,0.0038633914687718042,-0.3687965744836801
20,358,1,0.518840579710145,0.46779121783876976,0.2693590819835663,0.003907750884103831,-0.21374260077437957
20,359,1,0.5202898550724637,0.4680733336925584,0.26877620816230774,0.0035412830419468523,-0.3814520262369124
20,360,1,0.5217391304347826,0.4684403843658893,0.2796229124069214,0.0031338471396650776,-0.3372856471889136
20,361,1,0.5231884057971015,0.46883851614832706,0.2743200957775116,0.002815649727092387,-0.5791435111944429
20,362,1,0.5246376811594203,0.46916455412011654,0.2772811949253082,0.0027132629142580496,-0.5633223383155782
20,363,1,0.5260869565217391,0.4691520865287803,0.27062708139419556,0.003069064575930977,-0.5453528534174484
20,364,1,0.527536231884058,0.4692838007343008,0.26879236102104187,0.0032070385794660235,-0.523424562367427
20,365,1,0.5289855072463768,0.46952265407574567,0.26842668652534485,0.0031790393301240035,-0.5426812746093742
20,366,1,0.5304347826086957,0.4696153200557947,0.2766585052013397,0.0032574078319296236,-0.34415891635619167
20,367,1,0.5318840579710145,0.470073258329276,0.2771238684654236,0.002912161042367881,-0.48180271232722954
20,368,1,0.5333333333333333,0.4702645032205145,0.2781097888946533,0.0029512091012533466,-0.445397947801914
20,369,1,0.5347826086956522,0.4707319126328105,0.2683666944503784,0.0027289753105106925,-0.7354889599572221
20,370,1,0.5362318840579711,0.47100113973076385,0.26719996333122253,0.0027620628518235353,-0.7448114004964403
20,371,1,0.5376811594202898,0.4713468256643767,0.2668682336807251,0.0027628318369529977,-0.7511396708104114
20,372,1,0.5391304347826087,0.47178881533780276,0.264865517616272,0.0026392339973021458,-0.8439399378670784
20,373,1,0.5405797101449276,0.4721522604201245,0.2606147527694702,0.002656866944302447,-0.9217182175823881
20,374,1,0.5420289855072464,0.4725244245862791,0.27370765805244446,0.0026397897249763854,-0.6662993433186805
20,375,1,0.5434782608695652,0.4725967280721236,0.27083927392959595,0.0029483074530106653,-0.5925050039119437
20,376,1,0.5449275362318841,0.47262868896978755,0.27423596382141113,0.003228822157283426,-0.40493316928664885
20,377,1,0.5463768115942029,0.47247371008453987,0.2763391137123108,0.003593769450527318,-0.20736907016561237
20,378,1,0.5478260869565217,0.4725338702770241,0.2857188284397125,0.0036139716741469376,-0.010578843034185754
20,379,1,0.5492753623188406,0.47273719101023054,0.28232499957084656,0.0034130123636267303,-0.16422446166197885
20,380,1,0.5507246376811594,0.47290047936544777,0.2879430949687958,0.003284839742936277,-0.10607242152936805
20,381,1,0.5521739130434783,0.4729457041263207,0.2810826003551483,0.003307562580978388,-0.23404403252210082
20,382,1,0.553623188405797,0.4729813169179164,0.27870097756385803,0.003389948299827886,-0.24675388909174018
20,383,1,0.5550724637681159,0.4726691456399176,0.27427157759666443,0.0038139812380497797,-0.15510109274367564
20,384,1,0.5565217391304348,0.4725206091285219,0.2823646068572998,0.003945506406867219,0.06326685327379172
20,385,1,0.5579710144927537,0.47261333095689617,0.2772851288318634,0.0037578170192614753,-0.11854938062259711
20,386,1,0.5594202898550724,0.47263612545186157,0.27275967597961426,0.003651929231939949,-0.2544248649882906
20,387,1,0.5608695652173913,0.47243172464701016,0.2755332887172699,0.003770032170277643,-0.14849706010907018
20,388,1,0.5623188405797102,0.47212899786078905,0.2791651487350464,0.0040134037082719095,0.027980284620084783
20,389,1,0.563768115942029,0.47171763904613306,0.2788010835647583,0.004326859705994679,0.15412229931426408
20,390,1,0.5652173913043478,0.47139037796948596,0.27999207377433777,0.004430197804951003,0.22201142816243002
20,391,1,0.5666666666666667,0.47083558916568885,0.28204581141471863,0.004673549738154215,0.36681781790110213
20,392,1,0.5681159420289855,0.4704441610402549,0.27767473459243774,0.004665943993257854,0.2758808907347733
20,393,1,0.5695652173913044,0.4704123785553095,0.2814252972602844,0.004276517273069711,0.1853410366069047
20,394,1,0.5710144927536231,0.4705666474122922,0.2837693989276886,0.0037959332933811237,0.027774664452643684
20,395,1,0.572463768115942,0.4709526961821413,0.2807609736919403,0.0032039518842335553,-0.28460676519762496
20,396,1,0.5739130434782609,0.470941830308536,0.28639519214630127,0.003244094511952009,-0.15447503273452776
20,397,1,0.5753623188405798,0.47055216469808075,0.28159523010253906,0.0037581774394775088,-0.031920358925052746
20,398,1,0.5768115942028985,0.4705071989465184,0.27958405017852783,0.003838089726732688,-0.03825085125665767
20,399,1,0.5782608695652174,0.4708089404035421,0.2849103510379791,0.003521486153265527,-0.06617321156779384
20,400,1,0.5797101449275363,0.4709638519826104,0.28412726521492004,0.0033306356295473545,-0.16313469395415278
20,401,1,0.5811594202898551,0.4708353528254754,0.2841116189956665,0.003464640205201025,-0.1063993551641713
20,402,1,0.5826086956521739,0.4708155348749376,0.2902657091617584,0.003555255187587464,0.05565020984199962
20,403,1,0.5840579710144927,0.47095805415966946,0.29177454113960266,0.0034898198849604408,0.05806509132165738
20,404,1,0.5855072463768116,0.4710532980759849,0.28625908493995667,0.0034318544076768183,-0.07727151205513272
20,405,1,0.5869565217391305,0.47144774834165115,0.2821735441684723,0.003059765665354178,-0.31764955014368745
20,406,1,0.5884057971014492,0.47174717872886796,0.2873305678367615,0.0029134341571813134,-0.2764789219849402
20,407,1,0.5898550724637681,0.4719845690634065,0.2864060699939728,0.002908954786125376,-0.29693454092882365
20,408,1,0.591304347826087,0.47194479246008614,0.2856013774871826,0.003205360115380013,-0.18689195492039462
20,409,1,0.5927536231884057,0.47156454210739107,0.2895307242870331,0.003808484064100376,0.14871002640421113
20,410,1,0.5942028985507246,0.4710438343588681,0.30107778310775757,0.004358390254058331,0.6144935402361322
20,411,1,0.5956521739130435,0.47051929937685566,0.29602181911468506,0.004707089143570803,0.6615036120942671
20,412,1,0.5971014492753624,0.4701756667318019,0.2964954972267151,0.004684404366986858,0.6613497347070304
20,413,1,0.5985507246376811,0.4704670848601666,0.2999238669872284,0.003950704806551114,0.4177796118381144
20,414,1,0.6,0.4704505588327705,0.3031708002090454,0.0036928665221410946,0.37315584636560073
20,415,1,0.6014492753623188,0.4706150419658261,0.3011989891529083,0.003380064507561062,0.20042647016610066
20,416,1,0.6028985507246377,0.4706404942856657,0.3026043474674225,0.0033785478349641325,0.22797714530581378
20,417,1,0.6043478260869565,0.4707734574431545,0.3020184636116028,0.003361791565941183,0.2090887005616846
20,418,1,0.6057971014492753,0.47050980197297143,0.304206907749176,0.003702040181871283,0.39784922455355465
20,419,1,0.6072463768115942,0.46984353031830767,0.30525654554367065,0.00438312262158527,0.708863225400606
20,420,1,0.6086956521739131,0.46924011313977976,0.3132759630680084,0.004793661888233572,1.0445378709515691
20,421,1,0.6101449275362318,0.46917069105087245,0.3049713671207428,0.0045129886906694035,0.7584289426971653
20,422,1,0.6115942028985507,0.4686690928741203,0.31017598509788513,0.004613895269351046,0.9058102042690356
20,423,1,0.6130434782608696,0.46809220694023934,0.30673596262931824,0.004730603928519203,0.8864773533400614
20,424,1,0.6144927536231884,0.46680978813913687,0.304978609085083,0.005575191885104591,1.2107819509439581
20,425,1,0.6159420289855072,0.46522428694158846,0.30024975538253784,0.006553111832492281,1.5322308677555099
20,426,1,0.6173913043478261,0.46383504331683895,0.30932095646858215,0.006955754429920799,1.8856461209097712
20,427,1,0.618840579710145,0.4617309365986426,0.30724623799324036,0.007851348758796794,2.22529802527098
20,428,1,0.6202898550724638,0.4597640390481925,0.3208739757537842,0.00822792872384771,2.6590376638329998
20,429,1,0.6217391304347826,0.45633358278878705,0.3335435092449188,0.00989694771051709,3.623777529892065
20,430,1,0.6231884057971014,0.45216003739408855,0.35317447781562805,0.011847817067015235,4.848179011405355
20,431,1,0.6246376811594203,0.44630884535770626,0.3681395649909973,0.014780257622709929,6.396847286124699
20,432,1,0.6260869565217392,0.4406900220448003,0.39556482434272766,0.016543558125381816,7.697776303946239
20,433,1,0.6275362318840579,0.4329262728543783,0.43235909938812256,0.019538803064955756,9.711151273886617
20,434,1,0.6289855072463768,0.42506171262793924,0.44930964708328247,0.02155153580779262,10.90811107861483
20,435,1,0.6304347826086957,0.41742866552980684,0.4773904085159302,0.022410001714387687,11.8369799648863
20,436,1,0.6318840579710145,0.4066046713468343,0.49778875708580017,0.02601395094038536,13.780537130483511
20,437,1,0.6333333333333333,0.3907802796687579,0.5102549195289612,0.03331700494397028,17.139752878807858
20,438,1,0.6347826086956522,0.3737165614640491,0.5049118399620056,0.03984422485227399,19.81136057340818
20,439,1,0.636231884057971,0.35680975249450153,0.5076398253440857,0.043914746030849,21.59902085806891
20,440,1,0.6376811594202898,0.3431297404332173,0.5073531866073608,0.04244002983330689,20.965444596070373
20,441,1,0.6391304347826087,0.32608095457539177,0.5119544863700867,0.043620082962728186,21.560142141304166
20,442,1,0.6405797101449275,0.3090608028852134,0.48578116297721863,0.044465403379565,21.394889522762323
20,443,1,0.6420289855072464,0.2980063496784273,0.48428693413734436,0.0393559169416422,19.189667961742764
20,444,1,0.6434782608695652,0.28423630454921733,0.48838621377944946,0.03842511136683363,18.875645427461745
20,445,1,0.644927536231884,0.277834281615621,0.49074748158454895,0.030103775329429955,15.380410038537157
20,446,1,0.6463768115942029,0.2707512830948266,0.49299341440200806,0.02512510561028168,13.305921195458
20,447,1,0.6478260869565218,0.2649458856698242,0.48663756251335144,0.021353123087687387,11.572569047034566
20,448,1,0.6492753623188405,0.2602510191364844,0.4784674644470215,0.017782873618876385,9.888699869999632
20,449,1,0.6507246376811594,0.25907048189804815,0.47394564747810364,0.012967089504129404,7.747771158083275
20,450,1,0.6521739130434783,0.25608519212543535,0.4803338646888733,0.011261429347348997,7.149796768821089
20,451,1,0.6536231884057971,0.25211648323262864,0.47330471873283386,0.011563615497807888,7.137416275622197
20,452,1,0.6550724637681159,0.2499887773314094,0.4480058252811432,0.010483970789728247,6.170199703695642
20,453,1,0.6565217391304348,0.24739643084599763,0.4614168405532837,0.010510756823871256,6.450674703110528
20,454,1,0.6579710144927536,0.24409888574798347,0.4551100730895996,0.010889789158872783,6.485503060751516
20,455,1,0.6594202898550725,0.2409941270991043,0.4571171998977661,0.010997971213388965,6.571828919294852
20,456,1,0.6608695652173913,0.2334235503655594,0.4500967860221863,0.015787958913552794,8.470198236379233
20,457,1,0.6623188405797101,0.22604614509434998,0.44852420687675476,0.01902405744329974,9.816338712256485
20,458,1,0.663768115942029,0.2192172371354277,0.4487142264842987,0.020515393964310083,10.455052166229196
20,459,1,0.6652173913043479,0.20397897702493897,0.453239768743515,0.029533241921659882,14.384984212063728
20,460,1,0.6666666666666666,0.18648180379426538,0.4674493968486786,0.03777662763379213,18.179503755972984
20,461,1,0.6681159420289855,0.16084682813914514,0.479886919260025,0.05167616664608888,24.346441256142782
20,462,1,0.6695652173913044,0.1365892635079288,0.4786853492259979,0.059633902038504,27.71014989087807
20,463,1,0.6710144927536232,0.10546648445872252,0.4493405222892761,0.07009968768083555,31.576949829743995
20,464,1,0.672463768115942,0.07159545818135443,0.4488714933395386,0.07934259081664954,35.50248533473245
20,465,1,0.6739130434782609,0.016775967253116114,0.333370566368103,0.10544049534166011,44.295697340019615
20,466,1,0.6753623188405797,0.9596302793922169,0.34456390142440796,0.1265684679810521,53.515005568359626
20,467,1,0.6768115942028986,0.9133114277808771,0.39045801758766174,0.1286475735634639,55.320930404844574
20,468,1,0.6782608695652174,0.8807840604386575,0.3855701982975006,0.11313617673622212,48.619256064220586
20,469,1,0.6797101449275362,0.8655714912653338,0.33353933691978455,0.08064589647387163,33.74337357936954
20,470,1,0.6811594202898551,0.8531834215668377,0.34916239976882935,0.05523284717542217,23.23782598656038
20,471,1,0.6826086956521739,0.8425352872917353,0.3528265357017517,0.039269266994179736,16.515227238390118
20,472,1,0.6840579710144927,0.8355289917489679,0.3626237213611603,0.028581527414661717,12.161742211131987
20,473,1,0.6855072463768116,0.8330727368605275,0.36864325404167175,0.019724015130679673,8.511640038800751
20,474,1,0.6869565217391305,0.8299860931147183,0.3817714750766754,0.01468597027528734,6.630210093343739
20,475,1,0.6884057971014492,0.828605384126828,0.38761118054389954,0.010267347150147706,4.866251292470866
20,476,1,0.6898550724637681,0.828114583864062,0.38929104804992676,0.007275671621686933,3.626320664109704
20,477,1,0.691304347826087,0.828347594635418,0.3802933394908905,0.005189058879104505,2.5574697472894856
20,478,1,0.6927536231884058,0.8283068390976133,0.3853912949562073,0.004048528860631809,2.174198927552862
20,479,1,0.6942028985507246,0.8281823284029036,0.3833216726779938,0.0037532260510652034,2.006956988692909
20,480,1,0.6956521739130435,0.8279903833349715,0.3790068030357361,0.0038394071880161725,1.9570753035451682
20,481,1,0.6971014492753623,0.8287300346268528,0.374154657125473,0.003068705763862309,1.531616652649138
20,482,1,0.6985507246376812,0.8287396723901248,0.36166492104530334,0.00315467799844901,1.317629856458984
20,483,1,0.7,0.8290073867967086,0.35686323046684265,0.0029951719149930974,1.153385372715267
20,484,1,0.7014492753623188,0.8293208960151861,0.3549131155014038,0.0028879272949668385,1.068602459891839
20,485,1,0.7028985507246377,0.8296055171964353,0.3468552827835083,0.0029359342837713106,0.9273722184192383
20,486,1,0.7043478260869566,0.8289835040526485,0.34555524587631226,0.0037768180699536665,1.259275211677526
20,487,1,0.7057971014492753,0.8286664962129116,0.358810156583786,0.0041547838253215815,1.6861246135976304
20,488,1,0.7072463768115942,0.8291578312324838,0.3564155399799347,0.003578226159800105,1.3926246056104499
20,489,1,0.7086956521739131,0.8292272189942542,0.3304574191570282,0.003468072202354064,0.8249192407412724
20,490,1,0.7101449275362319,0.828478092086318,0.32006600499153137,0.004122624559745072,0.895091504560596
20,491,1,0.7115942028985507,0.8284887385931886,0.3191661238670349,0.003985625061291767,0.8187124946391686
20,492,1,0.7130434782608696,0.8281668797348533,0.3284201920032501,0.004263044514696388,1.1224859242394318
20,493,1,0.7144927536231884,0.8269344672693735,0.32627809047698975,0.005247719105768542,1.4987096906961206
20,494,1,0.7159420289855073,0.8258427561790184,0.32186421751976013,0.005766242264903462,1.6309009736037166
20,495,1,0.717391304347826,0.8251160028661009,0.3195054829120636,0.00583416160099606,1.6124916155034694
20,496,1,0.7188405797101449,0.8246444879236885,0.32675862312316895,0.005462492611636502,1.5997855467542883
20,497,1,0.7202898550724638,0.8234943579703292,0.326076865196228,0.005732024612204592,1.7008539472514204
20,498,1,0.7217391304347827,0.822823724214019,0.32414692640304565,0.005542631043753796,1.58150288034693
20,499,1,0.7231884057971014,0.8228852605674233,0.3204939663410187,0.004726336699099607,1.1606939571045654
20,500,1,0.7246376811594203,0.8226699370061795,0.3230815529823303,0.004383974685673972,1.0668574478871593
20,501,1,0.7260869565217392,0.8221388221609147,0.32584261894226074,0.00442145180156153,1.138208997410994
20,502,1,0.7275362318840579,0.821867675690218,0.32220813632011414,0.004353714319904609,1.036451050184641
20,503,1,0.7289855072463768,0.821644819399884,0.3212195932865143,0.004337558479288403,1.0097394837754259
20,504,1,0.7304347826086957,0.8210020599419879,0.3205767273902893,0.004670207645299626,1.138458823102731
20,505,1,0.7318840579710145,0.8206691451083505,0.31632041931152344,0.00458615321288913,1.0172783472432971
20,506,1,0.7333333333333333,0.8206463977743171,0.30762189626693726,0.004241481283781487,0.6960199394897149
20,507,1,0.7347826086956522,0.8205503479144131,0.30074259638786316,0.0040322116647103475,0.46890576687718505
20,508,1,0.736231884057971,0.8203237005737176,0.30608367919921875,0.003985241134038056,0.5560698293510946
20,509,1,0.7376811594202899,0.8205704830767626,0.3080974817276001,0.0035688687889254807,0.41921308476089597
20,510,1,0.7391304347826086,0.8207549750242988,0.3046531677246094,0.003359711333492274,0.2610643943069643
20,511,1,0.7405797101449275,0.8205434762791859,0.29731231927871704,0.0035983543911006473,0.21537810975708774
20,512,1,0.7420289855072464,0.820108920643768,0.30421409010887146,0.004031192117711799,0.5381219241878031
20,513,1,0.7434782608695653,0.820030724511678,0.30687299370765686,0.004055693267314306,0.6018995338196019
20,514,1,0.744927536231884,0.8202914183643979,0.30104756355285645,0.003660059773323285,0.3165896625661479
20,515,1,0.7463768115942029,0.8201446235305134,0.29650425910949707,0.0036909654422325163,0.2385925690586172
20,516,1,0.7478260869565218,0.8200474509101618,0.296653151512146,0.003688424875415983,0.24049828129123446
20,517,1,0.7492753623188406,0.8198838927406409,0.3007776737213135,0.0038366156115354185,0.38633917913410765
20,518,1,0.7507246376811594,0.8202410772389596,0.3048304319381714,0.0034427231704574597,0.29996124160620596
20,519,1,0.7521739130434782,0.8201343198790845,0.30915284156799316,0.003536895248972963,0.42677529069378
20,520,1,0.7536231884057971,0.8198706857531339,0.3057270348072052,0.0037979534620662643,0.4691810404803926
20,521,1,0.755072463768116,0.8199499235039444,0.2988342344760895,0.0036745244219988623,0.278340583839467
20,522,1,0.7565217391304347,0.8198901957434912,0.2970638871192932,0.0037507598732778842,0.2752767028127038
20,523,1,0.7579710144927536,0.8198559374074582,0.29138657450675964,0.003697297835443783,0.13860993046100395
20,524,1,0.7594202898550725,0.8199484945272877,0.2783218324184418,0.0035351450977077455,-0.19254677755755148
20,525,1,0.7608695652173914,0.8198399064648231,0.2815150022506714,0.0036631853537107935,-0.07397062580003383
20,526,1,0.7623188405797101,0.8198742278890041,0.28657668828964233,0.003601359669749446,0.0012635406360636398
20,527,1,0.763768115942029,0.8199579033811516,0.28462857007980347,0.003513692213980177,-0.07514479897186457
20,528,1,0.7652173913043478,0.8203108992122152,0.2764224708080292,0.003186187876339894,-0.37921478468586184
20,529,1,0.7666666666666667,0.8204340897991373,0.28468748927116394,0.003153598460649662,-0.2272640140047033
20,530,1,0.7681159420289855,0.8203435780309527,0.28537335991859436,0.0033926560624128717,-0.11172999000984873
20,531,1,0.7695652173913043,0.8204129547740417,0.2860488295555115,0.003440616854810977,-0.07775956119861423
20,532,1,0.7710144927536232,0.820393762720775,0.2900146543979645,0.0035735717563002397,0.058411023324965006
20,533,1,0.7724637681159421,0.8204948283570599,0.28821903467178345,0.0034932219971553187,-0.011822332712221668
20,534,1,0.7739130434782608,0.8204022344568209,0.29000818729400635,0.003601000536874924,0.06995842078918829
20,535,1,0.7753623188405797,0.8205400639231598,0.2828770875930786,0.0034778351770030887,-0.12555089220544424
20,536,1,0.7768115942028986,0.8208140827520256,0.28916695713996887,0.0032355936354168087,-0.10248285860387443
20,537,1,0.7782608695652173,0.8209768516768535,0.29018113017082214,0.0031779047184015393,-0.10669471219738987
20,538,1,0.7797101449275362,0.8211400535195986,0.2908017635345459,0.00313520870560485,-0.11241946467939498
20,539,1,0.7811594202898551,0.8212619651192592,0.2977635860443115,0.0031977518716387017,0.05388510564947904
20,540,1,0.782608695652174,0.8215513720490963,0.301514208316803,0.003088820240826404,0.08276055056298809
20,541,1,0.7840579710144927,0.8217741441605003,0.2908170521259308,0.0030503704536901073,-0.14823058748986218
20,542,1,0.7855072463768116,0.8217868113928505,0.2871095836162567,0.003237026342251645,-0.1431509668233737
20,543,1,0.7869565217391304,0.8219297543328679,0.2754153907299042,0.003255772870547233,-0.3697961503473652
20,544,1,0.7884057971014493,0.8220588187980353,0.2730778455734253,0.003293655708781926,-0.40056769808021764
20,545,1,0.7898550724637681,0.8221253104212278,0.2652512192726135,0.0033540257728241736,-0.5318958520652519
20,546,1,0.7913043478260869,0.8221795653341731,0.2677399218082428,0.0033875624250607446,-0.4676864160855274
20,547,1,0.7927536231884058,0.8222348792818465,0.26376914978027344,0.0034304369627180782,-0.5291010626898704
20,548,1,0.7942028985507247,0.822307585698759,0.2674841582775116,0.0034340117830502477,-0.4530432118627339
20,549,1,0.7956521739130434,0.8223144983535677,0.2618216276168823,0.003489290853422364,-0.5431194702818815
20,550,1,0.7971014492753623,0.8225039908814189,0.2678954303264618,0.0033470953086561757,-0.4817942867375252
20,551,1,0.7985507246376812,0.8228531254170754,0.274074524641037,0.0030790671598110693,-0.47192682235484645
20,552,1,0.8,0.823148661080908,0.268882155418396,0.0029380930297857573,-0.6361201370379302
20,553,1,0.8014492753623188,0.8233733539543062,0.27744951844215393,0.0029236690019248087,-0.4703698045821525
20,554,1,0.8028985507246377,0.8234445659252858,0.2816835045814514,0.0031171709311298397,-0.3030425194325809
20,555,1,0.8043478260869565,0.8235300193825725,0.27481934428215027,0.0032668612348098454,-0.3770343025477027
20,556,1,0.8057971014492754,0.8235158486062513,0.27129819989204407,0.0034502555025053812,-0.36960493115940596
20,557,1,0.8072463768115942,0.8235946859330434,0.2708386778831482,0.003463215057049049,-0.3733073148796309
20,558,1,0.808695652173913,0.8239281236974316,0.27874526381492615,0.003185110287345136,-0.3330702580459267
20,559,1,0.8101449275362319,0.8243538193492187,0.2817028760910034,0.0028803040785945174,-0.40349428027481976
20,560,1,0.8115942028985508,0.8246753287021966,0.27789491415023804,0.0027647447172781366,-0.5290918505493447
20,561,1,0.8130434782608695,0.8251031691989158,0.2722812592983246,0.0026267742445452965,-0.7004588806662049
20,562,1,0.8144927536231884,0.8255634750319798,0.2707352638244629,0.0025435892279493917,-0.7668909516893232
20,563,1,0.8159420289855073,0.8260935876747473,0.26790672540664673,0.002422314418818958,-0.875271104665051
20,564,1,0.8173913043478261,0.8271131199237507,0.26818835735321045,0.001837724251197684,-1.1184959304190212
20,565,1,0.8188405797101449,0.827773348644914,0.2753313481807709,0.0017869433354228666,-0.996801523794419
20,566,1,0.8202898550724638,0.8281903987759465,0.2792346179485321,0.002037438065889988,-0.8118462285496039
20,567,1,0.8217391304347826,0.8283677895282776,0.27701422572135925,0.002516778249550514,-0.6523273324623785
20,568,1,0.8231884057971014,0.8284552986623802,0.2734420895576477,0.0029978195788304936,-0.5192048861321226
20,569,1,0.8246376811594203,0.8291269025724525,0.2728703022003174,0.0026617603534156127,-0.6737461344015563
20,570,1,0.8260869565217391,0.8296159764097171,0.2725605070590973,0.002511074998035626,-0.7441124003461802
20,571,1,0.827536231884058,0.8297744156335203,0.27070343494415283,0.002709030182675068,-0.6970970036066906
20,572,1,0.8289855072463768,0.8310479672948952,0.2678039073944092,0.0017871350476108524,-1.1477464785225318
20,573,1,0.8304347826086956,0.8307730776054021,0.2652253210544586,0.002710191895232664,-0.8065123980020987
20,574,1,0.8318840579710145,0.8311225770095061,0.27442699670791626,0.0027722362493660642,-0.5954809618098982
20,575,1,0.8333333333333334,0.8316153777754559,0.27760177850723267,0.0026560856333635004,-0.5812321851261031
20,576,1,0.8347826086956521,0.8318978054201132,0.27263355255126953,0.0028338985241901623,-0.6052124275104754
20,577,1,0.836231884057971,0.8323745210047363,0.2698906362056732,0.0025696424708715167,-0.7727455637621252
20,578,1,0.8376811594202899,0.8327328140553234,0.2699768543243408,0.0026117102701179703,-0.7531063657354167
20,579,1,0.8391304347826087,0.8325167574970331,0.26527324318885803,0.003230326089862565,-0.5841161695215766
20,580,1,0.8405797101449275,0.8321563554052541,0.26946425437927246,0.003816073112035881,-0.2506621054960595
20,581,1,0.8420289855072464,0.8320186462963672,0.2748812139034271,0.004018419717208008,-0.055834860899977995
20,582,1,0.8434782608695652,0.8320594644869563,0.27821967005729675,0.003888632849526644,-0.04410751829719024
20,583,1,0.8449275362318841,0.8325885872522708,0.2751544117927551,0.003191172692120406,-0.40253428029824645
20,584,1,0.8463768115942029,0.8330062570377118,0.2754535675048828,0.002791460345488825,-0.5667001898667301
20,585,1,0.8478260869565217,0.8324466645271642,0.27222195267677307,0.0035635282641508477,-0.30284806597998426
20,586,1,0.8492753623188406,0.8326092668728792,0.27660071849823,0.003507930476135121,-0.23866426950737082
20,587,1,0.8507246376811595,0.8331419273380876,0.2653028666973114,0.0031127206074074406,-0.6335895520911204
20,588,1,0.8521739130434782,0.8327795002779225,0.2630615830421448,0.003613482689026723,-0.46536994770688195
20,589,1,0.8536231884057971,0.8336714050578742,0.2626959979534149,0.0026648887191276756,-0.8765461406884393
20,590,1,0.855072463768116,0.8335230908762592,0.2639181315898895,0.0031193880334201536,-0.658533643582998
20,591,1,0.8565217391304348,0.8332993093017786,0.2597060799598694,0.003571625608745713,-0.5505126332651824
20,592,1,0.8579710144927536,0.8333675381764085,0.25487372279167175,0.0035427422250386116,-0.6597628920633183
20,593,1,0.8594202898550725,0.8333268878987674,0.26028192043304443,0.0037304019773012316,-0.471364019025871
20,594,1,0.8608695652173913,0.8334421339415043,0.26146945357322693,0.0035290266447876003,-0.5332687364341786
20,595,1,0.8623188405797102,0.8335572300189799,0.2615574896335602,0.0033936913336233806,-0.5891182128696224
20,596,1,0.863768115942029,0.8333997823374182,0.26012638211250305,0.0036156191944853562,-0.5233506929944289
20,597,1,0.8652173913043478,0.8334956007323225,0.2576135993003845,0.0035278618398334157,-0.6111264354104774
20,598,1,0.8666666666666667,0.8335206777478918,0.25946366786956787,0.00354496303265289,-0.566727217313167
20,599,1,0.8681159420289855,0.8331090453974347,0.2578703463077545,0.003976231334706923,-0.41509256720640497
20,600,1,0.8695652173913043,0.8328064537579325,0.26652663946151733,0.004166776818822823,-0.1602971003444284
20,601,1,0.8710144927536232,0.83310626415639,0.2665785849094391,0.0037186342754939013,-0.35004090795979237
20,602,1,0.8724637681159421,0.8329946845165671,0.2697748839855194,0.0037328797713336555,-0.27984738136911574
20,603,1,0.8739130434782608,0.8327486527574401,0.2697626054286957,0.003847413222629434,-0.23133384300083254
20,604,1,0.8753623188405797,0.8325353363816156,0.26836320757865906,0.003970631438455355,-0.20695339733847026
20,605,1,0.8768115942028986,0.8324557330049795,0.26905399560928345,0.003982455471012167,-0.18805999317444036
20,606,1,0.8782608695652174,0.8323024397292704,0.26956048607826233,0.003973115958868676,-0.181874112405805
20,607,1,0.8797101449275362,0.8321503509686273,0.27080100774765015,0.003952143522687604,-0.1659134600421484
20,608,1,0.881159420289855,0.8315178144603718,0.27109313011169434,0.004435104583739966,0.04555669587989147
20,609,1,0.8826086956521739,0.8310309358221997,0.2697833478450775,0.004667602741601104,0.11825847335682499
20,610,1,0.8840579710144928,0.8303717259621585,0.26966220140457153,0.004970613305947333,0.24482738589152442
20,611,1,0.8855072463768116,0.830093187300204,0.2628588378429413,0.00476647352612383,0.021420666068916183
20,612,1,0.8869565217391304,0.8301188325344615,0.266137033700943,0.0042265373747604725,-0.1426723100274898
20,613,1,0.8884057971014493,0.8296308876666425,0.26759472489356995,0.004364736761101909,-0.05459087164824994
20,614,1,0.8898550724637682,0.8293124004046408,0.2653992176055908,0.004333211984214294,-0.11206128598323822
20,615,1,0.8913043478260869,0.8290997595872289,0.2653979957103729,0.004281021412246786,-0.13430469432304765
20,616,1,0.8927536231884058,0.8288746969754659,0.267355740070343,0.004257727095766048,-0.10494255228209975
20,617,1,0.8942028985507247,0.8284559935147644,0.26926395297050476,0.0043653966667186435,-0.02081942749340915
20,618,1,0.8956521739130435,0.8282020736261744,0.2684362530708313,0.004325593017339144,-0.05437141405228785
20,619,1,0.8971014492753623,0.8278917598811926,0.26854145526885986,0.004358325067704336,-0.03832580226320348
20,620,1,0.8985507246376812,0.8278360784877855,0.2713317573070526,0.004112006534602306,-0.08720691340676018
20,621,1,0.9,0.8275550647360781,0.2754300534725189,0.004133365664389624,0.004112263649494047
20,622,1,0.9014492753623189,0.8274064292257172,0.274004191160202,0.004056768980078976,-0.0571046939204157
20,623,1,0.9028985507246376,0.8271035972464249,0.2684168517589569,0.004160689859256936,-0.12496426337448852
20,624,1,0.9043478260869565,0.8270807316488229,0.26592057943344116,0.003986514798167026,-0.24919902828680723
20,625,1,0.9057971014492754,0.8269635221884145,0.26470983028411865,0.003914887548834759,-0.30398445109744665
20,626,1,0.9072463768115943,0.8269045332479705,0.2650219202041626,0.0038259908523628457,-0.33556849588076526
20,627,1,0.908695652173913,0.8266643442045166,0.265032559633255,0.003940705901380096,-0.286517832317953
20,628,1,0.9101449275362319,0.8264250248660239,0.2657683789730072,0.004070211979395774,-0.21662061612309688
20,629,1,0.9115942028985508,0.8265310807286659,0.2650890648365021,0.0038002294210540107,-0.3451886574262342
20,630,1,0.9130434782608695,0.8263342462586627,0.26755547523498535,0.0038889535261200344,-0.25793173551196136
20,631,1,0.9144927536231884,0.826294558908585,0.2660364508628845,0.00378606912887072,-0.33220921477458826
20,632,1,0.9159420289855073,0.8261833610521088,0.2718062102794647,0.003804820661364114,-0.20846480975188825
20,633,1,0.9173913043478261,0.8261988878247352,0.2707136273384094,0.0037288779352589426,-0.2627166200023414
20,634,1,0.9188405797101449,0.8260123039170535,0.2662668526172638,0.0038324136169579333,-0.3078564944974066
20,635,1,0.9202898550724637,0.8259533558986782,0.26783183217048645,0.003810876049930881,-0.28562668257608875
20,636,1,0.9217391304347826,0.8259658054391759,0.2686062157154083,0.003713125756956562,-0.31170472157313517
20,637,1,0.9231884057971015,0.8260895417588396,0.270954430103302,0.0035350005340595543,-0.3404239668758663
20,638,1,0.9246376811594202,0.8261221164087743,0.2702997922897339,0.003475089367651005,-0.37906402414206863
20,639,1,0.9260869565217391,0.8263544700594558,0.27077746391296387,0.003270188839899682,-0.4567117936899546
20,640,1,0.927536231884058,0.8265102799587107,0.2675996422767639,0.003214657480839181,-0.5441110716211051
20,641,1,0.9289855072463769,0.8266907155869591,0.2697063386440277,0.003170340482474579,-0.5207103417344738
20,642,1,0.9304347826086956,0.8267744053373426,0.27756908535957336,0.0032369441891209024,-0.3346014284720557
20,643,1,0.9318840579710145,0.8268840804170359,0.2672370672225952,0.0032903413415696888,-0.5191649838387731
20,644,1,0.9333333333333333,0.8268815849554899,0.26964497566223145,0.003425239392510657,-0.4134243565019529
20,645,1,0.9347826086956522,0.8273585143787072,0.2687453031539917,0.0030411362184881415,-0.5949976849478715
20,646,1,0.936231884057971,0.8279858201968531,0.2818129062652588,0.0025807800982793313,-0.5288018935640724
20,647,1,0.9376811594202898,0.8290593770297846,0.2920992076396942,0.0018100769802254198,-0.650531504310525
20,648,1,0.9391304347826087,0.8306220722553246,0.2992607057094574,0.0008541627160449129,-0.9138047418494671
20,649,1,0.9405797101449276,0.8323232872900936,0.30965158343315125,0.000366064064635358,-0.9131240680053698
20,650,1,0.9420289855072463,0.8347911859018774,0.32475969195365906,0.0012015926858749163,-0.25429659859426834
20,651,1,0.9434782608695652,0.8385129901700749,0.3448256850242615,0.0032220555278162947,1.008460752073908
20,652,1,0.9449275362318841,0.8426850127759715,0.36666935682296753,0.0050306748486403955,2.2166971708331147
20,653,1,0.946376811594203,0.8476105478106835,0.3793755769729614,0.006940474753190598,3.2846798391257925
20,654,1,0.9478260869565217,0.8529291563352484,0.41774001717567444,0.008437268147608038,4.691627714742872
20,655,1,0.9492753623188406,0.858972088243438,0.42874231934547424,0.009945707447454908,5.554554160784781
20,656,1,0.9507246376811594,0.8651848856890638,0.44744083285331726,0.011043730374739994,6.397168306235724
20,657,1,0.9521739130434783,0.8712596188743951,0.46747666597366333,0.011493495331798168,6.990633331786887
20,658,1,0.9536231884057971,0.8780382654750893,0.30896812677383423,0.012359874166564536,4.179242390108888
20,659,1,0.9550724637681159,0.8834096511114551,0.31212395429611206,0.011453982517970033,3.85689744453363
20,660,1,0.9565217391304348,0.8875487556804016,0.31284672021865845,0.009483696369912257,3.0325962387808683
20,661,1,0.9579710144927536,0.8910684348481607,0.3145757019519806,0.007412408039836896,2.1854839391072596
20,662,1,0.9594202898550724,0.8950647635221015,0.3186527192592621,0.006456532720336336,1.8603418985069822
20,663,1,0.9608695652173913,0.8980257091225776,0.31669870018959045,0.0051608538090593984,1.2695330637281137
20,664,1,0.9623188405797102,0.900090080980646,0.3166333734989166,0.003571211164347168,0.5914698915696752
20,665,1,0.9637681159420289,0.903096428401419,0.31968313455581665,0.0034422272600590524,0.5977468517070746
20,666,1,0.9652173913043478,0.9044609318145336,0.32645756006240845,0.0018358713828994476,0.04979757216089109
20,667,1,0.9666666666666667,0.9052757639568351,0.32023078203201294,0.0009236109189868346,-0.46350635644252736
20,668,1,0.9681159420289855,0.9052359701762362,0.3204907774925232,0.0015867851351106773,-0.17595931938050557
20,669,1,0.9695652173913043,0.905887686847989,0.3232787251472473,0.0022215407622554447,0.15020866972219515
20,670,1,0.9710144927536232,0.9065551881756407,0.32568442821502686,0.002251854046246252,0.21138057623448103
20,671,1,0.972463768115942,0.9061547048407972,0.3242377042770386,0.003175901471366591,0.5757454572570015
20,672,1,0.9739130434782609,0.9064998781088253,0.3216058015823364,0.0030504634243290448,0.469538099557171
20,673,1,0.9753623188405797,0.9065858345594313,0.31788307428359985,0.003280483956870248,0.4927730402571082
20,674,1,0.9768115942028985,0.9066850392451761,0.3218737244606018,0.0033558161989860587,0.6049102323908969
20,675,1,0.9782608695652174,0.9069929284488845,0.32627713680267334,0.0030803897626615036,0.5760017126549295
20,676,1,0.9797101449275363,0.9073664892977776,0.32244160771369934,0.002916384815790149,0.4292264956482489
20,677,1,0.981159420289855,0.9081912621547432,0.32016292214393616,0.0023082647560626586,0.1246155287738544
20,678,1,0.9826086956521739,0.9081203408861458,0.3217370808124542,0.002780542923488058,0.35725979229069915
20,679,1,0.9840579710144928,0.9081843288492591,0.3240315616130829,0.003075380370617134,0.5288150560744358
20,680,1,0.9855072463768116,0.9091305896370825,0.3224872648715973,0.0024269696828874672,0.2217857011879173
20,681,1,0.9869565217391304,0.9088656031935287,0.32056307792663574,0.0031329812112674523,0.48374742855524067
20,682,1,0.9884057971014493,0.9089557811018281,0.3224290907382965,0.0032113885626644774,0.5545661802181664
21,8,0,0.011220196353436185,0.18913129415887653,0.29401397705078125,nan,nan
21,9,0,0.012622720897615708,0.18865879801716667,0.2971043288707733,nan,nan
21,10,0,0.014025245441795231,0.1885364865659858,0.28876474499702454,nan,nan
21,11,0,0.015427769985974754,0.18891663987594517,0.2853999435901642,nan,nan
21,12,0,0.016830294530154277,0.18993570563362874,0.2916609048843384,0.002467053043853304,-0.3796334673454864
21,13,0,0.0182328190743338,0.19065726092470697,0.2888084650039673,0.0019466006214631489,-0.6584335273638756
21,14,0,0.019635343618513323,0.19071768866765124,0.28775203227996826,0.0023857886054039464,-0.4926554090106088
21,15,0,0.021037868162692847,0.19132502326422085,0.28548285365104675,0.00232375453425068,-0.564592531309201
21,16,0,0.02244039270687237,0.19185486453442252,0.28208428621292114,0.0023960091111179223,-0.6020189172219308
21,17,0,0.023842917251051893,0.19279931352563243,0.2853951156139374,0.001931349845106481,-0.733409810341688
21,18,0,0.025245441795231416,0.19345774506007238,0.2834383249282837,0.001808431460897872,-0.8249993930337434
21,19,0,0.02664796633941094,0.19357527690060472,0.2845619320869446,0.0023759137184708153,-0.5608638818678218
21,20,0,0.028050490883590462,0.19463517298066485,0.2871460020542145,0.0018785810475066807,-0.7207460139521245
21,21,0,0.029453015427769985,0.19474683513992955,0.2860310673713684,0.0024619959998025383,-0.4947404513886536
21,22,0,0.030855539971949508,0.1957160895924243,0.2846609950065613,0.001979621950882052,-0.7275881168374102
21,23,0,0.03225806451612903,0.1966401695258068,0.2854120433330536,0.001620128150587566,-0.8655654050067576
21,24,0,0.033660589060308554,0.19755673640816923,0.28782790899276733,0.0014697844245256638,-0.8811000205959234
21,25,0,0.03506311360448808,0.1984979345086994,0.29027149081230164,0.0012589771808715873,-0.9218194563128812
21,26,0,0.0364656381486676,0.19912191405797464,0.2914516031742096,0.0015727724737887834,-0.7645514373884739
21,27,0,0.037868162692847124,0.2000749700574973,0.28754299879074097,0.0014711725906537106,-0.8862253288152323
21,28,0,0.03927068723702665,0.20061222475711712,0.2853206694126129,0.0017926180239565244,-0.7939652277516667
21,29,0,0.04067321178120617,0.2010138581848615,0.28578561544418335,0.0021548566834491386,-0.6304223165751015
21,30,0,0.04207573632538569,0.20109061609311127,0.29069405794143677,0.0027070796942398586,-0.2968461414089363
21,31,0,0.043478260869565216,0.2010159324924876,0.2897229790687561,0.0032739388036477053,-0.0750025880842215
21,32,0,0.04488078541374474,0.20042675027653123,0.28990840911865234,0.0040983616283516685,0.27969616251428886
21,33,0,0.04628330995792426,0.1992076115212032,0.2958069145679474,0.005271131763533191,0.8973195919453785
21,34,0,0.047685834502103785,0.19889760327293202,0.2942499816417694,0.00512957834588981,0.8058191212274105
21,35,0,0.04908835904628331,0.19803383285900297,0.295141339302063,0.0054450955547740406,0.9580267839801928
21,36,0,0.05049088359046283,0.19662647485838217,0.2874937355518341,0.0061069286470236935,1.0863490012724655
21,37,0,0.051893408134642355,0.19538860431610933,0.28446516394615173,0.006394730334759261,1.1481100634320847
21,38,0,0.05329593267882188,0.19469203593174783,0.28456124663352966,0.006136546917847288,1.0401223753527784
21,39,0,0.0546984572230014,0.19310327892522064,0.28306230902671814,0.006673912089078427,1.238818909896016
21,40,0,0.056100981767180924,0.19166503288463535,0.2808177173137665,0.0068795196462181326,1.2813171346803114
21,41,0,0.05750350631136045,0.19167061032617247,0.2795995771884918,0.005633581711244351,0.7264486198498272
21,42,0,0.05890603085553997,0.19117406151101804,0.2801005244255066,0.0052006320289145315,0.5521813442078926
21,43,0,0.06030855539971949,0.1909547002472835,0.2887691557407379,0.00454049968746664,0.4450685355181347
21,44,0,0.061711079943899017,0.190822026806626,0.28806740045547485,0.004136028458639846,0.2587948988702679
21,45,1,0.06311360448807854,0.19048580367819506,0.2864770293235779,0.00426150006756845,0.28030308653412184
21,46,1,0.06451612903225806,0.19059672209925765,0.28440263867378235,0.0038543799845115164,0.0653619367974122
21,47,1,0.06591865357643759,0.18936410421053826,0.28366100788116455,0.004942663020290822,0.5137928312767502
21,48,1,0.06732117812061711,0.18991869736353706,0.2877512276172638,0.0039904208581056895,0.1904624073806595
21,49,1,0.06872370266479663,0.18982564469566535,0.28591662645339966,0.0038576411652051475,0.09712615303030481
21,50,1,0.07012622720897616,0.1893952339746964,0.28837552666664124,0.004123012140541668,0.2594355920299204
21,51,1,0.07152875175315568,0.18746889726531898,0.2794119417667389,0.005748976818778781,0.7718107208899051
21,52,1,0.0729312762973352,0.1876552496369102,0.27630943059921265,0.0050888227108827596,0.4285186984237149
21,53,1,0.07433380084151472,0.1862920551507602,0.26110681891441345,0.005886155265376028,0.46294692005565974
21,54,1,0.07573632538569425,0.18302899948438087,0.2686786949634552,0.008265813545529074,1.6279478486704657
21,55,1,0.07713884992987377,0.18354424229807514,0.271879106760025,0.006159012109255913,0.7952386807489782
21,56,1,0.0785413744740533,0.18339377919249664,0.2646667957305908,0.005328311473023467,0.2968836957495519
21,57,1,0.07994389901823282,0.18163622240933877,0.25957366824150085,0.006020500645077945,0.4893809451415173
21,58,1,0.08134642356241234,0.1804540421013981,0.26172223687171936,0.00603872276766326,0.5402463189796782
21,59,1,0.08274894810659186,0.17969348793010043,0.2626417279243469,0.006155537593215241,0.6084256283705094
21,60,1,0.08415147265077139,0.17960306859974937,0.26042473316192627,0.005283268331572622,0.19259716214711797
21,61,1,0.08555399719495091,0.17911902699782437,0.25675803422927856,0.004819632285310804,-0.07835153995147026
21,62,1,0.08695652173913043,0.17818977207695108,0.26016756892204285,0.005119588353305488,0.11775470346306627
21,63,1,0.08835904628330996,0.1779791132636524,0.25812509655952454,0.004764179660492415,-0.07453116204172838
21,64,1,0.08976157082748948,0.1767127948798025,0.27134671807289124,0.005601904377730321,0.5473817701571775
21,65,1,0.091164095371669,0.17624430378928635,0.2630883455276489,0.0053478270382597394,0.27352279677078917
21,66,1,0.09256661991584852,0.17605898003192727,0.2674892544746399,0.004814469993484308,0.13475623736936732
21,67,1,0.09396914446002805,0.17663629253686203,0.2679172158241272,0.003704459477293612,-0.32921791137987577
21,68,1,0.09537166900420757,0.1760171867097621,0.27436360716819763,0.00398786012269593,-0.07922986682554814
21,69,1,0.0967741935483871,0.17682726096682455,0.2762851119041443,0.003003883823123385,-0.45958228907792853
21,70,1,0.09817671809256662,0.17852923274487678,0.2783539295196533,0.0015802464238841053,-1.024154344859449
21,71,1,0.09957924263674614,0.17727968221616744,0.27827197313308716,0.003314765046402432,-0.2873686853542782
21,72,1,0.10098176718092566,0.17656752728560868,0.2762829065322876,0.0041877673967875536,0.04438369597748601
21,73,1,0.10238429172510519,0.17648494876994625,0.2717692255973816,0.004407931056411599,0.047553034395438676
21,74,1,0.10378681626928471,0.17645856023924583,0.2685117721557617,0.004348741537892481,-0.04300130801638058
21,75,1,0.10518934081346423,0.17555071360731292,0.2754783630371094,0.004738920043417636,0.262881874200361
21,76,1,0.10659186535764376,0.17435392081255166,0.2783985733985901,0.0055034706859652645,0.6469606481722824
21,77,1,0.10799438990182328,0.17507741785855507,0.27218687534332275,0.004226572021697611,-0.021276752277084643
21,78,1,0.1093969144460028,0.17577807510841792,0.27432340383529663,0.00317403204398693,-0.42650440500197406
21,79,1,0.11079943899018233,0.17601522460145902,0.269138365983963,0.0027667612682388517,-0.7039200809213559
21,80,1,0.11220196353436185,0.17594700269218883,0.2710435688495636,0.0029511109260456194,-0.5872126273377998
21,81,1,0.11360448807854137,0.175878775747881,0.2703185975551605,0.0034176083402627207,-0.40315790355533987
21,82,1,0.1150070126227209,0.17521768927716816,0.2758103311061859,0.004279034283307029,0.0737568968111513
21,83,1,0.11640953716690042,0.1760366694414749,0.2720745801925659,0.003319957661187892,-0.40949925176752366
21,84,1,0.11781206171107994,0.17561413843612628,0.27500131726264954,0.00374784987654046,-0.16861383586537393
21,85,1,0.11921458625525946,0.17580657194082977,0.27685827016830444,0.003472200307821316,-0.24870815776951183
21,86,1,0.12061711079943899,0.17672868909423534,0.2768738865852356,0.0025320322026529648,-0.6486490151108957
21,87,1,0.12201963534361851,0.1769687629094189,0.27682000398635864,0.002669708341736185,-0.5911177500448488
21,88,1,0.12342215988779803,0.17743722264691872,0.26894477009773254,0.0024342719712223656,-0.8493536845139453
21,89,1,0.12482468443197756,0.17804536667526027,0.2642055153846741,0.0022818989955789267,-1.0093087374874958
21,90,1,0.12622720897615708,0.1783728853650443,0.27198129892349243,0.0025140789894025324,-0.7544544467979359
21,91,1,0.1276297335203366,0.17899342562501078,0.26465722918510437,0.002304587797138294,-0.9905865750127517
21,92,1,0.12903225806451613,0.17913544840874587,0.27179911732673645,0.0026687306923011385,-0.6922703626913225
21,93,1,0.13043478260869565,0.17924265688982036,0.2732827663421631,0.0029860786516834577,-0.5273998825330974
21,94,1,0.13183730715287517,0.1796620454104741,0.2805158793926239,0.002866012684669764,-0.4333937717803664
21,95,1,0.1332398316970547,0.18003365674260058,0.2764860689640045,0.0028166913639007226,-0.535243124184607
21,96,1,0.13464235624123422,0.18058235364771255,0.2768462598323822,0.0025280522381861655,-0.6508976786710753
21,97,1,0.13604488078541374,0.18107762701971092,0.2634531259536743,0.002394505175929482,-0.9764648800802674
21,98,1,0.13744740532959326,0.1815313766310065,0.265629380941391,0.00239949809710657,-0.9306760392707218
21,99,1,0.1388499298737728,0.18176204183646674,0.26645123958587646,0.0026361656967793775,-0.813431110833454
21,100,1,0.1402524544179523,0.18192050149467157,0.26841557025909424,0.0029098023120411294,-0.6575255529373355
21,101,1,0.14165497896213183,0.1815036522733064,0.26890096068382263,0.003661188495146056,-0.3279021672811264
21,102,1,0.14305750350631136,0.18112750057845178,0.2683981955051422,0.004143846503399534,-0.1325092300994919
21,103,1,0.14446002805049088,0.18126815808290203,0.27196556329727173,0.0039022199858106095,-0.16380219306733473
21,104,1,0.1458625525946704,0.18159252795710795,0.272560715675354,0.003454379173213504,-0.342518930840582
21,105,1,0.14726507713884993,0.18186028045518057,0.2692301273345947,0.003104633290749945,-0.5582380641653049
21,106,1,0.14866760168302945,0.18216518985590227,0.2670549750328064,0.002888880935496799,-0.6937305902314447
21,107,1,0.15007012622720897,0.18147749171938005,0.2673826515674591,0.00383600139138168,-0.28394228782690456
21,108,1,0.1514726507713885,0.18175537021588456,0.26862117648124695,0.0036104563039966705,-0.3551136308232293
21,109,1,0.15287517531556802,0.18058105717144926,0.26763293147087097,0.0048254799131260935,0.1423261073086871
21,110,1,0.15427769985974754,0.17946920383511478,0.26920875906944275,0.0056175274285277495,0.5111380386389006
21,111,1,0.15568022440392706,0.1779617812434764,0.26753565669059753,0.006450953514969268,0.83238110650332
21,112,1,0.1570827489481066,0.17646038670549197,0.2718663513660431,0.0070734204339777925,1.1842703271836887
21,113,1,0.1584852734922861,0.1754597336642505,0.2729201912879944,0.006750327597621103,1.0678649320318052
21,114,1,0.15988779803646563,0.17501310685418828,0.2778671383857727,0.00591662353088365,0.8121882012972781
21,115,1,0.16129032258064516,0.17423417063523758,0.2752586007118225,0.005581535504602703,0.617196141964675
21,116,1,0.16269284712482468,0.17383664981320657,0.27723032236099243,0.005047153674574018,0.4292553816519309
21,117,1,0.1640953716690042,0.17340091102648442,0.27343133091926575,0.0048269582382248185,0.25929147409323805
21,118,1,0.16549789621318373,0.17301249955314074,0.2731141746044159,0.004700664052126974,0.19916147681940272
21,119,1,0.16690042075736325,0.1729287600044917,0.2745131552219391,0.004284251775514125,0.049952272259768615
21,120,1,0.16830294530154277,0.17253707991946007,0.27236437797546387,0.004349579202859302,0.03465194366499452
21,121,1,0.1697054698457223,0.17272188093752483,0.2699993848800659,0.0038398857113579156,-0.22978788454578863
21,122,1,0.17110799438990182,0.17300304698866223,0.2736870348453522,0.003388962137980592,-0.34777080615063455
21,123,1,0.17251051893408134,0.17330815199274696,0.26931554079055786,0.003081493992776238,-0.5663753789315846
21,124,1,0.17391304347826086,0.17308422578301946,0.26984530687332153,0.00340026819956758,-0.4200359081493164
21,125,1,0.1753155680224404,0.17356011990898015,0.2692027986049652,0.0030611605394967297,-0.5772938616381803
21,126,1,0.1767180925666199,0.17413471340256362,0.2786375880241394,0.0026961267887770897,-0.543403685266022
21,127,1,0.17812061711079943,0.1752678719765916,0.27675947546958923,0.0018458848182244776,-0.943055404451393
21,128,1,0.17952314165497896,0.176332667725901,0.2709560990333557,0.001271019064876225,-1.3042266668885059
21,129,1,0.18092566619915848,0.1771374286243909,0.2655699849128723,0.0012783686521067013,-1.4091618865534865
21,130,1,0.182328190743338,0.17764132177166267,0.26499295234680176,0.0016688026836876287,-1.254521172142113
21,131,1,0.18373071528751753,0.1793974259258691,0.2699130177497864,0.0009490118942614735,-1.4622413784099488
21,132,1,0.18513323983169705,0.17994494711170958,0.273699551820755,0.001274217923234869,-1.2478216503643722
21,133,1,0.18653576437587657,0.18065940090880922,0.2703007757663727,0.0014628339725873381,-1.2357140965560012
21,134,1,0.1879382889200561,0.1815380503427471,0.2685401141643524,0.0014646776097540478,-1.2702541906596363
21,135,1,0.18934081346423562,0.18150377482154573,0.26426461338996887,0.0024731352737265263,-0.9267087361675208
21,136,1,0.19074333800841514,0.18221411954272113,0.2669593095779419,0.0022893777764702835,-0.9508741614172895
21,137,1,0.19214586255259467,0.18218868161059917,0.2685092091560364,0.00288210881634515,-0.667436678030499
21,138,1,0.1935483870967742,0.18274542182474462,0.27053162455558777,0.00270768877764718,-0.701115187177158
21,139,1,0.1949509116409537,0.18292218808048027,0.2636629641056061,0.002832765392410866,-0.7856759507045974
21,140,1,0.19635343618513323,0.18372153062171676,0.2621541917324066,0.0023880261659080223,-1.0052842901950327
21,141,1,0.19775596072931276,0.18406395682751037,0.2621254026889801,0.0024224527298633254,-0.9912056086682399
21,142,1,0.19915848527349228,0.1842322314605147,0.2659624218940735,0.0027229969010868467,-0.7862721722350547
21,143,1,0.2005610098176718,0.1840719690468098,0.26043540239334106,0.0032549617237342095,-0.670692001943945
21,144,1,0.20196353436185133,0.1839828940638019,0.2674960494041443,0.0036314819483245194,-0.3687364153103643
21,145,1,0.20336605890603085,0.1832759821453013,0.26608067750930786,0.004403734727346395,-0.06836545852235859
21,146,1,0.20476858345021037,0.18339971134583138,0.271657258272171,0.0040830118562640684,-0.09302002869957762
21,147,1,0.2061711079943899,0.18160465177637108,0.2685559093952179,0.005669941397053496,0.5203536083665777
21,148,1,0.20757363253856942,0.18171175442088267,0.27229437232017517,0.0049460094349322555,0.2871633522832393
21,149,1,0.20897615708274894,0.1818566560436383,0.26915404200553894,0.004233322901446829,-0.0792518823727083
21,150,1,0.21037868162692847,0.18163119003209738,0.2685779929161072,0.004103957387571991,-0.14588371133706968
21,151,1,0.211781206171108,0.18100705454692406,0.27486130595207214,0.004285962544311792,0.05766570255789186
21,152,1,0.2131837307152875,0.18045606800636524,0.278685986995697,0.004687549777508873,0.3053682695582354
21,153,1,0.21458625525946703,0.179916497735897,0.26967480778694153,0.004913198444347758,0.22063730389141484
21,154,1,0.21598877980364656,0.1793711410209931,0.26947295665740967,0.0049735155823163015,0.24226605488942599
21,155,1,0.21739130434782608,0.1789040882688869,0.2678203284740448,0.004875556081646468,0.1674046771709261
21,156,1,0.2187938288920056,0.17871724889420185,0.2708294689655304,0.004536653886822212,0.0834989357366499
21,157,1,0.22019635343618513,0.1790757247862423,0.27721911668777466,0.0037434732167408976,-0.12598034546761328
21,158,1,0.22159887798036465,0.179162095450055,0.27430737018585205,0.003446909315514582,-0.3106550969576181
21,159,1,0.22300140252454417,0.17950065626830344,0.2694949805736542,0.003056087104531588,-0.573591571984654
21,160,1,0.2244039270687237,0.18084913964193738,0.27166610956192017,0.0018567457307517828,-1.0406222164412338
21,161,1,0.22580645161290322,0.18191156471700956,0.26615920662879944,0.0013272933426134977,-1.3765115335336124
21,162,1,0.22720897615708274,0.18314209706197176,0.26872560381889343,0.0008057209803430916,-1.5470677140337028
21,163,1,0.22861150070126227,0.18424925577130705,0.2680075466632843,0.0006935626739869834,-1.6092231586292605
21,164,1,0.2300140252454418,0.18493382914511058,0.2688305974006653,0.0011961391759343328,-1.3787499312369444
21,165,1,0.2314165497896213,0.18521170160316017,0.26756638288497925,0.0019394390936780777,-1.0876722241818184
21,166,1,0.23281907433380084,0.18549322276891891,0.2732800841331482,0.0024829521494569825,-0.7416478212594901
21,167,1,0.23422159887798036,0.18670209466279547,0.2789672911167145,0.0018618616823172203,-0.891957195274899
21,168,1,0.23562412342215988,0.18728747468572784,0.26853814721107483,0.0018896913822569446,-1.0893541643608575
21,169,1,0.2370266479663394,0.1884746238336866,0.26696649193763733,0.001290953619452498,-1.3757853616699958
21,170,1,0.23842917251051893,0.18853847970976093,0.2628236413002014,0.0020428283010097666,-1.1388125785159673
21,171,1,0.23983169705469845,0.19056043786215443,0.2661803066730499,0.0010747726554258298,-1.483592861217479
21,172,1,0.24123422159887797,0.1896128074538273,0.2705124616622925,0.0026944005919936594,-0.7071567898140543
21,173,1,0.2426367461430575,0.18970826459331933,0.26619279384613037,0.0031802766445265225,-0.5869741530311945
21,174,1,0.24403927068723702,0.19004681199370135,0.269368052482605,0.003150139434052621,-0.5360976506968309
21,175,1,0.24544179523141654,0.19055129450707858,0.26780426502227783,0.0030227399916605254,-0.6217099293167603
21,176,1,0.24684431977559607,0.19011588671171906,0.26981469988822937,0.0034558619482511184,-0.39698227612291437
21,177,1,0.2482468443197756,0.19043157939794786,0.26435163617134094,0.0032659390764952336,-0.5874454221608247
21,178,1,0.2496493688639551,0.19034461006066503,0.2645339369773865,0.0035337371149352067,-0.4697791995068954
21,179,1,0.25105189340813466,0.19050863193591153,0.265282541513443,0.0034441647564295826,-0.4928928940289313
21,180,1,0.25245441795231416,0.19021653143770476,0.26993200182914734,0.00372559961184461,-0.27979440694750857
21,181,1,0.2538569424964937,0.19073336674000224,0.26869845390319824,0.003233925491043563,-0.5138622026922206
21,182,1,0.2552594670406732,0.19042036805160056,0.2627314329147339,0.0036223710149588364,-0.4682099113575894
21,183,1,0.25666199158485276,0.19035413558993103,0.26281028985977173,0.003707542974362249,-0.4303678345214543
21,184,1,0.25806451612903225,0.1901206749163985,0.266933798789978,0.0039023795613996578,-0.26468890660232014
21,185,1,0.2594670406732118,0.1896057385797653,0.26703885197639465,0.004393351767706302,-0.05356145297206483
21,186,1,0.2608695652173913,0.18912167305872368,0.2714771032333374,0.004595510248688675,0.12154941967328509
21,187,1,0.26227208976157085,0.18673582682361295,0.2746877074241638,0.0066566827355801885,1.0634603669968634
21,188,1,0.26367461430575034,0.18686240405240265,0.2766417860984802,0.005625528315210957,0.6636765297436165
21,189,1,0.2650771388499299,0.18547952276621163,0.27783945202827454,0.006193841885403004,0.9296518282829451
21,190,1,0.2664796633941094,0.1841017676717579,0.27102482318878174,0.00654004302646832,0.9403136263633947
21,191,1,0.26788218793828894,0.1831421735095014,0.27442723512649536,0.006244660841983396,0.8828258820249416
21,192,1,0.26928471248246844,0.18198658152417788,0.28150275349617004,0.006501839498779025,1.134273009818157
21,193,1,0.270687237026648,0.18068495375698684,0.27780237793922424,0.0065845116339138645,1.0952263334951926
21,194,1,0.2720897615708275,0.1796468726251844,0.2807374596595764,0.006423950513410129,1.0857591807047853
21,195,1,0.27349228611500703,0.1782723377952052,0.2783326208591461,0.006684761581745938,1.1485438730807327
21,196,1,0.27489481065918653,0.1772515300957148,0.2728828191757202,0.006488110352662305,0.9554823715653895
21,197,1,0.2762973352033661,0.1763527117130424,0.2802826166152954,0.006203165878218894,0.9826396520370788
21,198,1,0.2776998597475456,0.1760411583777822,0.2827501893043518,0.0054316587024930115,0.703696915656361
21,199,1,0.2791023842917251,0.17444856040220008,0.28530722856521606,0.006122828116224552,1.0492489073709816
21,200,1,0.2805049088359046,0.17348211213035256,0.2820301055908203,0.00613333203982083,0.9879702488531629
21,201,1,0.28190743338008417,0.17277862297862712,0.28643155097961426,0.005894466700205711,0.9745872812841144
21,202,1,0.28330995792426367,0.1724220953740172,0.2886836528778076,0.005357472121211804,0.7911596056464989
21,203,1,0.2847124824684432,0.17340470571789723,0.28605300188064575,0.003470096026390518,-0.06512579475131756
21,204,1,0.2861150070126227,0.1734887669832125,0.28677788376808167,0.003125071089999568,-0.1974682982764132
21,205,1,0.28751753155680226,0.1742664280608129,0.2859823405742645,0.0023490737256140733,-0.5437920484813584
21,206,1,0.28892005610098176,0.1756005602319021,0.28970369696617126,0.0013868928250713982,-0.8787543316141588
21,207,1,0.2903225806451613,0.176899797876001,0.2858089208602905,0.000882271395443693,-1.1717276036430293
21,208,1,0.2917251051893408,0.17847883529470118,0.28230801224708557,0.000250490843225969,-1.5109334952408446
21,209,1,0.29312762973352036,0.1814261646761478,0.2806725800037384,0.001522805287305004,-1.002088369451666
21,210,1,0.29453015427769985,0.18472239849397096,0.2805503308773041,0.0030291049512944394,-0.36326990769337913
21,211,1,0.2959326788218794,0.1894953969824505,0.26770007610321045,0.0055216438742567734,0.4400484859922363
21,212,1,0.2973352033660589,0.19428493641122843,0.2655419707298279,0.0071622835264223165,1.0952126600383258
21,213,1,0.29873772791023845,0.19992453731247228,0.2646564841270447,0.008850359148534357,1.79610471511259
21,214,1,0.30014025245441794,0.2061797367561571,0.2664397358894348,0.010480965433138038,2.5260747169194935
21,215,1,0.3015427769985975,0.21523196930794616,0.27076518535614014,0.014168863419380564,4.182892961631654
21,216,1,0.302945301542777,0.22571827725017757,0.2711397707462311,0.018221028280238055,5.915521114484166
21,217,1,0.30434782608695654,0.23971688511080377,0.27642351388931274,0.02436130093112701,8.635606154405872
21,218,1,0.30575035063113604,0.25447413708343763,0.281151682138443,0.029170465954177965,10.777857068118164
21,219,1,0.3071528751753156,0.2710085028587446,0.281180739402771,0.03363123164766482,12.677504800273653
21,220,1,0.3085553997194951,0.29033525619986394,0.29044368863105774,0.039013851601084566,15.15487392706362
21,221,1,0.30995792426367463,0.3090741953649732,0.2889217138290405,0.04159854602877223,16.224709920992215
21,222,1,0.31136044880785413,0.32598930536914467,0.3167874217033386,0.04117432846940131,16.60319215366615
21,223,1,0.3127629733520337,0.34284651900916646,0.319261372089386,0.04015275003799634,16.217915495371617
21,224,1,0.3141654978962132,0.35815678121853295,0.3157173693180084,0.03750350820975737,15.018958901300842
21,225,1,0.3155680224403927,0.37032275558202077,0.31103572249412537,0.03271410131857794,12.88605292276549
21,226,1,0.3169705469845722,0.38035785631171243,0.3751455545425415,0.027437061994007722,11.925744724874225
21,227,1,0.31837307152875177,0.3890261812619466,0.3720323145389557,0.022513249208599956,9.767086319239723
21,228,1,0.31977559607293127,0.3973745044329629,0.3746306896209717,0.019316656816421196,8.458345664964446
21,229,1,0.3211781206171108,0.4035649095149305,0.3648281991481781,0.015702631094781316,6.723088337257761
21,230,1,0.3225806451612903,0.4090023756754305,0.37306180596351624,0.012829558772053913,5.665140941362653
21,231,1,0.32398316970546986,0.41213078619443183,0.3691498339176178,0.008796839450125691,3.8698190175474703
21,232,1,0.32538569424964936,0.4142990400835608,0.36891448497772217,0.005188942106133329,2.329120744096871
21,233,1,0.3267882187938289,0.41525929224138486,0.3696989417076111,0.002156325076993617,1.0537952010469063
21,234,1,0.3281907433380084,0.41622116200970377,0.3716578185558319,0.0007794955107325524,0.5069446721071296
21,235,1,0.32959326788218796,0.41741601114018784,0.36710336804389954,0.0006535130150709919,0.36193255066958496
21,236,1,0.33099579242636745,0.41795256932343267,0.37406519055366516,0.001438261068265165,0.8356986494475521
21,237,1,0.332398316970547,0.4185699931920053,0.36991825699806213,0.0017342195096605702,0.8784940353599127
21,238,1,0.3338008415147265,0.4197228927615772,0.37405577301979065,0.0014089951777436745,0.8230504452498608
21,239,1,0.33520336605890605,0.42064840957417043,0.3672962784767151,0.0013589110531188027,0.6661094158383083
21,240,1,0.33660589060308554,0.42234669438077765,0.35684576630592346,0.0005994774537131688,0.1331251274310501
21,241,1,0.3380084151472651,0.42422866604008547,0.3581594228744507,0.00035894133431505545,0.05707911122124454
21,242,1,0.3394109396914446,0.4257572411242089,0.3509482443332672,0.00042862141206770604,-0.05793750940113629
21,243,1,0.34081346423562414,0.4271252687700761,0.32858341932296753,0.0003224389489410971,-0.5518581275641189
21,244,1,0.34221598877980364,0.4284700811087575,0.320199579000473,0.00017447063861713522,-0.7830610280166729
21,245,1,0.3436185133239832,0.4302611394147474,0.31818968057632446,0.0002738711309769352,-0.7810691698839781
21,246,1,0.3450210378681627,0.4319767967159438,0.3085680603981018,0.0004814100885078025,-0.8857574761364094
21,247,1,0.34642356241234223,0.43393659750901986,0.292671799659729,0.0008863219836501316,-1.0323100091068036
21,248,1,0.34782608695652173,0.43554132219323205,0.29489561915397644,0.0007882144831263841,-1.0294594080969042
21,249,1,0.3492286115007013,0.43695406517166474,0.2966727912425995,0.0004451665058217945,-1.1398476770028552
21,250,1,0.3506311360448808,0.43879269077987143,0.318892240524292,0.0005985413594177839,-0.6287527640387564
21,251,1,0.3520336605890603,0.4400766441556877,0.3080160915851593,0.0002549353359417826,-0.9932481165498689
21,252,1,0.3534361851332398,0.4413282352987861,0.3046749234199524,0.00015670528347021088,-1.1021026441076491
21,253,1,0.3548387096774194,0.44274875187062995,0.30696913599967957,0.00015489113495283872,-1.0568451126425167
21,254,1,0.35624123422159887,0.44387635777669304,0.30785390734672546,0.0004521767725392785,-0.9125312513992607
21,255,1,0.3576437587657784,0.44515904877418216,0.31118136644363403,0.0004404025242555317,-0.8507834861472153
21,256,1,0.3590462833099579,0.44560576827001347,0.3155331313610077,0.0012642841830478565,-0.41272399538197446
21,257,1,0.36044880785413747,0.44521700472268544,0.3138222396373749,0.002722430973182738,0.17372084647310126
21,258,1,0.36185133239831696,0.44479667743347856,0.31461912393569946,0.0037598214754034744,0.6313534061742312
21,259,1,0.3632538569424965,0.4443921241940765,0.31556570529937744,0.004394454629001937,0.9205250603765087
21,260,1,0.364656381486676,0.4440819540363344,0.31829893589019775,0.004512893641717611,1.0257857349833714
21,261,1,0.36605890603085556,0.4435224730651745,0.31392040848731995,0.004691421054457715,1.01394108166968
21,262,1,0.36746143057503505,0.4430768361869644,0.30974504351615906,0.0047134250182900685,0.9395364412920594
21,263,1,0.3688639551192146,0.44268057845641895,0.3082197904586792,0.004679722437207001,0.8945865033813385
21,264,1,0.3702664796633941,0.4427433720315948,0.3148256838321686,0.004189042427616777,0.8182283109193293
21,265,1,0.37166900420757365,0.4430973520934136,0.308456152677536,0.0035004168646130375,0.39726749177788206
21,266,1,0.37307152875175315,0.44312032645588556,0.30549532175064087,0.0033711622592008635,0.28283588400876447
21,267,1,0.3744740532959327,0.4429100463013573,0.30020904541015625,0.003592314980959449,0.270925348435197
21,268,1,0.3758765778401122,0.44300380166433145,0.2972986400127411,0.003555926579219865,0.19704102591752956
21,269,1,0.37727910238429174,0.4430237779439856,0.2963411509990692,0.003601057707749861,0.19704397817557845
21,270,1,0.37868162692847124,0.44270235797446156,0.31319451332092285,0.0039040841399169248,0.6641871690928919
21,271,1,0.3800841514726508,0.4426672678068898,0.3125259578227997,0.003834682187132674,0.6212273985624496
21,272,1,0.3814866760168303,0.44281096707403905,0.3064192831516266,0.003630288296366563,0.41169049271510444
21,273,1,0.38288920056100983,0.4429507803844671,0.30851733684539795,0.003442266338365416,0.3737388569491174
21,274,1,0.38429172510518933,0.44325818865812316,0.31719106435775757,0.003116608674829738,0.4091229228906922
21,275,1,0.3856942496493689,0.44346042186855533,0.3059411346912384,0.0030533331353129996,0.15647225883388724
21,276,1,0.3870967741935484,0.44354210226893287,0.3112659752368927,0.0031699412503518017,0.31295015723827435
21,277,1,0.3884992987377279,0.4437374403218572,0.30425360798835754,0.0031573869961509767,0.16691307265452923
21,278,1,0.3899018232819074,0.44377773470647613,0.29635342955589294,0.003313757595879538,0.07497914921141308
21,279,1,0.391304347826087,0.4439435069824203,0.3047083914279938,0.003277871832023574,0.2273311549358294
21,280,1,0.39270687237026647,0.44414286173246814,0.3139929175376892,0.003199288360441974,0.38015591148066064
21,281,1,0.394109396914446,0.44389418526784924,0.3075947165489197,0.003598154690944708,0.42159364662191956
21,282,1,0.3955119214586255,0.4434661017176829,0.31001830101013184,0.004065424477609045,0.6691481390186056
21,283,1,0.39691444600280507,0.4435597763797595,0.30348238348960876,0.00389384156833415,0.4649676265969925
21,284,1,0.39831697054698456,0.4432011464553062,0.3033089339733124,0.004156538842122232,0.5733247347850376
21,285,1,0.3997194950911641,0.4424869540894838,0.30434519052505493,0.0046353023886541835,0.7979378117673237
21,286,1,0.4011220196353436,0.44252871308250397,0.3054075539112091,0.004241735601042654,0.6517008207498471
21,287,1,0.40252454417952316,0.44227812545206857,0.3043861985206604,0.004257976072683312,0.6381228829411507
21,288,1,0.40392706872370265,0.4419305422117297,0.30999472737312317,0.0042851465810994195,0.7622166220750366
21,289,1,0.4053295932678822,0.4419425991878499,0.3004610538482666,0.003955438544085127,0.4305727195422989
21,290,1,0.4067321178120617,0.4417931743284724,0.30221959948539734,0.0039687746780541185,0.47153278604364857
21,291,1,0.40813464235624125,0.4418569289236599,0.3041788339614868,0.003721135394358752,0.40541529888268146
21,292,1,0.40953716690042075,0.44208751707722765,0.30291512608528137,0.0033852481086888405,0.23706492428119663
21,293,1,0.4109396914446003,0.44204043699087664,0.30505114793777466,0.003471571911414337,0.31667123443881073
21,294,1,0.4123422159887798,0.4421174268254774,0.30121275782585144,0.003419041527570302,0.2172962553749292
21,295,1,0.41374474053295934,0.4419722099931997,0.2992666959762573,0.0036453214840992234,0.27458480633207333
21,296,1,0.41514726507713884,0.4418057522688304,0.30253615975379944,0.0038405994758534514,0.4233165437181481
21,297,1,0.4165497896213184,0.44186712423540425,0.2960541546344757,0.003708786307180284,0.23714872084586652
21,298,1,0.4179523141654979,0.4421727798881955,0.30158451199531555,0.0033598024655209753,0.19953531382228165
21,299,1,0.41935483870967744,0.442245987791914,0.2943996787071228,0.003300432827481989,0.030107427703062906
21,300,1,0.42075736325385693,0.44243971253289377,0.3005775809288025,0.0031751525361807783,0.10072247479339771
21,301,1,0.4221598877980365,0.44302677499696785,0.2999090254306793,0.002746580138122537,-0.09514555770117061
21,302,1,0.423562412342216,0.44307998604738164,0.3019586503505707,0.002983281778099614,0.04674711266209641
21,303,1,0.42496493688639553,0.44346713490194933,0.30383583903312683,0.0028229344633284555,0.016145978855991727
21,304,1,0.426367461430575,0.44363149592120493,0.3012984097003937,0.0029638602215817074,0.025232130045183432
21,305,1,0.4277699859747546,0.44433204177246094,0.28809934854507446,0.002561260217403519,-0.41098418080636306
21,306,1,0.42917251051893407,0.4446224094581203,0.288038969039917,0.002597209225617428,-0.3968911691357318
21,307,1,0.4305750350631136,0.4450451367990746,0.288685142993927,0.0025600877373478078,-0.3997302677499554
21,308,1,0.4319775596072931,0.44533371434480734,0.29344019293785095,0.0026660106658963597,-0.25923330881142775
21,309,1,0.43338008415147267,0.4458910322487803,0.2910849452018738,0.002534247367824008,-0.3625828334086688
21,310,1,0.43478260869565216,0.44623125048046913,0.2888805866241455,0.002583776755215009,-0.385723955511726
21,311,1,0.4361851332398317,0.4471458854646917,0.2853606045246124,0.002071352026579651,-0.674499628459281
21,312,1,0.4375876577840112,0.44770950046254315,0.2845335304737091,0.0020329241951324824,-0.7074533366070648
21,313,1,0.43899018232819076,0.44827443578206305,0.29560795426368713,0.0020619354050465362,-0.47291115137137296
21,314,1,0.44039270687237025,0.44875462947463757,0.29552313685417175,0.0021775925957926963,-0.42537458868957956
21,315,1,0.4417952314165498,0.4493850562635765,0.2894362211227417,0.0021780105553958736,-0.5473212948065213
21,316,1,0.4431977559607293,0.4498337966815009,0.2924501597881317,0.0022890628371926543,-0.4395733673118808
21,317,1,0.44460028050490885,0.45002366207337846,0.29289448261260986,0.0026302715000545403,-0.2853972493528739
21,318,1,0.44600280504908835,0.4501252088989449,0.2920757532119751,0.00296603124731695,-0.1588820860423177
21,319,1,0.4474053295932679,0.45027676611008394,0.291368693113327,0.003157118892254754,-0.09171715080881125
21,320,1,0.4488078541374474,0.4506724423255937,0.2930949926376343,0.002984370138371881,-0.13062526180980025
21,321,1,0.45021037868162694,0.45095226756848417,0.29426318407058716,0.002914206306504627,-0.1370578698908479
21,322,1,0.45161290322580644,0.4509673283502794,0.2887667417526245,0.003131296898485789,-0.15491441894444324
21,323,1,0.453015427769986,0.4511787735589953,0.29556748270988464,0.0031303815526035035,-0.01885765320600699
21,324,1,0.4544179523141655,0.4511415942239152,0.2936892807483673,0.003393062749911452,0.0552893637001253
21,325,1,0.45582047685834504,0.45100561144937507,0.2974778413772583,0.0036463334990319398,0.2391250195620333
21,326,1,0.45722300140252453,0.4509068192501118,0.2936793565750122,0.003758461668517979,0.21065013648885647
21,327,1,0.4586255259467041,0.45081595072068603,0.28984275460243225,0.0038342029229018167,0.16591962836498111
21,328,1,0.4600280504908836,0.45074979802143955,0.2947070002555847,0.003809649912570973,0.2530604088230796
21,329,1,0.46143057503506313,0.45072811915344047,0.2817278504371643,0.0037333797299511475,-0.039816569181729655
21,330,1,0.4628330995792426,0.45062190512440536,0.2881886661052704,0.0037702206850025984,0.10549396200380157
21,331,1,0.4642356241234222,0.45045491815870936,0.2878451645374298,0.003865979119271998,0.13936900160580293
21,332,1,0.46563814866760167,0.4500281836485821,0.2867470681667328,0.004202455488905088,0.2605841793981943
21,333,1,0.4670406732117812,0.45013143391543264,0.28965747356414795,0.003918801628840185,0.1982181320663586
21,334,1,0.4684431977559607,0.45036476501611816,0.2869632840156555,0.003536299218652739,-0.018677945540002797
21,335,1,0.46984572230014027,0.4503668377617331,0.2808190584182739,0.0034699414459660157,-0.17020266383678234
21,336,1,0.47124824684431976,0.4503246825472201,0.283867746591568,0.003490076561234898,-0.10046335876806242
21,337,1,0.4726507713884993,0.45015379326728516,0.29137369990348816,0.0037350905658293495,0.15444097603632898
21,338,1,0.4740532959326788,0.4499239584093599,0.297639399766922,0.003970515261717736,0.3803791049857837
21,339,1,0.47545582047685836,0.44964029604305744,0.2896067202091217,0.004143975976330619,0.29306245872018016
21,340,1,0.47685834502103785,0.4495638886015186,0.298033207654953,0.00403874798820057,0.4173287152286761
21,341,1,0.4782608695652174,0.449688820825409,0.297872930765152,0.0037236172778847528,0.2799536110958774
21,342,1,0.4796633941093969,0.44989685282629144,0.29783400893211365,0.003399342166533298,0.14112029940052412
21,343,1,0.48106591865357645,0.4499937508012834,0.29882529377937317,0.003295667795774196,0.11687201785484644
21,344,1,0.48246844319775595,0.45003531128439683,0.29543551802635193,0.003342471002217265,0.06878670891013806
21,345,1,0.4838709677419355,0.44975175261915296,0.2982133626937866,0.0037438853381807193,0.2954125003004456
21,346,1,0.485273492286115,0.4495500978206889,0.30396389961242676,0.003961273085080774,0.5033358722907091
21,347,1,0.48667601683029454,0.4494451811369042,0.28785592317581177,0.003979501017464843,0.18791410137671938
21,348,1,0.48807854137447404,0.4497862804484737,0.2887169420719147,0.003501259289800507,0.0015891026635535543
21,349,1,0.4894810659186536,0.4498379005034381,0.292049765586853,0.0033873815258553793,0.019976356967592923
21,350,1,0.4908835904628331,0.45016419307039673,0.289742112159729,0.0030826259299679944,-0.15606561098643495
21,351,1,0.49228611500701264,0.45030231157498823,0.28495827317237854,0.00309803123780347,-0.24548757127994097
21,352,1,0.49368863955119213,0.4507024118614496,0.2900013327598572,0.0029122135608631,-0.22341375370295
21,353,1,0.4950911640953717,0.4509386817145129,0.2955363094806671,0.002904976561043768,-0.11544390252658238
21,354,1,0.4964936886395512,0.45135177700980794,0.2909766137599945,0.00276707656851746,-0.26563485147112564
21,355,1,0.49789621318373073,0.4518601541935273,0.2874224781990051,0.0025555953696508845,-0.42697622171952904
21,356,1,0.4992987377279102,0.4519012246417683,0.28405454754829407,0.0029039855760446794,-0.34622976043792975
21,357,1,0.5007012622720898,0.45179067713945453,0.2900618314743042,0.003314236273438101,-0.05104834558140402
21,358,1,0.5021037868162693,0.45196712094821967,0.2856971025466919,0.0033507913209083447,-0.12305750648214166
21,359,1,0.5035063113604488,0.4518123246292209,0.27438977360725403,0.003659423624510089,-0.2185288933438019
21,360,1,0.5049088359046283,0.4517882174688186,0.2766745388507843,0.0036715733938357644,-0.16751610279758625
21,361,1,0.5063113604488079,0.4521418959393617,0.2773407995700836,0.0032896431300552227,-0.316746314372094
21,362,1,0.5077138849929874,0.4524541488692057,0.2853304147720337,0.0030651949001879704,-0.2520004086001567
21,363,1,0.5091164095371669,0.4526042144730526,0.2909010052680969,0.0030368862765876,-0.1522867634813387
21,364,1,0.5105189340813464,0.4529360149866366,0.29290905594825745,0.002903058223961583,-0.16897240751782816
21,365,1,0.511921458625526,0.4529485164980373,0.2919430136680603,0.003177506092015334,-0.07151492371648976
21,366,1,0.5133239831697055,0.45278649582251895,0.2922072112560272,0.003541181907202634,0.08861211217674506
21,367,1,0.514726507713885,0.4526795900769736,0.28847354650497437,0.003731174391076256,0.0945866213571652
21,368,1,0.5161290322580645,0.452538737007831,0.28904205560684204,0.0038908713611991415,0.17398006704809976
21,369,1,0.517531556802244,0.45256013146385493,0.2926889657974243,0.0037701574104738013,0.1957586458070481
21,370,1,0.5189340813464236,0.4529305078929177,0.28613096475601196,0.003302684722865404,-0.13483296394361247
21,371,1,0.520336605890603,0.45286536805254224,0.27803826332092285,0.0034038275808405934,-0.2541414621760229
21,372,1,0.5217391304347826,0.45310445255445364,0.2875010669231415,0.0032111875728213753,-0.1462966944293162
21,373,1,0.5231416549789621,0.45343008693101816,0.28080296516418457,0.003026982082912519,-0.35910494826780176
21,374,1,0.5245441795231417,0.4535242142286161,0.2816191613674164,0.0031503436521053115,-0.29021097167357696
21,375,1,0.5259467040673211,0.4542150033741211,0.2824402451515198,0.002607981090524983,-0.50463512499132
21,376,1,0.5273492286115007,0.4546083587713333,0.2885020673274994,0.0025520345237074445,-0.40683186451636766
21,377,1,0.5287517531556802,0.45490455339928615,0.2863512337207794,0.0026318164499745085,-0.41601979220722124
21,378,1,0.5301542776998598,0.4553952815879368,0.2881987988948822,0.002509704878390859,-0.43093731942242314
21,379,1,0.5315568022440392,0.4554273631696375,0.2867611050605774,0.0029453901365203124,-0.27429982345499576
21,380,1,0.5329593267882188,0.45545548233310534,0.29836568236351013,0.0032203609219315895,0.07559051086082777
21,381,1,0.5343618513323983,0.4553606989960341,0.2926379144191742,0.003526925149445842,0.0911840365212841
21,382,1,0.5357643758765779,0.4554982071924078,0.28895503282546997,0.0035034533522591256,0.0073000988453897075
21,383,1,0.5371669004207573,0.4557385256804243,0.2892707586288452,0.0032888662653604546,-0.07772068740111959
21,384,1,0.5385694249649369,0.45613477180459966,0.2866373360157013,0.00297041076888174,-0.2661311215374259
21,385,1,0.5399719495091164,0.4562583769466706,0.2909707725048065,0.0030166279946843818,-0.15951147170699836
21,386,1,0.541374474053296,0.45632112540118197,0.29952213168144226,0.0031782990278321184,0.08088604586631828
21,387,1,0.5427769985974754,0.45636525021550695,0.3053918778896332,0.0033399037657007,0.26745288229574293
21,388,1,0.544179523141655,0.45670586117948914,0.3003755211830139,0.003155973935489162,0.08850362300687259
21,389,1,0.5455820476858345,0.45678821013365745,0.2966461181640625,0.0032163973250432217,0.039402681626046404
21,390,1,0.5469845722300141,0.45717359758536147,0.29890117049217224,0.002963468170085912,-0.023031710048503518
21,391,1,0.5483870967741935,0.45710830063897556,0.30085232853889465,0.003241883162516693,0.1346438395330913
21,392,1,0.5497896213183731,0.457279331877501,0.3121071457862854,0.0032566145298583956,0.36672604038932366
21,393,1,0.5511921458625526,0.45706285527969215,0.31498539447784424,0.0036164588021702334,0.5776688203230881
21,394,1,0.5525946704067322,0.45714512861040535,0.31793150305747986,0.0036028467579657083,0.6309829736192208
21,395,1,0.5539971949509116,0.45713427650168115,0.3084776997566223,0.0036065816229508803,0.4428969180368544
21,396,1,0.5553997194950911,0.4573778713372176,0.30255141854286194,0.003369480753090845,0.2230551133535167
21,397,1,0.5568022440392707,0.4580179309621305,0.299200177192688,0.0027540559931070437,-0.106184844853006
21,398,1,0.5582047685834503,0.4585371812596866,0.31089645624160767,0.002473574616160515,0.009074816799485963
21,399,1,0.5596072931276297,0.4587675915215689,0.3062537908554077,0.0025911775165985947,-0.034006520587058
21,400,1,0.5610098176718092,0.45866117544508245,0.31052228808403015,0.0031059223480569527,0.270774690640923
21,401,1,0.5624123422159888,0.4585144509203446,0.3090377748012543,0.003573472899761021,0.4400387158127751
21,402,1,0.5638148667601683,0.458151249093195,0.30234459042549133,0.0040608047164641505,0.5132201346234802
21,403,1,0.5652173913043478,0.45780699391805985,0.29284533858299255,0.004308576849976387,0.4281152779853829
21,404,1,0.5666199158485273,0.45760732518937536,0.29542213678359985,0.0042680961777836176,0.46258110571963296
21,405,1,0.5680224403927069,0.45762280111944653,0.29841551184654236,0.0039891576837856576,0.4038871724516218
21,406,1,0.5694249649368864,0.45764754666615826,0.3070509135723114,0.0037414996868494173,0.4717087903525776
21,407,1,0.5708274894810659,0.45749498538044847,0.30088910460472107,0.0037681353658000323,0.3594210356759607
21,408,1,0.5722300140252454,0.45747211084012745,0.31237736344337463,0.003713007771718205,0.5664460957117572
21,409,1,0.573632538569425,0.45772221052824036,0.3102143406867981,0.003429104496293298,0.40218329942415215
21,410,1,0.5750350631136045,0.4577119137607067,0.3150677978992462,0.0034642536160254646,0.5145243861654966
21,411,1,0.576437587657784,0.45796946853849646,0.3227342963218689,0.0032227906118727752,0.5655438137154551
21,412,1,0.5778401122019635,0.4580113878308501,0.3157787024974823,0.0032994921090311576,0.45864431109357245
21,413,1,0.5792426367461431,0.45759443229799474,0.32012873888015747,0.0038512668895671733,0.7808260993763894
21,414,1,0.5806451612903226,0.45743009906775384,0.3176356256008148,0.003983655562246666,0.7871669234724412
21,415,1,0.5820476858345021,0.4572983253177146,0.31147250533103943,0.004044975639047707,0.6896189157598565
21,416,1,0.5834502103786816,0.45735959991125946,0.3196946084499359,0.003815915240307358,0.7570658145061506
21,417,1,0.5848527349228612,0.45768682360104745,0.31109681725502014,0.0033257445706217055,0.37588581389812065
21,418,1,0.5862552594670407,0.4583293333012333,0.3065483272075653,0.0027063326961990182,0.020927475080921187
21,419,1,0.5876577840112202,0.4586581054976109,0.3118433654308319,0.002602369058191276,0.08290426548449842
21,420,1,0.5890603085553997,0.4589735560137464,0.3187263607978821,0.0026268635870298736,0.23142898891091418
21,421,1,0.5904628330995793,0.4591780958778013,0.3182017207145691,0.0028258127485967207,0.3056007558392232
21,422,1,0.5918653576437588,0.4595808210785366,0.315093070268631,0.002795905617049896,0.2304981964281052
21,423,1,0.5932678821879382,0.4597672235970625,0.3144618570804596,0.0029223750428498093,0.2716752161149333
21,424,1,0.5946704067321178,0.45990252147120136,0.32046741247177124,0.0030643566935738527,0.45261279387353526
21,425,1,0.5960729312762973,0.45969692909265714,0.318805068731308,0.0035021904364818226,0.6056576997291298
21,426,1,0.5974754558204769,0.4599461088218063,0.3131076991558075,0.0033827190110466117,0.44048659064336915
21,427,1,0.5988779803646563,0.45972785004582306,0.3012644052505493,0.0036922997228472755,0.334665649736109
21,428,1,0.6002805049088359,0.4597082589188605,0.29968130588531494,0.0037020474619999357,0.30705305314139614
21,429,1,0.6016830294530154,0.45991183456804124,0.3031434416770935,0.003449906174733991,0.26917235850420806
21,430,1,0.603085553997195,0.45997046696724614,0.3036818206310272,0.0034450001443751517,0.2778854821568001
21,431,1,0.6044880785413744,0.4596857125054516,0.3012119233608246,0.003735844142529654,0.3521506804827002
21,432,1,0.605890603085554,0.4593918047059257,0.3025311529636383,0.004019217556962659,0.4992584836541499
21,433,1,0.6072931276297335,0.45940212921678625,0.29155632853507996,0.003929779492868446,0.24098931322099942
21,434,1,0.6086956521739131,0.45898153064946645,0.29623234272003174,0.00422295172237448,0.45961747046920354
21,435,1,0.6100981767180925,0.45824821908850555,0.30218636989593506,0.004709029203890461,0.7860118174094314
21,436,1,0.6115007012622721,0.45801920306875177,0.31235864758491516,0.00457867186940773,0.9346064609386128
21,437,1,0.6129032258064516,0.4571955440300711,0.3109695613384247,0.005059180498794888,1.1113016763776797
21,438,1,0.6143057503506312,0.4558362696431538,0.320556640625,0.005866808589033404,1.6474801627740523
21,439,1,0.6157082748948106,0.4544964157935869,0.3087843656539917,0.006420347187022166,1.6469433672129687
21,440,1,0.6171107994389902,0.45342699999449665,0.32403281331062317,0.0065518121623827615,2.008848199389436
21,441,1,0.6185133239831697,0.4523118633333363,0.3336518108844757,0.006518898054979347,2.187826257639176
21,442,1,0.6199158485273493,0.4505232456927136,0.3491169512271881,0.007086595521418296,2.7397942891299962
21,443,1,0.6213183730715287,0.44887123911488247,0.3502327501773834,0.007410346111639402,2.9000101886409806
21,444,1,0.6227208976157083,0.4472260742625523,0.3765990436077118,0.007649216794293476,3.530702991632821
21,445,1,0.6241234221598878,0.4453426784764138,0.39417871832847595,0.007982381147445882,4.0252490305391095
21,446,1,0.6255259467040674,0.4421316264079893,0.40333491563796997,0.009451137001639739,4.8342419279769056
21,447,1,0.6269284712482468,0.43880680867907207,0.4154106080532074,0.0106780499093759,5.598851149730789
21,448,1,0.6283309957924264,0.43436905695993283,0.4398684501647949,0.012599694019562539,6.907654504321807
21,449,1,0.6297335203366059,0.4292184611897421,0.4599018096923828,0.0145360354640984,8.133944431674696
21,450,1,0.6311360448807855,0.42518004972076523,0.48818811774253845,0.014543392611407356,8.704598014411705
21,451,1,0.6325385694249649,0.4193397033761099,0.48957106471061707,0.016145844784256694,9.414550571085492
21,452,1,0.6339410939691444,0.41100438330208494,0.48970919847488403,0.019614388532541077,10.893971896817824
21,453,1,0.635343618513324,0.4023733806878618,0.4947621524333954,0.02240422273230222,12.183057138998478
21,454,1,0.6367461430575035,0.39106410497653044,0.5011016726493835,0.02700222831816354,14.267741261493224
21,455,1,0.638148667601683,0.3795609847651203,0.5088947415351868,0.029976362343514987,15.690263974286252
21,456,1,0.6395511921458625,0.36855576579379734,0.5209505558013916,0.03103690166209054,16.383644778703292
21,457,1,0.6409537166900421,0.3525134060416806,0.511900782585144,0.0364671070371354,18.51385553412156
21,458,1,0.6423562412342216,0.3385269485495431,0.5151435732841492,0.037988570867727535,19.226644149387106
21,459,1,0.6437587657784011,0.3149793347076642,0.5072067379951477,0.04840189560285963,23.500628674143243
21,460,1,0.6451612903225806,0.2908000551973012,0.4777890145778656,0.05643576259885864,26.33063461916288
21,461,1,0.6465638148667602,0.2670083492747238,0.4737182557582855,0.060788540872311995,28.102052748260505
21,462,1,0.6479663394109397,0.24059092600715454,0.47530049085617065,0.06582969994814203,30.279951273155817
21,463,1,0.6493688639551192,0.20609928038619196,0.47637060284614563,0.07583733993350747,34.56193578237688
21,464,1,0.6507713884992987,0.17107255237825456,0.48188236355781555,0.08364405436107683,37.99604353892302
21,465,1,0.6521739130434783,0.12343904863471274,0.4621184170246124,0.10134568239985697,45.13555671977753
21,466,1,0.6535764375876578,0.06859229647625585,0.45901837944984436,0.1203001093983111,53.14275503082077
21,467,1,0.6549789621318373,0.9989413241868493,0.34292837977409363,0.14695142430499292,62.15974948268754
21,468,1,0.6563814866760168,0.9372075000185908,0.3808736503124237,0.15689575942341594,67.15462703720111
21,469,1,0.6577840112201964,0.8912534751302695,0.3808645009994507,0.1443835212218212,61.82765608598102
21,470,1,0.6591865357643759,0.8589836004214599,0.3302733898162842,0.11860700255451992,49.83888406734199
21,471,1,0.6605890603085554,0.8404362008652677,0.32303112745285034,0.08475222809701319,35.280715328499845
21,472,1,0.6619915848527349,0.8311460253318715,0.3424483835697174,0.05441612280001395,22.75541858437163
21,473,1,0.6633941093969145,0.825837121065075,0.3612748384475708,0.03320965839513068,14.10499546828189
21,474,1,0.664796633941094,0.823473644579218,0.38657209277153015,0.019219046364689046,8.656376306917743
21,475,1,0.6661991584852734,0.8227340765068334,0.38347429037094116,0.011081125476513184,5.129697665505533
21,476,1,0.667601683029453,0.8229915595391353,0.3747197091579437,0.006398111354602718,2.960368683206529
21,477,1,0.6690042075736325,0.8237836839699596,0.37577882409095764,0.0035673704755943255,1.7764976987955912
21,478,1,0.6704067321178121,0.824794292402883,0.3861199915409088,0.0020434027688920305,1.3351844352868054
21,479,1,0.6718092566619915,0.825052684327807,0.3882816433906555,0.002115172799884349,1.409109050430871
21,480,1,0.6732117812061711,0.8250500400997846,0.3836340308189392,0.002697468983150178,1.5637605519384405
21,481,1,0.6746143057503506,0.8250766094737969,0.3851638436317444,0.003185519749300145,1.8022298919911222
21,482,1,0.6760168302945302,0.8257672428686623,0.3830054998397827,0.002818117730394057,1.60251337078954
21,483,1,0.6774193548387096,0.8257138106676186,0.37299641966819763,0.003114787547882578,1.527996613749817
21,484,1,0.6788218793828892,0.8258559610513696,0.3731984794139862,0.0031379187490845036,1.5418981910562801
21,485,1,0.6802244039270687,0.8254537527026241,0.37884894013404846,0.0037416073357262577,1.9122720685694115
21,486,1,0.6816269284712483,0.8255785449617583,0.3904702961444855,0.0037111008837988598,2.1324493843471477
21,487,1,0.6830294530154277,0.8254510735779721,0.38779160380363464,0.003791397790859072,2.1128900203412493
21,488,1,0.6844319775596073,0.8253944294655857,0.3910028636455536,0.0037823576308338132,2.173470398445586
21,489,1,0.6858345021037868,0.825387925882104,0.3977619707584381,0.003673478317869597,2.2627287574737154
21,490,1,0.6872370266479664,0.8252873877705231,0.3941897749900818,0.0037575597243204003,2.2268537760055764
21,491,1,0.6886395511921458,0.8250605353184473,0.388670951128006,0.003911622878587481,2.181715745194241
21,492,1,0.6900420757363254,0.8247542970491507,0.3676294684410095,0.004120226583002815,1.8483586770540854
21,493,1,0.6914446002805049,0.8248225202817747,0.36471840739250183,0.003891970246270052,1.6927779966965892
21,494,1,0.6928471248246845,0.8248737026785476,0.3775021731853485,0.0036994364494148087,1.8672980018485805
21,495,1,0.6942496493688639,0.824485760366866,0.37492966651916504,0.003983957488102538,1.9368126503974152
21,496,1,0.6956521739130435,0.8247495007734152,0.3683742582798004,0.003576523343658042,1.631833040938029
21,497,1,0.697054698457223,0.8247709512927359,0.37274330854415894,0.0035538737554035,1.709848820888526
21,498,1,0.6984572230014026,0.8247241441826216,0.3836110830307007,0.0035877886182580894,1.9423325177587285
21,499,1,0.699859747545582,0.8244800833983338,0.3609139025211334,0.0037944597785644326,1.574933673771908
21,500,1,0.7012622720897616,0.8244909815179333,0.3450906276702881,0.0037821424168318326,1.2522200727664647
21,501,1,0.7026647966339411,0.8245711224956993,0.34303203225135803,0.0036373716251953655,1.149284792050029
21,502,1,0.7040673211781207,0.8242393925023275,0.35701224207878113,0.003919144419308043,1.5497343480405832
21,503,1,0.7054698457223001,0.8239750684120433,0.3460890054702759,0.0040622805895187105,1.391513148763541
21,504,1,0.7068723702664796,0.8239941104744261,0.3442797064781189,0.00391698478056329,1.293356105452037
21,505,1,0.7082748948106592,0.8238507046233862,0.3499532639980316,0.003936172870726365,1.4153562207740877
21,506,1,0.7096774193548387,0.8238721902115688,0.354324072599411,0.0037345828144654787,1.4172276370086088
21,507,1,0.7110799438990182,0.8237203956840584,0.33822453022003174,0.003794576769286154,1.1197559717608383
21,508,1,0.7124824684431977,0.823714796654164,0.33158808946609497,0.003736507617184329,0.96188439292776
21,509,1,0.7138849929873773,0.8237968196164217,0.3284030258655548,0.0035846561998611444,0.833333845522982
21,510,1,0.7152875175315568,0.8235965263127171,0.32506364583969116,0.0037714782518246644,0.8458693380257196
21,511,1,0.7166900420757363,0.8236645067989714,0.31908100843429565,0.0036345817908574026,0.6675564729716059
21,512,1,0.7180925666199158,0.8235227223140842,0.3158596158027649,0.0037623940544728703,0.657337190022102
21,513,1,0.7194950911640954,0.8234963639107689,0.32435765862464905,0.00374073387276824,0.81861609864597
21,514,1,0.7208976157082749,0.8234109733558929,0.31422924995422363,0.0037510105012310254,0.6197801194162558
21,515,1,0.7223001402524544,0.8236407356900131,0.319169282913208,0.003474859927904775,0.6013297864812593
21,516,1,0.7237026647966339,0.8237847501793688,0.32292792201042175,0.0033249026613094397,0.6129003894640784
21,517,1,0.7251051893408135,0.8237865280188817,0.3146250247955322,0.003388631788117655,0.4734466299267006
21,518,1,0.726507713884993,0.8238685788280827,0.31506919860839844,0.003379122005944893,0.4783097340147791
21,519,1,0.7279102384291725,0.8238674863831263,0.31689032912254333,0.003494615818948746,0.5640166687757043
21,520,1,0.729312762973352,0.8241135272283735,0.319627046585083,0.0033052626469799147,0.5383121108224185
21,521,1,0.7307152875175316,0.8240128993355806,0.3256668746471405,0.003488084802023947,0.7373241891641231
21,522,1,0.7321178120617111,0.8239237277158568,0.3275389075279236,0.0036338492509225525,0.8369394041715544
21,523,1,0.7335203366058906,0.8240507703604453,0.3246805667877197,0.0035205938282775436,0.7313753760190272
21,524,1,0.7349228611500701,0.8239223077194668,0.3325141370296478,0.003694877463585708,0.9627410728104838
21,525,1,0.7363253856942497,0.8238085774789231,0.3156973719596863,0.0037608028269027734,0.6534045885395193
21,526,1,0.7377279102384292,0.8235332039127277,0.3041931092739105,0.003985095928933838,0.5180766214618133
21,527,1,0.7391304347826086,0.8234552172113065,0.30568915605545044,0.003965451679572682,0.5397294377842292
21,528,1,0.7405329593267882,0.8235760362081841,0.3061850070953369,0.0036957443954104526,0.434856477486722
21,529,1,0.7419354838709677,0.8233085019077926,0.29274341464042664,0.003876710817981269,0.2422136536989299
21,530,1,0.7433380084151473,0.8230667571508978,0.3038989305496216,0.003993436682093396,0.5157252528618099
21,531,1,0.7447405329593267,0.8229898731852575,0.3011154532432556,0.003953708957276256,0.4429659108488412
21,532,1,0.7461430575035063,0.8226939842490485,0.30393168330192566,0.004133261886973019,0.575909637147321
21,533,1,0.7475455820476858,0.8226087381053477,0.3065376877784729,0.003997995040889876,0.5706084882670056
21,534,1,0.7489481065918654,0.8225765873667212,0.2976551055908203,0.003855204828905165,0.3316035481089449
21,535,1,0.7503506311360448,0.8227407812725607,0.29130417108535767,0.0035684684770215776,0.08211060125484078
21,536,1,0.7517531556802244,0.8225950482740837,0.295722097158432,0.0036519284973243445,0.2062806378668304
21,537,1,0.7531556802244039,0.8223869141366873,0.2966603636741638,0.0038353286409795436,0.303183761352641
21,538,1,0.7545582047685835,0.8223926268359981,0.2951854467391968,0.003774159949503611,0.24755069837171403
21,539,1,0.7559607293127629,0.8222138877249824,0.2936667203903198,0.003906908927838568,0.27359449557233284
21,540,1,0.7573632538569425,0.8221793435922143,0.30601951479911804,0.0038097296737120397,0.48006264521494135
21,541,1,0.758765778401122,0.8221111843670321,0.2962455749511719,0.003773962728426919,0.2687365852565122
21,542,1,0.7601683029453016,0.8220275207354624,0.294341117143631,0.003788693917582878,0.236798008792734
21,543,1,0.761570827489481,0.8217822939817602,0.2753416895866394,0.003942644146151139,-0.07885576597555455
21,544,1,0.7629733520336606,0.8215705308293216,0.2781490385532379,0.0040465088627841235,0.02168732092334294
21,545,1,0.7643758765778401,0.8216594595912359,0.2824254631996155,0.0038053769101467046,0.004831047112694498
21,546,1,0.7657784011220197,0.8219404512416659,0.2866147756576538,0.0034114540657675914,-0.0788200821705432
21,547,1,0.7671809256661991,0.8219942483675081,0.2895960211753845,0.0033358895664762885,-0.051175742123729606
21,548,1,0.7685834502103787,0.8219523147310377,0.29364341497421265,0.0034308117993837014,0.07043989584696021
21,549,1,0.7699859747545582,0.8220714089923736,0.27956146001815796,0.003407163513476777,-0.22216065925492784
21,550,1,0.7713884992987378,0.8222717324294235,0.27102547883987427,0.0033098274267113178,-0.4348605698189324
21,551,1,0.7727910238429172,0.8222317541695094,0.2768842875957489,0.003432625983564805,-0.2650339838597476
21,552,1,0.7741935483870968,0.822292029160699,0.27931851148605347,0.0034317274428755902,-0.21657754164157744
21,553,1,0.7755960729312763,0.8228220754193156,0.2765301764011383,0.0029866097916742803,-0.4620194526828326
21,554,1,0.7769985974754559,0.8230884539400162,0.27632936835289,0.0029078978777092286,-0.49955808117223066
21,555,1,0.7784011220196353,0.8233886098359532,0.28077927231788635,0.0028119223594203742,-0.451136863695828
21,556,1,0.7798036465638148,0.8235149723787994,0.2796061635017395,0.0029747737331850517,-0.4053434021475241
21,557,1,0.7812061711079944,0.823825818745685,0.28598788380622864,0.0029696631708246686,-0.2794796575952523
21,558,1,0.782608695652174,0.8242716484164195,0.29213494062423706,0.0027747693316824114,-0.23911978615431836
21,559,1,0.7840112201963534,0.8246413395892175,0.28844577074050903,0.0027008767779853034,-0.3445953248474878
21,560,1,0.7854137447405329,0.8248421649534483,0.2937939763069153,0.0028132338520705487,-0.18945842251369077
21,561,1,0.7868162692847125,0.8250229608739802,0.2843855917453766,0.0029642360752008797,-0.31393765069065144
21,562,1,0.788218793828892,0.8251971658380093,0.280621200799942,0.0030893166432456017,-0.336214317567198
21,563,1,0.7896213183730715,0.8251897156651781,0.2736796736717224,0.003328146171474253,-0.3738094459858032
21,564,1,0.791023842917251,0.8255296726899097,0.274135559797287,0.003125283165732737,-0.4510268817176035
21,565,1,0.7924263674614306,0.8256196302095824,0.27593064308166504,0.003207202580175425,-0.3801360452083984
21,566,1,0.7938288920056101,0.8255634363024816,0.27508026361465454,0.0034125638211767425,-0.30976995007738173
21,567,1,0.7952314165497896,0.8257689851075243,0.27846139669418335,0.003298582632252187,-0.29045746906408
21,568,1,0.7966339410939691,0.8259432473225019,0.27525100111961365,0.0032691377778611115,-0.3674045851775533
21,569,1,0.7980364656381487,0.8259308544908518,0.2675667107105255,0.0033849242676592646,-0.47228476417564746
21,570,1,0.7994389901823282,0.82594253720444,0.26649239659309387,0.003451047624388412,-0.46568878757488186
21,571,1,0.8008415147265077,0.8259808965414399,0.2688745856285095,0.003507463512878087,-0.3938760919866263
21,572,1,0.8022440392706872,0.8260208578189939,0.2710675895214081,0.003520480093802983,-0.34433532802299327
21,573,1,0.8036465638148668,0.8259283356108204,0.267256498336792,0.0036324049260995613,-0.3731497048177326
21,574,1,0.8050490883590463,0.8259521172987028,0.27041304111480713,0.0036079935182092822,-0.32021108345472105
21,575,1,0.8064516129032258,0.826069229194045,0.2667733132839203,0.0034932766464327277,-0.4420746240991333
21,576,1,0.8078541374474053,0.8264215767771835,0.2739543318748474,0.0031630122264454915,-0.4386006935166203
21,577,1,0.8092566619915849,0.8265191314679848,0.2710275650024414,0.003165637275191588,-0.49620423669392166
21,578,1,0.8106591865357644,0.8267248983524016,0.2693568468093872,0.0031075693550659507,-0.5544456725174911
21,579,1,0.8120617110799438,0.8269262939966243,0.2608155906200409,0.0030993689742679327,-0.7293040144154507
21,580,1,0.8134642356241234,0.8271704026529036,0.2672100365161896,0.0030695265186334282,-0.6137139648252848
21,581,1,0.814866760168303,0.8272848186066747,0.270634263753891,0.0031423170337924163,-0.5140232612414386
21,582,1,0.8162692847124825,0.8273058651879025,0.27483630180358887,0.0033126922372370667,-0.3571826182184447
21,583,1,0.8176718092566619,0.8272185548426078,0.270965576171875,0.0035452442914070377,-0.3358393023856121
21,584,1,0.8190743338008415,0.8272497845213832,0.2636895775794983,0.003587079824127451,-0.4640105898836772
21,585,1,0.820476858345021,0.8271000132654802,0.26366814970970154,0.0037566965471503263,-0.39223022756396664
21,586,1,0.8218793828892006,0.8269200021156715,0.2605762779712677,0.0038905063616604093,-0.3972975577085208
21,587,1,0.82328190743338,0.8269916174604058,0.2564215064048767,0.0037224252488683414,-0.5522132166771001
21,588,1,0.8246844319775596,0.8269333424039743,0.26384320855140686,0.0037239659597493842,-0.4026522079689194
21,589,1,0.8260869565217391,0.8268868840218766,0.26190224289894104,0.003691313812494876,-0.4554955852809387
21,590,1,0.8274894810659187,0.8267138980977348,0.258417010307312,0.003811017425735805,-0.4744604777335746
21,591,1,0.8288920056100981,0.826772109540319,0.25815349817276,0.0037012799786673963,-0.5264655494066566
21,592,1,0.8302945301542777,0.8265948519029043,0.26328691840171814,0.0038236606360604027,-0.37137068409923457
21,593,1,0.8316970546984572,0.8265696392107384,0.26282426714897156,0.003764250702958713,-0.4059454368951559
21,594,1,0.8330995792426368,0.8266491735944295,0.2590675950050354,0.00360540511648316,-0.5489420352663151
21,595,1,0.8345021037868162,0.8266384151906979,0.25409436225891113,0.003599982394388382,-0.651030928924429
21,596,1,0.8359046283309958,0.8267700771006516,0.25639793276786804,0.0034348968970293854,-0.6750945327355469
21,597,1,0.8373071528751753,0.8270419688908133,0.2541205883026123,0.0032068114063046023,-0.8178879267245119
21,598,1,0.8387096774193549,0.8273818425490291,0.26392868161201477,0.002985020168107447,-0.7155258916829944
21,599,1,0.8401122019635343,0.8276438075528154,0.25595173239707947,0.0029062224029710844,-0.9091174331532936
21,600,1,0.8415147265077139,0.8279293860884438,0.25989779829978943,0.002871991957872075,-0.8445184606042326
21,601,1,0.8429172510518934,0.8279558327120522,0.2615407109260559,0.0031353725812117124,-0.6994279078632825
21,602,1,0.844319775596073,0.828084467763267,0.2709757685661316,0.00323520348530659,-0.4676272959128267
21,603,1,0.8457223001402524,0.8282513391566934,0.2669104337692261,0.003243988395439765,-0.5454520465942462
21,604,1,0.847124824684432,0.8282854399792936,0.2665223479270935,0.0033617704738090034,-0.5030954802857339
21,605,1,0.8485273492286115,0.828284666599722,0.259685754776001,0.0034515573260930606,-0.6020366383756616
21,606,1,0.8499298737727911,0.8285852527927708,0.26445308327674866,0.003233179604961664,-0.5993566060548013
21,607,1,0.8513323983169705,0.8285864971703683,0.26025983691215515,0.003357131484740203,-0.6307181122994975
21,608,1,0.85273492286115,0.8286731595939516,0.25969651341438293,0.003354258564575577,-0.6432434129212568
21,609,1,0.8541374474053296,0.8288452524579586,0.2575993239879608,0.0032790956042330873,-0.7173191471154011
21,610,1,0.8555399719495091,0.8288201415548428,0.25780150294303894,0.00344435297190798,-0.6429083479964429
21,611,1,0.8569424964936886,0.8285894314610034,0.2550445795059204,0.00373378525626544,-0.5750028936724363
21,612,1,0.8583450210378681,0.8283184648565936,0.2578103840351105,0.0040054854333340635,-0.40384138269430225
21,613,1,0.8597475455820477,0.8283190671152921,0.25348058342933655,0.003916209490295972,-0.528719307337548
21,614,1,0.8611500701262272,0.8282435457031672,0.2545672357082367,0.003860184566754324,-0.530768570229343
21,615,1,0.8625525946704067,0.8282448203349967,0.2591839134693146,0.0037147609720058735,-0.5000526326817958
21,616,1,0.8639551192145862,0.8283751758336939,0.2582591772079468,0.0034982526918069775,-0.6107792928624057
21,617,1,0.8653576437587658,0.8284559602541434,0.2617798149585724,0.003431646015632614,-0.5684992938793983
21,618,1,0.8667601683029453,0.8287382638603422,0.2633150815963745,0.0031835656941465703,-0.6433108077725755
21,619,1,0.8681626928471248,0.8287619436981585,0.2507670223712921,0.0032835653956240747,-0.852495908640222
21,620,1,0.8695652173913043,0.8289545144715706,0.25476813316345215,0.0032202754630023507,-0.799163929324169
21,621,1,0.8709677419354839,0.8291663584852514,0.264884889125824,0.0031532661087907395,-0.6247143505021974
21,622,1,0.8723702664796634,0.8292108141885802,0.26345038414001465,0.003286409963238976,-0.5968126715311517
21,623,1,0.8737727910238429,0.8295228493369998,0.2632688879966736,0.00309251239687888,-0.6830013841138007
21,624,1,0.8751753155680224,0.829710403914276,0.268292099237442,0.0030951842293130668,-0.5810808742485668
21,625,1,0.876577840112202,0.8297934398665084,0.2685072124004364,0.0032011206377569297,-0.5316650554772651
21,626,1,0.8779803646563815,0.8299617101344261,0.27522969245910645,0.0031896207151535213,-0.40168460624199803
21,627,1,0.879382889200561,0.8303665744063242,0.2744235098361969,0.00297248042971687,-0.5103017303997921
21,628,1,0.8807854137447405,0.830800619581179,0.27649950981140137,0.002749366522193178,-0.5636354019061899
21,629,1,0.8821879382889201,0.8311120627639379,0.2753491997718811,0.0027104772561600517,-0.6032707899361343
21,630,1,0.8835904628330996,0.8312223635863514,0.2747676968574524,0.0029298321581039373,-0.5215526307132221
21,631,1,0.884992987377279,0.8311896386368691,0.2743114233016968,0.0032777204705675108,-0.38260189820803814
21,632,1,0.8863955119214586,0.8313615430939424,0.27726659178733826,0.0033115820711304674,-0.3088951982915273
21,633,1,0.8877980364656382,0.8318102820070867,0.27575716376304626,0.00300307403617697,-0.4705195075172129
21,634,1,0.8892005610098177,0.8321494792145102,0.2820621132850647,0.002838431639540698,-0.4141129296867746
21,635,1,0.8906030855539971,0.8322357216793386,0.2824327051639557,0.0029839680817520505,-0.344718897445911
21,636,1,0.8920056100981767,0.8325160787856162,0.28250911831855774,0.0029651317360918058,-0.351204910020594
21,637,1,0.8934081346423562,0.8329029532811246,0.2813592851161957,0.002866891163501803,-0.4160981361159912
21,638,1,0.8948106591865358,0.8331507532995708,0.28722789883613586,0.0028922589635651226,-0.2875536525604132
21,639,1,0.8962131837307152,0.833420517278359,0.2825993299484253,0.0028728135060420686,-0.38869723932807554
21,640,1,0.8976157082748948,0.8334665769838927,0.28235921263694763,0.00312295270026344,-0.2870240216068114
21,641,1,0.8990182328190743,0.8335634416392159,0.2818284332752228,0.0032637125945093578,-0.23774812444475396
21,642,1,0.9004207573632539,0.833332810234779,0.2843257486820221,0.0036594660884690907,-0.019160691705030798
21,643,1,0.9018232819074333,0.8336520550054594,0.2790336608886719,0.003385735551590799,-0.24187258487888222
21,644,1,0.9032258064516129,0.8335835471350428,0.2824772894382477,0.0035121278537824626,-0.11897293960038413
21,645,1,0.9046283309957924,0.833439555563992,0.2802000343799591,0.003685361962620812,-0.09091227932702357
21,646,1,0.906030855539972,0.8333562211314731,0.28138864040374756,0.0037377248763336675,-0.04477245645068858
21,647,1,0.9074333800841514,0.8331788247894126,0.27915120124816895,0.003920973942567682,-0.011649321500655938
21,648,1,0.908835904628331,0.8330725754735662,0.28424808382987976,0.003908915704402463,0.08547831429714944
21,649,1,0.9102384291725105,0.8328200394667286,0.28418055176734924,0.004033708795870919,0.13725107311860996
21,650,1,0.9116409537166901,0.8328457504700868,0.2817237377166748,0.0038531187681968256,0.011076958838791881
21,651,1,0.9130434782608695,0.8328165541104571,0.28403472900390625,0.0037546974624799697,0.0155429332909571
21,652,1,0.9144460028050491,0.8325421685360865,0.28496795892715454,0.00393851536711162,0.1125228570468173
21,653,1,0.9158485273492286,0.8324250677224867,0.28672143816947937,0.003923014446341547,0.14110458491231223
21,654,1,0.9172510518934082,0.8323933369670317,0.2917271554470062,0.003856002265736122,0.213007796453691
21,655,1,0.9186535764375876,0.8323870331735942,0.2875511646270752,0.0037492026834098054,0.08375555758446923
21,656,1,0.9200561009817672,0.8324741930009611,0.2871469259262085,0.003554662621827129,-0.007175670337545004
21,657,1,0.9214586255259467,0.832471093163439,0.280383825302124,0.003540768575567896,-0.1487819863924518
21,658,1,0.9228611500701263,0.8327740131177146,0.2811737060546875,0.0032493549815304197,-0.2569966351961246
21,659,1,0.9242636746143057,0.8334340634137665,0.28363537788391113,0.0026844737231492806,-0.4480917006233418
21,660,1,0.9256661991584852,0.8338331940289408,0.28956690430641174,0.0025471006680179683,-0.3875680127982145
21,661,1,0.9270687237026648,0.8345307420249982,0.2883455455303192,0.002189302928955525,-0.5643965712055626
21,662,1,0.9284712482468443,0.8356409982465525,0.29831182956695557,0.0015939589227910696,-0.6178918747572453
21,663,1,0.9298737727910238,0.837238671730129,0.29128456115722656,0.0007934776586145699,-1.0996690851171684
21,664,1,0.9312762973352033,0.8390733462028173,0.30866724252700806,0.00042397780362621925,-0.9082179659143187
21,665,1,0.9326788218793829,0.841912522946578,0.30591753125190735,0.0016996293724652915,-0.4203084410770217
21,666,1,0.9340813464235624,0.8450844294418599,0.319080114364624,0.0030260906373522104,0.40848791993036926
21,667,1,0.9354838709677419,0.8491060037363516,0.3227207660675049,0.004686807133017032,1.1885425122258613
21,668,1,0.9368863955119214,0.8533601198887503,0.32611820101737976,0.005974090283860064,1.8047369811244605
21,669,1,0.938288920056101,0.8580538446866081,0.34062454104423523,0.007096121660234603,2.5734626110423813
21,670,1,0.9396914446002805,0.8630639011639298,0.37220966815948486,0.008070847702548876,3.6221362116151017
21,671,1,0.94109396914446,0.8684296606495241,0.3856694996356964,0.00894173925762565,4.262948453122658
21,672,1,0.9424964936886395,0.8749537368261859,0.4142439067363739,0.010634901205994366,5.557073541828473
21,673,1,0.9438990182328191,0.8806118720027091,0.3057877719402313,0.010894632148158587,3.4916415522526054
21,674,1,0.9453015427769986,0.8861090785908532,0.3120163679122925,0.010752331907277455,3.5560278536763574
21,675,1,0.9467040673211781,0.8904388657418306,0.3190597891807556,0.009320824701524042,3.0879132192596646
21,676,1,0.9481065918653576,0.8946015987029348,0.3190101385116577,0.007981256389551553,2.516627753089629
21,677,1,0.9495091164095372,0.898872335868761,0.32080742716789246,0.007340028086190611,2.279699920869646
21,678,1,0.9509116409537167,0.9023379634316245,0.3323216140270233,0.006240539682541127,2.042633447974559
21,679,1,0.9523141654978962,0.904631520446112,0.3129160702228546,0.0044768754868357045,0.9024529073314476
21,680,1,0.9537166900420757,0.9065019074267514,0.3086465895175934,0.002799098791404833,0.10251885041907194
21,681,1,0.9551192145862553,0.9074592089878137,0.32691746950149536,0.0010440005339240454,-0.27809520157559986
21,682,1,0.9565217391304348,0.9086242109593841,0.31793341040611267,0.00046995368216881054,-0.7027333627262796
21,683,1,0.9579242636746143,0.9096774453448164,0.30086639523506165,0.0007187206331873671,-0.9392502811903238
21,684,1,0.9593267882187938,0.9102503502325423,0.311754435300827,0.0014072969701376089,-0.42765345734923554
21,685,1,0.9607293127629734,0.9118793422118454,0.2979949414730072,0.0008115208773360784,-0.9573541099645652
21,686,1,0.9621318373071529,0.913397741877033,0.3117567300796509,0.0004797725741485948,-0.8224788349365568
21,687,1,0.9635343618513323,0.9150901516701775,0.2935204803943634,0.0003641877863399595,-1.2375687276080585
21,688,1,0.9649368863955119,0.9164073950724085,0.32345816493034363,0.00022081365500264613,-0.6979530562538897
21,689,1,0.9663394109396914,0.9191592263313706,0.31034746766090393,0.0013736146005159681,-0.47022157495429545
21,690,1,0.967741935483871,0.9208841957221378,0.33330002427101135,0.0012786129614018342,-0.05015836181909894
21,691,1,0.9691444600280504,0.9228451602356647,0.32648909091949463,0.0013679640136525532,-0.14877022681057406
21,692,1,0.97054698457223,0.9248291697092446,0.33701732754707336,0.0014132213458606683,0.08172994905820241
21,693,1,0.9719495091164095,0.9258451247889039,0.3326181173324585,0.0005341460310790379,-0.380778843312084
21,694,1,0.9733520336605891,0.9276329276729272,0.3346651792526245,0.00047496366330503515,-0.3649031642270155
21,695,1,0.9747545582047685,0.9286797115082298,0.3324650824069977,0.00024405053433553762,-0.5073505026584214
21,696,1,0.9761570827489481,0.9300299645469582,0.33721134066581726,0.0003087228958566753,-0.38459138177882757
21,697,1,0.9775596072931276,0.9308114251807242,0.33840465545654297,0.0008274609715190314,-0.1398089681345538
21,698,1,0.9789621318373072,0.9316808036759819,0.3493281900882721,0.0011996575742164147,0.23780886383268407
21,699,1,0.9803646563814866,0.9326198765463699,0.3423060178756714,0.0012725537045921416,0.12795352354409983
21,700,1,0.9817671809256662,0.9329662186929671,0.3400901257991791,0.0019112528175299322,0.3554059766190153
21,701,1,0.9831697054698457,0.9334453254411257,0.3385089933872223,0.0021662096058736287,0.43222475596752474
21,702,1,0.9845722300140253,0.9340776900233185,0.3360692262649536,0.002192320088781144,0.39439048116312236
21,703,1,0.9859747545582047,0.934068365934285,0.3289598822593689,0.0028008657646488274,0.5108262076571393
21,704,1,0.9873772791023843,0.9340726005772683,0.3412739634513855,0.0031587534686443293,0.9102515540336387
21,705,1,0.9887798036465638,0.9340542590547789,0.3413442373275757,0.003453690462208972,1.0372238916207366
