sequence,frame,valid,relative_phase,predicted_phase,feature_raw,time_raw,P3
03,8,0,0.014545454545454545,0.8376184619267858,0.2443622350692749,nan,nan
03,9,0,0.016363636363636365,0.8386045368811412,0.24544720351696014,nan,nan
03,10,0,0.01818181818181818,0.8423490778406315,0.2770995795726776,nan,nan
03,11,0,0.02,0.8527824317527388,0.5768783688545227,nan,nan
03,12,0,0.02181818181818182,0.8758210183002857,1.1521251201629639,0.028737909026786482,58.07669403399208
03,13,0,0.023636363636363636,0.9190990022583652,1.2395483255386353,0.06246525389149098,73.35767685648892
03,14,0,0.025454545454545455,0.9783960756233941,0.36844515800476074,0.10163871091221398,37.185875374477256
03,15,0,0.02727272727272727,0.025389261339672568,0.5908623933792114,0.11462014718280174,53.532165953762075
03,16,0,0.02909090909090909,0.04861009339451324,0.5972519516944885,0.094689271840909,47.72019911701352
03,17,0,0.03090909090909091,0.05625875575888407,0.5986794829368591,0.059140665431722896,36.80136318705583
03,18,0,0.03272727272727273,0.0577142671890581,0.6043663024902344,0.026427379206315195,26.995835881161998
03,19,1,0.034545454545454546,0.05588653986124596,0.6271226406097412,0.008295624184169128,22.647801064914958
03,20,1,0.03636363636363636,0.05386602335568982,0.6185348629951477,0.004995872868410413,21.150849579699084
03,21,1,0.038181818181818185,0.05473754731853527,0.6016364097595215,0.005438331395859102,20.350939506945902
03,22,1,0.04,0.05805732924496876,0.5832430720329285,0.0029471019632896895,18.56053781004594
03,23,1,0.04181818181818182,0.06408330662138532,0.32987192273139954,0.0042019645031004926,4.9026638508274205
03,24,1,0.04363636363636364,0.07834628547476688,0.3329100012779236,0.016415751666447223,8.84976828751007
03,25,1,0.045454545454545456,0.0993027612939062,0.33963102102279663,0.03125216195581727,13.812426580721826
03,26,1,0.04727272727272727,0.1219311325316282,0.33415958285331726,0.042739229699696527,17.062958765377978
03,27,1,0.04909090909090909,0.14824615081014092,1.3257886171340942,0.05308579715654442,75.23676593650676
03,28,1,0.05090909090909091,0.17180382389342094,1.2832562923431396,0.055602759192635506,73.65760120561418
03,29,1,0.05272727272727273,0.19206155700232874,1.2413482666015625,0.052496107696879804,70.37322065381994
03,30,1,0.05454545454545454,0.20479731251175576,0.6924923062324524,0.04204216427920117,36.71214344002253
03,31,1,0.056363636363636366,0.21445479393012465,0.2863350808620453,0.030983100702538194,10.774625142813303
03,32,1,0.05818181818181818,0.2219609268244864,0.25697141885757446,0.021937072816904005,6.348149517765117
03,33,1,0.06,0.22555730652450354,0.2529833912849426,0.012994176784154777,3.360326211115654
03,34,1,0.06181818181818182,0.2274871704473918,0.2505505681037903,0.006550103326499369,1.2318004832410994
03,35,1,0.06363636363636363,0.22853119104206537,0.25262463092803955,0.002459396185051132,0.08120326412142419
03,36,1,0.06545454545454546,0.22820200082415443,0.25360140204429626,0.001926630058632252,-0.029473984228433406
03,37,1,0.06727272727272728,0.22687180818270403,0.2568531334400177,0.004817091199999639,1.0450382718180273
03,38,1,0.06909090909090909,0.22831429353519725,0.2566693127155304,0.0037032312620565323,0.6902435342446662
03,39,1,0.07090909090909091,0.22917569989488284,0.2543487846851349,0.00304860567432229,0.3590736735334191
03,40,1,0.07272727272727272,0.2288142988660268,0.2499595284461975,0.003571133916382739,0.2774060741768592
03,41,1,0.07454545454545454,0.22875932397990387,0.24955777823925018,0.0037791833129737647,0.3195003092998603
03,42,1,0.07636363636363637,0.22937079198049704,0.2509693205356598,0.0036395942616805218,0.3545659363293383
03,43,1,0.07818181818181819,0.22978294916603423,0.2536638081073761,0.003491561687468241,0.4581417791830615
03,44,1,0.08,0.2304445399959324,0.2580053508281708,0.002981783175357954,0.541108782881686
03,45,1,0.08181818181818182,0.23113211189482294,0.2552942633628845,0.0027017715589437875,0.30418503336815605
03,46,1,0.08363636363636363,0.23196123600026405,0.25852543115615845,0.0024658444322324547,0.4103200606030015
03,47,1,0.08545454545454545,0.2331223373067409,0.2582300901412964,0.0019523541306973747,0.23508443305381535
03,48,1,0.08727272727272728,0.2338118499001673,0.25671353936195374,0.002097688572447647,0.19597496541455137
03,49,1,0.0890909090909091,0.23484214822244157,0.2532912790775299,0.0019092177262321087,-0.05205322923543862
03,50,1,0.09090909090909091,0.23584490918514292,0.25092655420303345,0.001833965845435397,-0.2064274680514794
03,51,1,0.09272727272727273,0.23713504040917596,0.2492813915014267,0.0015147529176220854,-0.3963877356999543
03,52,1,0.09454545454545454,0.23818236426462466,0.25245118141174316,0.0014706048377821513,-0.2343229958586756
03,53,1,0.09636363636363636,0.24002138841493417,0.25342074036598206,0.0007948249191067582,-0.3896454533666046
03,54,1,0.09818181818181818,0.2410300195695504,0.2552793622016907,0.0010103881720939113,-0.2199186599205098
03,55,1,0.1,0.24322103176831047,0.25808629393577576,0.0003622632341807832,-0.2648270804157944
03,56,1,0.10181818181818182,0.24495663096358564,0.255838543176651,0.00018596820469444846,-0.44397721700508563
03,57,1,0.10363636363636364,0.24643396242162274,0.25548243522644043,0.00027306955277854367,-0.43677144168497367
03,58,1,0.10545454545454545,0.2480788926676251,0.255464643239975,0.0002048514968145597,-0.4588629719785033
03,59,1,0.10727272727272727,0.25021727410963085,0.26435908675193787,0.0003001624811699977,0.06370423239332856
03,60,1,0.10909090909090909,0.25111564625137545,0.26205992698669434,0.0005505259624154923,0.013703102942959455
03,61,1,0.11090909090909092,0.252051154010577,0.26445937156677246,0.0011547720251614425,0.3336615087087579
03,62,1,0.11272727272727273,0.25294508372409363,0.26513493061065674,0.0016651402088833523,0.5290093145792152
03,63,1,0.11454545454545455,0.25336259633408786,0.2660028338432312,0.002464175363006209,0.824327426930453
03,64,1,0.11636363636363636,0.2543473641329488,0.2658260464668274,0.002265738120259585,0.7531346772091955
03,65,1,0.11818181818181818,0.2549194171160071,0.2644849419593811,0.0025016146075946145,0.7517631606736552
03,66,1,0.12,0.2556785746992367,0.2613282799720764,0.0024595228007224957,0.5637454267056099
03,67,1,0.12181818181818181,0.256776665779143,0.26047483086586,0.002044804464601995,0.38812795837927017
03,68,1,0.12363636363636364,0.25775452807819815,0.2592747211456299,0.001920459526810624,0.2831279937787118
03,69,1,0.12545454545454546,0.2582226992935242,0.2628600597381592,0.0023040792977969005,0.6005716156094589
03,70,1,0.12727272727272726,0.2590623223655213,0.2636047601699829,0.0022902767701790828,0.6375852656333244
03,71,1,0.1290909090909091,0.2593341641226231,0.26553553342819214,0.002864371929648434,0.9222339634369141
03,72,1,0.13090909090909092,0.2595669468124505,0.2671513855457306,0.003270963825691074,1.1376025165726598
03,73,1,0.13272727272727272,0.2600616768201078,0.26471593976020813,0.003229338501596889,0.9897110653433623
03,74,1,0.13454545454545455,0.2604102131032735,0.26220086216926575,0.003340546600077059,0.8846884485313772
03,75,1,0.13636363636363635,0.26058691592312794,0.2653760313987732,0.003500816464660676,1.110293913679276
03,76,1,0.13818181818181818,0.2616616171654521,0.26478856801986694,0.0027393031724626694,0.8421309633505745
03,77,1,0.14,0.26262785865463706,0.267350971698761,0.0022967292715281463,0.8472597420020174
03,78,1,0.14181818181818182,0.263972984988929,0.2640416920185089,0.001593148395868509,0.4461308800670271
03,79,1,0.14363636363636365,0.2655730576316388,0.26435017585754395,0.0008837687245726189,0.24376545230482283
03,80,1,0.14545454545454545,0.26701556970057294,0.2627180814743042,0.0006877920827661909,0.09265630594301238
03,81,1,0.14727272727272728,0.2683221677089421,0.25970229506492615,0.0007196822081771847,-0.06466331037580147
03,82,1,0.14909090909090908,0.2696085134345583,0.26105836033821106,0.000856913746137321,0.05296917744811119
03,83,1,0.1509090909090909,0.2702014409771295,0.2582266926765442,0.0016728683149733903,0.14842919169148167
03,84,1,0.15272727272727274,0.27077675032595055,0.25896090269088745,0.002254654802525029,0.3691237095272976
03,85,1,0.15454545454545454,0.2721352778153965,0.260718435049057,0.00183642246942352,0.3371637051263001
03,86,1,0.15636363636363637,0.2736787766490402,0.26282939314842224,0.001246201162393339,0.2715868275824486
03,87,1,0.15818181818181817,0.2757704228398303,0.2624603807926178,0.0004888270789308154,0.01681469856484319
03,88,1,0.16,0.2780202849600897,0.2586686313152313,0.0006854958793603827,-0.13254289937186337
03,89,1,0.1618181818181818,0.2802020143095013,0.2584371268749237,0.0010563415702373024,-0.03064510327076775
03,90,1,0.16363636363636364,0.2820815795608789,0.2626730799674988,0.0009192226980886798,0.16176121539162713
03,91,1,0.16545454545454547,0.2843983014986883,0.26199764013290405,0.0011352439079383558,0.19114926387362235
03,92,1,0.16727272727272727,0.2858356899491375,0.2623988389968872,0.0005458649030834248,0.031049289814709835
03,93,1,0.1690909090909091,0.2877217449921317,0.26342514157295227,0.0003839376119535682,0.03784746498924163
03,94,1,0.1709090909090909,0.28987311088106127,0.25879913568496704,0.0006192997076773355,-0.145787817557
03,95,1,0.17272727272727273,0.29170796247615194,0.25989773869514465,0.0005062684727223499,-0.1198541457087029
03,96,1,0.17454545454545456,0.29346690579823764,0.26006612181663513,0.00043779655044213887,-0.13170325302077895
03,97,1,0.17636363636363636,0.29576865019279,0.26081275939941406,0.0008317369827194454,0.031564683338906496
03,98,1,0.1781818181818182,0.297362740776251,0.2600257098674774,0.0004659524089203935,-0.1252327479952604
03,99,1,0.18,0.30007231762789616,0.26329103112220764,0.0012512706438636955,0.2987469766677677
03,100,1,0.18181818181818182,0.3020575380788815,0.26413968205451965,0.001145402306912997,0.3130401361740288
03,101,1,0.18363636363636363,0.3045859331201344,0.26400309801101685,0.0015261392780048632,0.42326017043651043
03,102,1,0.18545454545454546,0.30602108338348283,0.26364871859550476,0.0008882901124779061,0.20627768302622373
03,103,1,0.18727272727272729,0.3068760495306184,0.2651505768299103,0.0005589309079764214,0.1876393408772521
03,104,1,0.1890909090909091,0.30754832612692085,0.2656756639480591,0.0015813070745333158,0.533049706353474
03,105,1,0.19090909090909092,0.3086999770304192,0.262745201587677,0.001802353183044796,0.4389809779091579
03,106,1,0.19272727272727272,0.30992515123308123,0.26227137446403503,0.0016056899579539475,0.35187011961395176
03,107,1,0.19454545454545455,0.3106092215561012,0.26746755838394165,0.0018976365973335674,0.7302522574397218
03,108,1,0.19636363636363635,0.3122438739745929,0.2642677426338196,0.0011962771852126065,0.33587900529746284
03,109,1,0.19818181818181818,0.3128823999849172,0.2522926926612854,0.0017316381368063394,-0.16235102980955243
03,110,1,0.2,0.31315655044623303,0.25147145986557007,0.002503093414114964,0.030794061404579937
03,111,1,0.2018181818181818,0.3131542754208779,0.2527145445346832,0.00331321824275803,0.35034196189126565
03,112,1,0.20363636363636364,0.31344807894177207,0.25095900893211365,0.003655678188058052,0.3589703140666209
03,113,1,0.20545454545454545,0.3136586153142303,0.2538399398326874,0.003746193057394613,0.5466834352622656
03,114,1,0.20727272727272728,0.3139671330400168,0.25124067068099976,0.0036317291639364354,0.3671754448962422
03,115,1,0.20909090909090908,0.31358708780581823,0.25343143939971924,0.004214420046580904,0.6688968069109661
03,116,1,0.2109090909090909,0.3140198520818396,0.24955354630947113,0.0038898588667946195,0.3535063388993782
03,117,1,0.21272727272727274,0.3138626524362208,0.2502661645412445,0.004190001797430303,0.48586942079982276
03,118,1,0.21454545454545454,0.31425027802663164,0.25398725271224976,0.0038533854875170844,0.5880130300227626
03,119,1,0.21636363636363637,0.3147921573781126,0.2537209093570709,0.003382292382689821,0.42750172196240627
03,120,1,0.21818181818181817,0.3156644569193353,0.251024454832077,0.002811260234540718,0.10135368726624208
03,121,1,0.22,0.3157264238777643,0.25325241684913635,0.0031604444854856795,0.3328950024684993
03,122,1,0.22181818181818183,0.31593035412858006,0.2533152997493744,0.003422457095055774,0.41744209576165503
03,123,1,0.22363636363636363,0.3161433760673487,0.24978213012218475,0.0036294541817741984,0.28561470278352297
03,124,1,0.22545454545454546,0.3160361680269258,0.2531469166278839,0.004074466894506164,0.6098252639664851
03,125,1,0.22727272727272727,0.316805484812976,0.25155311822891235,0.003398077885353583,0.31220987928271654
03,126,1,0.2290909090909091,0.31774077193963945,0.2498341202735901,0.0027325559924930454,0.011015875988528379
03,127,1,0.2309090909090909,0.3190539877868463,0.2496764361858368,0.0018719445980510552,-0.2639802792588268
03,128,1,0.23272727272727273,0.32045234827942193,0.25192004442214966,0.0012012370353498437,-0.34710416483648543
03,129,1,0.23454545454545456,0.3211651736130071,0.2527824640274048,0.0015924567648886601,-0.17825936335687612
03,130,1,0.23636363636363636,0.3228282127358176,0.2517693340778351,0.0010193398420860079,-0.41173415037803796
03,131,1,0.2381818181818182,0.32400383144403694,0.2514846622943878,0.001115581332911163,-0.3977404146843063
03,132,1,0.24,0.3251465479703036,0.25250518321990967,0.0012103257209421393,-0.3118540623649859
03,133,1,0.24181818181818182,0.3262469318269356,0.25382864475250244,0.0012834917870306207,-0.21584950185823223
03,134,1,0.24363636363636362,0.32686440193814814,0.2545579969882965,0.0019364612293001782,0.026598190242001413
03,135,1,0.24545454545454545,0.3278031092025182,0.2546762526035309,0.002006801265512769,0.054915603875327706
03,136,1,0.24727272727272728,0.32847971581262697,0.2569535970687866,0.0022800140950243065,0.26569060422797475
03,137,1,0.24909090909090909,0.3305793417898481,0.25757357478141785,0.0012145966323595615,-0.02955701103815292
03,138,1,0.2509090909090909,0.3322557509122517,0.25831133127212524,0.0006105981272509813,-0.17552224516240256
03,139,1,0.25272727272727274,0.3342635703617023,0.25322604179382324,0.00040496391816403313,-0.5210535347341755
03,140,1,0.2545454545454545,0.3363866565070854,0.2538825273513794,0.0007475796148032743,-0.3786621123983896
03,141,1,0.25636363636363635,0.33829396653018406,0.25441280007362366,0.0006781544642873017,-0.37074410417803844
03,142,1,0.2581818181818182,0.33991322891698705,0.2556457221508026,0.0004080259072397938,-0.3859667353245874
03,143,1,0.26,0.34144924099143087,0.25277283787727356,0.0002068463370580785,-0.6074710535969812
03,144,1,0.26181818181818184,0.34244605437488845,0.25238680839538574,0.0008092010347082889,-0.442515736495841
03,145,1,0.2636363636363636,0.3442670244739995,0.25563845038414,0.0005646690174685123,-0.33790785205671026
03,146,1,0.26545454545454544,0.34596162306689526,0.258380264043808,0.00036173777233950257,-0.2486928667078407
03,147,1,0.2672727272727273,0.3472542458387921,0.256717711687088,0.0005212220611863094,-0.29151854546188605
03,148,1,0.2690909090909091,0.3491789634615281,0.2583571672439575,0.0001612180270235921,-0.312009774632828
03,149,1,0.27090909090909093,0.35130610852528826,0.25503164529800415,0.00039616214180966506,-0.42367962273744225
03,150,1,0.2727272727272727,0.3538657993651766,0.25370219349861145,0.001196081968875785,-0.24990227915485877
03,151,1,0.27454545454545454,0.3559668791395179,0.2527843117713928,0.001321117668646744,-0.2621034071240252
03,152,1,0.27636363636363637,0.35731764091227847,0.25487715005874634,0.0006672366644805736,-0.3483797304598966
03,153,1,0.2781818181818182,0.3586313359764179,0.2517530024051666,0.0004942811693471803,-0.5750813806321469
03,154,1,0.28,0.3605885642853336,0.25159353017807007,0.00023104945601190162,-0.665360247571793
03,155,1,0.2818181818181818,0.362231968610959,0.24929654598236084,0.0002411420886034337,-0.78957539998501
03,156,1,0.28363636363636363,0.36354167639381507,0.2469204217195511,0.00039518322560704196,-0.8736432600189054
03,157,1,0.28545454545454546,0.3651108672727576,0.25586259365081787,0.00038200121704866526,-0.3819955389881678
03,158,1,0.2872727272727273,0.3668271981635264,0.2559274733066559,0.00029482216111425673,-0.4053701381926993
03,159,1,0.28909090909090907,0.3682557005356521,0.25288158655166626,0.00041670924778729353,-0.5365153002233207
03,160,1,0.2909090909090909,0.3694193932117571,0.25455978512763977,0.0007589495528555911,-0.33759945241744255
03,161,1,0.2927272727272727,0.3708396621449572,0.2539374530315399,0.0008081098241409667,-0.35689046095042315
03,162,1,0.29454545454545455,0.37180665417874875,0.2536437213420868,0.001273316508399307,-0.22924908765736368
03,163,1,0.2963636363636364,0.37342370545444326,0.2510223090648651,0.0009011292365103829,-0.4897186902447688
03,164,1,0.29818181818181816,0.3748182518336852,0.2510606050491333,0.0007985840869662186,-0.5193209434495017
03,165,1,0.3,0.37596724680874183,0.24944980442523956,0.0009993037673916728,-0.5465203258071236
03,166,1,0.3018181818181818,0.37654016718554495,0.24787741899490356,0.0017082795565346743,-0.4143465885126033
03,167,1,0.30363636363636365,0.37750218559169285,0.24615927040576935,0.0019296394020858632,-0.4411113823052636
03,168,1,0.3054545454545455,0.3793841460680603,0.2451796978712082,0.0011593827635795152,-0.7337166369435191
03,169,1,0.30727272727272725,0.3812171263884067,0.24656565487384796,0.0006030634529033526,-0.8289967521242732
03,170,1,0.3090909090909091,0.3823914961452029,0.24361829459667206,0.0005138923363981629,-1.0199767812921547
03,171,1,0.3109090909090909,0.38405153130211533,0.24480648338794708,0.0003166894194002334,-1.0151176618329316
03,172,1,0.31272727272727274,0.3855118928505127,0.24792814254760742,0.0004936642986085193,-0.7873104550228158
03,173,1,0.3145454545454546,0.3868269597784226,0.2504643499851227,0.0007105340663117065,-0.5796162345817957
03,174,1,0.31636363636363635,0.3880385232234503,0.24856345355510712,0.0009014289687879639,-0.6259371929511824
03,175,1,0.3181818181818182,0.38990657266444734,0.24647337198257446,0.0005302645832163069,-0.856635029605703
03,176,1,0.32,0.39182887386676013,0.244905486702919,0.0002962320545294002,-1.015958297157934
03,177,1,0.32181818181818184,0.3932583575899397,0.2482915073633194,0.0001995848458450194,-0.8581485037093375
03,178,1,0.3236363636363636,0.39484710561554026,0.24765919148921967,0.0001641638512890818,-0.9041606049449753
03,179,1,0.32545454545454544,0.39559890428445227,0.24739281833171844,0.0011058053228944365,-0.6276038906289246
03,180,1,0.32727272727272727,0.3964335319285629,0.24534127116203308,0.001694260583785039,-0.5592798342472904
03,181,1,0.3290909090909091,0.3974544557849648,0.24353021383285522,0.0018245012428338581,-0.6193855123648384
03,182,1,0.33090909090909093,0.3990737665013146,0.2449897825717926,0.0012542150752403326,-0.7149058688332294
03,183,1,0.3327272727272727,0.4001989464040808,0.24398869276046753,0.001185700393917648,-0.7916001143908011
03,184,1,0.33454545454545453,0.4008119400357946,0.24613608419895172,0.0017227172921110024,-0.5064140005122993
03,185,1,0.33636363636363636,0.4011803227955485,0.25155311822891235,0.002448936559165076,0.018565979406148306
03,186,1,0.3381818181818182,0.4018903784407494,0.24887028336524963,0.0026703476666101334,-0.061662134875303865
03,187,1,0.34,0.4023487398574859,0.24976897239685059,0.0029161392347322335,0.0642009863986508
03,188,1,0.3418181818181818,0.4025379535022037,0.2506290674209595,0.0032643739533657775,0.21961828309941656
03,189,1,0.34363636363636363,0.4031645883315631,0.2525464594364166,0.0030692424906086525,0.2655430043855375
03,190,1,0.34545454545454546,0.40451276649840023,0.25219884514808655,0.0022171307077751713,-0.017352688257502774
03,191,1,0.3472727272727273,0.405250588120035,0.2516644299030304,0.002134906100553129,-0.07241751633664814
03,192,1,0.3490909090909091,0.406338110816085,0.2528393566608429,0.001772845470140354,-0.11929703102744624
03,193,1,0.3509090909090909,0.4074517330849675,0.25419095158576965,0.001609262529728166,-0.09497789107600155
03,194,1,0.3527272727272727,0.4091808180259719,0.2521721422672272,0.0009676098129421065,-0.4054078861312751
03,195,1,0.35454545454545455,0.4114345963448135,0.25289973616600037,0.0004383832860244487,-0.5288036615750793
03,196,1,0.3563636363636364,0.4135045643785192,0.2509882152080536,0.0006587676373848561,-0.566590209589474
03,197,1,0.35818181818181816,0.4150990935868904,0.2516791820526123,0.0005133152855968979,-0.5732850033900594
03,198,1,0.36,0.4164369914169649,0.2525729835033417,0.00034475979721536917,-0.5758828963919373
03,199,1,0.3618181818181818,0.4183318224107278,0.25434914231300354,0.000183017550907827,-0.5274577958356722
03,200,1,0.36363636363636365,0.42040595677941145,0.25282585620880127,0.0003183566579610231,-0.5700329901952271
03,201,1,0.3654545454545455,0.42241769168447546,0.251827597618103,0.0006047434628019388,-0.5367713997725606
03,202,1,0.36727272727272725,0.4241002578509679,0.24877801537513733,0.00046527345628688966,-0.7489796880329986
03,203,1,0.3690909090909091,0.4261067284197165,0.24731504917144775,0.0005483140651459506,-0.8043909662222792
03,204,1,0.3709090909090909,0.4281086369612022,0.24703696370124817,0.0006064961043845252,-0.8018068812347543
03,205,1,0.37272727272727274,0.4296215995179149,0.2471086084842682,0.0002862037719281494,-0.8969266739487435
03,206,1,0.37454545454545457,0.43113151401224337,0.24830782413482666,0.0002173161904797026,-0.8517582566658405
03,207,1,0.37636363636363634,0.4324349102696018,0.245327427983284,0.0005516916313423481,-0.9135335013250265
03,208,1,0.3781818181818182,0.43335104028824384,0.248931422829628,0.0012176070751715885,-0.5077194294275813
03,209,1,0.38,0.433700728649445,0.25148412585258484,0.0021785195457308826,-0.06891994575409185
03,210,1,0.38181818181818183,0.433920486804813,0.2520226836204529,0.0029785436732453915,0.20844625462366465
03,211,1,0.3836363636363636,0.43377617148831793,0.25132283568382263,0.0038201021878828552,0.4300089744519586
03,212,1,0.38545454545454544,0.4340568776556228,0.25337257981300354,0.0038747113252569783,0.5605352486134803
03,213,1,0.38727272727272727,0.43467750258797305,0.2563003599643707,0.0034305457347515323,0.5854269178266667
03,214,1,0.3890909090909091,0.43503563698512715,0.25498372316360474,0.003316604822229412,0.4771858390638227
03,215,1,0.39090909090909093,0.4354906792180402,0.2559378445148468,0.0031403501343949137,0.4755499254423705
03,216,1,0.3927272727272727,0.4358623252691178,0.2535897195339203,0.003197331015747861,0.3630059034655892
03,217,1,0.39454545454545453,0.4364909784179512,0.2537655234336853,0.00302003977028824,0.3179018241203549
03,218,1,0.39636363636363636,0.43672102181645617,0.2517302930355072,0.0032433653292778127,0.2741671592901068
03,219,1,0.3981818181818182,0.43692694801013005,0.25230124592781067,0.003458785343436148,0.37246531228642976
03,220,1,0.4,0.43742521296826853,0.25496941804885864,0.0033195875833201428,0.47731561048216814
03,221,1,0.4018181818181818,0.43844398916041344,0.2668951153755188,0.0026915333159629063,0.9441323727267825
03,222,1,0.4036363636363636,0.4387655450567161,0.26576098799705505,0.002858230105275821,0.9328323089616578
03,223,1,0.40545454545454546,0.43946077367788516,0.26335760951042175,0.002674132294171726,0.742640646819513
03,224,1,0.4072727272727273,0.44045951023491814,0.26343080401420593,0.0023088521540775443,0.6336885062598887
03,225,1,0.4090909090909091,0.4414569928685423,0.26354771852493286,0.0020699438371158275,0.5662567881215421
03,226,1,0.4109090909090909,0.4423146626165621,0.2645782232284546,0.0019655250161282212,0.5910797990794396
03,227,1,0.4127272727272727,0.44312193856352916,0.26415520906448364,0.002045528459122663,0.5923805647835468
03,228,1,0.41454545454545455,0.4436478579450256,0.26756370067596436,0.002434900299037245,0.9017999112778525
03,229,1,0.4163636363636364,0.44433358926614885,0.268262654542923,0.0025462559054408463,0.9749987484423368
03,230,1,0.41818181818181815,0.44501787171075485,0.2661568224430084,0.0025811225602364197,0.8690450176818858
03,231,1,0.42,0.44537071162730785,0.26895013451576233,0.0029040849172316686,1.1238150762015935
03,232,1,0.4218181818181818,0.44571112242414285,0.2684337794780731,0.00312586738634134,1.163804696233374
03,233,1,0.42363636363636364,0.44627599540785096,0.26855674386024475,0.003076810522412503,1.1554443177631744
03,234,1,0.4254545454545455,0.4470338354034657,0.2663664221763611,0.002804572062223303,0.9497950362259584
03,235,1,0.42727272727272725,0.447605417010547,0.2703934907913208,0.002736981378319696,1.1521319800702274
03,236,1,0.4290909090909091,0.4478915421197718,0.2717805504798889,0.0030095326149047353,1.313347703557856
03,237,1,0.4309090909090909,0.44792002437385875,0.26924967765808105,0.0035261552847249563,1.3328759921690978
03,238,1,0.43272727272727274,0.4499150175413406,0.26502957940101624,0.0020907695078509992,0.654849519258616
03,239,1,0.43454545454545457,0.45242644095058293,0.2685674726963043,0.0011132721730497792,0.5485625827322431
03,240,1,0.43636363636363634,0.45561113047465757,0.26533839106559753,0.0018283920550941479,0.5907951316086494
03,241,1,0.4381818181818182,0.45971915315674794,0.2689327597618103,0.004006517648463088,1.4639208359819755
03,242,1,0.44,0.46405708800589385,0.26616036891937256,0.0053946703018867125,1.7396927441802137
03,243,1,0.44181818181818183,0.4693136086829412,0.26660916209220886,0.007115673362795795,2.2970137387244383
03,244,1,0.44363636363636366,0.4747791339492817,0.2911189794540405,0.00835940669604669,4.040545426918668
03,245,1,0.44545454545454544,0.48061281820974183,0.291055828332901,0.009401090087850767,4.359318950317363
03,246,1,0.44727272727272727,0.4884083261421091,0.29938867688179016,0.011973181756969582,5.617015733387749
03,247,1,0.4490909090909091,0.4962377014407587,0.3002353310585022,0.013714747521565358,6.202754551466015
03,248,1,0.4509090909090909,0.5020458872084304,0.31794509291648865,0.012791910099782684,6.8990221366218965
03,249,1,0.4527272727272727,0.5074617829761342,0.33190038800239563,0.011391117552699294,7.239284835971158
03,250,1,0.45454545454545453,0.5122528584435838,0.3381326496601105,0.009469951828550828,6.99041453536481
03,251,1,0.45636363636363636,0.5170985961399811,0.32328659296035767,0.008354556449579454,5.822316413902684
03,252,1,0.4581818181818182,0.5218478141281742,0.3085283041000366,0.007888550762966918,4.859991061354726
03,253,1,0.46,0.5270777575884175,0.33485281467437744,0.00816801249327427,6.405798764746308
03,254,1,0.4618181818181818,0.5338732899446563,0.3899836838245392,0.010059551196442319,10.047282513408797
03,255,1,0.4636363636363636,0.5429228038334069,0.31296485662460327,0.013703957209924717,6.905101212620181
03,256,1,0.46545454545454545,0.5545930140773225,0.2715049684047699,0.01891811553048396,6.219843483981601
03,257,1,0.4672727272727273,0.567031387290186,0.2613774836063385,0.02317018875606032,6.973907454655377
03,258,1,0.4690909090909091,0.5786260355767217,0.26540106534957886,0.02477642961715386,7.693898554809875
03,259,1,0.4709090909090909,0.5883123951108252,0.2662689685821533,0.0232746027432411,7.277379472479631
03,260,1,0.4727272727272727,0.5954651568694876,0.2687845230102539,0.019079966682548924,6.1191037914874515
03,261,1,0.47454545454545455,0.5995449516661562,0.2654685080051422,0.012941725781176179,4.036234691501599
03,262,1,0.4763636363636364,0.602268713265018,0.2631162703037262,0.007537096286045415,2.2337579618997276
03,263,1,0.4781818181818182,0.6044482031147418,0.2631581127643585,0.003805916713695163,1.0817309155477772
03,264,1,0.48,0.6052453133125031,0.26314008235931396,0.0012289090917590333,0.2834606679605654
03,265,1,0.4818181818181818,0.60576194539615,0.2640288174152374,0.0013593321166296014,0.3730794276205808
03,266,1,0.48363636363636364,0.6058207761056409,0.26376858353614807,0.002854749839637198,0.8213029386456953
03,267,1,0.48545454545454547,0.6060601995517039,0.2664715349674225,0.003503342103729949,1.1718065721420605
03,268,1,0.48727272727272725,0.6063880684183263,0.26698416471481323,0.0035784723463480757,1.2234688368640425
03,269,1,0.4890909090909091,0.6068518203422775,0.26165109872817993,0.0034004091988526653,0.8727314883084754
03,270,1,0.4909090909090909,0.6068484226453426,0.26788175106048584,0.003676275632319441,1.3034864390450154
03,271,1,0.49272727272727274,0.6070451468109461,0.2637386620044708,0.0037364631016412893,1.0924272907606496
03,272,1,0.49454545454545457,0.6074304622428822,0.2634294033050537,0.0035973844845157573,1.032255027906323
03,273,1,0.49636363636363634,0.6076587995301712,0.26235729455947876,0.0036296456533657525,0.9828015947446193
03,274,1,0.49818181818181817,0.6081204358473113,0.2652755677700043,0.003369754133199053,1.064176660596166
03,275,1,0.5,0.6082566040178462,0.2705211043357849,0.0035515892631563946,1.4112286229293014
03,276,1,0.5018181818181818,0.6090546787153701,0.26552388072013855,0.0030563788673575055,0.9809907882201323
03,277,1,0.5036363636363637,0.6096618888856526,0.2625764310359955,0.002855222815196944,0.7553600735437139
03,278,1,0.5054545454545455,0.6107600877062149,0.26711779832839966,0.0022577963335050234,0.8222883289118368
03,279,1,0.5072727272727273,0.6116988621804986,0.26698392629623413,0.0019789348239472194,0.7285931338613901
03,280,1,0.509090909090909,0.6121734604260347,0.2625856101512909,0.002364901119074241,0.6041739543113601
03,281,1,0.5109090909090909,0.6125720583863004,0.2660672664642334,0.002745998586474745,0.9150894094761195
03,282,1,0.5127272727272727,0.6130534899106126,0.2634657919406891,0.002992109437324435,0.8470132261839756
03,283,1,0.5145454545454545,0.6139574458778971,0.2642255425453186,0.0026615040211393094,0.7868492147439551
03,284,1,0.5163636363636364,0.6146853310347931,0.2629563808441162,0.002498264788593012,0.6659881672535632
03,285,1,0.5181818181818182,0.615280099948398,0.26195085048675537,0.0025314635271776065,0.6205156949058815
03,286,1,0.52,0.6161644950722991,0.26088643074035645,0.002324078793800992,0.49734723099435596
03,287,1,0.5218181818181818,0.6168455439787217,0.2621053159236908,0.0024207811777999955,0.5948360371021998
03,288,1,0.5236363636363637,0.6173486708679223,0.2615812122821808,0.0026396788138055172,0.6335035935757414
03,289,1,0.5254545454545455,0.6184162044494865,0.2593608796596527,0.002237980190523641,0.38613841142421157
03,290,1,0.5272727272727272,0.6193014446594847,0.26327261328697205,0.0021367661057976207,0.5716791888758096
03,291,1,0.5290909090909091,0.6202821480403906,0.2623037099838257,0.00194030012168807,0.45718388288289324
03,292,1,0.5309090909090909,0.621198049921158,0.2639698088169098,0.0018835492563378953,0.5319896774639911
03,293,1,0.5327272727272727,0.6224420058456586,0.26386046409606934,0.0016019380951462648,0.43880351654488536
03,294,1,0.5345454545454545,0.6226854517899383,0.26077502965927124,0.002364942499909555,0.50381385588559
03,295,1,0.5363636363636364,0.6237081425312252,0.26229965686798096,0.002188253541236045,0.5336706426683421
03,296,1,0.5381818181818182,0.6244138841771797,0.26005879044532776,0.0023390105179901966,0.4560850043425287
03,297,1,0.54,0.6253209847541438,0.246551513671875,0.002235868505031534,-0.32462595241292186
03,298,1,0.5418181818181819,0.6261430880161738,0.24838118255138397,0.002133509970122809,-0.25486237919072996
03,299,1,0.5436363636363636,0.6273125817063043,0.25327813625335693,0.0018284253365511583,-0.07777725280094348
03,300,1,0.5454545454545454,0.6280003862389573,0.25241512060165405,0.0020417305976680056,-0.05962807508315471
03,301,1,0.5472727272727272,0.6289584944055511,0.2491588443517685,0.001980247946518592,-0.25916722108259005
03,302,1,0.5490909090909091,0.6298001742400913,0.24494579434394836,0.002047945524830218,-0.4717813188967276
03,303,1,0.5509090909090909,0.6308128938363158,0.24917376041412354,0.0019494974845850766,-0.2678538525354655
03,304,1,0.5527272727272727,0.6320671270854064,0.2505163550376892,0.0015703422679973645,-0.31072708397126164
03,305,1,0.5545454545454546,0.6323115894243778,0.25316721200942993,0.0023425651406381743,0.07513724579775555
03,306,1,0.5563636363636364,0.6328785237522532,0.2485237717628479,0.002613904567469504,-0.09833393090155412
03,307,1,0.5581818181818182,0.6338384739846632,0.2503204941749573,0.002423541713099957,-0.05762344894644805
03,308,1,0.56,0.6348614812707767,0.24851471185684204,0.002156929464073325,-0.24021444610127096
03,309,1,0.5618181818181818,0.6357561456710725,0.24332670867443085,0.001960853610120066,-0.5884827117337477
03,310,1,0.5636363636363636,0.6375604339599239,0.24775612354278564,0.0010709520927330808,-0.6182462291376993
03,311,1,0.5654545454545454,0.6390830757180869,0.244106724858284,0.0006655401766970814,-0.9459831621331107
03,312,1,0.5672727272727273,0.6412117992117341,0.24264875054359436,0.00037245965165542364,-1.1174814899966856
03,313,1,0.5690909090909091,0.6433955666843184,0.24248820543289185,0.000748220870939188,-1.0101291726348665
03,314,1,0.5709090909090909,0.6449980052528677,0.24340863525867462,0.0004884813365373151,-1.039461253554424
03,315,1,0.5727272727272728,0.6463593349987112,0.245275616645813,0.000326881382571325,-0.9859572121214375
03,316,1,0.5745454545454546,0.6474986722257954,0.24252043664455414,0.000736986484287343,-1.0118180528589487
03,317,1,0.5763636363636364,0.6488152375755554,0.24672238528728485,0.0009921393880426722,-0.6999363887940426
03,318,1,0.5781818181818181,0.650517858003524,0.24513211846351624,0.0006468504622326134,-0.89492075384109
03,319,1,0.58,0.6518463750158223,0.2456962913274765,0.0006958828582490517,-0.848475212569409
03,320,1,0.5818181818181818,0.6532505707770969,0.24675320088863373,0.000663447101252228,-0.7999183883111789
03,321,1,0.5836363636363636,0.6556453609356604,0.24690693616867065,0.00029336841948586327,-0.9058901665012957
03,322,1,0.5854545454545454,0.6573081634639502,0.24327515065670013,0.00026656828656629317,-1.115516342881048
03,323,1,0.5872727272727273,0.6585615740384274,0.2463129311800003,0.000304338009640232,-0.9354261839318373
03,324,1,0.5890909090909091,0.6594613388952841,0.24598383903503418,0.0009745605816744595,-0.7463175797929616
03,325,1,0.5909090909090909,0.6604837457537689,0.24530616402626038,0.0015048457527365045,-0.61982693602089
03,326,1,0.5927272727272728,0.660485089744185,0.24331538379192352,0.0027130979668475597,-0.3563823127418181
03,327,1,0.5945454545454546,0.6605646580339442,0.24137170612812042,0.0034277612471470694,-0.24303226436958886
03,328,1,0.5963636363636363,0.6606675069057426,0.24803730845451355,0.0038256833742277992,0.24959635398626534
03,329,1,0.5981818181818181,0.6612092797637612,0.25011539459228516,0.0035854525188238214,0.2904766716434891
03,330,1,0.6,0.6619826717035885,0.2510976791381836,0.0029934440814946162,0.16177677448809072
03,331,1,0.6018181818181818,0.6636228153070847,0.25077658891677856,0.0017276959678493176,-0.24761868601506487
03,332,1,0.6036363636363636,0.665863081890759,0.24971920251846313,0.0007656177839776131,-0.6038831550246908
03,333,1,0.6054545454545455,0.667411650008118,0.2460206151008606,0.0003667186609617733,-0.9323320390271881
03,334,1,0.6072727272727273,0.6696946897149945,0.24725459516048431,0.0007301528144320458,-0.7514853511996675
03,335,1,0.6090909090909091,0.6718728060218387,0.2503783106803894,0.000980264618424832,-0.5009371556801259
03,336,1,0.610909090909091,0.6738819894132864,0.25072231888771057,0.0009269503311839356,-0.4983607132818807
03,337,1,0.6127272727272727,0.675118109217517,0.2501790523529053,0.00046432105873321845,-0.6716052458315328
03,338,1,0.6145454545454545,0.6775517578493153,0.2486981451511383,0.0006653770842312956,-0.6914996865529242
03,339,1,0.6163636363636363,0.6803764727746489,0.24735437333583832,0.0015258249759846198,-0.4997901191238662
03,340,1,0.6181818181818182,0.6826861164499006,0.2524015009403229,0.0017095519630338629,-0.163152027115949
03,341,1,0.62,0.6848486769337389,0.2506231963634491,0.0016710806877185246,-0.27363783707294603
03,342,1,0.6218181818181818,0.6875649261012243,0.24803343415260315,0.0019546879261485416,-0.3294641511444866
03,343,1,0.6236363636363637,0.691025752662279,0.24720412492752075,0.0029122224242259086,-0.07919788553042928
03,344,1,0.6254545454545455,0.693303211575826,0.24406024813652039,0.0025273613658654114,-0.3725522780183158
03,345,1,0.6272727272727273,0.6953106834061562,0.2447059154510498,0.0018805594147143067,-0.5368651121221182
03,346,1,0.6290909090909091,0.6978132105390826,0.24951131641864777,0.0017675849295363932,-0.3054206365125805
03,347,1,0.6309090909090909,0.699576184745154,0.2498655766248703,0.0009684880261432283,-0.5330049469355835
03,348,1,0.6327272727272727,0.7016049786948109,0.2521476149559021,0.0008596739550812816,-0.4401606348402481
03,349,1,0.6345454545454545,0.7043976942476973,0.25538164377212524,0.0015769477282214627,-0.0389671568692406
03,350,1,0.6363636363636364,0.7056263720077318,0.25420963764190674,0.0007684303324884443,-0.35407738105954656
03,351,1,0.6381818181818182,0.7071231744561421,0.2568916082382202,0.0005129328345960963,-0.28444277467986934
03,352,1,0.64,0.7088684591488057,0.25583744049072266,0.0003239782761190192,-0.40134100046510535
03,353,1,0.6418181818181818,0.7114164391828242,0.24878357350826263,0.0006680320445550514,-0.6859424189265046
03,354,1,0.6436363636363637,0.7131037644896794,0.249813050031662,0.000605904898835917,-0.648092272878094
03,355,1,0.6454545454545455,0.7145141713829237,0.2572022080421448,0.00043434964761897494,-0.29153604309537073
03,356,1,0.6472727272727272,0.7156307449709313,0.2553011178970337,0.0005894457533018471,-0.34894311772464837
03,357,1,0.649090909090909,0.7169171742456131,0.25382715463638306,0.0009935879341514287,-0.30562212228724966
03,358,1,0.6509090909090909,0.7185754321413995,0.2499205768108368,0.0007105138040622172,-0.6097675816747791
03,359,1,0.6527272727272727,0.7206440548305613,0.2508683502674103,0.0003608703609805482,-0.6653981520350937
03,360,1,0.6545454545454545,0.7231203585996792,0.2497842013835907,0.0009340248793780049,-0.5481782908803209
03,361,1,0.6563636363636364,0.7251558546617953,0.24915294349193573,0.0010971175343072025,-0.5327158899456966
03,362,1,0.6581818181818182,0.726913541030946,0.2533165514469147,0.0007951337994122743,-0.3953257991694022
03,363,1,0.66,0.7291644067515574,0.2537989616394043,0.0009614722976370571,-0.31712094034616595
03,364,1,0.6618181818181819,0.7310981572749029,0.25498950481414795,0.000765134840733579,-0.31186354652796233
03,365,1,0.6636363636363637,0.7323696857647176,0.24970056116580963,0.0003504992141597933,-0.7333453248636317
03,366,1,0.6654545454545454,0.7341607873404082,0.25068172812461853,0.00024483430769917114,-0.7116429556761417
03,367,1,0.6672727272727272,0.7363983159763718,0.24867069721221924,0.00045557452030044025,-0.7579297122778977
03,368,1,0.6690909090909091,0.738032341687235,0.2500050663948059,0.00031300650416335874,-0.7280639481172871
03,369,1,0.6709090909090909,0.7393461524177027,0.2498875856399536,0.00027725327035029097,-0.7456379936018658
03,370,1,0.6727272727272727,0.7404925580709569,0.2512376606464386,0.0007363234576473909,-0.5287676355479863
03,371,1,0.6745454545454546,0.742167087239298,0.252548485994339,0.0006447369719434648,-0.4844344793565869
03,372,1,0.6763636363636364,0.744360865488124,0.24770085513591766,0.00037750506794063737,-0.8358477219939651
03,373,1,0.6781818181818182,0.7467720269172295,0.24265895783901215,0.0009358789400342582,-0.9426058270774929
03,374,1,0.68,0.7488018214124292,0.244797945022583,0.0011092048103522444,-0.7704037957576707
03,375,1,0.6818181818181818,0.7501028347099256,0.24804866313934326,0.0005636810312892475,-0.7589675013548338
03,376,1,0.6836363636363636,0.750904993175769,0.24780099093914032,0.0008488761293329749,-0.6844644452652956
03,377,1,0.6854545454545454,0.7525831510786869,0.2456025779247284,0.0008067501483263062,-0.8193704359616019
03,378,1,0.6872727272727273,0.7540684985247773,0.24707017838954926,0.0007741837426002307,-0.748086616682483
03,379,1,0.6890909090909091,0.755197280234371,0.2500348389148712,0.0009620713110935086,-0.5256067702757357
03,380,1,0.6909090909090909,0.7562416416252917,0.25194355845451355,0.0011913213012842028,-0.3488683353943482
03,381,1,0.6927272727272727,0.7566675836747656,0.25147584080696106,0.002099541364191009,-0.09381339236551231
03,382,1,0.6945454545454546,0.7576670752439751,0.2528963088989258,0.0021211579440011553,-0.00837939427901583
03,383,1,0.6963636363636364,0.7583822738135925,0.25342458486557007,0.0023056035541832876,0.07797006989067239
03,384,1,0.6981818181818182,0.7590411639782446,0.25022223591804504,0.0024429617843364938,-0.05706242626753563
03,385,1,0.7,0.7595492264474937,0.24881213903427124,0.002634779903325656,-0.07588937463158768
03,386,1,0.7018181818181818,0.7607074000330165,0.24944555759429932,0.0021970170109848353,-0.176209055175932
03,387,1,0.7036363636363636,0.7614621937010682,0.2467171996831894,0.0022023045401935327,-0.3258248082701019
03,388,1,0.7054545454545454,0.7616370256754869,0.24936886131763458,0.0027974525376437565,0.005300973914053875
03,389,1,0.7072727272727273,0.7617168663467778,0.2502302825450897,0.0033665772906633514,0.22913041403690418
03,390,1,0.7090909090909091,0.7618102464274689,0.24926947057247162,0.0038151071847933467,0.31463150980493654
03,391,1,0.7109090909090909,0.7622693561662806,0.25071316957473755,0.0036317090445947427,0.33792621440434756
03,392,1,0.7127272727272728,0.7633289741440817,0.25086042284965515,0.0027738816830966562,0.08069614950918425
03,393,1,0.7145454545454546,0.7636101087123545,0.253765344619751,0.0029157342319726543,0.28562202243893964
03,394,1,0.7163636363636363,0.7644224277279325,0.25471681356430054,0.0025767258077888256,0.23348656430637477
03,395,1,0.7181818181818181,0.7649550624593208,0.25294753909111023,0.002697136401516408,0.17265598594982165
03,396,1,0.72,0.7656950091223196,0.24813877046108246,0.0026286163117776474,-0.11512569783601836
03,397,1,0.7218181818181818,0.7673113568923349,0.2522863447666168,0.0016037772863218159,-0.20226033261972337
03,398,1,0.7236363636363636,0.7684224205015017,0.25434234738349915,0.0014180257221501225,-0.14574953580132874
03,399,1,0.7254545454545455,0.7694877715251673,0.25256845355033875,0.001352672891876754,-0.2643074025547979
03,400,1,0.7272727272727273,0.7711942622863388,0.2518354654312134,0.0007837083431176908,-0.48096735043230865
03,401,1,0.7290909090909091,0.772776192048626,0.25261300802230835,0.000572242925884524,-0.5032856783081499
03,402,1,0.730909090909091,0.7741015206127739,0.2507129907608032,0.0006131231508094015,-0.5959692111065683
03,403,1,0.7327272727272728,0.7756640088741723,0.250131219625473,0.00047040991722909094,-0.6723731803579082
03,404,1,0.7345454545454545,0.7775304363785405,0.2525114417076111,0.00024902408127459657,-0.6089131506115223
03,405,1,0.7363636363636363,0.779541224298578,0.25194188952445984,0.0002917722604388408,-0.6272619697050228
03,406,1,0.7381818181818182,0.7811433958911425,0.25395748019218445,0.00023742681530414679,-0.5323372592904454
03,407,1,0.74,0.7827105927906388,0.248543381690979,0.0001747508649819644,-0.8518684806084402
03,408,1,0.7418181818181818,0.7840733690283057,0.24599793553352356,0.0004025254845940895,-0.9225114624363842
03,409,1,0.7436363636363637,0.786030378163505,0.24841296672821045,0.0002108576448008006,-0.8479276162713643
03,410,1,0.7454545454545455,0.7876382987210866,0.24362321197986603,0.00018028939760675702,-1.122913746800694
03,411,1,0.7472727272727273,0.7892723266893813,0.24597753584384918,0.00013810468631046452,-1.0054484616121928
03,412,1,0.7490909090909091,0.7909840431997246,0.25206121802330017,8.074529172613653e-05,-0.6859339748031406
03,413,1,0.7509090909090909,0.7926548208167146,0.2475721389055252,7.092304988466798e-05,-0.9378332243303122
03,414,1,0.7527272727272727,0.7938659980769656,0.25079700350761414,0.0005158564529360743,-0.6214040311083853
03,415,1,0.7545454545454545,0.7956281850908777,0.2535483241081238,0.00034279135031475415,-0.5224220690492214
03,416,1,0.7563636363636363,0.7968299872848095,0.2505407929420471,0.0006977566844360172,-0.579331523903192
03,417,1,0.7581818181818182,0.7979089886550403,0.2438792884349823,0.0010802413354763663,-0.8302919099783013
03,418,1,0.76,0.7991421891663866,0.2444516271352768,0.0011605827837115768,-0.7737073334099649
03,419,1,0.7618181818181818,0.8003410527472192,0.24308355152606964,0.0012807669752341756,-0.8123667497035995
03,420,1,0.7636363636363637,0.8016194205760468,0.24354253709316254,0.001180616060491928,-0.8179065678646285
03,421,1,0.7654545454545455,0.8033311857405876,0.24825023114681244,0.0006731953663959247,-0.7139118251266255
03,422,1,0.7672727272727272,0.8043782332808318,0.25132274627685547,0.0009747109499031336,-0.4502987954287524
03,423,1,0.769090909090909,0.8057313372257371,0.2507326304912567,0.0009306180336091529,-0.4966543621418904
03,424,1,0.7709090909090909,0.8069071085972774,0.2489534467458725,0.0011024177816982717,-0.5421355810381885
03,425,1,0.7727272727272727,0.8078653936639557,0.2557157874107361,0.001466054720327641,-0.05475119222452178
03,426,1,0.7745454545454545,0.808647549729854,0.25244519114494324,0.001817450635271405,-0.12734845216858492
03,427,1,0.7763636363636364,0.809397212420806,0.2541622817516327,0.0021351170565749467,0.06612081699173017
03,428,1,0.7781818181818182,0.8097612690836469,0.24906893074512482,0.0026875291925012746,-0.04533415315506534
03,429,1,0.78,0.8094988212935286,0.24954980611801147,0.003663517104211937,0.2832737241739933
03,430,1,0.7818181818181819,0.8100190462265112,0.25205808877944946,0.0035516490786225026,0.38771548417182566
03,431,1,0.7836363636363637,0.8104911449084519,0.24992544949054718,0.003422424520846167,0.22950935720951907
03,432,1,0.7854545454545454,0.8110264066848896,0.2487441748380661,0.0031606458663199378,0.08303451540910672
03,433,1,0.7872727272727272,0.8118416783144665,0.2552134394645691,0.002661658637053659,0.28729433531222465
03,434,1,0.7890909090909091,0.8126133500308184,0.25134873390197754,0.0024757011759363057,0.01551595011974094
03,435,1,0.7909090909090909,0.813786096163394,0.2521210014820099,0.001951530994437416,-0.103838932168703
03,436,1,0.7927272727272727,0.8144506779832894,0.2504006028175354,0.002110686988277587,-0.14997299610924486
03,437,1,0.7945454545454546,0.8147913716839548,0.24990098178386688,0.0026260611122121847,-0.01822475578252858
03,438,1,0.7963636363636364,0.8155175038640058,0.2500861585140228,0.002637352274533227,-0.004465896333230246
03,439,1,0.7981818181818182,0.8163926396946508,0.2482037991285324,0.00248825490218506,-0.15494551199016193
03,440,1,0.8,0.8177680123910278,0.24690499901771545,0.0017645180886222567,-0.45085550901488036
03,441,1,0.8018181818181818,0.8185845620185078,0.2476237565279007,0.0017773020630768455,-0.4070547615824109
03,442,1,0.8036363636363636,0.8191425105128798,0.24578525125980377,0.0021676511523431464,-0.3882101167778988
03,443,1,0.8054545454545454,0.8200668348944458,0.24664437770843506,0.002149578432995668,-0.3461741528805057
03,444,1,0.8072727272727273,0.8209760670623422,0.24648946523666382,0.0021588950650480044,-0.35187964873673416
03,445,1,0.8090909090909091,0.8224289818606104,0.24498231709003448,0.001507993934608336,-0.636806014194631
03,446,1,0.8109090909090909,0.8237529707398555,0.24447232484817505,0.0011451100158888661,-0.7773468585328769
03,447,1,0.8127272727272727,0.8250357971661166,0.24879954755306244,0.001014898646371708,-0.5777438063155038
03,448,1,0.8145454545454546,0.8263075474433967,0.2529315650463104,0.0009853889370093228,-0.3578073920115314
03,449,1,0.8163636363636364,0.827449689868178,0.2512258291244507,0.0011761166074916885,-0.3933610022142403
03,450,1,0.8181818181818182,0.8292772148248727,0.24908627569675446,0.000668634696401267,-0.6689751119828661
03,451,1,0.82,0.8307519028818573,0.24946986138820648,0.0005101416169586026,-0.6967446728180984
03,452,1,0.8218181818181818,0.8323161422514197,0.24898086488246918,0.00037492867633136414,-0.7656850785111808
03,453,1,0.8236363636363636,0.8342524144969292,0.24944573640823364,0.00011828433504908426,-0.8193142958744192
03,454,1,0.8254545454545454,0.8356728397609423,0.25051432847976685,0.0002210610260022938,-0.7282780084092609
03,455,1,0.8272727272727273,0.8374553597830068,0.2491464912891388,0.00010273027624110051,-0.8407155972843089
03,456,1,0.8290909090909091,0.8391027165370761,0.24756373465061188,8.310022797020469e-05,-0.9345317730147156
03,457,1,0.8309090909090909,0.8406541118870791,0.2457394152879715,0.00021120293058442426,-0.9960340943603163
03,458,1,0.8327272727272728,0.8436642429355992,0.24504484236240387,0.0011985037703982192,-0.7290894055793049
03,459,1,0.8345454545454546,0.8464624587390435,0.2493164837360382,0.00199886878017831,-0.24466730310483767
03,460,1,0.8363636363636363,0.848799603497987,0.25179430842399597,0.002084238800112671,-0.08089283104763281
03,461,1,0.8381818181818181,0.8520901840728681,0.2496575117111206,0.002950597634766029,0.06868264314431649
03,462,1,0.84,0.8552546564574274,0.2520502805709839,0.0032560519728780783,0.29583123861754024
03,463,1,0.8418181818181818,0.8582745988429318,0.2519000172615051,0.0033783909779254288,0.325350167582517
03,464,1,0.8436363636363636,0.8613105599649935,0.24933753907680511,0.003461317074015076,0.2089499677151813
03,465,1,0.8454545454545455,0.864639178332608,0.24636514484882355,0.0036621963248778936,0.10631747636983563
03,466,1,0.8472727272727273,0.866395206779244,0.25088080763816833,0.0022809762065789507,-0.07066812841280368
03,467,1,0.8490909090909091,0.8690185462438916,0.2520088851451874,0.0021191780907724566,-0.05818790637704847
03,468,1,0.850909090909091,0.8724930289829821,0.25084027647972107,0.00290767397962295,0.12097175518522577
03,469,1,0.8527272727272728,0.8766850109384837,0.2472483217716217,0.004304038680627438,0.35385024530278675
03,470,1,0.8545454545454545,0.8807185630063912,0.24547548592090607,0.005326132597065948,0.5717836502951306
03,471,1,0.8563636363636363,0.8842999140428166,0.2438410222530365,0.005326644576704577,0.4813325090769166
03,472,1,0.8581818181818182,0.8885350949850177,0.2426396757364273,0.005741483569174434,0.543075884625523
03,473,1,0.86,0.8929946491406209,0.24397850036621094,0.0061905212242687035,0.7562187075457597
03,474,1,0.8618181818181818,0.8960788206240108,0.24456316232681274,0.005197283157124323,0.4813440494131823
03,475,1,0.8636363636363636,0.899512905100706,0.24339614808559418,0.004791303229414663,0.2910469894920753
03,476,1,0.8654545454545455,0.9027940658079538,0.24169445037841797,0.004269216172190128,0.03518770895422929
03,477,1,0.8672727272727273,0.9051994383061454,0.24229499697685242,0.003109845964647596,-0.29020406361751994
03,478,1,0.8690909090909091,0.9080139752850948,0.24076148867607117,0.002873185652215877,-0.44843455907619756
03,479,1,0.8709090909090909,0.9103014222170975,0.24057352542877197,0.002176843918947664,-0.6742877979869312
03,480,1,0.8727272727272727,0.9132502851577013,0.24397778511047363,0.0024285775804536013,-0.40768534669144707
03,481,1,0.8745454545454545,0.9152723949459496,0.24420855939388275,0.0018366325312649655,-0.5780270035877397
03,482,1,0.8763636363636363,0.9178059767824198,0.24445421993732452,0.001851975207784141,-0.5596616600313974
03,483,1,0.8781818181818182,0.9198272093828012,0.24779626727104187,0.0014252074338342146,-0.5064218082000655
03,484,1,0.88,0.921578153694369,0.2478037178516388,0.0007947049539761675,-0.7010726696325176
03,485,1,0.8818181818181818,0.9227802532187575,0.2478252649307251,0.0004435060536663514,-0.8085315487973441
03,486,1,0.8836363636363637,0.9244040054014733,0.24765314161777496,0.00033837504128846226,-0.8505987978417513
03,487,1,0.8854545454545455,0.9259842132001975,0.24426133930683136,0.000407674397327572,-1.0171899449093027
03,488,1,0.8872727272727273,0.9274061587199364,0.24371814727783203,0.0005249798319378207,-1.0110110294861807
03,489,1,0.889090909090909,0.929107820611976,0.24753795564174652,0.00028225370767484125,-0.8743470797264287
03,490,1,0.8909090909090909,0.9306262326459964,0.2465086132287979,0.0003437990105742572,-0.9123698007588931
03,491,1,0.8927272727272727,0.9315877458538313,0.246104896068573,0.000937842613870159,-0.7509663067701238
03,492,1,0.8945454545454545,0.933029647840232,0.2505544424057007,0.0008968237908778975,-0.5169877618560652
03,493,1,0.8963636363636364,0.9343797286071425,0.24872714281082153,0.0009526153040413532,-0.6010268237336444
03,494,1,0.8981818181818182,0.9356787370418519,0.24610164761543274,0.0009715838681235311,-0.7407075728970505
03,495,1,0.9,0.9367548169252154,0.2428750991821289,0.0011586300837238429,-0.8617092192439018
03,496,1,0.9018181818181819,0.9375068452605766,0.24266764521598816,0.0016983695162087354,-0.7062260514312262
03,497,1,0.9036363636363637,0.9385791318954656,0.24617066979408264,0.0017453822364058725,-0.4974846376567985
03,498,1,0.9054545454545454,0.9397160889457316,0.2472015917301178,0.0016582760082207038,-0.4672823530084494
03,499,1,0.9072727272727272,0.940537848569527,0.24411697685718536,0.0018458543603951261,-0.580251016560539
03,500,1,0.9090909090909091,0.9412707863042159,0.24312680959701538,0.002058674536784171,-0.5693007997819572
03,501,1,0.9109090909090909,0.9419622879300544,0.2419869303703308,0.0023081581718554667,-0.555307259538737
03,502,1,0.9127272727272727,0.9421716170375919,0.2431618869304657,0.002944618072965215,-0.29326435876400314
03,503,1,0.9145454545454546,0.9427156941768409,0.24829936027526855,0.003014422956681322,0.013137170520116093
03,504,1,0.9163636363636364,0.9431149310343477,0.2511172592639923,0.003159647501002909,0.21428199635563216
03,505,1,0.9181818181818182,0.9434335787395958,0.24735434353351593,0.0033020359782878358,0.049729687050058036
03,506,1,0.92,0.9435126124519266,0.2450276017189026,0.003590824968342303,0.010087520807883832
03,507,1,0.9218181818181819,0.944033217290614,0.24329768121242523,0.003405468983238667,-0.1431589962249209
03,508,1,0.9236363636363636,0.9441163129939841,0.23954348266124725,0.0036517540583117666,-0.27508468106558914
03,509,1,0.9254545454545454,0.9443498040125982,0.24272483587265015,0.0036686085296068357,-0.0935060316115921
03,510,1,0.9272727272727272,0.9445167282674489,0.24620847404003143,0.003730740593006669,0.11883825979255075
03,511,1,0.9290909090909091,0.9447750191314299,0.24718841910362244,0.003723478682906249,0.17091666028902597
03,512,1,0.9309090909090909,0.9450035703864099,0.2489972859621048,0.003680377888130236,0.25786010425626654
03,513,1,0.9327272727272727,0.9451561699298326,0.24707843363285065,0.0037495926928139563,0.1728985235970537
03,514,1,0.9345454545454546,0.9453810489433708,0.24140417575836182,0.003726305158584396,-0.14886918871784216
03,515,1,0.9363636363636364,0.9456657241723218,0.2439125031232834,0.003657710098613946,-0.03103722621303262
03,516,1,0.9381818181818182,0.9460239216076143,0.24053436517715454,0.0035221889235443767,-0.2602379281624878
03,517,1,0.94,0.9464456702324162,0.23866379261016846,0.003355528104043536,-0.4154978721558351
03,518,1,0.9418181818181818,0.9470201113298863,0.24142584204673767,0.0031034620822193593,-0.3403623213178763
03,519,1,0.9436363636363636,0.9473758097441576,0.24346178770065308,0.003157529264576924,-0.2107686605433412
03,520,1,0.9454545454545454,0.9478104237961724,0.24699755012989044,0.0031504366055210443,-0.01695140297532699
03,521,1,0.9472727272727273,0.9479622798142655,0.24461951851844788,0.0034452061345674897,-0.057586664546113886
03,522,1,0.9490909090909091,0.948393481121642,0.2472575455904007,0.0033931572226533076,0.07255446483030548
03,523,1,0.9509090909090909,0.9489037666671797,0.24597075581550598,0.0032262141250545707,-0.05042972388405931
03,524,1,0.9527272727272728,0.9491288770418924,0.24867554008960724,0.0033830929810973616,0.14804997036804896
03,525,1,0.9545454545454546,0.9495997269684189,0.2465318739414215,0.003241856366000899,-0.014483723093645207
03,526,1,0.9563636363636364,0.9499759406569638,0.24715475738048553,0.00327500446599434,0.03030228888043829
03,527,1,0.9581818181818181,0.9500980642680495,0.24541239440441132,0.0035484957387390144,0.018323467116601766
03,528,1,0.96,0.9502708344728007,0.246748149394989,0.0036742999342053314,0.13129464276208846
03,529,1,0.9618181818181818,0.950626736028681,0.2501847743988037,0.0036038877360521234,0.3000263298654165
03,530,1,0.9636363636363636,0.9507281304709284,0.2462843358516693,0.0037592455588702097,0.13186262355430695
03,531,1,0.9654545454545455,0.9510130085846027,0.24924282729625702,0.003662414898687087,0.2659147829453226
03,532,1,0.9672727272727273,0.95111954909683,0.24572132527828217,0.0037846104655980136,0.10849844039128398
03,533,1,0.9690909090909091,0.9510130384405142,0.24476048350334167,0.004103299777921192,0.1538280022968891
03,534,1,0.9709090909090909,0.9512227754869174,0.24582597613334656,0.003990138334476355,0.17788585486625408
03,535,1,0.9727272727272728,0.9512415398138021,0.2479459047317505,0.004095035261588846,0.32786089566117593
03,536,1,0.9745454545454545,0.9511880432584439,0.24693366885185242,0.004205664624246945,0.30597205889223456
03,537,1,0.9763636363636363,0.9511936908839987,0.24529829621315002,0.004217140539095514,0.21886253278284118
03,538,1,0.9781818181818182,0.9512586604089132,0.2456957995891571,0.004197334125052231,0.23477119430719573
03,539,1,0.98,0.9512217616104883,0.2464897185564041,0.004243204153976015,0.29297477026657603
03,540,1,0.9818181818181818,0.9512949546715543,0.24480460584163666,0.004165066542081557,0.17538331382364508
03,541,1,0.9836363636363636,0.9511268796438498,0.24412891268730164,0.004359869423063727,0.19819282474167654
03,542,1,0.9854545454545455,0.9510189780585198,0.2455272674560547,0.004451068198356516,0.3039281633879576
05,8,0,0.013289036544850499,0.9815865572560216,0.24998417496681213,nan,nan
05,9,0,0.014950166112956811,0.9946176853827563,0.3052665889263153,nan,nan
05,10,0,0.016611295681063124,0.007230501042172875,0.30375611782073975,nan,nan
05,11,0,0.018272425249169437,0.01804020033949225,0.325916051864624,nan,nan
05,12,0,0.019933554817275746,0.026381388848577957,0.32887911796569824,0.02176817067029234,10.282232016355218
05,13,0,0.02159468438538206,0.031910556213165554,0.3418686091899872,0.016098630136740857,9.24829482097053
05,14,0,0.023255813953488372,0.03556024141493403,0.32979753613471985,0.010425097630907,6.823843553191951
05,15,0,0.024916943521594685,0.037944483161863225,0.31787681579589844,0.005726904284645907,4.709476313919904
05,16,0,0.026578073089700997,0.03923401707554872,0.31572026014328003,0.002244496970530867,3.5125417577531493
05,17,0,0.02823920265780731,0.04012784709743376,0.3199770450592041,0.0009920192457132026,3.3610349019239636
05,18,0,0.029900332225913623,0.040587086615415255,0.32095998525619507,0.0018740427452045173,3.6884051106563955
05,19,1,0.03156146179401993,0.04124667050305569,0.3247843086719513,0.0024711701576844037,4.085151970523548
05,20,1,0.03322259136212625,0.04201603108550251,0.3223334848880768,0.0025273564105357128,3.9666688082292043
05,21,1,0.03488372093023256,0.04358337655033823,0.3257780969142914,0.0016555144481884432,3.887898149298393
05,22,1,0.036544850498338874,0.04594420334733133,0.32607173919677734,0.0007563802399275073,3.6260039821803582
05,23,1,0.03820598006644518,0.04892662258807094,0.31853440403938293,0.0014845700433391406,3.433444027492876
05,24,1,0.03986710963455149,0.05240368886940687,0.30609580874443054,0.003041648303421253,3.225613841238756
05,25,1,0.04152823920265781,0.05613442315834155,0.3073645532131195,0.004175468146379825,3.64672851168902
05,26,1,0.04318936877076412,0.06045103690274202,0.3141154646873474,0.005354320238779504,4.385689326391444
05,27,1,0.044850498338870434,0.06612092260754801,0.30306580662727356,0.0073974975547328025,4.405246048430535
05,28,1,0.046511627906976744,0.07204838982647643,0.3051450848579407,0.009026389768791982,5.024458904319252
05,29,1,0.04817275747508306,0.07769861282422098,0.30139490962028503,0.009765437527269117,5.045206428866987
05,30,1,0.04983388704318937,0.08318877564334164,0.29870110750198364,0.009864552929919874,4.926534665263652
05,31,1,0.05149501661129568,0.08835360896199711,0.299858957529068,0.009344951563425448,4.829968756895587
05,32,1,0.053156146179401995,0.09329777362697274,0.2997153401374817,0.008730944639788808,4.63204653124026
05,33,1,0.054817275747508304,0.09700844967245115,0.30114442110061646,0.007129274735143172,4.21574809629292
05,34,1,0.05647840531561462,0.10035332103998466,0.30204474925994873,0.00564668689061913,3.8069786918009436
05,35,1,0.05813953488372093,0.10294710700073835,0.30014100670814514,0.00394933650221206,3.1763174972501433
05,36,1,0.059800664451827246,0.10538452347856532,0.3059692084789276,0.002738378470353726,3.1247703601098333
05,37,1,0.061461794019933555,0.10619435924928336,0.3039942681789398,0.0010446720724470054,2.491289558061155
05,38,1,0.06312292358803986,0.1063703016171749,0.30244922637939453,0.0015940082481428906,2.5755900796402242
05,39,1,0.06478405315614617,0.10647504273315163,0.30339521169662476,0.0029935122764637597,3.0610089647400507
05,40,1,0.0664451827242525,0.10677707352354779,0.29958534240722656,0.00357346541917085,3.0292267881346473
05,41,1,0.0681063122923588,0.10710671185006307,0.2994193136692047,0.003591964603901225,3.02574592554211
05,42,1,0.06976744186046512,0.10729905330238708,0.30318814516067505,0.003627711301772128,3.2457373756238455
05,43,1,0.07142857142857142,0.10774728364015818,0.29974234104156494,0.003411668885304102,2.987873934191773
05,44,1,0.07308970099667775,0.10801744903191614,0.29191944003105164,0.00345956372029778,2.569014482112492
05,45,1,0.07475083056478406,0.10801774937501413,0.289620965719223,0.0037693572542918537,2.5374377313762193
05,46,1,0.07641196013289037,0.1085659506604579,0.287983775138855,0.0034489153500858335,2.3475391942650816
05,47,1,0.07807308970099668,0.10880558917848462,0.2881641387939453,0.0035260011715768243,2.3813866835184734
05,48,1,0.07973421926910298,0.10907017507394205,0.28734055161476135,0.003525991660701015,2.335726652310975
05,49,1,0.08139534883720931,0.10946080474014386,0.28802359104156494,0.003398543505005695,2.3341624981499853
05,50,1,0.08305647840531562,0.10988145080898894,0.2889411449432373,0.003338661277443049,2.3665025346346495
05,51,1,0.08471760797342193,0.11066862106159298,0.28833869099617004,0.0028803660619717997,2.1913177016392185
05,52,1,0.08637873754152824,0.11115913478556479,0.29243165254592896,0.0028556103087770558,2.4105597487245864
05,53,1,0.08803986710963455,0.11168245741014962,0.2919827997684479,0.0028545276120978836,2.385341796216553
05,54,1,0.08970099667774087,0.11237144713026331,0.2917245030403137,0.0027209510594856535,2.3296969254790088
05,55,1,0.09136212624584718,0.11302219378045868,0.2891641855239868,0.00269270348960886,2.1790217666015685
05,56,1,0.09302325581395349,0.11347449799554131,0.2861723005771637,0.0028287924542426835,2.0552640507575495
05,57,1,0.0946843853820598,0.11393672723142059,0.2865178883075714,0.0029454040208575106,2.110499459172088
05,58,1,0.09634551495016612,0.1143360860535113,0.2898489236831665,0.003109612654084536,2.3459642245937538
05,59,1,0.09800664451827243,0.11495181868917474,0.29033055901527405,0.0029850397492331027,2.334124400174035
05,60,1,0.09966777408637874,0.11550954609046701,0.2871493399143219,0.002909718575119834,2.1344648457910425
05,61,1,0.10132890365448505,0.11628191107374991,0.2889997661113739,0.0026461156155683663,2.1554935847127585
05,62,1,0.10299003322259136,0.11684915951739266,0.2868713438510895,0.002665163132507935,2.043393425541314
05,63,1,0.10465116279069768,0.11746171162765834,0.28632164001464844,0.0026808793882126137,2.0177818411390485
05,64,1,0.10631229235880399,0.1180215347839132,0.2851130962371826,0.0027485294665786798,1.971713444951216
05,65,1,0.1079734219269103,0.11860651977270731,0.2846413850784302,0.002791541651146078,1.9588703028093712
05,66,1,0.10963455149501661,0.11948406108157472,0.2895616292953491,0.002495152517018028,2.139936782652937
05,67,1,0.11129568106312292,0.12021667946934314,0.2945680320262909,0.002421259520295137,2.3946151367227473
05,68,1,0.11295681063122924,0.12066146725474966,0.28960609436035156,0.0026652136953097694,2.1950150550037946
05,69,1,0.11461794019933555,0.12113839645022025,0.2901443839073181,0.0028482676175483213,2.2814890823440606
05,70,1,0.11627906976744186,0.12184741369043058,0.28594809770584106,0.002772219546716236,2.025332507049104
05,71,1,0.11794019933554817,0.12246512095416642,0.2906363010406494,0.0027453504351943204,2.276919063207725
05,72,1,0.11960132890365449,0.12315004446388994,0.28850898146629333,0.0026225372966766514,2.1209913996649132
05,73,1,0.1212624584717608,0.12389720615195789,0.2930873930454254,0.0024975199108937685,2.336126481612213
05,74,1,0.12292358803986711,0.12455036488432529,0.2913185656070709,0.002534063603960789,2.2493740712971766
05,75,1,0.12458471760797342,0.12501044389718005,0.2651033103466034,0.0027497223895796997,0.8628027718085483
05,76,1,0.12624584717607973,0.1253751224390348,0.2655928432941437,0.0030213745834783857,0.9739842848083138
05,77,1,0.12790697674418605,0.12596866727380177,0.26479461789131165,0.0029840992424976388,0.9182009850574736
05,78,1,0.12956810631229235,0.1263437589867579,0.26877516508102417,0.0031268728100024724,1.1830410992152136
05,79,1,0.13122923588039867,0.12708363656568247,0.26986193656921387,0.0028353437566859974,1.1530954850584672
05,80,1,0.132890365448505,0.12817297520656667,0.2655860483646393,0.0022643032829274146,0.7393860277610791
05,81,1,0.1345514950166113,0.12915314273129405,0.26583901047706604,0.001983598950083003,0.6665655739121882
05,82,1,0.1362126245847176,0.1300272438257071,0.2626670002937317,0.0019056167200430397,0.46659325958857867
05,83,1,0.1378737541528239,0.13018171732428416,0.2617814540863037,0.0026720144312033112,0.6546083149542177
05,84,1,0.13953488372093023,0.13152463976160086,0.2638731598854065,0.0021036121835370115,0.5947144976984747
05,85,1,0.14119601328903655,0.13228444152811009,0.2642907202243805,0.0021817265557863164,0.6420296382379378
05,86,1,0.14285714285714285,0.13387894131060435,0.26792728900909424,0.001370051472496069,0.5925147971566949
05,87,1,0.14451827242524917,0.1353733994236109,0.2657790780067444,0.0008385177307138491,0.30897961982005856
05,88,1,0.1461794019933555,0.1368355049590109,0.2661096751689911,0.0006743327201454862,0.27651158021252936
05,89,1,0.1478405315614618,0.1383424358941053,0.26293426752090454,0.0004951180844036551,0.04503179340036034
05,90,1,0.14950166112956811,0.1404590895870225,0.2636575698852539,0.00021639283954470528,-0.0011021856075114078
05,91,1,0.1511627906976744,0.14290976320121598,0.26417863368988037,0.0009126735621037397,0.24319822751119013
05,92,1,0.15282392026578073,0.1458776187600458,0.26377564668655396,0.0019964381765322625,0.5561513406782386
05,93,1,0.15448504983388706,0.14825311961358673,0.2666655480861664,0.002111410579814439,0.7519283928434282
05,94,1,0.15614617940199335,0.15094308004535023,0.2644398510456085,0.002323700081707609,0.6942205364966506
05,95,1,0.15780730897009967,0.15345258158003636,0.2636675536632538,0.0022122040018117805,0.6169123055196575
05,96,1,0.15946843853820597,0.15633283323596242,0.26505035161972046,0.0024567510630327926,0.7692278827726675
05,97,1,0.1611295681063123,0.15823081832075467,0.2656499743461609,0.001740932528845841,0.5810102357087583
05,98,1,0.16279069767441862,0.16146261271130333,0.26381492614746094,0.0024783022426025213,0.7074072425875014
05,99,1,0.1644518272425249,0.16459807010717006,0.2659982442855835,0.0029838764719809906,0.9848573348993261
05,100,1,0.16611295681063123,0.16719523234347541,0.26207026839256287,0.0027946665765029143,0.7085652079383553
05,101,1,0.16777408637873753,0.17129675809261652,0.2645719349384308,0.004180592548765806,1.2760254202000247
05,102,1,0.16943521594684385,0.17444003749548867,0.26719430088996887,0.004057387008672487,1.383284016807548
05,103,1,0.17109634551495018,0.17739426502145486,0.2684500813484192,0.003767258338592329,1.363140978037308
05,104,1,0.17275747508305647,0.18079339513201037,0.2655671238899231,0.003967339720576625,1.2652197370741056
05,105,1,0.1744186046511628,0.18414750261323648,0.26592639088630676,0.003921906504668988,1.2710803127171424
05,106,1,0.1760797342192691,0.18772789209128934,0.26001155376434326,0.004289609852566835,1.0569398063000546
05,107,1,0.1777408637873754,0.19111795799574294,0.2544361352920532,0.004357712108070301,0.7689254744250686
05,108,1,0.17940199335548174,0.19348749194466863,0.25502774119377136,0.0032963228134239696,0.47335124348918745
05,109,1,0.18106312292358803,0.19732496762121707,0.25719377398490906,0.003960274286807853,0.7988416012693093
05,110,1,0.18272425249169436,0.200842566817081,0.2576409578323364,0.004183507230676632,0.892695539123057
05,111,1,0.18438538205980065,0.20437295748975512,0.2601419985294342,0.004435229221902854,1.109222753734924
05,112,1,0.18604651162790697,0.20779460841652325,0.2571543753147125,0.0045431302751679625,0.9769805617988713
05,113,1,0.1877076411960133,0.2115210971253459,0.2568855285644531,0.004692839866026933,1.0083934671374717
05,114,1,0.1893687707641196,0.21432234993251262,0.2561337351799011,0.003945060297161419,0.7353694954093061
05,115,1,0.19102990033222592,0.2182993102257864,0.2533893883228302,0.0045520748115773346,0.771028744797431
05,116,1,0.19269102990033224,0.22113614776643248,0.2519634962081909,0.0039073241682155545,0.4925097871041069
05,117,1,0.19435215946843853,0.2239580363880674,0.25557780265808105,0.0033938279523731806,0.534010916529414
05,118,1,0.19601328903654486,0.2271122262088202,0.2562158405780792,0.0034387829574455808,0.5832898477061301
05,119,1,0.19767441860465115,0.22979328789269318,0.25346314907073975,0.0029223755722416877,0.27092393726092884
05,120,1,0.19933554817275748,0.2324553493389277,0.25268855690956116,0.0027109426017495174,0.1625701677358502
05,121,1,0.2009966777408638,0.23526623412951364,0.25178778171539307,0.0026920269992116285,0.10678193731559271
05,122,1,0.2026578073089701,0.23765948756709185,0.25929707288742065,0.0022582310014283135,0.38886632927792886
05,123,1,0.20431893687707642,0.24022598876951484,0.25889453291893005,0.002187916864283391,0.3447970958158638
05,124,1,0.2059800664451827,0.24282878768789784,0.2589194178581238,0.0021825405634609673,0.34451332698308273
05,125,1,0.20764119601328904,0.24457829342644505,0.2608778178691864,0.0013386867147656533,0.19201065778854826
05,126,1,0.20930232558139536,0.24658140777786938,0.26182863116264343,0.001013786241957122,0.14420354895554371
05,127,1,0.21096345514950166,0.24831446114774303,0.25887778401374817,0.0005163595591363546,-0.17327526759890327
05,128,1,0.21262458471760798,0.24972395997440391,0.25745248794555664,0.0001744040835474518,-0.35808287388571114
05,129,1,0.21428571428571427,0.2512479985032468,0.2591317296028137,0.00029601425154342383,-0.22736741716137654
05,130,1,0.2159468438538206,0.2530029181355245,0.2607230842113495,0.0002370842699700406,-0.15737937950006398
05,131,1,0.21760797342192692,0.2540642184653907,0.2621849775314331,0.0007525981480137489,0.0831522981608207
05,132,1,0.21926910299003322,0.25530008003344845,0.263825923204422,0.0009541759093679036,0.23648499809695372
05,133,1,0.22093023255813954,0.25668741537024703,0.2604793608188629,0.0009608705873304523,0.053033270443862135
05,134,1,0.22259136212624583,0.2569302305022012,0.2586173117160797,0.0020779096721263036,0.29539496447542773
05,135,1,0.22425249169435216,0.2585904383085441,0.26211753487586975,0.0013995299574526155,0.27956026821304525
05,136,1,0.22591362126245848,0.2600305859730236,0.263414204120636,0.001090937253761486,0.25597160080941633
05,137,1,0.22757475083056478,0.2619406918519931,0.2635164260864258,0.00046961436453551574,0.06941453536150549
05,138,1,0.2292358803986711,0.26345762387481886,0.26389873027801514,0.00017557103892421424,-0.0003623967958910068
05,139,1,0.23089700996677742,0.2649266511546011,0.26477453112602234,0.00032266602066867596,0.09369727562560559
05,140,1,0.23255813953488372,0.2651978204118391,0.2653665840625763,0.0016355499749449599,0.5326968734411153
05,141,1,0.23421926910299004,0.2662505190668388,0.2643103301525116,0.0018746599296491518,0.5481169453625295
05,142,1,0.23588039867109634,0.2668223052083504,0.2591930627822876,0.002380330591848988,0.42087532101340036
05,143,1,0.23754152823920266,0.2672376633828501,0.26598528027534485,0.0028061427507321147,0.9291516625020073
05,144,1,0.23920265780730898,0.2682283964072705,0.2626613676548004,0.002393162783373969,0.6171172632900486
05,145,1,0.24086378737541528,0.2697017916502698,0.2607661485671997,0.0016774115392324974,0.2906142331132552
05,146,1,0.2425249169435216,0.270319039429999,0.265372633934021,0.001922981905361042,0.6219575127846722
05,147,1,0.2441860465116279,0.2717616889218726,0.26156654953956604,0.0013545159688996434,0.23508901088053086
05,148,1,0.24584717607973422,0.273392738273859,0.2593947649002075,0.000854473001668814,-0.0400104469823086
05,149,1,0.24750830564784054,0.2745697289214021,0.258775919675827,0.0009685678207729131,-0.03901880264881008
05,150,1,0.24916943521594684,0.27591978442333015,0.25634220242500305,0.0008354966366279237,-0.215105810434379
05,151,1,0.25083056478405313,0.2768993012037297,0.25843310356140137,0.0012561661045611284,0.030953267354066505
05,152,1,0.25249169435215946,0.27796726773568176,0.257587194442749,0.0014726026430733497,0.051019527420822136
05,153,1,0.2541528239202658,0.2782741342563162,0.2557545304298401,0.0023093684878945798,0.20829972992788137
05,154,1,0.2558139534883721,0.2787183277548222,0.25753360986709595,0.0027912763231171134,0.45601822416134685
05,155,1,0.2574750830564784,0.2799916015405834,0.25869089365005493,0.0022176383702289127,0.3427031680856379
05,156,1,0.2591362126245847,0.2815620524881974,0.25767841935157776,0.0014202625068283504,0.0398838383534926
05,157,1,0.260797342192691,0.2829335041932859,0.25731000304222107,0.0009475069898688004,-0.12680038851233474
05,158,1,0.26245847176079734,0.2848418717478301,0.2559281587600708,0.0003092692622041162,-0.4008625166448607
05,159,1,0.26411960132890366,0.2868146111283428,0.2586643397808075,0.00023787146269370178,-0.27126616977629575
05,160,1,0.26578073089701,0.2886881711317181,0.26494765281677246,0.00040567906912915123,0.1289770495663604
05,161,1,0.26744186046511625,0.2904580096293699,0.2631228268146515,0.00039398790590082337,0.024197428126341347
05,162,1,0.2691029900332226,0.2925940314437238,0.26184985041618347,0.0006488833612337109,0.032486779554213696
05,163,1,0.2707641196013289,0.294878653282492,0.26131364703178406,0.000995465276028491,0.10998633221900223
05,164,1,0.2724252491694352,0.29634439250872147,0.2612698972225189,0.0005612207852409055,-0.026784920002211277
05,165,1,0.27408637873754155,0.29868495439025944,0.2612621486186981,0.0008717005010077506,0.06884126394981033
05,166,1,0.2757475083056478,0.3006017258895044,0.2619372308254242,0.0007317358100303162,0.06296363982971326
05,167,1,0.27740863787375414,0.3022556368190096,0.26183679699897766,0.00040566409797277304,-0.04348366667066067
05,168,1,0.27906976744186046,0.30358367717426077,0.26114994287490845,0.00035653899501757777,-0.09675895355321973
05,169,1,0.2807308970099668,0.3056006429555541,0.25987106561660767,0.00014718278599845658,-0.23242620107955914
05,170,1,0.2823920265780731,0.30738654657118464,0.2604576051235199,0.00013481908612728813,-0.2037353540743292
05,171,1,0.2840531561461794,0.3085519524259959,0.26011359691619873,0.00039915562718119575,-0.14102605254734485
05,172,1,0.2857142857142857,0.3099079833944122,0.2593367099761963,0.0006172035605115244,-0.1166348886141052
05,173,1,0.287375415282392,0.31102236563437125,0.26121586561203003,0.0010838978755903384,0.1319247803006191
05,174,1,0.28903654485049834,0.31220769062412407,0.2665099799633026,0.0012540035555417984,0.47804090321875004
05,175,1,0.29069767441860467,0.31367554886936766,0.2562156915664673,0.0009914313235330641,-0.17387633917076914
05,176,1,0.292358803986711,0.31445465469517553,0.25367215275764465,0.0014932246085681434,-0.15963810564270017
05,177,1,0.29401993355481726,0.3148230087406108,0.2508975565433502,0.002261538388323674,-0.07575326431599912
05,178,1,0.2956810631229236,0.31583981116762855,0.2535511255264282,0.0021948967378658413,0.050734780586282946
05,179,1,0.2973421926910299,0.31631048827797736,0.250530481338501,0.0026322497633931453,0.018587359608011167
05,180,1,0.29900332225913623,0.31700134007130215,0.2531052231788635,0.0026001328222207565,0.15138667713005816
05,181,1,0.30066445182724255,0.31755605033805734,0.25072500109672546,0.0026820938994972666,0.04479162760536212
05,182,1,0.3023255813953488,0.31814619649382214,0.2484598606824875,0.0027752081430940812,-0.05197310575174374
05,183,1,0.30398671096345514,0.31904223950558724,0.24950380623340607,0.002455761462877364,-0.09292996842880219
05,184,1,0.30564784053156147,0.31956184714577524,0.2482077032327652,0.0026190916295918566,-0.11425101297700763
05,185,1,0.3073089700996678,0.31991794398184537,0.24744731187820435,0.0029031215621399976,-0.06853197498996155
05,186,1,0.3089700996677741,0.3209418770115384,0.2527809739112854,0.002469661943393946,0.09304643320091058
05,187,1,0.3106312292358804,0.3209915174646424,0.25029441714286804,0.0031189416197190557,0.15607268765022123
05,188,1,0.3122923588039867,0.3213288525540339,0.2521388530731201,0.0032689260200913658,0.3047243733358151
05,189,1,0.313953488372093,0.32165961958218225,0.2515043020248413,0.003379910344007629,0.30388301580799426
05,190,1,0.31561461794019935,0.32159696245204705,0.24825480580329895,0.0038779863742270534,0.27783514707124113
05,191,1,0.31727574750830567,0.3209968301688233,0.24870501458644867,0.004641890017577964,0.5391286565285082
05,192,1,0.31893687707641194,0.3220034335241278,0.2489396184682846,0.0036366148383186903,0.24112385357476585
05,193,1,0.32059800664451826,0.3226962009165541,0.24762627482414246,0.00311249268841589,0.006164089735336442
05,194,1,0.3222591362126246,0.32319011150912,0.24616481363773346,0.00287772742944291,-0.14748605103404144
05,195,1,0.3239202657807309,0.3240957300294478,0.24604760110378265,0.0023703961733833757,-0.3109413184580608
05,196,1,0.32558139534883723,0.3258303547565356,0.2447969764471054,0.0014289123403606286,-0.6715468611756656
05,197,1,0.3272425249169435,0.32688683315044914,0.2504705488681793,0.001310748325640142,-0.3935792133170829
05,198,1,0.3289036544850498,0.32788687106692904,0.2514185309410095,0.0013583684676340014,-0.32629341492384045
05,199,1,0.33056478405315615,0.32801601602234337,0.25272953510284424,0.002403413401671899,0.069698954003415
05,200,1,0.33222591362126247,0.3293898784390239,0.2521494925022125,0.002009622483215222,-0.08428722297281425
05,201,1,0.3338870431893688,0.3303586947059674,0.2493564635515213,0.0019306871368938317,-0.2635448806903719
05,202,1,0.33554817275747506,0.3312649560750002,0.24955087900161743,0.0018923911567405739,-0.26461505031718185
05,203,1,0.3372093023255814,0.33300175206999466,0.24942144751548767,0.0010196179766261927,-0.5418075647424736
05,204,1,0.3388704318936877,0.33511040564869826,0.24845241010189056,0.0005682591192690663,-0.7351686748377397
05,205,1,0.34053156146179403,0.3369751904265374,0.24813294410705566,0.000384094006702287,-0.8098555895031224
05,206,1,0.34219269102990035,0.3389260764385427,0.2524149417877197,0.0005935182103102133,-0.5076837336733728
05,207,1,0.3438538205980066,0.3414525167733987,0.25679537653923035,0.0012046784542805566,-0.07576635040031335
05,208,1,0.34551495016611294,0.34332959428279297,0.2607530951499939,0.0009690647878238379,0.07074335205222759
05,209,1,0.34717607973421927,0.3458384933522734,0.25744545459747314,0.0014231666987805768,0.02786749793250487
05,210,1,0.3488372093023256,0.3477031650327573,0.258012980222702,0.0010720126478304514,-0.04931016852143716
05,211,1,0.3504983388704319,0.3494789636956308,0.2594790756702423,0.0006535391621503417,-0.09750112811891826
05,212,1,0.3521594684385382,0.3507365969676009,0.2572575807571411,0.0004033549003016533,-0.2980554613217441
05,213,1,0.3538205980066445,0.35297027807428255,0.2568444013595581,0.00028649113904206773,-0.35711596325332473
05,214,1,0.3554817275747508,0.35500577891927226,0.2575759291648865,0.0005390458035294932,-0.23842737933480015
05,215,1,0.35714285714285715,0.3570037522540153,0.2570071518421173,0.0007113656666437996,-0.21664655209501754
05,216,1,0.3588039867109635,0.35837036594425775,0.2586500942707062,0.00037787116358108314,-0.22874300162845307
05,217,1,0.36046511627906974,0.36041582951883,0.2569654881954193,0.00033380354769819824,-0.33576584802197607
05,218,1,0.36212624584717606,0.3619149929971788,0.26028314232826233,0.00016196279269385086,-0.20500934531584536
05,219,1,0.3637873754152824,0.36357897639113496,0.25793084502220154,0.00014935688014401421,-0.3393133243629737
05,220,1,0.3654485049833887,0.36471340722169376,0.2581269443035126,0.0006011161643314932,-0.1886775953509548
05,221,1,0.36710963455149503,0.36588486514942803,0.2641884982585907,0.001015418555956259,0.27553217817046294
05,222,1,0.3687707641196013,0.36777173598107493,0.26324406266212463,0.0005903456131472708,0.09166721187764126
05,223,1,0.3704318936877076,0.3692680016115615,0.2572825253009796,0.00046372674744631244,-0.2779948638432538
05,224,1,0.37209302325581395,0.370645091545588,0.2580396234989166,0.0005088931185264367,-0.2220502123820278
05,225,1,0.37375415282392027,0.370983211755553,0.2591870427131653,0.0016536939895349812,0.19573586044434504
05,226,1,0.3754152823920266,0.37217535737002316,0.2540678083896637,0.001736135026596074,-0.06255294332608569
05,227,1,0.3770764119601329,0.3729686849759328,0.25276273488998413,0.0020437127679235213,-0.039744188954132106
05,228,1,0.3787375415282392,0.3734752794718723,0.25796714425086975,0.002462289113076792,0.3782704472792939
05,229,1,0.3803986710963455,0.3743771878699916,0.2567712068557739,0.0022679276965286033,0.2518401915866547
05,230,1,0.38205980066445183,0.3748952099757435,0.25491663813591003,0.002598399619386337,0.25126962236144956
05,231,1,0.38372093023255816,0.37571145928782884,0.2460424304008484,0.0024621134587310845,-0.2828526117615218
05,232,1,0.3853820598006645,0.37695318972284403,0.24764157831668854,0.0019060766016899145,-0.3662267066445337
05,233,1,0.38704318936877075,0.37786174669922035,0.24410708248615265,0.0018669971880565673,-0.5742583935772558
05,234,1,0.38870431893687707,0.37907428874981797,0.24530823528766632,0.0015255948447660417,-0.6132927892550278
05,235,1,0.3903654485049834,0.38026893814751317,0.24502478539943695,0.0013757151405895274,-0.6753759164903843
05,236,1,0.3920265780730897,0.3821851938907553,0.242928147315979,0.0007080605492545646,-0.9981649144409195
05,237,1,0.39368770764119604,0.3836663686888608,0.24562840163707733,0.0004265777575446255,-0.9355560064129329
05,238,1,0.3953488372093023,0.38494854015238955,0.24630232155323029,0.0005946393900221214,-0.8462013488247226
05,239,1,0.39700996677740863,0.3870489772476937,0.24930647015571594,0.0001640872583779609,-0.8128643411335987
05,240,1,0.39867109634551495,0.38826942210889953,0.24820785224437714,0.0004373300592001461,-0.789232828485203
05,241,1,0.4003322259136213,0.3901803750253765,0.2513390779495239,0.000223242353451328,-0.6818816301515807
05,242,1,0.4019933554817276,0.39108869274124813,0.2488747239112854,0.0007676180655165498,-0.6500795549211584
05,243,1,0.40365448504983387,0.3928264431255162,0.24803446233272552,0.0005848845859622267,-0.7531948260160616
05,244,1,0.4053156146179402,0.39544764595050536,0.2455241084098816,0.0006119305270704101,-0.8839935377310877
05,245,1,0.4069767441860465,0.39784734949497613,0.24607765674591064,0.0012170781111397033,-0.6660869159046537
05,246,1,0.40863787375415284,0.4001036879217097,0.24310901761054993,0.0015566729204733575,-0.7255956282019109
05,247,1,0.41029900332225916,0.40206693244161806,0.24193987250328064,0.0012661686452663645,-0.8802851349143154
05,248,1,0.4119601328903654,0.4040202995574436,0.2436310350894928,0.0009094134320664205,-0.89690477335022
05,249,1,0.41362126245847175,0.40676584483826134,0.246133491396904,0.0015117953111496007,-0.5718124589843656
05,250,1,0.4152823920265781,0.40873934887469376,0.24592745304107666,0.0012556755117607132,-0.6624725328538007
05,251,1,0.4169435215946844,0.410449022576076,0.24616514146327972,0.0008064339748969485,-0.7882814959976623
05,252,1,0.4186046511627907,0.41137686597511464,0.2456643283367157,0.0006439426299745175,-0.8663163292991947
05,253,1,0.420265780730897,0.4131305689694062,0.2443847507238388,0.00047463883231590586,-0.9896310481774551
05,254,1,0.4219269102990033,0.41443237235162766,0.24552501738071442,0.0007360614203698756,-0.8455397202714405
05,255,1,0.42358803986710963,0.4150781022364969,0.24456411600112915,0.0015135874047341336,-0.6582592709430487
05,256,1,0.42524916943521596,0.416177983745244,0.2479003369808197,0.001570975811092239,-0.4555549112209516
05,257,1,0.4269102990033223,0.4177777078617436,0.24829581379890442,0.0011715311371249416,-0.5572105031435785
05,258,1,0.42857142857142855,0.4196840516855067,0.25121381878852844,0.0005864886145541933,-0.5764450291945398
05,259,1,0.43023255813953487,0.4210524403074346,0.24860885739326477,0.0003715032479880853,-0.7873677601413591
05,260,1,0.4318936877076412,0.42169157343700236,0.24593938887119293,0.0012259546361547292,-0.671005847177806
05,261,1,0.4335548172757475,0.4224809606705616,0.2508320212364197,0.0018149648255350748,-0.21754658570703467
05,262,1,0.43521594684385384,0.4238631877150384,0.24792897701263428,0.0016085509832628065,-0.4423422481160602
05,263,1,0.4368770764119601,0.4246519211143517,0.24860021471977234,0.0018646015913324366,-0.3259143883389826
05,264,1,0.43853820598006643,0.42491719550420043,0.2516234815120697,0.0024991974032129317,0.03801632250619158
05,265,1,0.44019933554817275,0.4252674542371876,0.2515075206756592,0.0029553441870253257,0.1727098158160734
05,266,1,0.4418604651162791,0.4257693996659066,0.2478858381509781,0.003150022149962838,0.03216427378161374
05,267,1,0.4435215946843854,0.42664091847677943,0.2523263692855835,0.0027550563268070195,0.15613945959180686
05,268,1,0.44518272425249167,0.42750425190817526,0.2508704960346222,0.0023889722360181265,-0.037828124026262344
05,269,1,0.446843853820598,0.42826207313715964,0.2451706975698471,0.002277915108027455,-0.38816574994120945
05,270,1,0.4485049833887043,0.4288876411291519,0.2428840696811676,0.002401001841028193,-0.476848838267952
05,271,1,0.45016611295681064,0.4298314805602635,0.24166063964366913,0.0022367227757279385,-0.5954963677072063
05,272,1,0.45182724252491696,0.43066831777902287,0.2444612979888916,0.002197526077839589,-0.45236327246013874
05,273,1,0.45348837209302323,0.43096603041773857,0.2480768859386444,0.0026908299068357667,-0.09930883414878425
05,274,1,0.45514950166112955,0.43155837363044325,0.2456633299589157,0.002774476014275844,-0.20723049828298665
05,275,1,0.4568106312292359,0.43206093616350744,0.24259960651397705,0.0029395966065344937,-0.32598895423073987
05,276,1,0.4584717607973422,0.43268040664910945,0.24048006534576416,0.0028774900217434663,-0.46270410608724954
05,277,1,0.4601328903654485,0.433178400038494,0.24252457916736603,0.0028825188498805433,-0.3478068644262638
05,278,1,0.46179401993355484,0.4338647404533164,0.242562934756279,0.002749270840246997,-0.38690461749272304
05,279,1,0.4634551495016611,0.43491295073619085,0.23943184316158295,0.0022776522630908614,-0.706391148027255
05,280,1,0.46511627906976744,0.43643796753494907,0.24418266117572784,0.0014656391075035125,-0.6942401007038899
05,281,1,0.46677740863787376,0.4375539548898769,0.25241562724113464,0.001289041974035553,-0.29246565013951814
05,282,1,0.4684385382059801,0.43861570767730496,0.25462108850479126,0.0013211778994532287,-0.16025963482642602
05,283,1,0.4700996677740864,0.4392767506898768,0.2575214207172394,0.0018478766928785185,0.16347495322703703
05,284,1,0.4717607973421927,0.4402148319226578,0.2570655345916748,0.002000745448518986,0.18549636013476603
05,285,1,0.473421926910299,0.4411227880117647,0.2571617066860199,0.0020370054563393237,0.20204590532027936
05,286,1,0.4750830564784053,0.44227487904279705,0.2584182918071747,0.0017771227057788875,0.19130491110303757
05,287,1,0.47674418604651164,0.4432585295418702,0.2573237121105194,0.0017082650480787376,0.10932177016971437
05,288,1,0.47840531561461797,0.44399798797505435,0.25727608799934387,0.001964251327892951,0.18587828479385557
05,289,1,0.48006644518272423,0.44457688526108646,0.2581881582736969,0.0023311430549599766,0.3499490031589731
05,290,1,0.48172757475083056,0.4449052267695403,0.25978565216064453,0.002866325858836576,0.6040830930822049
05,291,1,0.4833887043189369,0.4456195206772926,0.25743889808654785,0.002809618882770164,0.45644249346599663
05,292,1,0.4850498338870432,0.4462975407249333,0.2563208341598511,0.0027218466189850455,0.3673056884521807
05,293,1,0.4867109634551495,0.447213375112819,0.2578407824039459,0.0023809004185690198,0.34608543250031604
05,294,1,0.4883720930232558,0.4476723451908338,0.25763779878616333,0.002581052803487348,0.3967554981247948
05,295,1,0.4900332225913621,0.44811549872866524,0.25795069336891174,0.0028296788709793064,0.49102094651688566
05,296,1,0.49169435215946844,0.4500910934234,0.25967732071876526,0.0016169796018201078,0.21155669312296693
05,297,1,0.49335548172757476,0.4533475049970607,0.2613033354282379,0.0011584655063753913,0.15984345262239547
05,298,1,0.4950166112956811,0.4570984469712971,0.2618259787559509,0.0030473542131322765,0.7731986737693273
05,299,1,0.49667774086378735,0.4622554598618242,0.26025351881980896,0.0058478416585435854,1.5524369757764303
05,300,1,0.4983388704318937,0.46739498916453687,0.2611596882343292,0.007452380677966481,2.0990820058689232
05,301,1,0.5,0.473714045325972,0.2673746347427368,0.00944546290411742,3.0602358851137885
05,302,1,0.5016611295681063,0.48012965144697495,0.2828100919723511,0.010769433942892549,4.3255373427685075
05,303,1,0.5033222591362126,0.4860829509571452,0.29215213656425476,0.010964932334143347,4.9039139739756035
05,304,1,0.5049833887043189,0.49188165505419384,0.3076804280281067,0.01080676365736173,5.715819739354552
05,305,1,0.5066445182724253,0.4978181464651047,0.3282521367073059,0.010621588595858307,6.798961534372605
05,306,1,0.5083056478405316,0.5044748143989222,0.33760446310043335,0.011252231244892648,7.512532425004435
05,307,1,0.5099667774086378,0.5101486382094419,0.344730943441391,0.010839764317425516,7.779993741109418
05,308,1,0.5116279069767442,0.5141497598022216,0.34679722785949707,0.008824464097131042,7.27105154818809
05,309,1,0.5132890365448505,0.5172511003338778,0.34414342045783997,0.006358778441780328,6.36110271584184
05,310,1,0.5149501661129569,0.5199370299127553,0.33438247442245483,0.004186469553464535,5.147920878242524
05,311,1,0.5166112956810631,0.52254241642212,0.3176850378513336,0.002926302184370967,3.8323987283450642
05,312,1,0.5182724252491694,0.5254700777186027,0.32245072722435,0.0027555189276841485,4.043756927964637
05,313,1,0.5199335548172758,0.5293549717603332,0.34065255522727966,0.003810333490319408,5.379146079043861
05,314,1,0.521594684385382,0.5354005195830545,0.36059296131134033,0.006829913456426818,7.41877267534542
05,315,1,0.5232558139534884,0.5439341177241692,0.3682442307472229,0.01149763917996678,9.287028927578634
05,316,1,0.5249169435215947,0.5548684939343422,0.2732006311416626,0.01708409006462748,5.746437695900991
05,317,1,0.526578073089701,0.5670494372556631,0.26402509212493896,0.0219154293320135,6.732487000415048
05,318,1,0.5282392026578073,0.5797518610068586,0.2625039517879486,0.02519423670937647,7.662552192989934
05,319,1,0.5299003322259136,0.5904842529752898,0.26529136300086975,0.024838793321856664,7.707110988957455
05,320,1,0.53156146179402,0.5979196315011687,0.263333261013031,0.020636638034955343,6.298503548103993
05,321,1,0.5332225913621262,0.6028629048902354,0.26424098014831543,0.014817127032315481,4.548393185816574
05,322,1,0.5348837209302325,0.6059855331595274,0.26533761620521545,0.008986388392964407,2.8052821956619445
05,323,1,0.5365448504983389,0.6085057601252104,0.2621239423751831,0.004948197320480198,1.377796791209215
05,324,1,0.5382059800664452,0.6096737656844085,0.2643137276172638,0.0018757197472340547,0.5486331748994018
05,325,1,0.5398671096345515,0.6099125313157103,0.26310697197914124,0.0012181692965075241,0.2783024708662212
05,326,1,0.5415282392026578,0.6100747369902011,0.26314789056777954,0.0026891427541879272,0.735658400039537
05,327,1,0.5431893687707641,0.609739664617339,0.2657872438430786,0.00404651608471847,1.301917959640205
05,328,1,0.5448504983388704,0.6099941128277668,0.26371487975120544,0.004100543997322752,1.2037476710179962
05,329,1,0.5465116279069767,0.6100797862487776,0.26076820492744446,0.004094957362151612,1.0386648809417172
05,330,1,0.5481727574750831,0.6102056676679615,0.26185342669487,0.004010889676234518,1.0728174374315216
05,331,1,0.5498338870431894,0.6099497622485495,0.2618410289287567,0.004299527765086618,1.1614285571010736
05,332,1,0.5514950166112956,0.6097495557328216,0.26625335216522217,0.004552258688617071,1.4842234199161375
05,333,1,0.553156146179402,0.6092421740531762,0.2699023187160492,0.004998501094526252,1.8245684716315258
05,334,1,0.5548172757475083,0.6091581920335152,0.2666480243206024,0.004873080065286877,1.6053580352581585
05,335,1,0.5564784053156147,0.609445343896462,0.2614690661430359,0.004324059293728493,1.1483976345219946
05,336,1,0.5581395348837209,0.6095201047770531,0.2619352340698242,0.0041231938251155165,1.1120970683515272
05,337,1,0.5598006644518272,0.6102694247271461,0.26942574977874756,0.0033165111360804068,1.2777774901695318
05,338,1,0.5614617940199336,0.6102013675106539,0.26710277795791626,0.003641381021065053,1.2495069729475463
05,339,1,0.5631229235880398,0.6107912842875849,0.2609148323535919,0.003312258113418747,0.8046431422140589
05,340,1,0.5647840531561462,0.6114575471506989,0.26390111446380615,0.0029824803480854745,0.8681671078138306
05,341,1,0.5664451827242525,0.6119869236611835,0.2651032507419586,0.0029374644310123533,0.9208828147416859
05,342,1,0.5681063122923588,0.6128076187164675,0.26449933648109436,0.0025461441092376625,0.7663376172766474
05,343,1,0.5697674418604651,0.6135002680621735,0.2605222463607788,0.0025050575649850516,0.5331489287881974
05,344,1,0.5714285714285714,0.6142257109882954,0.2615192234516144,0.0024568605825103385,0.5735071009976094
05,345,1,0.5730897009966778,0.6143723753926074,0.259184330701828,0.0030022371375974678,0.612795743094268
05,346,1,0.574750830564784,0.6147709746295662,0.2625569701194763,0.0032000008334946025,0.8609481203038332
05,347,1,0.5764119601328903,0.6158654036278897,0.26575353741645813,0.0025964108134458198,0.8514180178678074
05,348,1,0.5780730897009967,0.6168364190401021,0.2624482810497284,0.002216679292662409,0.5507042166541306
05,349,1,0.579734219269103,0.6176045714142555,0.26459845900535583,0.002101203931460698,0.6341777435111525
05,350,1,0.5813953488372093,0.6181447937876745,0.26370975375175476,0.002369030563453738,0.6677705091113102
05,351,1,0.5830564784053156,0.6182754873852716,0.26427024602890015,0.0030817917553837156,0.9193554155651225
05,352,1,0.584717607973422,0.6190475735068023,0.2678890526294708,0.002912226573198522,1.0675108793049823
05,353,1,0.5863787375415282,0.6196748670180035,0.26641398668289185,0.002837721678672399,0.9626876411250085
05,354,1,0.5880398671096345,0.6209325792769378,0.2639809250831604,0.002097583320675044,0.5988234616657047
05,355,1,0.5897009966777409,0.6214166842445012,0.26304081082344055,0.002310424725427406,0.6125550273186318
05,356,1,0.5913621262458472,0.6218352741580543,0.2641635239124298,0.002677134026681781,0.7882466836967414
05,357,1,0.5930232558139535,0.6221645298299727,0.2587112486362457,0.003044803517576343,0.5997386798342264
05,358,1,0.5946843853820598,0.6226592257546428,0.2562482953071594,0.003172523295898554,0.5027140269261212
05,359,1,0.5963455149501661,0.6231042714439508,0.26182225346565247,0.0031591392260168927,0.8075760326294714
05,360,1,0.5980066445182725,0.6234792172416778,0.2659743130207062,0.0032060902281522575,1.0522788145751334
05,361,1,0.5996677740863787,0.6244021186268252,0.26589399576187134,0.002694174613910737,0.8894506036622702
05,362,1,0.6013289036544851,0.625090680254808,0.25166285037994385,0.0025650101851410357,0.06055986737259013
05,363,1,0.6029900332225914,0.625815362163818,0.2500005066394806,0.0024481919011723353,-0.06773631607936303
05,364,1,0.6046511627906976,0.6263446911481678,0.24689188599586487,0.0025966355967892586,-0.19414320474951233
05,365,1,0.606312292358804,0.6282222878613116,0.24371418356895447,0.0015253092822048965,-0.701750361219822
05,366,1,0.6079734219269103,0.6299502739518772,0.24945597350597382,0.0007825587215565651,-0.6132345839469736
05,367,1,0.6096345514950167,0.6320657251885191,0.2523946166038513,0.0005084934602399084,-0.5351153259416569
05,368,1,0.6112956810631229,0.6342102172169574,0.2523546516895294,0.0008199905063135516,-0.44096037304408686
05,369,1,0.6129568106312292,0.6358880165276956,0.24737492203712463,0.0005414050791202372,-0.8032092940220983
05,370,1,0.6146179401993356,0.6374388403630462,0.24183030426502228,0.0003227657817942035,-1.1782277972209905
05,371,1,0.6162790697674418,0.6394298135005578,0.24734701216220856,0.00028463150332839863,-0.8841967482370083
05,372,1,0.6179401993355482,0.6411641346755877,0.24758419394493103,0.00017793060034863699,-0.9040590975683007
05,373,1,0.6196013289036545,0.6438437096796699,0.24710920453071594,0.0011190262397731531,-0.6392362826038526
05,374,1,0.6212624584717608,0.6459641328926804,0.2491270899772644,0.0012505261647901122,-0.4866877989009633
05,375,1,0.6229235880398671,0.6485272763627966,0.24670147895812988,0.001682346502497779,-0.4875601427942706
05,376,1,0.6245847176079734,0.6500924574111758,0.24690812826156616,0.0010394677457626665,-0.6749970058464654
05,377,1,0.6262458471760798,0.6517400097618707,0.25101417303085327,0.0005051799311355957,-0.6126679203071205
05,378,1,0.627906976744186,0.6534172453625849,0.2509993314743042,0.00023917641413319965,-0.6957864531341614
05,379,1,0.6295681063122923,0.6549317634441486,0.24976271390914917,0.00025696595363329685,-0.7588369496919787
05,380,1,0.6312292358803987,0.6570045286615285,0.2537631690502167,0.0002146774934085727,-0.5501474098478523
05,381,1,0.632890365448505,0.6577479770906374,0.2523866891860962,0.0007698918900706941,-0.45468374846454523
05,382,1,0.6345514950166113,0.658505024914013,0.24986982345581055,0.0015148358988867506,-0.36374124206679204
05,383,1,0.6362126245847176,0.6588294939874451,0.24939025938510895,0.00246231171331167,-0.09719814286486309
05,384,1,0.6378737541528239,0.6594644663107889,0.24949026107788086,0.00280177202579192,0.013367352335710542
05,385,1,0.6395348837209303,0.6597417358291731,0.25324419140815735,0.0031394869197228937,0.32595519001278805
05,386,1,0.6411960132890365,0.6599081827874618,0.2459319680929184,0.0034714796460681026,0.023299880342516677
05,387,1,0.6428571428571429,0.6601069120846694,0.24620045721530914,0.003623539817222647,0.08522821922480334
05,388,1,0.6445182724252492,0.6613498936842732,0.25289586186408997,0.0026999127419249525,0.1706501026229584
05,389,1,0.6461794019933554,0.6615805327085927,0.25351083278656006,0.0029406305609765027,0.27921507348100827
05,390,1,0.6478405315614618,0.6618295611718037,0.2536265254020691,0.0031513013176204686,0.35080570730004046
05,391,1,0.6495016611295681,0.6632884568247278,0.25610312819480896,0.0021727502607818295,0.18535815678540726
05,392,1,0.6511627906976745,0.664826715449766,0.2508351802825928,0.001429877820758223,-0.3365090899308749
05,393,1,0.6528239202657807,0.6663978471851634,0.24839520454406738,0.0007279515267340652,-0.6889345773154684
05,394,1,0.654485049833887,0.6685472592997197,0.246019646525383,0.00025386864326149797,-0.9672991006463438
05,395,1,0.6561461794019934,0.6704656624165792,0.24788840115070343,0.00045611055356013623,-0.8011319138810331
05,396,1,0.6578073089700996,0.6723478475663716,0.24791660904884338,0.0005439943053896068,-0.7723788150541897
05,397,1,0.659468438538206,0.6742444606782791,0.24974563717842102,0.0005603243881458065,-0.6659310589866498
05,398,1,0.6611295681063123,0.6764082619037641,0.2500098943710327,0.0007624722403518481,-0.5887412744296274
05,399,1,0.6627906976744186,0.6780447988802776,0.25158414244651794,0.00046438651223243844,-0.5936912103959417
05,400,1,0.6644518272425249,0.6795618089928859,0.25522729754447937,0.00026739526557780153,-0.4526709764790225
05,401,1,0.6661129568106312,0.6815535836276514,0.24950015544891357,0.0002442688406748395,-0.7773205802980975
05,402,1,0.6677740863787376,0.6835882073010772,0.24894332885742188,0.0004516117767575501,-0.7440418569726466
05,403,1,0.6694352159468439,0.6857189067457612,0.25109487771987915,0.0007873248721133164,-0.5209043328992946
05,404,1,0.6710963455149501,0.6869825949898343,0.25351861119270325,0.0003501374873053235,-0.5217965231503403
05,405,1,0.6727574750830565,0.6887175790990427,0.2532553970813751,0.00021073045241603759,-0.5795178239199718
05,406,1,0.6744186046511628,0.6909067149862393,0.26042819023132324,0.00041041077913562933,-0.12010388457696919
05,407,1,0.6760797342192691,0.6925983464893828,0.257771760225296,0.0002754960440517804,-0.30910774361028015
05,408,1,0.6777408637873754,0.6951133005194436,0.25780171155929565,0.0010675094551439845,-0.06241543115084572
05,409,1,0.6794019933554817,0.69734267508308,0.25655442476272583,0.0012642076363780074,-0.070706912953418
05,410,1,0.6810631229235881,0.6999967890825052,0.25056707859039307,0.0017620476397938577,-0.24860561303551726
05,411,1,0.6827242524916943,0.7020212824559401,0.25000911951065063,0.00151402248916231,-0.35627075736933755
05,412,1,0.6843853820598007,0.7040004619941451,0.2535075843334198,0.0011374680357280186,-0.27882469006463106
05,413,1,0.686046511627907,0.7069592553073035,0.25595200061798096,0.0018744709802110526,0.08469892802576198
05,414,1,0.6877076411960132,0.7097788367124118,0.2509720027446747,0.0022899073292634697,-0.06284946073176505
05,415,1,0.6893687707641196,0.7122671012025453,0.25104835629463196,0.002332659911920316,-0.045389930527433356
05,416,1,0.6910299003322259,0.7150758830538275,0.2532130777835846,0.0025799870765512,0.15113313780738813
05,417,1,0.6926910299003323,0.7174722090323005,0.2566267251968384,0.0022074577901035463,0.22512249413091134
05,418,1,0.6943521594684385,0.7202660897044286,0.25706568360328674,0.002373100030982468,0.3007031152516994
05,419,1,0.6960132890365448,0.7228638785339387,0.26012471318244934,0.0023490756124883837,0.46285347764608153
05,420,1,0.6976744186046512,0.7258436910685954,0.2596915066242218,0.002679693814296653,0.5411240219001541
05,421,1,0.6993355481727574,0.7283978706264959,0.25700080394744873,0.0025419213685051855,0.349336079358204
05,422,1,0.7009966777408638,0.7306462236298078,0.25512105226516724,0.0020588589732682804,0.09567943575496644
05,423,1,0.7026578073089701,0.7334213876966018,0.25549671053886414,0.002238989558717498,0.17223327816244433
05,424,1,0.7043189368770764,0.7354151513048186,0.2514035701751709,0.0015933758762685223,-0.2544165581910365
05,425,1,0.7059800664451827,0.7374064507324127,0.2557809054851532,0.0011918102448068412,-0.13598658924112855
05,426,1,0.707641196013289,0.7388495601724907,0.2548569440841675,0.0005101163730015832,-0.3981095230848025
05,427,1,0.7093023255813954,0.7405945839310197,0.26096031069755554,0.00018069055123034648,-0.16167529046625462
05,428,1,0.7109634551495017,0.7427358589270305,0.25094103813171387,0.00042494021867021785,-0.6415467298136316
05,429,1,0.7126245847176079,0.7436501127791255,0.2524101734161377,0.0004909828347877831,-0.5396703157558911
05,430,1,0.7142857142857143,0.7449852556968468,0.25309503078460693,0.0007167554287446798,-0.4318547906480541
05,431,1,0.7159468438538206,0.7465090463332134,0.25634026527404785,0.0007268886734671675,-0.24881416645718374
05,432,1,0.717607973421927,0.7479991663151484,0.2570282518863678,0.0007153842920805275,-0.2142335556296064
05,433,1,0.7192691029900332,0.7497135425061683,0.26010826230049133,0.0003251266089650775,-0.16422477196127705
05,434,1,0.7209302325581395,0.7507561393347832,0.2518599033355713,0.0007900955512358409,-0.4776365249695256
05,435,1,0.7225913621262459,0.7520819715603518,0.24847887456417084,0.0009069842351513579,-0.6289073069365734
05,436,1,0.7242524916943521,0.7533076142309321,0.25022122263908386,0.001074572871355749,-0.4804686798869282
05,437,1,0.7259136212624585,0.7552895463419379,0.25434038043022156,0.0005618223601637731,-0.41074947138658535
05,438,1,0.7275747508305648,0.7564903388399806,0.25368884205818176,0.0006129612001955098,-0.4310474576172058
05,439,1,0.729235880398671,0.7571366927677861,0.249477356672287,0.0014001571486894227,-0.42097750627326636
05,440,1,0.7308970099667774,0.7575518194025845,0.2521165609359741,0.0022487108157494985,-0.012144060991581773
05,441,1,0.7325581395348837,0.7577668926525524,0.2527102828025818,0.0030946888586947815,0.28249741637324155
05,442,1,0.7342192691029901,0.7581979360372868,0.2553376257419586,0.003282982051613968,0.48640292580627287
05,443,1,0.7358803986710963,0.7583930507458407,0.25191813707351685,0.0035147666423865783,0.3685463687464724
05,444,1,0.7375415282392026,0.7578083253234266,0.2520156800746918,0.004413581559314416,0.6520278385604099
05,445,1,0.739202657807309,0.7587676192950864,0.25166648626327515,0.0035184140678650878,0.3557240724691497
05,446,1,0.7408637873754153,0.7591536970100272,0.2545284628868103,0.0033825180135577827,0.47233976083372514
05,447,1,0.7425249169435216,0.7593981489080646,0.25367259979248047,0.003377006358705541,0.42318820923951933
05,448,1,0.7441860465116279,0.7597987898445374,0.2564006447792053,0.003227639962788646,0.5282117141458382
05,449,1,0.7458471760797342,0.7601457365258242,0.2522400915622711,0.003378309411779594,0.3441775848329674
05,450,1,0.7475083056478405,0.7617304828037547,0.25345495343208313,0.0021380924415335557,0.02782927466827956
05,451,1,0.7491694352159468,0.7629413930886177,0.2600618898868561,0.0015713786051023294,0.21876803399384043
05,452,1,0.7508305647840532,0.7630245008834518,0.2604309022426605,0.0023740818554066224,0.4875640317044514
05,453,1,0.7524916943521595,0.7638079343230151,0.25960689783096313,0.002397076175571876,0.44899776069495634
05,454,1,0.7541528239202658,0.7643958625323775,0.2563404440879822,0.0027246974155072257,0.3692747764226634
05,455,1,0.7558139534883721,0.7651671952394876,0.25374752283096313,0.002619709640552763,0.1930504005467318
05,456,1,0.7574750830564784,0.7668176951860722,0.24978777766227722,0.001525660231685615,-0.36494078777780026
05,457,1,0.7591362126245847,0.7686244901150552,0.25143516063690186,0.0007525194767281203,-0.5128081560942418
05,458,1,0.760797342192691,0.7703737840222971,0.2553858160972595,0.0002846160744541605,-0.43855545769600973
05,459,1,0.7624584717607974,0.7725350395451258,0.2578490972518921,0.0005447662312229163,-0.22151402059014366
05,460,1,0.7641196013289037,0.774973265390076,0.2577902376651764,0.0011410309997636047,-0.04030552418500577
05,461,1,0.7657807308970099,0.7765507933018081,0.2525981664657593,0.0007397988392636488,-0.4522702539965381
05,462,1,0.7674418604651163,0.7786952166667602,0.2500738203525543,0.0008425139287585992,-0.5604342427997708
05,463,1,0.7691029900332226,0.7810151619757466,0.24952256679534912,0.0010821010766291893,-0.5168709027416832
05,464,1,0.770764119601329,0.7828794231187124,0.24780990183353424,0.0008263316119397746,-0.6909452417445014
05,465,1,0.7724252491694352,0.7847181200700138,0.24894841015338898,0.000688489131082144,-0.6704754102730891
05,466,1,0.7740863787375415,0.7858033546792258,0.24526026844978333,0.0004265912194502318,-0.9559599902682578
05,467,1,0.7757475083056479,0.7871543917282062,0.24828673899173737,0.0006941054058933071,-0.7054188285517635
05,468,1,0.7774086378737541,0.7893941833941868,0.24769484996795654,0.00035774206459350327,-0.8422948775776615
05,469,1,0.7790697674418605,0.7910400303684313,0.24896785616874695,0.0002886392641921475,-0.7931023278614513
05,470,1,0.7807308970099668,0.7928356415284299,0.24820728600025177,0.00024316931274249835,-0.8493333757081527
05,471,1,0.782392026578073,0.7944527963340089,0.2482209950685501,0.0001599542718598105,-0.8743183307619258
05,472,1,0.7840531561461794,0.796072899810963,0.2493562400341034,0.00010224526847611877,-0.8292378360324596
05,473,1,0.7857142857142857,0.7976445148563553,0.2526261806488037,0.00020030932727778557,-0.6176236802672329
05,474,1,0.7873754152823921,0.7989576475333617,0.24981087446212769,0.0005382977722524096,-0.6691290696197046
05,475,1,0.7890365448504983,0.799750063320321,0.25262898206710815,0.0012763834865261604,-0.28455419172041196
05,476,1,0.7906976744186046,0.8008843314866397,0.2529667019844055,0.0014664320667853881,-0.20703511858954515
05,477,1,0.792358803986711,0.8021358062712769,0.2547873854637146,0.0014178152010674173,-0.12114315188316768
05,478,1,0.7940199335548173,0.8031811785662358,0.24892248213291168,0.0014952657598388697,-0.4223134520464623
05,479,1,0.7956810631229236,0.8041184251060736,0.24613988399505615,0.0016139019782196607,-0.539868468046661
05,480,1,0.7973421926910299,0.8048423962367506,0.24839529395103455,0.0019820212939808003,-0.30094742369095473
05,481,1,0.7990033222591362,0.8051926731250418,0.24992035329341888,0.002621260593217255,-0.018636037347127904
05,482,1,0.8006644518272426,0.805790908690291,0.2510884404182434,0.0027872417414093065,0.09747004249915447
05,483,1,0.8023255813953488,0.8065401429462119,0.2526848018169403,0.0026904400165022203,0.15601893854475768
05,484,1,0.8039867109634552,0.8070994104758944,0.2544565498828888,0.00273660194685431,0.2685205992687683
05,485,1,0.8056478405315615,0.8077434014357231,0.2555030286312103,0.002656864546811565,0.30186506161495347
05,486,1,0.8073089700996677,0.8087085657276754,0.26188141107559204,0.0023293823325296215,0.5541466192162144
05,487,1,0.8089700996677741,0.8097759864500147,0.2590469717979431,0.001991375869536365,0.2924422748848379
05,488,1,0.8106312292358804,0.810924747219302,0.2604621648788452,0.0016515759761997918,0.2657693641543898
05,489,1,0.8122923588039868,0.811975103324813,0.2597082257270813,0.00155755405654061,0.19488498498836931
05,490,1,0.813953488372093,0.8132636517888167,0.2495974898338318,0.0013269310648094824,-0.4369722752381827
05,491,1,0.8156146179401993,0.8144713380783377,0.25065526366233826,0.001258016290573748,-0.399653361579958
05,492,1,0.8172757475083057,0.8153410602099639,0.2521561086177826,0.0015621320660283312,-0.2223643509352077
05,493,1,0.8189368770764119,0.8168430329138748,0.25081923604011536,0.0011642376097828634,-0.4195763531394223
05,494,1,0.8205980066445183,0.8171331917522592,0.25439873337745667,0.0020910611686639647,0.06559900953377845
05,495,1,0.8222591362126246,0.8180276043989344,0.2515467405319214,0.0021640335128493716,-0.06993045124034988
05,496,1,0.8239202657807309,0.8192265445980313,0.24941346049308777,0.0018541598939016014,-0.28406103115076353
05,497,1,0.8255813953488372,0.8204628218760255,0.250410795211792,0.0015892537129243312,-0.3107281953981556
05,498,1,0.8272425249169435,0.8221538133072709,0.24973398447036743,0.0008032095222165902,-0.591433615197478
05,499,1,0.8289036544850499,0.823127955012447,0.2513577938079834,0.0010842232057934487,-0.41447513512229717
05,500,1,0.8305647840531561,0.8247393950953669,0.2516227960586548,0.0007478707762516734,-0.503844445006495
05,501,1,0.8322259136212624,0.826650973206664,0.25077739357948303,0.0003851141381405861,-0.6629400024825424
05,502,1,0.8338870431893688,0.827835932133445,0.25282546877861023,0.0005765841951670836,-0.49016442540589394
05,503,1,0.8355481727574751,0.8288577230998775,0.250484436750412,0.0009753229352780934,-0.4965827098039128
05,504,1,0.8372093023255814,0.8302233588556367,0.24893289804458618,0.0010421292013765172,-0.561926725836984
05,505,1,0.8388704318936877,0.8323689601000863,0.24960152804851532,0.000549248715418655,-0.677346591707903
05,506,1,0.840531561461794,0.8335756997031682,0.24903060495853424,0.000490276017267992,-0.7272416598828987
05,507,1,0.8421926910299004,0.8357849378433191,0.24571067094802856,0.0002840202304520268,-0.9750994848854704
05,508,1,0.8438538205980066,0.837476925928679,0.24775844812393188,0.0002471070219065328,-0.8729972966187076
05,509,1,0.845514950166113,0.8384943725222536,0.2476658821105957,0.0005517405447344625,-0.7838818099675513
05,510,1,0.8471760797342193,0.840925391975238,0.24484287202358246,0.0003479258027081334,-1.0034365253050026
05,511,1,0.8488372093023255,0.8438485775523012,0.252227783203125,0.0014336883117539844,-0.25812867018077984
05,512,1,0.8504983388704319,0.8462860738816824,0.25200167298316956,0.0018552747138896163,-0.14023375135685295
05,513,1,0.8521594684385382,0.8493609857703801,0.2521439492702484,0.002727899614336433,0.13762496398726717
05,514,1,0.8538205980066446,0.8521303713740762,0.24933993816375732,0.002780631906000903,-0.0015063764081983677
05,515,1,0.8554817275747508,0.8556233230169358,0.2522781193256378,0.003472338699150908,0.3753763626113794
05,516,1,0.8571428571428571,0.8593380356900787,0.2513085603713989,0.0042433650061352145,0.5601660028670046
05,517,1,0.8588039867109635,0.8631309335337227,0.253055214881897,0.004773272397680146,0.8209369906413413
05,518,1,0.8604651162790697,0.8671850238354102,0.2528590261936188,0.005384875758531955,0.9992778229625514
05,519,1,0.8621262458471761,0.8711324843613582,0.2504894435405731,0.0055686731691464274,0.9247785599172074
05,520,1,0.8637873754152824,0.8749273230310254,0.2497684359550476,0.005486221502708067,0.8592993907855818
05,521,1,0.8654485049833887,0.8781081324496025,0.24958181381225586,0.004769709086048525,0.6272801231517562
05,522,1,0.867109634551495,0.8819872940399334,0.24818195402622223,0.004904570947409438,0.5913996470057634
05,523,1,0.8687707641196013,0.8857893778848658,0.24765104055404663,0.005006087241211056,0.5933744267198378
05,524,1,0.8704318936877077,0.8900464384560591,0.2450549453496933,0.005598924431527498,0.6328661235453577
05,525,1,0.872093023255814,0.8943761926557269,0.24806803464889526,0.006148899774936807,0.9700528742808647
05,526,1,0.8737541528239202,0.8988182995436841,0.2439946085214615,0.006523991611362924,0.8602802542837749
05,527,1,0.8754152823920266,0.9023504594848192,0.24272389709949493,0.005848400176560338,0.5808225500778543
05,528,1,0.8770764119601329,0.9059873625177105,0.24227797985076904,0.005345032809463314,0.4003712667003765
05,529,1,0.8787375415282392,0.9094710542152987,0.2453540861606598,0.004843493491638691,0.4157354761915473
05,530,1,0.8803986710963455,0.912668982953548,0.24504955112934113,0.00426770683999504,0.22071701117595333
05,531,1,0.8820598006644518,0.9152795652671661,0.24859113991260529,0.0034156183011471563,0.15343372345478623
05,532,1,0.8837209302325582,0.9173603663938981,0.2471931278705597,0.0022641429822923397,-0.28030935989210115
05,533,1,0.8853820598006644,0.918782082911119,0.24889717996120453,0.0009806467064908718,-0.5829281850485626
05,534,1,0.8870431893687708,0.9207382721459908,0.2453424334526062,0.00047988058460670844,-0.9349184376101911
05,535,1,0.8887043189368771,0.9225441175838062,0.24450895190238953,0.0002595637310878041,-1.0492853322837028
05,536,1,0.8903654485049833,0.924172872510467,0.24383704364299774,0.00010669954989317866,-1.1338267055708147
05,537,1,0.8920265780730897,0.925738910833272,0.2413048893213272,0.00014773585028523314,-1.2615056469095416
05,538,1,0.893687707641196,0.9271319017705766,0.24560408294200897,0.0004111236709822707,-0.9416853203493676
05,539,1,0.8953488372093024,0.9285155425581103,0.24300910532474518,0.0006258902895949924,-1.0190985664407068
05,540,1,0.8970099667774086,0.9297678377761055,0.24633993208408356,0.0008664513151758357,-0.7600235790332707
05,541,1,0.8986710963455149,0.9311865563770586,0.24938379228115082,0.0008464740306323592,-0.5974620634337566
05,542,1,0.9003322259136213,0.9322064528625224,0.2480057328939438,0.0011884889311152714,-0.5680453017106822
05,543,1,0.9019933554817275,0.9331831627734317,0.25078925490379333,0.0014804167931923452,-0.3234193783916919
05,544,1,0.9036544850498339,0.9341256032599458,0.24614626169204712,0.0017048813605086578,-0.5113678456238224
05,545,1,0.9053156146179402,0.9350052570839004,0.24639379978179932,0.0019146689075141155,-0.43274135850650364
05,546,1,0.9069767441860465,0.9356789525475725,0.25083425641059875,0.002195648620552425,-0.09964730117248748
05,547,1,0.9086378737541528,0.9363534896392125,0.24482248723506927,0.0023892364501749575,-0.37302901067935834
05,548,1,0.9102990033222591,0.9374869332200948,0.24467426538467407,0.0020483745857378544,-0.48670129011346097
05,549,1,0.9119601328903655,0.9384905737335819,0.24506986141204834,0.0018850665622880004,-0.5152946756678681
05,550,1,0.9136212624584718,0.9391745776618183,0.247123122215271,0.0020723917964719663,-0.34351394395976226
05,551,1,0.915282392026578,0.9401066129037066,0.2448570281267166,0.0020142628331451962,-0.4871229393492586
05,552,1,0.9169435215946844,0.9411960452847271,0.24476785957813263,0.0018631112682481622,-0.5388292051166038
05,553,1,0.9186046511627907,0.9417945133913337,0.24245262145996094,0.002191921177799665,-0.5654520313241533
05,554,1,0.920265780730897,0.942544045465614,0.2452322393655777,0.0022683740179573076,-0.38770587384195926
05,555,1,0.9219269102990033,0.9429970422473174,0.24613070487976074,0.002657744187202814,-0.21743501443605529
05,556,1,0.9235880398671097,0.9433946749418695,0.24861417710781097,0.002982718828553459,0.020781052862832494
05,557,1,0.925249169435216,0.9437216738463072,0.25016602873802185,0.003205377338401276,0.17569658855557838
05,558,1,0.9269102990033222,0.9438927557482292,0.24441386759281158,0.003516085550222718,-0.04705874070861432
05,559,1,0.9285714285714286,0.9442635109816074,0.2487998604774475,0.0034825078874982525,0.1856987350797441
05,560,1,0.9302325581395349,0.9445739387685962,0.24963971972465515,0.003488697284082008,0.23417276231661108
05,561,1,0.9318936877076412,0.9450870483092865,0.24778728187084198,0.003270403700073409,0.06394408376243621
05,562,1,0.9335548172757475,0.945241230103484,0.24531792104244232,0.0034575655216206465,-0.015045691877343614
05,563,1,0.9352159468438538,0.9455239285698923,0.24519188702106476,0.003511985644026093,-0.0051962078218913965
05,564,1,0.9368770764119602,0.9458235657785228,0.2484307885169983,0.003527452832466847,0.17914354247701458
05,565,1,0.9385382059800664,0.9459535223463637,0.2513718903064728,0.0037099030171076227,0.39863515695096086
05,566,1,0.9401993355481728,0.9462176095958802,0.24996013939380646,0.0036624342768603753,0.3056863098541712
05,567,1,0.9418604651162791,0.9462390315467542,0.24961815774440765,0.0038851071990854565,0.3556181303689432
05,568,1,0.9435215946843853,0.9462869833338332,0.2443806529045105,0.004015931156221857,0.1057414145333464
05,569,1,0.9451827242524917,0.9465635347966873,0.24337361752986908,0.003855234082195362,0.00019831715540818973
05,570,1,0.946843853820598,0.946929345188712,0.2402041256427765,0.00364192680275162,-0.24150104868573408
05,571,1,0.9485049833887044,0.9472313005820697,0.24608832597732544,0.003517905307601808,0.046330971346530914
05,572,1,0.9501661129568106,0.9474614940732143,0.24504974484443665,0.003535779075286087,-0.005714948469324688
05,573,1,0.9518272425249169,0.9478127936867716,0.24465860426425934,0.0034781071465740817,-0.04524100839877504
05,574,1,0.9534883720930233,0.948232174637809,0.24583487212657928,0.0033710409180578316,-0.013156396245351254
05,575,1,0.9551495016611296,0.9486770085348286,0.24802950024604797,0.00325191438331242,0.07165171369009804
05,576,1,0.9568106312292359,0.9488930623538842,0.2470507174730301,0.0033972875524466025,0.06236639819183798
05,577,1,0.9584717607973422,0.9491610920607597,0.24810056388378143,0.003487149915738495,0.14836806999877877
05,578,1,0.9601328903654485,0.9493907605912643,0.2488817274570465,0.003594555978730972,0.22490245156844574
05,579,1,0.9617940199335548,0.9494994430189835,0.2499101161956787,0.003775520039375578,0.3378994819322195
05,580,1,0.9634551495016611,0.9499875831039909,0.25275281071662903,0.0034929885754068787,0.4080803910255622
05,581,1,0.9651162790697675,0.950093839311425,0.2524520456790924,0.0036603625554994675,0.4431888285530574
05,582,1,0.9667774086378738,0.9505346821033723,0.24739927053451538,0.003452706576218449,0.09883453942345599
05,583,1,0.96843853820598,0.950595341425694,0.2478501796722412,0.003678027631923779,0.19354101254519013
05,584,1,0.9700996677740864,0.9506006573407467,0.2473789006471634,0.003946686318548708,0.25053199814221666
05,585,1,0.9717607973421927,0.9506363885068714,0.24637284874916077,0.004064223711613012,0.23112317786398145
05,586,1,0.973421926910299,0.9505924497478572,0.2505786120891571,0.004243799769488814,0.5198344671467787
05,587,1,0.9750830564784053,0.9507317991035037,0.2512432932853699,0.004118892324963501,0.5180386316485002
05,588,1,0.9767441860465116,0.9506956210186122,0.2518808841705322,0.004189184829307456,0.5751316576036878
05,589,1,0.978405315614618,0.9505903770133705,0.2504517734050751,0.004318169754015515,0.5358114012268207
05,590,1,0.9800664451827242,0.9504857292022612,0.24990595877170563,0.004411314691749589,0.5343701899175013
05,591,1,0.9817275747508306,0.9502850214230508,0.24792654812335968,0.004585342334560915,0.4784782825258124
05,592,1,0.9833887043189369,0.9503858303046787,0.24895204603672028,0.0043728390328198075,0.4695847204869964
05,593,1,0.9850498338870431,0.950234388636253,0.24750731885433197,0.00444683302276218,0.4123857272027284
05,594,1,0.9867109634551495,0.9501191819376573,0.24863752722740173,0.004473042627078471,0.48314962026221125
12,8,0,0.013559322033898305,0.9634729921634632,0.24799157679080963,nan,nan
12,9,0,0.015254237288135594,0.9704627924298874,0.2539699375629425,nan,nan
12,10,0,0.01694915254237288,0.9803266299748442,0.337691068649292,nan,nan
12,11,0,0.01864406779661017,0.9927670854123058,0.36339646577835083,nan,nan
12,12,0,0.020338983050847456,0.005811913383217378,0.36469998955726624,0.024810056214917373,13.209122652480135
12,13,0,0.022033898305084745,0.016259295099973037,0.33662882447242737,0.024672707626734444,11.610452651894832
12,14,0,0.023728813559322035,0.024123064089458066,0.31825020909309387,0.021087350948698083,9.48236769266425
12,15,0,0.025423728813559324,0.029230698506665428,0.3248497545719147,0.015245876837251966,8.040999408367444
12,16,0,0.02711864406779661,0.03238824192200731,0.34098735451698303,0.009287516979003941,7.09222899811795
12,17,0,0.0288135593220339,0.034285013398505204,0.32765060663223267,0.004540206320804386,4.884165796018976
12,18,0,0.030508474576271188,0.03555301962880378,0.3066076636314392,0.0016320803118273102,2.817899468620148
12,19,1,0.03220338983050847,0.03638533398681896,0.308184415102005,0.0009051235518881738,2.6804048454987552
12,20,1,0.03389830508474576,0.037206820994852584,0.31140387058258057,0.0016905634123561154,3.1018795438920668
12,21,1,0.03559322033898305,0.037709604940342534,0.3131079077720642,0.0023924242350774495,3.4134866521257083
12,22,1,0.03728813559322034,0.03868315644536011,0.31164512038230896,0.0022750206155192233,3.296072156302612
12,23,1,0.03898305084745763,0.04038867838366079,0.30947625637054443,0.0013558974158729932,2.8914802039740928
12,24,1,0.04067796610169491,0.04251578503253131,0.307098925113678,0.0006589406458134668,2.5440649938361295
12,25,1,0.0423728813559322,0.04518308107338459,0.30784574151039124,0.0011142926997360202,2.7263422771783086
12,26,1,0.04406779661016949,0.04847050068442315,0.3024749159812927,0.002533343277514073,2.8676242732362747
12,27,1,0.04576271186440678,0.052384714794321885,0.29998549818992615,0.004000721327647045,3.1835939521333616
12,28,1,0.04745762711864407,0.057528640616444054,0.302176296710968,0.006145638047103953,3.968636019582889
12,29,1,0.04915254237288136,0.06415784986938955,0.3016373813152313,0.009021633404071234,4.828531310415903
12,30,1,0.05084745762711865,0.07140977949486209,0.29841193556785583,0.011529870830542533,5.425717399863546
12,31,1,0.05254237288135593,0.07881362127638535,0.29886385798454285,0.013198892909456068,5.967130072719055
12,32,1,0.05423728813559322,0.08608697044719656,0.2973536252975464,0.013865015459751424,6.089491493209217
12,33,1,0.05593220338983051,0.09258246588672797,0.29569852352142334,0.013220928441594738,5.798471182513712
12,34,1,0.0576271186440678,0.09737965777044473,0.29662737250328064,0.010911966320976864,5.13562046627863
12,35,1,0.059322033898305086,0.10105146198433039,0.29707515239715576,0.008091300965966898,4.287790821061208
12,36,1,0.061016949152542375,0.10422382667908504,0.29870226979255676,0.005704205483735248,3.6394771338869303
12,37,1,0.06271186440677966,0.10675206501653892,0.29907503724098206,0.003698229763217027,3.0395364740843944
12,38,1,0.06440677966101695,0.10809236031937318,0.2956167459487915,0.0016748740668163552,2.2218369492938708
12,39,1,0.06610169491525424,0.10790898353016552,0.2952023148536682,0.0013986021772188692,2.1133896128890584
12,40,1,0.06779661016949153,0.10783234489921872,0.2970632314682007,0.003156446160246838,2.760392088162555
12,41,1,0.06949152542372881,0.10785401073435341,0.29585179686546326,0.004036909880145561,2.9656304818419064
12,42,1,0.0711864406779661,0.1077717870177145,0.29643169045448303,0.004394620026238085,3.1084457836058856
12,43,1,0.07288135593220339,0.10775174396945111,0.29776808619499207,0.004334519749086803,3.1639376374343593
12,44,1,0.07457627118644068,0.10785639577263845,0.2960643470287323,0.004190558055720843,3.0249490347627224
12,45,1,0.07627118644067797,0.10793667203737459,0.2917742431163788,0.004116294509339662,2.7641435934428724
12,46,1,0.07796610169491526,0.10761492716352748,0.2922195792198181,0.0044587047089420535,2.8947659762815707
12,47,1,0.07966101694915254,0.10769607987098363,0.29216355085372925,0.004338337037939151,2.854420772507295
12,48,1,0.08135593220338982,0.10789076532426789,0.29337915778160095,0.004129735560038027,2.8572733979843434
12,49,1,0.08305084745762711,0.10825817190569557,0.29566097259521484,0.0037709213665177307,2.8727606613330563
12,50,1,0.0847457627118644,0.1085261493506381,0.2975693941116333,0.0035833188886554164,2.9205173921978083
12,51,1,0.08644067796610169,0.10880800733833511,0.29431629180908203,0.0035292664477360887,2.7234529470183704
12,52,1,0.08813559322033898,0.10902496563584407,0.2916615903377533,0.003590290017064944,2.5951640071265594
12,53,1,0.08983050847457627,0.10950189133510078,0.28809258341789246,0.0033969143957022926,2.3374832076328484
12,54,1,0.09152542372881356,0.11020537632541677,0.28637242317199707,0.0030043592627376093,2.1206748115977585
12,55,1,0.09322033898305085,0.11065836224065384,0.2889934480190277,0.002971180091195196,2.255711282554336
12,56,1,0.09491525423728814,0.11122310560668573,0.28921154141426086,0.0028690254507430114,2.2361972487071924
12,57,1,0.09661016949152543,0.11183492332895682,0.2879737913608551,0.002806742721182325,2.1483113337404154
12,58,1,0.09830508474576272,0.11259332799505284,0.28618884086608887,0.0026315960535503048,1.9951726699555898
12,59,1,0.1,0.1133940242205867,0.28114187717437744,0.0024278877454255044,1.6523618740341681
12,60,1,0.1016949152542373,0.1141374103942671,0.28368285298347473,0.002368417066728289,1.7748266510316355
12,61,1,0.10338983050847457,0.11487653857735222,0.2844085693359375,0.0023578650805385227,1.8117935308319475
12,62,1,0.10508474576271186,0.11623835214577827,0.2859627902507782,0.0017564553242113302,1.7118914254271
12,63,1,0.10677966101694915,0.11717694931766247,0.28674760460853577,0.0017291141900084728,1.7469403121113878
12,64,1,0.10847457627118644,0.11798872222392762,0.28613194823265076,0.0018630725580122843,1.754254090745319
12,65,1,0.11016949152542373,0.11858322991535888,0.2836054563522339,0.0022313928239961357,1.728143672864876
12,66,1,0.11186440677966102,0.11938504564075524,0.2856791615486145,0.002356249933101422,1.881731484049483
12,67,1,0.1135593220338983,0.12036215215982699,0.28691694140434265,0.002165816787773932,1.8914341981649565
12,68,1,0.1152542372881356,0.12148499425219442,0.28894293308258057,0.0018392754059476536,1.902723943072788
12,69,1,0.11694915254237288,0.12241216307031141,0.2910827696323395,0.001786174594897343,2.0049215182961686
12,70,1,0.11864406779661017,0.12280810946488872,0.28699907660484314,0.002347461489058166,1.9521844773418204
12,71,1,0.12033898305084746,0.12367426061226316,0.28665778040885925,0.00233707629771711,1.9300511325432472
12,72,1,0.12203389830508475,0.12474496433334771,0.28860238194465637,0.0020943996897416096,1.9627748195391694
12,73,1,0.12372881355932204,0.12544280464801094,0.25987476110458374,0.0022115518953666913,0.4064500403810036
12,74,1,0.12542372881355932,0.1262257606937103,0.26287591457366943,0.002186256244092232,0.5649986407874021
12,75,1,0.1271186440677966,0.1271387189618764,0.2592262029647827,0.002127710783131497,0.34455737654225493
12,76,1,0.1288135593220339,0.12805762720989133,0.25639405846595764,0.0020749171225198527,0.17121895054717745
12,77,1,0.13050847457627118,0.12876205692957324,0.2582224905490875,0.002198653121973886,0.310862742816413
12,78,1,0.13220338983050847,0.12908326451483454,0.2615334093570709,0.0027072586071031513,0.6517612830794308
12,79,1,0.13389830508474576,0.1297847424326956,0.2638587951660156,0.0027201566445231463,0.784663750324376
12,80,1,0.13559322033898305,0.1305663310795594,0.2633515000343323,0.0026000738653641376,0.7193898725735011
12,81,1,0.13728813559322034,0.1312277726209997,0.26146751642227173,0.0025658082913408587,0.604346702001975
12,82,1,0.13898305084745763,0.13231288308909003,0.259455144405365,0.002097126746107141,0.34778712871888673
12,83,1,0.14067796610169492,0.1329690130879664,0.26905685663223267,0.0022484013907946455,0.9268770433069577
12,84,1,0.1423728813559322,0.13377311365768876,0.2653948664665222,0.0022403684848899975,0.721382591857313
12,85,1,0.1440677966101695,0.1344812308839061,0.2619137167930603,0.002333946903205002,0.5573497267482992
12,86,1,0.14576271186440679,0.13577688533291735,0.2622513175010681,0.0018516570199203653,0.4268551400486105
12,87,1,0.14745762711864407,0.13665708638737167,0.25889018177986145,0.0018374565264228804,0.23613099603394727
12,88,1,0.14915254237288136,0.1375551164916294,0.262367308139801,0.001861444747016482,0.4363134091963855
12,89,1,0.15084745762711865,0.1387110167094391,0.2571960985660553,0.0016510452376918994,0.08454469781608766
12,90,1,0.15254237288135594,0.1398190418196748,0.2595849931240082,0.0016004665838394595,0.2013295686122768
12,91,1,0.15423728813559323,0.14068966227410262,0.2618294060230255,0.001740385251101,0.36904060109402875
12,92,1,0.15593220338983052,0.14200277850730766,0.2593859136104584,0.0014354129895787094,0.13922919515461576
12,93,1,0.1576271186440678,0.1435243631663309,0.25641322135925293,0.0010257438344750004,-0.1523103548724925
12,94,1,0.15932203389830507,0.14520807079653728,0.25745025277137756,0.0005453728184916117,-0.24343704194500076
12,95,1,0.16101694915254236,0.1469424895551747,0.25616738200187683,0.00018779457390548165,-0.42518238512218776
12,96,1,0.16271186440677965,0.14820178613849344,0.2560669481754303,0.00046212154101908816,-0.34587926145159514
12,97,1,0.16440677966101694,0.14990190322398234,0.25634217262268066,0.0003129184714361035,-0.3767819005006596
12,98,1,0.16610169491525423,0.15131421455336283,0.2567306458950043,0.0004938300483589996,-0.29927601282930477
12,99,1,0.16779661016949152,0.15267109767487302,0.2549738883972168,0.0006634828660551528,-0.3441782049933206
12,100,1,0.1694915254237288,0.1538207048066553,0.25293686985969543,0.000946027764197459,-0.36969080958149336
12,101,1,0.1711864406779661,0.15512479464189677,0.2528737187385559,0.0010466675959964911,-0.342055911474023
12,102,1,0.17288135593220338,0.15696372336841494,0.25514400005340576,0.0005840296525810264,-0.35932886293327093
12,103,1,0.17457627118644067,0.15844628327309843,0.2551177740097046,0.000443279023036468,-0.4043279681875358
12,104,1,0.17627118644067796,0.16006204469150456,0.2544286847114563,0.00027131400418666126,-0.49573119245558117
12,105,1,0.17796610169491525,0.16234311777842486,0.2522921860218048,0.00044942411152130827,-0.5590685412405024
12,106,1,0.17966101694915254,0.16593778262593545,0.2527255117893219,0.002239508174899858,0.018767164364054734
12,107,1,0.18135593220338983,0.1688719587367652,0.25957581400871277,0.00293016947134951,0.612202164158768
12,108,1,0.18305084745762712,0.1718020626567503,0.26184043288230896,0.0032538545254179162,0.8378867177099358
12,109,1,0.1847457627118644,0.17521336318707417,0.26003313064575195,0.0037301505644303638,0.8850512972553617
12,110,1,0.1864406779661017,0.1784527434753114,0.2629298269748688,0.003751969500505255,1.0523853609888183
12,111,1,0.188135593220339,0.18202938859728598,0.258259117603302,0.004199874410135846,0.932028030089392
12,112,1,0.18983050847457628,0.18545618733048427,0.2582835853099823,0.00433731567820393,0.9759058134368505
12,113,1,0.19152542372881357,0.18987906720325282,0.24469053745269775,0.005346664382538986,0.534620662995114
12,114,1,0.19322033898305085,0.19303554640141424,0.2510543465614319,0.0048367175766557535,0.7296437027744489
12,115,1,0.19491525423728814,0.1975343365908212,0.25069212913513184,0.005689807034536988,0.9734910242728232
12,116,1,0.19661016949152543,0.20209487085495512,0.2502012848854065,0.0063741043002871044,1.1579870066463822
12,117,1,0.19830508474576272,0.2062408448780238,0.2461542785167694,0.006360407442238104,0.9293961602110963
12,118,1,0.2,0.21007951520492446,0.24291716516017914,0.00610863335044602,0.672047268404
12,119,1,0.2016949152542373,0.21468039475635317,0.24403992295265198,0.0064485207009971745,0.8394432686898944
12,120,1,0.2033898305084746,0.21926020276338248,0.24442310631275177,0.006741814166643474,0.9514244380309015
12,121,1,0.20508474576271185,0.22196842628517507,0.24035413563251495,0.005158704711329216,0.23607347678028834
12,122,1,0.20677966101694914,0.22377451565665946,0.24182112514972687,0.003032898731025786,-0.3402798487778375
12,123,1,0.20847457627118643,0.22619374660337604,0.2423229217529297,0.0020283795648086255,-0.6232384315609477
12,124,1,0.21016949152542372,0.22841357079396551,0.24661238491535187,0.0013698657936424118,-0.5891740433738724
12,125,1,0.211864406779661,0.2299550688746928,0.24023650586605072,0.0007011692609952311,-1.1495130861702618
12,126,1,0.2135593220338983,0.23213333291031718,0.2397206425666809,0.0008046252549688393,-1.1461038706152178
12,127,1,0.21525423728813559,0.23401266349814173,0.2435806840658188,0.0005942515293789597,-0.9972003861983966
12,128,1,0.21694915254237288,0.23666175705529596,0.24457436800003052,0.0012886158628417754,-0.7272922857500624
12,129,1,0.21864406779661016,0.23891280461584996,0.2467440515756607,0.0014776168580631476,-0.5485389964804737
12,130,1,0.22033898305084745,0.24136191848649496,0.2485644668340683,0.001687296793418903,-0.38275042764580647
12,131,1,0.22203389830508474,0.24305515893315696,0.24846941232681274,0.001075667057340417,-0.5772450287160271
12,132,1,0.22372881355932203,0.24476942916002678,0.2455180287361145,0.0005270372141524382,-0.9105947397963574
12,133,1,0.22542372881355932,0.2468525870013448,0.24607019126415253,0.0005832770292877721,-0.8625851934943354
12,134,1,0.2271186440677966,0.24872585073135778,0.24494405090808868,0.00047159516292703655,-0.9595668468868855
12,135,1,0.2288135593220339,0.25028522836882355,0.25497958064079285,0.0002591973550791813,-0.46893988134991665
12,136,1,0.2305084745762712,0.25039865290077035,0.2596103847026825,0.0015041030877927675,0.17292440621314212
12,137,1,0.23220338983050848,0.25181471203335953,0.25953495502471924,0.0014953498903894791,0.1660347706705444
12,138,1,0.23389830508474577,0.25303503255738535,0.25867199897766113,0.0015155606243673226,0.12444796156835855
12,139,1,0.23559322033898306,0.25485360852374617,0.26059234142303467,0.0008346716630588349,0.02025332935330032
12,140,1,0.23728813559322035,0.2562030163563424,0.2564707100391388,0.0005669673206478309,-0.2910589429231305
12,141,1,0.23898305084745763,0.25796708730031404,0.25757530331611633,0.0002871262779200425,-0.3164005540965749
12,142,1,0.24067796610169492,0.2592342157757905,0.26033923029899597,0.0005249525818313993,-0.08959877536063376
12,143,1,0.2423728813559322,0.2605720841083684,0.2607099711894989,0.0007368800538547093,-0.003480264840338254
12,144,1,0.2440677966101695,0.2608153829838294,0.2597108483314514,0.001923200074549285,0.3081533828580577
12,145,1,0.2457627118644068,0.26106194485952555,0.25985652208328247,0.0028297298557248707,0.5966898834180001
12,146,1,0.24745762711864408,0.26220076260396696,0.2605926990509033,0.00246462650108638,0.5245461037895068
12,147,1,0.24915254237288137,0.2633113310431244,0.2587202191352844,0.002095694768973049,0.30660215507815447
12,148,1,0.25084745762711863,0.26405795326724535,0.2585779130458832,0.0020338842785410528,0.27959031652925015
12,149,1,0.25254237288135595,0.2649199094367429,0.2623679041862488,0.0019825706798975596,0.47382020902632704
12,150,1,0.2542372881355932,0.26552213387909235,0.2636871635913849,0.002344837381852415,0.6590333317830961
12,151,1,0.2559322033898305,0.26599090101284417,0.26123496890068054,0.002706413066881951,0.6349550887538953
12,152,1,0.2576271186440678,0.26787488794765396,0.26116469502449036,0.0015854156572719892,0.2842468520048176
12,153,1,0.2593220338983051,0.2695772343310987,0.25936374068260193,0.0008418564581042072,-0.04563361930905596
12,154,1,0.26101694915254237,0.27062740544734615,0.2617901861667633,0.0008583660185010211,0.09398860668401737
12,155,1,0.2627118644067797,0.2713434385540949,0.2604296803474426,0.0014186508038157453,0.1919064881129107
12,156,1,0.26440677966101694,0.27218440754977363,0.2603176236152649,0.0019158161934496477,0.3395066865909513
12,157,1,0.26610169491525426,0.27306321200914063,0.2591412663459778,0.002114391634612566,0.3357280990212915
12,158,1,0.2677966101694915,0.2748754313751749,0.25854021310806274,0.00123087993647097,0.0290680882805697
12,159,1,0.26949152542372884,0.2770646873451097,0.25996220111846924,0.0005950935491582217,-0.08879998419953505
12,160,1,0.2711864406779661,0.2791438590432084,0.260923832654953,0.0006024423002338031,-0.03321660404473098
12,161,1,0.27288135593220336,0.2810242313972335,0.25837379693984985,0.0007429517809002096,-0.13111197250533885
12,162,1,0.2745762711864407,0.28310916611868586,0.25790780782699585,0.0008376316553293917,-0.12765303107449644
12,163,1,0.27627118644067794,0.28492394173849256,0.2645511329174042,0.0005939735892583187,0.16524950289541068
12,164,1,0.27796610169491526,0.28733311037493764,0.2625817656517029,0.001038328627357683,0.19354784751396797
12,165,1,0.2796610169491525,0.28922774876683194,0.26060932874679565,0.0008856541863196799,0.036967948778681314
12,166,1,0.28135593220338984,0.2918345189326831,0.2614656388759613,0.00144154500977124,0.2564197526500093
12,167,1,0.2830508474576271,0.29406043321321124,0.2605622112751007,0.0014861210868000584,0.22012744038126367
12,168,1,0.2847457627118644,0.29622573048266665,0.25798967480659485,0.0013672954875758436,0.04075200818619454
12,169,1,0.2864406779661017,0.2981181867498814,0.2543955445289612,0.0010365967278582588,-0.26080637510308935
12,170,1,0.288135593220339,0.3007112043697443,0.25953567028045654,0.0014070048519588662,0.13874236858498074
12,171,1,0.28983050847457625,0.30280945825919875,0.25958988070487976,0.0012860873821480111,0.10433836150167919
12,172,1,0.29152542372881357,0.3049239033964724,0.25952067971229553,0.0012132762579247901,0.07797588076141476
12,173,1,0.29322033898305083,0.3074996822132628,0.26008540391921997,0.001614511846263723,0.23341607470558579
12,174,1,0.29491525423728815,0.30890896135617396,0.25846919417381287,0.0008226739865089303,-0.10115911450096798
12,175,1,0.2966101694915254,0.3101510230648379,0.2625736594200134,0.0004710276091714642,0.01758773731081098
12,176,1,0.2983050847457627,0.31134307314060267,0.2604594826698303,0.000772301540258995,-0.006407916733941477
12,177,1,0.3,0.3123811290901067,0.25815287232398987,0.0013390380267875469,0.04105691618701107
12,178,1,0.3016949152542373,0.3130998770917458,0.25066444277763367,0.001840651744359394,-0.21888962971399362
12,179,1,0.30338983050847457,0.3140321166102426,0.2501204013824463,0.0019561411597555246,-0.21331963774931945
12,180,1,0.3050847457627119,0.31439380086802265,0.25075763463974,0.002564730288326671,0.010290953307126871
12,181,1,0.30677966101694915,0.31501890838689384,0.2497621327638626,0.0027023047013104585,-0.0023339841042011866
12,182,1,0.30847457627118646,0.3157330004046556,0.25127485394477844,0.002647657507745498,0.0646198655263846
12,183,1,0.3101694915254237,0.3162005216922248,0.25252214074134827,0.0028384170484037786,0.19278242801473267
12,184,1,0.31186440677966104,0.3168033792822265,0.252279669046402,0.0027776607288975564,0.1605438604178337
12,185,1,0.3135593220338983,0.31794490844647605,0.2511732876300812,0.002238526168198989,-0.06758708378976436
12,186,1,0.3152542372881356,0.31832212291004125,0.2524738907814026,0.002592811719529341,0.11412259855889588
12,187,1,0.3169491525423729,0.3195093564300871,0.2518509328365326,0.0020528588258299663,-0.0874620400229059
12,188,1,0.31864406779661014,0.3206376551157746,0.2516855299472809,0.0017517688246079955,-0.18978222378655352
12,189,1,0.32033898305084746,0.3212157636630978,0.25316742062568665,0.0021322292356718443,0.010075408465414944
12,190,1,0.3220338983050847,0.321621810217408,0.24858509004116058,0.002543896485517049,-0.11659363188634475
12,191,1,0.32372881355932204,0.3222976662579122,0.2471420168876648,0.0026929622718545477,-0.1504753328128092
12,192,1,0.3254237288135593,0.32319426108218496,0.25285470485687256,0.0024934449045380547,0.10449178179755265
12,193,1,0.3271186440677966,0.3244347989346341,0.25104886293411255,0.0018920585436914984,-0.18167442518373744
12,194,1,0.3288135593220339,0.32559348424069523,0.2511129677295685,0.0015381320555144396,-0.2876178950875153
12,195,1,0.3305084745762712,0.3267548469257678,0.2544969916343689,0.0013696878762637244,-0.1521312330559011
12,196,1,0.33220338983050846,0.32728631038786377,0.2539985179901123,0.0019525195811316166,0.0005505387271253544
12,197,1,0.3338983050847458,0.3280188545928411,0.2508918344974518,0.0022429877025740164,-0.08180965952659124
12,198,1,0.33559322033898303,0.32894350134068784,0.25003600120544434,0.0022143548692789995,-0.1381127539934714
12,199,1,0.33728813559322035,0.33042142232284466,0.2520110309123993,0.0015739381621203297,-0.22675445160680538
12,200,1,0.3389830508474576,0.33138010446227056,0.25569725036621094,0.0015318998719636313,-0.035407754938266076
12,201,1,0.34067796610169493,0.33218436591563927,0.2519444525241852,0.0017510869371966265,-0.1756393299279988
12,202,1,0.3423728813559322,0.3332085315155246,0.25306394696235657,0.0017682991680108718,-0.10825297752758972
12,203,1,0.3440677966101695,0.3340640330464476,0.25304803252220154,0.0019790551807970114,-0.04393184946801984
12,204,1,0.34576271186440677,0.33548575282291504,0.2541317343711853,0.001467988085230314,-0.14196798038926628
12,205,1,0.3474576271186441,0.3363976719246788,0.2530701160430908,0.001582481073627755,-0.16539910246632328
12,206,1,0.34915254237288135,0.33707874383684505,0.25713610649108887,0.001954735663721301,0.17517420753835689
12,207,1,0.35084745762711866,0.3384380494225631,0.25271737575531006,0.0015629831583334076,-0.19098615247830766
12,208,1,0.3525423728813559,0.3398399653592051,0.2511650025844574,0.001254571315720281,-0.3724608364099179
12,209,1,0.35423728813559324,0.34069185272793745,0.2533951997756958,0.0014912370810604304,-0.1756064081039693
12,210,1,0.3559322033898305,0.3422315430498586,0.252992182970047,0.0010250919599539433,-0.3421636636909879
12,211,1,0.3576271186440678,0.34399748011716674,0.2528890073299408,0.0005814267949182896,-0.4851438513624151
12,212,1,0.3593220338983051,0.3461932419520874,0.2513347268104553,0.00047749690746932375,-0.6034619564399775
12,213,1,0.3610169491525424,0.3480826495924073,0.2536737024784088,0.0005596379574699229,-0.44838381214205086
12,214,1,0.36271186440677966,0.3490386782141561,0.25119662284851074,0.0003400144805076809,-0.6536521108576823
12,215,1,0.3644067796610169,0.3507122102797148,0.2536267042160034,0.0003602843624144358,-0.5126649603529524
12,216,1,0.36610169491525424,0.35230791033928577,0.2532285749912262,0.00044326684348046537,-0.5090630014428534
12,217,1,0.3677966101694915,0.35416470557977453,0.2571609318256378,0.0002394190450649504,-0.3541316003449474
12,218,1,0.3694915254237288,0.35631701255748044,0.25769710540771484,0.0005166542810727937,-0.238637203851551
12,219,1,0.3711864406779661,0.35814454433108156,0.2561199367046356,0.0005246024688428231,-0.32361148925546845
12,220,1,0.3728813559322034,0.35896247864514425,0.25652581453323364,0.0005155467299362159,-0.3039125468367311
12,221,1,0.37457627118644066,0.36099105668282666,0.255099892616272,0.0003335931659108061,-0.43925370017469767
12,222,1,0.376271186440678,0.36298630475597415,0.2526814043521881,0.0003247982594177364,-0.5760480549659655
12,223,1,0.37796610169491524,0.3639640340390282,0.24956795573234558,0.0005515442379033108,-0.6784975503095074
12,224,1,0.37966101694915255,0.36542839264682114,0.2461135983467102,0.000542058057097049,-0.8729311039747734
12,225,1,0.3813559322033898,0.367414968325799,0.24902381002902985,0.0003440265575078268,-0.7728647848706394
12,226,1,0.38305084745762713,0.36882181464859576,0.2521188259124756,0.00037109246648474477,-0.5929132068881153
12,227,1,0.3847457627118644,0.3705164159472345,0.2537990212440491,0.00013536864100140318,-0.5726963288591511
12,228,1,0.3864406779661017,0.3717292234914964,0.25423526763916016,0.0005606565737910784,-0.4169372638875392
12,229,1,0.38813559322033897,0.3736469879795705,0.2523237466812134,0.00032808560628785476,-0.5948584395185328
12,230,1,0.3898305084745763,0.37624220565247374,0.24258798360824585,0.0008191129625745153,-0.9826652962181516
12,231,1,0.39152542372881355,0.3779998701716669,0.24293752014636993,0.0007216797307982703,-0.9934318324649937
12,232,1,0.39322033898305087,0.37995297606863676,0.2412327229976654,0.0008039220716599805,-1.0624964263045373
12,233,1,0.3949152542372881,0.38205245342457145,0.24160197377204895,0.0008474612833096041,-1.028556227026008
12,234,1,0.39661016949152544,0.3832928678093517,0.24525026977062225,0.0002430455479969666,-1.0132993663304322
12,235,1,0.3983050847457627,0.3850444032700111,0.2419605553150177,0.00017817287804741688,-1.2157410203840557
12,236,1,0.4,0.38636838728770806,0.24249976873397827,0.00046177002860954715,-1.0981098654245327
12,237,1,0.4016949152542373,0.38825278632683036,0.24105612933635712,0.00027452687918127626,-1.2360697041783406
12,238,1,0.4033898305084746,0.38992633910539753,0.24002905189990997,0.0001389372808274263,-1.3349561579338007
12,239,1,0.40508474576271186,0.39164128960729044,0.23813118040561676,9.95122355689134e-05,-1.4523654584786185
12,240,1,0.4067796610169492,0.3937572291729696,0.24165275692939758,0.0004655464179881397,-1.1438972082936743
12,241,1,0.40847457627118644,0.39538929810899215,0.24233873188495636,0.0002832668493189847,-1.1622622851010158
12,242,1,0.4101694915254237,0.3966119666901436,0.24070069193840027,0.000311054481693761,-1.24447318402909
12,243,1,0.411864406779661,0.3983004795900986,0.24174652993679047,0.00029394847792520325,-1.1917874367298262
12,244,1,0.4135593220338983,0.4000053637872094,0.2432248592376709,0.00025740744043686447,-1.121138509976602
12,245,1,0.4152542372881356,0.40092220215573027,0.242836594581604,0.0008990570615555626,-0.9441501002617279
12,246,1,0.41694915254237286,0.4019951577763655,0.24047677218914032,0.0012093274526048404,-0.9789802667639419
12,247,1,0.4186440677966102,0.40331860172828476,0.23941878974437714,0.0012316812722410631,-1.0307157027687666
12,248,1,0.42033898305084744,0.40381807266798647,0.23957212269306183,0.0019867408670859055,-0.7886162162350188
12,249,1,0.42203389830508475,0.4046590282951313,0.24189212918281555,0.0020989624601353164,-0.625283390993344
12,250,1,0.423728813559322,0.4058234900859655,0.24108850955963135,0.0018687072041513476,-0.7410695619793082
12,251,1,0.42542372881355933,0.4071381928393978,0.2421252727508545,0.001511087528119114,-0.7942344955244552
12,252,1,0.4271186440677966,0.40884438767077447,0.24400357902050018,0.0007639914555740381,-0.9212425367848405
12,253,1,0.4288135593220339,0.41014693460012636,0.245872363448143,0.0007138222958657669,-0.833164250800267
12,254,1,0.43050847457627117,0.4118959401504236,0.2465101033449173,0.00036239966233097686,-0.9065325520479304
12,255,1,0.4322033898305085,0.41350073270562987,0.2436644434928894,0.0002501132827255492,-1.0990259937279663
12,256,1,0.43389830508474575,0.41355354701841673,0.24375391006469727,0.001787933936496693,-0.6182976328605782
12,257,1,0.43559322033898307,0.4149521196055533,0.24027495086193085,0.0015666511862707112,-0.8796203345755067
12,258,1,0.43728813559322033,0.41629523359291964,0.24178946018218994,0.0014248334502610805,-0.8395360459483917
12,259,1,0.43898305084745765,0.4170657029028171,0.24571317434310913,0.001754187500987674,-0.5201225904464319
12,260,1,0.4406779661016949,0.41803792847204974,0.24842505156993866,0.0016732044810518088,-0.3948390305616454
12,261,1,0.4423728813559322,0.4192514526826718,0.2455221265554428,0.001580775633838032,-0.5843635799788044
12,262,1,0.4440677966101695,0.4205041316072004,0.2439732402563095,0.0014029299785890282,-0.7252505942254217
12,263,1,0.4457627118644068,0.4216904060685111,0.24467186629772186,0.0012688800208485052,-0.7279931308598213
12,264,1,0.44745762711864406,0.4235315125176403,0.24238848686218262,0.0006556061530724424,-1.0443102578210364
12,265,1,0.4491525423728814,0.4249502428630652,0.2468075156211853,0.0005386150291155511,-0.8355277065927226
12,266,1,0.45084745762711864,0.42579965117312824,0.24456343054771423,0.0011139042641508824,-0.7819506324552099
12,267,1,0.45254237288135596,0.4270308267331269,0.24452431499958038,0.0012066085956341389,-0.7554383506233994
12,268,1,0.4542372881355932,0.428052497252773,0.24545051157474518,0.0015200432421420707,-0.6071229847469931
12,269,1,0.4559322033898305,0.4292327790242322,0.24034130573272705,0.001470007654466048,-0.9058412576415846
12,270,1,0.4576271186440678,0.4302366795470952,0.23962941765785217,0.0015367411718947444,-0.9246601844423706
12,271,1,0.45932203389830506,0.43115493217236417,0.2407837063074112,0.0017277456401175607,-0.8015773720730619
12,272,1,0.4610169491525424,0.43252917275176317,0.2377391904592514,0.001384531420527817,-1.0765388700554386
12,273,1,0.46271186440677964,0.4340626329380821,0.2413453906774521,0.0009702401089564538,-1.0047952622818974
12,274,1,0.46440677966101696,0.4346587886794719,0.24164199829101562,0.0015815478460291677,-0.7992268090465448
12,275,1,0.4661016949152542,0.43574755492244877,0.2403394728899002,0.0015983088861464701,-0.8662492247819286
12,276,1,0.46779661016949153,0.4362863032159987,0.23989063501358032,0.0022077162801176654,-0.7025938555107175
12,277,1,0.4694915254237288,0.43722349494540735,0.24291466176509857,0.002209807166767873,-0.5343044266551007
12,278,1,0.4711864406779661,0.4381469240877772,0.25298061966896057,0.0020765935262293134,-0.017492741549535916
12,279,1,0.4728813559322034,0.43933747969066744,0.2531983256340027,0.0017580717754154419,-0.10396758082556082
12,280,1,0.4745762711864407,0.4404922949670654,0.25292959809303284,0.0015007376910721616,-0.19847862002910793
12,281,1,0.47627118644067795,0.4411268827854286,0.2554643750190735,0.0019176478104756412,0.07102447709758014
12,282,1,0.47796610169491527,0.4421167308125236,0.2571159899234772,0.001903646743385905,0.15825319568855323
12,283,1,0.47966101694915253,0.44244951993187326,0.2548814117908478,0.002563309305222876,0.23846059630919247
12,284,1,0.48135593220338985,0.4435567542877153,0.2532966136932373,0.002234085009682295,0.04874945115803673
12,285,1,0.4830508474576271,0.44406026415145133,0.2566646635532379,0.0024966899761087336,0.31670789134836996
12,286,1,0.4847457627118644,0.44448051805624117,0.2592756152153015,0.002809781412824579,0.5583146106548625
12,287,1,0.4864406779661017,0.44508565201916106,0.2592245042324066,0.002795594260834049,0.5510919786480126
12,288,1,0.488135593220339,0.4454406278208977,0.25869041681289673,0.0030996514809193566,0.6155526083960039
12,289,1,0.48983050847457626,0.44577003100873713,0.2621817886829376,0.003241216676375573,0.8529005335866108
12,290,1,0.4915254237288136,0.44657613234649873,0.26073557138442993,0.0028625570529354372,0.655577646507024
12,291,1,0.49322033898305084,0.4473098596943719,0.26584771275520325,0.00265273327762665,0.8740637614231259
12,292,1,0.49491525423728816,0.4483888057222184,0.2623252272605896,0.0021298391685828522,0.5170160352284341
12,293,1,0.4966101694915254,0.44924409604297544,0.2599022686481476,0.0020115933231559958,0.34611209333715387
12,294,1,0.49830508474576274,0.44992394732952873,0.2604600191116333,0.002200258295162254,0.4354009108625708
12,295,1,0.5,0.4500951434994901,0.2604435682296753,0.0028660158709584316,0.6404599917902998
12,296,1,0.5016949152542373,0.4501827791173454,0.25919806957244873,0.003474701204382634,0.7597275973443256
12,297,1,0.5033898305084745,0.45107730413417263,0.2584393620491028,0.0030286695363371686,0.5796746340632952
12,298,1,0.5050847457627119,0.4515294181956994,0.2600895166397095,0.0030348574976096655,0.6730684483276295
12,299,1,0.5067796610169492,0.45158426042417443,0.2621839940547943,0.003381382985677349,0.8963872320641736
12,300,1,0.5084745762711864,0.4527775437029112,0.26615652441978455,0.0025603789381116893,0.8626108659471377
12,301,1,0.5101694915254237,0.4544599589693973,0.2631145119667053,0.0015266548180169915,0.37415924556186053
12,302,1,0.511864406779661,0.457168142517963,0.2649920582771301,0.0009120885991506868,0.288110959103695
12,303,1,0.5135593220338983,0.46065253098118253,0.2648293077945709,0.0024105724043961673,0.7426872235829267
12,304,1,0.5152542372881356,0.4649876116369651,0.2647705376148224,0.004478585420926757,1.3792279109015086
12,305,1,0.5169491525423728,0.46943462293480015,0.26298245787620544,0.005873079735248294,1.711528911270443
12,306,1,0.5186440677966102,0.4741533043637026,0.27564409375190735,0.006848095172800035,2.7150990643307242
12,307,1,0.5203389830508475,0.4794561891969523,0.29334118962287903,0.00790468954461483,4.023058084551303
12,308,1,0.5220338983050847,0.48547912354153094,0.2931457459926605,0.009226709335251005,4.421227775074809
12,309,1,0.523728813559322,0.49204806781675886,0.29740116000175476,0.010672775634337451,5.104516366172119
12,310,1,0.5254237288135594,0.49908387351203043,0.310186505317688,0.012055220109119342,6.2409943582402025
12,311,1,0.5271186440677966,0.5045214308688131,0.3301113247871399,0.011260135178820031,7.09958165789683
12,312,1,0.5288135593220339,0.5093358252239615,0.32725661993026733,0.009808219116003254,6.492134195682471
12,313,1,0.5305084745762711,0.5137834859520809,0.3140147030353546,0.008291704423515052,5.2888668679885855
12,314,1,0.5322033898305085,0.517979213995291,0.3084273040294647,0.007053577932894668,4.596069310191118
12,315,1,0.5338983050847458,0.5219973057702003,0.29690420627593994,0.0063478345869888275,3.7389231279797928
12,316,1,0.535593220338983,0.52667311807155,0.3207356035709381,0.006654678162991741,5.1549918084802115
12,317,1,0.5372881355932203,0.5331732286461177,0.35555535554885864,0.008820465525662275,7.7553375917886616
12,318,1,0.5389830508474577,0.5426763402081066,0.3861703872680664,0.01347614141414198,10.892904803680661
12,319,1,0.5406779661016949,0.5546817004077278,0.26749861240386963,0.019307220060559252,6.118124247177617
12,320,1,0.5423728813559322,0.5672703737816,0.2631911039352417,0.023724794775049532,7.246032041052009
12,321,1,0.5440677966101695,0.5786861855821224,0.26258596777915955,0.02499129264805948,7.604312377153956
12,322,1,0.5457627118644067,0.5876688461390397,0.2606324851512909,0.022595713970975637,6.754876942910011
12,323,1,0.5474576271186441,0.5940904459234946,0.2602642774581909,0.01776918727269726,5.241241174972773
12,324,1,0.5491525423728814,0.598081008178815,0.26263344287872314,0.011907563149076024,3.5591199153157578
12,325,1,0.5508474576271186,0.6002164634498343,0.2605304419994354,0.006340359820791465,1.7201632477818563
12,326,1,0.5525423728813559,0.6012399813038269,0.2600947618484497,0.0024367520222588084,0.48831826397945477
12,327,1,0.5542372881355933,0.6017648742052653,0.25912392139434814,0.0013282110842477634,0.09153920642106547
12,328,1,0.5559322033898305,0.6020663051041169,0.26159805059432983,0.0025037588534933975,0.5923863461710477
12,329,1,0.5576271186440678,0.6020631593809862,0.26093125343322754,0.0035032288079494974,0.8646356983511007
12,330,1,0.559322033898305,0.60217595236208,0.26633989810943604,0.003852109809643693,1.2724102602086251
12,331,1,0.5610169491525424,0.6025983184720818,0.26016491651535034,0.0036637364642051625,0.8718099990002789
12,332,1,0.5627118644067797,0.6027952438176931,0.2610819339752197,0.003675172185297963,0.9261845353170233
12,333,1,0.5644067796610169,0.6030089120162365,0.2631809711456299,0.0036437386651486255,1.0328237144837962
12,334,1,0.5661016949152542,0.6027155747725759,0.26409250497817993,0.0041735140676218575,1.2472573979540198
12,335,1,0.5677966101694916,0.6027339328641541,0.2623239755630493,0.004290061578667586,1.185272968633796
12,336,1,0.5694915254237288,0.6027889297110212,0.2580675184726715,0.004268968329818617,0.9427825473183584
12,337,1,0.5711864406779661,0.6030418161764912,0.2564830780029297,0.004014503337680568,0.7762201475136739
12,338,1,0.5728813559322034,0.6030299965615661,0.25638145208358765,0.004034548992669378,0.7767880197051887
12,339,1,0.5745762711864407,0.6032029645791709,0.25764572620391846,0.00394018642231213,0.8176816610730282
12,340,1,0.576271186440678,0.6032993057109274,0.25408270955085754,0.0039611032193098295,0.6266304056319324
12,341,1,0.5779661016949152,0.6037396977146425,0.2567884027957916,0.0036483052155712333,0.6798525778619077
12,342,1,0.5796610169491525,0.6041348539266809,0.2585422098636627,0.003427619388070723,0.7088026924966162
12,343,1,0.5813559322033899,0.6045383993805675,0.2539138197898865,0.003300288275462764,0.41282576502524604
12,344,1,0.5830508474576271,0.6052622585909666,0.25508904457092285,0.0029102877654128435,0.3573187743404655
12,345,1,0.5847457627118644,0.6059899210958909,0.25112980604171753,0.002673363480498363,0.06453173970200138
12,346,1,0.5864406779661017,0.6068035697835137,0.25364768505096436,0.0024222706381876614,0.12643232906858395
12,347,1,0.588135593220339,0.6075455896830853,0.2525913417339325,0.0023474297028242986,0.04471779569046079
12,348,1,0.5898305084745763,0.6080607162335767,0.2496638149023056,0.0025841007279622675,-0.04435418331073043
12,349,1,0.5915254237288136,0.6089497237459005,0.2542822062969208,0.002394707626291003,0.1530807930801209
12,350,1,0.5932203389830508,0.6098971905087134,0.2589471936225891,0.0021871915259805298,0.34749203591330674
12,351,1,0.5949152542372881,0.6109747294523709,0.25773128867149353,0.0018830577636229796,0.18599364018987305
12,352,1,0.5966101694915255,0.6119692771591692,0.25641512870788574,0.001745794999146082,0.0705637166969059
12,353,1,0.5983050847457627,0.6128499672936492,0.25794002413749695,0.0018422450960641924,0.184938718386175
12,354,1,0.6,0.6141216847514733,0.2598564326763153,0.0015455885251771818,0.19939923527751438
12,355,1,0.6016949152542372,0.61549563686442,0.25490668416023254,0.0012277599729205047,-0.17332860392975244
12,356,1,0.6033898305084746,0.6165253615343036,0.25379130244255066,0.001328262156049186,-0.2040686536671352
12,357,1,0.6050847457627119,0.6175461715223136,0.26122230291366577,0.0014464732618227772,0.24445466562738158
12,358,1,0.6067796610169491,0.6193307548588027,0.2548220157623291,0.0008793362161093567,-0.2858171661535559
12,359,1,0.6084745762711864,0.6206269158406497,0.25775280594825745,0.0008420475274851946,-0.13487967301527917
12,360,1,0.6101694915254238,0.6221577082953116,0.2582312822341919,0.0005940748168806897,-0.18507186925749797
12,361,1,0.611864406779661,0.6228526582496141,0.2584604322910309,0.001307211552830161,0.04826064951216283
12,362,1,0.6135593220338983,0.6237750821124914,0.25640085339546204,0.0017114093717779544,0.059134165077442555
12,363,1,0.6152542372881356,0.6246120199434194,0.25529995560646057,0.001985553354272156,0.08291809467762955
12,364,1,0.6169491525423729,0.6260685530397041,0.24550743401050568,0.00152529628367991,-0.6023422055332679
12,365,1,0.6186440677966102,0.6277468564847367,0.24485786259174347,0.0008247040247454251,-0.8551005740810319
12,366,1,0.6203389830508474,0.6293649107718312,0.24564653635025024,0.00043019929643158146,-0.9334302486298829
12,367,1,0.6220338983050847,0.6309123360138179,0.24813513457775116,0.00028023121927982393,-0.8418670678817184
12,368,1,0.6237288135593221,0.6325432700417708,0.2507207989692688,0.0002243762089265566,-0.7158062861374496
12,369,1,0.6254237288135593,0.634020804480088,0.24682492017745972,0.0003655210211260129,-0.8881144135296806
12,370,1,0.6271186440677966,0.6356300491662679,0.24813206493854523,0.0003247633337839939,-0.8282599611934851
12,371,1,0.6288135593220339,0.638169832216271,0.24585646390914917,0.0006487351176099732,-0.8541822435612105
12,372,1,0.6305084745762712,0.6401096048903052,0.24538511037826538,0.0007741337410309257,-0.8415169687914248
12,373,1,0.6322033898305085,0.6425806013102984,0.24680520594120026,0.0013535464488904757,-0.5835335048430149
12,374,1,0.6338983050847458,0.6444078033748785,0.24709674715995789,0.0010407993059179787,-0.664128609961643
12,375,1,0.635593220338983,0.6461767060558463,0.24824641644954681,0.0006152634347331832,-0.7320461928771149
12,376,1,0.6372881355932203,0.6474204634272633,0.24491026997566223,0.00040254118368278954,-0.9828033708432361
12,377,1,0.6389830508474577,0.6495136483944393,0.240739107131958,0.00015209437916624167,-1.291522400993189
12,378,1,0.6406779661016949,0.6518242111914461,0.2454904168844223,0.0007000737051643513,-0.8585916878013024
12,379,1,0.6423728813559322,0.6538053428238535,0.24873298406600952,0.0008271033834298791,-0.6395336899746003
12,380,1,0.6440677966101694,0.655208965632951,0.24820590019226074,0.0004760676791292932,-0.7773564581941251
12,381,1,0.6457627118644068,0.655389478861538,0.2459162473678589,0.0014430453223093376,-0.6051255532100551
12,382,1,0.6474576271186441,0.6563200509404958,0.24773794412612915,0.001981430860126159,-0.33757150270781877
12,383,1,0.6491525423728813,0.6571177761789768,0.25026804208755493,0.0023076655589076168,-0.09638081641355305
12,384,1,0.6508474576271186,0.6578963394351651,0.24987153708934784,0.002357210641500145,-0.10303362696163389
12,385,1,0.652542372881356,0.6588143520240572,0.24631881713867188,0.0021110415031615638,-0.37614470597766364
12,386,1,0.6542372881355932,0.6603092391984045,0.2510371804237366,0.0014723726194441778,-0.3121638598106533
12,387,1,0.6559322033898305,0.6607155743348319,0.2537577450275421,0.002063334547493927,0.021486606988909474
12,388,1,0.6576271186440678,0.6609015011762289,0.25475066900253296,0.00277685724506062,0.29727976322991284
12,389,1,0.6593220338983051,0.660599673877049,0.24997787177562714,0.003829974979506505,0.3585028252165595
12,390,1,0.6610169491525424,0.6608043505306544,0.24848559498786926,0.004071628789148978,0.35053817103668994
12,391,1,0.6627118644067796,0.6610271952894007,0.24774304032325745,0.003972561863465245,0.27872409582261676
12,392,1,0.6644067796610169,0.6618294364473551,0.2487727552652359,0.003248225944152987,0.11171431587721337
12,393,1,0.6661016949152543,0.6628594078415322,0.25712573528289795,0.0024502383677575,0.32789713322954106
12,394,1,0.6677966101694915,0.6630972441200231,0.252921462059021,0.002777335580387357,0.19602225710030868
12,395,1,0.6694915254237288,0.6641839788960207,0.2535374164581299,0.0022638242017320055,0.07129946679372247
12,396,1,0.6711864406779661,0.6656017251958439,0.25073498487472534,0.0016352738035637238,-0.27851851216541024
12,397,1,0.6728813559322034,0.6678412039526437,0.25224918127059937,0.0007405298366926334,-0.47139074320664537
12,398,1,0.6745762711864407,0.669271991998192,0.2534935474395752,0.00029086874801981623,-0.5415224513860918
12,399,1,0.676271186440678,0.6699005473457335,0.25558242201805115,0.0010686598381164803,-0.18508997531730356
12,400,1,0.6779661016949152,0.6718477098805493,0.2562619745731354,0.0006753242485017754,-0.26910728060240563
12,401,1,0.6796610169491526,0.6745807522981067,0.2563174366950989,0.0006467183964605851,-0.274882669600003
12,402,1,0.6813559322033899,0.6756984105037815,0.2548597455024719,0.0005261217675039674,-0.39300249663767267
12,403,1,0.6830508474576271,0.6776362590690661,0.2560305595397949,0.0005549613726387143,-0.31917388732198915
12,404,1,0.6847457627118644,0.6801069524692696,0.2575244903564453,0.0009216873582187768,-0.12289792325489057
12,405,1,0.6864406779661016,0.682196162014042,0.2560657262802124,0.0009460862558111472,-0.19621873212365445
12,406,1,0.688135593220339,0.6845855897658323,0.25607746839523315,0.0014316615786176112,-0.04534123129213399
12,407,1,0.6898305084745763,0.6868008337589648,0.2580781877040863,0.0014251107562374809,0.0635456853472505
12,408,1,0.6915254237288135,0.6897808165921657,0.2550866901874542,0.0021139499169636877,0.11081846236542231
12,409,1,0.6932203389830508,0.691492203435603,0.25133270025253296,0.0014068707296769466,-0.3160460428909018
12,410,1,0.6949152542372882,0.6941636952617172,0.24966710805892944,0.0017543522004008338,-0.30087795847234194
12,411,1,0.6966101694915254,0.696309627271901,0.25160661339759827,0.0015057578366134815,-0.27026761494535106
12,412,1,0.6983050847457627,0.6986689882537288,0.2558073103427887,0.001487920440207192,-0.04291266491692655
12,413,1,0.7,0.7011624563758398,0.2514835596084595,0.0017593456469274637,-0.19863471981053804
12,414,1,0.7016949152542373,0.7042708279120695,0.25395333766937256,0.0024501539480979283,0.15200324708683227
12,415,1,0.7033898305084746,0.7084477695778917,0.2571384608745575,0.0041003124513320065,0.8391000103533527
12,416,1,0.7050847457627119,0.7110986877843982,0.2590470612049103,0.003716695081340883,0.8262238649083108
12,417,1,0.7067796610169491,0.7136519221298434,0.254876971244812,0.003162504544118717,0.4235925380206669
12,418,1,0.7084745762711865,0.7160282130585878,0.2552102506160736,0.0024164290343621896,0.21124879406569003
12,419,1,0.7101694915254237,0.7183445984420987,0.2536415159702301,0.001793468131243604,-0.06844762861422639
12,420,1,0.711864406779661,0.7204600703759068,0.25513964891433716,0.001434732848999849,-0.09638081541879902
12,421,1,0.7135593220338983,0.7234473263109746,0.25490880012512207,0.002081643136190593,0.09096177284178834
12,422,1,0.7152542372881356,0.7261016713166415,0.25367337465286255,0.002287137096574644,0.08604907041270189
12,423,1,0.7169491525423729,0.7289013734973677,0.25265148282051086,0.0025684747127874396,0.1164383977825727
12,424,1,0.7186440677966102,0.730368930776746,0.2531675100326538,0.001511956023294324,-0.18181881811858783
12,425,1,0.7203389830508474,0.7320847694143915,0.2529427409172058,0.0007415566765422117,-0.4326242906803508
12,426,1,0.7220338983050848,0.7338514207203266,0.25565776228904724,0.0003144179882905324,-0.41425954343226956
12,427,1,0.7237288135593221,0.7358873670519814,0.254798948764801,0.000341261276598599,-0.4535647344985139
12,428,1,0.7254237288135593,0.7373236314323044,0.25557035207748413,0.00016179151274162563,-0.4663246381271212
12,429,1,0.7271186440677966,0.7382110681507481,0.2578212022781372,0.0008202111771777476,-0.13784369196418483
12,430,1,0.7288135593220338,0.7390406756143972,0.2561180293560028,0.0015221783976177728,-0.01508870312132271
12,431,1,0.7305084745762712,0.7395395478308735,0.25947484374046326,0.0023206199046591647,0.41802317150447954
12,432,1,0.7322033898305085,0.7402339730526208,0.2602814733982086,0.0025392398776348402,0.530376503200704
12,433,1,0.7338983050847457,0.7408172759271294,0.25582051277160645,0.0026835224082053678,0.32771275468602695
12,434,1,0.735593220338983,0.7415796007577877,0.2571142017841339,0.002572749521642397,0.36516006670346873
12,435,1,0.7372881355932204,0.7424536024208599,0.25278258323669434,0.002333479144417854,0.05100362193474446
12,436,1,0.7389830508474576,0.7436309225743993,0.256391316652298,0.0018846726383750113,0.11220940385411748
12,437,1,0.7406779661016949,0.7442725071843574,0.2597620189189911,0.002092325408861522,0.36331385834905616
12,438,1,0.7423728813559322,0.744465835285562,0.26326295733451843,0.0027628051219639894,0.7648268918050003
12,439,1,0.7440677966101695,0.7442851490082778,0.261096715927124,0.003665050031191734,0.9238724237020834
12,440,1,0.7457627118644068,0.7448518649323342,0.26151472330093384,0.0035562207539897735,0.9133760045192889
12,441,1,0.747457627118644,0.7458017589585166,0.26168206334114075,0.0029115623172911043,0.7232093645882434
12,442,1,0.7491525423728813,0.7463953626549326,0.26942092180252075,0.002700271564414979,1.0868585809207465
12,443,1,0.7508474576271187,0.7465300579730001,0.2629753351211548,0.003047958088690088,0.8371022100075172
12,444,1,0.752542372881356,0.7473967783593607,0.26247438788414,0.0027424649435100635,0.714818262581821
12,445,1,0.7542372881355932,0.7487852310818199,0.2607618570327759,0.001990240577807433,0.3871588960612578
12,446,1,0.7559322033898305,0.7492661216524299,0.261569619178772,0.002255218038023298,0.5139170182461055
12,447,1,0.7576271186440678,0.7497777827005112,0.2609996795654297,0.0024612467393163185,0.5460622008293046
12,448,1,0.7593220338983051,0.7504463284019636,0.26358482241630554,0.002604632219741736,0.7337347899944484
12,449,1,0.7610169491525424,0.751332856536671,0.2624703347682953,0.0024804915956849905,0.633544654662941
12,450,1,0.7627118644067796,0.7522017930630767,0.2614089846611023,0.002248461432992137,0.5029215964794856
12,451,1,0.764406779661017,0.753251318224154,0.2534180283546448,0.0019328541245764597,-0.037714054089726
12,452,1,0.7661016949152543,0.7547168907170332,0.2558937966823578,0.001335665512608013,-0.08522253157541079
12,453,1,0.7677966101694915,0.7562814083441303,0.25844454765319824,0.0008387884642783327,-0.09753996763896922
12,454,1,0.7694915254237288,0.7583006961469682,0.26080965995788574,0.0003114959257867596,-0.12955852689370684
12,455,1,0.7711864406779662,0.7603902018259996,0.2583886384963989,0.0005081412947533071,-0.20293451424736414
12,456,1,0.7728813559322034,0.7625269463487089,0.2603258192539215,0.000860164917001206,0.013365240790578548
12,457,1,0.7745762711864407,0.7645649405319073,0.2612435817718506,0.0009456451922806708,0.09068887234251555
12,458,1,0.7762711864406779,0.767094312797179,0.2544746696949005,0.0014041344106081443,-0.14271167492924142
12,459,1,0.7779661016949152,0.7694883132072821,0.2540857791900635,0.0015997306581585057,-0.10375727458505488
12,460,1,0.7796610169491526,0.7712257367648087,0.2516467571258545,0.0010626263703644844,-0.40513751166080264
12,461,1,0.7813559322033898,0.7735759956011639,0.2506481111049652,0.0012381876026947413,-0.4061844462126398
12,462,1,0.7830508474576271,0.7759869537992521,0.2508732080459595,0.0013963820334688248,-0.34476382578862375
12,463,1,0.7847457627118644,0.7782833821563535,0.24803109467029572,0.0014696501400519712,-0.47965409723468777
12,464,1,0.7864406779661017,0.7804255896138608,0.2474624365568161,0.0014130903602913702,-0.5286770971985463
12,465,1,0.788135593220339,0.7825229134099692,0.24690809845924377,0.0012104509441367272,-0.6221001361417928
12,466,1,0.7898305084745763,0.7848499050258142,0.25049474835395813,0.0013007131077804445,-0.3953423502030907
12,467,1,0.7915254237288135,0.7872719514480976,0.24715960025787354,0.001507021723423303,-0.5164050490346018
12,468,1,0.7932203389830509,0.7887785103376246,0.2463468313217163,0.0008620552798857582,-0.7610011456609262
12,469,1,0.7949152542372881,0.7899685325648768,0.25120842456817627,0.00047161796821475405,-0.6122825736926585
12,470,1,0.7966101694915254,0.7911302920114622,0.24866798520088196,0.0008314150058159208,-0.6418030999109465
12,471,1,0.7983050847457627,0.7925167433754062,0.24857494235038757,0.0010150603882839327,-0.5901451744601877
12,472,1,0.8,0.7936333280009422,0.2520981431007385,0.001209673744575106,-0.33462079671193107
12,473,1,0.8016949152542373,0.7943714588809638,0.2473486065864563,0.0016852472803829,-0.4507879795556937
12,474,1,0.8033898305084746,0.7951303255512373,0.24643108248710632,0.002027112189131196,-0.3958869908763414
12,475,1,0.8050847457627118,0.7959182279423485,0.25142529606819153,0.0022392181829638137,-0.05340243232335627
12,476,1,0.8067796610169492,0.7976505125912821,0.2542649209499359,0.0013745505655975944,-0.16349209211883023
12,477,1,0.8084745762711865,0.7980698733394609,0.25044184923171997,0.001942240075171896,-0.19980027411381415
12,478,1,0.8101694915254237,0.7993362604155139,0.2509613037109375,0.0016004566137431831,-0.2767437953187321
12,479,1,0.811864406779661,0.8000259250599983,0.2516521215438843,0.0019622756853279345,-0.1265079884392613
12,480,1,0.8135593220338984,0.801218175438302,0.24985964596271515,0.001796949586436657,-0.277025546779906
12,481,1,0.8152542372881356,0.8020109108935283,0.257100373506546,0.0018961298429653484,0.1550619033200591
12,482,1,0.8169491525423729,0.8022542357408013,0.25619402527809143,0.00263806438420912,0.3343553816170801
12,483,1,0.8186440677966101,0.8030503064369963,0.2560478448867798,0.002571487519336073,0.3056541502530197
12,484,1,0.8203389830508474,0.80411054385224,0.2562255263328552,0.0022673454483418277,0.2214092407163331
12,485,1,0.8220338983050848,0.805313081706331,0.2538606822490692,0.0017878996977353668,-0.05802049136185742
12,486,1,0.823728813559322,0.8065702607797014,0.2510090172290802,0.0013562633275656256,-0.3496468550667109
12,487,1,0.8254237288135593,0.8077550859519091,0.2536011040210724,0.0012504444150828898,-0.2386877916410175
12,488,1,0.8271186440677966,0.808684265164491,0.24948859214782715,0.0014974600812292672,-0.3902512134930163
12,489,1,0.8288135593220339,0.8100795120361539,0.2495228350162506,0.0012456435376290865,-0.46625951557634193
12,490,1,0.8305084745762712,0.8111706756572592,0.251982182264328,0.0013460874989795358,-0.29884582173454177
12,491,1,0.8322033898305085,0.8124626128852838,0.24613536894321442,0.0012042539903444217,-0.6668550397770096
12,492,1,0.8338983050847457,0.8130587876140338,0.25197622179985046,0.0017849609949380108,-0.16339823651658253
12,493,1,0.8355932203389831,0.8145242811572648,0.25443127751350403,0.0014130980640927205,-0.14234403981698227
12,494,1,0.8372881355932204,0.8149356904899256,0.2549450099468231,0.002112881011709632,0.10263345814433988
12,495,1,0.8389830508474576,0.8157264049427084,0.25290921330451965,0.0022634202670934623,0.036348886613247845
12,496,1,0.8406779661016949,0.8159522900725504,0.24982495605945587,0.002853483151607621,0.047920101274547294
12,497,1,0.8423728813559322,0.8163674633078875,0.24563218653202057,0.003161685530899754,-0.08916270082272804
12,498,1,0.8440677966101695,0.8170154816513466,0.2500501275062561,0.002974462725096232,0.09783137612250728
12,499,1,0.8457627118644068,0.8179931777576273,0.2539890706539154,0.002516714409170855,0.17457654582759144
12,500,1,0.847457627118644,0.818982602299324,0.25192901492118835,0.0020939830712038577,-0.07041045779107871
12,501,1,0.8491525423728814,0.8201290320298031,0.2507988512516022,0.0017051313974180572,-0.25336552451289723
12,502,1,0.8508474576271187,0.8210053225492642,0.250302255153656,0.0017692330584359473,-0.2610635794454867
12,503,1,0.8525423728813559,0.8221762427399666,0.24753837287425995,0.0015957730922129144,-0.4679493203061167
12,504,1,0.8542372881355932,0.8243654028876478,0.2534211277961731,0.0006980628293221616,-0.41956008361749275
12,505,1,0.8559322033898306,0.8259208576411825,0.25060445070266724,0.0004171391650008054,-0.662619558767155
12,506,1,0.8576271186440678,0.8274735926540409,0.2461380660533905,0.00023983162678149533,-0.965077044429943
12,507,1,0.8593220338983051,0.8294437643240354,0.24517680704593658,0.00022276675586223543,-1.0236457311236193
12,508,1,0.8610169491525423,0.8316595771256183,0.24698875844478607,0.0006141905757168065,-0.8020987255442934
12,509,1,0.8627118644067797,0.8337035455259296,0.24854333698749542,0.000834615416535468,-0.6477230675067365
12,510,1,0.864406779661017,0.8364232254043666,0.24921831488609314,0.0016086233237857083,-0.37084302183136464
12,511,1,0.8661016949152542,0.839238335982625,0.24850496649742126,0.0021863257144626013,-0.2316601310115363
12,512,1,0.8677966101694915,0.8424584246108473,0.2503507435321808,0.0029577714280375326,0.10933265715137935
12,513,1,0.8694915254237288,0.8459428085062212,0.2496403008699417,0.0037424434521041564,0.31270858270890245
12,514,1,0.8711864406779661,0.8496251937372316,0.24913142621517181,0.004365012938041658,0.47710776937524507
12,515,1,0.8728813559322034,0.8534241099955276,0.2562103867530823,0.0048634371131215225,1.023744840583298
12,516,1,0.8745762711864407,0.8574039624298426,0.25252601504325867,0.0052968460442108355,0.95358223067014
12,517,1,0.8762711864406779,0.861290143087441,0.25068190693855286,0.005446642247060386,0.897694385670259
12,518,1,0.8779661016949153,0.8653632440464891,0.2500571310520172,0.005682909560803541,0.9361547932748531
12,519,1,0.8796610169491526,0.8703918795429733,0.2484763264656067,0.006777032479973284,1.1870180322651858
12,520,1,0.8813559322033898,0.8741326760820656,0.25366008281707764,0.006275886632204198,1.31934547729463
12,521,1,0.8830508474576271,0.8781374038496897,0.24819990992546082,0.006098435986772633,0.961751215752902
12,522,1,0.8847457627118644,0.882767000402283,0.24879901111125946,0.006516217348803656,1.1242160678279656
12,523,1,0.8864406779661017,0.8865126208757589,0.25465553998947144,0.005910898733331128,1.2616110981107682
12,524,1,0.888135593220339,0.8906788163487146,0.25932061672210693,0.006046908873090435,1.5623069230438305
12,525,1,0.8898305084745762,0.8943807039813237,0.2538469135761261,0.005612261439037326,1.1243914353849147
12,526,1,0.8915254237288136,0.8978395738909845,0.2501852810382843,0.005010306315789538,0.7351700574409006
12,527,1,0.8932203389830509,0.9007615224044985,0.24840715527534485,0.004164111457128179,0.3748018666785714
12,528,1,0.8949152542372881,0.903679022748509,0.24833358824253082,0.003519386418953786,0.17125948953705955
12,529,1,0.8966101694915254,0.9064721064635077,0.24487300217151642,0.0030624185340039477,-0.16196057191936125
12,530,1,0.8983050847457628,0.9093111713744568,0.24196979403495789,0.002878632824407047,-0.3797646638678657
12,531,1,0.9,0.9113905968419989,0.24118216335773468,0.0020901589210809823,-0.6673652939424801
12,532,1,0.9016949152542373,0.9134508700574291,0.24371515214443207,0.0014931635271361165,-0.7116418712451023
12,533,1,0.9033898305084745,0.9154232243241216,0.2482636719942093,0.0010225559665985994,-0.6050820556029581
12,534,1,0.9050847457627119,0.9171387698721414,0.24248705804347992,0.0005003220494649141,-1.0868873406432424
12,535,1,0.9067796610169492,0.9180889664482793,0.24089407920837402,0.0005063809988182943,-1.1733225798614204
12,536,1,0.9084745762711864,0.9199093959021722,0.2389298677444458,0.00042186223880696504,-1.308360585027778
12,537,1,0.9101694915254237,0.9216889027579674,0.24176274240016937,0.00033870083072280526,-1.1770432537944573
12,538,1,0.911864406779661,0.9232560956072596,0.24358585476875305,0.00023177058664057332,-1.1090575413938795
12,539,1,0.9135593220338983,0.9247561571667514,0.2451806515455246,0.00022416518534311587,-1.0229999601449145
12,540,1,0.9152542372881356,0.9260804682944421,0.24727724492549896,0.0005666517372704282,-0.8008134338749112
12,541,1,0.9169491525423729,0.9273682043691243,0.24965500831604004,0.0008216837606557658,-0.5900962735719351
12,542,1,0.9186440677966101,0.9283872814328252,0.25393399596214294,0.001222432099744002,-0.22889971457679265
12,543,1,0.9203389830508475,0.929893629844639,0.24850322306156158,0.0009988801443216611,-0.5991268860405132
12,544,1,0.9220338983050848,0.9312614674242068,0.2456386834383011,0.0009154107342257289,-0.7837516127948365
12,545,1,0.923728813559322,0.9323061680974359,0.24828019738197327,0.0011659598434377461,-0.5597998666601232
12,546,1,0.9254237288135593,0.9331943587735956,0.2504059672355652,0.0015122600993560265,-0.3348160103101353
12,547,1,0.9271186440677966,0.9342305416274469,0.248550683259964,0.0016778465806972943,-0.3864382381787339
12,548,1,0.9288135593220339,0.9349197104376507,0.24725614488124847,0.002072905716195521,-0.3359805890887876
12,549,1,0.9305084745762712,0.9359196333050569,0.2452842742204666,0.0019875436021502425,-0.47170411168198767
12,550,1,0.9322033898305084,0.9371438585657549,0.24603034555912018,0.0016666846433574956,-0.5296111145374024
12,551,1,0.9338983050847458,0.9382899295968469,0.2397983968257904,0.0015079885603053334,-0.924187948880347
12,552,1,0.9355932203389831,0.9390580949798577,0.2439683973789215,0.0017546701696444945,-0.616698222829644
12,553,1,0.9372881355932203,0.9396845915604785,0.2450350522994995,0.0021627697245755074,-0.4313090016653428
12,554,1,0.9389830508474576,0.9402156020861198,0.2414173185825348,0.00257299876278959,-0.504948770370202
12,555,1,0.940677966101695,0.9406848449588953,0.24017475545406342,0.0028716917701053103,-0.48142338267491563
12,556,1,0.9423728813559322,0.9411160134250837,0.23987658321857452,0.0030392521444290044,-0.44611354197454656
12,557,1,0.9440677966101695,0.9416168136176478,0.24338379502296448,0.0030529315631713395,-0.24745260761905868
12,558,1,0.9457627118644067,0.9425401037159771,0.24738219380378723,0.0026126969791344257,-0.16199303245307714
12,559,1,0.9474576271186441,0.9429732405119227,0.24485033750534058,0.002760685590653166,-0.25656670897483747
12,560,1,0.9491525423728814,0.9435260121774522,0.242026224732399,0.0027800128133804326,-0.40714723209760273
12,561,1,0.9508474576271186,0.9442579212306714,0.24108344316482544,0.002650603448253396,-0.49944855625254897
12,562,1,0.9525423728813559,0.9445332913102819,0.24481968581676483,0.0030355102718988714,-0.17324110052011077
12,563,1,0.9542372881355933,0.9450910039146455,0.2481519728899002,0.002976094566111408,-0.006891502792129078
12,564,1,0.9559322033898305,0.9454209705282417,0.24826562404632568,0.0031755688031959318,0.06112199674985275
12,565,1,0.9576271186440678,0.9454814431019392,0.24439775943756104,0.0035888358171958386,-0.025444359342479628
12,566,1,0.9593220338983051,0.9457681220799266,0.24807536602020264,0.003608037307025373,0.18437113676411188
12,567,1,0.9610169491525423,0.9459995165557724,0.24595938622951508,0.00368535052359069,0.09098690259146774
12,568,1,0.9627118644067797,0.9461179777909429,0.24187259376049042,0.0037940174487019625,-0.10195283927615084
12,569,1,0.964406779661017,0.9466347943730754,0.24465307593345642,0.003451452682244714,-0.05379379934371248
12,570,1,0.9661016949152542,0.9468853296457211,0.244581937789917,0.003489255227383041,-0.04604218086751605
12,571,1,0.9677966101694915,0.9473738990561306,0.24236124753952026,0.003279987708422265,-0.23389314641374181
12,572,1,0.9694915254237289,0.9475971653398896,0.24307161569595337,0.0034003170497527864,-0.15728525639665825
12,573,1,0.9711864406779661,0.9478984187697095,0.2431517243385315,0.003468860507169562,-0.1316384140351689
12,574,1,0.9728813559322034,0.9478905334475538,0.2440236657857895,0.0037926519284837575,0.016873381043154723
12,575,1,0.9745762711864406,0.9480381053156717,0.24432271718978882,0.0038963810108240556,0.06554339816451504
12,576,1,0.976271186440678,0.948047703961489,0.2451339215040207,0.004052833929892046,0.15891718587733683
12,577,1,0.9779661016949153,0.9482336438143355,0.24321089684963226,0.003979528732445352,0.02963168311585329
12,578,1,0.9796610169491525,0.9484467041841025,0.2408653050661087,0.0038502746238348747,-0.14038900428247347
12,579,1,0.9813559322033898,0.9485509362843001,0.2443244904279709,0.0038850852077744343,0.06214702255793447
12,580,1,0.9830508474576272,0.9486001023985171,0.24504424631595612,0.0039641268357145255,0.12650180898181673
12,581,1,0.9847457627118644,0.9487707850878999,0.24683021008968353,0.003931543755588756,0.21542953236283652
12,582,1,0.9864406779661017,0.949203917674965,0.24427884817123413,0.0036326964869147368,-0.018466879510165568
15,8,0,0.013071895424836602,0.9982493620445826,0.36790215969085693,nan,nan
15,9,0,0.014705882352941176,0.010858178919869921,0.3268841505050659,nan,nan
15,10,0,0.016339869281045753,0.019885620429896826,0.3241027295589447,nan,nan
15,11,0,0.017973856209150325,0.0261427145244553,0.3218523859977722,nan,nan
15,12,0,0.0196078431372549,0.029989908185227277,0.3374192714691162,0.011961457032351254,7.721685177516534
15,13,0,0.021241830065359478,0.03230116200504369,0.3289550542831421,0.006337574317006501,5.512547257263533
15,14,0,0.02287581699346405,0.033735051696357626,0.33000999689102173,0.0025426698260049606,4.396968185496612
15,15,0,0.024509803921568627,0.034720825553899874,0.32696810364723206,0.0009593354982283729,3.7384856035906786
15,16,0,0.026143790849673203,0.0354089536224262,0.3147868514060974,0.0015222654108807843,3.2373536050283884
15,17,0,0.027777777777777776,0.03594834704011236,0.3226633369922638,0.0023376333524943605,3.9262585426564054
15,18,0,0.029411764705882353,0.03665197650586286,0.3258441984653473,0.0025458001455110225,4.166997846794168
15,19,1,0.03104575163398693,0.0373525762561203,0.3275408148765564,0.0025744315976299215,4.269910891654762
15,20,1,0.032679738562091505,0.03829711331963143,0.333221971988678,0.002287832209673867,4.49618873139807
15,21,1,0.03431372549019608,0.039492763142273006,0.3296922445297241,0.0018142223113336176,4.153987007573525
15,22,1,0.03594771241830065,0.040995242429486024,0.3249150514602661,0.0011978470496607652,3.698461173960346
15,23,1,0.03758169934640523,0.042812979313615815,0.32192888855934143,0.0005258986538666757,3.3250313008197363
15,24,1,0.0392156862745098,0.04532799904011355,0.31743866205215454,0.0006839923156870942,3.1250180105032737
15,25,1,0.04084967320261438,0.04877386535139777,0.3067214787006378,0.002372137196850822,3.053166692378915
15,26,1,0.042483660130718956,0.053345569235754085,0.3060922920703888,0.004623565528925911,3.7148300330364927
15,27,1,0.04411764705882353,0.059368815715083886,0.2988992929458618,0.0075592303066887145,4.224304237515631
15,28,1,0.0457516339869281,0.06697896300397554,0.299492210149765,0.011030418495213369,5.331084628867194
15,29,1,0.04738562091503268,0.07560517292403905,0.3022272288799286,0.014243887424311359,6.476883614292483
15,30,1,0.049019607843137254,0.0844061152630579,0.3066116273403168,0.016337002870169856,7.36750577949163
15,31,1,0.05065359477124183,0.09210616759341553,0.3046559691429138,0.01627191869370155,7.238954582477799
15,32,1,0.05228758169934641,0.0985579311254353,0.30299994349479675,0.014539344256138438,6.611128472963621
15,33,1,0.05392156862745098,0.10299628316607234,0.3049265444278717,0.01108295426641055,5.648600504960752
15,34,1,0.05555555555555555,0.10635352534005289,0.3013160228729248,0.007592418879882752,4.368547991122034
15,35,1,0.05718954248366013,0.10936609421554866,0.29703208804130554,0.005118135236129763,3.365569976923309
15,36,1,0.058823529411764705,0.1115408783395315,0.29779770970344543,0.0029779377045793375,2.7458825821794424
15,37,1,0.06045751633986928,0.11133991223478118,0.29747474193573,0.0012449939995095504,2.1918427749183045
15,38,1,0.06209150326797386,0.11114158949783971,0.30230647325515747,0.002752995207813706,2.9262419171940186
15,39,1,0.06372549019607843,0.11103928714226956,0.30192017555236816,0.0040523136028305946,3.306807933597455
15,40,1,0.06535947712418301,0.11087622215648126,0.29830706119537354,0.004633676820299111,3.2863694798005403
15,41,1,0.06699346405228758,0.11097945258833619,0.2959718406200409,0.004364282342681618,3.073567325425354
15,42,1,0.06862745098039216,0.11103537609479767,0.29922306537628174,0.004218243924608888,3.208623879707302
15,43,1,0.07026143790849673,0.1112155774999752,0.297423392534256,0.00401148916867085,3.044890192905008
15,44,1,0.0718954248366013,0.11113639424633491,0.29417386651039124,0.0041347450117375385,2.902879372611608
15,45,1,0.07352941176470588,0.1111253011940157,0.292638897895813,0.0042108810865201535,2.8413403924596614
15,46,1,0.07516339869281045,0.11144424144449376,0.2913443148136139,0.003928402987461986,2.6821801242184726
15,47,1,0.07679738562091504,0.11183586574003072,0.2917502224445343,0.0036389950293490166,2.6151457756149172
15,48,1,0.0784313725490196,0.11225893234218304,0.28712740540504456,0.003371000487210606,2.2759595617932096
15,49,1,0.08006535947712418,0.11294813269209497,0.29185017943382263,0.0029624346612607145,2.411373859781761
15,50,1,0.08169934640522876,0.11344047116010748,0.2926078736782074,0.0029258040677679776,2.4420453336991557
15,51,1,0.08333333333333333,0.11375465455279679,0.28782904148101807,0.003110678103982122,2.2343179210888664
15,52,1,0.08496732026143791,0.11390104379805781,0.2884746491909027,0.003443986061912639,2.3732266956402195
15,53,1,0.08660130718954248,0.11452062792836715,0.28561243414878845,0.0032349297955719825,2.1498769657993635
15,54,1,0.08823529411764706,0.11494111049678057,0.2868511378765106,0.0032075710362265853,2.210082601982197
15,55,1,0.08986928104575163,0.11540965772186237,0.2888246178627014,0.003114183645313061,2.2905940905551687
15,56,1,0.0915032679738562,0.11582859143640012,0.2879232168197632,0.003109000723041726,2.239019760776858
15,57,1,0.09313725490196079,0.11648213238304425,0.28774887323379517,0.0029373466859831544,2.1762486345677976
15,58,1,0.09477124183006536,0.11712395930603933,0.28951409459114075,0.002785895876657356,2.2272513462104397
15,59,1,0.09640522875816994,0.11767611362941793,0.2853093445301056,0.002779453755593424,1.9921601439720948
15,60,1,0.09803921568627451,0.1182944045200216,0.2846522033214569,0.0027277768418787086,1.9397425725479693
15,61,1,0.09967320261437909,0.11860789955898161,0.28573042154312134,0.0030307350738240247,2.0932443642501015
15,62,1,0.10130718954248366,0.11889081169592793,0.2892638146877289,0.0032792647308620567,2.3660143194713408
15,63,1,0.10294117647058823,0.11949148411596255,0.2904128134250641,0.003120305408299594,2.3805326103998348
15,64,1,0.10457516339869281,0.12000732618770525,0.2943914532661438,0.0030583059581930517,2.5819146224006526
15,65,1,0.10620915032679738,0.12022512235421089,0.2902228832244873,0.0032687402086083324,2.415926008846391
15,66,1,0.10784313725490197,0.12066400478944853,0.2913806438446045,0.0032341634721780184,2.469411326375835
15,67,1,0.10947712418300654,0.12128340136638786,0.2904781401157379,0.0030580651686188277,2.3648983264450303
15,68,1,0.1111111111111111,0.12189773478865921,0.28348007798194885,0.002891711058953793,1.9254813406653268
15,69,1,0.11274509803921569,0.12280590395177024,0.2923484444618225,0.0024561440460812867,2.282360688878894
15,70,1,0.11437908496732026,0.12379646507713733,0.29527032375335693,0.002110778320104022,2.337491784755877
15,71,1,0.11601307189542484,0.12475817895782958,0.2919832468032837,0.001932179511333969,2.100011925878511
15,72,1,0.11764705882352941,0.12570403135928193,0.26091986894607544,0.0018550215077420152,0.3540847104514745
15,73,1,0.119281045751634,0.1262685172532822,0.25893282890319824,0.0022421097563974247,0.3636862195447997
15,74,1,0.12091503267973856,0.12674332405455627,0.2588239014148712,0.002632956280501352,0.4785671245727717
15,75,1,0.12254901960784313,0.12764400096711473,0.2589098811149597,0.0024689941122976334,0.4326072031195295
15,76,1,0.12418300653594772,0.12820851920576795,0.2615524232387543,0.002625931375965689,0.6276544579405625
15,77,1,0.12581699346405228,0.12877892519106837,0.25899192690849304,0.0026816473522867524,0.5029459003960233
15,78,1,0.12745098039215685,0.12977822117729446,0.25962206721305847,0.0023099533505072534,0.42288477652896755
15,79,1,0.12908496732026145,0.13117570909182738,0.2571484446525574,0.0016711897166588763,0.08813518265621408
15,80,1,0.13071895424836602,0.13262280151392908,0.25662437081336975,0.0011070243257353275,-0.1154584569755332
15,81,1,0.1323529411764706,0.13390949180308406,0.25883346796035767,0.0009239046136206174,-0.04964634144163871
15,82,1,0.13398692810457516,0.13522231766817192,0.2649913430213928,0.000893720401536695,0.282388582529876
15,83,1,0.13562091503267973,0.13670498801581044,0.26154768466949463,0.0007720741766175531,0.05384824586568959
15,84,1,0.13725490196078433,0.13824563695417988,0.2579231858253479,0.0006137449692438668,-0.19606624551818252
15,85,1,0.1388888888888889,0.13919995147225084,0.2544606924057007,0.001065139311235629,-0.2483643202219053
15,86,1,0.14052287581699346,0.13986968960946888,0.25842443108558655,0.0017180160913092702,0.17335893894779725
15,87,1,0.14215686274509803,0.14062244919306857,0.2604526877403259,0.0021270994930338172,0.4123607237137473
15,88,1,0.1437908496732026,0.1416931982450345,0.2608206868171692,0.0020357157353824307,0.4044892697805785
15,89,1,0.1454248366013072,0.14313518852649565,0.25566554069519043,0.001455615776634932,-0.06076629697940217
15,90,1,0.14705882352941177,0.14506145603823012,0.25621601939201355,0.0006273948496938977,-0.2864832161374351
15,91,1,0.14869281045751634,0.14632144873993042,0.2620527446269989,0.0005511064339516913,0.013484520861113791
15,92,1,0.1503267973856209,0.14831650105462915,0.25598278641700745,0.00017340068884460233,-0.43986894334255766
15,93,1,0.15196078431372548,0.14975943969629835,0.2569332420825958,0.00021489367561186958,-0.3743416266938436
15,94,1,0.15359477124183007,0.1514440584826113,0.2582195997238159,0.00017975064027110404,-0.31390249455533215
15,95,1,0.15522875816993464,0.15187777273863276,0.2568996250629425,0.0013270714279094032,-0.03212138735921452
15,96,1,0.1568627450980392,0.1527409216906512,0.25685539841651917,0.001853003475566566,0.1281388831239942
15,97,1,0.15849673202614378,0.1536033679699555,0.25974032282829285,0.0020966623552677744,0.3634528530471824
15,98,1,0.16013071895424835,0.1548153999940434,0.2587735652923584,0.0018456123995941754,0.23218939555328294
15,99,1,0.16176470588235295,0.15578900963569334,0.25687482953071594,0.0017148381358022425,0.0864707004486976
15,100,1,0.16339869281045752,0.15775995851125035,0.2589815855026245,0.0008582764876539319,-0.06173909949311335
15,101,1,0.1650326797385621,0.16043605967610752,0.2588784694671631,0.0006996434751970327,-0.11653316903186128
15,102,1,0.16666666666666666,0.1636988754833538,0.25550520420074463,0.002254286355905256,0.17743663997138248
15,103,1,0.16830065359477125,0.16720215651178896,0.259040892124176,0.0035366985120128384,0.7701948055828135
15,104,1,0.16993464052287582,0.17015608259372347,0.25748997926712036,0.0036373378749234423,0.7153527166740866
15,105,1,0.1715686274509804,0.17347354791928526,0.2584426999092102,0.003855772179866947,0.8357474324065616
15,106,1,0.17320261437908496,0.1770757521629891,0.2608266770839691,0.0041986043627763436,1.073972545219102
15,107,1,0.17483660130718953,0.1808598539154177,0.26037707924842834,0.0046384869452961285,1.1851384564119618
15,108,1,0.17647058823529413,0.18471827996085272,0.26071298122406006,0.005082488639823952,1.3411243767979364
15,109,1,0.1781045751633987,0.18907437542065256,0.25561827421188354,0.005798034757841476,1.2800643772088682
15,110,1,0.17973856209150327,0.19280899372024032,0.25366929173469543,0.005632446182087426,1.1207893629885235
15,111,1,0.18137254901960784,0.19745467923932453,0.2452855259180069,0.006344821311858801,0.8764132290236502
15,112,1,0.1830065359477124,0.20175823775473184,0.25047925114631653,0.006499673496289422,1.212244990747838
15,113,1,0.184640522875817,0.20614042821215414,0.25636613368988037,0.006621874505241944,1.5764016478520149
15,114,1,0.18627450980392157,0.21012813740259884,0.2587546110153198,0.006343070497811255,1.6225553758218358
15,115,1,0.18790849673202614,0.21395589612979138,0.25417089462280273,0.005841043304414163,1.2131321134793334
15,116,1,0.1895424836601307,0.2174052695897376,0.25044476985931396,0.0051651125417436616,0.7974490181164378
15,117,1,0.19117647058823528,0.22042430661382334,0.2473718672990799,0.00427239160707797,0.350908298171329
15,118,1,0.19281045751633988,0.22344079264625727,0.24944020807743073,0.003717908039094621,0.294025337436313
15,119,1,0.19444444444444445,0.22619499935296028,0.2473849356174469,0.003143950934883023,0.0025175058980860254
15,120,1,0.19607843137254902,0.22932191906638422,0.2475712150335312,0.0032110948425147067,0.03361713218856832
15,121,1,0.1977124183006536,0.23076928447900064,0.24950556457042694,0.0018045116142962935,-0.29431517936181606
15,122,1,0.19934640522875818,0.2330645223772375,0.250242680311203,0.0013882913179120281,-0.38222139804226113
15,123,1,0.20098039215686275,0.23553629740715054,0.25453564524650574,0.0014541339150799925,-0.12386261104770865
15,124,1,0.20261437908496732,0.23752862254138427,0.25759831070899963,0.0011111345357661794,-0.060194674916729835
15,125,1,0.2042483660130719,0.24008660951063235,0.26233190298080444,0.0016174456362642153,0.35886258451701913
15,126,1,0.20588235294117646,0.24141805284060489,0.26040342450141907,0.0008027324779775789,-0.00010092845001408168
15,127,1,0.20751633986928106,0.24334821123639702,0.2617720365524292,0.0005283254946667444,-0.009124986260740042
15,128,1,0.20915032679738563,0.24466007105448304,0.2589724361896515,0.000349923668955968,-0.21951973055040314
15,129,1,0.2107843137254902,0.24643042211569832,0.2584678828716278,0.00022857531397854202,-0.285033152677758
15,130,1,0.21241830065359477,0.2482126893309215,0.25718268752098083,0.00011846810259351587,-0.3903451514843569
15,131,1,0.21405228758169934,0.2502907099934895,0.2638234496116638,0.0003833793859396706,0.0597557096253819
15,132,1,0.21568627450980393,0.25171408942098966,0.26684823632240295,0.00020834084505161755,0.17328723535293877
15,133,1,0.2173202614379085,0.25307827274226496,0.26730069518089294,0.0003281871461846708,0.2354480009855474
15,134,1,0.21895424836601307,0.25418507662101125,0.2638620436191559,0.0008833459240800301,0.21657412742396803
15,135,1,0.22058823529411764,0.25495450253019875,0.2630528211593628,0.0016070168374149752,0.39560158012507946
15,136,1,0.2222222222222222,0.25612266800347916,0.26302844285964966,0.001604799498311842,0.3935641266903618
15,137,1,0.2238562091503268,0.2586032262852302,0.26488369703292847,0.0007443375766695411,0.23020519557913122
15,138,1,0.22549019607843138,0.2596437711890611,0.26237139105796814,0.0006298380676146058,0.055507152135967186
15,139,1,0.22712418300653595,0.2608698801902966,0.2627168595790863,0.0007056439848705398,0.09811156222727174
15,140,1,0.22875816993464052,0.2616714070303716,0.2673420011997223,0.0013829615598200552,0.5640623808543066
15,141,1,0.23039215686274508,0.26226113041564125,0.26262369751930237,0.0021804229312735336,0.5492118173182475
15,142,1,0.23202614379084968,0.26318494630916256,0.25886422395706177,0.00217108307035495,0.33790884851944325
15,143,1,0.23366013071895425,0.26430989121602233,0.26337578892707825,0.0019314319435205386,0.5138729517745666
15,144,1,0.23529411764705882,0.26545768295491845,0.2677040696144104,0.0016436429610558623,0.6647835329964715
15,145,1,0.2369281045751634,0.2668983964056811,0.2691134512424469,0.001149498491429939,0.5900375632975934
15,146,1,0.238562091503268,0.26771149084491686,0.264141708612442,0.001495720549704137,0.4215334073154361
15,147,1,0.24019607843137256,0.26850806056366766,0.26328203082084656,0.0018307869648918774,0.4775379061740301
15,148,1,0.24183006535947713,0.2699311981358536,0.2623191773891449,0.0014571917296172954,0.3085780077527569
15,149,1,0.2434640522875817,0.2706193441298221,0.26016467809677124,0.0018874245308826022,0.3222440976160184
15,150,1,0.24509803921568626,0.271765238488053,0.26071420311927795,0.0016717671036868987,0.2859882736043985
15,151,1,0.24673202614379086,0.2730333926995635,0.2620762288570404,0.0014170498029604395,0.2826906553059249
15,152,1,0.24836601307189543,0.27472422757236464,0.2648967206478119,0.0008575479641333028,0.2659520414028119
15,153,1,0.25,0.27587448174499357,0.2613299489021301,0.0009055511506321378,0.08307256139668251
15,154,1,0.25163398692810457,0.27726516634963816,0.26332351565361023,0.0008286509497804228,0.169798378988529
15,155,1,0.25326797385620914,0.27864850404977676,0.2637511193752289,0.0008202952150380849,0.1909183029628071
15,156,1,0.2549019607843137,0.28016619392423653,0.2619514763355255,0.0007063831781316132,0.05590980751033431
15,157,1,0.2565359477124183,0.2817821141296825,0.26485535502433777,0.00045095456065359803,0.1378676122948489
15,158,1,0.2581699346405229,0.2836631121650817,0.26734596490859985,0.0001891334556439313,0.19493739334806004
15,159,1,0.25980392156862747,0.28527068721492654,0.2673408091068268,9.082704023488642e-05,0.1642376825992693
15,160,1,0.26143790849673204,0.2864917580797798,0.2675161063671112,0.00047325095187690676,0.292269340742793
15,161,1,0.2630718954248366,0.2882664016875295,0.2619870603084564,0.00031842375225290675,-0.06214382579706179
15,162,1,0.2647058823529412,0.29055249558124285,0.26283183693885803,0.0003850236212386127,0.0052925058019658855
15,163,1,0.26633986928104575,0.2926583746495307,0.2659772038459778,0.0007685568354861683,0.29831869925939086
15,164,1,0.2679738562091503,0.29431945405951543,0.26348742842674255,0.0006010711164624636,0.10847688607389894
15,165,1,0.2696078431372549,0.2966684612409496,0.2662734389305115,0.0009747975733200976,0.37854748852637704
15,166,1,0.27124183006535946,0.2992310759060734,0.2674444019794464,0.0014368973500888792,0.5864257315007395
15,167,1,0.272875816993464,0.30138711240363286,0.2656688392162323,0.0014232887664406956,0.48378390082152356
15,168,1,0.27450980392156865,0.30275602131920226,0.2658628523349762,0.0007744552203348452,0.2938042436646637
15,169,1,0.2761437908496732,0.3045890549169255,0.2684920132160187,0.0004307266389097193,0.33321444672366735
15,170,1,0.2777777777777778,0.3060818180831838,0.26570767164230347,0.00018326557646491145,0.102300160193174
15,171,1,0.27941176470588236,0.307335795141639,0.26893720030784607,0.0006121887122719926,0.41403468232801416
15,172,1,0.28104575163398693,0.30928381015830925,0.26251906156539917,0.00027645545380341606,-0.045635433906113854
15,173,1,0.2826797385620915,0.3109674476639676,0.2620825171470642,0.00021768747611600572,-0.08801763410796215
15,174,1,0.28431372549019607,0.31252944801816374,0.2522739768028259,0.00018238905114352272,-0.6426929040252489
15,175,1,0.28594771241830064,0.3139006448112436,0.2534034848213196,0.0003729626074512204,-0.5211171669519675
15,176,1,0.2875816993464052,0.31629247068640975,0.25488168001174927,0.0003776508503138665,-0.43772022281497697
15,177,1,0.28921568627450983,0.3174950352146541,0.25690558552742004,0.0002713520859022638,-0.3584078022209864
15,178,1,0.2908496732026144,0.31867055205361094,0.2581017315387726,0.0006283298021817085,-0.18165599802209392
15,179,1,0.29248366013071897,0.31940905321430246,0.25110599398612976,0.0014251046503519927,-0.32297274423709743
15,180,1,0.29411764705882354,0.32090058096890955,0.2482765018939972,0.0013106789965096777,-0.515231741453579
15,181,1,0.2957516339869281,0.3222403363815487,0.2502439320087433,0.0011229511544954707,-0.46424254404075715
15,182,1,0.2973856209150327,0.32241314634365015,0.25350669026374817,0.002136466484117654,0.030194366030166953
15,183,1,0.29901960784313725,0.3226630740319965,0.256224662065506,0.0028221873682810917,0.3930174777370836
15,184,1,0.3006535947712418,0.3235010791114517,0.2494766116142273,0.0027976874932494223,0.011347002438076986
15,185,1,0.3022875816993464,0.3240050076410506,0.2521229386329651,0.002943883499286053,0.20328096600869944
15,186,1,0.30392156862745096,0.32511241916303496,0.2545929253101349,0.002277639792177143,0.134087811656544
15,187,1,0.3055555555555556,0.32612094175707995,0.256818562746048,0.0019439354029783962,0.15422921054319072
15,188,1,0.30718954248366015,0.3263319392413606,0.25678113102912903,0.002597404849968553,0.3543234972197462
15,189,1,0.3088235294117647,0.32724911326722356,0.2556191086769104,0.0023879458565828505,0.22510251971778514
15,190,1,0.3104575163398693,0.3279920965173744,0.2555120587348938,0.002455989012975267,0.24021909509441458
15,191,1,0.31209150326797386,0.3293285011565199,0.2535064220428467,0.0018395037124145797,-0.06169439393165012
15,192,1,0.3137254901960784,0.3303721043502119,0.25552719831466675,0.0015977903685825568,-0.024449805415969805
15,193,1,0.315359477124183,0.33208081627087055,0.2563992440700531,0.0009045792508310904,-0.19057092652367227
15,194,1,0.31699346405228757,0.333779872538263,0.2561555504798889,0.00041471213247288934,-0.35563487843936725
15,195,1,0.31862745098039214,0.3358497941116947,0.2564143240451813,0.00034992762050595997,-0.36133221780352104
15,196,1,0.3202614379084967,0.3368895368983651,0.25499632954597473,0.00037559209256983635,-0.43200134775427185
15,197,1,0.32189542483660133,0.3380664480282477,0.25485897064208984,0.000828039099725496,-0.29963872743152425
15,198,1,0.3235294117647059,0.3400771519541871,0.25399523973464966,0.0004701986414651318,-0.4582293952102158
15,199,1,0.32516339869281047,0.34273828235613774,0.25671714544296265,0.0007730674348392208,-0.21363439760890907
15,200,1,0.32679738562091504,0.3450767240853159,0.25862714648246765,0.0013893871029066595,0.08292610782188747
15,201,1,0.3284313725490196,0.3470258603568647,0.25972864031791687,0.0012917265777177122,0.11377540476061784
15,202,1,0.3300653594771242,0.3483781937228016,0.25968268513679504,0.0006239946636939934,-0.09535409022814739
15,203,1,0.33169934640522875,0.3500189289232512,0.2587989568710327,0.0002750559252204997,-0.25229934827091516
15,204,1,0.3333333333333333,0.3520621544976559,0.2624991238117218,0.00022128778593201676,-0.06380840958154582
15,205,1,0.3349673202614379,0.3541264818838329,0.2617155611515045,0.0005107153355146788,-0.01770400951862039
15,206,1,0.3366013071895425,0.35603868756471224,0.25742384791374207,0.0006477656346519767,-0.21322271066541615
15,207,1,0.3382352941176471,0.35762719179181557,0.26073482632637024,0.00037579072236094003,-0.11381564221904861
15,208,1,0.33986928104575165,0.35813095145833124,0.2581620514392853,0.0010771596493478076,-0.03945375656764047
15,209,1,0.3415032679738562,0.35973268954964027,0.25902530550956726,0.000992620798207543,-0.017752161039430225
15,210,1,0.3431372549019608,0.36049396783129245,0.26503345370292664,0.0016328944330072249,0.5134076041598205
15,211,1,0.34477124183006536,0.3613047877919797,0.2615491449832916,0.0019358945389650207,0.4139901746421566
15,212,1,0.3464052287581699,0.3629333215610422,0.2673628330230713,0.0012267597699435907,0.5168917595961826
15,213,1,0.3480392156862745,0.36430408471118225,0.26946574449539185,0.0010565891454812504,0.5808234435862959
15,214,1,0.34967320261437906,0.3653033587731676,0.263529509305954,0.0012001638738814591,0.2961561240505758
15,215,1,0.35130718954248363,0.36557890043270297,0.26086661219596863,0.0021269699498148043,0.4352673187303485
15,216,1,0.35294117647058826,0.36631799132762966,0.25880706310272217,0.002456407215068972,0.42301318005001215
15,217,1,0.3545751633986928,0.36788705197893407,0.25655266642570496,0.0017335140054114285,0.07438890100851354
15,218,1,0.3562091503267974,0.36965788617488776,0.2586481273174286,0.0008949422897375727,-0.06888136478737983
15,219,1,0.35784313725490197,0.3715499032890819,0.2577575445175171,0.00035504794771882523,-0.2852841708796833
15,220,1,0.35947712418300654,0.37249183699603927,0.2584931552410126,0.0006058533697689705,-0.16691042075511264
15,221,1,0.3611111111111111,0.3740346590802755,0.26467829942703247,0.0006064927026351463,0.17617235938821985
15,222,1,0.3627450980392157,0.37506988876211395,0.2542167603969574,0.001108164796132004,-0.24857598623654525
15,223,1,0.36437908496732024,0.3769707338478145,0.25169217586517334,0.0006618464654533043,-0.5266123166851941
15,224,1,0.3660130718954248,0.37923599659770524,0.25071805715560913,0.0003732406906764653,-0.6699028167380381
15,225,1,0.36764705882352944,0.38063892091243756,0.25493714213371277,0.00030750826701311784,-0.45634618255335263
15,226,1,0.369281045751634,0.3819276117179846,0.24941769242286682,0.00032903122460350195,-0.7556684142696929
15,227,1,0.3709150326797386,0.38344032412261264,0.244548499584198,0.0004974738195476935,-0.9734886715947031
15,228,1,0.37254901960784315,0.38468841010240723,0.24345988035202026,0.0008667854084526571,-0.9195812480111967
15,229,1,0.3741830065359477,0.38568838172844633,0.24614796042442322,0.0012299171585890434,-0.658217375613129
15,230,1,0.3758169934640523,0.38660834764477836,0.24626882374286652,0.00157231644625923,-0.5455861216762296
15,231,1,0.37745098039215685,0.3877758331049278,0.25019755959510803,0.001575014967808196,-0.3269544701480195
15,232,1,0.3790849673202614,0.3888851200085517,0.2462618052959442,0.0015496053097631291,-0.553001539215395
15,233,1,0.380718954248366,0.3894599013544731,0.2446572184562683,0.002024001440377803,-0.4951868449705397
15,234,1,0.38235294117647056,0.39029003525103195,0.24649293720722198,0.0021367474503256757,-0.3585391689410843
15,235,1,0.3839869281045752,0.3916295888945708,0.24503958225250244,0.0017176157083502609,-0.5687789477580456
15,236,1,0.38562091503267976,0.3926091654110473,0.2450229674577713,0.0017014781392844392,-0.5746926364124567
15,237,1,0.3872549019607843,0.3935651910032091,0.2456376552581787,0.001676463897746604,-0.5483551416865978
15,238,1,0.3888888888888889,0.3945502054824899,0.2453063726425171,0.0017177718306497104,-0.5539406248605881
15,239,1,0.39052287581699346,0.3942319714640603,0.24299144744873047,0.003101048406943836,-0.25431680998214823
15,240,1,0.39215686274509803,0.3942888076081692,0.24863550066947937,0.0036948079052073215,0.24226819967302865
15,241,1,0.3937908496732026,0.3938613217071086,0.24373869597911835,0.004542204355548406,0.23297093904915334
15,242,1,0.3954248366013072,0.39420651532742756,0.2424425631761551,0.0042710434112043245,0.07722604326425908
15,243,1,0.39705882352941174,0.39413044764805705,0.24457217752933502,0.004261188551809252,0.19223629873429005
15,244,1,0.39869281045751637,0.39475944050450906,0.24600932002067566,0.003606814741356422,0.06945779442140543
15,245,1,0.40032679738562094,0.39654738636845305,0.24203941226005554,0.001981603598834393,-0.6534267853838891
15,246,1,0.4019607843137255,0.3976155788480296,0.2427918016910553,0.0015398507872568957,-0.7483854893242841
15,247,1,0.4035947712418301,0.39857922013967323,0.2446788251399994,0.0014284753757638092,-0.6782319863179743
15,248,1,0.40522875816993464,0.399957387742143,0.24429623782634735,0.0011625008961980866,-0.781728206352217
15,249,1,0.4068627450980392,0.40188408109788715,0.2494189441204071,0.0006497445930995451,-0.6563772099374712
15,250,1,0.4084967320261438,0.40309751729977233,0.24960477650165558,0.0006560318303357892,-0.644130109980969
15,251,1,0.41013071895424835,0.4042458705921534,0.25213301181793213,0.0008781631508904142,-0.43525002770592996
15,252,1,0.4117647058823529,0.40585570495957013,0.24930191040039062,0.0006849913965937415,-0.6519605896606903
15,253,1,0.4133986928104575,0.4078797346468201,0.25057554244995117,0.00041779858075395376,-0.6640181325391206
15,254,1,0.4150326797385621,0.4098386634799411,0.24529989063739777,0.00034948708064275983,-0.977617821714589
15,255,1,0.4166666666666667,0.4118483591035494,0.24491524696350098,0.0006488835107533298,-0.9063144477868297
15,256,1,0.41830065359477125,0.41396152733210995,0.24310539662837982,0.0008614296114649156,-0.9408896815843356
15,257,1,0.4199346405228758,0.4164074370661936,0.2475547194480896,0.0012808837524135985,-0.5644631025580422
15,258,1,0.4215686274509804,0.4182955064997537,0.24810659885406494,0.0010370275811303464,-0.6093124914945989
15,259,1,0.42320261437908496,0.41977002036688565,0.24953703582286835,0.000525471413302047,-0.6882780238814062
15,260,1,0.42483660130718953,0.4212911269584815,0.24946990609169006,0.00033119210557496545,-0.7521053222515
15,261,1,0.4264705882352941,0.422199765407489,0.24651116132736206,0.00098573948851448,-0.7136259734804542
15,262,1,0.42810457516339867,0.42332715793203646,0.24824343621730804,0.0013064290492908626,-0.5183796410136133
15,263,1,0.4297385620915033,0.4255094992261123,0.2479705810546875,0.0006242748256886601,-0.7445497111521279
15,264,1,0.43137254901960786,0.42709594242909055,0.2440674602985382,0.00041702650437123003,-1.0250446480720816
15,265,1,0.43300653594771243,0.4282525106990679,0.24070200324058533,0.0005250627227890591,-1.178190945421883
15,266,1,0.434640522875817,0.42979368785854605,0.23891374468803406,0.0004970718862056122,-1.2859861503598642
15,267,1,0.4362745098039216,0.430782965746889,0.24077938497066498,0.0011244264794900583,-0.9884708977036096
15,268,1,0.43790849673202614,0.43181175534314326,0.24131055176258087,0.0014140035134300056,-0.8694357752724577
15,269,1,0.4395424836601307,0.43270117660155555,0.24112749099731445,0.0017035354835309036,-0.7900091291038824
15,270,1,0.4411764705882353,0.43354725227364704,0.24234753847122192,0.0019696262870612814,-0.6400507576548318
15,271,1,0.44281045751633985,0.4346225201241712,0.2473801225423813,0.0018327495403123884,-0.40340680902837445
15,272,1,0.4444444444444444,0.4358792907059372,0.2459481656551361,0.0015358675528669586,-0.5746389030152533
15,273,1,0.44607843137254904,0.4375140086866423,0.2536465525627136,0.0009180334128603018,-0.3390090773917295
15,274,1,0.4477124183006536,0.439493977608564,0.256231427192688,0.00039191112057960847,-0.3584826539673235
15,275,1,0.4493464052287582,0.44147985525006234,0.25791671872138977,0.00035792379555878,-0.2755703270846983
15,276,1,0.45098039215686275,0.44310311059717866,0.25970304012298584,0.00030411412227915747,-0.1931898290417331
15,277,1,0.4526143790849673,0.4447088382657457,0.2596539556980133,0.0001959520187387202,-0.22937394261384697
15,278,1,0.4542483660130719,0.4460101250624822,0.25527146458625793,0.0004308025410803151,-0.3996677999249978
15,279,1,0.45588235294117646,0.4467896276367976,0.25564447045326233,0.001280336830244493,-0.11616189891168173
15,280,1,0.45751633986928103,0.4477141141007579,0.259598970413208,0.0016832934629679875,0.22772927955115368
15,281,1,0.4591503267973856,0.4481982488442969,0.26143062114715576,0.0023519095953238468,0.5361256904898588
15,282,1,0.46078431372549017,0.4486151893602209,0.2618706226348877,0.0028073217240376525,0.7014127039295388
15,283,1,0.4624183006535948,0.4491927858477698,0.2612018287181854,0.0028809913109233577,0.6871286526447734
15,284,1,0.46405228758169936,0.44959719546278015,0.26108330488204956,0.0030773712486560512,0.7413137895513093
15,285,1,0.46568627450980393,0.4496477322491382,0.2626018226146698,0.003497604802803632,0.9555068652643142
15,286,1,0.4673202614379085,0.450085761119322,0.26176586747169495,0.0034219467838300806,0.8857571725798352
15,287,1,0.46895424836601307,0.4504031687358004,0.2634381055831909,0.003472182107127035,0.994002533811055
15,288,1,0.47058823529411764,0.4505383602619777,0.2613585591316223,0.003639586302957369,0.9305102597680681
15,289,1,0.4722222222222222,0.45050161415107254,0.2611806094646454,0.003911623613661904,1.0048077780717566
15,290,1,0.4738562091503268,0.4502739206616105,0.2596161663532257,0.004352787578607549,1.05456659776826
15,291,1,0.47549019607843135,0.44970759694013895,0.26163527369499207,0.004966151185651193,1.3562610725507522
15,292,1,0.477124183006536,0.44945369760317566,0.2653104066848755,0.005046157573699127,1.584751167365232
15,293,1,0.47875816993464054,0.4493322877159725,0.26399868726730347,0.0048964017962017815,1.4657023444430701
15,294,1,0.4803921568627451,0.44926449828215154,0.2684408724308014,0.004671859621247736,1.6424946334952841
15,295,1,0.4820261437908497,0.44904076984105135,0.26529109477996826,0.00464323246748319,1.4590242194367833
15,296,1,0.48366013071895425,0.4487977937310754,0.26246288418769836,0.004719501802687211,1.3258331902202278
15,297,1,0.4852941176470588,0.4490081678370382,0.26198598742485046,0.0043451517286994135,1.1835796737055648
15,298,1,0.4869281045751634,0.4494234542103888,0.2623901069164276,0.003848835385615161,1.052433194828045
15,299,1,0.48856209150326796,0.44978133911671747,0.2657150626182556,0.003530689461345869,1.138330802865159
15,300,1,0.49019607843137253,0.44999832768428977,0.2639998495578766,0.0034988432126900767,1.0333922292690423
15,301,1,0.4918300653594771,0.4503274016191875,0.2654285430908203,0.003469902766095949,1.1036409640584668
15,302,1,0.4934640522875817,0.45028109150716145,0.2688007950782776,0.003846021323659314,1.4069510191831451
15,303,1,0.4950980392156863,0.45061867332407607,0.26835131645202637,0.003722848830937807,1.3439264161791198
15,304,1,0.49673202614379086,0.45095985622630297,0.2681494653224945,0.003590999480550598,1.2919450714957055
15,305,1,0.49836601307189543,0.4513928305876216,0.2680055797100067,0.0033984072547352685,1.224384614766295
15,306,1,0.5,0.45190452222708816,0.26733314990997314,0.0031530728573772194,1.1112060340708174
15,307,1,0.5016339869281046,0.4537512699247565,0.26671063899993896,0.0017866602538897615,0.6539573297072914
15,308,1,0.5032679738562091,0.4563780993193651,0.26969578862190247,0.0008720165347899219,0.5364735745020854
15,309,1,0.5049019607843137,0.4594849847617843,0.26903802156448364,0.0018838220739015987,0.8130398917119689
15,310,1,0.5065359477124183,0.4632038724301188,0.26980310678482056,0.0035796711986954125,1.3801130383290596
15,311,1,0.5081699346405228,0.4677767847735646,0.26883751153945923,0.005327745991383538,1.8674001886078377
15,312,1,0.5098039215686274,0.4723838164108246,0.2756671905517578,0.006428398916441548,2.5865344889903295
15,313,1,0.511437908496732,0.4775348489632819,0.29251280426979065,0.007578002196033979,3.876064965078938
15,314,1,0.5130718954248366,0.4827587988748757,0.29494720697402954,0.008289486057253366,4.231138406533255
15,315,1,0.5147058823529411,0.4895844547904511,0.3013772666454315,0.010226410361639527,5.186843432075488
15,316,1,0.5163398692810458,0.4968038925968432,0.31232407689094543,0.011993930663810005,6.340532983061621
15,317,1,0.5179738562091504,0.5024388911224478,0.33622825145721436,0.011523910142909917,7.52029117439231
15,318,1,0.5196078431372549,0.5077435873222642,0.337364137172699,0.01060259580293489,7.298226284774214
15,319,1,0.5212418300653595,0.512706983939651,0.3372281789779663,0.009319795308474528,6.893818323233863
15,320,1,0.5228758169934641,0.5172941772987093,0.31708455085754395,0.008126356380232886,5.40789447174074
15,321,1,0.5245098039215687,0.5219367350044211,0.31544241309165955,0.007646342910478122,5.168353669943936
15,322,1,0.5261437908496732,0.5270961300045507,0.34730565547943115,0.00793127694011443,7.02290429583736
15,323,1,0.5277777777777778,0.5340045393303512,0.3608510494232178,0.010001550595343313,8.414316544430864
15,324,1,0.5294117647058824,0.5429485694576142,0.3042023181915283,0.013621191874931228,6.3937277658137095
15,325,1,0.5310457516339869,0.5531472501964072,0.278431236743927,0.017406274573998057,6.136083010006117
15,326,1,0.5326797385620915,0.5636961625570508,0.26070863008499146,0.020152558136645113,6.00323834303916
15,327,1,0.5343137254901961,0.5738773454483643,0.2592569589614868,0.02118373288983362,6.241785528135593
15,328,1,0.5359477124183006,0.5822945100038779,0.2606969475746155,0.019632695915843892,5.841756518149979
15,329,1,0.5375816993464052,0.588646314919213,0.25990304350852966,0.01614801569461312,4.7196599013104485
15,330,1,0.5392156862745098,0.5926667266472605,0.25488319993019104,0.011293661241959114,2.9395427286889992
15,331,1,0.5408496732026143,0.5953472446956458,0.258392870426178,0.006731538267792004,1.7226851805509447
15,332,1,0.5424836601307189,0.5971966687590322,0.2579330801963806,0.003213487519358028,0.6087866633752597
15,333,1,0.5441176470588235,0.5978662777747394,0.25823497772216797,0.0011099251027811723,-0.02527402614394403
15,334,1,0.545751633986928,0.5982868418092573,0.2591307461261749,0.0017268698330870792,0.21525398550328545
15,335,1,0.5473856209150327,0.5987388967646856,0.2593466341495514,0.0026798436681579486,0.5220517356949501
15,336,1,0.5490196078431373,0.5993322152310426,0.2623172700405121,0.00293443821906088,0.7655005423799351
15,337,1,0.5506535947712419,0.5995123907949227,0.2646748423576355,0.0032881492731834257,1.0056275413746554
15,338,1,0.5522875816993464,0.5993174848465335,0.25998660922050476,0.0038945834766184614,0.9333442997012328
15,339,1,0.553921568627451,0.5995010632204036,0.2607962191104889,0.003968665862067332,1.0011460271295478
15,340,1,0.5555555555555556,0.5994199803659115,0.26513874530792236,0.004240290330488993,1.325916817309884
15,341,1,0.5571895424836601,0.5996205332085671,0.2608409821987152,0.004061678771550574,1.03240374473719
15,342,1,0.5588235294117647,0.599935650419952,0.2596307396888733,0.003773597163576796,0.8761854480961098
15,343,1,0.5604575163398693,0.6003260937466014,0.26146024465560913,0.0035376952302820382,0.9046244810319433
15,344,1,0.5620915032679739,0.6007178512216873,0.26348403096199036,0.0033521953867455697,0.9594271836401675
15,345,1,0.5637254901960784,0.6008573806283014,0.25813940167427063,0.0035371336940754213,0.7203536399366424
15,346,1,0.565359477124183,0.6010087379941407,0.2558872699737549,0.003694988183169727,0.6443393075299202
15,347,1,0.5669934640522876,0.6010993922853696,0.2604762315750122,0.0038726057854879966,0.9536880019159044
15,348,1,0.5686274509803921,0.6014051244903795,0.25851941108703613,0.0037601982151700838,0.8104315315485162
15,349,1,0.5702614379084967,0.602001412536066,0.26159918308258057,0.003335728486656685,0.8498426274694191
15,350,1,0.5718954248366013,0.6024804256829506,0.2580741047859192,0.0031427233167132407,0.5947117026918174
15,351,1,0.5735294117647058,0.6030672127209923,0.2572183907032013,0.002923858200874001,0.47956144257875877
15,352,1,0.5751633986928104,0.60352336425929,0.2595761716365814,0.0029596617714819796,0.6213462728834989
15,353,1,0.576797385620915,0.6037096501810431,0.25766727328300476,0.0033029357919565224,0.621724532743985
15,354,1,0.5784313725490197,0.6042630101484219,0.2516133487224579,0.003176635235821972,0.24703927873442685
15,355,1,0.5800653594771242,0.6049616356444365,0.25352492928504944,0.0029236558561751714,0.2747449307682433
15,356,1,0.5816993464052288,0.605886476440167,0.25666549801826477,0.002472420791305706,0.30924578798930424
15,357,1,0.5833333333333334,0.6067323957076052,0.2543115019798279,0.0022172795690868097,0.09981243133454727
15,358,1,0.5849673202614379,0.6074281390405487,0.2535788416862488,0.0022772226177838074,0.07774113302520311
15,359,1,0.5866013071895425,0.6082780494879187,0.2530170977115631,0.0022185943934454767,0.028461498981685214
15,360,1,0.5882352941176471,0.6089938498401091,0.2532138526439667,0.002331897502125717,0.07442251843754023
15,361,1,0.5898692810457516,0.609503306406862,0.25521013140678406,0.0025992842853582877,0.2678136649117857
15,362,1,0.5915032679738562,0.6101211263541282,0.2562226355075836,0.0026741920129063224,0.3471185537766266
15,363,1,0.5931372549019608,0.6107673124047255,0.2622303366661072,0.002701252790703894,0.6885386757491293
15,364,1,0.5947712418300654,0.6112063254559746,0.2584499418735504,0.002884555468656418,0.5356753552652711
15,365,1,0.5964052287581699,0.6114637392339024,0.2560495436191559,0.0031802605946950487,0.494089610771539
15,366,1,0.5980392156862745,0.611919074123554,0.2580767869949341,0.0032150339118035983,0.6172317378691606
15,367,1,0.5996732026143791,0.6124179210661062,0.25930121541023254,0.0031656739116078404,0.6698392850970629
15,368,1,0.6013071895424836,0.6128665284814259,0.2590278387069702,0.003129718661633295,0.6435603579908411
15,369,1,0.6029411764705882,0.6137637731011198,0.2620842456817627,0.002647524798302119,0.6638175654491202
15,370,1,0.6045751633986928,0.6145519922393907,0.2599292993545532,0.002434314126835606,0.4783913101711679
15,371,1,0.6062091503267973,0.6151541521943519,0.2595784664154053,0.0024903837008336416,0.47628895248307335
15,372,1,0.6078431372549019,0.6152608549811359,0.26011422276496887,0.0030677386961110316,0.6846108135635764
15,373,1,0.6094771241830066,0.6154538427668048,0.2617257833480835,0.0034733325353696483,0.8994326802081392
15,374,1,0.6111111111111112,0.6158352902111557,0.2577252984046936,0.0035144025074400217,0.6903645142048772
15,375,1,0.6127450980392157,0.6159465327021763,0.2594664692878723,0.0037239845093606934,0.8517297250533413
15,376,1,0.6143790849673203,0.6166128651124929,0.26134568452835083,0.0032557472260001264,0.8110449823443537
15,377,1,0.6160130718954249,0.6179072265955072,0.2579154372215271,0.0022993882758250584,0.32500595857140324
15,378,1,0.6176470588235294,0.6190056154409602,0.26032549142837524,0.0018143453875476712,0.308549969864654
15,379,1,0.619281045751634,0.6203688627721704,0.2583008110523224,0.0012436793637886235,0.019756256924497617
15,380,1,0.6209150326797386,0.6221590639870818,0.26203882694244385,0.0006052648391965079,0.029468413145018746
15,381,1,0.6225490196078431,0.6232749412794225,0.26621219515800476,0.0008297330926822654,0.3302724975849197
15,382,1,0.6241830065359477,0.6247824916578848,0.25937843322753906,0.0006641113851988,-0.09980961103361674
15,383,1,0.6258169934640523,0.6262668592149003,0.24062487483024597,0.0006239628824144127,-1.151869121497162
15,384,1,0.6274509803921569,0.6280431861003564,0.24534103274345398,0.0003614021157339011,-0.971650777027234
15,385,1,0.6290849673202614,0.6294654915616176,0.25184690952301025,0.00037086017469829975,-0.6080592643094549
15,386,1,0.630718954248366,0.6314410605886807,0.2538257837295532,0.00012337255495798686,-0.5749240314994841
15,387,1,0.6323529411764706,0.6334576575265485,0.2531019151210785,0.0004090259869848745,-0.5266780112805926
15,388,1,0.6339869281045751,0.6356188313656945,0.2431059628725052,0.0007725002482188837,-0.9683711219287088
15,389,1,0.6356209150326797,0.6377852879449732,0.24652940034866333,0.001045045511163063,-0.694266852290594
15,390,1,0.6372549019607843,0.6408075132082278,0.24879059195518494,0.0019873216785787195,-0.27739351788492594
15,391,1,0.6388888888888888,0.643805890125046,0.251033216714859,0.0026440854405100755,0.05011913504373028
15,392,1,0.6405228758169934,0.6467576181764942,0.2489175647497177,0.0030087553423339807,0.04565504871378284
15,393,1,0.6421568627450981,0.6476991528222922,0.25122541189193726,0.0015437223971679946,-0.2796548121844131
15,394,1,0.6437908496732027,0.648835913908298,0.24749311804771423,0.0007947264593871271,-0.7182846947696508
15,395,1,0.6454248366013072,0.6500554567617234,0.2484557330608368,0.0009636691694840815,-0.6126531004944398
15,396,1,0.6470588235294118,0.6508937947958103,0.24832206964492798,0.0016877227945664864,-0.3960563715674936
15,397,1,0.6486928104575164,0.6515314473085656,0.25049400329589844,0.0020841144366402376,-0.15301614229458357
15,398,1,0.6503267973856209,0.65271364104063,0.2512996196746826,0.0018599943261441865,-0.17769323723239847
15,399,1,0.6519607843137255,0.6539077739238799,0.24876870214939117,0.001635293225977318,-0.38751704726615477
15,400,1,0.6535947712418301,0.6551681935884014,0.24752314388751984,0.001337952851994938,-0.5485576013221598
15,401,1,0.6552287581699346,0.6559077984678174,0.2455400824546814,0.0016669476707266585,-0.5567083875645795
15,402,1,0.6568627450980392,0.6559356421064209,0.24331441521644592,0.0027331918219361973,-0.35021940120176326
15,403,1,0.6584967320261438,0.6565136980227009,0.24684511125087738,0.002960636172103891,-0.08412230547432403
15,404,1,0.6601307189542484,0.6570955085899939,0.2468303143978119,0.003030306629516132,-0.0633880564276294
15,405,1,0.6617647058823529,0.6567840652909094,0.2465568333864212,0.0038235786789987554,0.16687231462342605
15,406,1,0.6633986928104575,0.6558514782921964,0.24326281249523163,0.004975232383484756,0.34055900471225853
15,407,1,0.6650326797385621,0.6549803397075259,0.243587464094162,0.005825330014599105,0.6215585827179051
15,408,1,0.6666666666666666,0.6545109779752993,0.24613037705421448,0.005911352168031918,0.7891431003989505
15,409,1,0.6683006535947712,0.6549445833622822,0.24633732438087463,0.004831614127375388,0.46656789801123894
15,410,1,0.6699346405228758,0.6560812603277945,0.2482302039861679,0.003235066679706371,0.07756578230506711
15,411,1,0.6715686274509803,0.6571590163576977,0.24865025281906128,0.002214756158702662,-0.21481014566013104
15,412,1,0.673202614379085,0.6586000590993,0.24956099689006805,0.001318382579643328,-0.4416400468620409
15,413,1,0.6748366013071896,0.6605150673364133,0.2502269446849823,0.0005342523074518504,-0.6473150218653057
15,414,1,0.6764705882352942,0.6619046520335019,0.25526702404022217,0.0004286809199743213,-0.4005703537733577
15,415,1,0.6781045751633987,0.6626541040310533,0.2509055435657501,0.0011350768488497965,-0.42381344662120757
15,416,1,0.6797385620915033,0.6633429383065512,0.24749109148979187,0.001820014491690768,-0.4011949887841248
15,417,1,0.6813725490196079,0.6646152048649309,0.2553875148296356,0.001733467735123938,0.009782237807967137
15,418,1,0.6830065359477124,0.6658999279186844,0.2514313757419586,0.0014737790634998405,-0.2898757848545758
15,419,1,0.684640522875817,0.6673131891014141,0.25307169556617737,0.0010593368520656777,-0.3271611022409666
15,420,1,0.6862745098039216,0.669150358240248,0.25956976413726807,0.00045662711560395385,-0.15339399355529099
15,421,1,0.6879084967320261,0.6713904685926946,0.26152366399765015,0.000409270262858399,-0.05972710782638907
15,422,1,0.6895424836601307,0.6737331023505952,0.25946176052093506,0.0010501342141600988,0.024236948319350082
15,423,1,0.6911764705882353,0.6762216065516151,0.2568679749965668,0.0015803448072022452,0.044481365144052265
15,424,1,0.6928104575163399,0.679132802489566,0.25570523738861084,0.002264436382602859,0.19166605201212686
15,425,1,0.6944444444444444,0.6814593222743472,0.2531205117702484,0.0020953451050546423,-0.003936227507766538
15,426,1,0.696078431372549,0.6834588070440603,0.2537990212440491,0.0015776164543544868,-0.1264958939859358
15,427,1,0.6977124183006536,0.6857402428489162,0.25390422344207764,0.0014276260858441924,-0.16706760633634832
15,428,1,0.6993464052287581,0.6879601984064612,0.2554031312465668,0.0012679225690638684,-0.13338169243603562
15,429,1,0.7009803921568627,0.6895869056750115,0.2551712393760681,0.0007233236587501955,-0.31472423259752025
15,430,1,0.7026143790849673,0.690856183339029,0.25620517134666443,0.00038922067785409004,-0.3607705607567513
15,431,1,0.704248366013072,0.6933168291662035,0.2567078173160553,0.0005364644256741891,-0.28735139880078614
15,432,1,0.7058823529411765,0.6959773455059646,0.25664564967155457,0.0013028341861134173,-0.053699467070126544
15,433,1,0.7075163398692811,0.6981851162710916,0.25529009103775024,0.0015063181763645805,-0.06589381649267546
15,434,1,0.7091503267973857,0.7006575102674054,0.25620463490486145,0.0018291595236583757,0.08468579059792733
15,435,1,0.7107843137254902,0.7024883697567117,0.257931113243103,0.0012096872808705483,-0.011255048396478506
15,436,1,0.7124183006535948,0.7045225698858062,0.25713855028152466,0.0009510022623380033,-0.1352238294558314
15,437,1,0.7140522875816994,0.7066627531477814,0.2577987015247345,0.0009548794293527796,-0.09742760409314472
15,438,1,0.7156862745098039,0.7087002944351362,0.25301459431648254,0.0008730114975351156,-0.3879716711254231
15,439,1,0.7173202614379085,0.7108078710601593,0.2518475353717804,0.000969892080625574,-0.42269698927398647
15,440,1,0.7189542483660131,0.7123921637698711,0.2531322240829468,0.0005310595442545627,-0.4872432212078009
15,441,1,0.7205882352941176,0.7150032709544382,0.25326862931251526,0.0011180181780262987,-0.2980889739611858
15,442,1,0.7222222222222222,0.7177684176729736,0.2553711533546448,0.001798035444897551,0.028851068821708757
15,443,1,0.7238562091503268,0.7196285931364821,0.2553817927837372,0.0013911800989466604,-0.09643140273031738
15,444,1,0.7254901960784313,0.7216648564350969,0.25940099358558655,0.001222262878480802,0.07412112447822655
15,445,1,0.7271241830065359,0.7236957829341748,0.25865438580513,0.0009350162112522331,-0.05613640498193101
15,446,1,0.7287581699346405,0.7264018021491913,0.25853413343429565,0.0014679074313345263,0.10206225609345099
15,447,1,0.7303921568627451,0.7278548891152762,0.25952237844467163,0.0008850012299575536,-0.02349117570097925
15,448,1,0.7320261437908496,0.7295969536217385,0.25604695081710815,0.0005483559231251562,-0.3203087902683557
15,449,1,0.7336601307189542,0.7318347946525487,0.25567322969436646,0.0007029555242786934,-0.29319692709065004
15,450,1,0.7352941176470589,0.7335323958815645,0.25452613830566406,0.0003658996438280535,-0.46106590967809935
15,451,1,0.7369281045751634,0.734824781721414,0.25547197461128235,0.00028104408000469356,-0.4348841982591152
15,452,1,0.738562091503268,0.7357782891821689,0.2535512447357178,0.0009134244603223751,-0.34571855496469583
15,453,1,0.7401960784313726,0.7372141576692827,0.25894707441329956,0.0010228898633162387,-0.012724450197708514
15,454,1,0.7418300653594772,0.7385379951700954,0.2631344199180603,0.0010438931166869437,0.2259067990233014
15,455,1,0.7434640522875817,0.7388441572296834,0.26328495144844055,0.001989130879231681,0.5266880159841465
15,456,1,0.7450980392156863,0.7399481347046455,0.26183420419692993,0.0018899972813370015,0.4155933391566781
15,457,1,0.7467320261437909,0.7406369558666093,0.26139092445373535,0.0022436374999923615,0.5004279742027014
15,458,1,0.7483660130718954,0.7410722636636833,0.26299503445625305,0.0026640292522499987,0.7194149598557371
15,459,1,0.75,0.7419606552717564,0.26342490315437317,0.0024092047675738793,0.6644083200377608
15,460,1,0.7516339869281046,0.742441481453923,0.26248401403427124,0.0027075030959255054,0.7045354629080142
15,461,1,0.7532679738562091,0.7435097607498896,0.26260483264923096,0.00226256048727823,0.5735776002682158
15,462,1,0.7549019607843137,0.7444035412039649,0.2660955488681793,0.002086981254023028,0.7127715172335355
15,463,1,0.7565359477124183,0.7456261218339495,0.264165461063385,0.0016972200091088397,0.48518976493419047
15,464,1,0.7581699346405228,0.7465463437713658,0.2657240629196167,0.001693364712240868,0.5704010149748738
15,465,1,0.7598039215686274,0.7475326563605418,0.2605378329753876,0.0017332677024255328,0.29523782798429826
15,466,1,0.761437908496732,0.748985003754749,0.26189377903938293,0.001286644210881387,0.2322315262197861
15,467,1,0.7630718954248366,0.751501737651127,0.2538081407546997,0.0006114942417760734,-0.4248877576134291
15,468,1,0.7647058823529411,0.7539909124502912,0.25350552797317505,0.0011049948926703922,-0.28898517983196637
15,469,1,0.7663398692810458,0.7560965963293318,0.2543380558490753,0.001349536601979685,-0.16717650483082272
15,470,1,0.7679738562091504,0.7582995518065803,0.2553407847881317,0.0014115070870306511,-0.09241602466449846
15,471,1,0.7696078431372549,0.7610753981323577,0.25493451952934265,0.0018587163998502586,0.02341884127959986
15,472,1,0.7712418300653595,0.7634142250378099,0.2506810128688812,0.0018041281849947698,-0.22927063909801465
15,473,1,0.7728758169934641,0.7654878620349419,0.2504914104938507,0.001521937035247124,-0.3270854684893206
15,474,1,0.7745098039215687,0.76799384210395,0.24926629662513733,0.0016801006778527482,-0.34606950970233846
15,475,1,0.7761437908496732,0.770244014135253,0.2529654800891876,0.0015067001348132558,-0.1946447829862814
15,476,1,0.7777777777777778,0.7718190694107689,0.2533623278141022,0.0008509702064823697,-0.3755135183279547
15,477,1,0.7794117647058824,0.7736712046368159,0.25135520100593567,0.0005405255424125855,-0.5828272280780121
15,478,1,0.7810457516339869,0.775865919500724,0.25345170497894287,0.0006894047558521755,-0.42054360215923553
15,479,1,0.7826797385620915,0.777781841844518,0.2525181174278259,0.0006373077504526881,-0.4884164586308199
15,480,1,0.7843137254901961,0.7798764021184099,0.2508274018764496,0.0008474110970283067,-0.5171429694289433
15,481,1,0.7859477124183006,0.781654688541608,0.2465977519750595,0.0006113643433161687,-0.8246492727052889
15,482,1,0.7875816993464052,0.7840612386881789,0.2443200796842575,0.0010220435136890204,-0.8238609799354566
15,483,1,0.7892156862745098,0.7860085683850531,0.24950581789016724,0.0009205434136994717,-0.5677818735180131
15,484,1,0.7908496732026143,0.7880465179362388,0.2501455843448639,0.000901811329751463,-0.538110532536564
15,485,1,0.7924836601307189,0.78926672087816,0.24960573017597198,0.00038699690360628964,-0.7273108577058994
15,486,1,0.7941176470588235,0.7905335532531041,0.2543792128562927,0.0005566903919784083,-0.41018444405531507
15,487,1,0.795751633986928,0.7918637491657371,0.25131091475486755,0.0008445731205767737,-0.4912165415804116
15,488,1,0.7973856209150327,0.7934535137988961,0.25058892369270325,0.0007186036825888186,-0.5702136935432809
15,489,1,0.7990196078431373,0.7954609259231684,0.25307872891426086,0.00031854566092768893,-0.555956047484147
15,490,1,0.8006535947712419,0.7963484027372058,0.2514099180698395,0.0007240149711955512,-0.5230262053665102
15,491,1,0.8022875816993464,0.7977288278377137,0.2489887773990631,0.0007973022417129982,-0.6345731421827707
15,492,1,0.803921568627451,0.7994017592725453,0.2492920458316803,0.0005906404748755467,-0.6816975950502144
15,493,1,0.8055555555555556,0.8010652440707206,0.2515239119529724,0.0004142170451126181,-0.6125515533822036
15,494,1,0.8071895424836601,0.8024021005627449,0.2517538070678711,0.0004784400899763441,-0.5799376616987654
15,495,1,0.8088235294117647,0.8041976400371482,0.2529726028442383,0.0002451983745244648,-0.5845314156842113
15,496,1,0.8104575163398693,0.8049924779640196,0.2536618709564209,0.0010186901949449812,-0.3070188315696788
15,497,1,0.8120915032679739,0.8058727155157264,0.25573593378067017,0.0015361323161068186,-0.03195384069997792
15,498,1,0.8137254901960784,0.8059066546112884,0.25446996092796326,0.002704061081796232,0.2591966221851734
15,499,1,0.815359477124183,0.8064345720118581,0.2527614235877991,0.0030522821933624423,0.2722127914017197
15,500,1,0.8169934640522876,0.8069235736547422,0.25289851427078247,0.003122513544155785,0.3015407371557624
15,501,1,0.8186274509803921,0.8078612713267102,0.2540172338485718,0.00266758979486849,0.22281542231105922
15,502,1,0.8202614379084967,0.8090968610469864,0.2555566728115082,0.0019291390273381715,0.07969631226914607
15,503,1,0.8218954248366013,0.8099229960047328,0.2574496865272522,0.001900555678516257,0.1757959792936233
15,504,1,0.8235294117647058,0.8105490553594821,0.2588440477848053,0.002146602321985701,0.3292165281477151
15,505,1,0.8251633986928104,0.8112037361619182,0.2593451738357544,0.002398291945734531,0.4348647368301954
15,506,1,0.826797385620915,0.8119749195474976,0.26184484362602234,0.002462724768957191,0.593372714734488
15,507,1,0.8284313725490197,0.812934419903544,0.25438567996025085,0.0022227390380385615,0.10561366799475502
15,508,1,0.8300653594771242,0.8138683167015157,0.25688016414642334,0.002041698214769615,0.1878899088882891
15,509,1,0.8316993464052288,0.8147065857943518,0.25332510471343994,0.002033244457441895,-0.011806840667288758
15,510,1,0.8333333333333334,0.815783009931458,0.2506915032863617,0.001832532728444124,-0.21990132882268817
15,511,1,0.8349673202614379,0.8164252506423987,0.25093701481819153,0.0021423146134935834,-0.1104510915018952
15,512,1,0.8366013071895425,0.8175040382847796,0.2506100535392761,0.0019362346558263622,-0.19233350264129984
15,513,1,0.8382352941176471,0.8190834912720684,0.2533220648765564,0.0012657120643535403,-0.24943336406149508
15,514,1,0.8398692810457516,0.8200550109514779,0.2543099522590637,0.0013884187543731098,-0.1567051785015673
15,515,1,0.8415032679738562,0.8210242249924431,0.25401851534843445,0.001487204968412913,-0.14229919763173574
15,516,1,0.8431372549019608,0.8222072052551818,0.2546418309211731,0.0014539682931853527,-0.1180272503111247
15,517,1,0.8447712418300654,0.8231767891676565,0.2574867010116577,0.0016601761233111956,0.10347968497715873
15,518,1,0.8464052287581699,0.8246644277286455,0.2534152567386627,0.0011958620362192297,-0.2658771951321527
15,519,1,0.8480392156862745,0.8262594918297445,0.24953897297382355,0.0007531521294121146,-0.6177311206577492
15,520,1,0.8496732026143791,0.8276787038419757,0.24950215220451355,0.0006427568265061789,-0.6539262794670896
15,521,1,0.8513071895424836,0.8295901496151494,0.2515830993652344,0.00020601215198284416,-0.6736845021422895
15,522,1,0.8529411764705882,0.8320788182228943,0.25057095289230347,0.0007861427958406731,-0.5503147901913796
15,523,1,0.8545751633986928,0.8339552500570404,0.24649588763713837,0.0008089770064245561,-0.7691592067944608
15,524,1,0.8562091503267973,0.8361075848544419,0.24376033246517181,0.0010373722470020785,-0.850149229042903
15,525,1,0.8578431372549019,0.8379948239987192,0.24556374549865723,0.0008173911381627719,-0.8182310905535353
15,526,1,0.8594771241830066,0.8404454723803514,0.2466023862361908,0.0011668709239025642,-0.6525305828202174
15,527,1,0.8611111111111112,0.8430123476956501,0.24847811460494995,0.0016420826998370507,-0.4015257917524468
15,528,1,0.8627450980392157,0.846804213736802,0.25033846497535706,0.00316967433133651,0.17421017041568362
15,529,1,0.8643790849673203,0.8497066098714168,0.25030845403671265,0.0033979132453612186,0.24315866622881727
15,530,1,0.8660130718954249,0.8539758133388388,0.25350335240364075,0.004739170244608805,0.8352298563152555
15,531,1,0.8676470588235294,0.8579046723203416,0.25343549251556396,0.005285443986489819,1.0004732564635295
15,532,1,0.869281045751634,0.8624804837314807,0.2556163966655731,0.0061381742414560025,1.3851921280304977
15,533,1,0.8709150326797386,0.8664930690812697,0.2579977512359619,0.0062316920925753316,1.546139363118149
15,534,1,0.8725490196078431,0.8705301027306507,0.2524992525577545,0.006072110939493126,1.1919488766004984
15,535,1,0.8741830065359477,0.874376860179291,0.25466060638427734,0.005780296040180417,1.2214863005765342
15,536,1,0.8758169934640523,0.8787709157396947,0.2501105070114136,0.006056304635846816,1.0546341893593234
15,537,1,0.8774509803921569,0.8825025994215868,0.25022491812705994,0.005715380315685454,0.9555021349473366
15,538,1,0.8790849673202614,0.8859070052075059,0.2486623376607895,0.005117403516525216,0.6838764247532119
15,539,1,0.880718954248366,0.8900667102742645,0.24917852878570557,0.005432882964070086,0.8100949925246332
15,540,1,0.8823529411764706,0.8940704418473235,0.248201385140419,0.005514152013385688,0.7810681100353658
15,541,1,0.8839869281045751,0.8982234523915126,0.24508820474147797,0.005842281030667513,0.7099992143586893
15,542,1,0.8856209150326797,0.90173603644024,0.2469242960214615,0.005424651836913525,0.682580868394351
15,543,1,0.8872549019607843,0.904845890359784,0.2489766776561737,0.004577247948273978,0.5341899395364613
15,544,1,0.8888888888888888,0.9068970730769197,0.24736733734607697,0.002933635644029776,-0.06352511184222537
15,545,1,0.8905228758169934,0.9096604672953311,0.2478877604007721,0.002490372055042168,-0.17181070577761176
15,546,1,0.8921568627450981,0.9116191290504833,0.24882128834724426,0.001589780084239668,-0.3986826200423447
15,547,1,0.8937908496732027,0.9136847121982021,0.24531355500221252,0.001184590079397736,-0.7184974166243125
15,548,1,0.8954248366013072,0.9152542086773691,0.24630260467529297,0.0006085292940116491,-0.8418884160559297
15,549,1,0.8970588235294118,0.9166064457974488,0.24985073506832123,0.0002700691935914244,-0.7499034723946875
15,550,1,0.8986928104575164,0.9182130167415241,0.24501092731952667,0.0003225893625265641,-1.001958616392912
15,551,1,0.9003267973856209,0.9193005639271679,0.24620799720287323,0.0008835140996430335,-0.762058776521471
15,552,1,0.9019607843137255,0.9204699965733668,0.24979305267333984,0.0011180443856855116,-0.49075592818005137
15,553,1,0.9035947712418301,0.9219962361281955,0.24704495072364807,0.0008957518048562807,-0.7118746171152222
15,554,1,0.9052287581699346,0.9235161653366928,0.2505147457122803,0.000723270179045653,-0.5728821744267141
15,555,1,0.9068627450980392,0.9246091022306617,0.2536393404006958,0.0009561204338688778,-0.32762559239154326
15,556,1,0.9084967320261438,0.9257064146432362,0.2506471574306488,0.001185942597167854,-0.4224007952706472
15,557,1,0.9101307189542484,0.926487549461234,0.24878111481666565,0.0017139122966374088,-0.3625058794409368
15,558,1,0.9117647058823529,0.9273543781427784,0.24873200058937073,0.001969911948352625,-0.28602783519998515
15,559,1,0.9133986928104575,0.9284815483187313,0.24763773381710052,0.0018022949739211636,-0.39854763578731933
15,560,1,0.9150326797385621,0.9296964413477129,0.24968427419662476,0.0015555134669569693,-0.36144274659114506
15,561,1,0.9166666666666666,0.9302885632089046,0.2500050365924835,0.001960898281884409,-0.21824334847434143
15,562,1,0.9183006535947712,0.9313470192911203,0.24786940217018127,0.0018526956365863979,-0.37011178892467694
15,563,1,0.9199346405228758,0.9322176719023967,0.24911341071128845,0.001980203312395472,-0.2616997283743947
15,564,1,0.9215686274509803,0.9327347177634377,0.24639274179935455,0.00239718834727075,-0.283518879361022
15,565,1,0.923202614379085,0.9342052996504752,0.2510380744934082,0.0016861755641645482,-0.24596826554491447
15,566,1,0.9248366013071896,0.9351738484259559,0.2503562867641449,0.0016968108990764886,-0.2804740940248496
15,567,1,0.9264705882352942,0.9361504985389364,0.248146191239357,0.0016768680698048422,-0.40916473669219466
15,568,1,0.9281045751633987,0.9370262960515768,0.25235339999198914,0.0017842772162993282,-0.1427002075477902
15,569,1,0.9297385620915033,0.9376943681428542,0.2440493404865265,0.0021890996970567057,-0.4778078445138152
15,570,1,0.9313725490196079,0.9382180621282814,0.24682876467704773,0.002537672834724296,-0.21588426223299792
15,571,1,0.9330065359477124,0.9387315767081043,0.24464352428913116,0.0027852116804828343,-0.2604439403210641
15,572,1,0.934640522875817,0.9390895555470555,0.25053155422210693,0.003072502383823521,0.15485152300414828
15,573,1,0.9362745098039216,0.9397770843140619,0.2501019835472107,0.0029007884906868,0.07791288972064575
15,574,1,0.9379084967320261,0.9403161573119065,0.2505241632461548,0.0028823945356441106,0.09562651357011298
15,575,1,0.9395424836601307,0.9407804544870094,0.25308534502983093,0.002942621156447516,0.25624321485363
15,576,1,0.9411764705882353,0.9411975318954449,0.247964009642601,0.0030377631927383675,0.0017673505271749712
15,577,1,0.9428104575163399,0.9416942880363876,0.2514013648033142,0.0030680011388930107,0.20167850379735192
15,578,1,0.9444444444444444,0.942119522709508,0.25378936529159546,0.003122067396353916,0.35078869367648546
15,579,1,0.946078431372549,0.9421795928599385,0.25243955850601196,0.003512838595323879,0.39685584044402666
15,580,1,0.9477124183006536,0.9425186078491025,0.24594271183013916,0.0035236081993921405,0.04002293196073098
15,581,1,0.9493464052287581,0.9425296117017011,0.24512165784835815,0.0038428733352078733,0.09328003785279876
15,582,1,0.9509803921568627,0.9427216730900934,0.2466541826725006,0.00385964286314404,0.18342653599384506
15,583,1,0.9526143790849673,0.9432705376623784,0.24767589569091797,0.0034613158860052774,0.11683330519512825
15,584,1,0.954248366013072,0.9437024841140256,0.24240340292453766,0.003302105634968149,-0.22471337368057814
15,585,1,0.9558823529411765,0.9438729484091457,0.24472802877426147,0.0034276104060787945,-0.05701493619278308
15,586,1,0.9575163398692811,0.9445732549435967,0.24583066999912262,0.0030631380484889715,-0.10864787047985719
15,587,1,0.9591503267973857,0.9448908988740677,0.24482639133930206,0.0032083895813937325,-0.119384229566464
15,588,1,0.9607843137254902,0.9455020815795299,0.25434666872024536,0.0030022971788539344,0.34462951918600543
15,589,1,0.9624183006535948,0.945905390096067,0.2525170147418976,0.003048888028692869,0.25761345045175715
15,590,1,0.9640522875816994,0.9462951295212956,0.25277191400527954,0.0031672590251946176,0.3083657045826915
15,591,1,0.9656862745098039,0.9464482058769357,0.25400394201278687,0.0034446513139792397,0.4624846755375623
15,592,1,0.9673202614379085,0.9468275290424266,0.2546241879463196,0.0034546548992052824,0.49996405770511904
15,593,1,0.9689542483660131,0.9469336433100901,0.2538715600967407,0.0036799024972659785,0.5279274908087138
15,594,1,0.9705882352941176,0.9469806345513956,0.25261980295181274,0.0038899745594662845,0.5235257778734095
15,595,1,0.9722222222222222,0.9474185596299138,0.25201180577278137,0.0036234257384730336,0.40735585337513897
15,596,1,0.9738562091503268,0.9476559963254382,0.2509225010871887,0.0036285774811932333,0.3485620582374679
15,597,1,0.9754901960784313,0.9477322574801413,0.2529315948486328,0.0037594331472429617,0.5004238386476341
15,598,1,0.9771241830065359,0.9478679765041844,0.2541956603527069,0.003823367665712689,0.590279627560326
15,599,1,0.9787581699346405,0.9479379736938736,0.25568774342536926,0.003975205964220756,0.719971532711392
15,600,1,0.9803921568627451,0.9479508534108331,0.2561880648136139,0.004092179763251174,0.7838969564665517
15,601,1,0.9820261437908496,0.9480175006325697,0.25386083126068115,0.004099246812863238,0.6570688243528356
15,602,1,0.9836601307189542,0.9477159577210587,0.25453659892082214,0.004472100512481413,0.8098841733179073
15,603,1,0.9852941176470589,0.9475462597146744,0.25293490290641785,0.004603793823084195,0.7618342486311617
15,604,1,0.9869281045751634,0.9476321594903379,0.25165754556655884,0.00441996555262099,0.6341490554167268
29,8,0,0.013675213675213675,0.006507298081499944,0.332985520362854,nan,nan
29,9,0,0.015384615384615385,0.017765033008161058,0.32077038288116455,nan,nan
29,10,0,0.017094017094017096,0.025894977487344303,0.32782113552093506,nan,nan
29,11,0,0.018803418803418803,0.03118696267071186,0.3267436921596527,nan,nan
29,12,0,0.020512820512820513,0.034420859489280746,0.31554117798805237,0.009837809504176604,5.851821487463601
29,13,0,0.022222222222222223,0.03650134673788702,0.30897846817970276,0.004939906400837675,3.972699637346065
29,14,0,0.023931623931623933,0.03773345269068359,0.31496232748031616,0.0017622736480079498,3.3213348312844873
29,15,0,0.02564102564102564,0.03872120859447569,0.31227919459342957,0.0008554661991820232,2.892043654583111
29,16,0,0.02735042735042735,0.0399150463224229,0.3159150779247284,0.0011736527288337285,3.1920456814369644
29,17,0,0.02905982905982906,0.0418065283373614,0.31606218218803406,0.000752561995015051,3.06992426941188
29,18,0,0.03076923076923077,0.04385292559265034,0.310336172580719,0.00040023372079609724,2.643489479753803
29,19,1,0.03247863247863248,0.046884753282470555,0.30853191018104553,0.0015663438975680854,2.904236227067281
29,20,1,0.03418803418803419,0.05064513191647645,0.30335578322410583,0.0032858363595752852,3.1492619541681566
29,21,1,0.035897435897435895,0.05549885319352325,0.3014923632144928,0.005457036238108682,3.717682312442036
29,22,1,0.037606837606837605,0.06098703470682248,0.3140227794647217,0.007522136537367425,5.051226857765048
29,23,1,0.039316239316239315,0.06773722265178381,0.3160047233104706,0.009988797203785744,5.924231330361654
29,24,1,0.041025641025641026,0.07488503337395942,0.29904523491859436,0.011923490583633052,5.582603009062127
29,25,1,0.042735042735042736,0.08212243394700762,0.29869771003723145,0.013100915792310526,5.927607340420691
29,26,1,0.044444444444444446,0.08883613918433662,0.3020162880420685,0.013158725841268383,6.129464076127842
29,27,1,0.046153846153846156,0.09485043850425881,0.30440059304237366,0.012210749041812059,5.9683588428830046
29,28,1,0.04786324786324787,0.10006076751161698,0.3030526340007782,0.010642774086051477,5.408534516631075
29,29,1,0.04957264957264957,0.10379917225328819,0.3006399869918823,0.0080872452933083,4.484159326486129
29,30,1,0.05128205128205128,0.10647020472806536,0.29812487959861755,0.005339093191515333,3.494510547779993
29,31,1,0.05299145299145299,0.10921380851288842,0.29777991771698,0.003674180590406235,2.960298815331675
29,32,1,0.0547008547008547,0.11092181804692182,0.2978392243385315,0.0017913476222822088,2.3810785883851784
29,33,1,0.05641025641025641,0.11058857943907321,0.30016836524009705,0.001257153619392619,2.3449307228633063
29,34,1,0.05811965811965812,0.11050740657260456,0.3008897602558136,0.003035678282307512,2.9351598538752937
29,35,1,0.05982905982905983,0.11041015619529557,0.2994571030139923,0.004142229120751311,3.19808084751672
29,36,1,0.06153846153846154,0.1101718336088785,0.29884374141693115,0.004679638627770157,3.330340941237118
29,37,1,0.06324786324786325,0.11039350319510996,0.297878623008728,0.004270472932027871,3.150250744668499
29,38,1,0.06495726495726496,0.11029746312456051,0.29148128628730774,0.004317743941586504,2.810227105104659
29,39,1,0.06666666666666667,0.11034908424711531,0.2922329604625702,0.004213636957020721,2.8196891020409383
29,40,1,0.06837606837606838,0.11067483144829746,0.293877512216568,0.0038726217687934813,2.8053551303205824
29,41,1,0.07008547008547009,0.11072213493698521,0.29079049825668335,0.003951067739960472,2.6584902588678188
29,42,1,0.07179487179487179,0.11134376988589068,0.29098060727119446,0.003411590726523821,2.5021267281723234
29,43,1,0.0735042735042735,0.111742690670009,0.2860542833805084,0.0032742466327380527,2.1865354839386435
29,44,1,0.07521367521367521,0.11221279070206383,0.2875700294971466,0.0031525482064066346,2.2329128181031637
29,45,1,0.07692307692307693,0.11286910087812935,0.287085622549057,0.002880727843782698,2.1219634466428077
29,46,1,0.07863247863247863,0.11329889983699346,0.28439056873321533,0.0029876703702046026,2.005643836503206
29,47,1,0.08034188034188035,0.11382995508822749,0.2856043577194214,0.0029453976067462685,2.0598542056917206
29,48,1,0.08205128205128205,0.11431347219626878,0.2874237596988678,0.0029836966032596047,2.172565027327459
29,49,1,0.08376068376068375,0.11477002168891151,0.284990519285202,0.003052317484168109,2.058903638215385
29,50,1,0.08547008547008547,0.11553585435800266,0.2829549014568329,0.0027617150177725192,1.856149224648819
29,51,1,0.08717948717948718,0.11608425400348948,0.2839485704898834,0.0027725540025380236,1.9145884662681008
29,52,1,0.08888888888888889,0.11676904072794497,0.28857260942459106,0.0026513420068980265,2.1334302914415924
29,53,1,0.0905982905982906,0.11753491160569438,0.2889656722545624,0.0024993632620676654,2.1082015083602497
29,54,1,0.09230769230769231,0.11854809284331878,0.28685262799263,0.0021774045036389734,1.8914538543487198
29,55,1,0.09401709401709402,0.1194640079812583,0.2875688672065735,0.0020145489870284795,1.8807759167375624
29,56,1,0.09572649572649573,0.12014749268415933,0.28653624653816223,0.0021760027785696513,1.87348099576735
29,57,1,0.09743589743589744,0.12145563171874675,0.28707146644592285,0.0017124767330358604,1.7597469249449067
29,58,1,0.09914529914529914,0.12198711792820387,0.2888268530368805,0.0021611705518418,1.9958762602478965
29,59,1,0.10085470085470086,0.12265663538846376,0.2899208962917328,0.002351409362803163,2.1153823791093807
29,60,1,0.10256410256410256,0.12329650325145906,0.28721314668655396,0.0025096983516092342,2.014244444684847
29,61,1,0.10427350427350428,0.12384180131500602,0.29671967029571533,0.002751652929887204,2.616111820947326
29,62,1,0.10598290598290598,0.1242087773352579,0.2882222533226013,0.0029812193087001993,2.2160645864827115
29,63,1,0.1076923076923077,0.12466793596806924,0.29053622484207153,0.0030774755276522948,2.374123508754671
29,64,1,0.1094017094017094,0.12513867145802932,0.2611749470233917,0.003109565182593631,0.7563542526041552
29,65,1,0.1111111111111111,0.12569290780629278,0.26284387707710266,0.0030158708859727035,0.8198874985957284
29,66,1,0.11282051282051282,0.12635230280038234,0.2619227468967438,0.0028192525147048442,0.7079934393079188
29,67,1,0.11452991452991453,0.12735311329627438,0.2621578276157379,0.0023543233850939083,0.5771865096975929
29,68,1,0.11623931623931624,0.12801043304600498,0.26481521129608154,0.0023682979674146,0.7288269569273247
29,69,1,0.11794871794871795,0.12864145169806457,0.26023566722869873,0.002455219712348926,0.5018431219619888
29,70,1,0.11965811965811966,0.12932606724811382,0.2593715786933899,0.0025077401352426466,0.47018945367958476
29,71,1,0.12136752136752137,0.13021304750390109,0.2658595144748688,0.0023642009913881924,0.785452331860626
29,72,1,0.12307692307692308,0.13111130016068,0.2631576359272003,0.0021809318865159844,0.5789691469196526
29,73,1,0.12478632478632479,0.13205829457084567,0.2634747624397278,0.00200915425501909,0.5434053432487213
29,74,1,0.1264957264957265,0.13293168738909217,0.2646533250808716,0.0019899721549678662,0.6028066287339865
29,75,1,0.1282051282051282,0.13355667921514977,0.26434487104415894,0.0022663853641548427,0.6712232031270594
29,76,1,0.12991452991452992,0.1346723134414517,0.2604878842830658,0.0019866590656650463,0.37086266378129024
29,77,1,0.13162393162393163,0.13558374817609625,0.26262763142585754,0.0019654776512134254,0.48293045693409403
29,78,1,0.13333333333333333,0.13670063946880173,0.2631297707557678,0.0017299497598206193,0.43790022483328567
29,79,1,0.13504273504273503,0.13853617557467376,0.2569582760334015,0.0009055232921770198,-0.1592878826762615
29,80,1,0.13675213675213677,0.14002609906380084,0.2524489462375641,0.0005916022746299143,-0.5063913829487188
29,81,1,0.13846153846153847,0.14154998559778803,0.2548399865627289,0.00040616214623000353,-0.4312107954264994
29,82,1,0.14017094017094017,0.1427722904957707,0.25661227107048035,0.0006754166036702524,-0.24965936933980035
29,83,1,0.14188034188034188,0.14398734010755626,0.2564443051815033,0.0009782797486269524,-0.1652715319978714
29,84,1,0.14358974358974358,0.14582146274062874,0.2558915913105011,0.0005751131306763704,-0.32064332961188485
29,85,1,0.1452991452991453,0.14694282532591588,0.2586216330528259,0.0008344265826949071,-0.08907238107835502
29,86,1,0.147008547008547,0.14910420209860334,0.25644078850746155,0.00026479338536679906,-0.3862038112421618
29,87,1,0.14871794871794872,0.15090908021376168,0.25435981154441833,0.00020352103974920438,-0.52052298893427
29,88,1,0.15042735042735042,0.15269710235948503,0.2543318569660187,0.00025822759158273926,-0.5051476732385809
29,89,1,0.15213675213675212,0.15354028324548186,0.25577130913734436,0.0006175014271345025,-0.3141973691522014
29,90,1,0.15384615384615385,0.15580098328376887,0.2617051899433136,0.00028761945324753534,-0.08730002148793103
29,91,1,0.15555555555555556,0.1589066672414087,0.2621273100376129,0.0014253227926094413,0.2880819206156106
29,92,1,0.15726495726495726,0.16154916629824853,0.2638512849807739,0.002068425092537558,0.5826156929356815
29,93,1,0.15897435897435896,0.1649559815318192,0.2608657777309418,0.0032622243414173594,0.7864443355890254
29,94,1,0.1606837606837607,0.16903921009039727,0.2596757709980011,0.004491528328411111,1.1007942943847016
29,95,1,0.1623931623931624,0.1731085430018674,0.26030123233795166,0.005251304538224101,1.3705263165275638
29,96,1,0.1641025641025641,0.17732215848436014,0.2581072449684143,0.005914451080602163,1.4540618102784957
29,97,1,0.1658119658119658,0.1820536802195281,0.25636452436447144,0.006702724769242259,1.6013257636067428
29,98,1,0.1675213675213675,0.18681447590018074,0.2601020634174347,0.007189095777967626,1.9589959229993503
29,99,1,0.16923076923076924,0.19167323192804755,0.24431751668453217,0.007604035353388562,1.2123235597279618
29,100,1,0.17094017094017094,0.19635973783528107,0.24611012637615204,0.007649369029077075,1.3257254793460782
29,101,1,0.17264957264957265,0.1999773436019528,0.2513791024684906,0.006507579958018551,1.264576013365121
29,102,1,0.17435897435897435,0.20386576036466572,0.24332311749458313,0.005915080875125307,0.634671021493828
29,103,1,0.17606837606837608,0.20830669480045683,0.24393180012702942,0.006093194194795188,0.7235189044871339
29,104,1,0.17777777777777778,0.21199220807017538,0.24701303243637085,0.00562034174641139,0.7480423833377612
29,105,1,0.1794871794871795,0.21632313829946934,0.24904605746269226,0.00604315441698179,0.9915560519744424
29,106,1,0.1811965811965812,0.220427736233237,0.24589969217777252,0.006061303676370323,0.8227464243295417
29,107,1,0.1829059829059829,0.22376233917160224,0.2553366720676422,0.005255412647592729,1.0965776348623821
29,108,1,0.18461538461538463,0.22683441362030946,0.255278617143631,0.00446357600351356,0.8483820354731174
29,109,1,0.18632478632478633,0.22946174360458255,0.2479768991470337,0.003380354600253167,0.10847231278905023
29,110,1,0.18803418803418803,0.23078551424478727,0.2476886510848999,0.0016064850287121945,-0.4563043252688533
29,111,1,0.18974358974358974,0.23211950931861938,0.2493239790201187,0.0007148333950945544,-0.6415047025283719
29,112,1,0.19145299145299147,0.23379200251866228,0.2540237307548523,0.0003359835622237993,-0.49817319953472655
29,113,1,0.19316239316239317,0.2355076539149131,0.2490374892950058,0.000285449943415085,-0.7902287930657863
29,114,1,0.19487179487179487,0.237168802455911,0.25354915857315063,0.0001268497165094073,-0.5891835031517421
29,115,1,0.19658119658119658,0.23814841071809195,0.2595706284046173,0.000743063507109386,-0.06472882614403253
29,116,1,0.19829059829059828,0.23951224026543694,0.25827038288116455,0.0008864593096325079,-0.09244678243130927
29,117,1,0.2,0.24246659674144333,0.26223593950271606,0.0006378377296802196,0.050473066250604603
29,118,1,0.20170940170940171,0.24391523903294343,0.2571958005428314,0.0004936870534563708,-0.27353353838287986
29,119,1,0.20341880341880342,0.2448716538909548,0.2547343969345093,0.0005164674805529906,-0.40293825650704784
29,120,1,0.20512820512820512,0.24626532341021354,0.25641798973083496,0.0006705912456559537,-0.2619225790662763
29,121,1,0.20683760683760682,0.24794337030297176,0.2579984962940216,0.0006808151390918937,-0.17114120232817875
29,122,1,0.20854700854700856,0.24870022649657403,0.2559080123901367,0.0012931523358717546,-0.0975871193031155
29,123,1,0.21025641025641026,0.2495476114253252,0.2525615394115448,0.0016420142730281962,-0.17517470429273752
29,124,1,0.21196581196581196,0.2509111400349942,0.2660221457481384,0.0014474750469517673,0.5108528209307766
29,125,1,0.21367521367521367,0.25244915343356833,0.26314225792884827,0.0010709158045728463,0.23470155182255548
29,126,1,0.2153846153846154,0.25437878859529495,0.2640171945095062,0.0004196789826040999,0.08172663278375475
29,127,1,0.2170940170940171,0.25654225614880427,0.2634578347206116,0.0004761006033337634,0.0681731165980407
29,128,1,0.2188034188034188,0.25861968772100236,0.26241451501846313,0.0008048709946620725,0.11204922992954292
29,129,1,0.2205128205128205,0.2601311332290221,0.25618240237236023,0.000482353261804823,-0.33321958407134294
29,130,1,0.2222222222222222,0.26152323713349296,0.25868716835975647,0.0003158499937719249,-0.24587574565520293
29,131,1,0.22393162393162394,0.2636261202781749,0.26503318548202515,0.0002210325722382273,0.0765930597557295
29,132,1,0.22564102564102564,0.26502031481319915,0.2634812593460083,0.00024995792098195626,-0.0004919747866443114
29,133,1,0.22735042735042735,0.26544059670201225,0.2629973590373993,0.0013790868346348784,0.32201029654252766
29,134,1,0.22905982905982905,0.26679145924531056,0.26432332396507263,0.0013555901595841292,0.3882482655846383
29,135,1,0.23076923076923078,0.26749159127636424,0.2671174705028534,0.0019725136564848356,0.7340098345834232
29,136,1,0.23247863247863249,0.26823117161295057,0.2678888440132141,0.002199301069445868,0.8469355062647845
29,137,1,0.2341880341880342,0.2698798206998486,0.26897358894348145,0.001353366182485648,0.6453563125206472
29,138,1,0.2358974358974359,0.2713590836685574,0.26889973878860474,0.0009839092132359773,0.5269602564686868
29,139,1,0.2376068376068376,0.27244792801629636,0.2671036124229431,0.001036970971308714,0.44380481311735576
29,140,1,0.23931623931623933,0.2738075260315784,0.2651456296443939,0.0009164571410097288,0.29797600662440193
29,141,1,0.24102564102564103,0.27431724275357455,0.2669145166873932,0.0018008290236705016,0.6696431813635769
29,142,1,0.24273504273504273,0.2758629392289972,0.2630879282951355,0.0013644880616793687,0.32251462580695733
29,143,1,0.24444444444444444,0.276727910886342,0.2626073956489563,0.0016254802944444691,0.3766207838538763
29,144,1,0.24615384615384617,0.2770190699468234,0.26389753818511963,0.002404316951474488,0.689097537874232
29,145,1,0.24786324786324787,0.2778482843302342,0.2630826532840729,0.002377988546874975,0.6357774343485048
29,146,1,0.24957264957264957,0.2790882342372282,0.2647024691104889,0.002020799034045855,0.6150681924812658
29,147,1,0.2512820512820513,0.28065381226228253,0.2639089524745941,0.001261544761049298,0.3361811881174307
29,148,1,0.252991452991453,0.28192253069983086,0.2617279589176178,0.0009743016674860927,0.12640691801214055
29,149,1,0.2547008547008547,0.28323764710812727,0.26031234860420227,0.0008850504474415699,0.020317517799249396
29,150,1,0.2564102564102564,0.28480817168715994,0.25839269161224365,0.0006618665628821562,-0.15515053258234668
29,151,1,0.25811965811965815,0.2873447877626886,0.25936830043792725,0.0004948631385004533,-0.15273310623367353
29,152,1,0.25982905982905985,0.2892055085076877,0.26466670632362366,0.0006327420200611789,0.18365064801582692
29,153,1,0.26153846153846155,0.29064607263970055,0.2666388154029846,0.00042832649950235097,0.2297364239374176
29,154,1,0.26324786324786326,0.29236772182131104,0.26645854115486145,0.0002740129858789798,0.17200130519514534
29,155,1,0.26495726495726496,0.2947721002416958,0.2645765244960785,0.0006365953856739393,0.1798433988851984
29,156,1,0.26666666666666666,0.2973031728819219,0.26372653245925903,0.0013108399061482045,0.3413192519264246
29,157,1,0.26837606837606837,0.2999520571211109,0.2622537314891815,0.0019353080517786735,0.4528687929796236
29,158,1,0.27008547008547007,0.30148641528234876,0.26199114322662354,0.0012248874466800107,0.2185228774474865
29,159,1,0.2717948717948718,0.3032442138217447,0.2621837258338928,0.000673009785753544,0.058459981512887615
29,160,1,0.27350427350427353,0.30526365399996747,0.2639716863632202,0.0005227070500110465,0.11107847075230542
29,161,1,0.27521367521367524,0.3069638952245425,0.2670305371284485,0.00023282799507466482,0.19096921719886828
29,162,1,0.27692307692307694,0.30916026277743675,0.26574471592903137,0.0006762360221109609,0.25686822588070096
29,163,1,0.27863247863247864,0.3102752556913091,0.2646033763885498,0.00024716813403093715,0.06085157273649067
29,164,1,0.28034188034188035,0.3118212788883406,0.25988057255744934,0.00033897020814820263,-0.17256426515172169
29,165,1,0.28205128205128205,0.3135829838434796,0.24879930913448334,0.00024862751803705473,-0.8148248196987844
29,166,1,0.28376068376068375,0.3153945076250834,0.24890314042568207,0.00021854346648362514,-0.818376096856174
29,167,1,0.28547008547008546,0.31629625334925787,0.25172126293182373,0.0007167353359701522,-0.5080183857111469
29,168,1,0.28717948717948716,0.3176962210604539,0.25103476643562317,0.0008220170392613401,-0.513503703959215
29,169,1,0.28888888888888886,0.31890157023972543,0.24652254581451416,0.0010854034030181193,-0.6821609829550801
29,170,1,0.2905982905982906,0.32011308739122,0.25026822090148926,0.0012035328505849863,-0.4379658014734662
29,171,1,0.2923076923076923,0.32047603070622666,0.2532808780670166,0.0020202344771125414,-0.01828363508553616
29,172,1,0.294017094017094,0.32126376054457656,0.25025928020477295,0.002277448978004819,-0.10621490754072649
29,173,1,0.29572649572649573,0.3210727913389756,0.2465118020772934,0.0033603030546364445,0.021048412121512206
29,174,1,0.29743589743589743,0.3220914420897141,0.2449595034122467,0.002884457578710491,-0.21222250425407602
29,175,1,0.29914529914529914,0.32274823755352294,0.24920128285884857,0.0027222507895251647,-0.02725485242262607
29,176,1,0.30085470085470084,0.3234732102678094,0.2481696605682373,0.0025653297870627968,-0.1329927359894905
29,177,1,0.30256410256410254,0.3238123203205484,0.24862416088581085,0.002778582165131981,-0.041820968257261504
29,178,1,0.30427350427350425,0.32342052605222166,0.2511567175388336,0.0038552586788519346,0.43167656748652095
29,179,1,0.305982905982906,0.3241617493916227,0.25383460521698,0.003446306330077768,0.4536092013305378
29,180,1,0.3076923076923077,0.3245242713301888,0.24957965314388275,0.003437162351036598,0.21489906036890313
29,181,1,0.3094017094017094,0.32565283243669785,0.24821440875530243,0.002571366510122396,-0.12864440472265995
29,182,1,0.3111111111111111,0.3258559559736153,0.25351250171661377,0.002828371002242357,0.2445769021887236
29,183,1,0.3128205128205128,0.32718373161715925,0.2518574297428131,0.0021094528390467483,-0.0695929021954375
29,184,1,0.3145299145299145,0.32850228013427096,0.252349853515625,0.0015463998783192146,-0.21649094208731184
29,185,1,0.3162393162393162,0.3298163082271465,0.2508752942085266,0.0012268739864641654,-0.3970903172473131
29,186,1,0.31794871794871793,0.33122232569202714,0.24941504001617432,0.0008617254691957054,-0.5910113201956696
29,187,1,0.31965811965811963,0.3327305121596998,0.25189897418022156,0.0006951314311260548,-0.5048504149903786
29,188,1,0.3213675213675214,0.3350576339565999,0.25098952651023865,0.00036320405751436816,-0.657958525906982
29,189,1,0.3230769230769231,0.33691985117467516,0.24741096794605255,0.0004686739926319639,-0.8237124548610166
29,190,1,0.3247863247863248,0.33903822418993457,0.2503710687160492,0.000811161271009232,-0.5536555638790025
29,191,1,0.3264957264957265,0.340009670429396,0.2548530697822571,0.0004153605103144252,-0.4276397269018339
29,192,1,0.3282051282051282,0.3419388652903656,0.25542351603507996,0.00022269274465344668,-0.45562323703789415
29,193,1,0.3299145299145299,0.3442698670553165,0.25348344445228577,0.0005487321110487898,-0.46230515424729074
29,194,1,0.3316239316239316,0.34665741492796437,0.2543147802352905,0.0010987760135363466,-0.24604676127092873
29,195,1,0.3333333333333333,0.34888864023688315,0.2564055919647217,0.0014252036379476373,-0.029149038133559235
29,196,1,0.335042735042735,0.35135618526641277,0.25399720668792725,0.0016730062156055225,-0.08599757564486564
29,197,1,0.3367521367521368,0.3531390130066416,0.2541380226612091,0.0011015039618224986,-0.25500167801033446
29,198,1,0.3384615384615385,0.355955707127236,0.2543817460536957,0.0017009115945856978,-0.05604659620910452
29,199,1,0.3401709401709402,0.3581692616280111,0.2550385892391205,0.0015898930455428683,-0.053980021069595804
29,200,1,0.3418803418803419,0.3602884495124736,0.2568714916706085,0.0013889255822232948,-0.0145446701628629
29,201,1,0.3435897435897436,0.36236147374616007,0.25741803646087646,0.0012288837543946562,-0.0337594393553686
29,202,1,0.3452991452991453,0.36452347772790517,0.2599000632762909,0.0010852725512601035,0.05940612294301306
29,203,1,0.347008547008547,0.3672299710067869,0.26249510049819946,0.0016498231799745421,0.3779266579853319
29,204,1,0.3487179487179487,0.3681199527383575,0.26324397325515747,0.0006785331357008804,0.11894557703262026
29,205,1,0.3504273504273504,0.36929664542530644,0.26107433438301086,0.0005785556537041191,-0.032263274897172844
29,206,1,0.35213675213675216,0.37037290785683735,0.25872504711151123,0.0011640860409265364,0.01865011159965474
29,207,1,0.35384615384615387,0.37173870475217813,0.2584435045719147,0.0012606466778187653,0.03291605967753003
29,208,1,0.35555555555555557,0.373097625059318,0.25272414088249207,0.0010289098070267611,-0.35584191617208893
29,209,1,0.3572649572649573,0.37468068808423405,0.26017051935195923,0.0006902648623508134,-0.04780751892776447
29,210,1,0.358974358974359,0.37525181626888604,0.24354730546474457,0.0014651473424307105,-0.7296143690661285
29,211,1,0.3606837606837607,0.37513853511964507,0.24840940535068512,0.0027981555946838283,-0.04767074334461119
29,212,1,0.3623931623931624,0.3753483301644128,0.24918250739574432,0.0034383181417828464,0.19324012314281214
29,213,1,0.3641025641025641,0.375243995595752,0.24676817655563354,0.0041053289867173815,0.26575599838380665
29,214,1,0.3658119658119658,0.3756383146167369,0.24977250397205353,0.003851836843611943,0.35388146890872557
29,215,1,0.36752136752136755,0.37648735263718447,0.24887226521968842,0.0030994234101271046,0.0711945338316734
29,216,1,0.36923076923076925,0.37748374206963736,0.2493257224559784,0.0024402383570590203,-0.10760488907948057
29,217,1,0.37094017094017095,0.37851256900085234,0.24696095287799835,0.0019452644021502475,-0.39183458301864044
29,218,1,0.37264957264957266,0.3789080352354297,0.2472337782382965,0.002366941518847936,-0.2462521761824722
29,219,1,0.37435897435897436,0.3791751647367941,0.24952319264411926,0.0029172421721567632,0.050916953281928024
29,220,1,0.37606837606837606,0.380691121564875,0.25105974078178406,0.0020732383689782575,-0.12501825266683117
29,221,1,0.37777777777777777,0.3818726550423584,0.2486899495124817,0.0016935497653042687,-0.3738595267955746
29,222,1,0.37948717948717947,0.38364293150142553,0.24682579934597015,0.0007995366115122151,-0.7537905919592529
29,223,1,0.3811965811965812,0.3861780938414735,0.24394598603248596,0.0005881434569353483,-0.9788388976685818
29,224,1,0.38290598290598293,0.3880938634014274,0.24257344007492065,0.0007531807407193792,-1.0038695545835288
29,225,1,0.38461538461538464,0.3897470523961168,0.242695152759552,0.0005779862135609812,-1.051323601635267
29,226,1,0.38632478632478634,0.3916128226370658,0.24506747722625732,0.0004528551787801161,-0.9585222269192619
29,227,1,0.38803418803418804,0.3941468454440425,0.24502287805080414,0.0009944052018467774,-0.7934507427987988
29,228,1,0.38974358974358975,0.3955297707999813,0.24378705024719238,0.0005425764138089249,-1.001747261351227
29,229,1,0.39145299145299145,0.3977626457644085,0.24555703997612,0.0007590407719320192,-0.8366551712357198
29,230,1,0.39316239316239315,0.39897697978457747,0.24355319142341614,0.00034282800821598106,-1.0765095185882825
29,231,1,0.39487179487179486,0.400231356589629,0.24504584074020386,0.0006171860317983213,-0.9088812564456981
29,232,1,0.39658119658119656,0.40026839451746116,0.24802833795547485,0.002101275890362785,-0.28439550690903637
29,233,1,0.39829059829059826,0.40112411986597324,0.24700330197811127,0.0024302064712206795,-0.23945624205788557
29,234,1,0.4,0.4017850032983102,0.2462252378463745,0.0026096915642749175,-0.22706085081182206
29,235,1,0.4017094017094017,0.4028492522168015,0.24414759874343872,0.002247448524216754,-0.45430884369129343
29,236,1,0.40341880341880343,0.40400825414657615,0.25108471512794495,0.0017429205012352168,-0.22582699280402216
29,237,1,0.40512820512820513,0.4053748886729529,0.2488938719034195,0.0013112508821371983,-0.48082975637029585
29,238,1,0.40683760683760684,0.40586753927400765,0.2519588768482208,0.0018812924828273837,-0.13455689699992468
29,239,1,0.40854700854700854,0.4065264125012907,0.24950964748859406,0.0022430532494687894,-0.15841349111199837
29,240,1,0.41025641025641024,0.4073726909197048,0.2520803213119507,0.002316064902176883,0.006684832789772263
29,241,1,0.41196581196581195,0.4078453719021638,0.2507498264312744,0.002684493113000107,0.04691013127370994
29,242,1,0.41367521367521365,0.4086720796433756,0.24823099374771118,0.002475406179090993,-0.1574130460495267
29,243,1,0.4153846153846154,0.4092396493254463,0.24703288078308105,0.0026089715893622845,-0.18251040557696632
29,244,1,0.4170940170940171,0.4103309900191985,0.24931056797504425,0.0021959401016490177,-0.18402562863414598
29,245,1,0.4188034188034188,0.41188315780982937,0.2516292631626129,0.0013833470858915387,-0.30688323492402175
29,246,1,0.4205128205128205,0.41347606129086034,0.2504623234272003,0.0007998900817769871,-0.5520837524371103
29,247,1,0.4222222222222222,0.41492218843553247,0.24875414371490479,0.0005547583489760188,-0.722618357969632
29,248,1,0.4239316239316239,0.4171100608539398,0.25326016545295715,0.00021852961307900723,-0.5768405878993184
29,249,1,0.4256410256410256,0.4186826641011049,0.24858692288398743,0.00015290964144199371,-0.8562118980218248
29,250,1,0.42735042735042733,0.4202573303150491,0.24464009702205658,0.00015577716433857797,-1.0741243885549054
29,251,1,0.42905982905982903,0.4215222817794425,0.2473767101764679,0.0004652613201389255,-0.8266674055291303
29,252,1,0.4307692307692308,0.42260651030190927,0.2475070357322693,0.0010310561336496372,-0.6443978268405034
29,253,1,0.4324786324786325,0.4236176589296212,0.25048837065696716,0.0013940198679300731,-0.3668288061727669
29,254,1,0.4341880341880342,0.42502002260206323,0.2445419579744339,0.0012254049026171766,-0.7486451065965396
29,255,1,0.4358974358974359,0.4262036666555678,0.2433185577392578,0.0012324339208661262,-0.8142919495553141
29,256,1,0.4376068376068376,0.4271286752663983,0.24169579148292542,0.0014777715290669336,-0.8283508423940374
29,257,1,0.4393162393162393,0.42801218300043575,0.24322174489498138,0.0017248050361517598,-0.6673299230741732
29,258,1,0.441025641025641,0.4291107609499843,0.241819828748703,0.00172485810430688,-0.74503133678044
29,259,1,0.4427350427350427,0.43065344611224027,0.24292491376399994,0.0012048575290311715,-0.8446458784277433
29,260,1,0.4444444444444444,0.4316998944609013,0.2396651953458786,0.0012708540445382655,-1.0049365367447916
29,261,1,0.4461538461538462,0.4324689391013963,0.23780806362628937,0.0016446142026689693,-0.9922567422434652
29,262,1,0.4478632478632479,0.43350357117362875,0.24122214317321777,0.0017241711556766504,-0.7783776766339752
29,263,1,0.4495726495726496,0.43451811911903726,0.24471719563007355,0.0018078257661792597,-0.5587419999526885
29,264,1,0.4512820512820513,0.4353636742176782,0.24618327617645264,0.0019284389192375673,-0.4401519812678554
29,265,1,0.452991452991453,0.43620027697951197,0.2465999722480774,0.002007781096598037,-0.39250489652027876
29,266,1,0.4547008547008547,0.4376246408024233,0.2576926350593567,0.001516251743215612,0.07036891653932181
29,267,1,0.4564102564102564,0.43900886691414737,0.25650402903556824,0.0011622930386901865,-0.10503087714533915
29,268,1,0.4581196581196581,0.4399925077974581,0.2574704587459564,0.001301339104156989,-0.008437186468120306
29,269,1,0.4598290598290598,0.44112847216306195,0.2596554160118103,0.0013225831334981054,0.11926243330771163
29,270,1,0.46153846153846156,0.44215965154813397,0.25967487692832947,0.0015234525443135628,0.1824859582508526
29,271,1,0.46324786324786327,0.4429921807372206,0.25788700580596924,0.001824676041654637,0.17656406112988698
29,272,1,0.46495726495726497,0.44378794882559763,0.2581600546836853,0.0020247364090458953,0.2535954062432654
29,273,1,0.4666666666666667,0.44488411968111774,0.25961822271347046,0.0018774258105606501,0.28885693709070526
29,274,1,0.4683760683760684,0.4458059774339597,0.2596115171909332,0.0018944799372326172,0.29376138373446303
29,275,1,0.4700854700854701,0.44668433669705865,0.25863775610923767,0.0019277021455901423,0.2500573613783942
29,276,1,0.4717948717948718,0.4479669647460005,0.26170414686203003,0.001568113086607802,0.3087993260499604
29,277,1,0.4735042735042735,0.44881710152531734,0.25820377469062805,0.0017627302873916995,0.17496005081934668
29,278,1,0.4752136752136752,0.4494092379861386,0.2600320875644684,0.0021538392876203506,0.397316686811825
29,279,1,0.47692307692307695,0.45012356501703155,0.2613089084625244,0.0023403273947721227,0.5257950376052555
29,280,1,0.47863247863247865,0.45063183318190003,0.2603262960910797,0.002691866309896861,0.580080666109468
29,281,1,0.48034188034188036,0.45154046298317063,0.2588236927986145,0.002449453617601143,0.4217837847969307
29,282,1,0.48205128205128206,0.45179314040946167,0.2599543333053589,0.0028776165557734424,0.6169273450589254
29,283,1,0.48376068376068376,0.45229546442635754,0.259891152381897,0.00297126814470826,0.6423985790707718
29,284,1,0.48547008547008547,0.4529928825114726,0.2571742832660675,0.0028168249119247136,0.4440024685356457
29,285,1,0.48717948717948717,0.45364543700653426,0.25954991579055786,0.0027545327492562322,0.5564282262721814
29,286,1,0.4888888888888889,0.45422771736665024,0.2603294253349304,0.0026984958949811556,0.5823051925187435
29,287,1,0.4905982905982906,0.45515259757518195,0.2606350779533386,0.002382259925746576,0.5014130113517635
29,288,1,0.49230769230769234,0.4562113050434322,0.26121070981025696,0.002037835744702442,0.4267668058603918
29,289,1,0.49401709401709404,0.4575317435924856,0.26230520009994507,0.0015220028286389176,0.32785430994039244
29,290,1,0.49572649572649574,0.459458853629202,0.2602958679199219,0.0006811280221335716,-0.043685329400870054
29,291,1,0.49743589743589745,0.4621377986518266,0.2603341042995453,0.0008046915185762738,-0.0033377379101053317
29,292,1,0.49914529914529915,0.46549523545471977,0.25944626331329346,0.0024158280523083175,0.44589411421985015
29,293,1,0.5008547008547009,0.46935983275729215,0.2634655833244324,0.003959442752058824,1.1462737707766983
29,294,1,0.5025641025641026,0.47354031920998185,0.2615673243999481,0.005182906913546876,1.4195537342790039
29,295,1,0.5042735042735043,0.47813015723589714,0.26870647072792053,0.006252378544267202,2.1461971100989157
29,296,1,0.505982905982906,0.48379088467726594,0.28056538105010986,0.007915016339618315,3.3180022366741455
29,297,1,0.5076923076923077,0.49177363682567576,0.28814518451690674,0.011323856182391635,4.792824440787392
29,298,1,0.5094017094017094,0.4979348640154858,0.2971309721469879,0.011881632355105766,5.463532253001007
29,299,1,0.5111111111111111,0.5031418482848947,0.31942328810691833,0.010989980423138685,6.423490376641476
29,300,1,0.5128205128205128,0.5082070795975482,0.31990525126457214,0.009802288973542751,6.082762727444313
29,301,1,0.5145299145299145,0.5134914807000213,0.31760790944099426,0.00898264134594527,5.701823969580709
29,302,1,0.5162393162393163,0.5190781406857788,0.29981306195259094,0.009139840363116476,4.763967458976104
29,303,1,0.517948717948718,0.5248522913744585,0.3117039203643799,0.00962817188422292,5.574238598347617
29,304,1,0.5196581196581197,0.5313738513076752,0.3079092502593994,0.010722121045048645,5.702318323141137
29,305,1,0.5213675213675214,0.538987547159136,0.29259419441223145,0.01254412396897765,5.4169881799379995
29,306,1,0.5230769230769231,0.5484425517336066,0.27678579092025757,0.01562511192866954,5.49381126694214
29,307,1,0.5247863247863248,0.5592192727752877,0.273922324180603,0.01906073020839376,6.397976014522529
29,308,1,0.5264957264957265,0.5706686416410929,0.26035404205322266,0.021918353723991632,6.529880248360181
29,309,1,0.5282051282051282,0.580274268482077,0.2577744424343109,0.021700282981621313,6.319408945833984
29,310,1,0.5299145299145299,0.587775266308903,0.2600471079349518,0.018879600477712075,5.572739926553049
29,311,1,0.5316239316239316,0.5926281986267095,0.26025620102882385,0.01389935415169445,4.04355035801414
29,312,1,0.5333333333333333,0.5956167743996879,0.26089444756507874,0.00853569846181741,2.4195331037762733
29,313,1,0.535042735042735,0.5980349484865721,0.2593117356300354,0.004716839359052939,1.1503196999175156
29,314,1,0.5367521367521367,0.5988100528203961,0.2592238187789917,0.0016142716183919375,0.18557817690440742
29,315,1,0.5384615384615384,0.5992014147650699,0.2585723102092743,0.001315560991446323,0.057045946839638845
29,316,1,0.5401709401709401,0.5995633972534288,0.25863561034202576,0.0025968825376776073,0.4569684186755075
29,317,1,0.5418803418803418,0.6003010993182715,0.2591397166252136,0.0028458361862701443,0.561935390248649
29,318,1,0.5435897435897435,0.6009678261311724,0.2569769620895386,0.0027456470812940604,0.4110427127339019
29,319,1,0.5452991452991452,0.6011687251054114,0.25691574811935425,0.0030841914347490996,0.5123875394746861
29,320,1,0.5470085470085471,0.6013821155169152,0.2550847828388214,0.0033626286083306574,0.4970270392694206
29,321,1,0.5487179487179488,0.6011858362836133,0.2570095360279083,0.00401358740750417,0.8051219592762603
29,322,1,0.5504273504273505,0.6011547781358673,0.25871917605400085,0.004265829796585701,0.9779374040480884
29,323,1,0.5521367521367522,0.6011487076146169,0.25853431224823,0.004318638319009764,0.9840269551171856
29,324,1,0.5538461538461539,0.601585880080448,0.25837165117263794,0.0038764614804800575,0.838209537762048
29,325,1,0.5555555555555556,0.6020783032097118,0.2558678388595581,0.003434979492099465,0.562821014158109
29,326,1,0.5572649572649573,0.6024914368395222,0.25596001744270325,0.003244962593813643,0.5091439665648299
29,327,1,0.558974358974359,0.6029995991901986,0.25768187642097473,0.0030709649190509714,0.5507672890497367
29,328,1,0.5606837606837607,0.6034291492985168,0.26123782992362976,0.003104137704628267,0.7581611383851099
29,329,1,0.5623931623931624,0.6035450822157002,0.2592632472515106,0.003449022091961977,0.7553962785965573
29,330,1,0.5641025641025641,0.6039533010494367,0.25400635600090027,0.0034074980097226633,0.45112406670165156
29,331,1,0.5658119658119658,0.6042544965831647,0.25580888986587524,0.0034717685284732943,0.5709348030520192
29,332,1,0.5675213675213675,0.6044705038595781,0.2546209394931793,0.003569485600301335,0.5353101213074103
29,333,1,0.5692307692307692,0.6043419946489395,0.25623178482055664,0.003958333451205347,0.7449114880114844
29,334,1,0.5709401709401709,0.6044033569246055,0.2560711205005646,0.004096199283849149,0.7786574838984917
29,335,1,0.5726495726495726,0.6051590094448069,0.25918689370155334,0.0034530607324398544,0.7524129458373954
29,336,1,0.5743589743589743,0.6052598062802949,0.25947868824005127,0.003578392112362509,0.8073639510773325
29,337,1,0.576068376068376,0.6060423437159305,0.260993629693985,0.0029931802819060816,0.7102956052904108
29,338,1,0.5777777777777777,0.6072786649109827,0.26259273290634155,0.0021819463536015982,0.5479665504273126
29,339,1,0.5794871794871795,0.6081827361745762,0.2618759870529175,0.0019967020866024244,0.45092181993322217
29,340,1,0.5811965811965812,0.6087695384293534,0.25955334305763245,0.0021658315142674845,0.37448673052249565
29,341,1,0.582905982905983,0.6094528976102283,0.259525865316391,0.0023599053706573215,0.4330057252834217
29,342,1,0.5846153846153846,0.6103529514170253,0.25946861505508423,0.002312490037434738,0.415162666776487
29,343,1,0.5863247863247864,0.6111069273237903,0.25837141275405884,0.002327085757180313,0.3588528158704868
29,344,1,0.588034188034188,0.6119674225376945,0.25705617666244507,0.0021976383305796644,0.24589200628692676
29,345,1,0.5897435897435898,0.6131401352750754,0.26014402508735657,0.0018243966202840956,0.3015996804673417
29,346,1,0.5914529914529915,0.6138992354544008,0.25795578956604004,0.0019871058571704226,0.23062950621326897
29,347,1,0.5931623931623932,0.614784044378168,0.2605383098125458,0.0019888679427471235,0.37434147592928385
29,348,1,0.5948717948717949,0.6161029472658596,0.2581930458545685,0.0015892443186500006,0.12069245267435089
29,349,1,0.5965811965811966,0.6178442192603684,0.2596757411956787,0.0009035930688018847,-0.009237311222855704
29,350,1,0.5982905982905983,0.6195835671507974,0.25827082991600037,0.00038182119585518164,-0.24854617232162549
29,351,1,0.6,0.6209054867971016,0.2586972415447235,0.00041768988987166296,-0.21381024773143342
29,352,1,0.6017094017094017,0.6226851818709833,0.25837719440460205,0.0002093065230291915,-0.2960219859403033
29,353,1,0.6034188034188034,0.6240922498927578,0.2587415874004364,0.00040684605022974104,-0.21470670326592378
29,354,1,0.6051282051282051,0.6256550773243416,0.24658489227294922,0.000406026276743342,-0.8888893529581188
29,355,1,0.6068376068376068,0.6268490563078681,0.24857209622859955,0.0007299248366027955,-0.6785177578160558
29,356,1,0.6085470085470085,0.6283779481092857,0.2517750859260559,0.0006869254128768642,-0.5142571564772229
29,357,1,0.6102564102564103,0.6303871864235586,0.2524404227733612,0.0003278735692563269,-0.5884558828008551
29,358,1,0.611965811965812,0.6320202872151803,0.2494548261165619,0.00020381483268658285,-0.7923490956993653
29,359,1,0.6136752136752137,0.6343938105960126,0.24648712575435638,0.000740708908864558,-0.7907656182696573
29,360,1,0.6153846153846154,0.6364581035451773,0.25432902574539185,0.0009188132859930931,-0.30093362982282573
29,361,1,0.6170940170940171,0.6393053685731445,0.2510906457901001,0.0017460394549873703,-0.22453327833692727
29,362,1,0.6188034188034188,0.6423337381526872,0.2402961254119873,0.002544863497133688,-0.575808647068472
29,363,1,0.6205128205128205,0.645663142722326,0.2463657706975937,0.003295905332395667,-0.006970378673238464
29,364,1,0.6222222222222222,0.6486238653656958,0.25031378865242004,0.0034392949441872226,0.256257007625572
29,365,1,0.6239316239316239,0.6507662555378626,0.24873493611812592,0.0025402446612243623,-0.10941643145084715
29,366,1,0.6256410256410256,0.6534759058352511,0.24675200879573822,0.002384673217433282,-0.2674741563171618
29,367,1,0.6273504273504273,0.6567089247285032,0.2462448924779892,0.0028321501900444423,-0.1571473484258285
29,368,1,0.629059829059829,0.6580810489762954,0.2448921799659729,0.0016056632470312126,-0.6115861501719491
29,369,1,0.6307692307692307,0.6601150935893917,0.2499828040599823,0.0011125776467387615,-0.4819279981365828
29,370,1,0.6324786324786325,0.6604216581442481,0.24822662770748138,0.0009953577272457026,-0.6155502245350983
29,371,1,0.6341880341880342,0.6626831870739884,0.2471569925546646,0.000674844489031208,-0.7740073389733533
29,372,1,0.6358974358974359,0.6644226814722665,0.24896909296512604,0.0004706172061325738,-0.7367337048575939
29,373,1,0.6376068376068376,0.6651452193841338,0.24878548085689545,0.0010099178590147074,-0.5800645682257112
29,374,1,0.6393162393162393,0.6655564922310853,0.24972814321517944,0.0018561764607488308,-0.26599212614750845
29,375,1,0.6410256410256411,0.6665642668861751,0.2518482506275177,0.0021321103273682796,-0.06309202426733562
29,376,1,0.6427350427350428,0.6672828272698932,0.24748633801937103,0.0023838198966968527,-0.22702924760036525
29,377,1,0.6444444444444445,0.6676995872323658,0.24231918156147003,0.002682096383630943,-0.4211998609178015
29,378,1,0.6461538461538462,0.6678717213226537,0.24076075851917267,0.003148554255400991,-0.3632819170585511
29,379,1,0.6478632478632479,0.6680031173884873,0.24416591227054596,0.003595965462459537,-0.03609147992358286
29,380,1,0.6495726495726496,0.667071974264124,0.2471751570701599,0.004886821212400848,0.5300945971317991
29,381,1,0.6512820512820513,0.6672470019954126,0.24791079759597778,0.00465908022966992,0.50041804054925
29,382,1,0.652991452991453,0.6670887944254561,0.24403242766857147,0.004704141490388185,0.29935436663899384
29,383,1,0.6547008547008547,0.6672545435875283,0.2485487014055252,0.004342660604016545,0.4378880034510353
29,384,1,0.6564102564102564,0.6688650229350894,0.2452217936515808,0.002545037806215721,-0.3026911294338033
29,385,1,0.6581196581196581,0.6704446627492837,0.24590960144996643,0.0014136601597627852,-0.6145851189372908
29,386,1,0.6598290598290598,0.6729733297769152,0.2480187863111496,0.0007689097422112569,-0.6971304325171415
29,387,1,0.6615384615384615,0.674088413158423,0.2535979449748993,0.00025089596692504524,-0.5481016978510757
29,388,1,0.6632478632478632,0.6747282455063948,0.25551384687423706,0.001109093821707945,-0.17638216175290222
29,389,1,0.6649572649572649,0.6754175121624075,0.25341925024986267,0.0018856328085215136,-0.05225557499189526
29,390,1,0.6666666666666666,0.6778577203754717,0.24799580872058868,0.0010598446206354318,-0.6083952478503818
29,391,1,0.6683760683760683,0.6803670338224272,0.24783170223236084,0.0008558542551159255,-0.6806030256018808
29,392,1,0.67008547008547,0.6823438197387298,0.2474031150341034,0.001006709598879647,-0.6576911581340216
29,393,1,0.6717948717948717,0.6842171526754122,0.25092607736587524,0.0009761489774782317,-0.4718439802983022
29,394,1,0.6735042735042736,0.6868534763368248,0.2547961473464966,0.0014125625106397154,-0.12228248997237151
29,395,1,0.6752136752136753,0.6895496270951887,0.25793561339378357,0.0018597742786653614,0.1901173524476
29,396,1,0.676923076923077,0.6929720003220559,0.2527773976325989,0.0029864991873421024,0.2527464959695884
29,397,1,0.6786324786324787,0.6953498138198633,0.24985918402671814,0.0027072675393180045,0.004581628630158041
29,398,1,0.6803418803418804,0.6974436620944524,0.2532755136489868,0.0020179505277943665,-0.01928762635346537
29,399,1,0.6820512820512821,0.6994323928268908,0.25378426909446716,0.0013591348208259035,-0.1949072223417204
29,400,1,0.6837606837606838,0.7016590661469744,0.2535078227519989,0.0011151167079839052,-0.28572649266845485
29,401,1,0.6854700854700855,0.7035475650829084,0.25133877992630005,0.0008318491876882895,-0.49360829492306335
29,402,1,0.6871794871794872,0.7053815138641343,0.25062230229377747,0.0006163601531529018,-0.5999952362709062
29,403,1,0.6888888888888889,0.707507063270606,0.2514689266681671,0.0007574466172041284,-0.5094119220543465
29,404,1,0.6905982905982906,0.710842978173484,0.24890127778053284,0.0020746939091533367,-0.24422635526225117
29,405,1,0.6923076923076923,0.714417276239684,0.25022390484809875,0.003353013968725961,0.22458065461780205
29,406,1,0.694017094017094,0.7176001068772024,0.24955275654792786,0.0038184168170505143,0.3313599243094344
29,407,1,0.6957264957264957,0.7193822129248049,0.25405213236808777,0.002545874611385902,0.18709402837917663
29,408,1,0.6974358974358974,0.7215645148577887,0.2579215168952942,0.0017593891308200337,0.15827888244986965
29,409,1,0.6991452991452991,0.7238788481351681,0.2516109049320221,0.0013933382371232438,-0.3048099104469506
29,410,1,0.7008547008547008,0.7250562314668192,0.24630887806415558,0.00046553336371272104,-0.8857805024864002
29,411,1,0.7025641025641025,0.7272261058727634,0.24859382212162018,0.000535335853915599,-0.7375149859830774
29,412,1,0.7042735042735043,0.7293572842999794,0.2457137107849121,0.0006813770436696465,-0.8519973193641021
29,413,1,0.705982905982906,0.7315323941563574,0.24578937888145447,0.0009082945395000164,-0.7775991278185872
29,414,1,0.7076923076923077,0.7339013474795553,0.248862162232399,0.0013638613574005597,-0.46631109220699873
29,415,1,0.7094017094017094,0.7361673986771593,0.25133204460144043,0.001418633551820576,-0.3124432261061535
29,416,1,0.7111111111111111,0.7383837911114768,0.2501237988471985,0.0013997027850390763,-0.38528135100617644
29,417,1,0.7128205128205128,0.7403163733058984,0.25159841775894165,0.0010756582765863287,-0.40378550314485295
29,418,1,0.7145299145299145,0.7419611838580948,0.25434985756874084,0.0005509651999342822,-0.4135830602852516
29,419,1,0.7162393162393162,0.7437796340396241,0.25340721011161804,0.00032796512829190276,-0.5348319002103059
29,420,1,0.717948717948718,0.7446294941265521,0.25366732478141785,0.0007252336253962976,-0.39750563577333337
29,421,1,0.7196581196581197,0.7461002697842201,0.2502310872077942,0.0008158837214971725,-0.5599546748769246
29,422,1,0.7213675213675214,0.7468116778396134,0.25001978874206543,0.0015504497856842093,-0.34440946706743886
29,423,1,0.7230769230769231,0.7484066673749635,0.2549096345901489,0.0011680837457137706,-0.1916275817610243
29,424,1,0.7247863247863248,0.7492143910362845,0.2542293071746826,0.0015171184182276466,-0.12135898265604063
29,425,1,0.7264957264957265,0.7501270368660957,0.24692946672439575,0.0017506968158495385,-0.45377510048630104
29,426,1,0.7282051282051282,0.7516964775878726,0.24906741082668304,0.0011879478645415598,-0.5093566030832891
29,427,1,0.7299145299145299,0.7525371073012594,0.24767908453941345,0.0015685180882195216,-0.4685808188330991
29,428,1,0.7316239316239316,0.7527920307771623,0.25078967213630676,0.002346204593890665,-0.05554013539145837
29,429,1,0.7333333333333333,0.7528119766208166,0.2522226572036743,0.0032206686854558283,0.2944404305598984
29,430,1,0.7350427350427351,0.7532048450852279,0.2560003995895386,0.0034990351597247045,0.589987210067446
29,431,1,0.7367521367521368,0.7543174199393808,0.2533799707889557,0.0027635521799105767,0.21717625478424754
29,432,1,0.7384615384615385,0.7556506543872581,0.25047287344932556,0.0018753958915636738,-0.21876054070206713
29,433,1,0.7401709401709402,0.7567433964737537,0.25025057792663574,0.0014973097075920584,-0.3480556354408375
29,434,1,0.7418803418803419,0.7576276898820595,0.25200721621513367,0.0015958712625204641,-0.22018029721034915
29,435,1,0.7435897435897436,0.7591880055868159,0.2545119524002075,0.0011412667569720304,-0.2219704336093986
29,436,1,0.7452991452991453,0.7601321238368046,0.25231844186782837,0.0014147949188420429,-0.2589480474647691
29,437,1,0.747008547008547,0.7614559465130903,0.2528161406517029,0.0012113396049429504,-0.2943018842596596
29,438,1,0.7487179487179487,0.7625355626919876,0.2536987364292145,0.0013098609358798297,-0.21489316447691398
29,439,1,0.7504273504273504,0.7637496224298013,0.25507861375808716,0.0013227694005482227,-0.13440349433768806
29,440,1,0.7521367521367521,0.7653045830565666,0.2572157084941864,0.0009082129845292708,-0.1441845019601079
29,441,1,0.7538461538461538,0.7672607046426491,0.258108526468277,0.00043211879894748467,-0.24198277020197
29,442,1,0.7555555555555555,0.7684885358234901,0.25873976945877075,0.00046856455493592293,-0.19571310713332102
29,443,1,0.7572649572649572,0.7700274969562685,0.25640055537223816,0.0004178467050331302,-0.34108280675672364
29,444,1,0.7589743589743589,0.7716089274949711,0.24934346973896027,0.00040588479794730233,-0.736006245321378
29,445,1,0.7606837606837606,0.7737418150686484,0.24447214603424072,0.0003059471916690505,-1.0369756896282443
29,446,1,0.7623931623931623,0.7757039793732653,0.2427191287279129,0.0004928033642459096,-1.0763481895475546
29,447,1,0.764102564102564,0.7770305689623347,0.24475045502185822,0.00025454962839856416,-1.0374484126555386
29,448,1,0.7658119658119659,0.7780088352058543,0.24677525460720062,0.000756969692125452,-0.7697619224408487
29,449,1,0.7675213675213676,0.7800940302912567,0.2507410943508148,0.0004654526425100738,-0.6400973135216907
29,450,1,0.7692307692307693,0.7815457795344535,0.2505522668361664,0.0004787353919287789,-0.6464559215691157
29,451,1,0.770940170940171,0.7825684159274832,0.24808894097805023,0.000845869744166493,-0.6694315095830694
29,452,1,0.7726495726495727,0.7844221064313723,0.2453967183828354,0.00045458979887405126,-0.9397334762510363
29,453,1,0.7743589743589744,0.7859366658037871,0.24475452303886414,0.0004653994155292151,-0.9719905081130572
29,454,1,0.7760683760683761,0.7883423030812942,0.24565446376800537,0.0004795789838452758,-0.9177137648794491
29,455,1,0.7777777777777778,0.790035525044465,0.24583633244037628,0.0004759555133554736,-0.9087525601871107
29,456,1,0.7794871794871795,0.7926371622451513,0.24557948112487793,0.0012085299817468486,-0.6963488162993287
29,457,1,0.7811965811965812,0.7939831373971962,0.2503427267074585,0.0006766500389594796,-0.5968416362797366
29,458,1,0.7829059829059829,0.7956801971012353,0.252002477645874,0.0003628250098771539,-0.6019209628312228
29,459,1,0.7846153846153846,0.7970445651669436,0.24844157695770264,0.0003928567759426603,-0.7900349405523064
29,460,1,0.7863247863247863,0.7987545596211547,0.2511407434940338,0.0003322888221223521,-0.6591400393577885
29,461,1,0.788034188034188,0.8003469239882804,0.24792055785655975,0.00026317300652685556,-0.8590399718661528
29,462,1,0.7897435897435897,0.8017715014119215,0.24699243903160095,0.0004295422306568197,-0.8590209095104402
29,463,1,0.7914529914529914,0.8025923409627796,0.2481168508529663,0.0011315287574702893,-0.5795075226447202
29,464,1,0.7931623931623931,0.8039091058874963,0.24667596817016602,0.001201707781712651,-0.6376736572219068
29,465,1,0.7948717948717948,0.8048284830404279,0.24554476141929626,0.001570967195366495,-0.5861432939322915
29,466,1,0.7965811965811965,0.8060734832458748,0.24845169484615326,0.001446356752956417,-0.4635438160251038
29,467,1,0.7982905982905983,0.8074270962399377,0.25400516390800476,0.001168239217381838,-0.2417204985067853
29,468,1,0.8,0.8085630851000675,0.2562643885612488,0.0012409391765415712,-0.09398437052549802
29,469,1,0.8017094017094017,0.809129259597859,0.2512884736061096,0.0018382594818928556,-0.18503543335337883
29,470,1,0.8034188034188035,0.8092655329345013,0.25362375378608704,0.002777180284608287,0.23490706144268955
29,471,1,0.8051282051282052,0.8099515159831934,0.2562607228755951,0.0028892096580728655,0.4157518299639985
29,472,1,0.8068376068376069,0.8105229360076627,0.2560267150402069,0.0029488945694174807,0.4212443969935005
29,473,1,0.8085470085470086,0.8113490810966754,0.25312134623527527,0.002612712207303596,0.15617227980639825
29,474,1,0.8102564102564103,0.8122307559449247,0.25396057963371277,0.0022859927337583897,0.10161677205676149
29,475,1,0.811965811965812,0.8130632730023721,0.25277456641197205,0.002194781428916758,0.007649106063366766
29,476,1,0.8136752136752137,0.8136683776412589,0.2536243200302124,0.002367616044824704,0.1082280906725586
29,477,1,0.8153846153846154,0.8146055127569238,0.2513214647769928,0.0022168413375587993,-0.06608142767529027
29,478,1,0.8170940170940171,0.8160801386877622,0.25256022810935974,0.001556323321782559,-0.20175833493356554
29,479,1,0.8188034188034188,0.8173166002757734,0.251382440328598,0.0012822074194807787,-0.3518567544600348
29,480,1,0.8205128205128205,0.8179613479014863,0.24931523203849792,0.001700791612118101,-0.33695535417530187
29,481,1,0.8222222222222222,0.8185305426017786,0.24807783961296082,0.002204839476882702,-0.24961094547726123
29,482,1,0.8239316239316239,0.8191465469888055,0.24893352389335632,0.0025700925510694795,-0.08917305361020583
29,483,1,0.8256410256410256,0.8202905434682928,0.2519749104976654,0.0021926981468430463,-0.037325831096154574
29,484,1,0.8273504273504273,0.8211328491309332,0.2503630816936493,0.002093878282332472,-0.15725330135360638
29,485,1,0.8290598290598291,0.8221139319071334,0.25215667486190796,0.0019056708134939527,-0.11604946496052254
29,486,1,0.8307692307692308,0.823083970180093,0.25218650698661804,0.0018314798668730582,-0.1373487478046646
29,487,1,0.8324786324786325,0.8237526112871643,0.25444158911705017,0.0021471945576237318,0.08534125975184693
29,488,1,0.8341880341880342,0.8241017477325991,0.25097477436065674,0.0026635750669067194,0.05290894529379642
29,489,1,0.8358974358974359,0.824675099623658,0.25313472747802734,0.0028324478262643105,0.2248955654952391
29,490,1,0.8376068376068376,0.8252838701134539,0.25557810068130493,0.002863969265599552,0.3701005633891886
29,491,1,0.8393162393162393,0.8262728246336951,0.2500009536743164,0.0024249897286986056,-0.07488978670090077
29,492,1,0.841025641025641,0.8278579346446164,0.2514024078845978,0.0014699330544099987,-0.2926715444062933
29,493,1,0.8427350427350427,0.8287752647208452,0.25252649188041687,0.0014916497061855816,-0.2236371904262972
29,494,1,0.8444444444444444,0.8303112174427365,0.2487276792526245,0.000980738258591034,-0.5922964481791871
29,495,1,0.8461538461538461,0.8318585622188978,0.24492652714252472,0.0006902303147504218,-0.8928972987264513
29,496,1,0.8478632478632478,0.8337956433180008,0.24693584442138672,0.00031364779522678537,-0.8980135812642599
29,497,1,0.8495726495726496,0.8358383084883301,0.24561108648777008,0.00040865439003513586,-0.9420610081336367
29,498,1,0.8512820512820513,0.8374283690420996,0.24621853232383728,0.0002868201596836526,-0.9460790060635185
29,499,1,0.852991452991453,0.838931964603906,0.24694643914699554,0.00020532512911282592,-0.9309389446097389
29,500,1,0.8547008547008547,0.8411691590738906,0.2473226934671402,0.0004261055376315726,-0.8417758788237157
29,501,1,0.8564102564102564,0.8442785239397518,0.24751858413219452,0.0016920914645203577,-0.43924751454124467
29,502,1,0.8581196581196581,0.847147408034505,0.24882778525352478,0.002450921696418097,-0.13190376974440074
29,503,1,0.8598290598290599,0.8502632838406797,0.2502378821372986,0.0031370377544915466,0.15853711900389886
29,504,1,0.8615384615384616,0.8537873084164103,0.25304242968559265,0.0038282325210286365,0.5278532198219432
29,505,1,0.8632478632478633,0.8580606776803704,0.2525601089000702,0.004947064449358869,0.8472573892967108
29,506,1,0.864957264957265,0.8622940656227341,0.2516627907752991,0.0057349139565679285,1.041256570539782
29,507,1,0.8666666666666667,0.8666809845513127,0.25358209013938904,0.0063351684880891945,1.3333623383968658
29,508,1,0.8683760683760684,0.8706492132841835,0.24569359421730042,0.006198972043301788,0.8539126301201252
29,509,1,0.8700854700854701,0.8749261943143372,0.2501150965690613,0.006260476856512083,1.1180551111217056
29,510,1,0.8717948717948718,0.8786237719495851,0.2507854700088501,0.005741675333268316,0.9947124847735594
29,511,1,0.8735042735042735,0.8827681741972945,0.24855725467205048,0.005803650999264982,0.8903611560595378
29,512,1,0.8752136752136752,0.8869384199296186,0.24823184311389923,0.005952099320093702,0.9182480761488286
29,513,1,0.8769230769230769,0.8915637389318106,0.24717044830322266,0.006505116660926914,1.0304993423482864
29,514,1,0.8786324786324786,0.8960369942093201,0.24420851469039917,0.006818985784068072,0.9634033895120301
29,515,1,0.8803418803418803,0.9005233955671994,0.24892421066761017,0.006952081577013559,1.2660037503334713
29,516,1,0.882051282051282,0.903289956410564,0.2533094882965088,0.005279837077901901,0.9917533211170618
29,517,1,0.8837606837606837,0.9059868392020866,0.24857208132743835,0.0038888357491881475,0.29878046962344423
29,518,1,0.8854700854700854,0.9087407809332175,0.2451983094215393,0.003037002412750135,-0.1517897597483006
29,519,1,0.8871794871794871,0.9112940979826208,0.24494469165802002,0.0024143727811791037,-0.3584777411015471
29,520,1,0.8888888888888888,0.9136583391260675,0.2433866262435913,0.0020859383207704318,-0.5464625521941037
29,521,1,0.8905982905982905,0.915335904294109,0.2416021078824997,0.0011815216605502764,-0.9251977009500186
29,522,1,0.8923076923076924,0.9169892892585164,0.24202798306941986,0.0005420482568146027,-1.0994278260345356
29,523,1,0.8940170940170941,0.9182124461724757,0.23964650928974152,0.0004150320224151825,-1.2707453485801257
29,524,1,0.8957264957264958,0.9201139124041745,0.240840882062912,0.00028140116300697925,-1.245875582084692
29,525,1,0.8974358974358975,0.92214390076183,0.2440657764673233,0.00023653055633616863,-1.080979556264047
29,526,1,0.8991452991452992,0.923343372893848,0.24471107125282288,0.000284770485357228,-1.0302820424614683
29,527,1,0.9008547008547009,0.9247318766976094,0.245405912399292,0.0004660135336475457,-0.9356895311410502
29,528,1,0.9025641025641026,0.9255015279273968,0.24258269369602203,0.0013262199351435234,-0.8260705684750822
29,529,1,0.9042735042735043,0.9259575045806325,0.2427656501531601,0.002217147162713389,-0.5402943260317739
29,530,1,0.905982905982906,0.927086415468507,0.24403859674930573,0.0020416372295395547,-0.5240251575046546
29,531,1,0.9076923076923077,0.92766749908703,0.24098238348960876,0.0023963142546813577,-0.5837225914551134
29,532,1,0.9094017094017094,0.9289495463395214,0.23927918076515198,0.0018481725995450216,-0.847726037301736
29,533,1,0.9111111111111111,0.9295611789829333,0.23722776770591736,0.002098544559164266,-0.8839902437888555
29,534,1,0.9128205128205128,0.9308052676144094,0.23791787028312683,0.001755374528263397,-0.9519025446995888
29,535,1,0.9145299145299145,0.931863360706382,0.24425292015075684,0.0016269944727664177,-0.640425286117565
29,536,1,0.9162393162393162,0.9325672607507287,0.23952022194862366,0.001972059833257699,-0.7960354265552667
29,537,1,0.9179487179487179,0.9333960978366795,0.24037909507751465,0.0020476513501086913,-0.7250358069751628
29,538,1,0.9196581196581196,0.934245383513067,0.23881036043167114,0.002157095387157819,-0.7781419032351357
29,539,1,0.9213675213675213,0.934821915993516,0.23850828409194946,0.002440591881373121,-0.7071803533859169
29,540,1,0.9230769230769231,0.9352950972549167,0.2397458553314209,0.0027070494417560254,-0.5561370526874373
29,541,1,0.9247863247863248,0.9357525928599886,0.242664635181427,0.002931512962731102,-0.32488487439611374
29,542,1,0.9264957264957265,0.9364019018939189,0.24055661261081696,0.0028713276846280156,-0.460367060406726
29,543,1,0.9282051282051282,0.9370741412686479,0.2406359761953354,0.0027382179051120715,-0.4971486934588677
29,544,1,0.9299145299145299,0.9376169522239525,0.2463260143995285,0.0027584632685904043,-0.17544735134475337
29,545,1,0.9316239316239316,0.9385331729762703,0.24441422522068024,0.0024227062585315696,-0.3853069372033607
29,546,1,0.9333333333333333,0.9389991112750429,0.24131236970424652,0.0026519129888293736,-0.48635244362085583
29,547,1,0.935042735042735,0.939874035656097,0.24044907093048096,0.002426290953056286,-0.6040136208164064
29,548,1,0.9367521367521368,0.9405318911035448,0.2418641448020935,0.0024684091024706634,-0.5125359169570473
29,549,1,0.9384615384615385,0.9414346620622109,0.24013358354568481,0.0022943728637026695,-0.662315869251056
29,550,1,0.9401709401709402,0.9420294252477303,0.2417154759168625,0.002424981949668519,-0.5342130799045752
29,551,1,0.9418803418803419,0.9424629633735389,0.2469332069158554,0.0027490223170317674,-0.14470733088047025
29,552,1,0.9435897435897436,0.9431528724522854,0.25030213594436646,0.0027063451676456896,0.028852130989395264
29,553,1,0.9452991452991453,0.9439354770056452,0.24483522772789001,0.0025789859514710623,-0.31361830563095894
29,554,1,0.947008547008547,0.9442249525192582,0.2435760796070099,0.002914714173716597,-0.27955443940472363
29,555,1,0.9487179487179487,0.9446553713248177,0.24625186622142792,0.0030331771860390867,-0.0945673197097035
29,556,1,0.9504273504273504,0.944784513004443,0.2413395494222641,0.0034521374942334967,-0.23727344498460923
29,557,1,0.9521367521367521,0.9452805888945329,0.23882639408111572,0.0033639717421829625,-0.40387147693482395
29,558,1,0.9538461538461539,0.9456599781564127,0.24152331054210663,0.003320860452525153,-0.2677005966488421
29,559,1,0.9555555555555556,0.9461008489054934,0.24516169726848602,0.0032387461127330475,-0.0914042635686913
29,560,1,0.9572649572649573,0.9466822580202761,0.24386724829673767,0.0030187063931193126,-0.23124000628199415
29,561,1,0.958974358974359,0.9468882292391064,0.24694029986858368,0.0032871714282472083,0.02217763367749409
29,562,1,0.9606837606837607,0.9474168675841312,0.24665117263793945,0.003160443169365772,-0.03305766867285931
29,563,1,0.9623931623931624,0.9477427150321632,0.2498241662979126,0.0032738180782634226,0.17791889966302904
29,564,1,0.9641025641025641,0.9478823237758881,0.24859869480133057,0.003544675866206008,0.19378017596267327
29,565,1,0.9658119658119658,0.9479930108065237,0.24822548031806946,0.0037340052744734716,0.23166478054507733
29,566,1,0.9675213675213675,0.947978140879816,0.2437339574098587,0.004025070593035406,0.07271819074024521
29,567,1,0.9692307692307692,0.9481470799643877,0.2447662353515625,0.003996449832384884,0.12108979307860718
29,568,1,0.9709401709401709,0.9481573441714529,0.24236856400966644,0.004087276858375831,0.016270345078159942
29,569,1,0.9726495726495726,0.9483291385729562,0.24548132717609406,0.003984237555763758,0.15695402426243377
29,570,1,0.9743589743589743,0.9481810848473798,0.24533052742481232,0.004216323222948253,0.22039646998736973
29,571,1,0.976068376068376,0.948449977345492,0.2523098289966583,0.00399816671672708,0.539814119572654
29,572,1,0.9777777777777777,0.9489343472804773,0.25356099009513855,0.003589521127017785,0.48274841364784027
29,573,1,0.9794871794871794,0.9490585844454094,0.24486194550991058,0.003659534739341845,0.022161384866682565
29,574,1,0.9811965811965812,0.9491330109048454,0.24710766971111298,0.0037674697480191296,0.18005005618015596
29,575,1,0.9829059829059829,0.9493794419405905,0.2495528906583786,0.0037590202266403346,0.31299133217156727
29,576,1,0.9846153846153847,0.9491099261254803,0.24777741730213165,0.004260902190525233,0.3698361394819197
29,577,1,0.9863247863247864,0.9490989798165805,0.2483847588300705,0.0043157432106757255,0.4204718793185001
