sequence,frame,valid,relative_phase,predicted_phase,feature_raw,time_raw,P3
03,8,0,0.01735357917570499,0.084163545665216,0.5250166058540344,nan,nan
03,9,0,0.019522776572668113,0.0840167945791301,0.5270581841468811,nan,nan
03,10,0,0.021691973969631236,0.08388046392732132,0.5275575518608093,nan,nan
03,11,0,0.02386117136659436,0.08401881221522196,0.5287616848945618,nan,nan
03,12,0,0.026030368763557483,0.08382479383697672,0.5299218893051147,0.006688616753252105,-0.3919274660343592
03,13,0,0.028199566160520606,0.0840790652812829,0.5309986472129822,0.006349657351886138,-0.4137474063140224
03,14,0,0.03036876355748373,0.08380051222220407,0.5317640900611877,0.006643778086503152,-0.38113335260205716
03,15,0,0.03253796095444685,0.08371666570531223,0.530463695526123,0.006707636677115683,-0.385856081885541
03,16,0,0.03470715835140998,0.0834739053271669,0.5285311341285706,0.0068748604277835525,-0.3863700735374033
03,17,0,0.0368763557483731,0.08348163479409405,0.5359782576560974,0.006779408833403955,-0.3350169652212754
03,18,0,0.039045553145336226,0.08344618104913974,0.542908251285553,0.0066655049565610665,-0.28948557996161517
03,19,1,0.04121475054229935,0.08323593529162386,0.5338447690010071,0.006787167920810866,-0.3514904654734232
03,20,1,0.04338394793926247,0.08321120375789863,0.528506338596344,0.0066917168511139965,-0.40304168386799094
03,21,1,0.0455531453362256,0.08311354640515804,0.5284549593925476,0.006723698811537515,-0.40057873194086563
03,22,1,0.04772234273318872,0.0829518655828392,0.5241773724555969,0.006793357536622355,-0.428741690136429
03,23,1,0.049891540130151846,0.08275847124970666,0.518955409526825,0.0068631730031797735,-0.4644913494888381
03,24,1,0.052060737527114966,0.08271967751778427,0.5239749550819397,0.006782600724622873,-0.4313383180458115
03,25,1,0.05422993492407809,0.08290984012389899,0.5250584483146667,0.006469556558479553,-0.4507732172529295
03,26,1,0.05639913232104121,0.08272865059991363,0.5247624516487122,0.006599819512150146,-0.4414396141326817
03,27,1,0.05856832971800434,0.0826157691967978,0.5154949426651001,0.006656897169534573,-0.5108954474978186
03,28,1,0.06073752711496746,0.08247289183031382,0.5148121118545532,0.006764099022791345,-0.5067494035287485
03,29,1,0.06290672451193059,0.08225061025605562,0.513407826423645,0.006924684175181936,-0.503608652081581
03,30,1,0.0650759219088937,0.08218715238987669,0.5079253315925598,0.006823334574400039,-0.5568498886889847
03,31,1,0.06724511930585683,0.08213966830550362,0.5097153186798096,0.0067354441062638494,-0.5503481213234261
03,32,1,0.06941431670281996,0.08188783549833657,0.5158098936080933,0.006868251690607366,-0.4893512155428679
03,33,1,0.07158351409978309,0.08151026187768097,0.50722336769104,0.007099561228268656,-0.5376556446118399
03,34,1,0.0737527114967462,0.08159172171589744,0.5078519582748413,0.006833014295458501,-0.5565698329833975
03,35,1,0.07592190889370933,0.08207131486370133,0.5127549171447754,0.006204563479159804,-0.573631674317426
03,36,1,0.07809110629067245,0.08333906557529758,0.5052168965339661,0.004919724407112995,-0.7498605420931923
03,37,1,0.08026030368763558,0.08530082405155692,0.5049090385437012,0.0033207734500939035,-0.8961489472245121
03,38,1,0.0824295010845987,0.08780434275309625,0.5054801106452942,0.0017648952920235861,-1.0314893007715633
03,39,1,0.08459869848156182,0.09116044581642342,0.5041399598121643,0.000688292230448057,-1.1391058172800363
03,40,1,0.08676789587852494,0.09379266336943436,0.5057508945465088,0.0003979873268343281,-1.1522504270421938
03,41,1,0.08893709327548807,0.0963922697579449,0.5450132489204407,0.00038419426681066344,-0.8374884058875025
03,42,1,0.0911062906724512,0.09868708056502101,0.5519614219665527,0.00034042006386736335,-0.785503198629502
03,43,1,0.09327548806941431,0.10042829432925617,0.5728713274002075,0.001073327041456238,-0.5512919855848372
03,44,1,0.09544468546637744,0.10194131866969934,0.5989919304847717,0.0018772648292212624,-0.2687539825228593
03,45,1,0.09761388286334056,0.10408023102485865,0.5893833637237549,0.001775516299128197,-0.35523973836033373
03,46,1,0.09978308026030369,0.10734914193157359,0.5584955811500549,0.0008708588973324041,-0.6852051098908604
03,47,1,0.1019522776572668,0.11168872299471387,0.5356655716896057,0.0017454700123604471,-0.7902891094087868
03,48,1,0.10412147505422993,0.11689223346198306,0.5376386046409607,0.004133873313265203,-0.55959474387892
03,49,1,0.10629067245119306,0.12221954569610806,0.5300441384315491,0.005723456849319244,-0.4777506095741506
03,50,1,0.10845986984815618,0.12562789259970494,0.5316505432128906,0.004596975085103818,-0.5661379299958638
03,51,1,0.11062906724511931,0.12978258163180162,0.5393086075782776,0.004181976450167659,-0.5418273205762898
03,52,1,0.11279826464208242,0.1332550753460893,0.5246648192405701,0.003131005505183362,-0.754212632226918
03,53,1,0.11496746203904555,0.1366113202055989,0.5381172299385071,0.002396539893666424,-0.7119993501049784
03,54,1,0.11713665943600868,0.14048254095814824,0.5418410897254944,0.002669817018843059,-0.6574492007810924
03,55,1,0.1193058568329718,0.143526711839002,0.5479038953781128,0.00200032581008597,-0.6688672271812753
03,56,1,0.12147505422993492,0.14860345528406713,0.5426430106163025,0.0036410367033510326,-0.5636428658788625
03,57,1,0.12364425162689804,0.1545866747819407,0.5400943160057068,0.005787161216730149,-0.39113226947451385
03,58,1,0.12581344902386118,0.1617481967441023,0.5356789827346802,0.008454844534806303,-0.18673597781761242
03,59,1,0.1279826464208243,0.1699683904213486,0.535938024520874,0.011358624265564058,0.0765166179330879
03,60,1,0.1301518438177874,0.18023657154556516,0.5385544896125793,0.015016385744193981,0.42655647957789317
03,61,1,0.13232104121475055,0.19249964860716498,0.5504043102264404,0.019371183740419295,0.913602774799753
03,62,1,0.13449023861171366,0.20480554314041188,0.5457980036735535,0.022198834817360125,1.1308496170977111
03,63,1,0.13665943600867678,0.215444769116331,0.55140221118927,0.022073724194201866,1.1647024875671381
03,64,1,0.13882863340563992,0.225207468499209,0.549858570098877,0.020467328903334275,1.0077983494434841
03,65,1,0.14099783080260303,0.23717317042598546,0.5461384654045105,0.021190306591699737,1.0428821820027576
03,66,1,0.14316702819956617,0.24629940265766992,0.546974778175354,0.019148158368679086,0.8659411916716486
03,67,1,0.14533622559652928,0.2527835639416291,0.5699169635772705,0.015258854773323786,0.7007847771432445
03,68,1,0.1475054229934924,0.2604179701820287,0.5744547247886658,0.013558562307398856,0.5843815622241831
03,69,1,0.14967462039045554,0.2664102942938092,0.569490909576416,0.0107482609984744,0.2916701609616575
03,70,1,0.15184381778741865,0.2683163538876548,0.571063756942749,0.005690711127142563,-0.15054988344827344
03,71,1,0.1540130151843818,0.27176826998197673,0.5758512616157532,0.003292717912189771,-0.32769466753928495
03,72,1,0.1561822125813449,0.2740180334709885,0.574292778968811,0.0010623587528243166,-0.5408379445787576
03,73,1,0.15835140997830802,0.2740069681090194,0.566394031047821,0.002614776293094379,-0.4647855499816842
03,74,1,0.16052060737527116,0.2735994787797657,0.5724450349807739,0.004921434076150655,-0.20862192625722983
03,75,1,0.16268980477223427,0.2747142229976945,0.5718590021133423,0.005127471081249611,-0.19480751203760155
03,76,1,0.1648590021691974,0.274228501125113,0.5716089606285095,0.006349681207760539,-0.08689365160414853
03,77,1,0.16702819956616052,0.2746047916715919,0.5844880938529968,0.006026007574812737,-0.01234750776839992
03,78,1,0.16919739696312364,0.27443165661502245,0.5841358304023743,0.006348598522025334,0.013831328615170037
03,79,1,0.17136659436008678,0.2769293287115148,0.5805156826972961,0.004058970884347117,-0.2212358770428854
03,80,1,0.1735357917570499,0.27823216475262924,0.5768136382102966,0.00330991127168778,-0.3184026102020798
03,81,1,0.175704989154013,0.2807410251040209,0.5768021941184998,0.0018019668271752032,-0.4541201510617725
03,82,1,0.17787418655097614,0.2836973186610122,0.5743125081062317,0.0006943514648743701,-0.5737779523907676
03,83,1,0.18004338394793926,0.2876639640673444,0.5703563094139099,0.0012704982665436037,-0.55380037802301
03,84,1,0.1822125813449024,0.291631289018418,0.5716567039489746,0.002554164378659798,-0.4278804638848958
03,85,1,0.1843817787418655,0.29657165559084947,0.5713629722595215,0.004144749884644085,-0.28718633962098516
03,86,1,0.18655097613882862,0.3034066959423006,0.5654069185256958,0.007022132614388057,-0.07633002608181921
03,87,1,0.18872017353579176,0.30962850438767414,0.5661604404449463,0.008316596739439523,0.0461595703187799
03,88,1,0.19088937093275488,0.31518342826872336,0.5628623962402344,0.008380385540406324,0.025352505264251826
03,89,1,0.19305856832971802,0.3201553789073576,0.5657764673233032,0.007464301366464257,-0.033586792755244003
03,90,1,0.19522776572668113,0.3244512848000669,0.5757617354393005,0.005864276430046502,-0.09712769310714658
03,91,1,0.19739696312364424,0.3273089141824879,0.5725910067558289,0.003460758598025889,-0.3388211080857623
03,92,1,0.19956616052060738,0.33259338146924317,0.5721752643585205,0.004325123436077745,-0.26442571057913095
03,93,1,0.2017353579175705,0.3360233228019828,0.5771883130073547,0.0034025764686874426,-0.30705268096452026
03,94,1,0.2039045553145336,0.3395809467539436,0.5790787935256958,0.0029932144469919397,-0.3286554389540398
03,95,1,0.20607375271149675,0.34369110961702165,0.5779290795326233,0.003320961821600745,-0.3084311012825631
03,96,1,0.20824295010845986,0.3482719317932504,0.5783425569534302,0.0038062351391960647,-0.2614574583394024
03,97,1,0.210412147505423,0.3443404477510734,0.5812869668006897,0.004044886483982724,-0.2162949658702492
03,98,1,0.21258134490238612,0.34024648573136834,0.5824940800666809,0.010218129740960421,0.3486456938794413
03,99,1,0.21475054229934923,0.3407278868628842,0.5812436938285828,0.009903113353800754,0.3102492116477888
03,100,1,0.21691973969631237,0.3381285169318172,0.5726780295372009,0.011761677596333352,0.40846895715232867
03,101,1,0.21908893709327548,0.33533641226588073,0.5729171633720398,0.012017928546911551,0.433440988002882
03,102,1,0.22125813449023862,0.3314829311878594,0.5710206031799316,0.01362040075363474,0.5623038637721797
03,103,1,0.22342733188720174,0.3274605076364551,0.5815050005912781,0.01545193566916175,0.8114167631017725
03,104,1,0.22559652928416485,0.3224805246391234,0.5865873098373413,0.017115073859886195,1.0019053190964105
03,105,1,0.227765726681128,0.3186440044099966,0.5844417810440063,0.01703959601583958,0.9778485340996007
03,106,1,0.2299349240780911,0.31643862537003137,0.5798049569129944,0.015071873091833745,0.7635509248892529
03,107,1,0.23210412147505424,0.31523438292009565,0.5862326622009277,0.012515039087312465,0.5853210388589464
03,108,1,0.23427331887201736,0.31113220589147145,0.5508395433425903,0.013560684936846795,0.3945059747674141
03,109,1,0.23644251626898047,0.31083423140834693,0.5535323023796082,0.011021579733058322,0.18780995871251274
03,110,1,0.2386117136659436,0.31517818782987356,0.5847891569137573,0.005598456973181299,-0.04837856451205293
03,111,1,0.24078091106290672,0.3184404933263426,0.5814375877380371,0.002685944990739291,-0.3373067129870105
03,112,1,0.24295010845986983,0.32089252306511484,0.5776573419570923,0.0008900699948984347,-0.5292540555084387
03,113,1,0.24511930585683298,0.32982476171397246,0.5700441598892212,0.006994896313046453,-0.04145689525915953
03,114,1,0.2472885032537961,0.3403749461978596,0.5679200291633606,0.012797448220527197,0.46333208446032453
03,115,1,0.24945770065075923,0.3460843092728473,0.5591152906417847,0.012207621703518415,0.33941790169470804
03,116,1,0.25162689804772237,0.3549012155482393,0.5566790699958801,0.014113573992284249,0.4912325086227223
03,117,1,0.25379609544468545,0.3674934679359928,0.5629412531852722,0.018203653259256658,0.9094978103738021
03,118,1,0.2559652928416486,0.38013622000707264,0.6177363395690918,0.021429228774831444,1.6406255987824276
03,119,1,0.25813449023861174,0.3912634355959521,0.5977910161018372,0.02261612591140763,1.5868461522860353
03,120,1,0.2603036876355748,0.40335583123475477,0.5925201773643494,0.023413739969434078,1.6161617610546373
03,121,1,0.26247288503253796,0.4180954152309997,0.5872398614883423,0.02603967004405014,1.8098409389210866
03,122,1,0.2646420824295011,0.4288983633286074,0.5927346348762512,0.02419213131790615,1.687896807266972
03,123,1,0.2668112798264642,0.4452706596355446,0.6077281832695007,0.028373891794459566,2.1846822580075393
03,124,1,0.26898047722342733,0.4596427908844005,0.6144477725028992,0.029244217033417425,2.3170423666230837
03,125,1,0.27114967462039047,0.4724992256465921,0.6173484921455383,0.028028911883197533,2.231083494543946
03,126,1,0.27331887201735355,0.4845902886148051,0.6181007027626038,0.026519022247512403,2.10133726756811
03,127,1,0.2754880694143167,0.49622631498838377,0.6189910769462585,0.024232067299541693,1.902813325297053
03,128,1,0.27765726681127983,0.5118545355631694,0.6063214540481567,0.027121374036117557,2.0607080121852417
03,129,1,0.279826464208243,0.5241998104717281,0.6050112247467041,0.026413712774984055,1.986515166907049
03,130,1,0.28199566160520606,0.5372539142223528,0.6285174489021301,0.026542670319324696,2.187303242871119
03,131,1,0.2841648590021692,0.547768876996944,0.629955530166626,0.023891726692028964,1.9604501528701241
03,132,1,0.28633405639913234,0.5596428628531356,0.6222845911979675,0.022880072046080502,1.8077218654442841
03,133,1,0.2885032537960954,0.5686755895139801,0.668842077255249,0.019965716884433493,1.9203203588083357
03,134,1,0.29067245119305857,0.5750709770630569,0.6617485284805298,0.015242159672947262,1.4383884327797134
03,135,1,0.2928416485900217,0.5803403920824707,0.6605682373046875,0.011057308982185047,1.0525008774872147
03,136,1,0.2950108459869848,0.5837075674786157,0.6678727269172668,0.006281605606948433,0.6817613292733362
03,137,1,0.29718004338394793,0.5819026550699221,0.6683552265167236,0.002958210541281036,0.3867365638477609
03,138,1,0.2993492407809111,0.5818990845428711,0.671965479850769,0.004849819874151754,0.5859261282849004
03,139,1,0.30151843817787416,0.577989334525876,0.6832926273345947,0.010466596761100424,1.1822688381395028
03,140,1,0.3036876355748373,0.5743359503691048,0.6718176603317261,0.013532216528722937,1.3656363987369207
03,141,1,0.30585683297180044,0.5711787614158121,0.675281286239624,0.014346501204637842,1.466750604434181
03,142,1,0.3080260303687636,0.5670796096882975,0.6711930632591248,0.015764679518624976,1.5613984052353684
03,143,1,0.31019522776572667,0.5616894875394861,0.6264244318008423,0.01744993295379299,1.3526513352412652
03,144,1,0.3123644251626898,0.5589261045476864,0.6281095147132874,0.0161383541989952,1.248249519772302
03,145,1,0.31453362255965295,0.5570930547410733,0.6275458335876465,0.014118942550253751,1.0620856369578604
03,146,1,0.31670281995661603,0.5566645921669855,0.6317955255508423,0.011025978455656834,0.8181061736148072
03,147,1,0.3188720173535792,0.5588493012649629,0.6292213797569275,0.006237514977351419,0.3667108982068277
03,148,1,0.3210412147505423,0.5551313218034912,0.592887818813324,0.009245447870192294,0.3448159782458804
03,149,1,0.3232104121475054,0.5521740886824291,0.5789773464202881,0.011253985305205601,0.4135067807682015
03,150,1,0.32537960954446854,0.5521948707674136,0.5784745812416077,0.010003461705560098,0.29698743428499785
03,151,1,0.3275488069414317,0.5558080098372957,0.5772994160652161,0.005780760522024751,-0.09226316062269231
03,152,1,0.3297180043383948,0.5580013069404598,0.5906633138656616,0.0026250878148246213,-0.2685271006026285
03,153,1,0.3318872017353579,0.5610118594550904,0.5762607455253601,0.0007497037131588839,-0.5531191728243727
03,154,1,0.33405639913232105,0.5630107854305326,0.6344274282455444,0.00044988494979306083,-0.11193122134070599
03,155,1,0.3362255965292842,0.564425205743414,0.6376139521598816,0.0015262911659370804,0.010528101853697625
03,156,1,0.3383947939262473,0.5658885335354004,0.6390237212181091,0.0022172623504803347,0.08402097608334669
03,157,1,0.3405639913232104,0.5663741153428417,0.6393216848373413,0.003703487191774183,0.22009109162401552
03,158,1,0.34273318872017355,0.566587941630069,0.6360873579978943,0.004830224876484683,0.2953991189849583
03,159,1,0.34490238611713664,0.571315906425439,0.6390278339385986,0.0020618302299824903,0.0700744185590112
03,160,1,0.3470715835140998,0.5719781753359529,0.6377018690109253,0.0021546696465304647,0.06775243925600472
03,161,1,0.3492407809110629,0.5722556765581618,0.6390970349311829,0.003301864618920317,0.18216082307152975
03,162,1,0.351409978308026,0.5710728848430818,0.6423718929290771,0.005955046637830305,0.4471472691744928
03,163,1,0.35357917570498915,0.5696924935687657,0.6464483141899109,0.008456673715399623,0.7049541444894681
03,164,1,0.3557483731019523,0.5691589670643881,0.644820511341095,0.008584347005608974,0.7033358059984534
03,165,1,0.3579175704989154,0.5668392286149528,0.6408275961875916,0.010199283387153004,0.8164472299945917
03,166,1,0.3600867678958785,0.5655886501056369,0.6416889429092407,0.010095749910666748,0.8140679051652555
03,167,1,0.36225596529284165,0.5657097270657198,0.6426123380661011,0.008603614266222605,0.6872962595418458
03,168,1,0.3644251626898048,0.5672835320680274,0.640733003616333,0.006034117638153478,0.4410683821358232
03,169,1,0.3665943600867679,0.5667151966868549,0.6416575908660889,0.006133594270235824,0.4574568995809537
03,170,1,0.368763557483731,0.567276177516691,0.6416111588478088,0.005541605458375202,0.4038393611091954
03,171,1,0.37093275488069416,0.5640765913568984,0.6403007507324219,0.009163073470931395,0.7190095757048065
03,172,1,0.37310195227765725,0.5619717508586016,0.5858612656593323,0.01085963004202278,0.4334433699514268
03,173,1,0.3752711496746204,0.5638940430230466,0.6584141254425049,0.007609392575221388,0.7250558525009463
03,174,1,0.3774403470715835,0.5642118696609795,0.6641038656234741,0.006586277521336418,0.6788300712249118
03,175,1,0.3796095444685466,0.5651171201909133,0.6625648140907288,0.004914950027474689,0.5161228305825223
03,176,1,0.38177874186550975,0.5670429610622638,0.6583247184753418,0.003249241364627923,0.33218163084386043
03,177,1,0.3839479392624729,0.5687790180307815,0.6548441052436829,0.0027809869470258298,0.26205287310577985
03,178,1,0.38611713665943603,0.573851090332635,0.6641780138015747,0.001445036461871441,0.21702052883299638
03,179,1,0.3882863340563991,0.5762042386582085,0.6576374769210815,0.0011353118964681514,0.13652228372601083
03,180,1,0.39045553145336226,0.5787329836374893,0.6519275307655334,0.0009609348770469603,0.07488227782838852
03,181,1,0.3926247288503254,0.5812090892796062,0.6460152864456177,0.0006964803082860067,0.0035124484976755133
03,182,1,0.3947939262472885,0.5842230110348279,0.6461044549942017,0.00023899890804540734,-0.03691603271359978
03,183,1,0.3969631236442516,0.5853409738177953,0.6439571976661682,0.0012448633282441924,0.03626984592326776
03,184,1,0.39913232104121477,0.58402708356236,0.6506685614585876,0.004842937373576159,0.41389912573644394
03,185,1,0.40130151843817785,0.5857507932436463,0.6555044651031494,0.00444275267350752,0.4168279834726276
03,186,1,0.403470715835141,0.5885918517189557,0.6579744815826416,0.002858948128161563,0.29425954432234336
03,187,1,0.40563991323210413,0.5919662763170773,0.6677065491676331,0.0014272481830456822,0.2438200138886134
03,188,1,0.4078091106290672,0.5945965894348403,0.6674565076828003,0.0005190817308239636,0.16012651936984057
03,189,1,0.40997830802603036,0.5972839193030226,0.6609944701194763,0.0005640351308862112,0.11216002527892455
03,190,1,0.4121475054229935,0.5998313413321611,0.6559925675392151,0.00025316592931268374,0.04394251018525697
03,191,1,0.41431670281995664,0.6010365039763805,0.6503456234931946,0.0013765341139012877,0.09952956269600921
03,192,1,0.4164859002169197,0.6027543787685306,0.6491809487342834,0.0019262162365770697,0.13959443398296822
03,193,1,0.41865509761388287,0.6045555153119264,0.6459662318229675,0.002164527026603772,0.13515464062857097
03,194,1,0.420824295010846,0.6047387220060194,0.6480034589767456,0.0037992193347367287,0.2985764509325568
03,195,1,0.4229934924078091,0.6061179787835301,0.6479220986366272,0.0036468077256905907,0.2842136311514953
03,196,1,0.42516268980477223,0.6066887111536095,0.6477442383766174,0.004346444057398672,0.3457078388634465
03,197,1,0.42733188720173537,0.6079696898205478,0.6495094299316406,0.004049048486730071,0.3331670243558692
03,198,1,0.42950108459869846,0.6089716652758628,0.6514998078346252,0.003900616658570414,0.3358365082914589
03,199,1,0.4316702819956616,0.6103874153180038,0.6567478775978088,0.0035431024338902473,0.3459204882783291
03,200,1,0.43383947939262474,0.6129613610748236,0.6569364070892334,0.0020365158106888637,0.2119345556168707
03,201,1,0.4360086767895879,0.6139306415811123,0.6561582088470459,0.0026353977847036448,0.259535042721728
03,202,1,0.43817787418655096,0.6140555327781377,0.6541483402252197,0.00400074452781937,0.3661587497076749
03,203,1,0.4403470715835141,0.61362436478024,0.6519213914871216,0.005702879401285885,0.5013262177025275
03,204,1,0.44251626898047725,0.6133147695112857,0.65460205078125,0.006821712035799174,0.6235299533779306
03,205,1,0.44468546637744033,0.6121873396350874,0.6555864214897156,0.008037494021113003,0.7408008143007245
03,206,1,0.44685466377440347,0.6115394654723147,0.6536955237388611,0.008249542697379455,0.7446537328534801
03,207,1,0.4490238611713666,0.6103311493228494,0.6569384932518005,0.00882884202038908,0.822857263834565
03,208,1,0.4511930585683297,0.6096772219543178,0.6585763096809387,0.00865946552457297,0.8208053850280776
03,209,1,0.45336225596529284,0.6094342899225857,0.6551647782325745,0.00799301066706309,0.7334063640162884
03,210,1,0.455531453362256,0.6080780339252847,0.65264892578125,0.00866100423623872,0.7732373011162736
03,211,1,0.45770065075921906,0.6065824187589663,0.6481861472129822,0.009291261515799561,0.7940044026015631
03,212,1,0.4598698481561822,0.6059314741901198,0.6478308439254761,0.009005023443675316,0.7654003235310473
03,213,1,0.46203904555314534,0.6044322762584325,0.6513620615005493,0.009567784434313106,0.8444363479097425
03,214,1,0.4642082429501085,0.6020651356228512,0.6518929600715637,0.010684421653856104,0.9491403038429091
03,215,1,0.46637744034707157,0.600248055672314,0.6512728333473206,0.010998277028785,0.9723775633141308
03,216,1,0.4685466377440347,0.5982869544158494,0.6506553888320923,0.011375787513586446,1.001361589502874
03,217,1,0.47071583514099785,0.5966794388359489,0.6522720456123352,0.011072173149919425,0.9870659726888313
03,218,1,0.47288503253796094,0.5945188655066267,0.6535131335258484,0.011294537123620687,1.0170544034966258
03,219,1,0.4750542299349241,0.5933418582338625,0.6530234217643738,0.010584976867328701,0.9492946867980039
03,220,1,0.4772234273318872,0.5930960257853102,0.653438150882721,0.009104259956268203,0.8194560565772286
03,221,1,0.4793926247288503,0.5923572584908973,0.6513333916664124,0.008545295093046298,0.7522422907819059
03,222,1,0.48156182212581344,0.5921399828681442,0.6539636850357056,0.007682025629536485,0.6957691982404746
03,223,1,0.4837310195227766,0.5933621684870906,0.6545116901397705,0.005865119350969476,0.5367661635860956
03,224,1,0.48590021691973967,0.5936720750463715,0.6538451313972473,0.005560290354995499,0.5039848698973016
03,225,1,0.4880694143167028,0.5937118088999471,0.6509019136428833,0.005664568816685254,0.48967528569019825
03,226,1,0.49023861171366595,0.5942554166513329,0.65436851978302,0.005459598667561986,0.4991410837716907
03,227,1,0.4924078091106291,0.5948497112128686,0.6559392213821411,0.005394162551823454,0.5058974925809399
03,228,1,0.4945770065075922,0.5960323318363066,0.65348881483078,0.004583427609829964,0.413257435649905
03,229,1,0.4967462039045553,0.5977866895157029,0.6519400477409363,0.0034191341279173593,0.2960749444425237
03,230,1,0.49891540130151846,0.5991282508093052,0.6557502746582031,0.0030962929882540047,0.2977049821192752
03,231,1,0.5010845986984815,0.6009595293218416,0.6564103364944458,0.0024832230152106983,0.2478775984074973
03,232,1,0.5032537960954447,0.6029138661694243,0.6549376249313354,0.0020563406948712316,0.19763044399650848
03,233,1,0.5054229934924078,0.6038000055724091,0.6547579169273376,0.0028905848751659114,0.27121649128738545
03,234,1,0.5075921908893709,0.6057956816346823,0.653642475605011,0.002398237827069214,0.21795688490877302
03,235,1,0.5097613882863341,0.6080062065619841,0.6502347588539124,0.001854570606111714,0.14163216056221417
03,236,1,0.5119305856832972,0.6097108090413883,0.6488311886787415,0.001911637436743161,0.13546816841483122
03,237,1,0.5140997830802603,0.6114976860289262,0.6521449685096741,0.0018239961671962768,0.15425657604728682
03,238,1,0.5162689804772235,0.6119812638976372,0.6532143354415894,0.0032648384126145436,0.29245358362560886
03,239,1,0.5184381778741866,0.6131469023895979,0.6538094878196716,0.0036455954863925367,0.3314891811990017
03,240,1,0.5206073752711496,0.6135440969608987,0.6519954204559326,0.0045335748719951535,0.3967540840311639
03,241,1,0.5227765726681128,0.614104685841162,0.6481121778488159,0.004931307971609537,0.40127220853832213
03,242,1,0.5249457700650759,0.6128955438535971,0.6487212777137756,0.006792199912233313,0.573544285320445
03,243,1,0.527114967462039,0.6098982872363534,0.6465742588043213,0.010018026518467001,0.8463968213949211
03,244,1,0.5292841648590022,0.6051305975647803,0.6429359316825867,0.01397356240172903,1.1728770743059784
03,245,1,0.5314533622559653,0.6021445348070396,0.6434115171432495,0.01485625031044013,1.2560943011690275
03,246,1,0.5336225596529284,0.5970381623215193,0.6418326497077942,0.01697258503742979,1.4337312283265042
03,247,1,0.5357917570498916,0.5935537711662529,0.6418179273605347,0.016492630809676775,1.3904453628486428
03,248,1,0.5379609544468547,0.5896958330834934,0.6441392302513123,0.016264439874911104,1.3886047103124264
03,249,1,0.5401301518438177,0.5872221914710852,0.6548539400100708,0.014879390366997532,1.350269731824567
03,250,1,0.5422993492407809,0.5848702845163536,0.6487845182418823,0.013500711487740593,1.1774208549258727
03,251,1,0.544468546637744,0.5827030375667065,0.6393919587135315,0.012625988986096261,1.0231518852385326
03,252,1,0.5466377440347071,0.5815419405432489,0.6392905116081238,0.01107440260966724,0.8827847745384979
03,253,1,0.5488069414316703,0.5828310499624817,0.6457160115242004,0.0077468200553733576,0.63521554896662
03,254,1,0.5509761388286334,0.5863778279778706,0.6485762596130371,0.003576944371826705,0.28319508553955314
03,255,1,0.5531453362255966,0.5883900556794541,0.6498799324035645,0.0016490150877129226,0.1202885568753228
03,256,1,0.5553145336225597,0.5931458066724833,0.6527822613716125,0.0018670816382129495,0.16326095308569322
03,257,1,0.5574837310195228,0.5991193653268614,0.6532988548278809,0.004939673760282456,0.4437695386272773
03,258,1,0.559652928416486,0.607244008777635,0.6525465250015259,0.008992238369961107,0.8022045275498604
03,259,1,0.561822125813449,0.6181428385181528,0.6579384803771973,0.014674522910537835,1.3566697144613595
03,260,1,0.5639913232104121,0.6318351116785366,0.6516873836517334,0.02092860036124697,1.868853338791686
03,261,1,0.5661605206073753,0.6441023926762846,0.6661749482154846,0.023523555107481636,2.2188481200333534
03,262,1,0.5683297180043384,0.6565339666518033,0.6699271202087402,0.024709372245644595,2.3557005391930175
03,263,1,0.5704989154013015,0.6653754211385576,0.6579013466835022,0.02122833726385684,1.9458248618672283
03,264,1,0.5726681127982647,0.6729965272216292,0.6438944339752197,0.017041297691827165,1.4565055312952202
03,265,1,0.5748373101952278,0.6799137267437385,0.6563793420791626,0.013668143328163355,1.2536066221212403
03,266,1,0.5770065075921909,0.6860870796415224,0.66343092918396,0.010888662709083733,1.0603730703793253
03,267,1,0.579175704989154,0.6907105215734815,0.6672179102897644,0.008123826393613035,0.8421814948252433
03,268,1,0.5813449023861171,0.6941644132111917,0.6645693778991699,0.005243942922592339,0.5618463572918674
03,269,1,0.5835140997830802,0.6963418599088291,0.6618966460227966,0.002339396072721713,0.2790982113186603
03,270,1,0.5856832971800434,0.6988467686155859,0.6684390306472778,0.0008297653788516554,0.19597741815946346
03,271,1,0.5878524945770065,0.6997368799865165,0.6852701306343079,0.0017725173342620893,0.41623399955271273
03,272,1,0.5900216919739696,0.6982993681399146,0.6528703570365906,0.005466618784122743,0.487714532813994
03,273,1,0.5921908893709328,0.6954474136281411,0.6575286984443665,0.0093523120280769,0.8746887314343321
03,274,1,0.5943600867678959,0.6916590317645481,0.6594511270523071,0.012917082321497877,1.2107789656495318
03,275,1,0.596529284164859,0.6883063084604488,0.6624681949615479,0.014472871412837731,1.3749904093196101
03,276,1,0.5986984815618221,0.6802590115358926,0.6657186150550842,0.019662525455877017,1.8679119915969111
03,277,1,0.6008676789587852,0.6722875481819282,0.6693004965782166,0.023123899658836017,2.208058805467944
03,278,1,0.6030368763557483,0.6616342231715555,0.652886688709259,0.027987258307655416,2.513365885694585
03,279,1,0.6052060737527115,0.6532123974508042,0.6572315692901611,0.028902881880158604,2.6306873403181754
03,280,1,0.6073752711496746,0.6445195728508152,0.6553980112075806,0.028822228727736432,2.608675977399871
03,281,1,0.6095444685466378,0.640507020525819,0.6730509996414185,0.02389992138146327,2.3080405453222994
03,282,1,0.6117136659436009,0.6395027422142575,0.676863431930542,0.016959067778997444,1.7144602987197208
03,283,1,0.613882863340564,0.6370861964467811,0.6750422716140747,0.013842743307149349,1.4195186088882825
03,284,1,0.6160520607375272,0.6360886963201706,0.6479473114013672,0.010808693182754067,0.928560855241412
03,285,1,0.6182212581344902,0.635115219179777,0.6329459547996521,0.009674451190486568,0.7058082115684182
03,286,1,0.6203904555314533,0.6321554420276194,0.6263318061828613,0.011286278006133629,0.7975429939736691
03,287,1,0.6225596529284165,0.6305052023136758,0.6431662440299988,0.011099692673417729,0.9162531629611794
03,288,1,0.6247288503253796,0.6326797355573431,0.6406151056289673,0.00727991089647406,0.5521668789917203
03,289,1,0.6268980477223427,0.6354104794248572,0.6349291205406189,0.00376359747330887,0.1901439467850981
03,290,1,0.6290672451193059,0.6368217359926795,0.624377429485321,0.002359485331700826,-0.021067902420390305
03,291,1,0.631236442516269,0.6374843837365256,0.6284271478652954,0.002863411079119802,0.05684959204672352
03,292,1,0.6334056399132321,0.6415447827461969,0.6324464678764343,0.0012793056312953282,-0.053276359994809674
03,293,1,0.6355748373101953,0.6430169813040272,0.6374872326850891,0.001460766850892302,0.0036149052838632123
03,294,1,0.6377440347071583,0.6472832117293108,0.6359190940856934,0.0010727342909470105,-0.04390612156580648
03,295,1,0.6399132321041214,0.6492353286612741,0.6374112963676453,0.0007829560600374212,-0.05795897875299172
03,296,1,0.6420824295010846,0.6515097354132942,0.6435506939888,0.000604120348944164,-0.02463070411493362
03,297,1,0.6442516268980477,0.6507826701308386,0.6449986696243286,0.0034721506396444813,0.2449756849200329
03,298,1,0.6464208242950108,0.6470520751684067,0.6435147523880005,0.009144167808779215,0.7431770419214231
03,299,1,0.648590021691974,0.6456820221892235,0.6413487195968628,0.010456436647736319,0.843770004780303
03,300,1,0.6507592190889371,0.6430061704857403,0.6390259861946106,0.012243961733206962,0.9858465982730913
03,301,1,0.6529284164859002,0.6414711743683372,0.6357688903808594,0.011653066618721532,0.9064864394511107
03,302,1,0.6550976138828634,0.6404526425879735,0.6328105926513672,0.010343724458459904,0.764913592537732
03,303,1,0.6572668112798264,0.639122236909031,0.6382864713668823,0.010024271992294106,0.7802543876085521
03,304,1,0.6594360086767896,0.6403268029941627,0.6478145122528076,0.0071797595871143345,0.601103545647754
03,305,1,0.6616052060737527,0.6408417065367842,0.6372126340866089,0.005995014171598421,0.4092177418059092
03,306,1,0.6637744034707158,0.6432273958179642,0.6390007734298706,0.0034519579325301675,0.1948855467514708
03,307,1,0.665943600867679,0.6425120931473685,0.6412672996520996,0.004860948910623551,0.33985315398253274
03,308,1,0.6681127982646421,0.6421713237604911,0.6409808397293091,0.006049182357085234,0.4444180179600341
03,309,1,0.6702819956616052,0.6416523067676978,0.6447042226791382,0.00702932954146068,0.5625406491129133
03,310,1,0.6724511930585684,0.640576513136058,0.6362847685813904,0.00830777323082887,0.6097607729723088
03,311,1,0.6746203904555315,0.6399465941944791,0.6359159350395203,0.008274971501931263,0.6038420134479222
03,312,1,0.6767895878524945,0.6389535816965495,0.6308379173278809,0.00862660926163852,0.5945981625052883
03,313,1,0.6789587852494577,0.6386610265872671,0.6367180943489075,0.008114728854935496,0.5958858624437063
03,314,1,0.6811279826464208,0.6377343622261296,0.6440818905830383,0.008293573170965348,0.6712386517529664
03,315,1,0.6832971800433839,0.6372408622551363,0.6410617828369141,0.008076535414476473,0.6274108448469295
03,316,1,0.6854663774403471,0.6375865982700927,0.6402780413627625,0.0070543664146844294,0.5291684145972664
03,317,1,0.6876355748373102,0.6369700235460707,0.6388694643974304,0.007329195282092219,0.5425497743451593
03,318,1,0.6898047722342733,0.6363243132616232,0.6370542645454407,0.007552154806240605,0.5479932747499217
03,319,1,0.6919739696312365,0.6363544013443456,0.6377349495887756,0.007169554482391591,0.5190604559803412
03,320,1,0.6941431670281996,0.6349729774372104,0.6316269636154175,0.008329363161829164,0.5742142982922401
03,321,1,0.6963123644251626,0.6338107349989666,0.6281742453575134,0.008838200391852399,0.5921902652688134
03,322,1,0.6984815618221258,0.6314595907311049,0.6301805973052979,0.010399522522938017,0.7487646188613836
03,323,1,0.7006507592190889,0.6312088565967608,0.6318419575691223,0.009434076024652512,0.6753032159517389
03,324,1,0.702819956616052,0.6302572782499172,0.630933403968811,0.009099268184599992,0.6378779142945948
03,325,1,0.7049891540130152,0.6295328323224711,0.6306033730506897,0.00864478931522272,0.5943455607581087
03,326,1,0.7071583514099783,0.6293893751571931,0.6290827989578247,0.007718770811376949,0.4988205758424207
03,327,1,0.7093275488069414,0.6290659132453499,0.6274691820144653,0.007524678829742168,0.4683766497357782
03,328,1,0.7114967462039046,0.6296793747672189,0.6270009279251099,0.006375481470020398,0.3612484084900409
03,329,1,0.7136659436008677,0.6292044499187963,0.6215434074401855,0.00670593044776843,0.34704440229977174
03,330,1,0.7158351409978309,0.6292229428726792,0.6243471503257751,0.0066053418929668236,0.36056329718937125
03,331,1,0.7180043383947939,0.6293664488445995,0.6270070672035217,0.006420227849918106,0.3653223368047819
03,332,1,0.720173535791757,0.6290131096405713,0.6259005069732666,0.006848700953758638,0.39495332987126885
03,333,1,0.7223427331887202,0.6293283014955948,0.625270426273346,0.006366942817073255,0.3465525155867066
03,334,1,0.7245119305856833,0.6296097405151846,0.6238331198692322,0.006116466691683113,0.31245639877992
03,335,1,0.7266811279826464,0.6288762524060272,0.6296271681785583,0.006946654211466866,0.4337572919461412
03,336,1,0.7288503253796096,0.6285970906616416,0.6328278183937073,0.007103266846209375,0.4736035207880989
03,337,1,0.7310195227765727,0.6286467560153357,0.6286054253578186,0.006949596747782835,0.4257984608854519
03,338,1,0.7331887201735358,0.6293871850130139,0.6278243064880371,0.006038781380039824,0.3375923514917155
03,339,1,0.735357917570499,0.6301303058834368,0.6318919658660889,0.0052400216340743305,0.2984899245512561
03,340,1,0.737527114967462,0.6316052169332307,0.6334845423698425,0.004078623953632813,0.20685094883359312
03,341,1,0.7396963123644251,0.6328916750174267,0.6331170201301575,0.0035441974373340546,0.1558263072514272
03,342,1,0.7418655097613883,0.6343600898981361,0.6335451602935791,0.0031370123071474388,0.12264971179906803
03,343,1,0.7440347071583514,0.6354086597340809,0.6306880116462708,0.003331668692483162,0.11716149873015025
03,344,1,0.7462039045553145,0.636276736940872,0.6296390891075134,0.0037831799483531415,0.14932845334390726
03,345,1,0.7483731019522777,0.6372470633623792,0.6304976940155029,0.003980733528756162,0.17400701263237306
03,346,1,0.7505422993492408,0.6383081106331684,0.6300050020217896,0.0040085333442051434,0.17254191934376106
03,347,1,0.7527114967462039,0.638937713809683,0.627738356590271,0.004365935351448606,0.18644380359410626
03,348,1,0.754880694143167,0.6394124887579561,0.6285233497619629,0.0047734239220760515,0.22941157942119556
03,349,1,0.7570498915401301,0.640107360741496,0.6279329657554626,0.004862489892807185,0.23267052814052047
03,350,1,0.7592190889370932,0.6407899958580145,0.6247158050537109,0.004894929121067813,0.20969485348144726
03,351,1,0.7613882863340564,0.642135721668827,0.6281924843788147,0.00416967461646686,0.17244703659927818
03,352,1,0.7635574837310195,0.6432410817813303,0.6257554888725281,0.0038638164687495847,0.1253238418178394
03,353,1,0.7657266811279827,0.6435092779083006,0.6232497692108154,0.004552768597622879,0.16712135805617356
03,354,1,0.7678958785249458,0.6434696581868242,0.6244356036186218,0.005442867610800399,0.2567215740606779
03,355,1,0.7700650759219089,0.6430300336602708,0.6231021285057068,0.006552407719556255,0.3457818228543828
03,356,1,0.7722342733188721,0.6423586300614688,0.623302698135376,0.007447389316219214,0.42789128988941366
03,357,1,0.7744034707158352,0.6421374942723626,0.6218152642250061,0.00744791217536003,0.4159667225842936
03,358,1,0.7765726681127982,0.6409728421777866,0.6224344968795776,0.008269618360951466,0.49485535915095785
03,359,1,0.7787418655097614,0.6403833662643541,0.6253274083137512,0.008234890272124564,0.5150154560591501
03,360,1,0.7809110629067245,0.6400773085288612,0.6253700256347656,0.007879281158638254,0.4833747628041486
03,361,1,0.7830802603036876,0.6394018095147199,0.6232948899269104,0.007984449789627698,0.4761319886579892
03,362,1,0.7852494577006508,0.6393777063308816,0.6208292245864868,0.007324631784055316,0.39694268187487414
03,363,1,0.7874186550976139,0.6382505588172042,0.6159555912017822,0.00805299533600656,0.42322676074839816
03,364,1,0.789587852494577,0.636317313800624,0.6168495416641235,0.009453038490799284,0.5563424361954359
03,365,1,0.7917570498915402,0.632186065341594,0.6106885075569153,0.012644288267769862,0.7937783593289656
03,366,1,0.7939262472885033,0.6292837108073672,0.6141744256019592,0.01374270675871522,0.9206271497875321
03,367,1,0.7960954446854663,0.6251992666469851,0.624117374420166,0.015303652038218731,1.1410452116239607
03,368,1,0.7982646420824295,0.6198577871462448,0.6467475891113281,0.017382308496404236,1.5101398329185325
03,369,1,0.8004338394793926,0.6140454924590704,0.6463685035705566,0.01907972151998394,1.6597551191495332
03,370,1,0.8026030368763557,0.6066641478192918,0.6406218409538269,0.021925922939131592,1.8694922486349888
03,371,1,0.8047722342733189,0.6007563832754779,0.6442568898200989,0.022178796735926654,1.9214925166875814
03,372,1,0.806941431670282,0.5951557209942407,0.6356295943260193,0.021668738174286967,1.8061808599885123
03,373,1,0.8091106290672451,0.593372835616619,0.6338968873023987,0.017276107013907662,1.397159291713897
03,374,1,0.8112798264642083,0.5935500174014006,0.6437841653823853,0.011930761018513283,0.9959732838031927
03,375,1,0.8134490238611713,0.5947730840671166,0.6476852297782898,0.007429161748324445,0.6224943981058728
03,376,1,0.8156182212581344,0.5952735799526687,0.6698189973831177,0.005432841060682007,0.6210874677979189
03,377,1,0.8177874186550976,0.5979118548651963,0.6696114540100098,0.0028444670453239267,0.386617136750519
03,378,1,0.8199566160520607,0.5986840382627621,0.6478317379951477,0.003186602302339967,0.2420952111752474
03,379,1,0.8221258134490239,0.6015416140442758,0.6425569653511047,0.001742618328222199,0.069768478362564
03,380,1,0.824295010845987,0.6070867731462499,0.6404086947441101,0.002240494871517731,0.09725746546954456
03,381,1,0.8264642082429501,0.616743634477089,0.6413174867630005,0.008944057903961525,0.707494370921689
03,382,1,0.8286334056399133,0.6270702557193228,0.6481537222862244,0.014562734243222162,1.2678628688672196
03,383,1,0.8308026030368764,0.6383311355710144,0.6674713492393494,0.018727059730773515,1.7978824993947364
03,384,1,0.8329718004338394,0.6507267438603848,0.6697516441345215,0.021925287638459218,2.1038859726871886
03,385,1,0.8351409978308026,0.6629431872140417,0.6655978560447693,0.023231738313582412,2.187957222255812
03,386,1,0.8373101952277657,0.6749667024667658,0.6630058884620667,0.02370536538206841,2.209694107303069
03,387,1,0.8394793926247288,0.6857867733053751,0.6637896299362183,0.02255132453381692,2.112206910703067
03,388,1,0.841648590021692,0.6939003746988833,0.6590364575386047,0.018801016493735,1.7366460929520986
03,389,1,0.8438177874186551,0.6994998614848796,0.6635515689849854,0.013607095570106673,1.305841530149525
03,390,1,0.8459869848156182,0.704335303704057,0.679589569568634,0.00930336922157449,1.047843436367314
03,391,1,0.8481561822125814,0.7078538387940333,0.6695001721382141,0.005479754002228056,0.6227407849971229
03,392,1,0.8503253796095445,0.7103790715220285,0.6665546298027039,0.002524305292762404,0.33321878342590217
03,393,1,0.8524945770065075,0.7125125958685006,0.6638544797897339,0.0010020336843787067,0.17457263219569474
03,394,1,0.8546637744034707,0.7152867331914339,0.6604734659194946,0.0003462526858760695,0.08837924485656679
03,395,1,0.8568329718004338,0.7164806404009887,0.6639519333839417,0.0015209259365168682,0.22202646850747876
03,396,1,0.8590021691973969,0.7179593413187468,0.6771232485771179,0.0021989254204975695,0.38901531987439875
03,397,1,0.8611713665943601,0.7196412551462918,0.6730337738990784,0.0024120790421321404,0.37527239846585414
03,398,1,0.8633405639913232,0.7197103713569364,0.6628790497779846,0.004125127650935421,0.44761485153294206
03,399,1,0.8655097613882863,0.7181407235344769,0.6650861501693726,0.006800685014770544,0.7060199156687215
03,400,1,0.8676789587852495,0.7160015887363377,0.6641729474067688,0.009354840596281801,0.9283923086107605
03,401,1,0.8698481561822126,0.7121426641828892,0.6647942066192627,0.012724327004128008,1.2364461464143446
03,402,1,0.8720173535791758,0.7068438699244562,0.6689697504043579,0.016148473521710283,1.5780227632287054
03,403,1,0.8741865509761388,0.6999531212575375,0.6670673489570618,0.019822596830508993,1.8931641758742725
03,404,1,0.8763557483731019,0.692526481709105,0.6939637660980225,0.022702335809706625,2.3686451205351613
03,405,1,0.8785249457700651,0.6880823798453956,0.6849077939987183,0.021277660916607932,2.1676221207128727
03,406,1,0.8806941431670282,0.6860757342680204,0.6810323596000671,0.017269235409609698,1.7759105257521834
03,407,1,0.8828633405639913,0.6852132508607831,0.6774783134460449,0.012939684902737999,1.3579034438796564
03,408,1,0.8850325379609545,0.6836079433632154,0.6772264838218689,0.01086002480111711,1.1688307118416146
03,409,1,0.8872017353579176,0.6822347814089725,0.6817474961280823,0.010003552168887566,1.1281863585649594
03,410,1,0.8893709327548807,0.6815840037008969,0.6409967541694641,0.009192430267857456,0.7272517188548182
03,411,1,0.8915401301518439,0.6818382411622361,0.6526854634284973,0.00781526016473735,0.6974646418121582
03,412,1,0.8937093275488069,0.6817053585550525,0.6465595364570618,0.007104390347284187,0.5842241334506848
03,413,1,0.89587852494577,0.6800051552614675,0.6479517221450806,0.008328947438828473,0.7055665265803679
03,414,1,0.8980477223427332,0.6784950867683313,0.6498167514801025,0.00928160939508851,0.8062601834716141
03,415,1,0.9002169197396963,0.6797045566147211,0.6436724066734314,0.007299910315557293,0.5785722887445206
03,416,1,0.9023861171366594,0.6799700744568439,0.649480402469635,0.006500971336555719,0.553460817778293
03,417,1,0.9045553145336226,0.6815603350780612,0.6404770612716675,0.004476889690786188,0.29895041210451423
03,418,1,0.9067245119305857,0.6822789132438627,0.6384724974632263,0.00414710647913316,0.25315580384910324
03,419,1,0.9088937093275488,0.682842523548726,0.6358172297477722,0.004529452793152726,0.26617337241965233
03,420,1,0.911062906724512,0.6846758538090325,0.6297245621681213,0.003480614266347435,0.12280344221660583
03,421,1,0.913232104121475,0.6824330895386622,0.6319218277931213,0.0068998233747648826,0.4480138379801469
03,422,1,0.9154013015184381,0.6772451150236849,0.6527912616729736,0.012305986504892449,1.1022147944048257
03,423,1,0.9175704989154013,0.6707285443698566,0.6669437289237976,0.01756410760367627,1.6890393377287602
03,424,1,0.9197396963123644,0.6654203147539045,0.6735396981239319,0.01984384242491105,1.947167640286109
03,425,1,0.9219088937093276,0.6581893052965544,0.6672187447547913,0.022260967118479164,2.113691178097422
03,426,1,0.9240780911062907,0.6513712217887074,0.6587561368942261,0.02301810456579917,2.1136773814624354
03,427,1,0.9262472885032538,0.6429392079470266,0.6624677181243896,0.0249816450987356,2.320152017764763
03,428,1,0.928416485900217,0.6294685253837101,0.6531168222427368,0.03150499355634462,2.8316053434692487
03,429,1,0.93058568329718,0.611157886409347,0.6733006238937378,0.04082768518815916,3.8325429339749775
03,430,1,0.9327548806941431,0.5772064547408136,0.6845712065696716,0.06302126213489073,5.9193577824216055
03,431,1,0.9349240780911063,0.4689994560659382,0.6278465390205383,0.15268706904779264,13.527406769605587
03,432,1,0.9370932754880694,0.2763296158323968,0.6493148803710938,0.3018719713110619,27.117974578629045
03,433,1,0.9392624728850325,0.21129629561912514,0.6809491515159607,0.27862056413650527,25.281337030589313
03,434,1,0.9414316702819957,0.18740164642116622,0.8192061185836792,0.20254981563690871,19.55224751230041
03,435,1,0.9436008676789588,0.17341397392684482,0.8284199833869934,0.11908628605131827,12.119644977584539
03,436,1,0.9457700650759219,0.16647870867934994,0.8349584937095642,0.05212518076403981,6.149747884055464
03,437,1,0.9479392624728851,0.1604295870087257,0.8362498879432678,0.03071157564640231,4.234189089528566
03,438,1,0.9501084598698482,0.15546153841304206,0.836441159248352,0.022962947089486124,3.5388122063783563
03,439,1,0.9522776572668112,0.15432444184344696,0.8338927626609802,0.016115016657050157,2.902394472614288
03,440,1,0.9544468546637744,0.15408253447591824,0.830671489238739,0.011584541003729406,2.4689943790801605
03,441,1,0.9566160520607375,0.15333941310079408,0.8276157975196838,0.009228618827995663,2.2325076197432323
03,442,1,0.9587852494577006,0.15345371006696712,0.8258640766143799,0.007341778384839706,2.0487053475667767
03,443,1,0.9609544468546638,0.15411496873373173,0.8251659870147705,0.00617856263155636,1.938466455262052
03,444,1,0.9631236442516269,0.15348052168961407,0.8313592076301575,0.00676064139824521,2.0406650308731806
03,445,1,0.96529284164859,0.15277151880767614,0.8366510272026062,0.007319141083607106,2.133487974451406
03,446,1,0.9674620390455532,0.15283827988401658,0.8297361135482788,0.007110406433987177,2.0590596564375736
03,447,1,0.9696312364425163,0.15276940693008348,0.8289855122566223,0.007025421842182644,2.0453748856878335
03,448,1,0.9718004338394793,0.15156321668822725,0.8309834003448486,0.007895221633126791,2.139685181476394
03,449,1,0.9739696312364425,0.1507833425020206,0.8300896286964417,0.008195769568986735,2.1595231340345187
03,450,1,0.9761388286334056,0.14936934802738575,0.8292674422264099,0.009112719967207718,2.235376848421823
03,451,1,0.9783080260303688,0.14862660584728035,0.8286443948745728,0.008988229183155404,2.2191654832225485
03,452,1,0.9804772234273319,0.14797947539295694,0.8257871270179749,0.00859965936677803,2.16122059420061
03,453,1,0.982646420824295,0.1482689757910107,0.8252438306808472,0.007414223644906706,2.0502290761868833
05,8,0,0.018306636155606407,0.07591543596950533,0.5124056935310364,nan,nan
05,9,0,0.020594965675057208,0.07582945968918348,0.5098065733909607,nan,nan
05,10,0,0.02288329519450801,0.07594858028771198,0.5042484998703003,nan,nan
05,11,0,0.02517162471395881,0.07603824198824098,0.504020094871521,nan,nan
05,12,0,0.02745995423340961,0.07601373547651298,0.5060377717018127,0.006412700500653954,-0.6089745676706189
05,13,0,0.029748283752860413,0.07598556205513621,0.5083121061325073,0.006465448798782647,-0.585925401157182
05,14,0,0.032036613272311214,0.07601914172554143,0.5074623823165894,0.006470894719865615,-0.5922745834323452
05,15,0,0.034324942791762014,0.07629510112946476,0.5060960054397583,0.006212575675399649,-0.6265052216834102
05,16,0,0.036613272311212815,0.07647078847690776,0.5097807049751282,0.006101103113262589,-0.6068748721975088
05,17,0,0.038901601830663615,0.07637190462265087,0.5121035575866699,0.006314250217618178,-0.5690088422849384
05,18,0,0.041189931350114416,0.07657457644168958,0.512495756149292,0.006208164040458123,-0.5753936917530511
05,19,1,0.043478260869565216,0.07676066023138879,0.5115424990653992,0.006160938929795938,-0.587313424641461
05,20,1,0.04576659038901602,0.07752162876091435,0.5116308927536011,0.005516360175751382,-0.644575791201961
05,21,1,0.04805491990846682,0.07890958330978216,0.5086925029754639,0.004391115697885249,-0.7694305525747152
05,22,1,0.05034324942791762,0.0807891408831087,0.5085400938987732,0.0031459777963415126,-0.8826456693341336
05,23,1,0.05263157894736842,0.08325345851454927,0.5078626275062561,0.0017353012752557274,-1.0149753467827172
05,24,1,0.05491990846681922,0.08570860874218805,0.521625280380249,0.0009033506184070706,-0.9790329481137542
05,25,1,0.057208237986270026,0.08823911504782524,0.5497393012046814,0.0004195893080883007,-0.7962673807127925
05,26,1,0.059496567505720827,0.09057030231905971,0.5480251908302307,0.0004207849713645773,-0.8099558383470647
05,27,1,0.06178489702517163,0.09307239270015231,0.565388023853302,0.00036398494925973584,-0.6753199181229435
05,28,1,0.06407322654462243,0.09532761631796297,0.6034618020057678,0.0005634948778498717,-0.3509395385967209
05,29,1,0.06636155606407322,0.09822419361866878,0.60722416639328,0.0002212568227393779,-0.35143929218260306
05,30,1,0.06864988558352403,0.10111378899626446,0.5694730281829834,0.0003216562637970177,-0.6462488784238888
05,31,1,0.07093821510297482,0.10402614526766969,0.5466574430465698,0.0005981408659010722,-0.8050126434264646
05,32,1,0.07322654462242563,0.10643741386699337,0.5460865497589111,0.00036403832238485374,-0.830662795065803
05,33,1,0.07551487414187644,0.1081938394862272,0.5676333904266357,0.0007500524446783486,-0.6225249693261674
05,34,1,0.07780320366132723,0.10868662821874177,0.5650452375411987,0.002749675179053388,-0.46350841076482696
05,35,1,0.08009153318077804,0.11030203610410329,0.5578856468200684,0.0030274770993112244,-0.4961466164787065
05,36,1,0.08237986270022883,0.11203100380851477,0.5403143167495728,0.0028674821040081656,-0.6519592973089983
05,37,1,0.08466819221967964,0.11398411508132258,0.5312874913215637,0.002312768316580669,-0.7745028837298531
05,38,1,0.08695652173913043,0.1163970552067551,0.5387380123138428,0.0013473970899220123,-0.8013635275936954
05,39,1,0.08924485125858124,0.11832353317413326,0.5571799278259277,0.0013485258695471436,-0.6528324738191523
05,40,1,0.09153318077803203,0.12030775375102559,0.550078272819519,0.0013696795601623435,-0.7080874812787735
05,41,1,0.09382151029748284,0.12315781049547007,0.5406884551048279,0.0007151373748665018,-0.8425312330041881
05,42,1,0.09610983981693363,0.1259562766965702,0.5227851271629333,0.00041115863100077334,-1.0139659798526557
05,43,1,0.09839816933638444,0.12865101121555148,0.5281938910484314,0.0002522273668413015,-0.9847279839011773
05,44,1,0.10068649885583524,0.13188003575409157,0.5306102633476257,0.000868316220930756,-0.9098684378257782
05,45,1,0.10297482837528604,0.1352220032916645,0.5264928936958313,0.0013172132577371786,-0.9026329665809989
05,46,1,0.10526315789473684,0.13922205476435007,0.5245077013969421,0.0023012165313741084,-0.8301089142588576
05,47,1,0.10755148741418764,0.1433181732660729,0.5220745205879211,0.003080890516152015,-0.7795679914936544
05,48,1,0.10983981693363844,0.14804487067139457,0.5303347706794739,0.004140797408843324,-0.6177568045407815
05,49,1,0.11212814645308924,0.1526625916506529,0.5273703336715698,0.004717309658775927,-0.5897641797909611
05,50,1,0.11441647597254005,0.1567831596756779,0.5335267782211304,0.004477730594053793,-0.5617619970365395
05,51,1,0.11670480549199085,0.15967977432444205,0.5318507552146912,0.002984069014985965,-0.7095922713243568
05,52,1,0.11899313501144165,0.16261834807831738,0.5308140516281128,0.0018322425042690293,-0.8215321387986076
05,53,1,0.12128146453089245,0.1655508616908174,0.5315213203430176,0.0011213867650383424,-0.87977448934131
05,54,1,0.12356979405034325,0.16828660221203087,0.5340135097503662,0.0006350597762107024,-0.9034566763068963
05,55,1,0.12585812356979406,0.17160308194130627,0.5268924236297607,0.0010756788713978693,-0.9211411032596344
05,56,1,0.12814645308924486,0.1743820456381975,0.5253864526748657,0.0008738156640730487,-0.9514175906769938
05,57,1,0.13043478260869565,0.176427533410392,0.5213384032249451,0.00043951332176128764,-1.0230596817152169
05,58,1,0.13272311212814644,0.17798953404472106,0.5199190974235535,0.0011787882492670632,-0.9679921139824957
05,59,1,0.13501144164759726,0.18085361805502873,0.5160006880760193,0.000873777903584531,-1.0269621980566614
05,60,1,0.13729977116704806,0.1839449330855321,0.518424928188324,0.0005890093346125327,-1.0330629881880504
05,61,1,0.13958810068649885,0.18714999498690996,0.522343635559082,0.0008525838444850297,-0.9778172695526032
05,62,1,0.14187643020594964,0.1895016409015597,0.5436050891876221,0.0006464927063816756,-0.8252306822892976
05,63,1,0.14416475972540047,0.19181869670520807,0.5410005450248718,0.00036586858957460364,-0.8714328264097112
05,64,1,0.14645308924485126,0.1939362592261176,0.5414173603057861,0.0006610636871913467,-0.8415280685377808
05,65,1,0.14874141876430205,0.1962157868981588,0.5463235974311829,0.0008793675502964927,-0.7824058980788641
05,66,1,0.15102974828375287,0.1991264781587599,0.5420247912406921,0.00039176859910688804,-0.8608597308273682
05,67,1,0.15331807780320367,0.20160147688532204,0.533967137336731,0.00026177725142453737,-0.937403159625396
05,68,1,0.15560640732265446,0.20376877988674003,0.5297556519508362,0.0004447268988560216,-0.9548446463834139
05,69,1,0.15789473684210525,0.20569201724436054,0.5340777635574341,0.000979619706391125,-0.8719496023027633
05,70,1,0.16018306636155608,0.20693997609503997,0.5332210063934326,0.002100718442262143,-0.7780129050510103
05,71,1,0.16247139588100687,0.207723233708697,0.5305428504943848,0.003270835312675161,-0.6943269925654569
05,72,1,0.16475972540045766,0.20875308120482508,0.5302535891532898,0.0037714270223907754,-0.6516315884921093
05,73,1,0.16704805491990846,0.2101079237577254,0.5299519300460815,0.0036626597990117283,-0.6638420778145259
05,74,1,0.16933638443935928,0.211065918105743,0.5307079553604126,0.0038086420793353704,-0.6446274829736822
05,75,1,0.17162471395881007,0.2115888041950402,0.5316446423530579,0.004317241492713923,-0.5913448310835221
05,76,1,0.17391304347826086,0.21127269155690764,0.5287759900093079,0.005599746752432297,-0.49908384734627
05,77,1,0.17620137299771166,0.21071925030970626,0.5348870158195496,0.006783090587654303,-0.3434686725506475
05,78,1,0.17848970251716248,0.21089786990881634,0.5356776118278503,0.0067573026265394355,-0.3394249550641694
05,79,1,0.18077803203661327,0.2109542651950368,0.5396885871887207,0.006658895291087316,-0.31599348422969104
05,80,1,0.18306636155606407,0.21067679705706835,0.5397751927375793,0.0067777286790549176,-0.3046084939152329
05,81,1,0.1853546910755149,0.21070955221733081,0.5355477929115295,0.006595999893832622,-0.3549774661279552
05,82,1,0.18764302059496568,0.21078208739470844,0.5361583232879639,0.00652104019336115,-0.3568055405773072
05,83,1,0.18993135011441648,0.2108302230076983,0.5344727635383606,0.006443958951844296,-0.377304480906985
05,84,1,0.19221967963386727,0.21125386258944714,0.5326012969017029,0.005989308823260818,-0.43325846406179286
05,85,1,0.1945080091533181,0.21159285416575907,0.5284793972969055,0.005794583630043619,-0.4839472238156556
05,86,1,0.19679633867276888,0.21274453947249292,0.5318248271942139,0.0048637238104168295,-0.5407436662014368
05,87,1,0.19908466819221968,0.2140450105325472,0.5371548533439636,0.004053865769808649,-0.5706841369902521
05,88,1,0.20137299771167047,0.21475730720209893,0.5361603498458862,0.0041452659814691355,-0.5704677960013066
05,89,1,0.2036613272311213,0.21556293688484743,0.5353053212165833,0.004215497451883569,-0.5710328226036683
05,90,1,0.20594965675057209,0.21548276800542238,0.5344207286834717,0.005288187011080718,-0.4816741085385216
05,91,1,0.20823798627002288,0.21486171665212234,0.5326310396194458,0.006593795497613128,-0.37865118392690844
05,92,1,0.21052631578947367,0.21472987599056823,0.5299070477485657,0.006929812689061049,-0.3703536101167342
05,93,1,0.2128146453089245,0.21466649378830954,0.5309721231460571,0.006986337088437042,-0.3566975252656422
05,94,1,0.2151029748283753,0.21452148453486827,0.5297898650169373,0.006907235567743861,-0.37332735380823046
05,95,1,0.21739130434782608,0.21480230853252116,0.5292462706565857,0.006386090702452411,-0.42457454998688227
05,96,1,0.21967963386727687,0.21525759346593518,0.5357703566551208,0.005915953739138112,-0.4143499260597263
05,97,1,0.2219679633867277,0.21578884182051444,0.5395346879959106,0.005516634753400583,-0.41996774198930403
05,98,1,0.2242562929061785,0.21709739172960715,0.5368356108665466,0.004488671852359098,-0.5341468347266505
05,99,1,0.22654462242562928,0.2180171621552319,0.5372266173362732,0.004212878225419074,-0.5558048691738329
05,100,1,0.2288329519450801,0.21863774728347019,0.5360469222068787,0.004396006502858511,-0.5488289631720918
05,101,1,0.2311212814645309,0.21909881201905756,0.5343773365020752,0.004779980221654876,-0.5277317752688984
05,102,1,0.2334096109839817,0.21954822346710437,0.5309139490127563,0.005158061323243866,-0.521601964559539
05,103,1,0.23569794050343248,0.21957228827174302,0.529291570186615,0.005746704452979477,-0.48171674235621365
05,104,1,0.2379862700228833,0.22011778579071628,0.5322379469871521,0.005589988463133992,-0.47209799552768694
05,105,1,0.2402745995423341,0.22081853568754176,0.5342313051223755,0.005259248193120068,-0.4858014564940846
05,106,1,0.2425629290617849,0.22271214747617052,0.5325738191604614,0.0037955673216123176,-0.6307860526783571
05,107,1,0.2448512585812357,0.22415000680941766,0.5295213460922241,0.003148688990631724,-0.7135344721161182
05,108,1,0.2471395881006865,0.22581073146916503,0.5289216041564941,0.002632393965303068,-0.764797373833453
05,109,1,0.2494279176201373,0.2283616987031005,0.5239866971969604,0.0015046631509797437,-0.9059447018378228
05,110,1,0.2517162471395881,0.2302953502449549,0.5276281237602234,0.0014568023630150396,-0.8809413529846566
05,111,1,0.2540045766590389,0.23143898393472176,0.5230115056037903,0.002208969365444261,-0.8504477935019414
05,112,1,0.2562929061784897,0.23212255625225459,0.5288295745849609,0.003347641329237453,-0.7012082932206625
05,113,1,0.2585812356979405,0.23199586581010917,0.524688720703125,0.0050522879671552594,-0.5812189576747165
05,114,1,0.2608695652173913,0.23195662211487542,0.5329147577285767,0.006000073439141188,-0.42976740239632205
05,115,1,0.2631578947368421,0.23219443126491426,0.5355004668235779,0.006177582256582463,-0.3929911043318499
05,116,1,0.2654462242562929,0.23231819278204083,0.5438225865364075,0.006242682572004025,-0.3201554643135741
05,117,1,0.26773455377574373,0.23454265697008342,0.5359883308410645,0.004067127516408002,-0.5788801095464029
05,118,1,0.2700228832951945,0.235030506606022,0.5328131914138794,0.004215975670462944,-0.5910476874662329
05,119,1,0.2723112128146453,0.24118191569622496,0.5266039371490479,0.0018680252761031917,-0.8521988694209797
05,120,1,0.2745995423340961,0.24769075041757513,0.5181095004081726,0.005428925910475837,-0.6002966875850845
05,121,1,0.2768878718535469,0.25769129846185795,0.539962887763977,0.011586334545875075,0.1293910803571124
05,122,1,0.2791762013729977,0.2669743398743566,0.5495730042457581,0.015082215585430107,0.5211596350106127
05,123,1,0.2814645308924485,0.28213651897804787,0.5494521856307983,0.022258436372037727,1.165620855522401
05,124,1,0.2837528604118993,0.29459613881821284,0.5464567542076111,0.024479405391746978,1.341267456233806
05,125,1,0.28604118993135014,0.306610048762712,0.5492225885391235,0.02476696823608668,1.3893918156390093
05,126,1,0.28832951945080093,0.32124925925218223,0.5638952851295471,0.0271764911503434,1.7241987788682007
05,127,1,0.2906178489702517,0.3378373407077073,0.5702540874481201,0.03019584276141213,2.0469398270497323
05,128,1,0.2929061784897025,0.35336265227341246,0.5622379183769226,0.03179594889470236,2.1263362997918644
05,129,1,0.2951945080091533,0.3718384192971681,0.5791625380516052,0.03558008755465811,2.6029016079319662
05,130,1,0.2974828375286041,0.38907939894506616,0.5836895108222961,0.03651397456894215,2.7233312542840404
05,131,1,0.2997711670480549,0.410311450394716,0.5973248481750488,0.04078849109537097,3.2175276952294776
05,132,1,0.30205949656750575,0.43169559635361243,0.5816556811332703,0.04405410963251524,3.3851262983001087
05,133,1,0.30434782608695654,0.4490001283603821,0.6370728015899658,0.04177540561923493,3.6262022982235345
05,134,1,0.30663615560640733,0.46753487250870146,0.6487842202186584,0.04101972250175079,3.652494911754806
05,135,1,0.30892448512585813,0.4792038168398487,0.6100847125053406,0.033074798441989184,2.6264511350273194
05,136,1,0.3112128146453089,0.49100646102212825,0.5901079773902893,0.027654351012985606,1.9781503151946906
05,137,1,0.3135011441647597,0.49682671935741174,0.5957009792327881,0.01864689318114013,1.2130293294173777
05,138,1,0.3157894736842105,0.4976327182320024,0.6102518439292908,0.008391946167879335,0.4078056631704008
05,139,1,0.3180778032036613,0.49669079952371725,0.5959708094596863,0.004518821979766107,-0.05548619398842361
05,140,1,0.32036613272311215,0.49473759516370935,0.5925562381744385,0.007295085863612047,0.1667305198306928
05,141,1,0.32265446224256294,0.49498707834046013,0.6029250025749207,0.007978386222256547,0.31163983940523865
05,142,1,0.32494279176201374,0.49332249190340827,0.6006506085395813,0.009183062405070507,0.4016837097056144
05,143,1,0.32723112128146453,0.4973791658625962,0.6148554682731628,0.004778467544626712,0.11985942946551262
05,144,1,0.3295194508009153,0.5047068921854363,0.6184929609298706,0.0033169595583280595,0.01768683431262913
05,145,1,0.3318077803203661,0.5053244402268292,0.60474693775177,0.0022480781899729685,-0.18908369975458586
05,146,1,0.3340961098398169,0.5030019125316014,0.5736364126205444,0.00367484150647254,-0.3111524258517932
05,147,1,0.33638443935926776,0.5026152843175682,0.5596928000450134,0.006481324877554065,-0.17096061271406526
05,148,1,0.33867276887871856,0.4994533595699645,0.5548080801963806,0.010952279238900766,0.1918451125524893
05,149,1,0.34096109839816935,0.49272400944751404,0.5671197772026062,0.016368246207483284,0.7780509919285722
05,150,1,0.34324942791762014,0.4902809066262302,0.5541254878044128,0.015661241333938338,0.609878168260715
05,151,1,0.34553775743707094,0.48448413697201137,0.5543630719184875,0.01827775951181436,0.8471215848020267
05,152,1,0.34782608695652173,0.48143678472406376,0.5603128671646118,0.01679232492337276,0.7614075556262847
05,153,1,0.3501144164759725,0.4806848840067219,0.5586711168289185,0.013040081929239455,0.4107149492180185
05,154,1,0.3524027459954233,0.4823403443298422,0.5568214058876038,0.008374840245921108,-0.023767078577397197
05,155,1,0.35469107551487417,0.4852419886514017,0.5544832348823547,0.0036401762123430253,-0.4684243592738602
05,156,1,0.35697940503432496,0.4972949875940401,0.5544030666351318,0.008375480672526222,-0.04317345201437077
05,157,1,0.35926773455377575,0.5009990769694133,0.5526801347732544,0.008115019330405291,-0.08046649823018034
05,158,1,0.36155606407322655,0.5081933542195882,0.5531988739967346,0.010230748339907423,0.11399851178065135
05,159,1,0.36384439359267734,0.5022629187469412,0.5540785789489746,0.005478599458140693,-0.3063323315626262
05,160,1,0.36613272311212813,0.49931618574152276,0.5547376275062561,0.009364905134479417,0.048508690173647506
05,161,1,0.3684210526315789,0.4997383415710646,0.5537522435188293,0.009448048841808231,0.04805583445060377
05,162,1,0.3707093821510298,0.4999810857492242,0.5546367764472961,0.008890120814061483,0.004994603401977021
05,163,1,0.37299771167048057,0.49134093724074096,0.5582693219184875,0.015477202204953716,0.6266771759595222
05,164,1,0.37528604118993136,0.4901542419288344,0.5568129420280457,0.01393340214031023,0.47610521094899727
05,165,1,0.37757437070938216,0.49003524171392215,0.5543307065963745,0.011761916402050373,0.2608222319774561
05,166,1,0.37986270022883295,0.4858085277999079,0.5535736083984375,0.013562855351779004,0.41670627224174106
05,167,1,0.38215102974828374,0.48199547574302765,0.5533078908920288,0.013832767921330199,0.4388437475223067
05,168,1,0.38443935926773454,0.47688354518199455,0.5559580326080322,0.016608333107934966,0.7098093882458656
05,169,1,0.38672768878718533,0.47368927792470705,0.5559243559837341,0.016484926178512504,0.6984390486530077
05,170,1,0.3890160183066362,0.46563773204628084,0.5561018586158752,0.020449981109634946,1.0564871094132402
05,171,1,0.391304347826087,0.45741033688908167,0.5569881796836853,0.023634677328427348,1.350054153200939
05,172,1,0.39359267734553777,0.4468241075495756,0.5552296042442322,0.028074621954446946,1.735231579069872
05,173,1,0.39588100686498856,0.4462646223483054,0.5597049593925476,0.021119247747612396,1.1456808670445806
05,174,1,0.39816933638443935,0.44497405165056647,0.568793773651123,0.015553654551250889,0.7182592667158219
05,175,1,0.40045766590389015,0.4496165255635733,0.5690281391143799,0.006767796197117591,-0.0700598474534135
05,176,1,0.40274599542334094,0.4493396134741082,0.5678530931472778,0.004073719797403464,-0.32182404748342
05,177,1,0.40503432494279173,0.4484425537829043,0.577518880367279,0.00559965596974053,-0.10678545759134334
05,178,1,0.4073226544622426,0.4479998529878268,0.5700327754020691,0.006586839623467758,-0.0782493880448174
05,179,1,0.4096109839816934,0.4533448996709037,0.5561705827713013,0.0033720653175431364,-0.47895781615455635
05,180,1,0.41189931350114417,0.46091602149174227,0.5563527345657349,0.004640785019299989,-0.36338235415609343
05,181,1,0.41418764302059496,0.46733054276678543,0.5590068101882935,0.008161204289934696,-0.025392425674173325
05,182,1,0.41647597254004576,0.47144003515656857,0.5582495927810669,0.0075486994337475325,-0.08657593703114358
05,183,1,0.41876430205949655,0.4799336853787801,0.561718225479126,0.010182304113773608,0.17820930469571095
05,184,1,0.42105263157894735,0.4914080048937373,0.56032395362854,0.01500942720176171,0.6011418880198351
05,185,1,0.4233409610983982,0.5008394515153209,0.5746697187423706,0.01681787797284659,0.879256756030741
05,186,1,0.425629290617849,0.5147452247421272,0.5815690755844116,0.022346424012519017,1.4320269116068192
05,187,1,0.4279176201372998,0.527730700103898,0.5796895027160645,0.02450560197790011,1.611096961490715
05,188,1,0.4302059496567506,0.5385908978256795,0.5677893161773682,0.023416546018402123,1.4173681060603862
05,189,1,0.43249427917620137,0.5436592971328886,0.5660164952278137,0.016689222092625716,0.7980400052808007
05,190,1,0.43478260869565216,0.5497017085096454,0.5663861632347107,0.01202667206499056,0.3816627108470155
05,191,1,0.43707093821510296,0.5545344411225162,0.5659238696098328,0.008120283735981785,0.02659902287039974
05,192,1,0.43935926773455375,0.5606408588125307,0.5696098208427429,0.007525766171341766,0.002794087635983794
05,193,1,0.4416475972540046,0.5667371417338605,0.5591847896575928,0.008109558845958768,-0.028604982493788234
05,194,1,0.4439359267734554,0.5733808311001362,0.5547847747802734,0.008983787061991492,0.014610165025179395
05,195,1,0.4462242562929062,0.5785674784805857,0.5686376094818115,0.008250653794818295,0.060166086679744525
05,196,1,0.448512585812357,0.5832745800583108,0.561407744884491,0.006949496033026056,-0.11505030400591863
05,197,1,0.45080091533180777,0.5874217475740939,0.5592240691184998,0.005438233237364172,-0.2685494793393389
05,198,1,0.45308924485125857,0.5923626471163883,0.5641369223594666,0.005207981319600182,-0.2497174367436571
05,199,1,0.45537757437070936,0.5952731923485821,0.5609696507453918,0.003373072547730951,-0.44024198557513206
05,200,1,0.4576659038901602,0.5971219518387667,0.5651596188545227,0.001637475360738828,-0.5626197369246795
05,201,1,0.459954233409611,0.5998714705436174,0.5649946928024292,0.0007730350130274455,-0.6416954287038839
05,202,1,0.4622425629290618,0.6005180057735879,0.5640224814414978,0.0021328161817572,-0.5272207211077314
05,203,1,0.4645308924485126,0.6003573204982724,0.5622716546058655,0.00433234112137265,-0.34348562915183567
05,204,1,0.4668192219679634,0.6005675172502363,0.5626152157783508,0.005393176406831344,-0.24530831559367697
05,205,1,0.4691075514874142,0.6017913598346919,0.5595189929008484,0.00503072517524311,-0.30282730989278583
05,206,1,0.47139588100686497,0.6031645917824551,0.5573874115943909,0.004137465550248546,-0.4003236255374769
05,207,1,0.47368421052631576,0.603697797515788,0.5593330264091492,0.004265906319132399,-0.37311232832613084
05,208,1,0.4759725400457666,0.6038480106686509,0.5603694319725037,0.004950812420648402,-0.3031699628296456
05,209,1,0.4782608695652174,0.6036714518259687,0.5615666508674622,0.005947494617934254,-0.20389196302943835
05,210,1,0.4805491990846682,0.6036443783748706,0.5654099583625793,0.006444591066851549,-0.12824999526374714
05,211,1,0.482837528604119,0.6037470302255072,0.5682536959648132,0.006461885864318809,-0.10380670355468542
05,212,1,0.4851258581235698,0.6035920898114603,0.5722799897193909,0.006629134455795574,-0.05635868845271717
05,213,1,0.4874141876430206,0.6036764683584499,0.5691515207290649,0.006480775694508304,-0.09488160923367664
05,214,1,0.4897025171624714,0.6028638315742954,0.5574918389320374,0.0072946666117831545,-0.11552257487474082
05,215,1,0.4919908466819222,0.6033190047153747,0.5550207495689392,0.006644356770559992,-0.19390036679902245
05,216,1,0.494279176201373,0.6028130029598138,0.5558224320411682,0.007043352148587781,-0.1515621502085676
05,217,1,0.4965675057208238,0.6016989675039475,0.5652095079421997,0.007962615891542454,0.006668750691060876
05,218,1,0.4988558352402746,0.6006716700140975,0.5658795833587646,0.008495538167766822,0.05999319554404413
05,219,1,0.5011441647597255,0.5997911775265743,0.5593762397766113,0.008827990265240556,0.03755205678833991
05,220,1,0.5034324942791762,0.5969000926054961,0.5556387901306152,0.010837118389118602,0.18817343494551841
05,221,1,0.505720823798627,0.5943114101410054,0.5554823875427246,0.011947573265029928,0.286789612220127
05,222,1,0.5080091533180778,0.5905549061939638,0.5539671778678894,0.013857187871336048,0.4463463556942558
05,223,1,0.5102974828375286,0.590859157112634,0.5595839023590088,0.011023745997632364,0.23671102201589933
05,224,1,0.5125858123569794,0.5899893869988059,0.5610098242759705,0.00966051100797546,0.12557735952317403
05,225,1,0.5148741418764302,0.5914139931656442,0.5536347031593323,0.006508228439464523,-0.21729940855327437
05,226,1,0.517162471395881,0.5908223192576809,0.5474960803985596,0.006375548103587561,-0.2786393879691404
05,227,1,0.5194508009153318,0.5897178589079479,0.552359938621521,0.00754686171924984,-0.13414403139894296
05,228,1,0.5217391304347826,0.5868823537791045,0.5540598034858704,0.010097042296921762,0.10890209002358486
05,229,1,0.5240274599542334,0.581741133877543,0.559421181678772,0.014461503893557878,0.5445953861075468
05,230,1,0.5263157894736842,0.5731278527323811,0.5561614036560059,0.02065657021669448,1.0755471058819164
05,231,1,0.528604118993135,0.5682257542897546,0.563767671585083,0.021135052027995982,1.1798010027768397
05,232,1,0.5308924485125858,0.5634482038651377,0.5621269345283508,0.020539576298064577,1.1130381042553683
05,233,1,0.5331807780320366,0.5595108517984464,0.5381897687911987,0.018618390886264213,0.7475875444371847
05,234,1,0.5354691075514875,0.5626439584807166,0.554507851600647,0.01019556572665367,0.12136945649503475
05,235,1,0.5377574370709383,0.5668510129028808,0.5637684464454651,0.004977189566334943,-0.27344066016257396
05,236,1,0.540045766590389,0.5748974638448229,0.5752708315849304,0.00529045058952102,-0.15268896909514468
05,237,1,0.5423340961098398,0.5813364458416099,0.5595278739929199,0.008867117591386784,0.04229161824010126
05,238,1,0.5446224256292906,0.5904930361663895,0.5456116795539856,0.012567309405375458,0.2630847825290104
05,239,1,0.5469107551487414,0.5971127244674475,0.555540144443512,0.0122247282850152,0.3121819576589857
05,240,1,0.5491990846681922,0.6062299995850149,0.5722115635871887,0.013776575511440962,0.5859357459451896
05,241,1,0.551487414187643,0.6149321690709455,0.571901261806488,0.01464561106232357,0.6615998676907605
05,242,1,0.5537757437070938,0.6227312005827054,0.5821796655654907,0.014045711766749545,0.6903701695732546
05,243,1,0.5560640732265446,0.6332804712938597,0.6147287487983704,0.016535441373824872,1.1762688496386737
05,244,1,0.5583524027459954,0.6432336344742793,0.6048164367675781,0.017446667847641432,1.1784459868022426
05,245,1,0.5606407322654462,0.6544291814554029,0.6202053427696228,0.019391306106448902,1.477205346269826
05,246,1,0.562929061784897,0.6651333523061728,0.6051495671272278,0.020221223861104476,1.430672424420504
05,247,1,0.5652173913043478,0.6727594429502621,0.6133168935775757,0.017246776574326998,1.2288834673724534
05,248,1,0.5675057208237986,0.6804445359781823,0.6077244281768799,0.01506212668814658,0.9873838492611513
05,249,1,0.5697940503432495,0.6870094192819753,0.6382514834403992,0.01232428461596383,0.9868373109032752
05,250,1,0.5720823798627003,0.690490229033311,0.6125429272651672,0.007660034910656396,0.36041687917275284
05,251,1,0.5743707093821511,0.6934679617760984,0.6430924534797668,0.004298548471659171,0.30396024733295207
05,252,1,0.5766590389016019,0.69722061649798,0.6501109600067139,0.0028740734870816875,0.2323304713385163
05,253,1,0.5789473684210527,0.6999263170447021,0.6469873785972595,0.0013857539038544275,0.07333000333973949
05,254,1,0.5812356979405034,0.7017871236386843,0.6480327248573303,0.0006997830859155627,0.020046830606396004
05,255,1,0.5835240274599542,0.7039990490563142,0.6569103598594666,0.00066570062186122,0.08843296958002378
05,256,1,0.585812356979405,0.7048497401516589,0.6591677665710449,0.002377042901267721,0.26052083701925244
05,257,1,0.5881006864988558,0.7041982605347702,0.6621517539024353,0.0049358034315761775,0.5146738884744478
05,258,1,0.5903890160183066,0.7031160674961949,0.6403136253356934,0.007085982342668465,0.5322983674064776
05,259,1,0.5926773455377574,0.6995850300643209,0.625123143196106,0.010949255738920107,0.7575030986880559
05,260,1,0.5949656750572082,0.6956138203897455,0.5950857996940613,0.013816960665497226,0.7736710196307056
05,261,1,0.597254004576659,0.6898362346079174,0.610309362411499,0.017285566506846956,1.2081661796314678
05,262,1,0.5995423340961098,0.6856151336007681,0.6074607968330383,0.017916161032283103,1.2419555866508516
05,263,1,0.6018306636155606,0.6823781248236536,0.5712509155273438,0.016777936335540918,0.8481481853550444
05,264,1,0.6041189931350115,0.6808096212751018,0.5943560600280762,0.014044713573925834,0.7882819528947089
05,265,1,0.6064073226544623,0.6803993733903912,0.6003590226173401,0.010753911679975466,0.5406200156185539
05,266,1,0.6086956521739131,0.6795760538638917,0.5965500473976135,0.00921801590209342,0.3718241322953717
05,267,1,0.6109839816933639,0.6783664570985053,0.5536180734634399,0.008917842733260791,-0.0007110889205525772
05,268,1,0.6132723112128147,0.6771734897263892,0.5276116132736206,0.009107893174089773,-0.19293051324668947
05,269,1,0.6155606407322655,0.6759368777045984,0.5341305136680603,0.00943547230870245,-0.11100055840408152
05,270,1,0.6178489702517163,0.6739633691125728,0.5668033957481384,0.010293356979279852,0.22912539692601674
05,271,1,0.620137299771167,0.6708922448686854,0.5477147102355957,0.011961310035337566,0.22550705015971584
05,272,1,0.6224256292906178,0.6683972762809274,0.537933349609375,0.01258772556564058,0.20312207998232612
05,273,1,0.6247139588100686,0.6663151303023263,0.533272922039032,0.012475818182876238,0.1555476683514172
05,274,1,0.6270022883295194,0.6653630586744068,0.5294620394706726,0.011022452960227632,-0.005840718307512205
05,275,1,0.6292906178489702,0.6654056314911991,0.5245276093482971,0.008829802533893812,-0.24276372096647744
05,276,1,0.631578947368421,0.6660481018360638,0.5254608988761902,0.006815678844657611,-0.41640365158023884
05,277,1,0.6338672768878718,0.668441079219475,0.5273059606552124,0.0038354078500304456,-0.6696010660377567
05,278,1,0.6361556064073226,0.6704382204401556,0.5256330966949463,0.0023697538586371337,-0.8148868954461057
05,279,1,0.6384439359267735,0.6715636798618634,0.5263857841491699,0.0025130848783664872,-0.7959376213089806
05,280,1,0.6407322654462243,0.6717408808693621,0.5281778573989868,0.00387539596353381,-0.6589870607394623
05,281,1,0.6430205949656751,0.669933863117772,0.531428873538971,0.0071056084734484855,-0.34229403499833394
05,282,1,0.6453089244851259,0.6697275013327133,0.5257169008255005,0.0076851662330814615,-0.33614100267305186
05,283,1,0.6475972540045767,0.6695649096981988,0.5262157320976257,0.007670078090735386,-0.333483201928442
05,284,1,0.6498855835240275,0.6683238924052515,0.5277391672134399,0.008411402842766588,-0.2545466575863615
05,285,1,0.6521739130434783,0.6675094456426551,0.5280989408493042,0.008371602489335269,-0.2552306916967474
05,286,1,0.6544622425629291,0.666792169178572,0.5298926830291748,0.008482774584639193,-0.23079489444493062
05,287,1,0.6567505720823799,0.6666697627615032,0.53187096118927,0.007871347963172595,-0.26986482622078034
05,288,1,0.6590389016018307,0.6664876171479805,0.5370046496391296,0.0073297068425214025,-0.27726192695544316
05,289,1,0.6613272311212814,0.6661268115330015,0.539375364780426,0.0072314436431827585,-0.26701910667761425
05,290,1,0.6636155606407322,0.6655383265082992,0.5399454832077026,0.0074742701404715535,-0.2405905538262454
05,291,1,0.665903890160183,0.6653384406597164,0.5389412045478821,0.007360695321486252,-0.25888846604404037
05,292,1,0.6681922196796338,0.6653619511948188,0.5361068248748779,0.007004354260937121,-0.3137504660553413
05,293,1,0.6704805491990846,0.6661212908079788,0.5345968008041382,0.0059635981594866865,-0.4195101080082263
05,294,1,0.6727688787185355,0.6675393975753071,0.5323427319526672,0.004544111210902672,-0.5653214661627919
05,295,1,0.6750572082379863,0.6685711121404867,0.5288754105567932,0.0040126644124750515,-0.6410268055851804
05,296,1,0.6773455377574371,0.6687212599457084,0.5286865830421448,0.004670684477445923,-0.5833638598290226
05,297,1,0.6796338672768879,0.6686658638606662,0.5367321372032166,0.005565907750210567,-0.4380923945832413
05,298,1,0.6819221967963387,0.6684105014952183,0.5303362011909485,0.006457413378830293,-0.4093874529089653
05,299,1,0.6842105263157895,0.6680395373108028,0.5263583064079285,0.007046153543223602,-0.3884518446187179
05,300,1,0.6864988558352403,0.6677369110088179,0.5293644070625305,0.007215886137787478,-0.34899142842416964
05,301,1,0.6887871853546911,0.667141724256446,0.5251584053039551,0.007564985655936771,-0.3514451606484598
05,302,1,0.6910755148741419,0.6668176831636747,0.5310394167900085,0.00750799184765302,-0.30923796938986625
05,303,1,0.6933638443935927,0.6659075678489454,0.5407496690750122,0.008019902579496415,-0.18504356294489593
05,304,1,0.6956521739130435,0.6646276548358767,0.5416977405548096,0.008766823227100814,-0.11023452754123231
05,305,1,0.6979405034324943,0.6629177603767806,0.5388853549957275,0.009699403642961592,-0.04899313287801829
05,306,1,0.700228832951945,0.6614237876168695,0.5265316367149353,0.010137385432956388,-0.10902953637015866
05,307,1,0.7025171624713958,0.659839010518634,0.5283673405647278,0.010373688644490533,-0.07300164303560924
05,308,1,0.7048054919908466,0.6584129467553563,0.5361744165420532,0.010282613075190374,-0.018357879508997477
05,309,1,0.7070938215102975,0.6563012514225072,0.5314939618110657,0.01084063138790944,-0.005839958214193697
05,310,1,0.7093821510297483,0.6547203355478817,0.5306465029716492,0.010767420023966575,-0.019245394530509663
05,311,1,0.7116704805491991,0.6529987890398514,0.5239561200141907,0.010813103514749869,-0.06898405892355763
05,312,1,0.7139588100686499,0.6523670804571817,0.5283728837966919,0.009734756727723917,-0.1304229505242244
05,313,1,0.7162471395881007,0.651355344732685,0.5325635671615601,0.009235025877677019,-0.14164038108491372
05,314,1,0.7185354691075515,0.650420720112896,0.5280400514602661,0.008933173825010462,-0.20519659744104218
05,315,1,0.7208237986270023,0.6500565086385264,0.5236391425132751,0.008222481440633641,-0.3045373609666657
05,316,1,0.7231121281464531,0.6499255009661613,0.5241625308990479,0.007617919012667449,-0.3546995855294474
05,317,1,0.7254004576659039,0.6500012272547971,0.5221982002258301,0.0069317978512765084,-0.43221962810218284
05,318,1,0.7276887871853547,0.6496347913317866,0.5207242965698242,0.0069597044048151065,-0.4415723913237644
05,319,1,0.7299771167048055,0.6498630307905544,0.5179842710494995,0.006534982750769938,-0.5018251749348913
05,320,1,0.7322654462242563,0.6505082309579702,0.5149548053741455,0.005841413121361187,-0.588587863207388
05,321,1,0.7345537757437071,0.6513029889867775,0.5169733762741089,0.00519233759050605,-0.6307196649885497
05,322,1,0.7368421052631579,0.6524824693988294,0.519478440284729,0.004338297611449297,-0.6873705590855275
05,323,1,0.7391304347826086,0.6531827107658956,0.522421658039093,0.0043499757611437356,-0.6626317672827575
05,324,1,0.7414187643020596,0.6539084777492697,0.5225291848182678,0.004454128771604919,-0.652398754713885
05,325,1,0.7437070938215103,0.654181586060202,0.5245074033737183,0.005031082158497511,-0.584585551201247
05,326,1,0.7459954233409611,0.6536856734794629,0.5273125171661377,0.006246644007592753,-0.45268026109829296
05,327,1,0.7482837528604119,0.6538769331632373,0.529666543006897,0.006356185343976831,-0.42388169911964546
05,328,1,0.7505720823798627,0.6533032609502147,0.5287449955940247,0.007103413156334751,-0.3640926418437741
05,329,1,0.7528604118993135,0.6527562835257782,0.5241667032241821,0.007499086381007544,-0.3653538832164563
05,330,1,0.7551487414187643,0.6526851806315681,0.5301074385643005,0.007213863641611665,-0.3431930530281176
05,331,1,0.7574370709382151,0.6533867173707393,0.5298120975494385,0.006262203690466787,-0.4311629717953104
05,332,1,0.7597254004576659,0.6538204411365901,0.5282694101333618,0.00570592597649147,-0.4936112257803465
05,333,1,0.7620137299771167,0.653958713411539,0.5271549224853516,0.005696948748136419,-0.5033885832718794
05,334,1,0.7643020594965675,0.6543894389739936,0.5245746374130249,0.0055668306571220166,-0.535858875626212
05,335,1,0.7665903890160183,0.6544241397330919,0.5255210995674133,0.0059581944836301064,-0.4930417878893669
05,336,1,0.7688787185354691,0.6549958068949394,0.5290887951850891,0.005645882912370724,-0.49241672466493547
05,337,1,0.7711670480549199,0.6549319940937907,0.5271157622337341,0.0060035371531068065,-0.47612901793909496
05,338,1,0.7734553775743707,0.6552069766260364,0.5292345881462097,0.0059718747914239406,-0.4619234055024431
05,339,1,0.7757437070938215,0.6550467484961016,0.5299059152603149,0.006336487334369531,-0.42372676534570664
05,340,1,0.7780320366132724,0.6545484780367302,0.531104564666748,0.006990409984493293,-0.3552652525830005
05,341,1,0.7803203661327232,0.654840786215697,0.5302314162254333,0.006586269590974245,-0.3986414079462773
05,342,1,0.782608695652174,0.6549983324336726,0.5319311618804932,0.006405921403475232,-0.40118165070825357
05,343,1,0.7848970251716247,0.654864324339441,0.5309679508209229,0.006487768449615847,-0.401572670383249
05,344,1,0.7871853546910755,0.6554604184558269,0.5298414826393127,0.005846068294064753,-0.4683539349070046
05,345,1,0.7894736842105263,0.6558934827142384,0.5312250256538391,0.005640989140427431,-0.475663448757481
05,346,1,0.7917620137299771,0.6563320860854457,0.5329113006591797,0.005465559893855524,-0.47786969736333795
05,347,1,0.7940503432494279,0.6563262406802202,0.5361739993095398,0.005804843712024331,-0.4210945159916797
05,348,1,0.7963386727688787,0.6552227247172048,0.5337618589401245,0.007273838760234516,-0.30838629712777726
05,349,1,0.7986270022883295,0.6538888853928642,0.5328032970428467,0.008548254649919592,-0.20147953669729296
05,350,1,0.8009153318077803,0.6535710354804501,0.5256121158599854,0.008364955231990042,-0.27584373043803434
05,351,1,0.8032036613272311,0.6521283015322834,0.5259933471679688,0.009117426528907898,-0.20509767245166483
05,352,1,0.8054919908466819,0.6497912901656386,0.522381067276001,0.010404953108568479,-0.11837014536395585
05,353,1,0.8077803203661327,0.6479675300415685,0.5202146768569946,0.010870854594747095,-0.09390285127228143
05,354,1,0.8100686498855835,0.6447652128536203,0.5233362317085266,0.012592832944871343,0.08609671648344391
05,355,1,0.8123569794050344,0.6422616630492011,0.5243398547172546,0.012894927092583133,0.12134489387896402
05,356,1,0.8146453089244852,0.6411393534911679,0.5219416618347168,0.011550577029845712,-0.01886858792040136
05,357,1,0.816933638443936,0.6395773814791749,0.5290189385414124,0.01094956487322107,-0.015962609224067947
05,358,1,0.8192219679633868,0.6389924120905248,0.5571791529655457,0.009436997121272713,0.07464327465912979
05,359,1,0.8215102974828375,0.640862397601955,0.5596174597740173,0.006123811419068701,-0.20372196413891158
05,360,1,0.8237986270022883,0.6433572333918827,0.545916736125946,0.0032791592673294657,-0.5698418012454773
05,361,1,0.8260869565217391,0.646559534841761,0.5455511212348938,0.001184943241368113,-0.7611395012256099
05,362,1,0.8283752860411899,0.6505922322225326,0.5454555749893188,0.0016558312474952452,-0.7195565526073613
05,363,1,0.8306636155606407,0.6542359751826305,0.6013293862342834,0.002399619174591252,-0.20296013360227586
05,364,1,0.8329519450800915,0.6592438733457242,0.6332984566688538,0.004064122942516015,0.2040490106633907
05,365,1,0.8352402745995423,0.6642976866532209,0.61382657289505,0.005146276261552287,0.1446593155774668
05,366,1,0.8375286041189931,0.6668381529520593,0.6132067441940308,0.003280672756807825,-0.028122873029956363
05,367,1,0.8398169336384439,0.670059850554575,0.6108710765838623,0.002412422027659735,-0.12501245960252833
05,368,1,0.8421052631578947,0.6726164291576253,0.6192747950553894,0.0010334437849001139,-0.18140136985061855
05,369,1,0.8443935926773455,0.6758990253817085,0.6058895587921143,0.0009524890588319423,-0.2964133965435326
05,370,1,0.8466819221967964,0.6804071266752378,0.6036279201507568,0.002560255670239322,-0.17001266824034308
05,371,1,0.8489702517162472,0.6852611574112679,0.6336885690689087,0.004022042975474762,0.20340412790064605
05,372,1,0.851258581235698,0.6897743030655838,0.6390810608863831,0.004734861915617452,0.3109168976979971
05,373,1,0.8535469107551488,0.6947008481993309,0.6502084136009216,0.0053719385723748365,0.4577743183688352
05,374,1,0.8558352402745996,0.6997388332980681,0.6898297667503357,0.0057094679667064625,0.8070238902931873
05,375,1,0.8581235697940504,0.70319278556528,0.7088700532913208,0.004330493578210805,0.8362436142600718
05,376,1,0.8604118993135011,0.7055211183613376,0.7269212007522583,0.0023104542364378883,0.7998444957674181
05,377,1,0.8627002288329519,0.7046942834475312,0.6849395036697388,0.0025876194019794608,0.48688372428624094
05,378,1,0.8649885583524027,0.702408681727605,0.666155993938446,0.007371579933955733,0.7659771736207943
05,379,1,0.8672768878718535,0.6976535136294275,0.64453125,0.012794210139517394,1.079645320123774
05,380,1,0.8695652173913043,0.6915915621136229,0.616676926612854,0.017471343671358858,1.2761243522278178
05,381,1,0.8718535469107551,0.684229831273578,0.6292042136192322,0.021350685449475187,1.7258604082498632
05,382,1,0.8741418764302059,0.6835170595641693,0.633415937423706,0.016947344115395526,1.3637192390516844
05,383,1,0.8764302059496567,0.6832526830504593,0.6177140474319458,0.012488815088246643,0.8363399792076325
05,384,1,0.8787185354691075,0.6835198773309213,0.6067726016044617,0.008621413163042515,0.40044142402563276
05,385,1,0.8810068649885584,0.6832958177305213,0.6227289438247681,0.006827551567767179,0.3675248542589208
05,386,1,0.8832951945080092,0.6827936055168569,0.6284382343292236,0.007096260395667434,0.4376438429308285
05,387,1,0.88558352402746,0.6834247493778971,0.5869859457015991,0.006284253022799083,0.030983173594132968
05,388,1,0.8878718535469108,0.6834943097598487,0.6068202257156372,0.006257709222706935,0.18823176745629538
05,389,1,0.8901601830663616,0.6843419406067772,0.6020112037658691,0.00540368648301026,0.07271509279430433
05,390,1,0.8924485125858124,0.6836037998753577,0.6005617380142212,0.006403357933493778,0.1509601389364284
05,391,1,0.8947368421052632,0.6827302841544778,0.5835118889808655,0.007479422243998887,0.11051651163101507
05,392,1,0.897025171624714,0.682472156589812,0.5768636465072632,0.007563933502809869,0.06460920729001243
05,393,1,0.8993135011441648,0.6837017660885265,0.5732405185699463,0.006078785711586153,-0.09812658192048455
05,394,1,0.9016018306636155,0.6853410690991419,0.5671185851097107,0.00427943907140804,-0.30923321077467797
05,395,1,0.9038901601830663,0.6881249171114463,0.5553253889083862,0.0020231310725006262,-0.6070843085276678
05,396,1,0.9061784897025171,0.6914771280903902,0.558582067489624,0.0007743867143401575,-0.6931857919975859
05,397,1,0.9084668192219679,0.6945311943547711,0.5614992380142212,0.0008764677638883355,-0.6605257496422999
05,398,1,0.9107551487414187,0.6949351476802359,0.5611591339111328,0.0014269359772079693,-0.6137536300854072
05,399,1,0.9130434782608695,0.6942677022995201,0.5564651489257812,0.0044929010031972945,-0.37577836619988825
05,400,1,0.9153318077803204,0.6931926158066326,0.553695023059845,0.007103683793103191,-0.16325831077260264
05,401,1,0.9176201372997712,0.6929002315050443,0.5493283867835999,0.007824940023752083,-0.13353290866068612
05,402,1,0.919908466819222,0.692246317127001,0.552156388759613,0.008071113689363692,-0.08863076144060286
05,403,1,0.9221967963386728,0.6896735975162699,0.5578936338424683,0.009971625661786106,0.12847857875450389
05,404,1,0.9244851258581236,0.6867962183056892,0.5788830518722534,0.011700478676554295,0.45290573548713936
05,405,1,0.9267734553775744,0.6838716517362211,0.6100317239761353,0.013025945870786478,0.8228187598460672
05,406,1,0.9290617848970252,0.6818339311666044,0.6039211750030518,0.012806521498197384,0.7539029209629505
05,407,1,0.931350114416476,0.6800206102007984,0.6155238747596741,0.012016745973904227,0.776254220347085
05,408,1,0.9336384439359268,0.6790265047072477,0.626446008682251,0.010597604638587079,0.7365224531683627
05,409,1,0.9359267734553776,0.6795593014223626,0.6339220404624939,0.008122379523861741,0.5740699628356131
05,410,1,0.9382151029748284,0.6891729522497214,0.6359915733337402,0.004094653535208327,0.2284704670158122
05,411,1,0.9405034324942791,0.7627455993773694,0.6244093775749207,0.07430725073883038,6.450214665108046
05,412,1,0.9427917620137299,0.08792777924418688,0.797013521194458,0.37880818331150506,35.226414606864445
05,413,1,0.9450800915331807,0.12159065942365238,0.8029271960258484,0.31024574485673584,29.107463661231083
05,414,1,0.9473684210526315,0.1296277486905124,0.7852987051010132,0.2077749946232734,19.749299861931007
05,415,1,0.9496567505720824,0.13130742958439806,0.7822412252426147,0.09979983725871974,10.013340967654875
05,416,1,0.9519450800915332,0.13089547216929942,0.7745085954666138,0.010256782304365206,1.8975485992797356
05,417,1,0.954233409610984,0.1291988275727871,0.772466242313385,0.005650006387684964,1.4667745393355545
05,418,1,0.9565217391304348,0.12829927853941708,0.7710927724838257,0.00845159745833866,1.7076969756333356
05,419,1,0.9588100686498856,0.12766791715681466,0.7672106027603149,0.008750841303167247,1.7033655522275573
05,420,1,0.9610983981693364,0.12696881546669186,0.7593072652816772,0.00854006488639419,1.6207982794253408
05,421,1,0.9633867276887872,0.12719622203067601,0.7593196034431458,0.007330994146758166,1.5121530310950035
05,422,1,0.965675057208238,0.12744427233484948,0.7693602442741394,0.006582292457056893,1.5256263238549816
05,423,1,0.9679633867276888,0.1277736267089326,0.7748786807060242,0.006039186531831884,1.5211941171242547
05,424,1,0.9702517162471396,0.12839104122852119,0.7819092273712158,0.005448199400272828,1.5246256464585408
05,425,1,0.9725400457665904,0.12845176219554058,0.777453601360321,0.005743034873710721,1.5152822755791389
05,426,1,0.9748283752860412,0.12893832077262798,0.7749329209327698,0.005570361337839445,1.4794642480885105
05,427,1,0.977116704805492,0.12959194937834584,0.7769393920898438,0.005290244841566231,1.4704194598739653
05,428,1,0.9794050343249427,0.12993773006182882,0.7725943326950073,0.00539904482543657,1.4452338388620776
05,429,1,0.9816933638443935,0.13000174543736578,0.7698894143104553,0.005721701658226523,1.4524832866735806
15,8,0,0.023529411764705882,0.0779288374187005,0.5048486590385437,nan,nan
15,9,0,0.026470588235294117,0.07776587641620092,0.5037016272544861,nan,nan
15,10,0,0.029411764705882353,0.07700010376982933,0.5079265832901001,nan,nan
15,11,0,0.03235294117647059,0.07656976769924358,0.5120489597320557,nan,nan
15,12,0,0.03529411764705882,0.07655103591811371,0.5108118653297424,0.007258616901386361,-0.49446810219603465
15,13,0,0.03823529411764706,0.07690912546789945,0.5083910226821899,0.006556076976453909,-0.5771390892911898
15,14,0,0.041176470588235294,0.07769583980773316,0.508639931678772,0.00555517489954485,-0.6651574850248136
15,15,0,0.04411764705882353,0.07890425470764506,0.4925062954425812,0.004520694009108926,-0.8880506937447652
15,16,0,0.047058823529411764,0.08027628320914373,0.4878152012825012,0.003732287259710585,-0.9967166862789592
15,17,0,0.05,0.08177422461878926,0.5088130235671997,0.0031656576728225617,-0.8786789782821114
15,18,0,0.052941176470588235,0.08352159931395398,0.5399967432022095,0.002634557765380322,-0.6754646396690794
15,19,1,0.05588235294117647,0.08569301193319628,0.5667439103126526,0.0019195850226932632,-0.5244954733485045
15,20,1,0.058823529411764705,0.08811676522189729,0.6373096108436584,0.001193021040380019,-0.021895901681131313
15,21,1,0.061764705882352944,0.09082087861556006,0.5952885746955872,0.0005023835480356936,-0.4222180481672265
15,22,1,0.06470588235294118,0.09407826612525758,0.5302826762199402,0.0005466958605991634,-0.941431748075055
15,23,1,0.06764705882352941,0.09834410476475132,0.5247325301170349,0.0021733677972670417,-0.839798175353627
15,24,1,0.07058823529411765,0.10362316671421697,0.5212019085884094,0.004289656538843891,-0.6778740530161422
15,25,1,0.07352941176470588,0.109288854808341,0.5168395042419434,0.006078744259888027,-0.5520731816977877
15,26,1,0.07647058823529412,0.11583891584195767,0.5201258063316345,0.008011811245309478,-0.3517622085890486
15,27,1,0.07941176470588235,0.1202918694929384,0.5159258842468262,0.007024602467115173,-0.4743553831300582
15,28,1,0.08235294117647059,0.124885721734202,0.523902416229248,0.006131513526332013,-0.4904813215891861
15,29,1,0.08529411764705883,0.1282050071355773,0.5001853704452515,0.0041351601727110405,-0.8609208987094101
15,30,1,0.08823529411764706,0.13252064658996374,0.5098469853401184,0.00372176154528839,-0.820340831802496
15,31,1,0.09117647058823529,0.13686450001542574,0.5137200951576233,0.0038951822837489125,-0.7735705891140008
15,32,1,0.09411764705882353,0.14111637872252572,0.5129024386405945,0.0040039033602270475,-0.7703730483355575
15,33,1,0.09705882352941177,0.1464442788516453,0.5086343884468079,0.005274139242265665,-0.6904786162507641
15,34,1,0.1,0.1530434890216582,0.5108458995819092,0.007313531483261612,-0.4892551273060796
15,35,1,0.10294117647058823,0.1603512117334124,0.5125390887260437,0.009490543587092174,-0.27982573304147706
15,36,1,0.10588235294117647,0.16784866074871943,0.508241593837738,0.011116314672902531,-0.16819123546333253
15,37,1,0.10882352941176471,0.17655863392705096,0.5145890116691589,0.013143217344685657,0.06519672837387219
15,38,1,0.11176470588235295,0.18390304375335437,0.5178639888763428,0.012959038402137583,0.07499017700513927
15,39,1,0.11470588235294117,0.19034818405740742,0.5246983766555786,0.011689290023266633,0.015794727808196407
15,40,1,0.11764705882352941,0.1963393812032073,0.5224342942237854,0.010181244088067757,-0.13806227321698383
15,41,1,0.12058823529411765,0.2018413361248671,0.5213278532028198,0.008560518896105627,-0.2927364518988332
15,42,1,0.12352941176470589,0.20582492024384288,0.516390860080719,0.006223427465627348,-0.5426711938975287
15,43,1,0.1264705882352941,0.21057884630101278,0.5080528259277344,0.005496884400175097,-0.6751254811418326
15,44,1,0.12941176470588237,0.21454307318000063,0.5038135051727295,0.004403445718261652,-0.8075901370355768
15,45,1,0.1323529411764706,0.2192170336503895,0.5089576840400696,0.004526483194452176,-0.7551212117094552
15,46,1,0.13529411764705881,0.2223867740341923,0.5102034211158752,0.0033522991968743276,-0.8507017293845138
15,47,1,0.13823529411764707,0.2248386532005774,0.5122867822647095,0.0017364766311808461,-0.9792618792876284
15,48,1,0.1411764705882353,0.22734888485060956,0.51577228307724,0.0007689275036922858,-1.0382308211186655
15,49,1,0.14411764705882352,0.22819481173331047,0.5194141864776611,0.001746531194138199,-0.9209927404979215
15,50,1,0.14705882352941177,0.22782802594941629,0.5241796374320984,0.004357761498762601,-0.6477824377752184
15,51,1,0.15,0.22782094890865617,0.5275612473487854,0.005725151518328736,-0.49758170842698113
15,52,1,0.15294117647058825,0.2274911454380278,0.5309244394302368,0.006800528915976834,-0.3737930062141863
15,53,1,0.15588235294117647,0.2269799774755053,0.5210983753204346,0.0073472620253538625,-0.4037044568486669
15,54,1,0.1588235294117647,0.22705536412017197,0.5168449282646179,0.0069681668162359075,-0.472034325125794
15,55,1,0.16176470588235295,0.2258840136883873,0.5238784551620483,0.007946351790709513,-0.3274465233799372
15,56,1,0.16470588235294117,0.22412156259412536,0.5256263613700867,0.00922456907990422,-0.1984148874557429
15,57,1,0.1676470588235294,0.22268484450655976,0.5189152956008911,0.009818891456494224,-0.19897510476916475
15,58,1,0.17058823529411765,0.22251750226396563,0.5169450044631958,0.008912450456851944,-0.29635881925955876
15,59,1,0.17352941176470588,0.22183939209020373,0.5206192135810852,0.008456095166562271,-0.30783186244094984
15,60,1,0.17647058823529413,0.221269273545395,0.5276551246643066,0.00801505831182511,-0.2908705392772108
15,61,1,0.17941176470588235,0.2203606452602983,0.5241261124610901,0.008210614334739224,-0.3016853239831653
15,62,1,0.18235294117647058,0.21981762533433694,0.525626003742218,0.008172584449135222,-0.29303389827408727
15,63,1,0.18529411764705883,0.21993002106870263,0.5299059152603149,0.007385219482362354,-0.3294031631542986
15,64,1,0.18823529411764706,0.2198976608837949,0.5302872657775879,0.006940236911894823,-0.36635586908511236
15,65,1,0.19117647058823528,0.22072054398703872,0.531008780002594,0.005774450643250993,-0.46540029113335013
15,66,1,0.19411764705882353,0.22129867882813006,0.5293028354644775,0.005286290483844739,-0.5230359841015919
15,67,1,0.19705882352941176,0.22124206577989985,0.5242941975593567,0.00571316690552323,-0.5249544218665764
15,68,1,0.2,0.22119055195128287,0.5242219567298889,0.006092691911939519,-0.4914011432149007
15,69,1,0.20294117647058824,0.22112878023805776,0.5232109427452087,0.006477686392036605,-0.46491164101790067
15,70,1,0.20588235294117646,0.2209565634296254,0.5225712656974792,0.006751962263223732,-0.4453915365339643
15,71,1,0.2088235294117647,0.22210464518696355,0.5201957821846008,0.005518351656259411,-0.5754622687783539
15,72,1,0.21176470588235294,0.22402736690779768,0.5196670889854431,0.0038112747871912023,-0.7332529731505042
15,73,1,0.21470588235294116,0.22539380447831342,0.5226621031761169,0.0031540409558041527,-0.7682596455631919
15,74,1,0.21764705882352942,0.22672123640570005,0.5241718292236328,0.0028928650884814644,-0.7795989490987502
15,75,1,0.22058823529411764,0.22848592608544963,0.5234833359718323,0.00256934365275052,-0.8142379917269396
15,76,1,0.2235294117647059,0.23034442139622807,0.5191019773483276,0.0023061685665936283,-0.87317142888182
15,77,1,0.22647058823529412,0.2324937162476807,0.5203518271446228,0.001736137337248559,-0.9143809808581893
15,78,1,0.22941176470588234,0.23379031994169844,0.5257682800292969,0.002214511585572674,-0.8277614577507509
15,79,1,0.2323529411764706,0.23492884557901866,0.5311862230300903,0.002843256832252059,-0.727605483136661
15,80,1,0.23529411764705882,0.23616552124333334,0.5363075733184814,0.003217311041329577,-0.652743696929641
15,81,1,0.23823529411764705,0.23707517241836681,0.531220555305481,0.003762934828072465,-0.6446127663653101
15,82,1,0.2411764705882353,0.23791236675379088,0.5353289246559143,0.004071104535319945,-0.5838296366537681
15,83,1,0.24411764705882352,0.23847917426832022,0.5307902097702026,0.004534808723813731,-0.5786535931954921
15,84,1,0.24705882352941178,0.23888991844501725,0.528937578201294,0.0050116467194420405,-0.5506773785907425
15,85,1,0.25,0.23833169226270792,0.5233796238899231,0.006250972202172367,-0.48394482392981625
15,86,1,0.2529411764705882,0.23849085362750858,0.5184689164161682,0.006405940798456977,-0.5095306237039502
15,87,1,0.25588235294117645,0.23541392156177815,0.5241913199424744,0.00962749458261684,-0.17372543793537154
15,88,1,0.25882352941176473,0.23340795274286677,0.5229488015174866,0.01086715022489269,-0.07223045575923304
15,89,1,0.26176470588235295,0.23437343002422717,0.5344002842903137,0.008531181517994656,-0.19016177222371294
15,90,1,0.2647058823529412,0.23594375573735943,0.544148862361908,0.005971290245242232,-0.34193862696258714
15,91,1,0.2676470588235294,0.23923913956258233,0.538346529006958,0.0023881225613921735,-0.710910899310563
15,92,1,0.27058823529411763,0.2443052504783661,0.5223012566566467,0.002070674468100694,-0.8686025499495429
15,93,1,0.2735294117647059,0.25137439250780463,0.5533437132835388,0.006415492063664377,-0.22798220259339874
15,94,1,0.27647058823529413,0.2581224862660705,0.5520754456520081,0.008913345201035875,-0.013531420689672086
15,95,1,0.27941176470588236,0.2670640187063003,0.5295665860176086,0.012310195009087924,0.11082102018544127
15,96,1,0.2823529411764706,0.2762915007921439,0.5405213832855225,0.014581457309001986,0.4032692732687888
15,97,1,0.2852941176470588,0.2894002369425528,0.5513807535171509,0.019693630880966484,0.9504627570249295
15,98,1,0.28823529411764703,0.3021974276983295,0.5536262392997742,0.022984360528056136,1.2645057318594426
15,99,1,0.2911764705882353,0.3226413869419217,0.5614248514175415,0.03240958441358352,2.174983089181861
15,100,1,0.29411764705882354,0.334416901632262,0.575169026851654,0.030290757045018574,2.0950343044545203
15,101,1,0.29705882352941176,0.3499447476974719,0.5766540169715881,0.03128725290019893,2.196611667705605
15,102,1,0.3,0.35857416779213164,0.5712657570838928,0.02478054530612886,1.5680271169988427
15,103,1,0.3029411764705882,0.3774391377226563,0.5996441841125488,0.029551330213202998,2.2255178118545755
15,104,1,0.3058823529411765,0.3931893212519239,0.6278226375579834,0.03160207604728696,2.636757066294284
15,105,1,0.3088235294117647,0.40303482555411835,0.6124300360679626,0.02675447544456591,2.0768737788892113
15,106,1,0.31176470588235294,0.41936514658806456,0.5790363550186157,0.02981227701435052,2.083125665069745
15,107,1,0.31470588235294117,0.42780426757527534,0.5991262197494507,0.02305365330257808,1.6369440000205713
15,108,1,0.3176470588235294,0.43088396526367545,0.6000622510910034,0.013542068527823418,0.7889999628897637
15,109,1,0.3205882352941177,0.4249749756904987,0.5850180983543396,0.007565851921676192,0.1304127566487381
15,110,1,0.3235294117647059,0.4202399818718695,0.5985834002494812,0.012010613401015502,0.6393574518630829
15,111,1,0.3264705882352941,0.4025991000137432,0.5716019868850708,0.029870204080093027,2.0285002396377525
15,112,1,0.32941176470588235,0.3911422254490736,0.5638458728790283,0.03502578675437959,2.4297714678380675
15,113,1,0.3323529411764706,0.3753501069233528,0.5762060880661011,0.040882470326449954,3.056006162441611
15,114,1,0.3352941176470588,0.3636496992700643,0.5703088641166687,0.040176660787951984,2.945061492088349
15,115,1,0.3382352941176471,0.34869310588365093,0.5801122188568115,0.040985683523914046,3.096727665427493
15,116,1,0.3411764705882353,0.3480961780934698,0.5885529518127441,0.028106112781572087,2.006266436977251
15,117,1,0.34411764705882353,0.34262597249615595,0.5910621881484985,0.022814806539985008,1.5505587187065801
15,118,1,0.34705882352941175,0.3464519722462461,0.6045966148376465,0.011422071759439432,0.6348209453062177
15,119,1,0.35,0.3394628633706041,0.5845800042152405,0.013497450302783084,0.660378298847446
15,120,1,0.35294117647058826,0.3323878169587718,0.5770382285118103,0.018264936086353697,1.0284689577185162
15,121,1,0.3558823529411765,0.3298001428935399,0.5767465233802795,0.016925519867911045,0.9056532696622925
15,122,1,0.3588235294117647,0.3237645093636114,0.5794268250465393,0.019754695997185573,1.1816834529076787
15,123,1,0.36176470588235293,0.32160635916992397,0.5798884034156799,0.016240980470214324,0.8693727660883775
15,124,1,0.36470588235294116,0.3180835379572222,0.5666720867156982,0.015299675632746045,0.6783398782761482
15,125,1,0.36764705882352944,0.3262763353999969,0.557845950126648,0.00632850586227003,-0.1995695960599474
15,126,1,0.37058823529411766,0.3373938120517914,0.5528804659843445,0.00846762008559629,-0.0471410102566531
15,127,1,0.3735294117647059,0.3706861250070498,0.555482804775238,0.03835260736880966,2.661677670300584
15,128,1,0.3764705882352941,0.3983297824416445,0.5309075117111206,0.053726323344122945,3.8466050169571124
15,129,1,0.37941176470588234,0.4209629789056798,0.5301205515861511,0.056297958687052646,4.0715656125079205
15,130,1,0.38235294117647056,0.44069595851880533,0.5353199243545532,0.052359277423757455,3.759165331014554
15,131,1,0.38529411764705884,0.4520887480708326,0.5314915776252747,0.037926530359031235,2.4302629496854036
15,132,1,0.38823529411764707,0.46719874540824896,0.5308824181556702,0.0326858719305019,1.9540121559157384
15,133,1,0.3911764705882353,0.48143633469128705,0.5330111980438232,0.029706220471888867,1.7031539646203098
15,134,1,0.3941176470588235,0.4892587668501802,0.5438956618309021,0.022410313684380234,1.1345591790306608
15,135,1,0.39705882352941174,0.497764844522762,0.5359532833099365,0.018775689274118296,0.7437347304073699
15,136,1,0.4,0.505634242543558,0.5585825443267822,0.015226063181931985,0.6066105474014847
15,137,1,0.40294117647058825,0.5160261561108763,0.5544770359992981,0.01600910246542298,0.6439944396563501
15,138,1,0.40588235294117647,0.52607880527097,0.5548886060714722,0.017414296270619304,0.773690935058758
15,139,1,0.4088235294117647,0.5348346232388437,0.5533238649368286,0.016965104633295595,0.7206965683398816
15,140,1,0.4117647058823529,0.5428769905024411,0.5480119585990906,0.015740027217872602,0.5677595534256316
15,141,1,0.4147058823529412,0.5482854344097532,0.5481083989143372,0.01183778413546394,0.21756565468898115
15,142,1,0.4176470588235294,0.5521538574555496,0.5508403778076172,0.007641387606541097,-0.13787248261993423
15,143,1,0.42058823529411765,0.5543849201196474,0.5469692349433899,0.0035368571911463826,-0.5381932706689956
15,144,1,0.4235294117647059,0.5582350057695176,0.545566976070404,0.002316198654163273,-0.6592660993546485
15,145,1,0.4264705882352941,0.5598186986396312,0.5472158789634705,0.0006309258752153495,-0.7975693752831247
15,146,1,0.4294117647058823,0.5613300014510458,0.5471470952033997,0.0013116255385470766,-0.7369004420802365
15,147,1,0.4323529411764706,0.5639783088670258,0.5590412616729736,0.00098280653072985,-0.6707445692029695
15,148,1,0.43529411764705883,0.5660962225423027,0.5552563667297363,0.0012377876330088556,-0.678274095506487
15,149,1,0.43823529411764706,0.5657326819502089,0.5561721324920654,0.0035666324182990184,-0.4614458608029841
15,150,1,0.4411764705882353,0.566977280651242,0.5533525943756104,0.003800529544910334,-0.46310203002789985
15,151,1,0.4441176470588235,0.5703346002507401,0.5524186491966248,0.0022349882465089992,-0.6114246053580779
15,152,1,0.4470588235294118,0.5713991149010382,0.5599547624588013,0.002379587941091691,-0.5377649064795388
15,153,1,0.45,0.5717240365794856,0.558215856552124,0.0033803893523282314,-0.4617477865208115
15,154,1,0.45294117647058824,0.5710914013869114,0.5604292750358582,0.005510863202221575,-0.2523170114415421
15,155,1,0.45588235294117646,0.5690410654771076,0.5612057447433472,0.008589729295942674,0.030847469714460354
15,156,1,0.4588235294117647,0.5689714403865023,0.5557177066802979,0.008335970693139929,-0.0361461391321313
15,157,1,0.46176470588235297,0.5684997057989802,0.5532571077346802,0.008200786652027971,-0.06810877377315157
15,158,1,0.4647058823529412,0.569649391490642,0.5528956651687622,0.006245018265239903,-0.24692082863963302
15,159,1,0.4676470588235294,0.5700093337818485,0.553663432598114,0.005524573499966044,-0.30553869880993767
15,160,1,0.47058823529411764,0.5720476446381118,0.556498646736145,0.003728329719887983,-0.4442747620445107
15,161,1,0.47352941176470587,0.5714535794702722,0.5552400350570679,0.005091445950629906,-0.3318051864041097
15,162,1,0.4764705882352941,0.5713064395737262,0.5549702644348145,0.0059770542649989185,-0.2543242857793225
15,163,1,0.47941176470588237,0.5713330617024945,0.5547694563865662,0.006364694157001608,-0.22107592110391305
15,164,1,0.4823529411764706,0.5682019169287493,0.5546169877052307,0.00982677091090833,0.08907820883580023
15,165,1,0.4852941176470588,0.5645370655430071,0.5559666752815247,0.012530190369309965,0.34308833004986095
15,166,1,0.48823529411764705,0.5556243644519131,0.5509881377220154,0.01971376297858768,0.9491134866241935
15,167,1,0.49117647058823527,0.5473888690466922,0.5576401352882385,0.02402873960335536,1.3907436086651541
15,168,1,0.49411764705882355,0.5419958628201131,0.5514379143714905,0.023435697665983773,1.287486560052645
15,169,1,0.4970588235294118,0.5357373600406279,0.5540613532066345,0.02314268691830998,1.282247711871444
15,170,1,0.5,0.5275734763745157,0.5605493187904358,0.024106644208827382,1.4211649236005
15,171,1,0.5029411764705882,0.5250521844221442,0.5575554966926575,0.019615214141849524,0.9931072528553465
15,172,1,0.5058823529411764,0.522007572252536,0.5697274804115295,0.017075655155320692,0.8626638468165272
15,173,1,0.5088235294117647,0.5227413438903149,0.563759446144104,0.011344810875647534,0.29919460378010077
15,174,1,0.5117647058823529,0.528157625384511,0.5465971827507019,0.004566588760854833,-0.4485730494598624
15,175,1,0.5147058823529411,0.5340109972753104,0.5417237281799316,0.0037432080626494677,-0.5618523455801641
15,176,1,0.5176470588235295,0.5393848470038665,0.5468147993087769,0.0061619558096918685,-0.30333329025236433
15,177,1,0.5205882352941177,0.5503834776304065,0.5548160076141357,0.012816267748399307,0.3595571675447718
15,178,1,0.5235294117647059,0.5609650287241326,0.5685939788818359,0.016487285407102453,0.8006225434919237
15,179,1,0.5264705882352941,0.5684774260875809,0.588253915309906,0.01579783193564541,0.8968454393025138
15,180,1,0.5294117647058824,0.577267441923611,0.5896899104118347,0.015971240568607912,0.9239995053385885
15,181,1,0.5323529411764706,0.5877046675024058,0.5964685082435608,0.016937817417466555,1.0654914718058632
15,182,1,0.5352941176470588,0.6014003750748056,0.5979658961296082,0.02130322752186653,1.4701707986900259
15,183,1,0.538235294117647,0.6118974277547716,0.5753580927848816,0.021691443614164307,1.3231285605340268
15,184,1,0.5411764705882353,0.622117835517334,0.6097890734672546,0.021056850959929013,1.5431702397381275
15,185,1,0.5441176470588235,0.6315730920430821,0.5948315262794495,0.01929950908724634,1.2647282163746918
15,186,1,0.5470588235294118,0.6438234127544465,0.5920296907424927,0.020582723663441715,1.3575907707132897
15,187,1,0.55,0.6541093458712325,0.5894451141357422,0.020262897360317417,1.308023466930451
15,188,1,0.5529411764705883,0.6600315535675725,0.6030080318450928,0.015632125527542205,1.000690030821339
15,189,1,0.5558823529411765,0.6620088031065174,0.608803391456604,0.008441022083156365,0.40056172865365625
15,190,1,0.5588235294117647,0.6613049495753984,0.6003289222717285,0.003727798958721051,-0.09155506432260843
15,191,1,0.5617647058823529,0.6588020109740431,0.5943820476531982,0.007055158549643584,0.159846317622056
15,192,1,0.5647058823529412,0.6544372577527788,0.6015610098838806,0.012593078046610525,0.7157099281418813
15,193,1,0.5676470588235294,0.6407548590786953,0.5746328830718994,0.024876902766995612,1.603793837359296
15,194,1,0.5705882352941176,0.6271032000929297,0.6008906960487366,0.03321507574580568,2.565069831766249
15,195,1,0.5735294117647058,0.6168350228018891,0.6099466681480408,0.03493281566622919,2.7924512769804393
15,196,1,0.5764705882352941,0.6143553679239524,0.5829214453697205,0.02692072350112734,1.8543266993458012
15,197,1,0.5794117647058824,0.6150325918029069,0.6051748991012573,0.01622302716496621,1.0712760851554286
15,198,1,0.5823529411764706,0.6150006603115552,0.5965561866760254,0.009824391837370824,0.4264113617060702
15,199,1,0.5852941176470589,0.6146205402807202,0.5847669243812561,0.007178876922862174,0.09358642111658023
15,200,1,0.5882352941176471,0.6142858352886563,0.5836451649665833,0.006959961284633856,0.06486854964028428
15,201,1,0.5911764705882353,0.6138950816283979,0.5646370649337769,0.007333331786068262,-0.05453674199035796
15,202,1,0.5941176470588235,0.6101112225815286,0.5747311115264893,0.010832813289310291,0.3414505460980187
15,203,1,0.5970588235294118,0.6046859543932598,0.566510021686554,0.015035722045072475,0.6532953549342321
15,204,1,0.6,0.6046741532988633,0.560151219367981,0.012563876667603831,0.379797347765842
15,205,1,0.6029411764705882,0.6059956228908394,0.5655189156532288,0.00883948657817948,0.08802529351231751
15,206,1,0.6058823529411764,0.6063871245241383,0.5509469509124756,0.0064731202604909315,-0.24208940032525902
15,207,1,0.6088235294117647,0.6084355690239378,0.5495969653129578,0.003493651246343902,-0.5209299837865575
15,208,1,0.611764705882353,0.6092008398340849,0.5495554208755493,0.0036657840938663067,-0.5057826215106863
15,209,1,0.6147058823529412,0.6201180503144614,0.5525073409080505,0.006119754752704822,-0.2613125275868363
15,210,1,0.6176470588235294,0.6265899354415614,0.5434440970420837,0.009061033023899271,-0.06971759213803283
15,211,1,0.6205882352941177,0.6314556500497291,0.540614664554596,0.00887604490271127,-0.10912818802758129
15,212,1,0.6235294117647059,0.6332721762695424,0.5388742685317993,0.005327989054871337,-0.44225002789441725
15,213,1,0.6264705882352941,0.632497561822126,0.5369877815246582,0.0028498482492311512,-0.6803188747776607
15,214,1,0.6294117647058823,0.6320699125388514,0.534693717956543,0.005377424850394855,-0.47145085261103303
15,215,1,0.6323529411764706,0.6328408368099057,0.5366823673248291,0.005976494853663053,-0.4015645150074056
15,216,1,0.6352941176470588,0.6306085094896077,0.5359259247779846,0.00855511886400517,-0.17572973413960616
15,217,1,0.638235294117647,0.6310327856045952,0.5381116271018982,0.00746492605403398,-0.25619073495853883
15,218,1,0.6411764705882353,0.6325340773113279,0.5335615873336792,0.005597440292918529,-0.46077447037700814
15,219,1,0.6441176470588236,0.6326366032776765,0.5327808260917664,0.005610955519689152,-0.46584284999916087
15,220,1,0.6470588235294118,0.6330939666676088,0.5422709584236145,0.005102533746699554,-0.4351893974449197
15,221,1,0.65,0.6333047539281904,0.5374594330787659,0.005513110780618167,-0.4369873539579062
15,222,1,0.6529411764705882,0.6341779375187369,0.5372916460037231,0.005207919270970527,-0.4657868947011578
15,223,1,0.6558823529411765,0.6347622367239445,0.5363985896110535,0.0050345851176151184,-0.488564426458664
15,224,1,0.6588235294117647,0.636596317333315,0.540594756603241,0.0037319128698116134,-0.5719547559181484
15,225,1,0.6617647058823529,0.6380644103309943,0.5361147522926331,0.0031394075385589282,-0.661302302635477
15,226,1,0.6647058823529411,0.6394857901019249,0.5340933203697205,0.0029079418683292924,-0.6983899347031368
15,227,1,0.6676470588235294,0.6402928947285768,0.5296338200569153,0.0034278003874743924,-0.6875257793449696
15,228,1,0.6705882352941176,0.6399312878719995,0.5260762572288513,0.005172071745209726,-0.5592779617019146
15,229,1,0.6735294117647059,0.6402580298574954,0.5328647494316101,0.005679072394384975,-0.45904092121685164
15,230,1,0.6764705882352942,0.6414085868853191,0.5375409722328186,0.00507692024818651,-0.47556232675986393
15,231,1,0.6794117647058824,0.6427147390126118,0.5353644490242004,0.004251467316742389,-0.5673217818202807
15,232,1,0.6823529411764706,0.6445074330287734,0.5399296283721924,0.0030642343715894783,-0.637359439327086
15,233,1,0.6852941176470588,0.6455917354105727,0.5425337553024292,0.0031239682789837276,-0.6110276520163257
15,234,1,0.6882352941176471,0.6460868378940008,0.5404266715049744,0.00396229218382496,-0.5525871322562211
15,235,1,0.6911764705882353,0.6469657788378689,0.5411165356636047,0.004252913992127292,-0.5208960682436752
15,236,1,0.6941176470588235,0.6478572454105834,0.5407447218894958,0.004424207375727017,-0.508482376562444
15,237,1,0.6970588235294117,0.6487651723716221,0.5312844514846802,0.004353733510140815,-0.590961708800375
15,238,1,0.7,0.6497266350163442,0.5289596915245056,0.004185630105681097,-0.6247918324371775
15,239,1,0.7029411764705882,0.6507269705886292,0.5310034155845642,0.00409524381398199,-0.6164723420374021
15,240,1,0.7058823529411765,0.6510541373215064,0.5354760885238647,0.004708375018794812,-0.5253286982584888
15,241,1,0.7088235294117647,0.6508278988405408,0.5320909023284912,0.005733836477491147,-0.46034370544956105
15,242,1,0.711764705882353,0.65105332200433,0.5349848866462708,0.006024094930931671,-0.4109454877436757
15,243,1,0.7147058823529412,0.6510396343806375,0.5361778140068054,0.0063694543016205845,-0.37028239633541726
15,244,1,0.7176470588235294,0.650898787365827,0.5357288718223572,0.0065884672644332095,-0.35419754396995606
15,245,1,0.7205882352941176,0.6507146214633691,0.5336037874221802,0.006733795677971191,-0.3582303344785534
15,246,1,0.7235294117647059,0.651093108976518,0.5328472256660461,0.006326988820529426,-0.4009079667112122
15,247,1,0.7264705882352941,0.6506665242878193,0.535244882106781,0.006763520252275027,-0.34234855790277935
15,248,1,0.7294117647058823,0.6508607344299935,0.5377623438835144,0.006476032586896355,-0.3479436117836694
15,249,1,0.7323529411764705,0.6495291034132069,0.542106032371521,0.007798150369724558,-0.19407141715144716
15,250,1,0.7352941176470589,0.6493828474308763,0.538180947303772,0.007648026839514652,-0.23916461703611303
15,251,1,0.7382352941176471,0.6505474848863537,0.5369834303855896,0.006055823997626772,-0.39200650158294653
15,252,1,0.7411764705882353,0.649277348946657,0.5346129536628723,0.0072962000869570805,-0.29952508047940424
15,253,1,0.7441176470588236,0.646007655405643,0.5367982983589172,0.01017004725713699,-0.023460811960622163
15,254,1,0.7470588235294118,0.6423476070481196,0.5317189693450928,0.012949733612769434,0.18566493888987162
15,255,1,0.75,0.6377577324286806,0.531933605670929,0.015780798136519194,0.4420200882435149
15,256,1,0.7529411764705882,0.6357476205220414,0.5417214035987854,0.014593471928740161,0.41400822418057964
15,257,1,0.7558823529411764,0.6351015636185837,0.5397786498069763,0.0118570967260439,0.1522607572826581
15,258,1,0.7588235294117647,0.6346201368006072,0.5445554256439209,0.009612000597255557,-0.01121872152655684
15,259,1,0.7617647058823529,0.636105511511255,0.5464608669281006,0.0061947583247296805,-0.3032316326788707
15,260,1,0.7647058823529411,0.6395720787239378,0.5552782416343689,0.002749718190330595,-0.5421140889864466
15,261,1,0.7676470588235295,0.643040344814873,0.5485388040542603,0.0014224302544311178,-0.7157334474693393
15,262,1,0.7705882352941177,0.6443564944076934,0.5595186948776245,0.000700917600596678,-0.6922552143819378
15,263,1,0.7735294117647059,0.6471998367963767,0.6071445345878601,0.0005376044049656137,-0.32362771536283336
15,264,1,0.7764705882352941,0.6495541535184783,0.6091340780258179,0.0004829686187382818,-0.3125288750012073
15,265,1,0.7794117647058824,0.6549975884788632,0.6019511222839355,0.002466374601001383,-0.1919520753061739
15,266,1,0.7823529411764706,0.6582066038698595,0.6044110655784607,0.002686079076000105,-0.15239289884184534
15,267,1,0.7852941176470588,0.65949041460415,0.6124919056892395,0.0015151479110643304,-0.19266861189932077
15,268,1,0.788235294117647,0.6608962507293945,0.5941072702407837,0.0016356892926026596,-0.32979556007441835
15,269,1,0.7911764705882353,0.6642873710372327,0.6024649739265442,0.001000708732058429,-0.3196392192972086
15,270,1,0.7941176470588235,0.6679517152366181,0.5862772464752197,0.0010602981943783345,-0.4445664328135894
15,271,1,0.7970588235294118,0.6757702647144215,0.6074618697166443,0.00612032031906615,0.18103919042985878
15,272,1,0.8,0.6812146170894344,0.6143084764480591,0.00749471016651124,0.3597574728572331
15,273,1,0.8029411764705883,0.6865590387757204,0.5815601944923401,0.007759540262787276,0.12000230612601105
15,274,1,0.8058823529411765,0.6893230490050053,0.6214229464530945,0.004955633557450186,0.18865211508601926
15,275,1,0.8088235294117647,0.6904195584826605,0.6438924670219421,0.0021268988968148614,0.11507967338178599
15,276,1,0.8117647058823529,0.6881206259187609,0.6512189507484436,0.005251946412950762,0.45511544697652884
15,277,1,0.8147058823529412,0.6848146406751912,0.6081700325012207,0.010284433863852107,0.5612617147380574
15,278,1,0.8176470588235294,0.6783894665452126,0.6045308709144592,0.01627350846869835,1.0706329511162942
15,279,1,0.8205882352941176,0.6766666873454357,0.5966158509254456,0.015262892053527096,0.9160335596963965
15,280,1,0.8235294117647058,0.678271294649962,0.6188914179801941,0.010220066964694515,0.6417634564287193
15,281,1,0.8264705882352941,0.6787854056026361,0.5923100709915161,0.007243623194820746,0.16012066279678566
15,282,1,0.8294117647058824,0.6784125424997971,0.6092290282249451,0.006109177529521001,0.19425995477966246
15,283,1,0.8323529411764706,0.6786888115153468,0.608672022819519,0.00583867750261746,0.1654479679720653
15,284,1,0.8352941176470589,0.6803467548225454,0.5940392017364502,0.00468626523789664,-0.05597276737061313
15,285,1,0.8382352941176471,0.6819699767104075,0.5658086538314819,0.003581908393180342,-0.3825125066773082
15,286,1,0.8411764705882353,0.6837074932455451,0.5634801983833313,0.002640534634985534,-0.48592077560701313
15,287,1,0.8441176470588235,0.6834736401851587,0.5698205232620239,0.004198125381809024,-0.29480009702466253
15,288,1,0.8470588235294118,0.6829477241995903,0.5723897218704224,0.005920248534830389,-0.1192331380525667
15,289,1,0.85,0.6812819813576307,0.558275043964386,0.008236233721051141,-0.02453384483894848
15,290,1,0.8529411764705882,0.6810740161887667,0.5482503771781921,0.008272200051720965,-0.10198241894846673
15,291,1,0.8558823529411764,0.6799655659297995,0.5425172448158264,0.008722281046493582,-0.10764490815493855
15,292,1,0.8588235294117647,0.6800142755555083,0.5440535545349121,0.007796552856944997,-0.1785404901854446
15,293,1,0.861764705882353,0.6803693454393942,0.5521442890167236,0.006708120812038612,-0.21131654788400658
15,294,1,0.8647058823529412,0.6825671865993632,0.5521547794342041,0.004282120672510463,-0.42942803227595805
15,295,1,0.8676470588235294,0.6818561309461895,0.548313558101654,0.005366468928333338,-0.3628171186058652
15,296,1,0.8705882352941177,0.6770202191773262,0.5437934398651123,0.010675021951294047,0.07825722729006782
15,297,1,0.8735294117647059,0.6707521378042409,0.5504628419876099,0.016194589229833856,0.62836903993421
15,298,1,0.8764705882352941,0.665268955350562,0.5639650225639343,0.019273469774724494,1.0139575485771668
15,299,1,0.8794117647058823,0.6599163199199902,0.5661336779594421,0.02030154739309592,1.1238778662455262
15,300,1,0.8823529411764706,0.6551401059609714,0.5755537152290344,0.019592808595564948,1.1359505254937348
15,301,1,0.8852941176470588,0.6488375021456292,0.5887460112571716,0.020425384106818434,1.3170109020168248
15,302,1,0.888235294117647,0.6415622023836651,0.6086012721061707,0.02222202495412956,1.6384066871616993
15,303,1,0.8911764705882353,0.6291603203353944,0.6315029859542847,0.028697218760676102,2.405113688054052
15,304,1,0.8941176470588236,0.6025062520576074,0.6275568604469299,0.047662287142314075,4.079083039034135
15,305,1,0.8970588235294118,0.5063758952444772,0.649928867816925,0.1306341804796033,11.721686017447125
15,306,1,0.9,0.24648859607406035,0.6436819434165955,0.35490607792473217,31.842557504094977
15,307,1,0.9029411764705882,0.19126725159818805,0.6403937339782715,0.3113590208232033,27.899443798950326
15,308,1,0.9058823529411765,0.17246553796949685,0.7706093192100525,0.22068746726759292,20.792428100842653
15,309,1,0.9088235294117647,0.1624106512978594,0.7835774421691895,0.12323217541720273,12.131614126144918
15,310,1,0.9117647058823529,0.15453047147737684,0.7842152118682861,0.04512104425103082,5.111384938699689
15,311,1,0.9147058823529411,0.14944699312823173,0.7832255959510803,0.027214991451005033,3.4929388338584904
15,312,1,0.9176470588235294,0.14404065328171695,0.7808728814125061,0.022166266680030758,3.019917687488107
15,313,1,0.9205882352941176,0.14007236015111257,0.7737305760383606,0.019028338638690148,2.6802057888928355
15,314,1,0.9235294117647059,0.13869721715611727,0.7698175311088562,0.014818908846998751,2.270113039385669
15,315,1,0.9264705882352942,0.13797123615698928,0.7675202488899231,0.011586576265811856,1.9609054489130933
15,316,1,0.9294117647058824,0.1377601467989206,0.7730969190597534,0.00892872638106992,1.7667405879601932
15,317,1,0.9323529411764706,0.13750620906546618,0.7770743370056152,0.007612537493825231,1.6803739647789233
15,318,1,0.9352941176470588,0.13736441151525122,0.7740192413330078,0.007112797272628588,1.6108381277186141
15,319,1,0.9382352941176471,0.13720834763213827,0.7721449136734009,0.006935659745525039,1.5798207684828522
15,320,1,0.9411764705882353,0.13710160089982948,0.7725250720977783,0.006851684346621087,1.5753276708477635
15,321,1,0.9441176470588235,0.13744362077699396,0.7775213122367859,0.006345027994683823,1.5699708702779716
15,322,1,0.9470588235294117,0.1370489011254678,0.7757744789123535,0.006724100574091907,1.5900055202287622
15,323,1,0.95,0.13722563094247353,0.7709571719169617,0.00646849315964036,1.5282439989128003
15,324,1,0.9529411764705882,0.13730859562690603,0.7696977853775024,0.006389849302791653,1.5110345658685482
15,325,1,0.9558823529411765,0.13710596423067173,0.7717722058296204,0.006644229380795103,1.5506096111248098
15,326,1,0.9588235294117647,0.137338898563252,0.7683667540550232,0.006326880911634301,1.494658361510281
15,327,1,0.961764705882353,0.13684199033964783,0.7681492567062378,0.006896288494684472,1.5441206983658864
15,328,1,0.9647058823529412,0.1367710886823552,0.7677547931671143,0.006871280001270669,1.5386965844249945
15,329,1,0.9676470588235294,0.13697685099775514,0.7688232064247131,0.006531140949733044,1.516703383881827
15,330,1,0.9705882352941176,0.13740614406755405,0.7725709080696106,0.006069569571705012,1.5053527063235013
15,331,1,0.9735294117647059,0.1378364116335185,0.7723453044891357,0.005656113381816095,1.4663504394784936
15,332,1,0.9764705882352941,0.1379238493273415,0.769603967666626,0.005817281011460727,1.4587823375662192
24,8,0,0.021739130434782608,0.0742521946515366,0.5111713409423828,nan,nan
24,9,0,0.024456521739130436,0.07425942047733919,0.5046082735061646,nan,nan
24,10,0,0.02717391304347826,0.07428452400591898,0.5027584433555603,nan,nan
24,11,0,0.029891304347826088,0.07431556305069642,0.504122793674469,nan,nan
24,12,0,0.03260869565217391,0.07428321583387923,0.5032424330711365,0.006488216206000053,-0.6246808882265864
24,13,0,0.035326086956521736,0.07433798176857018,0.5008251070976257,0.006441205566894757,-0.6483648719027407
24,14,0,0.03804347826086957,0.07421913167731317,0.49772751331329346,0.006579695980959516,-0.6608399060523564
24,15,0,0.04076086956521739,0.07423801887123782,0.4975653886795044,0.006544460704883429,-0.6653138461686998
24,16,0,0.043478260869565216,0.0738712642396973,0.5008922815322876,0.006891829291559304,-0.6072948495888766
24,17,0,0.04619565217391304,0.07384244289329966,0.4997069239616394,0.006817662739411462,-0.6235057698998561
24,18,0,0.04891304347826087,0.07379824618761092,0.5022702217102051,0.006737974726282553,-0.610042287415165
24,19,1,0.051630434782608696,0.07367354315614126,0.5021150708198547,0.006757456385326652,-0.6095388252823362
24,20,1,0.05434782608695652,0.07351240375104823,0.49705058336257935,0.006777476861645562,-0.6484996367033213
24,21,1,0.057065217391304345,0.07339794484190605,0.4949733316898346,0.006802220648625468,-0.6629929001651825
24,22,1,0.059782608695652176,0.07333861967437451,0.5023793578147888,0.006750421303308604,-0.6080444541689545
24,23,1,0.0625,0.07325012691535097,0.5047699213027954,0.006724007434023027,-0.5911797126176538
24,24,1,0.06521739130434782,0.07298919724727582,0.5065948367118835,0.006879083041900613,-0.5625443096009961
24,25,1,0.06793478260869565,0.07285750581674695,0.5082349181175232,0.00687997284648639,-0.5492641049757357
24,26,1,0.07065217391304347,0.07276518542489797,0.5086316466331482,0.006837183482045578,-0.549919541643681
24,27,1,0.07336956521739131,0.07311764690176592,0.5100115537643433,0.006341363442808513,-0.5834077295392948
24,28,1,0.07608695652173914,0.07374168419395985,0.5114728808403015,0.005684206147218289,-0.6307513801954632
24,29,1,0.07880434782608696,0.07473129959533223,0.5080351233482361,0.004882712482516925,-0.730506952998796
24,30,1,0.08152173913043478,0.0761024840081477,0.5107592940330505,0.003979976514347781,-0.7897741163614457
24,31,1,0.08423913043478261,0.07773329684238517,0.5075594186782837,0.003183488325922743,-0.8871649021457764
24,32,1,0.08695652173913043,0.07965445902357472,0.506455659866333,0.0024162386298880157,-0.9650553920137559
24,33,1,0.08967391304347826,0.08139627082065877,0.5470578670501709,0.0021526205402077037,-0.6619789958738678
24,34,1,0.09239130434782608,0.08293298062859508,0.5715357065200806,0.0022821535386030023,-0.4533191292912994
24,35,1,0.09510869565217392,0.084652163877804,0.5866447687149048,0.0022705944445059446,-0.3327536595536658
24,36,1,0.09782608695652174,0.08599382526068163,0.6000373959541321,0.002658649820482998,-0.19006132892536065
24,37,1,0.10054347826086957,0.08743137912280909,0.5675563216209412,0.0028059375176322766,-0.4382377126883032
24,38,1,0.10326086956521739,0.08895480215522339,0.5321539640426636,0.0027912915607555522,-0.7244904193484807
24,39,1,0.10597826086956522,0.09010234684757526,0.5229127407073975,0.0031492022500607376,-0.7666775885830752
24,40,1,0.10869565217391304,0.09149329179577526,0.5175625085830688,0.0031208030443035917,-0.8122931078719489
24,41,1,0.11141304347826086,0.09296607201529077,0.523723304271698,0.003022889458561493,-0.7715144263682688
24,42,1,0.11413043478260869,0.09338512833293838,0.5250556468963623,0.003987506364034275,-0.6740328565816933
24,43,1,0.11684782608695653,0.09398843362701925,0.5150628685951233,0.004491782614382154,-0.7091046998591889
24,44,1,0.11956521739130435,0.09438992432081307,0.5170378684997559,0.005061813615449327,-0.641940005176234
24,45,1,0.12228260869565218,0.09482282999563378,0.5180616974830627,0.0053530660718880945,-0.6075043084972422
24,46,1,0.125,0.09522528457585462,0.5182325839996338,0.005414800986753008,-0.6005764549724194
24,47,1,0.12771739130434784,0.09537046526319287,0.5130751729011536,0.0057296593601438,-0.6137672628124575
24,48,1,0.13043478260869565,0.09519763347544337,0.5151077508926392,0.006247999056936707,-0.5507882987009061
24,49,1,0.1331521739130435,0.0950407926291538,0.5170431733131409,0.006606767191883853,-0.5029432525672618
24,50,1,0.1358695652173913,0.0950576191189793,0.5125847458839417,0.006644431360438349,-0.5354393129648903
24,51,1,0.13858695652173914,0.0953893743542682,0.5137553811073303,0.006270759760930609,-0.5596257188688525
24,52,1,0.14130434782608695,0.09566182284652297,0.5148619413375854,0.006003038541444709,-0.5747985904594168
24,53,1,0.14402173913043478,0.09622991777165858,0.5156723260879517,0.005550990959078959,-0.6089336510640162
24,54,1,0.14673913043478262,0.0968529963163508,0.5147484540939331,0.005225193700012952,-0.6456718255340278
24,55,1,0.14945652173913043,0.09824401968576855,0.5115417838096619,0.004283014629938074,-0.7562208260299805
24,56,1,0.15217391304347827,0.10027409387903279,0.5244342684745789,0.0029666017695489633,-0.7708547884208936
24,57,1,0.15489130434782608,0.10235041439770762,0.5355275273323059,0.002043349009001547,-0.764608741027302
24,58,1,0.15760869565217392,0.10462604020157719,0.5360966324806213,0.0012978473616442588,-0.8270791732220755
24,59,1,0.16032608695652173,0.107174111220506,0.5260484218597412,0.0006930373140220081,-0.9623490537016879
24,60,1,0.16304347826086957,0.11043291625101334,0.5307334661483765,0.00044863884161588973,-0.9466228783233448
24,61,1,0.16576086956521738,0.11387239945151018,0.5270140171051025,0.0012330224403026301,-0.9060108841379146
24,62,1,0.16847826086956522,0.11771796103676796,0.5270928740501404,0.0021980877621097816,-0.8185776476235922
24,63,1,0.17119565217391305,0.12215388581432099,0.5339717268943787,0.0033610323308651013,-0.6586173487035512
24,64,1,0.17391304347826086,0.12692347627299266,0.5188403725624084,0.004385679141083039,-0.6882445159522712
24,65,1,0.1766304347826087,0.1327203145197966,0.5199427604675293,0.00605987738239214,-0.5287935603998544
24,66,1,0.1793478260869565,0.13947884846609956,0.525239884853363,0.008106432561623526,-0.3020913120906398
24,67,1,0.18206521739130435,0.14681517372341535,0.5218501091003418,0.010002535961606388,-0.15883719673881014
24,68,1,0.18478260869565216,0.15437926309755584,0.5227868556976318,0.011401303358473284,-0.025491819562528217
24,69,1,0.1875,0.16163692824018774,0.5230794548988342,0.011795021794964392,0.012274435263357808
24,70,1,0.19021739130434784,0.1701891404429288,0.5387319922447205,0.013118080567607663,0.2572503943219235
24,71,1,0.19293478260869565,0.17718920693655318,0.540999710559845,0.01244057406702476,0.21456675388134683
24,72,1,0.1956521739130435,0.18171999226347424,0.5398541688919067,0.009377851090661391,-0.07011627670271331
24,73,1,0.1983695652173913,0.18655351430938327,0.5380974411964417,0.00737619084509081,-0.264285808279328
24,74,1,0.20108695652173914,0.19123746026306146,0.5316275358200073,0.005830990281470079,-0.45533503335391406
24,75,1,0.20380434782608695,0.19577152327739747,0.5290777683258057,0.005102973340772922,-0.5413350886655892
24,76,1,0.20652173913043478,0.1995371221650812,0.5217666029930115,0.004222993143245592,-0.6793248630559714
24,77,1,0.20923913043478262,0.20263461938192207,0.5231917500495911,0.002866207884684726,-0.7898846692964512
24,78,1,0.21195652173913043,0.20533558606699015,0.5226721167564392,0.0015468983016181125,-0.9127264314460408
24,79,1,0.21467391304347827,0.20709057058193542,0.5186210870742798,0.0006873670918825787,-1.0226378497644126
24,80,1,0.21739130434782608,0.2086580493102232,0.5204111933708191,0.0014849317322655187,-0.9364967562039421
24,81,1,0.22010869565217392,0.2098207371699036,0.5268340110778809,0.002602475658870588,-0.7842902116379292
24,82,1,0.22282608695652173,0.2101474214704398,0.525947630405426,0.0040723208053297915,-0.6592254762298413
24,83,1,0.22554347826086957,0.2090790172789585,0.5195172429084778,0.006343683847673515,-0.5066926085161986
24,84,1,0.22826086956521738,0.20889937263007174,0.5198177099227905,0.007020440170816,-0.4434064313836646
24,85,1,0.23097826086956522,0.20935814303898156,0.5199259519577026,0.006622000591868332,-0.4783711428416311
24,86,1,0.23369565217391305,0.20961581682812666,0.5199186205863953,0.006248678269992728,-0.5120069841843587
24,87,1,0.23641304347826086,0.21082555876319642,0.5189960598945618,0.004906035174344707,-0.6401903327578706
24,88,1,0.2391304347826087,0.21304456759893484,0.5261989235877991,0.0031236617096657405,-0.7425259176169987
24,89,1,0.2418478260869565,0.2140675526741723,0.5324354767799377,0.003136975376644061,-0.6911336565523549
24,90,1,0.24456521739130435,0.2147237240098635,0.5295504927635193,0.0036581564497505637,-0.6674780748060793
24,91,1,0.24728260869565216,0.2155914741453969,0.5272423028945923,0.00406738310965135,-0.6492494199195292
24,92,1,0.25,0.21584304665463058,0.5232250094413757,0.005007289445967787,-0.597046813947723
24,93,1,0.25271739130434784,0.21589310848460677,0.523700475692749,0.005656847379915534,-0.5347983971391211
24,94,1,0.2554347826086957,0.2163604029809716,0.5251634120941162,0.00564594183615935,-0.5240048226537194
24,95,1,0.25815217391304346,0.21785174202393495,0.5247121453285217,0.00456377253597298,-0.6249677975135721
24,96,1,0.2608695652173913,0.21934407681882986,0.5232945680618286,0.0036365047107125826,-0.7197761784598047
24,97,1,0.26358695652173914,0.2214093451338087,0.5226336717605591,0.002446493936783587,-0.8321256812842115
24,98,1,0.266304347826087,0.22257119525709235,0.5291202068328857,0.0026637029758004283,-0.7603829713341772
24,99,1,0.26902173913043476,0.22489092090764193,0.529937207698822,0.0018966753942810366,-0.8227942733954083
24,100,1,0.2717391304347826,0.22727170390015594,0.5331117510795593,0.0012756871226937672,-0.8530960598064812
24,101,1,0.27445652173913043,0.22932026446078896,0.5279533267021179,0.001209033332392221,-0.900608457215259
24,102,1,0.27717391304347827,0.2301897368485907,0.5343847870826721,0.0023172907763355766,-0.7491675840517397
24,103,1,0.2798913043478261,0.23085629564919702,0.526674747467041,0.003555367373603844,-0.6998683870607725
24,104,1,0.2826086956521739,0.2313630841291,0.531120777130127,0.00453992257908961,-0.5755330826271347
24,105,1,0.28532608695652173,0.23264295577803001,0.526129424571991,0.004282895987395672,-0.6388230491762183
24,106,1,0.28804347826086957,0.23415411976404138,0.5304925441741943,0.0036024048306945423,-0.6649103198476483
24,107,1,0.2907608695652174,0.2346645257002462,0.5234237313270569,0.004083094623352405,-0.678570043291431
24,108,1,0.29347826086956524,0.23760259985851348,0.5278608202934265,0.0022674137582797665,-0.8061616197832502
24,109,1,0.296195652173913,0.2420804998216687,0.5295373797416687,0.0012969762259402722,-0.879949588858041
24,110,1,0.29891304347826086,0.24772337646958642,0.5366617441177368,0.004104433689962469,-0.5701048112942878
24,111,1,0.3016304347826087,0.2556929300524392,0.5514172911643982,0.008681673096429008,-0.03966529788380099
24,112,1,0.30434782608695654,0.2637770606829847,0.5427193641662598,0.01150870263892623,0.14459428629576726
24,113,1,0.3070652173913043,0.27280439838323783,0.5590946674346924,0.013992425133061624,0.49977821346216494
24,114,1,0.30978260869565216,0.2830978505280712,0.553770124912262,0.016604902637502614,0.6918915014289128
24,115,1,0.3125,0.29429050481127284,0.5462270379066467,0.018953938406083115,0.8424547526688178
24,116,1,0.31521739130434784,0.3048652827092725,0.5474353432655334,0.019879322614374362,0.9354093975867762
24,117,1,0.3179347826086957,0.317970540646259,0.5705351829528809,0.02271252504478896,1.376148109931663
24,118,1,0.32065217391304346,0.32145079663984905,0.5640926361083984,0.014901245472623701,0.6217441527093064
24,119,1,0.3233695652173913,0.3254976059491072,0.5633407235145569,0.009359818253937339,0.11729308570183472
24,120,1,0.32608695652173914,0.3302259342188957,0.5635324716567993,0.006286371239267232,-0.15759131073423432
24,121,1,0.328804347826087,0.3414894219521071,0.5690698027610779,0.01120969609507283,0.3297826389430426
24,122,1,0.33152173913043476,0.3506743059482117,0.5794432759284973,0.014514859764715452,0.7105418251838719
24,123,1,0.3342391304347826,0.3638376317105181,0.585599422454834,0.02037230819993116,1.286911941569323
24,124,1,0.33695652173913043,0.37181450395829885,0.609580397605896,0.01876417400735922,1.3352859661225869
24,125,1,0.33967391304347827,0.3827982047447207,0.682045578956604,0.019350732358930284,1.9712765008967463
24,126,1,0.3423913043478261,0.39659173038635454,0.670240581035614,0.022817062302410707,2.1880279267039024
24,127,1,0.3451086956521739,0.4007479419816638,0.6288580894470215,0.015493917788184267,1.1963134146904217
24,128,1,0.34782608695652173,0.4065265511690689,0.6015417575836182,0.012044949407802905,0.6662559557264461
24,129,1,0.35054347826086957,0.407848624685315,0.6037456393241882,0.005326675661934789,0.07974827638244897
24,130,1,0.3532608695652174,0.40108085493281176,0.6089059114456177,0.008341363616295281,0.39242351688394317
24,131,1,0.35597826086956524,0.3945768107526998,0.6101083159446716,0.01596768893302157,1.0880173554186312
24,132,1,0.358695652173913,0.3896744140420099,0.5963178277015686,0.01932730283647044,1.279190481704498
24,133,1,0.36141304347826086,0.38496083965643035,0.5988879203796387,0.019827842940285265,1.3448947200412356
24,134,1,0.3641304347826087,0.3956041188177632,0.5930326581001282,0.007853005594170445,0.22074461696834874
24,135,1,0.36684782608695654,0.40828775464502726,0.6033943295478821,0.010590202334294946,0.5503255288633826
24,136,1,0.3695652173913043,0.4194939270013614,0.6084754467010498,0.01836863871754721,1.2908180996962793
24,137,1,0.37228260869565216,0.4165391909163704,0.617866575717926,0.010735093733915181,0.6798368444480297
24,138,1,0.375,0.41413210612840196,0.6163620352745056,0.006411836670749293,0.27889122025721264
24,139,1,0.37771739130434784,0.4065137778666783,0.6137048006057739,0.01459297329961845,0.9933208645060198
24,140,1,0.3804347826086957,0.4019220778831979,0.6017736196517944,0.018741179088511625,1.2703850326985333
24,141,1,0.38315217391304346,0.3953978832133386,0.5979475975036621,0.020872411478830066,1.431275667560247
24,142,1,0.3858695652173913,0.38007798309205465,0.5927882790565491,0.030906984674356028,2.2922665243894236
24,143,1,0.38858695652173914,0.36660283090137374,0.5988502502441406,0.03586860610595011,2.7873074504725475
24,144,1,0.391304347826087,0.35473722952330133,0.5986829400062561,0.03775647074269638,2.955756540635601
24,145,1,0.39402173913043476,0.3433000718708296,0.5942255854606628,0.037397416305193956,2.887588004521271
24,146,1,0.3967391304347826,0.3394337875023622,0.5948262214660645,0.028239247838034137,2.06873101809901
24,147,1,0.39945652173913043,0.33478232009098036,0.5924414396286011,0.02272966635199286,1.5540020474348015
24,148,1,0.40217391304347827,0.3280629720985173,0.5916111469268799,0.021493886641857557,1.4361726740212348
24,149,1,0.4048913043478261,0.315850897408596,0.5875039100646973,0.027037396975582856,1.9017022928937404
24,150,1,0.4076086956521739,0.3077831729621814,0.5813464522361755,0.02824282780643908,1.9605612454133667
24,151,1,0.41032608695652173,0.3010730356430998,0.5801421999931335,0.027040311490475477,1.8427137929640425
24,152,1,0.41304347826086957,0.29570164162054124,0.5785577893257141,0.023984384401063874,1.5551097567971277
24,153,1,0.4157608695652174,0.29111991317987607,0.5754787921905518,0.020475780222235035,1.2147625092224494
24,154,1,0.41847826086956524,0.282763307531639,0.5800386071205139,0.02264963981329214,1.4469803670399741
24,155,1,0.421195652173913,0.27750403383569294,0.5896303057670593,0.02165394715160257,1.4346258370844414
24,156,1,0.42391304347826086,0.2741944649581857,0.5974134802818298,0.01907126557725808,1.2649806824638903
24,157,1,0.4266304347826087,0.2720219012762121,0.6138426661491394,0.0158670350936428,1.1090203601582405
24,158,1,0.42934782608695654,0.2674034254630689,0.6040803790092468,0.015711007930870043,1.0164155347633277
24,159,1,0.4320652173913043,0.26498214148294447,0.5895206332206726,0.014292321393851944,0.7716340763122205
24,160,1,0.43478260869565216,0.2644482956601761,0.602921724319458,0.011695694128433212,0.6459503704971665
24,161,1,0.4375,0.26488693398355123,0.6018123030662537,0.008820513480555636,0.37842572481410164
24,162,1,0.44021739130434784,0.26831023957338296,0.5965371131896973,0.004026417563773281,-0.09521545565722439
24,163,1,0.4429347826086957,0.2709650170684758,0.5910599231719971,0.0016557184939491867,-0.35252065710157976
24,164,1,0.44565217391304346,0.2727160122116637,0.5880555510520935,0.0009485510711916825,-0.4403043739396599
24,165,1,0.4483695652173913,0.2752528454142682,0.5659381747245789,0.0004602117885067181,-0.6622373356029176
24,166,1,0.45108695652173914,0.2754245309235138,0.5581127405166626,0.0028800041369403374,-0.5075826628691346
24,167,1,0.453804347826087,0.27554320937439936,0.5547111630439758,0.004539898523587519,-0.38566831470020446
24,168,1,0.45652173913043476,0.2755406613024833,0.5653142333030701,0.005686994671984481,-0.19715911411542236
24,169,1,0.4592391304347826,0.2771013583657843,0.5658875703811646,0.004832459881388333,-0.26940199236839046
24,170,1,0.46195652173913043,0.27956497835673066,0.575944185256958,0.0028309681283210353,-0.36847682693273004
24,171,1,0.46467391304347827,0.2800010716794863,0.5736464262008667,0.0034299866638696198,-0.3330942239616445
24,172,1,0.4673913043478261,0.2805465134653018,0.5766851305961609,0.00399901045432585,-0.25745890587096837
24,173,1,0.4701086956521739,0.28074388398510586,0.5745485424995422,0.005053102975226402,-0.17984949157823968
24,174,1,0.47282608695652173,0.2815707984200518,0.5816457867622375,0.005136819945110891,-0.11519785345136659
24,175,1,0.47554347826086957,0.28373806721778305,0.5765109658241272,0.0034710061632098866,-0.30634969343980983
24,176,1,0.4782608695652174,0.28548409555770626,0.5782706141471863,0.002659226707860838,-0.36519911954722767
24,177,1,0.48097826086956524,0.2888387153439762,0.5774941444396973,0.0009176110391256858,-0.5280904905882449
24,178,1,0.483695652173913,0.2902839433642448,0.5788213610649109,0.0011174822641410154,-0.4994318652902723
24,179,1,0.48641304347826086,0.29139232465746606,0.5775883197784424,0.0021873872069679812,-0.413128086816428
24,180,1,0.4891304347826087,0.2921040030480156,0.5758827924728394,0.0033892731763392725,-0.31875665310433754
24,181,1,0.49184782608695654,0.2945520992927626,0.57560133934021,0.002596153804169552,-0.3923555600860327
24,182,1,0.4945652173913043,0.2968640865036979,0.5796828866004944,0.0017125125804308672,-0.4389805019048711
24,183,1,0.49728260869565216,0.29940929338282823,0.586730420589447,0.0008123414861637957,-0.4632204424701566
24,184,1,0.5,0.3036973912630481,0.586129367351532,0.0014715142127155489,-0.40877161931020145
24,185,1,0.5027173913043478,0.30663102493924155,0.5840156078338623,0.0015068008351508421,-0.4226104867315016
24,186,1,0.5054347826086957,0.3086332529313522,0.5784176588058472,0.0009163564815382894,-0.5207704322133568
24,187,1,0.5081521739130435,0.31243714923517885,0.5674731731414795,0.0013509021125548437,-0.5697736945001518
24,188,1,0.5108695652173914,0.3158966796987356,0.5751705169677734,0.0015534686130239139,-0.4896027639067932
24,189,1,0.5135869565217391,0.3193592708350442,0.5792821049690247,0.0019662376404106807,-0.4193860029554936
24,190,1,0.5163043478260869,0.329497284075853,0.5756415724754333,0.008922189407268803,0.17693571505724787
24,191,1,0.5190217391304348,0.33748124394587165,0.5743516087532043,0.011690141491162268,0.41550473846812297
24,192,1,0.5217391304347826,0.34558552695583106,0.5771868824958801,0.013533400823448453,0.6041082609489841
24,193,1,0.5244565217391305,0.35096070089569337,0.5855262279510498,0.011486362949036936,0.4871155588934403
24,194,1,0.5271739130434783,0.3577033720932251,0.5781129598617554,0.010328676631406356,0.32332695571162606
24,195,1,0.529891304347826,0.36209171891185205,0.5778694152832031,0.007665501445690256,0.08183920700732673
24,196,1,0.532608695652174,0.35650061642094166,0.5770608186721802,0.004340959324465363,-0.223680097291121
24,197,1,0.5353260869565217,0.3486223074323106,0.5772233009338379,0.014685301141623947,0.7080039839688224
24,198,1,0.5380434782608695,0.33844750422932374,0.5866970419883728,0.024275505978765113,1.646802082316296
24,199,1,0.5407608695652174,0.3339407941484932,0.5877951383590698,0.023968249093620303,1.628005227830928
24,200,1,0.5434782608695652,0.3246850725569247,0.5826491713523865,0.026186239494349103,1.7860753705045656
24,201,1,0.5461956521739131,0.32546608593054077,0.5962827205657959,0.017451340154728767,1.110182706808622
24,202,1,0.5489130434782609,0.325894242909033,0.5921168923377991,0.011234127800794063,0.517474258889633
24,203,1,0.5516304347826086,0.3242675803951447,0.604020893573761,0.009722474984609718,0.4773245003215706
24,204,1,0.5543478260869565,0.33283323527002034,0.5964602828025818,0.002594736393224494,-0.2246000924350078
24,205,1,0.5570652173913043,0.3466970466284894,0.5791186094284058,0.01308825400879815,0.5796189683470344
24,206,1,0.5597826086956522,0.3588327619231482,0.5687597990036011,0.019916229128969842,1.110358412062944
24,207,1,0.5625,0.3623268797045259,0.5718134045600891,0.015175717156818706,0.7085708117242918
24,208,1,0.5652173913043478,0.3714217883581352,0.5867177844047546,0.014755800983082826,0.7907610159350196
24,209,1,0.5679347826086957,0.37758015668239164,0.6026124358177185,0.011267031035310435,0.6049068485378188
24,210,1,0.5706521739130435,0.374087069365233,0.5823782682418823,0.004363173255810608,-0.17888473530358207
24,211,1,0.5733695652173914,0.3766176864969549,0.5818568468093872,0.0031803917255323745,-0.2894614738224419
24,212,1,0.5760869565217391,0.38860677868550497,0.5915423631668091,0.007186596966319821,0.14881280239123898
24,213,1,0.5788043478260869,0.40694697370936805,0.6002985239028931,0.021230544408340463,1.4824077616067841
24,214,1,0.5815217391304348,0.43107440515658574,0.6142221093177795,0.038016271598814044,3.10418999988297
24,215,1,0.5842391304347826,0.4500380800254518,0.603066086769104,0.04273311251984188,3.438636407883178
24,216,1,0.5869565217391305,0.48155011367619394,0.6364085078239441,0.055890047788459796,4.890335171421588
24,217,1,0.5896739130434783,0.5076582162424638,0.6270518898963928,0.058762316607057385,5.073362137529829
24,218,1,0.592391304347826,0.5394980970787273,0.6285337805747986,0.065424386810047,5.684479730391489
24,219,1,0.595108695652174,0.5660466178711177,0.6291059851646423,0.06486698462190196,5.638952022873854
24,220,1,0.5978260869565217,0.5785000858940752,0.6380782127380371,0.04831831818344304,4.222767841502055
24,221,1,0.6005434782608695,0.5778076405527777,0.6423541903495789,0.025033303757025255,2.162914747227834
24,222,1,0.6032608695652174,0.561376736488993,0.6317738890647888,0.0163243948640156,1.2944748014341738
24,223,1,0.6059782608695652,0.5528709116144344,0.5931893587112427,0.02455536508081302,1.7242261102815872
24,224,1,0.6086956521739131,0.530941185380382,0.5912570357322693,0.04319116475069451,3.3847888995802893
24,225,1,0.6114130434782609,0.5146198130686366,0.5864167809486389,0.047622811934016684,3.7444171900674528
24,226,1,0.6141304347826086,0.5323458554048395,0.6064008474349976,0.021664132596178665,1.5705194208982605
24,227,1,0.6168478260869565,0.5445989082334645,0.590559184551239,0.014741767258174998,0.820416276180842
24,228,1,0.6195652173913043,0.5601297086327056,0.6146765947341919,0.02300976161736848,1.7581533575774193
24,229,1,0.6222826086956522,0.5697669996016669,0.6106504201889038,0.02534992177324885,1.936224157628024
24,230,1,0.625,0.5766735060191479,0.5752485990524292,0.018469631557472305,1.032475581164396
24,231,1,0.6277173913043478,0.5835458316550621,0.5618928074836731,0.014260044539809422,0.5463688602271011
24,232,1,0.6304347826086957,0.5875497933073432,0.5749520659446716,0.008527275336691124,0.13586742040962
24,233,1,0.6331521739130435,0.5877326381843982,0.57337886095047,0.0035663772379950507,-0.3229806690611388
24,234,1,0.6358695652173914,0.5861992593338126,0.5802733302116394,0.004169689451181816,-0.21322835334093493
24,235,1,0.6385869565217391,0.58595357683051,0.5882346630096436,0.00679681028315057,0.08713316879300496
24,236,1,0.6413043478260869,0.5870021444194838,0.5771541595458984,0.00635017898803866,-0.04221841551743108
24,237,1,0.6440217391304348,0.5872185412111822,0.5772340893745422,0.005996869974375428,-0.07335192714676986
24,238,1,0.6467391304347826,0.5927413311880676,0.5831500887870789,0.002080440230816715,-0.37798313277868667
24,239,1,0.6494565217391305,0.5979397862959973,0.5966804623603821,0.00321738139017991,-0.16682691323864457
24,240,1,0.6521739130434783,0.6087814117838051,0.5922507643699646,0.011062454511615832,0.5031113270817613
24,241,1,0.654891304347826,0.6152475299819563,0.5846766829490662,0.012083755868686766,0.5340078860296725
24,242,1,0.657608695652174,0.6116044019443951,0.5764147043228149,0.00573955347302152,-0.10308993907450918
24,243,1,0.6603260869565217,0.6063695538736571,0.5750611424446106,0.008517235121387856,0.13584229825803584
24,244,1,0.6630434782608695,0.5978840455696666,0.5816509127616882,0.019110185319793332,1.1416163163660151
24,245,1,0.6657608695652174,0.5927573927161622,0.5819306969642639,0.02151249661976304,1.35993348395119
24,246,1,0.6684782608695652,0.5884112140281481,0.5812703371047974,0.020236140991328644,1.239822390357683
24,247,1,0.6711956521739131,0.5828163380264668,0.577755868434906,0.02003272001394818,1.1932404269535202
24,248,1,0.6739130434782609,0.5757686368934305,0.5750250816345215,0.02119211718518693,1.2755386040636667
24,249,1,0.6766304347826086,0.5708587656856479,0.5731698274612427,0.02057313622391055,1.2049350924723914
24,250,1,0.6793478260869565,0.567780181854,0.5747327208518982,0.018177063297929782,1.002009776001189
24,251,1,0.6820652173913043,0.5599639583876772,0.5657188296318054,0.02083552872071559,1.1685655673805295
24,252,1,0.6847826086956522,0.5461200882979319,0.5732411742210388,0.02896630390076349,1.960395891254104
24,253,1,0.6875,0.5332960004282954,0.5725252628326416,0.034378254621525356,2.441388000606773
24,254,1,0.6902173913043478,0.5241276359341362,0.5845252871513367,0.03415592780134638,2.517973840696615
24,255,1,0.6929347826086957,0.513550113581275,0.5823432803153992,0.03382031367424168,2.4702266483581545
24,256,1,0.6956521739130435,0.5036869439144999,0.5788910984992981,0.03208002213941627,2.285918934653885
24,257,1,0.6983695652173914,0.4939884561569266,0.598051130771637,0.03117022380113152,2.3583004077248706
24,258,1,0.7010869565217391,0.48567929280045724,0.5789962410926819,0.029652501089758684,2.0684324655632342
24,259,1,0.7038043478260869,0.4841937976629228,0.5821043252944946,0.021525910443873364,1.3625373768703741
24,260,1,0.7065217391304348,0.4827201542933157,0.5783171653747559,0.015660474833892407,0.8045156487947822
24,261,1,0.7092391304347826,0.48002045161262136,0.5739651322364807,0.013118480109290728,0.5408598241351421
24,262,1,0.7119565217391305,0.47728816435956867,0.5686078667640686,0.012358766226267106,0.4294128136847389
24,263,1,0.7146739130434783,0.47448388930737817,0.5621715784072876,0.01306525916823546,0.44115282733609706
24,264,1,0.717391304347826,0.4729245336610054,0.5645302534103394,0.012197137725722073,0.38205722778840623
24,265,1,0.720108695652174,0.47102430537870704,0.5621935129165649,0.011648460849942848,0.3139016713269259
24,266,1,0.7228260869565217,0.46773521993745903,0.5738704204559326,0.012688509732712277,0.5014257424199037
24,267,1,0.7255434782608695,0.4690665289890791,0.575185239315033,0.008968964575564824,0.1774699100770264
24,268,1,0.7282608695652174,0.47613439973383836,0.5797843933105469,0.004384175125696193,-0.1978725850028067
24,269,1,0.7309782608695652,0.48101990074463463,0.5814507603645325,0.003733288253198631,-0.24300200827585713
24,270,1,0.7336956521739131,0.4814951537764518,0.5832749605178833,0.002573709714485258,-0.3326131491878553
24,271,1,0.7364130434782609,0.4814414211373194,0.5851525068283081,0.0029737220465030213,-0.28152439024470743
24,272,1,0.7391304347826086,0.4802393161705684,0.5879362225532532,0.006276909170999126,0.037970954709400026
24,273,1,0.7418478260869565,0.4819549207696997,0.5879583954811096,0.005587533681050331,-0.02385343428539126
24,274,1,0.7445652173913043,0.48125310305875224,0.5798271298408508,0.006523106398264073,-0.005151851285541957
24,275,1,0.7472826086956522,0.47629811782226494,0.5768371820449829,0.011417578955326493,0.41099540566430787
24,276,1,0.75,0.47283870098423353,0.5707663893699646,0.01359116996459429,0.5576287922386851
24,277,1,0.7527173913043478,0.46916665932461765,0.5725151300430298,0.015413057827626444,0.7355652038040738
24,278,1,0.7554347826086957,0.46800993042771527,0.5765920281410217,0.013372721363258313,0.5848689753719256
24,279,1,0.7581521739130435,0.4660466400906835,0.5748730897903442,0.012025218542530868,0.449838904379489
24,280,1,0.7608695652173914,0.4665382137815414,0.573549747467041,0.008970775418777551,0.16446954234272199
24,281,1,0.7635869565217391,0.4723601612439435,0.5747167468070984,0.0037453365674295904,-0.29611700109176536
24,282,1,0.7663043478260869,0.47515541275001993,0.5750599503517151,0.0020452339041953653,-0.4462629909418698
24,283,1,0.7690217391304348,0.4818848819851819,0.5736895203590393,0.005366268525128367,-0.15859702221188487
24,284,1,0.7717391304347826,0.4905284730780654,0.5777265429496765,0.01005029914438724,0.29517944478300845
24,285,1,0.7744565217391305,0.49778205099349687,0.5736428499221802,0.011306312235687708,0.3752784668770332
24,286,1,0.7771739130434783,0.5014128124163446,0.568912923336029,0.008581601221147043,0.0921475580727848
24,287,1,0.779891304347826,0.5021783058842053,0.562959611415863,0.004097974489245927,-0.35902769351954084
24,288,1,0.782608695652174,0.49853104595143266,0.5625489950180054,0.005937871135101883,-0.1968511200432127
24,289,1,0.7853260869565217,0.48570299602367195,0.5650315284729004,0.020766564281204408,1.156831129136094
24,290,1,0.7880434782608695,0.4770188917386048,0.5683681964874268,0.02643090482381534,1.6931404669424044
24,291,1,0.7907608695652174,0.4645997223050172,0.574275553226471,0.03275159408796795,2.309172361450644
24,292,1,0.7934782608695652,0.45205017407691694,0.5699704885482788,0.03590649642127121,2.5582769207392033
24,293,1,0.7961956521739131,0.4502109436123746,0.5854502320289612,0.026125508917184598,1.8031575282266594
24,294,1,0.7989130434782609,0.4515376664273899,0.5832472443580627,0.015925772999344973,0.8680564060637759
24,295,1,0.8016304347826086,0.4568881424592831,0.5914620757102966,0.006322724182945021,0.07046937038866347
24,296,1,0.8043478260869565,0.4702721848371339,0.5887666344642639,0.011106946699636272,0.47907100453483226
24,297,1,0.8070652173913043,0.4809622278770265,0.5927460789680481,0.017241487049474674,1.0628437754046682
24,298,1,0.8097826086956522,0.4933305770884061,0.5950877666473389,0.021922015194691225,1.5026603455443726
24,299,1,0.8125,0.5042183178227313,0.5777440667152405,0.02236152826376242,1.4025998601398488
24,300,1,0.8152173913043478,0.5123593685552749,0.6003305912017822,0.01867003515544388,1.2523721076613918
24,301,1,0.8179347826086957,0.5217695084059762,0.6120082139968872,0.01755837907661004,1.246376292904319
24,302,1,0.8206521739130435,0.5344196428389624,0.6016247272491455,0.020006693377358747,1.3830077927685813
24,303,1,0.8233695652173914,0.5489158327526442,0.6046467423439026,0.024230616853401526,1.787232670302748
24,304,1,0.8260869565217391,0.5671048297549606,0.591006338596344,0.03124523512323965,2.3083470479375454
24,305,1,0.8288043478260869,0.5892376952135212,0.5950184464454651,0.03969173528187886,3.1003217695726115
24,306,1,0.8315217391304348,0.6068563121429825,0.6385258436203003,0.040443305509453936,3.51808720151314
24,307,1,0.8342391304347826,0.6287034562860079,0.6616790294647217,0.04418128232647425,4.040631224017191
24,308,1,0.8369565217391305,0.6449026164896329,0.6589981317520142,0.040433536646758333,3.681979543871263
24,309,1,0.8396739130434783,0.6578672447624443,0.6530807018280029,0.033948718235901676,3.0511047009679926
24,310,1,0.842391304347826,0.6662317305602417,0.6422324180603027,0.025155816646468265,2.172953547652465
24,311,1,0.845108695652174,0.6722276097931101,0.6513006091117859,0.016307841275021967,1.4501465282906691
24,312,1,0.8478260869565217,0.6694645168986684,0.6559412479400635,0.0063249671779160585,0.5896309330221957
24,313,1,0.8505434782608695,0.6664618304142518,0.6311483979225159,0.0064794515828708295,0.40398040454552603
24,314,1,0.8532608695652174,0.6630385799930523,0.6104471683502197,0.012051348417022208,0.7385065757320666
24,315,1,0.8559782608695652,0.6649714050264165,0.6130837798118591,0.009320235741860635,0.5140893887739895
24,316,1,0.8586956521739131,0.666141525381424,0.6115346550941467,0.0063360641951797055,0.23322308795042754
24,317,1,0.8614130434782609,0.6664146267007105,0.6273098587989807,0.0052322149965821334,0.2609087583731389
24,318,1,0.8641304347826086,0.6665762816259163,0.6309497356414795,0.005058759142991002,0.2746035383317361
24,319,1,0.8668478260869565,0.6664271263181007,0.6217606663703918,0.006092339859022575,0.2936063003430337
24,320,1,0.8695652173913043,0.6663696239601119,0.5869710445404053,0.006513772539932486,0.05150636564332198
24,321,1,0.8722826086956522,0.6661362592101518,0.6004573106765747,0.0068041619345645095,0.18616821049094956
24,322,1,0.875,0.6668003645909486,0.5775938630104065,0.006070464681128094,-0.0638371411220661
24,323,1,0.8777173913043478,0.6647931728737054,0.5767168402671814,0.008133677139629338,0.11467072554518251
24,324,1,0.8804347826086957,0.6640752412924047,0.5669153928756714,0.008443120359831243,0.06361540645353146
24,325,1,0.8831521739130435,0.6630748073844795,0.5586345195770264,0.008869958600829588,0.035356988291820546
24,326,1,0.8858695652173914,0.6648168132359722,0.5687490105628967,0.0063625897929188695,-0.10875091866778308
24,327,1,0.8885869565217391,0.6660328924542458,0.5674176216125488,0.004650622735901165,-0.27344193639647746
24,328,1,0.8913043478260869,0.6717244972397991,0.563199520111084,0.0021012293756250415,-0.5366852516779144
24,329,1,0.8940217391304348,0.6766454028582476,0.5598216652870178,0.0037396437861169384,-0.41651189407906014
24,330,1,0.8967391304347826,0.6800858598738965,0.5623448491096497,0.0037874519333238065,-0.39190418644362196
24,331,1,0.8994565217391305,0.6803159974747632,0.5646731853485107,0.002146065662122194,-0.520791872439776
24,332,1,0.9021739130434783,0.6804412411167132,0.565287172794342,0.003245204738469868,-0.41699297027472854
24,333,1,0.904891304347826,0.6795473213260409,0.5705724358558655,0.006318310498370725,-0.09805760904657299
24,334,1,0.907608695652174,0.6769312366857554,0.5667852163314819,0.00965987475560456,0.17200330667609387
24,335,1,0.9103260869565217,0.6751800011121751,0.5637473464012146,0.010622454532149547,0.23412805374671958
24,336,1,0.9130434782608695,0.6730268909650234,0.5749823451042175,0.011491565588654214,0.40272117575646316
24,337,1,0.9157608695652174,0.6706936405063886,0.572081446647644,0.01197122850936663,0.4225145026482579
24,338,1,0.9184782608695652,0.6678554035747997,0.5677891373634338,0.01259604523604246,0.4441642974647605
24,339,1,0.9211956521739131,0.6652238036307311,0.5635349750518799,0.012958686902372115,0.4425409345995383
24,340,1,0.9239130434782609,0.6615159995583015,0.5752343535423279,0.014177441604440646,0.6463187720846545
24,341,1,0.9266304347826086,0.6559380202750947,0.5964815616607666,0.016877698035966976,1.0601893586261593
24,342,1,0.9293478260869565,0.6478119354526644,0.6013675928115845,0.021314877800573895,1.498597145781192
24,343,1,0.9320652173913043,0.6378031878998291,0.601485013961792,0.026312758322875274,1.9490545983450986
24,344,1,0.9347826086956522,0.624933228577188,0.6060757040977478,0.03232756371279091,2.526977937640338
24,345,1,0.9375,0.611695417209789,0.6234869956970215,0.036419682334911524,3.035160122423419
24,346,1,0.9402173913043478,0.588646967659873,0.6328787803649902,0.04840748111850113,4.188939642042011
24,347,1,0.9429347826086957,0.5283047191292718,0.6362451910972595,0.09395848770090451,8.312919174826426
24,348,1,0.9456521739130435,0.38728324042397116,0.6321393847465515,0.20760534921356577,18.50134094133167
24,349,1,0.9483695652173914,0.2523846222781053,0.6390964388847351,0.28309147032112747,25.346601986624567
24,350,1,0.9510869565217391,0.2026958213604343,0.6459683179855347,0.24295257250587754,21.791793532066293
24,351,1,0.9538043478260869,0.18125612824728798,0.7332159876823425,0.16790447904416417,15.744134521118587
24,352,1,0.9565217391304348,0.1660933529184515,0.7547383904457092,0.09630510665250468,9.477666559915399
24,353,1,0.9592391304347826,0.15763050549990365,0.7388840913772583,0.04947048219467262,5.137729044879979
24,354,1,0.9619565217391305,0.15165900892772297,0.7456799745559692,0.03175344957230286,3.5989450227901294
24,355,1,0.9646739130434783,0.1466129835826024,0.7435443997383118,0.02404027180924559,2.8880290129698967
24,356,1,0.967391304347826,0.14358431675995867,0.7416305541992188,0.018408152465717975,2.366069238481939
24,357,1,0.970108695652174,0.14037344272080407,0.7314602136611938,0.01599176746524934,2.066882252506793
24,358,1,0.9728260869565217,0.1369207175472329,0.7427038550376892,0.01513022694404564,2.079889087800487
24,359,1,0.9755434782608695,0.1333781991363876,0.7493235468864441,0.014988172509768413,2.1203911348650544
24,360,1,0.9782608695652174,0.1307184786779793,0.7530148029327393,0.01433919685662299,2.0917309020160832
